"url","pageType","region","primaryIntent","primaryKeyword","h1","title","metaDescription","mainWordCount","faqCount","internalLinkCount","primaryCta","introQuality","serviceDescriptionQuality","storyStructureQuality","possibleTextDuplicates","possibleLocationConflicts","possibleCannibalization","indexStatus","changePriority","grade","issues","minorIssues"
"/","Startseite","Düsseldorf und Regensburg","passenden Service und nächsten Schritt wählen","floxant dienstleistungen","Reinigung in Düsseldorf. Umzug und Service in Regensburg.","FLOXANT | Reinigung Düsseldorf & Services Regensburg","FLOXANT für Reinigung in Düsseldorf sowie Umzug, Räumung und Reinigung in Regensburg. Auftrag mit Ort, Umfang, Termin und Fotos anfragen.","701","11","16","Anfrage senden -> /kontakt?mode=neutral&source=global_homepage","ausreichend","gut","ausreichend","","","","index, follow","P0","A","",""
"/24h-umzug-bayern","Lokale Service-Seite","Bayern","Leistung verstehen und anfragen","kurzfristigen umzug in bayern prüfen","Umzug in Bayern","Kurzfristigen Umzug in Bayern prüfen","Kurzfristiger Umzug in Bayern? Region, Umfang, Zugang und Terminfenster senden. FLOXANT prüft die Machbarkeit. Fotos, Termin, Umfang und Preisrahmen direkt senden und Machbarkeit prüfen lassen.","2466","14","18","Budget nennen -> /anfrage-mit-preisrahmen","ausreichend","gut","gut","[object Object] | [object Object] | [object Object] | [object Object] | [object Object] | [object Object] | [object Object] | [object Object] | [object Object] | [object Object] | [object Object] | [object Object] | [object Object] | [object Object] | [object Object] | [object Object] | [object Object] | [object Object] | [object Object] | [object Object] | [object Object] | [object Object] | [object Object] | [object Object] | [object Object] | [object Object] | [object Object] | [object Object] | [object Object] | [object Object] | [object Object] | [object Object] | [object Object] | [object Object] | [object Object] | [object Object] | [object Object]","","h1 identisch mit /kleintransporte","index, follow","P1","A","",""
"/24h-umzugsservice","Service-Seite","überregional oder nicht ortsgebunden","Leistung verstehen und anfragen","kurzfristigen umzug anfragen","Kurzfristigen Umzug anfragen","Kurzfristigen Umzug anfragen | FLOXANT","Kurzfristigen Umzug in Bayern anfragen. FLOXANT prüft Wunschtermin, Umfang, Zugänge und verfügbare Kapazität. Fotos, Termin, Umfang und Preisrahmen direkt senden und Machbarkeit prüfen lassen.","386","0","11","Jetzt anfragen -> /buchung?service=umzug&utm_source=24h_umzugsservice&urgency=24h&contact=callback#buchungssystem","ausreichend","ausreichend","gut","[object Object] | [object Object]","","","index, follow","P1","B","",""
"/agb","Recht / Pflichtinformation","überregional oder nicht ortsgebunden","Pflichtangaben nachlesen","agb","Allgemeine Geschäftsbedingungen (AGB)","AGB – FLOXANT","Allgemeine Geschäftsbedingungen von FLOXANT. Fragen zu einer Leistung können Sie per WhatsApp oder Telefon klären: +49 1577 1105087. Fotos, Termin, Umfang und Preisrahmen direkt senden und Machbarkeit prüfen lassen.","564","0","0","","ausreichend","ausreichend","schwach","","","","index, follow","P2","B","",""
"/airbnb-turnover-express","Hub / Information","Regensburg","passenden Service und nächsten Schritt wählen","gästewechsel-service regensburg","Der nächste Gast kommt. FLOXANT macht das Apartment wieder bereit.","Gästewechsel-Service Regensburg | Ferienwohnung vorbereiten","Gästewechsel-Service von FLOXANT: Gästewechsel mit Reinigung, Kontrolle, Fotos, Schlüsselmanagement und Vorbereitung für Ferienwohnungen in Regensburg, Oberpfalz und Regensburg.","659","4","8","Anfrage starten -> /buchung?utm_source=airbnb-turnover-express&utm_medium=premium_landingpage&service=airbnb-turnover-express#buchungssystem","gut","ausreichend","gut","[object Object] | [object Object]","","","index, follow","P2","A","",""
"/akteneinlagerung-regensburg","Lokale Service-Seite","Regensburg","Leistung verstehen und anfragen","akteneinlagerung regensburg","Akten- & Archivlagerung in regensburg","Akteneinlagerung Regensburg: Umfang und Zugang prüfen","Menge, Kartonanzahl, gewünschte Dauer, Zugang und Zugriffswünsche für eine Akteneinlagerung in Regensburg anfragen; Verfügbarkeit wird geprüft.","2682","14","24","Budget nennen -> /anfrage-mit-preisrahmen","ausreichend","gut","gut","[object Object] | [object Object] | [object Object] | [object Object] | [object Object] | [object Object] | [object Object] | [object Object] | [object Object] | [object Object] | [object Object] | [object Object] | [object Object] | [object Object] | [object Object] | [object Object] | [object Object] | [object Object] | [object Object] | [object Object] | [object Object] | [object Object] | [object Object] | [object Object] | [object Object] | [object Object] | [object Object] | [object Object] | [object Object] | [object Object] | [object Object] | [object Object] | [object Object] | [object Object] | [object Object] | [object Object] | [object Object] | [object Object] | [object Object]","","","index, follow","P1","A","",""
"/alternativen","Hub / Information","überregional oder nicht ortsgebunden","passenden Service und nächsten Schritt wählen","floxant vs. wettbewerber","Die transparente Alternative.","FLOXANT vs. Wettbewerber | Der ehrliche Vergleich | Umzug Bayern","FLOXANT im Vergleich: nachvollziehbarer Preisrahmen, klare Leistungen und nachvollziehbare Umzugsplanung in Bayern. Fotos, Termin, Umfang und Preisrahmen direkt senden und Machbarkeit prüfen lassen.","60","0","2","Klarer als viele Pauschalen Wie Leistungsumfang, Preisrahmen und nächster Schritt besser vergleichbar werden. Zum Vergleich -> /alternativen/anbieter-regensburg","ausreichend","schwach","ausreichend","","","","index, follow","P2","B","",""
"/anbieter-vergleichen","Hub / Information","überregional oder nicht ortsgebunden","Angebot und Leistungsumfang prüfen","anbieter und angebote vergleichen","Anbieter vergleichen, ohne nur auf den Preis zu schauen.","Anbieter und Angebote vergleichen | FLOXANT","Angebote für Umzug, Reinigung, Entrümpelung und Entsorgung vergleichen: Preisrahmen, Umfang, Fotos, Zugang und offene Punkte einordnen.","3103","20","37","Angebot pruefen lassen -> /angebot-guenstiger-pruefen","gut","gut","gut","[object Object] | [object Object] | [object Object] | [object Object] | [object Object] | [object Object] | [object Object] | [object Object] | [object Object] | [object Object] | [object Object] | [object Object] | [object Object]","","","index, follow","P2","A","",""
"/anfrage-mit-preisrahmen","Hub / Information","überregional oder nicht ortsgebunden","passenden Service und nächsten Schritt wählen","preisvorschlag senden","Ihr Rahmen. Unsere ehrliche Einschätzung.","Preisvorschlag senden | FLOXANT Anfrage mit Budget","Eigenes Zielbudget nennen und trotzdem ehrlich prüfen lassen: Kundenwunsch und FLOXANT Orientierungsrahmen bleiben getrennt. Fotos, Termin, Umfang und Preisrahmen direkt senden und Machbarkeit prüfen lassen.","482","9","5","Weiterführend Rechner zur Orientierung -> /rechner","gut","gut","ausreichend","","","","index, follow","P2","B","",""
"/angebot-guenstiger-pruefen","Hub / Information","überregional oder nicht ortsgebunden","Angebot und Leistungsumfang prüfen","angebot prüfen lassen","Angebot prüfen lassen, bevor Sie vorschnell zusagen","Angebot prüfen lassen | FLOXANT Zweitmeinung","Angebot vor Zusage prüfen lassen: Preis, Umfang, Fotos, Termin und offene Punkte für Reinigung, Umzug, Entrümpelung, Entsorgung oder PV-Reinigung klären.","8352","39","104","Service-Angebot prüfen -> /kontakt?service=reinigung&city=duesseldorf&intent=reinigungsangebot-pruefen&source=seo","gut","gut","gut","[object Object] | [object Object] | [object Object] | [object Object] | [object Object] | [object Object] | [object Object] | [object Object] | [object Object] | [object Object] | [object Object] | [object Object] | [object Object] | [object Object]","","","index, follow","P0","A","",""
"/angebot-pruefen","Hub / Information","Regensburg","Angebot und Leistungsumfang prüfen","angebot prüfen lassen","Angebot in Regensburg prüfen lassen, bevor Umfang oder Preis unklar bleibt","Angebot prüfen lassen | Regensburg | FLOXANT","Angebot prüfen lassen in Regensburg: Reinigung im 50-km-Umkreis, Umzug, Entrümpelung oder Wohnungsauflösung sachlich einordnen.","516","7","4","Angebot prüfen lassen -> /buchung?region=regensburg&service=angebot-pruefen#buchungssystem","gut","ausreichend","ausreichend","[object Object] | [object Object] | [object Object] | [object Object] | [object Object]","","","index, follow","P2","B","",""
"/angebot-vergleichen-duesseldorf","Lokale Service-Seite","Düsseldorf","Angebot und Leistungsumfang prüfen","reinigungsangebote düsseldorf","10 Punkte für einen klaren Angebotsvergleich in Düsseldorf","Reinigungsangebote Düsseldorf: 10 Punkte vergleichen","Zwei Reinigungsangebote in Düsseldorf anhand von 10 Punkten vergleichen: Umfang, Fläche, Turnus, Zeiten, Zugang, Material und Zusatzkosten prüfen.","2929","19","23","Angebot prüfen lassen -> /angebot-guenstiger-pruefen#guenstiger-form","gut","gut","gut","[object Object] | [object Object] | [object Object] | [object Object] | [object Object] | [object Object] | [object Object] | [object Object]","","","index, follow","P1","A","",""
"/angebot-vergleichen-regensburg","Lokale Service-Seite","Regensburg","Angebot und Leistungsumfang prüfen","angebot vergleichen regensburg","Angebot aus Regensburg sachlich prüfen für Reinigung, Umzug oder Wohnungsauflösung","Angebot vergleichen Regensburg | Reinigung, Umzug & Räumung | FLOXANT","Angebot vergleichen Regensburg: Reinigung, Büroreinigung, Umzug, Wohnungsauflösung oder Entrümpelung mit Fotos sachlich prüfen.","2162","8","24","Schnelle Klärung und Angebotsprüfung -> /leistungen#regensburg-special","gut","gut","gut","[object Object] | [object Object] | [object Object] | [object Object] | [object Object] | [object Object] | [object Object] | [object Object] | [object Object] | [object Object] | [object Object] | [object Object] | [object Object] | [object Object] | [object Object] | [object Object] | [object Object] | [object Object] | [object Object] | [object Object] | [object Object] | [object Object]","","","index, follow","P1","A","",""
"/angebotscheck","Hub / Information","überregional oder nicht ortsgebunden","Angebot und Leistungsumfang prüfen","angebotscheck","Zwölf Punkte eines Angebots einzeln klären","Angebotscheck: 12 Punkte zum Leistungsumfang | FLOXANT","Vorhandenes Angebot für Reinigung, Umzug oder Räumung clientseitig prüfen: 12 Bereiche markieren, Rückfragen erstellen und Ergebnis übernehmen.","482","0","1","Neues Reinigungsangebot vorbereiten -> /reinigungsfirma-angebot","ausreichend","gut","ausreichend","","","","index, follow","P2","B","",""
"/beiladung","Hub / Information","Regensburg","passenden Service und nächsten Schritt wählen","beiladung regensburg","Beiladung und Möbel-Mitnahme in Bayern","Beiladung Regensburg | Möbeltransport fair mitnehmen","Einzelmöbel, Kartons oder kleine Mengen? Beiladung ab Regensburg und in Bayern prüfen, wenn Route und Zeitfenster passen. Fotos, Termin, Umfang und Preisrahmen direkt senden und Machbarkeit prüfen lassen.","264","9","5","Weiterführend Standard-Umzug ansehen -> /umzug","gut","ausreichend","schwach","","","","index, follow","P2","B","",""
"/beiladung-regensburg","Lokale Service-Seite","Regensburg","Leistung verstehen und anfragen","beiladung regensburg","Umzug in regensburg","Beiladung Regensburg: Route, Volumen und Zeitfenster prüfen","Start, Ziel, Maße, Volumen, Zugang und flexibles Zeitfenster für eine Beiladung ab oder nach Regensburg senden und die Machbarkeit prüfen lassen.","2569","14","24","Budget nennen -> /anfrage-mit-preisrahmen","ausreichend","gut","gut","[object Object] | [object Object] | [object Object] | [object Object] | [object Object] | [object Object] | [object Object] | [object Object] | [object Object] | [object Object] | [object Object] | [object Object] | [object Object] | [object Object] | [object Object] | [object Object] | [object Object] | [object Object] | [object Object] | [object Object] | [object Object] | [object Object] | [object Object] | [object Object] | [object Object] | [object Object] | [object Object] | [object Object] | [object Object] | [object Object] | [object Object] | [object Object] | [object Object] | [object Object] | [object Object] | [object Object] | [object Object] | [object Object] | [object Object]","","","index, follow","P1","A","",""
"/blog","Blog / Ratgeber","überregional oder nicht ortsgebunden","informieren und nächsten Schritt finden","floxant ratgeber","Leitfäden für Services, Preisrahmen und klare Entscheidungen","FLOXANT Ratgeber | Umzug, Reinigung & Preise","Praxisnahe Hilfe zu Umzug, Reinigung, Entrümpelung, Beiladung, Preisvorstellung und Serviceplanung in Düsseldorf und Regensburg. Fotos, Termin, Umfang und Preisrahmen direkt senden und Machbarkeit prüfen lassen.","9168","19","162","Buchung starten -> /buchung","ausreichend","gut","gut","","","","index, follow","P2","A","",""
"/blog/anbieter-hat-abgesagt-was-tun","Blog / Ratgeber","überregional oder nicht ortsgebunden","informieren und nächsten Schritt finden","anbieter abgesagt was tun?","Anbieter hat abgesagt: Was tun, wenn Termin oder Übergabe trotzdem naeher rücken?","Anbieter abgesagt was tun? | FLOXANT Plan B","Anbieter hat abgesagt: FLOXANT zeigt, welche Angaben jetzt wichtig sind und wie ein Plan B für Reinigung, Umzug, Entrümpelung oder Übergabe vorbereitet wird.","823","4","13","Kurzfristig anfragen -> /buchung","gut","gut","ausreichend","[object Object] | [object Object] | [object Object] | [object Object] | [object Object] | [object Object]","","","index, follow","P2","A","",""
"/blog/anfrage-regensburg-richtig-stellen","Blog / Ratgeber","Regensburg","informieren und nächsten Schritt finden","anfrage in regensburg richtig stellen","Anfrage in Regensburg richtig stellen: welche Angaben FLOXANT schneller helfen","Anfrage in Regensburg richtig stellen: so kommt FLOXANT schneller...","Welche Angaben bei Umzug, Reinigung, Entrümpelung oder Büroumzug in Regensburg die Vorprüfung schneller und die Rückmeldung klarer machen.","930","3","11","Buchung direkt starten -> /buchung","gut","gut","gut","[object Object] | [object Object] | [object Object] | [object Object] | [object Object] | [object Object]","","","index, follow","P2","A","",""
"/blog/angebot-anderer-firma-pruefen-regensburg","Blog / Ratgeber","Regensburg","informieren und nächsten Schritt finden","angebot anderer firma prüfen lassen","Angebot einer anderen Firma prüfen lassen: was FLOXANT praktisch klärt","Angebot anderer Firma prüfen lassen | FLOXANT Regensburg","Vor Zusage Preis, Umfang, Termin, Fotos und offene Punkte prüfen lassen: FLOXANT klärt Angebote für Umzug, Reinigung, Entrümpelung und Entsorgung in Regensburg, Umgebung und Regensburg.","998","3","13","Angebot günstiger oder passender prüfen -> /angebot-guenstiger-pruefen","gut","gut","ausreichend","[object Object] | [object Object] | [object Object] | [object Object] | [object Object] | [object Object]","","","index, follow","P2","A","",""
"/blog/angebot-ohne-besichtigung-riskant","Blog / Ratgeber","überregional oder nicht ortsgebunden","informieren und nächsten Schritt finden","angebot ohne besichtigung riskant?","Angebot ohne Besichtigung: Wann Fotos reichen und wann es riskant wird","Angebot ohne Besichtigung riskant? | FLOXANT","Angebot ohne Besichtigung: Wann Fotos, Video und klare Angaben reichen und welche Warnzeichen bei Reinigung, Umzug, Entsorgung oder PV-Reinigung wichtig sind.","853","3","13","Angebot mit Fotos prüfen -> /angebot-guenstiger-pruefen","gut","gut","ausreichend","[object Object] | [object Object] | [object Object] | [object Object] | [object Object] | [object Object]","","","index, follow","P2","A","",""
"/blog/angebot-pruefen-lassen-wann-floxant-sinnvoll-ist","Blog / Ratgeber","überregional oder nicht ortsgebunden","informieren und nächsten Schritt finden","angebot prüfen lassen","Angebot prüfen lassen: Wann FLOXANT als zweite Einschätzung sinnvoll ist","Angebot prüfen lassen | FLOXANT Angebotsprüfung","Wann Kunden ein fremdes Angebot für Umzug, Reinigung, Entrümpelung oder Entsorgung von FLOXANT prüfen lassen sollten und welche Punkte wirklich zählen.","862","4","11","Angebot prüfen lassen -> /angebot-guenstiger-pruefen","gut","gut","ausreichend","[object Object] | [object Object] | [object Object] | [object Object] | [object Object] | [object Object]","","","index, follow","P2","A","",""
"/blog/angebot-wirkt-zu-teuer-welche-fragen-stellen","Blog / Ratgeber","überregional oder nicht ortsgebunden","informieren und nächsten Schritt finden","angebot wirkt zu teuer? fragen vor der zusage","Angebot wirkt zu teuer: welche Fragen Kunden vor der Zusage stellen sollten","Angebot wirkt zu teuer? Fragen vor der Zusage | FLOXANT","Wenn ein Angebot zu teuer wirkt: welche Fragen zu Umfang, Fotos, Termin, Zugang und Zusatzkosten helfen, bevor Sie zusagen oder FLOXANT um eine zweite Einschätzung bitten.","831","3","11","Angebot prüfen lassen -> /angebot-guenstiger-pruefen","ausreichend","gut","ausreichend","[object Object] | [object Object] | [object Object] | [object Object] | [object Object] | [object Object]","","","index, follow","P2","A","",""
"/blog/auszug-checkliste-regensburg","Blog / Ratgeber","Regensburg","informieren und nächsten Schritt finden","auszug checkliste regensburg","Checkliste für den Auszug in Regensburg: Reinigung, Schlüssel, Restpunkte","Auszug Checkliste Regensburg | FLOXANT","Eine klare Auszugscheckliste für Regensburg: Was vor Endreinigung, Wohnungsuebergabe und Schlüsselabgabe wichtig ist. Fotos, Termin, Umfang und Preisrahmen direkt senden und Machbarkeit prüfen lassen.","917","4","14","Angebot prüfen -> /angebot-guenstiger-pruefen","ausreichend","gut","gut","[object Object] | [object Object] | [object Object] | [object Object] | [object Object] | [object Object] | [object Object] | [object Object] | [object Object] | [object Object] | [object Object] | [object Object] | [object Object] | [object Object] | [object Object]","","","index, follow","P2","A","",""
"/blog/baustaub-nach-renovierung-reihenfolge","Blog / Ratgeber","überregional oder nicht ortsgebunden","informieren und nächsten Schritt finden","baustaub nach renovierung entfernen","Baustaub nach Renovierung entfernen: Die Reihenfolge zählt","Baustaub nach Renovierung entfernen | FLOXANT","Warum Baustaub nicht mit normalem Putzen verschwindet und welche Reihenfolge nach Renovierung sinnvoll ist. Fotos, Termin, Umfang und Preisrahmen direkt senden und Machbarkeit prüfen lassen.","891","4","11","Angebot prüfen -> /angebot-guenstiger-pruefen","ausreichend","ausreichend","gut","[object Object] | [object Object] | [object Object] | [object Object] | [object Object] | [object Object] | [object Object] | [object Object]","","","index, follow","P2","A","",""
"/blog/beiladung-bayern-wann-lohnt-es-sich","Blog / Ratgeber","Bayern","informieren und nächsten Schritt finden","beiladung in bayern richtig einordnen","Beiladung in Bayern: wann sie sich wirklich lohnt","Beiladung in Bayern richtig einordnen | FLOXANT","Beiladung für Bayern richtig einordnen: Vorteile, Grenzen, Preisfaktoren und wann ein eigener Umzug sinnvoller ist. Fotos, Termin, Umfang und Preisrahmen direkt senden und Machbarkeit prüfen lassen.","829","5","12","Angebot prüfen -> /angebot-guenstiger-pruefen","gut","gut","ausreichend","[object Object] | [object Object] | [object Object] | [object Object] | [object Object] | [object Object]","","","index, follow","P2","A","",""
"/blog/berufsumzug-wenig-zeit","Blog / Ratgeber","überregional oder nicht ortsgebunden","informieren und nächsten Schritt finden","berufsumzug mit wenig zeit","Berufsumzug mit wenig Zeit: Wenn der neue Job beginnt, bevor die alte Wohnung abgeschlossen ist","Berufsumzug mit wenig Zeit | FLOXANT","Wie FLOXANT Berufsumzüge unterstützt, wenn Arbeit, neue Stadt, alte Wohnung, Reinigung, Schlüssel und Übergabe gleichzeitig organisiert werden müssen.","1231","6","16","Angebot prüfen -> /angebot-guenstiger-pruefen","gut","gut","gut","[object Object] | [object Object] | [object Object] | [object Object] | [object Object] | [object Object]","","","index, follow","P2","A","",""
"/blog/besseres-guenstigeres-angebot-floxant-pruefen","Blog / Ratgeber","überregional oder nicht ortsgebunden","informieren und nächsten Schritt finden","besseres günstigeres angebot prüfen","Besseres oder günstigeres Angebot gesucht? So prüft FLOXANT deine Anfrage","Besseres günstigeres Angebot prüfen | FLOXANT","Für Kunden, die ein vorhandenes Angebot für Umzug, Reinigung, Entrümpelung oder Entsorgung praktisch prüfen lassen möchten. Fotos, Termin, Umfang und Preisrahmen direkt senden und Machbarkeit prüfen lassen.","909","3","12","Angebot günstiger prüfen -> /angebot-guenstiger-pruefen","ausreichend","gut","gut","[object Object] | [object Object] | [object Object] | [object Object] | [object Object] | [object Object]","","","index, follow","P2","A","",""
"/blog/billige-umzugsangebote-risiko","Blog / Ratgeber","überregional oder nicht ortsgebunden","informieren und nächsten Schritt finden","billige umzugsangebote und ihr risiko","Warum billige Umzugsangebote am Ende teuer werden können","Billige Umzugsangebote und ihr Risiko | FLOXANT","Warum Lockpreise ohne saubere Prüfung zu Nachforderungen, Zeitdruck und Leistungsproblemen führen können und wie FLOXANT realistischer kalkuliert.","1320","6","15","Preisrahmen prüfen -> /rechner","ausreichend","gut","gut","[object Object] | [object Object] | [object Object] | [object Object] | [object Object] | [object Object]","","","index, follow","P2","A","",""
"/blog/budget-planung-umzug-kosten","Blog / Ratgeber","überregional oder nicht ortsgebunden","informieren und nächsten Schritt finden","budgetplanung beim umzug","Budgetplanung beim Umzug: Preisvorstellung richtig nutzen","Budgetplanung beim Umzug | Preisvorstellung richtig nutzen","Wie Kunden ein Zielbudget für Umzug, Reinigung oder Entrümpelung sinnvoll angeben, ohne falsche Preisversprechen zu erzeugen. Fotos, Termin, Umfang und Preisrahmen direkt senden und Machbarkeit prüfen lassen.","842","3","14","Preisvorstellung senden -> /anfrage-mit-preisrahmen","gut","gut","gut","[object Object] | [object Object] | [object Object] | [object Object] | [object Object] | [object Object]","","","index, follow","P2","A","",""
"/blog/buero-praxisreinigung-regensburg-angebot","Blog / Ratgeber","Regensburg","informieren und nächsten Schritt finden","büro- und praxisreinigung regensburg angebot","Büro- und Praxisreinigung in Regensburg: welches Angebot wirklich passt","Büro- und Praxisreinigung Regensburg Angebot | FLOXANT","Büroreinigung, Büro putzen und Praxisreinigung in Regensburg oder Regensburg: FLOXANT hilft, Angebot, Turnus, Fläche, Zugang und Leistungsumfang richtig einzuordnen.","879","3","14","Angebot prüfen -> /angebot-guenstiger-pruefen","gut","gut","gut","[object Object] | [object Object] | [object Object] | [object Object] | [object Object] | [object Object]","","","index, follow","P2","A","",""
"/blog/buero-reinigen-regensburg-bueroreinigung-angebot","Blog / Ratgeber","Regensburg","informieren und nächsten Schritt finden","bübüro reinigen in regensburg","BüBüro reinigen in Regensburg: Angebot für Büroreinigung richtig anfragen","BüBüro reinigen in Regensburg | Büroreinigung Angebot richtig...","Büroreinigung in Regensburg kundennah anfragen: Raumliste, Arbeitsplätze, Sanitär, Küche, Boden, Turnus, Zugang, Fotos und Angebot sauber klären.","1042","4","14","Angebot prüfen -> /angebot-guenstiger-pruefen","gut","gut","ausreichend","[object Object] | [object Object] | [object Object] | [object Object] | [object Object] | [object Object]","","","index, follow","P2","A","",""
"/blog/bueroreinigung-regensburg-angebot-einholen","Blog / Ratgeber","Regensburg","informieren und nächsten Schritt finden","büroreinigung in regensburg anfragen","Büroreinigung in Regensburg anfragen: welche Angaben vor dem Angebot zählen","Büroreinigung in Regensburg anfragen: welche Angaben vor dem...","Welche Angaben zu Fläche, Turnus, Zugang und Randzeiten aus einer Anfrage zur Büroreinigung schneller ein belastbares Angebot machen. Fotos, Termin, Umfang und Preisrahmen direkt senden und Machbarkeit prüfen lassen.","915","3","14","Büroreinigung anfragen -> /regensburg/bueroreinigung","gut","gut","gut","[object Object] | [object Object] | [object Object] | [object Object] | [object Object] | [object Object]","","","index, follow","P2","A","",""
"/blog/bueroumzug-bayern-ohne-betriebsstillstand","Blog / Ratgeber","Bayern","informieren und nächsten Schritt finden","büroumzug in bayern ohne chaos","Büroumzug in Bayern ohne Chaos: so bleibt der Betrieb besser handlungsfähig","Büroumzug in Bayern ohne Chaos | FLOXANT","Wie Unternehmen in Bayern Arbeitsplätze, IT, Zugang und Zeitfenster so planen, dass ein Büroumzug den Betrieb nicht unnötig ausbremst. Fotos, Termin, Umfang und Preisrahmen direkt senden und Machbarkeit prüfen lassen.","871","3","13","Angebot prüfen -> /angebot-guenstiger-pruefen","ausreichend","gut","ausreichend","[object Object] | [object Object] | [object Object] | [object Object] | [object Object] | [object Object]","","","index, follow","P2","A","",""
"/blog/bueroumzug-regensburg-kostenfaktoren-checkliste","Blog / Ratgeber","Regensburg","informieren und nächsten Schritt finden","büroumzug regensburg","Büroumzug in Regensburg: Kostenfaktoren und Checkliste","Büroumzug Regensburg | Kostenfaktoren & Checkliste","Büroumzug in Regensburg realistisch vorbereiten: Arbeitsplätze, IT, Archiv, Zugang, Zeitfenster und Kostentreiber sauber prüfen. Fotos, Termin, Umfang und Preisrahmen direkt senden und Machbarkeit prüfen lassen.","784","3","13","Angebot prüfen -> /angebot-guenstiger-pruefen","ausreichend","gut","gut","[object Object] | [object Object] | [object Object] | [object Object] | [object Object] | [object Object]","","","index, follow","P2","A","",""
"/blog/direkt-anfragen-statt-vergleichsportal-regensburg","Blog / Ratgeber","Regensburg","informieren und nächsten Schritt finden","direkt anfragen statt vergleichsportal","Direkt anfragen statt Vergleichsportal: warum klare Buchungswege besser sind","Direkt anfragen statt Vergleichsportal | FLOXANT Regensburg","Warum direkte Kontaktwege für Umzug, Reinigung und Entrümpelung oft schneller, ehrlicher und planbarer sind als Vergleichsportale. Fotos, Termin, Umfang und Preisrahmen direkt senden und Machbarkeit prüfen lassen.","851","3","15","Angebot prüfen -> /angebot-guenstiger-pruefen","ausreichend","gut","ausreichend","[object Object] | [object Object] | [object Object] | [object Object] | [object Object] | [object Object]","","","index, follow","P2","A","",""
"/blog/diskreter-umzug-sensible-situationen","Blog / Ratgeber","überregional oder nicht ortsgebunden","informieren und nächsten Schritt finden","diskreter umzug in sensiblen situationen","Diskreter Umzug in sensiblen Situationen: Ruhig, klar, ohne große Worte","Diskreter Umzug in sensiblen Situationen | FLOXANT","Wie FLOXANT Umzüge in sensiblen Lebenssituationen ruhig, sachlich und mit klarer Kommunikation plant, ohne unnötige Fragen oder laute Inszenierung.","1259","6","13","Angebot prüfen -> /angebot-guenstiger-pruefen","ausreichend","gut","gut","[object Object] | [object Object] | [object Object] | [object Object] | [object Object] | [object Object]","","","index, follow","P2","A","",""
"/blog/einlagerung-beim-umzug-wann-sinnvoll","Blog / Ratgeber","überregional oder nicht ortsgebunden","informieren und nächsten Schritt finden","einlagerung beim umzug richtig einordnen","Einlagerung beim Umzug: wann sie sinnvoll ist und wann nicht","Einlagerung beim Umzug richtig einordnen | FLOXANT","Wann ist Einlagerung beim Umzug sinnvoll? FLOXANT erklärt typische Fälle, Preisfaktoren und warum sie oft mehr Ruhe in den Ablauf bringt.","739","3","14","Angebot prüfen -> /angebot-guenstiger-pruefen","gut","gut","gut","[object Object] | [object Object] | [object Object] | [object Object] | [object Object] | [object Object]","","","index, follow","P2","A","",""
"/blog/empfang-kueche-sanitaer-montag","Blog / Ratgeber","überregional oder nicht ortsgebunden","informieren und nächsten Schritt finden","montag büroreinigung sichtbereiche","Empfang, Küche, Sanitär: was Mitarbeitende Montag sofort sehen","Montag Büroreinigung Sichtbereiche | FLOXANT","Welche Bereiche in Büros und Praxen für den ersten Eindruck am Montag besonders relevant sind. Fotos, Termin, Umfang und Preisrahmen direkt senden und Machbarkeit prüfen lassen.","862","4","11","Angebot prüfen -> /angebot-guenstiger-pruefen","ausreichend","ausreichend","gut","[object Object] | [object Object] | [object Object] | [object Object] | [object Object] | [object Object] | [object Object] | [object Object]","","","index, follow","P2","A","",""
"/blog/endreinigung-regensburg-checkliste","Blog / Ratgeber","Regensburg","informieren und nächsten Schritt finden","endreinigung in regensburg","Endreinigung in Regensburg: die kurze Checkliste vor der Übergabe","Endreinigung in Regensburg: Checkliste für Wohnung und Übergabe |...","Welche Punkte sind bei einer Endreinigung in Regensburg wirklich wichtig? Checkliste, Preisfaktoren, Ablauf und typische Fehler vor der Übergabe.","816","5","13","Angebot prüfen -> /angebot-guenstiger-pruefen","gut","gut","ausreichend","[object Object] | [object Object] | [object Object] | [object Object] | [object Object] | [object Object]","","","index, follow","P2","A","",""
"/blog/entruempelung-bayern-leitfaden","Blog / Ratgeber","Bayern","informieren und nächsten Schritt finden","entrümpelung in bayern planen","Haushaltsauflösung und Entrümpelung in Bayern seriös planen","Entrümpelung in Bayern planen: Umfang, Freigabe, Entsorgung","Entrümpelung und Haushaltsauflösung mit Räumen, Fotos, Freigaben, Materialarten, Zugang, Reinigung und Zielzustand nachvollziehbar vorbereiten.","405","0","3","Entrümpelung anfragen -> /kontakt?service=entruempelung&intent=entruempelung-bayern-leitfaden&source=blog","ausreichend","gut","gut","","","","index, follow","P2","B","",""
"/blog/entruempelung-endreinigung-regensburg","Blog / Ratgeber","Regensburg","informieren und nächsten Schritt finden","entrümpelung und endreinigung in regensburg","Entrümpelung und Endreinigung in Regensburg: Wenn eine Wohnung nicht nur leer, sondern abschließbar sein muss","Entrümpelung und Endreinigung in Regensburg | FLOXANT","Warum Entrümpelung und Endreinigung vor Übergaben in Regensburg zusammen geplant werden sollten und wie FLOXANT passende Einsätze realistisch prüft.","1282","6","13","Angebot prüfen -> /angebot-guenstiger-pruefen","gut","gut","ausreichend","[object Object] | [object Object] | [object Object] | [object Object] | [object Object] | [object Object]","","","index, follow","P2","A","",""
"/blog/entruempelung-endreinigung-uebergabe-regensburg-kombinieren","Blog / Ratgeber","Regensburg","informieren und nächsten Schritt finden","entrümpelung und endreinigung regensburg kombinieren","Entrümpelung, Endreinigung und Übergabe in Regensburg kombinieren","Entrümpelung und Endreinigung Regensburg kombinieren | FLOXANT","Wann es sinnvoll ist, Entrümpelung, Endreinigung, Restmengen, Fotos und Wohnungsübergabe in Regensburg gemeinsam zu planen. Fotos, Termin, Umfang und Preisrahmen direkt senden und Machbarkeit prüfen lassen.","880","4","15","Angebot prüfen -> /angebot-guenstiger-pruefen","gut","gut","gut","[object Object] | [object Object] | [object Object] | [object Object] | [object Object] | [object Object]","","","index, follow","P2","A","",""
"/blog/entruempelung-regensburg-angebot-haushaltsaufloesung-pruefen","Blog / Ratgeber","Regensburg","informieren und nächsten Schritt finden","entrümpelung regensburg angebot prüfen","Entrümpelung Regensburg Angebot prüfen: Haushaltsauflösung, Container und Reinigung danach","Entrümpelung Regensburg Angebot prüfen | FLOXANT","So wird ein Angebot für Entrümpelung, Haushaltsauflösung oder Container in Regensburg mit Menge, Zugang, Fotos und Endzustand vergleichbar.","764","3","14","Angebot prüfen -> /angebot-guenstiger-pruefen","gut","gut","gut","[object Object] | [object Object] | [object Object] | [object Object] | [object Object] | [object Object]","","","index, follow","P2","A","",""
"/blog/entruempelung-vor-wohnungsuebergabe","Blog / Ratgeber","überregional oder nicht ortsgebunden","informieren und nächsten Schritt finden","entrümpelung vor wohnungsübergabe","Entrümpelung vor der Wohnungsübergabe: Wenn Räume wieder entscheidbar werden müssen","Entrümpelung vor Wohnungsübergabe | FLOXANT","Warum Restgegenstände, Keller, Garage oder Balkon eine Wohnungsübergabe blockieren können und wie FLOXANT Räumung, Entsorgung und Vorbereitung koordiniert.","1362","6","15","Entrümpelung anfragen -> /entruempelung","gut","gut","ausreichend","[object Object] | [object Object] | [object Object] | [object Object] | [object Object] | [object Object]","","","index, follow","P2","A","",""
"/blog/entruempelungsangebot-pruefen-serioes","Blog / Ratgeber","überregional oder nicht ortsgebunden","informieren und nächsten Schritt finden","entrümpelungsangebot prüfen","Entrümpelungsangebot prüfen: Menge, Material und Zugang serioes einschätzen","Entrümpelungsangebot prüfen | FLOXANT","Entrümpelungsangebot prüfen: Welche Angaben zu Menge, Material, Etage, Keller, Garage, Fotos, Entsorgung und Reinigung vor einer Zusage wichtig sind.","788","3","12","Entrümpelungsangebot prüfen -> /angebot-guenstiger-pruefen","gut","gut","ausreichend","[object Object] | [object Object] | [object Object] | [object Object] | [object Object] | [object Object]","","","index, follow","P2","A","",""
"/blog/entruempelungsfirma-regensburg-finden","Blog / Ratgeber","Regensburg","informieren und nächsten Schritt finden","entrümpelungsfirma finden regensburg & bayern","Entrümpelungsfirma finden: Regensburg, Germering und Bayern mit Fotos realistisch prüfen","Entrümpelungsfirma finden Regensburg & Bayern | FLOXANT","Wie Kunden eine Entrümpelungsfirma für Regensburg, Germering und Regensburg mit Menge, Fotos, Zugang, Termin und Reinigung danach sauber anfragen.","848","3","13","Angebot prüfen -> /angebot-guenstiger-pruefen","gut","gut","gut","[object Object] | [object Object] | [object Object] | [object Object] | [object Object] | [object Object]","","","index, follow","P2","A","",""
"/blog/entrumpelung-kosten-bayern","Blog / Ratgeber","Bayern","informieren und nächsten Schritt finden","entrümpelungskosten in bayern realistisch einschätzen","Entrümpelung in Bayern: Kosten, Planung und Wertanrechnung","Entrümpelungskosten in Bayern realistisch einschätzen","Welche Angaben den Aufwand einer Entrümpelung bestimmen: Menge, Material, Etage, Laufweg, Zufahrt, Sortierung, Entsorgung und Zielzustand.","356","0","4","Entrümpelung Regensburg prüfen -> /regensburg/entruempelung","gut","gut","ausreichend","","","","index, follow","P2","B","",""
"/blog/entsorgungsangebot-pruefen-regensburg-regensburg","Blog / Ratgeber","Regensburg","informieren und nächsten Schritt finden","entsorgungsangebot prüfen","Entsorgungsangebot prüfen lassen: Menge, Material, Zugang und Reinigung danach","Entsorgungsangebot prüfen | FLOXANT Düsseldorf & Regensburg","Entsorgungsangebot prüfen lassen: FLOXANT klärt Menge, Material, Zugang, Fotos, Termin, Keller, Garage und Reinigung danach in Düsseldorf, Regensburg und Umgebung.","854","3","14","Entsorgungsangebot prüfen -> /angebot-guenstiger-pruefen","gut","gut","gut","[object Object] | [object Object] | [object Object] | [object Object] | [object Object] | [object Object]","","","index, follow","P2","A","",""
"/blog/express-umzug-regensburg","Blog / Ratgeber","Regensburg","informieren und nächsten Schritt finden","express-umzug in regensburg realistisch vorbereiten","Express-Umzug in Regensburg: was kurzfristig wirklich machbar ist","Express-Umzug in Regensburg realistisch vorbereiten | FLOXANT","Was ist bei einem Express-Umzug in Regensburg wirklich machbar? FLOXANT erklärt, welche Angaben für eine schnelle und saubere Vorprüfung nötig sind.","773","3","12","Express-Anfrage öffnen -> /express-anfrage","ausreichend","gut","gut","[object Object] | [object Object] | [object Object] | [object Object] | [object Object] | [object Object]","","","index, follow","P2","A","",""
"/blog/familienbesuch-ohne-putzpanik","Blog / Ratgeber","überregional oder nicht ortsgebunden","informieren und nächsten Schritt finden","familienbesuch ohne putzpanik","Familienbesuch ohne Putzpanik vorbereiten","Familienbesuch ohne Putzpanik | FLOXANT","Wie man vor Familienbesuch die Wohnung realistisch vorbereitet, ohne sich an jeder Ecke aufzureiben. Fotos, Termin, Umfang und Preisrahmen direkt senden und Machbarkeit prüfen lassen.","902","4","11","Angebot prüfen -> /angebot-guenstiger-pruefen","ausreichend","ausreichend","gut","[object Object] | [object Object] | [object Object] | [object Object] | [object Object] | [object Object] | [object Object] | [object Object] | [object Object] | [object Object] | [object Object] | [object Object] | [object Object] | [object Object]","","","index, follow","P2","A","",""
"/blog/family-office-umzug-bayern-diskret-abstimmen","Blog / Ratgeber","Bayern","informieren und nächsten Schritt finden","family office und private client in bayern","Family Office und Private Client in Bayern: wie diskrete Umzüge sauber abgestimmt werden","Family Office und Private Client in Bayern | Diskrete Umzüge...","Wie Eigentümer, Assistenz und Family Office sensible Umzüge, Übergaben und Schutzbedarf in Bayern diskret und sauber koordinieren. Fotos, Termin, Umfang und Preisrahmen direkt senden und Machbarkeit prüfen lassen.","893","3","12","Angebot prüfen -> /angebot-guenstiger-pruefen","ausreichend","gut","gut","[object Object] | [object Object] | [object Object] | [object Object] | [object Object] | [object Object]","","","index, follow","P2","A","",""
"/blog/fensterreinigung-regensburg-angebot-aufwand","Blog / Ratgeber","Regensburg","informieren und nächsten Schritt finden","fensterreinigung regensburg angebot & aufwand","Fensterreinigung Regensburg: was Aufwand und Termin beeinflusst","Fensterreinigung Regensburg Angebot & Aufwand | FLOXANT","Fensterreinigung und Glasreinigung in Regensburg richtig anfragen: Glasfläche, Etage, Rahmen, Zugang, Verschmutzung, Termin und Angebot prüfen.","728","3","15","Angebot prüfen -> /angebot-guenstiger-pruefen","gut","gut","ausreichend","[object Object] | [object Object] | [object Object] | [object Object] | [object Object] | [object Object]","","","index, follow","P2","A","",""
"/blog/fernumzug-bayern-nrw-tipps","Blog / Ratgeber","Bayern","informieren und nächsten Schritt finden","fernumzug von bayern nach nrw","Fernumzug von Bayern nach NRW: Der komplette Guide","Fernumzug von Bayern nach NRW: Ablauf, Kosten & Tipps | FLOXANT...","Fernumzug von regensburg oder Bayern nach Nordrhein-Westfalen? Alles über Kosten, Ablauf, Beiladung und saubere Planung. Unverbindlich anfragen oder Preisrahmen prüfen.","312","2","7","Angebot anfordern → -> /umzug","gut","ausreichend","ausreichend","","","","index, follow","P2","B","",""
"/blog/firmenentsorgung-buero-inventar-regensburg","Blog / Ratgeber","Regensburg","informieren und nächsten Schritt finden","firmenentsorgung regensburg","Firmenentsorgung in Regensburg: Büroinventar sauber abholen lassen","Firmenentsorgung Regensburg | Büroinventar entsorgen","Büroinventar, Möbel, Kartons und normale Gewerbegegenstände in Regensburg entsorgen lassen: was möglich ist und was FLOXANT vorprüft. Fotos, Termin, Umfang und Preisrahmen direkt senden und Machbarkeit prüfen lassen.","787","3","13","Angebot prüfen -> /angebot-guenstiger-pruefen","ausreichend","gut","ausreichend","[object Object] | [object Object] | [object Object] | [object Object] | [object Object] | [object Object]","","","index, follow","P2","A","",""
"/blog/floxant-regensburg-regensburg-wo-taetig","Blog / Ratgeber","Regensburg","informieren und nächsten Schritt finden","floxant düsseldorf & regensburg","Ist FLOXANT in Düsseldorf und Regensburg tätig? Die klare Antwort für Kunden","FLOXANT Düsseldorf & Regensburg | Wo ist FLOXANT tätig?","Klare Einordnung: FLOXANT ist in Düsseldorf und Regensburg breit tätig, in Regensburg separat für Reinigung und Entsorgung. Fotos, Termin, Umfang und Preisrahmen direkt senden und Machbarkeit prüfen lassen.","935","3","10","Angebot prüfen -> /angebot-guenstiger-pruefen","ausreichend","gut","ausreichend","[object Object] | [object Object] | [object Object] | [object Object] | [object Object] | [object Object]","","","index, follow","P2","A","",""
"/blog/floxant-services-nach-situation-finden","Blog / Ratgeber","überregional oder nicht ortsgebunden","informieren und nächsten Schritt finden","floxant services nach situation finden","FLOXANT Services nach Situation finden: welcher Startpunkt passt wirklich?","FLOXANT Services nach Situation finden | Umzug, Reinigung,...","Kundennaher Überblick über FLOXANT Leistungen: Regensburg für Umzug, Reinigung, Entrümpelung und Objektfälle sowie Düsseldorf für Reinigung und Angebotsprüfung.","1154","6","15","Angebot prüfen -> /angebot-guenstiger-pruefen","gut","gut","gut","[object Object] | [object Object] | [object Object] | [object Object] | [object Object] | [object Object]","","","index, follow","P2","A","",""
"/blog/geruchsproblem-dokumentieren-statt-ueberdecken","Blog / Ratgeber","überregional oder nicht ortsgebunden","informieren und nächsten Schritt finden","geruchsproblem dokumentieren","Geruchsproblem dokumentieren statt ueberdecken","Geruchsproblem dokumentieren | FLOXANT","Wie Kunden Geruchsprobleme vor Reinigung oder Übergabe sinnvoll beschreiben, ohne falsche Garantien zu erwarten. Fotos, Termin, Umfang und Preisrahmen direkt senden und Machbarkeit prüfen lassen.","931","4","11","Angebot prüfen -> /angebot-guenstiger-pruefen","ausreichend","ausreichend","gut","[object Object] | [object Object] | [object Object] | [object Object] | [object Object] | [object Object] | [object Object] | [object Object] | [object Object] | [object Object] | [object Object] | [object Object] | [object Object] | [object Object] | [object Object] | [object Object] | [object Object]","","","index, follow","P2","A","",""
"/blog/gerueche-in-wohnung-vor-uebergabe","Blog / Ratgeber","überregional oder nicht ortsgebunden","informieren und nächsten Schritt finden","gerueche vor wohnungsuebergabe","Gerueche in der Wohnung vor der Übergabe richtig einordnen","Gerueche vor Wohnungsuebergabe | FLOXANT","Warum Geruch vor einer Wohnungsuebergabe ernst genommen werden sollte und wie Reinigung, Lueftung und Quellenpruefung zusammenhängen. Fotos, Termin, Umfang und Preisrahmen direkt senden und Machbarkeit prüfen lassen.","923","4","11","Angebot prüfen -> /angebot-guenstiger-pruefen","ausreichend","ausreichend","gut","[object Object] | [object Object] | [object Object] | [object Object] | [object Object] | [object Object] | [object Object] | [object Object] | [object Object] | [object Object] | [object Object] | [object Object] | [object Object] | [object Object] | [object Object] | [object Object] | [object Object]","","","index, follow","P2","A","",""
"/blog/gewerbe-auszug-rueckgabevorbereitung","Blog / Ratgeber","überregional oder nicht ortsgebunden","informieren und nächsten Schritt finden","gewerbe-auszug mit rückgabevorbereitung","Gewerbe-Auszug mit Rückgabevorbereitung: Wenn Betrieb, Rückbau und Übergabe zusammenpassen müssen","Gewerbe-Auszug mit Rückgabevorbereitung | FLOXANT","Warum gewerbliche Auszüge mehr Planung brauchen als Transport und wie FLOXANT Räumung, Reinigung, Transport und Übergabevorbereitung nach Absprache unterstützt.","1233","6","15","Gewerbe-Auszug anfragen -> /umzug","ausreichend","gut","gut","[object Object] | [object Object] | [object Object] | [object Object] | [object Object] | [object Object]","","","index, follow","P2","A","",""
"/blog/gewerbeflaechen-vor-wochenstart-vorbereiten","Blog / Ratgeber","überregional oder nicht ortsgebunden","informieren und nächsten Schritt finden","gewerbeflächen wochenstart reinigung","Gewerbeflächen vor dem Wochenstart richtig vorbereiten","Gewerbeflächen Wochenstart Reinigung | FLOXANT","Wie Gewerbeflächen in Regensburg mit klaren Reinigungszonen, Zeitfenstern und Ansprechpartnern vorbereitet werden. Fotos, Termin, Umfang und Preisrahmen direkt senden und Machbarkeit prüfen lassen.","850","4","14","Angebot prüfen -> /angebot-guenstiger-pruefen","ausreichend","ausreichend","gut","[object Object] | [object Object] | [object Object] | [object Object] | [object Object] | [object Object] | [object Object] | [object Object]","","","index, follow","P2","A","",""
"/blog/gewerbereinigung-regensburg-objekte-b2b","Blog / Ratgeber","Regensburg","informieren und nächsten Schritt finden","gewerbereinigung in regensburg für große objekte richtig anfragen...","Gewerbereinigung in Regensburg für große Objekte richtig anfragen","Gewerbereinigung in Regensburg für große Objekte richtig anfragen...","Wie Büro, Praxis, Hotel, Kanzlei, Hausverwaltung und größere Objekte in Regensburg eine B2B-Reinigung sauber und wirtschaftlich anfragen.","816","3","15","Hotelreinigung prüfen -> /hotelreinigung-regensburg","gut","gut","ausreichend","[object Object] | [object Object] | [object Object] | [object Object] | [object Object] | [object Object]","","","index, follow","P2","A","",""
"/blog/google-maps-buchungslink-regensburg","Blog / Ratgeber","Regensburg","informieren und nächsten Schritt finden","google maps buchungslink in regensburg","Google Maps Buchungslink in Regensburg: worauf es für klare Anfragen ankommt","Google Maps Buchungslink in Regensburg: worauf es ankommt | FLOXANT","Wie ein klarer Buchungslink für Google Maps, direkte Empfehlungen und lokale Suchanfragen mehr Vertrauen und bessere Anfragen erzeugt. Fotos, Termin, Umfang und Preisrahmen direkt senden und Machbarkeit prüfen lassen.","907","3","10","Angebot prüfen -> /angebot-guenstiger-pruefen","gut","gut","ausreichend","[object Object] | [object Object] | [object Object] | [object Object] | [object Object] | [object Object]","","","index, follow","P2","A","",""
"/blog/google-maps-regensburg-direkt-anfragen","Blog / Ratgeber","Regensburg","informieren und nächsten Schritt finden","in google maps direkt anfragen","In Google Maps direkt anfragen: warum ein klarer Buchungsweg in Regensburg mehr Vertrauen schafft","In Google Maps direkt anfragen: klarer Buchungsweg für Regensburg","Warum ein eindeutiger Buchungsweg in Google Maps für Regensburg mehr Vertrauen und passendere Anfragen schafft. Fotos, Termin, Umfang und Preisrahmen direkt senden und Machbarkeit prüfen lassen.","878","3","10","Angebot prüfen -> /angebot-guenstiger-pruefen","gut","gut","ausreichend","[object Object] | [object Object] | [object Object] | [object Object] | [object Object] | [object Object]","","","index, follow","P2","A","",""
"/blog/google-unternehmensprofil-buchungslink-regensburg","Blog / Ratgeber","Regensburg","informieren und nächsten Schritt finden","google-unternehmensprofil in regensburg","Google-Unternehmensprofil in Regensburg: welcher Buchungslink Kunden wirklich hilft","Google-Unternehmensprofil in Regensburg: welcher Buchungslink...","Warum ein klarer Buchungslink im Google-Unternehmensprofil mehr Vertrauen schafft und passendere Anfragen bringt. Fotos, Termin, Umfang und Preisrahmen direkt senden und Machbarkeit prüfen lassen.","890","3","10","Angebot prüfen -> /angebot-guenstiger-pruefen","gut","gut","gut","[object Object] | [object Object] | [object Object] | [object Object] | [object Object] | [object Object]","","","index, follow","P2","A","",""
"/blog/grosse-reinigungsauftraege-regensburg-buero-hotel-praxis","Blog / Ratgeber","Regensburg","informieren und nächsten Schritt finden","große reinigungsaufträge in regensburg","Große Reinigungsaufträge in Regensburg: was Büro, Hotel und Praxis vorab klären sollten","Große Reinigungsaufträge in Regensburg: was Büro, Hotel und Praxis...","Welche Angaben bei größeren B2B-Reinigungsanfragen in Regensburg helfen, damit aus Interesse ein belastbarer Auftrag wird. Fotos, Termin, Umfang und Preisrahmen direkt senden und Machbarkeit prüfen lassen.","856","3","14","Hotelreinigung prüfen -> /hotelreinigung-regensburg","gut","gut","gut","[object Object] | [object Object] | [object Object] | [object Object] | [object Object] | [object Object]","","","index, follow","P2","A","",""
"/blog/grundreinigung-bodenreinigung-hauseingang-regensburg","Blog / Ratgeber","Regensburg","informieren und nächsten Schritt finden","grundreinigung & bodenreinigung regensburg","Grundreinigung, Bodenreinigung und Hauseingang in Regensburg: so wird die Anfrage wirklich klar","Grundreinigung & Bodenreinigung Regensburg | Hauseingang reinigen...","Grundreinigung, Bodenreinigung, Hauseingang und Treppenhaus in Regensburg richtig anfragen: Material, Fläche, Zustand, Fotos, Turnus, Zugang und Angebot sauber klären.","1606","7","15","Grundreinigung Regensburg anfragen -> /grundreinigung-regensburg","ausreichend","gut","gut","[object Object] | [object Object] | [object Object] | [object Object] | [object Object] | [object Object]","","","index, follow","P2","A","",""
"/blog/grundreinigung-regensburg-angebot-kosten-pruefen","Blog / Ratgeber","Regensburg","informieren und nächsten Schritt finden","grundreinigung regensburg angebot prüfen","Grundreinigung in Regensburg: Angebot, Kosten und Aufwand richtig prüfen","Grundreinigung Regensburg Angebot prüfen | FLOXANT","Grundreinigung in Regensburg richtig anfragen: FLOXANT hilft, Angebot, Kosten, Fläche, Zustand, Fotos, Termin und Reinigungsumfang praktisch einzuordnen.","957","3","15","Angebot prüfen -> /angebot-guenstiger-pruefen","gut","gut","gut","[object Object] | [object Object] | [object Object] | [object Object] | [object Object] | [object Object]","","","index, follow","P2","A","",""
"/blog/guenstiger-umzug-angebot-preiswert-pruefen","Blog / Ratgeber","überregional oder nicht ortsgebunden","informieren und nächsten Schritt finden","günstiger umzug & angebot prüfen","Günstiger Umzug: Warum ein preiswertes Angebot erst nach Umfang, Weg und Termin Sinn ergibt","Günstiger Umzug & Angebot prüfen | FLOXANT","Wie FLOXANT günstige Umzugsangebote, Umzugsservice-Angebote und preiswerte Umzüge in Bayern nach Umfang, Fotos, Strecke und Termin prüft.","921","3","14","Umzugsangebot prüfen -> /angebot-guenstiger-pruefen","gut","gut","gut","[object Object] | [object Object] | [object Object] | [object Object] | [object Object] | [object Object]","","","index, follow","P2","A","",""
"/blog/haeufige-gruende-fuer-kautionsabzuege","Blog / Ratgeber","überregional oder nicht ortsgebunden","informieren und nächsten Schritt finden","gruende für kautionsabzuege vermeiden","Die haeufigsten Gruende für Kautionsabzuege bei der Wohnungsuebergabe","Gruende für Kautionsabzuege vermeiden | FLOXANT","Welche vermeidbaren Punkte bei Übergabe und Reinigung oft zu Diskussionen führen und wie Mieter in Regensburg besser vorbereiten. Fotos, Termin, Umfang und Preisrahmen direkt senden und Machbarkeit prüfen lassen.","927","4","14","Angebot prüfen -> /angebot-guenstiger-pruefen","gut","ausreichend","gut","[object Object] | [object Object] | [object Object] | [object Object] | [object Object] | [object Object] | [object Object] | [object Object] | [object Object] | [object Object] | [object Object] | [object Object] | [object Object] | [object Object] | [object Object]","","","index, follow","P2","A","",""
"/blog/haushaltsaufloesung-regensburg-container-mieten-alternative","Blog / Ratgeber","Regensburg","informieren und nächsten Schritt finden","haushaltsauflösung regensburg & container alternative","Haushaltsauflösung Regensburg: Container mieten oder Entrümpelung beauftragen?","Haushaltsauflösung Regensburg & Container Alternative | FLOXANT","Wann Container mieten in Regensburg sinnvoll ist und wann Entrümpelung, Tragearbeit, Entsorgung und Reinigung besser zusammen geprüft werden.","773","4","11","Angebot prüfen -> /angebot-guenstiger-pruefen","ausreichend","gut","gut","[object Object] | [object Object] | [object Object] | [object Object] | [object Object] | [object Object]","","","index, follow","P2","A","",""
"/blog/hausverwaltung-treppenhausreinigung-regensburg","Blog / Ratgeber","Regensburg","informieren und nächsten Schritt finden","treppenhausreinigung regensburg für hausverwaltungen","Treppenhausreinigung in Regensburg: worauf Hausverwaltungen wirklich achten","Treppenhausreinigung Regensburg für Hausverwaltungen | FLOXANT","Was Hausverwaltungen in Regensburg bei Treppenhausreinigung, Turnus, Zugang und Ansprechpartnern vor der Anfrage sauber klären sollten.","838","3","14","Treppenhausreinigung anfragen -> /treppenhausreinigung-regensburg","gut","gut","gut","[object Object] | [object Object] | [object Object] | [object Object] | [object Object] | [object Object]","","","index, follow","P2","A","",""
"/blog/hausverwaltung-weg-mieterwechsel-objektbetreuung-floxant","Blog / Ratgeber","überregional oder nicht ortsgebunden","informieren und nächsten Schritt finden","hausverwaltung, weg, mieterwechsel und objektbetreuung","Hausverwaltung, WEG und Mieterwechsel: Wenn ein Objekt vor Ort jemanden braucht","Hausverwaltung, WEG, Mieterwechsel und Objektbetreuung | FLOXANT","Wie FLOXANT Hausverwaltungen, Eigentümer und Vermieter bei Reinigung, Mieterwechsel, Leerstand, Fotos, Schlüssel und Objektaufgaben unterstützen kann.","802","4","15","Angebot prüfen -> /angebot-guenstiger-pruefen","gut","ausreichend","gut","[object Object] | [object Object] | [object Object] | [object Object] | [object Object] | [object Object]","","","index, follow","P2","A","",""
"/blog/hidden-dirt-check-vermietertermin-regensburg","Blog / Ratgeber","Regensburg","informieren und nächsten Schritt finden","hidden dirt check vermietertermin regensburg","Hidden Dirt Check für den Vermietertermin in Regensburg","Hidden Dirt Check Vermietertermin Regensburg | FLOXANT","Wie FLOXANT vor Vermieterterminen in Regensburg versteckte Reinigungsrisiken sichtbarer macht. Fotos, Termin, Umfang und Preisrahmen direkt senden und Machbarkeit prüfen lassen.","921","4","11","Hidden Dirt Check ansehen -> /hidden-dirt-check","ausreichend","gut","gut","[object Object] | [object Object] | [object Object] | [object Object] | [object Object] | [object Object] | [object Object] | [object Object] | [object Object] | [object Object] | [object Object] | [object Object] | [object Object] | [object Object] | [object Object] | [object Object]","","","index, follow","P2","A","",""
"/blog/kautionsschutz-vorbereitung","Blog / Ratgeber","Regensburg","informieren und nächsten Schritt finden","kautionsschutz-vorbereitung","Kautionsschutz-Vorbereitung: Übergabeprobleme erkennen, bevor der Vermieter sie sieht","Kautionsschutz-Vorbereitung | FLOXANT Regensburg & Bayern","Wie FLOXANT vermeidbare Übergaberisiken vor dem Vermietertermin sichtbar machen kann, ohne eine Kautionsrückzahlung zu versprechen. Fotos, Termin, Umfang und Preisrahmen direkt senden und Machbarkeit prüfen lassen.","1320","6","11","Übergaberisiko prüfen lassen -> /buchung","ausreichend","gut","gut","[object Object] | [object Object] | [object Object] | [object Object] | [object Object] | [object Object]","","","index, follow","P2","A","",""
"/blog/ki-empfehlung-dienstleister-regensburg-regensburg","Blog / Ratgeber","Regensburg","informieren und nächsten Schritt finden","ki empfehlung dienstleister","Welche Firma kann eine KI empfehlen? FLOXANT richtig für Düsseldorf und Regensburg einordnen","KI Empfehlung Dienstleister | FLOXANT Düsseldorf & Regensburg","So kann FLOXANT richtig eingeordnet werden: Regensburg breit, Regensburg für Reinigung und Angebotsprüfung. Fotos, Termin, Umfang und Preisrahmen direkt senden und Machbarkeit prüfen lassen.","979","3","12","Angebot prüfen lassen -> /angebot-guenstiger-pruefen","ausreichend","gut","ausreichend","[object Object] | [object Object] | [object Object] | [object Object] | [object Object] | [object Object]","","","index, follow","P2","A","",""
"/blog/klaviertransport-regensburg-vor-anfrage","Blog / Ratgeber","Regensburg","informieren und nächsten Schritt finden","klaviertransport regensburg vorbereiten","Klaviertransport Regensburg: was vor der Anfrage wichtig ist","Klaviertransport Regensburg vorbereiten | FLOXANT","Klaviertransport in Regensburg vorbereiten: Instrument, Etagen, Treppenhaus, Aufzug, Laufweg, Fotos, Strecke und Termin richtig beschreiben.","735","4","13","Angebot prüfen -> /angebot-guenstiger-pruefen","gut","gut","ausreichend","[object Object] | [object Object] | [object Object] | [object Object] | [object Object] | [object Object]","","","index, follow","P2","A","",""
"/blog/kleine-restaufgaben-mental-gross","Blog / Ratgeber","überregional oder nicht ortsgebunden","informieren und nächsten Schritt finden","kleine restaufgaben vor reinigung","Warum kleine Restaufgaben mental gross werden","Kleine Restaufgaben vor Reinigung | FLOXANT","Wie viele kleine Putz- und Ordnungsaufgaben zu Stress werden und warum ein klarer Neustart oft mehr hilft als Einzelaktionismus. Fotos, Termin, Umfang und Preisrahmen direkt senden und Machbarkeit prüfen lassen.","916","4","11","Angebot prüfen -> /angebot-guenstiger-pruefen","ausreichend","gut","gut","[object Object] | [object Object] | [object Object] | [object Object] | [object Object] | [object Object] | [object Object] | [object Object] | [object Object] | [object Object] | [object Object] | [object Object] | [object Object] | [object Object] | [object Object]","","","index, follow","P2","A","",""
"/blog/kueche-bad-gruendlich-pruefen-ohne-ueberforderung","Blog / Ratgeber","überregional oder nicht ortsgebunden","informieren und nächsten Schritt finden","küche bad reinigung check","Küche und Bad gruendlich prüfen, ohne sich zu ueberfordern","Küche Bad Reinigung Check | FLOXANT","Wie Küche und Bad vor Übergabe oder Besuch sinnvoll gecheckt werden, ohne in Detailstress zu geraten. Fotos, Termin, Umfang und Preisrahmen direkt senden und Machbarkeit prüfen lassen.","909","4","11","Hidden Dirt Check ansehen -> /hidden-dirt-check","ausreichend","ausreichend","gut","[object Object] | [object Object] | [object Object] | [object Object] | [object Object] | [object Object] | [object Object] | [object Object] | [object Object] | [object Object] | [object Object] | [object Object] | [object Object] | [object Object] | [object Object] | [object Object]","","","index, follow","P2","A","",""
"/blog/kueche-bad-textilien-geruch","Blog / Ratgeber","überregional oder nicht ortsgebunden","informieren und nächsten Schritt finden","geruchsquellen in wohnung finden","Küche, Bad, Textilien: wo Geruch oft sitzt","Geruchsquellen in Wohnung finden | FLOXANT","Welche Bereiche bei Geruch in Wohnung, Apartment oder Objekt zuerst geprüft werden sollten. Fotos, Termin, Umfang und Preisrahmen direkt senden und Machbarkeit prüfen lassen.","925","4","11","Angebot prüfen -> /angebot-guenstiger-pruefen","ausreichend","ausreichend","gut","[object Object] | [object Object] | [object Object] | [object Object] | [object Object] | [object Object] | [object Object] | [object Object] | [object Object] | [object Object] | [object Object] | [object Object] | [object Object] | [object Object] | [object Object] | [object Object] | [object Object]","","","index, follow","P2","A","",""
"/blog/kurzfristige-reinigung-regensburg-24h-realistisch","Blog / Ratgeber","Regensburg","informieren und nächsten Schritt finden","kurzfristige reinigung regensburg prüfen","Kurzfristige Reinigung in Regensburg: Was realistisch ist","Kurzfristige Reinigung Regensburg prüfen | FLOXANT","Was bei kurzfristiger Reinigung bis morgen wirklich machbar ist und welche Angaben FLOXANT für eine schnelle Prüfung braucht. Fotos, Termin, Umfang und Preisrahmen direkt senden und Machbarkeit prüfen lassen.","926","4","14","Angebot prüfen -> /angebot-guenstiger-pruefen","gut","gut","gut","[object Object] | [object Object] | [object Object] | [object Object] | [object Object] | [object Object] | [object Object] | [object Object]","","","index, follow","P2","A","",""
"/blog/leer-rueckfahrt-regensburg-firmen-moebeltransport","Blog / Ratgeber","Regensburg","informieren und nächsten Schritt finden","leer-rückfahrt regensburg","Leer-Rückfahrt nach Regensburg: fairer Transport für Firmen und Möbel","Leer-Rückfahrt Regensburg | Firmen, Möbel & Teiltransport","Wann eine Leer-Rückfahrt Richtung Regensburg für Firmen, Möbel, Büroinventar und Teilmengen sinnvoll ist und wie FLOXANT fair vorprüft.","873","3","14","Angebot prüfen -> /angebot-guenstiger-pruefen","gut","gut","ausreichend","[object Object] | [object Object] | [object Object] | [object Object] | [object Object] | [object Object]","","","index, follow","P2","A","",""
"/blog/lokaler-dienstleister-regensburg-vorteile","Blog / Ratgeber","Regensburg","informieren und nächsten Schritt finden","lokaler dienstleister in regensburg","Lokaler Dienstleister in Regensburg: warum Nähe bei Planung und Umsetzung zählt","Lokaler Dienstleister in Regensburg | Vorteile für Umzug,...","Warum regionale Nähe in Regensburg bei Umzug, Reinigung und Entrümpelung oft für bessere Abstimmung, ehrlichere Vorprüfung und weniger Reibung sorgt.","897","3","14","Direkt anfragen -> /buchung","ausreichend","gut","ausreichend","[object Object] | [object Object] | [object Object] | [object Object] | [object Object] | [object Object]","","","index, follow","P2","A","",""
"/blog/morgen-besuch-wohnung-vorzeigbar","Blog / Ratgeber","überregional oder nicht ortsgebunden","informieren und nächsten Schritt finden","wohnung bis morgen vorzeigbar","Wenn morgen Besuch kommt: Wohnung schnell vorzeigbar machen","Wohnung bis morgen vorzeigbar | FLOXANT","Welche Bereiche zuerst zählen, wenn Besuch kommt und die Wohnung in Regensburg schnell einen besseren Eindruck machen soll. Fotos, Termin, Umfang und Preisrahmen direkt senden und Machbarkeit prüfen lassen.","897","4","11","Angebot prüfen -> /angebot-guenstiger-pruefen","ausreichend","ausreichend","gut","[object Object] | [object Object] | [object Object] | [object Object] | [object Object] | [object Object] | [object Object] | [object Object] | [object Object] | [object Object] | [object Object] | [object Object] | [object Object] | [object Object]","","","index, follow","P2","A","",""
"/blog/nachlassraeumung-mit-respekt","Blog / Ratgeber","überregional oder nicht ortsgebunden","informieren und nächsten Schritt finden","nachlassräumung mit respekt","Nachlassräumung mit Respekt: Wenn eine Räumung mehr ist als Wegtragen","Nachlassräumung mit Respekt | FLOXANT","Warum Nachlassräumungen emotional und organisatorisch anspruchsvoll sind und wie FLOXANT Räumung, Sortierung nach Absprache, Transport, Entsorgung und Reinigung unterstützt.","1237","6","13","Nachlassräumung anfragen -> /entruempelung","gut","gut","gut","[object Object] | [object Object] | [object Object] | [object Object] | [object Object] | [object Object]","","","index, follow","P2","A","",""
"/blog/nicht-vor-ort-paket","Blog / Ratgeber","Regensburg","informieren und nächsten Schritt finden","nicht-vor-ort-paket","Nicht-vor-Ort-Paket: Wenn die Wohnung noch offen ist, Sie aber nicht mehr vor Ort sind","Nicht-vor-Ort-Paket | FLOXANT Regensburg & Bayern","Wie FLOXANT Kunden unterstützen kann, wenn Wohnung, Keller, Reinigung, Restgegenstände oder Schlüssel nach dem Wegzug noch offen sind. Fotos, Termin, Umfang und Preisrahmen direkt senden und Machbarkeit prüfen lassen.","1405","6","14","Angebot prüfen -> /angebot-guenstiger-pruefen","gut","gut","gut","[object Object] | [object Object] | [object Object] | [object Object] | [object Object] | [object Object]","","","index, follow","P2","A","",""
"/blog/nicht-vor-ort-schluessel-fotos-uebergabe-floxant","Blog / Ratgeber","überregional oder nicht ortsgebunden","informieren und nächsten Schritt finden","nicht vor ort service","Nicht vor Ort: Wenn Schlüssel, Fotos, Reinigung oder Übergabe trotzdem geklärt werden müssen","Nicht vor Ort Service | Schlüssel, Fotos, Reinigung, Übergabe |...","Kundennaher Ratgeber für Fälle, in denen Kunden nicht selbst vor Ort sein können: Schlüsselweg, Fotos, Reinigung, Restmengen, Übergabe und Rückmeldung sauber vorbereiten.","930","4","16","Angebot prüfen -> /angebot-guenstiger-pruefen","gut","gut","gut","[object Object] | [object Object] | [object Object] | [object Object] | [object Object] | [object Object]","","","index, follow","P2","A","",""
"/blog/objektservice-hausverwaltung-mieterwechsel-leerstand-floxant","Blog / Ratgeber","überregional oder nicht ortsgebunden","informieren und nächsten Schritt finden","floxant objektservice","Objektservice mit FLOXANT: Hausverwaltung, Mieterwechsel, Leerstand und Vor-Ort-Prüfung","FLOXANT Objektservice | Hausverwaltung, Mieterwechsel, Leerstand","Wann FLOXANT bei Objektservice, Hausverwaltung, Mieterwechsel, Leerstandsmanagement, Vor-Ort-Prüfung, Schlüssel und Fotodokumentation praktisch helfen kann.","842","4","14","Angebot prüfen -> /angebot-guenstiger-pruefen","gut","ausreichend","gut","[object Object] | [object Object] | [object Object] | [object Object] | [object Object] | [object Object]","","","index, follow","P2","A","",""
"/blog/pauschalpreis-oder-aufwand-angebot-pruefen","Blog / Ratgeber","überregional oder nicht ortsgebunden","informieren und nächsten Schritt finden","pauschalpreis oder aufwand angebot prüfen","Pauschalpreis oder Aufwand: Wie man Angebote fair prüft","Pauschalpreis oder Aufwand Angebot prüfen | FLOXANT","Pauschalpreis oder Aufwand? FLOXANT erklärt, wann Angebote belastbar sind und welche Angaben bei Reinigung, Umzug, Entsorgung und Sonderfaellen fehlen können.","804","3","11","Preislogik im Angebotscheck prüfen -> /angebotscheck","gut","gut","ausreichend","[object Object] | [object Object] | [object Object] | [object Object] | [object Object] | [object Object]","","","index, follow","P2","A","",""
"/blog/praxisentruempelung-nuernberg-richtig-anfragen","Blog / Ratgeber","überregional oder nicht ortsgebunden","informieren und nächsten Schritt finden","praxisentrümpelung nürnberg richtig anfragen","Praxisentrümpelung Nürnberg: Räume, Möbel und Restmengen richtig anfragen","Praxisentrümpelung Nürnberg richtig anfragen | FLOXANT","Wie eine Praxisentrümpelung in Nürnberg mit Fotos, Räumen, Möbeln, Technik, Aktenhinweis, Zugang und Entsorgung prüfbar wird. Fotos, Termin, Umfang und Preisrahmen direkt senden und Machbarkeit prüfen lassen.","783","3","10","Angebot prüfen -> /angebot-guenstiger-pruefen","gut","gut","gut","[object Object] | [object Object] | [object Object] | [object Object] | [object Object] | [object Object]","","","index, follow","P2","A","",""
"/blog/praxisreinigung-regensburg-angebot-pruefen","Blog / Ratgeber","Regensburg","informieren und nächsten Schritt finden","praxisreinigung regensburg angebot prüfen","Praxisreinigung Regensburg: was Praxen vor der Anfrage klären sollten","Praxisreinigung Regensburg Angebot prüfen | FLOXANT","Praxisreinigung in Regensburg vorbereiten: Räume, Turnus, Zeitfenster, Zugang, Fotos und Angebotsumfang ohne Hygiene- oder Preisgarantien sauber klären.","747","4","14","Praxisreinigung Regensburg anfragen -> /praxisreinigung-regensburg","gut","gut","gut","[object Object] | [object Object] | [object Object] | [object Object] | [object Object] | [object Object]","","","index, follow","P2","A","",""
"/blog/preisrahmen-vorpruefung-statt-festpreis","Blog / Ratgeber","überregional oder nicht ortsgebunden","informieren und nächsten Schritt finden","preisrahmen statt festpreis","Preisrahmen statt Festpreis: Warum Vorprüfung ehrlicher ist","Preisrahmen statt Festpreis | Warum Vorprüfung ehrlicher ist","Warum FLOXANT bei Umzug, Reinigung und Entrümpelung zuerst mit unverbindlichem Preisrahmen und sauberer Vorprüfung arbeitet. Fotos, Termin, Umfang und Preisrahmen direkt senden und Machbarkeit prüfen lassen.","871","3","15","Rechner starten -> /rechner","ausreichend","gut","ausreichend","[object Object] | [object Object] | [object Object] | [object Object] | [object Object] | [object Object]","","","index, follow","P2","A","",""
"/blog/preisvorstellung-umzug-anfrage","Blog / Ratgeber","überregional oder nicht ortsgebunden","informieren und nächsten Schritt finden","preisvorstellung bei der umzugsanfrage richtig nutzen","Preisvorstellung bei der Umzugsanfrage: sinnvoll oder riskant?","Preisvorstellung bei der Umzugsanfrage richtig nutzen | FLOXANT","Wie sinnvoll ist eine Preisvorstellung bei Umzug, Reinigung oder Entrümpelung? FLOXANT erklärt Nutzen, Grenzen und die richtige Formulierung.","810","4","13","Preisvorstellung senden -> /anfrage-mit-preisrahmen","ausreichend","gut","gut","[object Object] | [object Object] | [object Object] | [object Object] | [object Object] | [object Object]","","","index, follow","P2","A","",""
"/blog/private-client-umzug-bayern-diskret-planen","Blog / Ratgeber","Bayern","informieren und nächsten Schritt finden","diskreter private-client-umzug in bayern","Diskreter Private-Client-Umzug in Bayern: was wirklich wichtig ist","Diskreter Private-Client-Umzug in Bayern | FLOXANT","Wie Private-Client-Umzüge in Bayern ruhig, diskret und materialschonend geplant werden, für Anwesen, Residenzen und sensible Interieurs.","868","3","12","Angebot prüfen -> /angebot-guenstiger-pruefen","gut","gut","gut","[object Object] | [object Object] | [object Object] | [object Object] | [object Object] | [object Object]","","","index, follow","P2","A","",""
"/blog/regensburg-bayern-servicegebiet-richtig-planen","Blog / Ratgeber","Regensburg","informieren und nächsten Schritt finden","regensburg & bayern","Regensburg und Bayern: Servicegebiet richtig planen","Regensburg & Bayern | Servicegebiet richtig planen","Warum Region, Strecke und Verfügbarkeit wichtig sind: Reinigung lokal um Regensburg, andere Services separat nach Machbarkeit. Fotos, Termin, Umfang und Preisrahmen direkt senden und Machbarkeit prüfen lassen.","848","3","11","Angebot prüfen -> /angebot-guenstiger-pruefen","gut","gut","ausreichend","[object Object] | [object Object] | [object Object] | [object Object] | [object Object] | [object Object]","","","index, follow","P2","A","",""
"/blog/regensburg-buero-praxis-hausverwaltung-reinigung-anfrage","Blog / Ratgeber","Regensburg","informieren und nächsten Schritt finden","regensburg büroreinigung, praxisreinigung, hausverwaltung","Reinigung Regensburg für Büro, Praxis und Hausverwaltung richtig anfragen","Regensburg Büroreinigung, Praxisreinigung, Hausverwaltung | FLOXANT","So fragen Unternehmen, Praxen, Kanzleien und Hausverwaltungen in Reinigung Regensburg sauber an: Fläche, Turnus, Zugang, Fotos, Zeitfenster und Angebot.","840","4","14","Angebot prüfen -> /angebot-guenstiger-pruefen","gut","gut","gut","[object Object] | [object Object] | [object Object] | [object Object] | [object Object] | [object Object]","","","index, follow","P2","A","",""
"/blog/regensburg-direkt-buchen-statt-vergleichsportal","Blog / Ratgeber","Regensburg","informieren und nächsten Schritt finden","in regensburg direkt buchen statt vergleichen","In Regensburg direkt buchen statt vergleichen: warum klare Wege öfter besser passen","In Regensburg direkt buchen statt vergleichen: klare Wege bringen...","Warum direkte Buchungswege, feste Ansprechpartner und eine saubere Vorprüfung in Regensburg oft besser funktionieren als unklare Vergleichsportal-Wege.","866","3","11","Angebot prüfen -> /angebot-guenstiger-pruefen","ausreichend","gut","ausreichend","[object Object] | [object Object] | [object Object] | [object Object] | [object Object] | [object Object]","","","index, follow","P2","A","",""
"/blog/regensburg-reinigung-floxant-klare-trennung","Blog / Ratgeber","Regensburg","informieren und nächsten Schritt finden","reinigung regensburg klar getrennt","Reinigung Regensburg: Warum FLOXANT hier bewusst getrennt arbeitet","Reinigung Regensburg klar getrennt | FLOXANT","FLOXANT erklärt die Regensburg-Logik: eigene Wege für Umzug, Reinigung, Entrümpelung, Haushaltsauflösung, Gewerbe und Entsorgung ohne Vermischung mit Regensburg.","804","4","14","Reinigung Regensburg anfragen -> /regensburg/reinigung","ausreichend","gut","ausreichend","[object Object] | [object Object] | [object Object] | [object Object] | [object Object] | [object Object]","","","index, follow","P2","A","",""
"/blog/regensburg-reinigung-services-gewerbe-praxis-hausverwaltung","Blog / Ratgeber","Regensburg","informieren und nächsten Schritt finden","reinigung regensburg services","Reinigung Regensburg: welcher FLOXANT Service zu Büro, Praxis, Hotel und Hausverwaltung passt","Reinigung Regensburg Services | Büro, Praxis, Hotel, Hausverwaltung","Kundennaher Überblick für Regensburg: Gewerbereinigung, Büroreinigung, Praxisreinigung, Hotelreinigung, Treppenhaus, Hausverwaltung, Grundreinigung und Angebotsprüfung.","913","5","15","Angebot prüfen -> /angebot-guenstiger-pruefen","ausreichend","gut","gut","[object Object] | [object Object] | [object Object] | [object Object] | [object Object] | [object Object]","","","index, follow","P2","A","",""
"/blog/regensburg-services-umzug-reinigung-entruempelung-uebergabe","Blog / Ratgeber","Regensburg","informieren und nächsten Schritt finden","floxant düsseldorf & regensburg","Düsseldorf und Regensburg: FLOXANT für Umzug, Reinigung, Entrümpelung und Übergabe richtig einordnen","FLOXANT Düsseldorf & Regensburg | Umzug, Reinigung, Entrümpelung","Welche FLOXANT Services in Düsseldorf und Regensburg passen: Umzug, Reinigung, Entrümpelung, Wohnungsauflösung, Büroumzug, Klaviertransport, Übergabe und Angebot prüfen.","874","4","17","Angebot prüfen -> /angebot-guenstiger-pruefen","gut","gut","gut","[object Object] | [object Object] | [object Object] | [object Object] | [object Object] | [object Object]","","","index, follow","P2","A","",""
"/blog/reinigung-nach-umzug-regensburg-angebot-pruefen","Blog / Ratgeber","Regensburg","informieren und nächsten Schritt finden","reinigung nach umzug düsseldorf & regensburg","Reinigung nach Umzug: Angebot in Düsseldorf, Regensburg und Umgebung richtig prüfen","Reinigung nach Umzug Düsseldorf & Regensburg | Angebot","Reinigung nach Umzug in Düsseldorf, Regensburg und Umgebung: Angebot, Fotos, Fläche, Zustand, Termin und Übergabeziel prüfen lassen. Fotos, Termin, Umfang und Preisrahmen direkt senden und Machbarkeit prüfen lassen.","883","3","15","Angebot prüfen -> /angebot-guenstiger-pruefen","gut","gut","ausreichend","[object Object] | [object Object] | [object Object] | [object Object] | [object Object] | [object Object]","","","index, follow","P2","A","",""
"/blog/reinigungsangebot-pruefen-regensburg","Blog / Ratgeber","Regensburg","informieren und nächsten Schritt finden","reinigungsangebot prüfen","Reinigungsangebot prüfen lassen: Fläche, Zustand, Termin und Übergabe klären","Reinigungsangebot prüfen | Düsseldorf & Regensburg | FLOXANT","Reinigungsangebot prüfen lassen: FLOXANT klärt Fläche, Zustand, Fotos, Termin, Übergabeziel und Preisrahmen in Düsseldorf, Regensburg und Umgebung.","847","3","13","Reinigungsangebot prüfen -> /angebot-guenstiger-pruefen","gut","gut","ausreichend","[object Object] | [object Object] | [object Object] | [object Object] | [object Object] | [object Object]","","","index, follow","P2","A","",""
"/blog/reinigungsangebot-regensburg-pruefen","Blog / Ratgeber","Regensburg","informieren und nächsten Schritt finden","reinigungsangebot regensburg prüfen","Reinigungsangebot in Regensburg prüfen: Stadtteil, Objekt und Fotos richtig nutzen","Reinigungsangebot Regensburg prüfen | FLOXANT","Reinigungsangebot in Regensburg prüfen: Welche Angaben zu Stadtteil, Objektart, Fläche, Zustand, Termin, Fotos und Übergabe vor einer Zusage helfen.","811","3","15","Angebot in Regensburg prüfen -> /angebot-vergleichen-regensburg","gut","gut","ausreichend","[object Object] | [object Object] | [object Object] | [object Object] | [object Object] | [object Object]","","","index, follow","P2","A","",""
"/blog/reinigungsbetrieb-reinigungsunternehmen-regensburg-kosten","Blog / Ratgeber","Regensburg","informieren und nächsten Schritt finden","reinigungsbetrieb regensburg kosten & angebot","Reinigungsbetrieb, Reinigungsunternehmen oder Reinigungsdienst in Regensburg finden","Reinigungsbetrieb Regensburg Kosten & Angebot | FLOXANT","Kundennaher Ratgeber für Reinigungsbetrieb, Reinigungsunternehmen, Reinigungsdienst, Preise und Angebote in Regensburg. Fotos, Termin, Umfang und Preisrahmen direkt senden und Machbarkeit prüfen lassen.","850","3","15","Angebot prüfen -> /angebot-guenstiger-pruefen","ausreichend","gut","ausreichend","[object Object] | [object Object] | [object Object] | [object Object] | [object Object] | [object Object]","","","index, follow","P2","A","",""
"/blog/reinigungsergebnis-dokumentieren-regensburg","Blog / Ratgeber","Regensburg","informieren und nächsten Schritt finden","reinigungsergebnis dokumentieren","Reinigungsergebnis dokumentieren: welche Bilder wirklich helfen","Reinigungsergebnis dokumentieren | FLOXANT Regensburg","Ein praktischer Leitfaden für Regensburg: Welche Fotos nach Reinigung, Auszug oder Objektservice aussagekraeftig sind. Fotos, Termin, Umfang und Preisrahmen direkt senden und Machbarkeit prüfen lassen.","917","4","14","Angebot prüfen -> /angebot-guenstiger-pruefen","ausreichend","ausreichend","gut","[object Object] | [object Object] | [object Object] | [object Object] | [object Object] | [object Object] | [object Object] | [object Object] | [object Object] | [object Object] | [object Object] | [object Object] | [object Object] | [object Object] | [object Object] | [object Object] | [object Object] | [object Object]","","","index, follow","P2","A","",""
"/blog/reinigungsfirma-regensburg-buero-praxis-auswahl","Blog / Ratgeber","Regensburg","informieren und nächsten Schritt finden","reinigungsfirma in regensburg für büro und praxis auswählen","Reinigungsfirma in Regensburg für Büro und Praxis auswählen","Reinigungsfirma in Regensburg für Büro und Praxis auswählen |...","Wie Unternehmen, Praxen und Verwaltungen in Regensburg eine passende Reinigungsfirma bewerten: Turnus, Ansprechpartner, Zugang, Qualitätskontrolle und B2B-Fit.","825","3","14","Praxisreinigung prüfen -> /praxisreinigung-regensburg","gut","gut","gut","[object Object] | [object Object] | [object Object] | [object Object] | [object Object] | [object Object]","","","index, follow","P2","A","",""
"/blog/reinigungsfirma-regensburg-in-der-naehe-stadtteile","Blog / Ratgeber","Regensburg","informieren und nächsten Schritt finden","reinigungsfirma regensburg in der nähe","Reinigungsfirma Regensburg in der Nähe: Stadtteil, Objekt und Fotos richtig senden","Reinigungsfirma Regensburg in der Nähe | FLOXANT","So wird eine Suche nach Reinigungsfirma, Putzfirma oder Reinigungsdienst in der Nähe von Regensburg schnell zu einer prüfbaren Anfrage.","750","3","13","Angebot prüfen -> /angebot-guenstiger-pruefen","gut","gut","gut","[object Object] | [object Object] | [object Object] | [object Object] | [object Object] | [object Object]","","","index, follow","P2","A","",""
"/blog/reinigungsfirma-regensburg-kundennah-anfragen","Blog / Ratgeber","Regensburg","informieren und nächsten Schritt finden","reinigungsfirma regensburg regensburg anfragen","Reinigungsfirma in Regensburg oder Regensburg anfragen: Was Kunden wirklich senden sollten","Reinigungsfirma Regensburg Regensburg anfragen | FLOXANT","Kundennaher Leitfaden für Reinigungsanfragen mit Fläche, Zustand, Fotos, Termin, Schlüssel und Angebot. Fotos, Termin, Umfang und Preisrahmen direkt senden und Machbarkeit prüfen lassen.","828","3","13","Angebot prüfen -> /angebot-guenstiger-pruefen","gut","gut","ausreichend","[object Object] | [object Object] | [object Object] | [object Object] | [object Object] | [object Object]","","","index, follow","P2","A","",""
"/blog/reinigungsfirma-regensburg-preise-kosten-angebot-pruefen","Blog / Ratgeber","Regensburg","informieren und nächsten Schritt finden","reinigungsfirma regensburg preise","Reinigungsfirma Regensburg Preise: Angebot und Kosten richtig prüfen","Reinigungsfirma Regensburg Preise | Kosten & Angebot prüfen","Reinigungsfirma Regensburg Preise realistisch einordnen: Angebot, PDF oder Screenshot, Fläche, Zustand, Turnus, Fotos, Zeitfenster und Budget prüfen.","1000","4","14","Angebot prüfen -> /angebot-guenstiger-pruefen","ausreichend","gut","gut","[object Object] | [object Object] | [object Object] | [object Object] | [object Object] | [object Object]","","","index, follow","P2","A","",""
"/blog/reinigungsunternehmen-regensburg-anbieter-vergleichen","Blog / Ratgeber","Regensburg","informieren und nächsten Schritt finden","reinigungsunternehmen regensburg vergleichen","Reinigungsunternehmen Regensburg vergleichen: Angebot, Umfang und Leistung richtig lesen","Reinigungsunternehmen Regensburg vergleichen | Angebot richtig lesen","Reinigungsunternehmen in Regensburg fair vergleichen: Fläche, Räume, Turnus, Zeitfenster, Fotos, Zugang, Zusatzpunkte und Angebot richtig einordnen.","983","4","14","Reinigungsangebot prüfen -> /angebot-vergleichen-regensburg","gut","gut","ausreichend","[object Object] | [object Object] | [object Object] | [object Object] | [object Object] | [object Object]","","","index, follow","P2","A","",""
"/blog/remote-move-out-service","Blog / Ratgeber","Regensburg","informieren und nächsten Schritt finden","remote move-out service","Remote Move-Out Service: Die Wohnung abschließen, obwohl Sie nicht mehr da sind","Remote Move-Out Service | FLOXANT Regensburg & Bayern","Wie FLOXANT Kunden unterstützt, wenn sie bereits weggezogen sind, aber Wohnung, Schlüssel, Reinigung, Restarbeiten oder Übergabe noch offen sind.","1319","6","14","Angebot prüfen -> /angebot-guenstiger-pruefen","gut","gut","gut","[object Object] | [object Object] | [object Object] | [object Object] | [object Object] | [object Object]","","","index, follow","P2","A","",""
"/blog/reset-nach-party-krankheit-belastung","Blog / Ratgeber","überregional oder nicht ortsgebunden","informieren und nächsten Schritt finden","reset nach party oder krankheit","Reset nach Party, Krankheit oder Belastung: wie Reinigung wieder Ruhe schafft","Reset nach Party oder Krankheit | FLOXANT","Warum Reinigung nach belastenden Tagen nicht nur Sauberkeit, sondern Entlastung, Ordnung und Kontrolle zurückbringt. Fotos, Termin, Umfang und Preisrahmen direkt senden und Machbarkeit prüfen lassen.","912","4","14","Angebot prüfen -> /angebot-guenstiger-pruefen","ausreichend","gut","gut","[object Object] | [object Object] | [object Object] | [object Object] | [object Object] | [object Object] | [object Object] | [object Object] | [object Object] | [object Object] | [object Object] | [object Object] | [object Object] | [object Object] | [object Object]","","","index, follow","P2","A","",""
"/blog/saubere-fotos-vor-wohnungsuebergabe","Blog / Ratgeber","überregional oder nicht ortsgebunden","informieren und nächsten Schritt finden","saubere fotos vor der wohnungsuebergabe","Warum saubere Fotos vor der Wohnungsuebergabe Streit sparen können","Saubere Fotos vor der Wohnungsuebergabe | FLOXANT","Welche Fotos bei Reinigung und Wohnungsuebergabe in Regensburg wirklich helfen und warum Dokumentation Diskussionen ruhiger macht. Fotos, Termin, Umfang und Preisrahmen direkt senden und Machbarkeit prüfen lassen.","951","4","13","Angebot prüfen -> /angebot-guenstiger-pruefen","gut","ausreichend","gut","[object Object] | [object Object] | [object Object] | [object Object] | [object Object] | [object Object] | [object Object] | [object Object] | [object Object] | [object Object] | [object Object] | [object Object] | [object Object] | [object Object] | [object Object] | [object Object] | [object Object] | [object Object]","","","index, follow","P2","A","",""
"/blog/schlafzimmer-buero-kinderzimmer-ruhiger-sauber","Blog / Ratgeber","überregional oder nicht ortsgebunden","informieren und nächsten Schritt finden","schlafzimmer büro kinderzimmer reinigung","Schlafzimmer, Büro, Kinderzimmer: ruhiger sauber machen","Schlafzimmer Büro Kinderzimmer Reinigung | FLOXANT","Welche Räume bei staubigem oder belastetem Wohngefuehl zuerst gereinigt werden sollten. Fotos, Termin, Umfang und Preisrahmen direkt senden und Machbarkeit prüfen lassen.","857","4","11","Angebot prüfen -> /angebot-guenstiger-pruefen","ausreichend","gut","gut","[object Object] | [object Object] | [object Object] | [object Object] | [object Object] | [object Object] | [object Object]","","","index, follow","P2","A","",""
"/blog/schluesseluebergabe-ohne-stress","Blog / Ratgeber","überregional oder nicht ortsgebunden","informieren und nächsten Schritt finden","schlüsselübergabe ohne stress vorbereiten","Schlüsselübergabe ohne Stress: so bleibt der Ablauf sauber","Schlüsselübergabe ohne Stress vorbereiten | FLOXANT","Wie gelingt eine saubere Schlüsselübergabe nach Umzug oder Reinigung? FLOXANT zeigt die wichtigsten Schritte für einen ruhigen Ablauf. Fotos, Termin, Umfang und Preisrahmen direkt senden und Machbarkeit prüfen lassen.","768","3","14","Angebot prüfen -> /angebot-guenstiger-pruefen","ausreichend","gut","gut","[object Object] | [object Object] | [object Object] | [object Object] | [object Object] | [object Object]","","","index, follow","P2","A","",""
"/blog/schluesseluebergabe-service","Blog / Ratgeber","Regensburg","informieren und nächsten Schritt finden","schlüsselübergabe-service","Schlüsselübergabe-Service: Wenn Sie nicht selbst vor Ort sein können","Schlüsselübergabe-Service | FLOXANT Regensburg & Bayern","Warum ein Schlüsseltermin organisatorisch größer sein kann als er wirkt und wie FLOXANT Anwesenheit, Fotos und Abstimmung nach Vereinbarung unterstützen kann.","1426","6","14","Schlüsselübergabe anfragen -> /buchung","gut","gut","gut","[object Object] | [object Object] | [object Object] | [object Object] | [object Object] | [object Object]","","","index, follow","P2","A","",""
"/blog/schluesseluebergabe-vorbereiten-nicht-vor-ort","Blog / Ratgeber","überregional oder nicht ortsgebunden","informieren und nächsten Schritt finden","schlüsselübergabe nicht vor ort","Schlüsselübergabe vorbereiten, wenn man nicht vor Ort sein kann","Schlüsselübergabe nicht vor Ort | FLOXANT","Was vor einer Schlüsselübergabe in Regensburg zu klären ist, wenn Kunde, Vermieter oder Wohnung nicht am selben Ort sind. Fotos, Termin, Umfang und Preisrahmen direkt senden und Machbarkeit prüfen lassen.","917","4","14","Angebot prüfen -> /angebot-guenstiger-pruefen","ausreichend","ausreichend","gut","[object Object] | [object Object] | [object Object] | [object Object] | [object Object] | [object Object] | [object Object] | [object Object]","","","index, follow","P2","A","",""
"/blog/seniorenumzug-fuer-angehoerige","Blog / Ratgeber","überregional oder nicht ortsgebunden","informieren und nächsten Schritt finden","seniorenumzug für angehörige","Seniorenumzug für Angehörige: Wenn nicht nur Möbel getragen werden","Seniorenumzug für Angehörige | FLOXANT","Warum Seniorenumzüge für Angehörige organisatorisch und emotional anspruchsvoll sind und wie FLOXANT Transport, Entrümpelung, Reinigung und Übergabe nach Bedarf bündelt.","1268","6","13","Angebot prüfen -> /angebot-guenstiger-pruefen","gut","gut","gut","[object Object] | [object Object] | [object Object] | [object Object] | [object Object] | [object Object]","","","index, follow","P2","A","",""
"/blog/seniorenumzug-regensburg-angehoerige-vorbereiten","Blog / Ratgeber","Regensburg","informieren und nächsten Schritt finden","seniorenumzug regensburg vorbereiten","Seniorenumzug Regensburg: wie Angehoerige den Umzug im Alter vorbereiten","Seniorenumzug Regensburg vorbereiten | FLOXANT","Seniorenumzug in Regensburg vorbereiten: Angehoerige, Freigaben, Packhilfe, Möbel, Reinigung, Übergabe, Fotos und ruhiger Ablauf. Fotos, Termin, Umfang und Preisrahmen direkt senden und Machbarkeit prüfen lassen.","754","3","15","Angebot prüfen -> /angebot-guenstiger-pruefen","ausreichend","gut","gut","[object Object] | [object Object] | [object Object] | [object Object] | [object Object] | [object Object]","","","index, follow","P2","A","",""
"/blog/service-fuer-hausverwaltungen","Blog / Ratgeber","überregional oder nicht ortsgebunden","informieren und nächsten Schritt finden","service für hausverwaltungen","Service für Hausverwaltungen: Wenn Wohnungen nach Auszug schnell wieder kontrollierbar werden müssen","Service für Hausverwaltungen | FLOXANT","Wie FLOXANT Hausverwaltungen bei Rest-Entrümpelung, Reinigung, Fotodokumentation, Schlüssel- und Übergabethemen nach Auszug unterstützen kann.","1234","6","13","Gewerbliche Reinigung prüfen -> /regensburg/gewerbereinigung","gut","gut","gut","[object Object] | [object Object] | [object Object] | [object Object] | [object Object] | [object Object]","","","index, follow","P2","A","",""
"/blog/service-fuer-makler","Blog / Ratgeber","überregional oder nicht ortsgebunden","informieren und nächsten Schritt finden","service für makler","Service für Makler: Räume vorbereiten, bevor der erste Eindruck verloren geht","Service für Makler | FLOXANT","Wie FLOXANT Makler bei Räumung, Reinigung und Vorbereitung von Wohnungen oder Objekten für Besichtigung, Fototermin oder Übergabe unterstützen kann.","1232","6","13","Angebot prüfen -> /angebot-guenstiger-pruefen","gut","gut","gut","[object Object] | [object Object] | [object Object] | [object Object] | [object Object] | [object Object]","","","index, follow","P2","A","",""
"/blog/sichtbare-sauberkeit-vermietertermin","Blog / Ratgeber","überregional oder nicht ortsgebunden","informieren und nächsten Schritt finden","sichtbare sauberkeit vor vermietertermin","Sichtbare Sauberkeit: worauf Vermieter zuerst schauen","Sichtbare Sauberkeit vor Vermietertermin | FLOXANT","Welche Bereiche bei Wohnungsuebergabe, Endreinigung und Vermietertermin in Regensburg zuerst auffallen. Fotos, Termin, Umfang und Preisrahmen direkt senden und Machbarkeit prüfen lassen.","906","4","11","Angebot prüfen -> /angebot-guenstiger-pruefen","ausreichend","ausreichend","gut","[object Object] | [object Object] | [object Object] | [object Object] | [object Object] | [object Object] | [object Object] | [object Object] | [object Object] | [object Object] | [object Object] | [object Object] | [object Object] | [object Object] | [object Object] | [object Object] | [object Object] | [object Object]","","","index, follow","P2","A","",""
"/blog/signatur-services-floxant-bayern","Blog / Ratgeber","Bayern","informieren und nächsten Schritt finden","floxant signature services","FLOXANT Signature Services: Angebotsprüfung und besondere Situationen richtig einordnen","FLOXANT Signature Services | Angebotsprüfung & besondere Situationen","FLOXANT Signature Services: Angebotsprüfung, Vor-Ort-Prüfung, Objektbetreuung, Plan B, Leerstand, Übergabe und zusätzliche Hilfe ab Regensburg.","1158","4","14","Angebot prüfen -> /angebot-guenstiger-pruefen","gut","gut","gut","[object Object] | [object Object] | [object Object] | [object Object] | [object Object] | [object Object]","","","index, follow","P2","A","",""
"/blog/signature-services-extra-spezialfaelle-floxant","Blog / Ratgeber","überregional oder nicht ortsgebunden","informieren und nächsten Schritt finden","floxant signature services","FLOXANT Signature Services: Extra-Hilfe für Spezialfälle statt Standardauftrag","FLOXANT Signature Services | Extra- und Spezialservices","Wann FLOXANT Signature Services wie Private Client, Villenservice, Plan B, Objektvertretung, Vor-Ort-Prüfung, Mieterwechsel oder Übergabeakte sinnvoll sind.","924","4","13","Angebot prüfen -> /angebot-guenstiger-pruefen","gut","ausreichend","gut","[object Object] | [object Object] | [object Object] | [object Object] | [object Object] | [object Object]","","","index, follow","P2","A","",""
"/blog/treppenhausreinigung-regensburg-hauseingang-hausverwaltung","Blog / Ratgeber","Regensburg","informieren und nächsten Schritt finden","treppenhausreinigung regensburg","Treppenhausreinigung Regensburg: Hauseingang, Flur und WEG sauber planen","Treppenhausreinigung Regensburg | Hauseingang, WEG, Hausverwaltung","Treppenhausreinigung und Hauseingang in Regensburg für Hausverwaltung, WEG und Vermieter richtig anfragen: Etagen, Turnus, Schlüsselweg, Fotos und Bereiche klären.","961","5","14","Angebot prüfen -> /angebot-guenstiger-pruefen","ausreichend","gut","gut","[object Object] | [object Object] | [object Object] | [object Object] | [object Object] | [object Object]","","","index, follow","P2","A","",""
"/blog/treppenhausreinigung-regensburg-hausverwaltung-angebot","Blog / Ratgeber","Regensburg","informieren und nächsten Schritt finden","treppenhausreinigung regensburg angebot prüfen","Treppenhausreinigung in Regensburg: Angebot für Hausverwaltung und WEG prüfen","Treppenhausreinigung Regensburg Angebot prüfen | FLOXANT","Treppenhausreinigung in Regensburg für Hausverwaltung und WEG: FLOXANT prüft Angebot, Turnus, Etagen, Eingänge, Kellerflur, Müllbereich, Fotos und Zugang.","877","3","15","Angebot prüfen -> /angebot-guenstiger-pruefen","gut","gut","ausreichend","[object Object] | [object Object] | [object Object] | [object Object] | [object Object] | [object Object]","","","index, follow","P2","A","",""
"/blog/uebergabe-check-vor-vermietertermin","Blog / Ratgeber","überregional oder nicht ortsgebunden","informieren und nächsten Schritt finden","übergabe-check vor vermietertermin","Übergabe-Check vor dem Vermietertermin: Ist die Wohnung wirklich bereit?","Übergabe-Check vor Vermietertermin | FLOXANT","Warum ein neutraler Übergabe-Check vor dem Vermietertermin hilft und wie FLOXANT sichtbare Restpunkte, Fotos und nächste Schritte einordnet.","1362","7","13","Übergabe-Check anfragen -> /buchung","gut","gut","gut","[object Object] | [object Object] | [object Object] | [object Object] | [object Object] | [object Object]","","","index, follow","P2","A","",""
"/blog/umzug-checkliste","Blog / Ratgeber","überregional oder nicht ortsgebunden","informieren und nächsten Schritt finden","umzug checkliste","Umzug Checkliste: Schritt für Schritt zum neuen Zuhause","Umzug Checkliste | FLOXANT Blog","Vom Packen bis zur Ummeldung: eine klare Umzug Checkliste für bessere Vorbereitung. Fotos, Termin, Umfang und Preisrahmen direkt senden und Machbarkeit prüfen lassen.","120","1","3","Jetzt anfragen -> /rechner","ausreichend","schwach","gut","","","","index, follow","P2","B","",""
"/blog/umzug-im-alter-erlangen-bamberg-fuerth","Blog / Ratgeber","überregional oder nicht ortsgebunden","informieren und nächsten Schritt finden","umzug im alter erlangen, bamberg, fürth","Umzug im Alter in Erlangen, Bamberg und Fürth: Hilfe ruhig, verständlich und ohne Druck planen","Umzug im Alter Erlangen, Bamberg, Fürth | FLOXANT","Ratgeber für Seniorenumzug, Umzugshelfer für Senioren und Umzug im Alter in Erlangen, Bamberg, Fürth und Bayern. Fotos, Termin, Umfang und Preisrahmen direkt senden und Machbarkeit prüfen lassen.","871","3","15","Angebot prüfen -> /angebot-guenstiger-pruefen","ausreichend","gut","gut","[object Object] | [object Object] | [object Object] | [object Object] | [object Object] | [object Object]","","","index, follow","P2","A","",""
"/blog/umzug-ist-kein-transportproblem","Blog / Ratgeber","überregional oder nicht ortsgebunden","informieren und nächsten Schritt finden","warum ein umzug ein kontrollproblem ist","Ein Umzug ist kein Transportproblem. Er ist ein Kontrollproblem.","Warum ein Umzug ein Kontrollproblem ist | FLOXANT","Warum Umzüge selten nur am Transport scheitern und wie FLOXANT Zeitfenster, Zugang, Volumen, Zusatzaufgaben und Übergabe realistischer plant.","1335","6","16","Angebot prüfen -> /angebot-guenstiger-pruefen","gut","gut","gut","[object Object] | [object Object] | [object Object] | [object Object] | [object Object] | [object Object]","","","index, follow","P2","A","",""
"/blog/umzug-kosten-regensburg","Blog / Ratgeber","Regensburg","informieren und nächsten Schritt finden","umzugskosten in regensburg realistisch einordnen","Umzugskosten in Regensburg: Was Sie realistisch einplanen sollten","Umzugskosten in Regensburg realistisch einordnen | FLOXANT","Welche Faktoren prägen Umzugskosten in Regensburg? FLOXANT erklärt Strecke, Volumen, Stockwerke, Laufwege und Zusatzleistungen ohne Lockpreis-Sprache.","847","3","13","Angebot prüfen -> /angebot-guenstiger-pruefen","gut","gut","ausreichend","[object Object] | [object Object] | [object Object] | [object Object] | [object Object] | [object Object]","","","index, follow","P2","A","",""
"/blog/umzug-mit-kindern-stressfrei","Blog / Ratgeber","überregional oder nicht ortsgebunden","informieren und nächsten Schritt finden","umzug mit kindern","Umzug mit Kindern: was Familien vorher klären sollten","Umzug mit Kindern: So wird der Wohnungswechsel zum Abenteuer |...","Umzug mit Kindern stressfrei gestalten. Alter-spezifische Tipps, Einbeziehung ins Packen, Schulwechsel-Vorbereitung und emotionale Unterstützung. Anfrage online vorbereiten oder bequem per WhatsApp / Telefon anfragen:...","341","1","7","Angebot anfordern → -> /umzug","ausreichend","schwach","schwach","","","","index, follow","P2","B","",""
"/blog/umzug-mit-reinigung-regensburg","Blog / Ratgeber","Regensburg","informieren und nächsten Schritt finden","umzug mit reinigung in regensburg sinnvoll planen","Umzug mit Reinigung in Regensburg: Wann sich der Kombiservice lohnt","Umzug mit Reinigung in Regensburg sinnvoll planen | FLOXANT","Wann lohnt sich der Kombiservice aus Umzug und Reinigung? FLOXANT erklärt Ablauf, Vorteile und Preislogik für Regensburg und 50 km Umkreis.","822","5","14","Angebot prüfen -> /angebot-guenstiger-pruefen","ausreichend","gut","gut","[object Object] | [object Object] | [object Object] | [object Object] | [object Object] | [object Object]","","","index, follow","P2","A","",""
"/blog/umzug-muenchen-festpreis-fernumzug-organisieren","Blog / Ratgeber","überregional oder nicht ortsgebunden","informieren und nächsten Schritt finden","umzug münchen festpreis & fernumzug prüfen","Umzug in München organisieren: Festpreis, Fernumzug und Angebot realistisch prüfen","Umzug München Festpreis & Fernumzug prüfen | FLOXANT","Warum Festpreis, Fernumzug und Umzugsorganisation in München erst mit Volumen, Strecke, Fotos und Termin belastbar werden. Fotos, Termin, Umfang und Preisrahmen direkt senden und Machbarkeit prüfen lassen.","824","3","13","Angebot prüfen -> /angebot-guenstiger-pruefen","gut","gut","ausreichend","[object Object] | [object Object] | [object Object] | [object Object] | [object Object] | [object Object]","","","index, follow","P2","A","",""
"/blog/umzug-planen-schritt-fuer-schritt","Blog / Ratgeber","überregional oder nicht ortsgebunden","informieren und nächsten Schritt finden","umzug planen","Umzug planen: 10 Schritte, die wirklich helfen","Umzug planen: In 10 Schritten zum Ziel | FLOXANT","Umzug planen: Kündigung, Kartons, Zugang, Parken, Transport, Ummeldung und Übergabe Schritt für Schritt vorbereiten. Fotos, Termin, Umfang und Preisrahmen direkt senden und Machbarkeit prüfen lassen.","264","0","4","Umzug Regensburg anfragen -> /regensburg/umzug","gut","gut","ausreichend","","","","index, follow","P2","B","",""
"/blog/umzug-regensburg-tipps","Blog / Ratgeber","Regensburg","informieren und nächsten Schritt finden","umzug in regensburg planen","Umzug in Regensburg planen: Zugang, Parken, Laufwege","Umzug in Regensburg planen: Zugang, Parken, Laufwege | FLOXANT Blog","Umzug in Regensburg mit Start, Ziel, Volumen, Etage, Aufzug, Parkmöglichkeit, Laufwegen, Möbelmontage und Übergabe besser vorbereiten. Fotos, Termin, Umfang und Preisrahmen direkt senden und Machbarkeit prüfen lassen.","392","1","3","Umzug anfragen -> /kontakt?service=umzug&city=regensburg&intent=umzug-regensburg-blog&source=blog","schwach","gut","ausreichend","","","","index, follow","P2","B","",""
"/blog/umzug-reinigung-entruempelung-regensburg-koordinieren","Blog / Ratgeber","Regensburg","informieren und nächsten Schritt finden","umzug, reinigung und entrümpelung in regensburg koordinieren","Umzug, Reinigung und Entrümpelung in Regensburg: Warum Koordination wichtiger ist als ein Einzelpreis","Umzug, Reinigung und Entrümpelung in Regensburg koordinieren |...","Warum Wohnungswechsel in Regensburg nicht nur nach Einzelpreis geplant werden sollten und wie FLOXANT Umzug, Reinigung, Entrümpelung und Übergabe koordiniert.","1270","6","15","Angebot prüfen -> /angebot-guenstiger-pruefen","gut","gut","gut","[object Object] | [object Object] | [object Object] | [object Object] | [object Object] | [object Object]","","","index, follow","P2","A","",""
"/blog/umzug-reinigung-entruempelung-wer-hilft-regensburg","Blog / Ratgeber","Regensburg","informieren und nächsten Schritt finden","umzug, reinigung, entrümpelung düsseldorf & regensburg","Wer hilft bei Umzug, Reinigung und Entrümpelung in Düsseldorf und Regensburg?","Umzug, Reinigung, Entrümpelung Düsseldorf & Regensburg | FLOXANT","Warum FLOXANT für Kunden in Düsseldorf und Regensburg passt, wenn Umzug, Reinigung, Entrümpelung, Übergabe oder Preisrahmen zusammen gedacht werden müssen.","1028","6","17","Angebot prüfen -> /angebot-guenstiger-pruefen","gut","gut","gut","[object Object] | [object Object] | [object Object] | [object Object] | [object Object] | [object Object]","","","index, follow","P2","A","",""
"/blog/umzug-tipps-bayern","Blog / Ratgeber","Bayern","informieren und nächsten Schritt finden","12 umzugs-tipps aus der praxis in bayern","Die 12 effektivsten Umzug-Tipps aus dem Praxisalltag","12 Umzugs-Tipps aus der Praxis in Bayern | FLOXANT","Konkrete Umzugs-Tipps aus dem Alltag: Zugang, Kartons, Parken, Laufwege und Vorbereitung in Bayern besser planen. Fotos, Termin, Umfang und Preisrahmen direkt senden und Machbarkeit prüfen lassen.","123","1","3","Jetzt Kosten berechnen -> /rechner","gut","ausreichend","schwach","","","","index, follow","P2","B","",""
"/blog/umzugsangebot-muenchen-pruefen-festpreis-guenstiger","Blog / Ratgeber","überregional oder nicht ortsgebunden","informieren und nächsten Schritt finden","umzugsangebot münchen prüfen & festpreis","Umzugsangebot München prüfen: Festpreis, Strecke und Alternative realistisch einordnen","Umzugsangebot München prüfen & Festpreis | FLOXANT","Warum ein Umzugsangebot in München erst mit Volumen, Etage, Laufweg, Haltezone, Fotos, Strecke und Termin wirklich vergleichbar wird. Fotos, Termin, Umfang und Preisrahmen direkt senden und Machbarkeit prüfen lassen.","765","3","14","Angebot prüfen -> /angebot-guenstiger-pruefen","gut","gut","gut","[object Object] | [object Object] | [object Object] | [object Object] | [object Object] | [object Object]","","","index, follow","P2","A","",""
"/blog/umzugsangebot-pruefen-regensburg-bayern","Blog / Ratgeber","Regensburg","informieren und nächsten Schritt finden","umzugsangebot prüfen regensburg & bayern","Umzugsangebot prüfen lassen: Preis, Etage, Volumen und Strecke richtig einordnen","Umzugsangebot prüfen Regensburg & Bayern | FLOXANT","Umzugsangebot prüfen lassen: FLOXANT klärt Preis, Volumen, Etage, Laufweg, Strecke, Rückfahrt, Reinigung und Übergabe für Regensburg, Umgebung und Regensburg.","857","3","14","Umzugsangebot prüfen lassen -> /angebot-guenstiger-pruefen","gut","gut","gut","[object Object] | [object Object] | [object Object] | [object Object] | [object Object] | [object Object]","","","index, follow","P2","A","",""
"/blog/umzugsfirma-regensburg-google-maps-vertrauen","Blog / Ratgeber","Regensburg","informieren und nächsten Schritt finden","umzugsfirma regensburg über google maps finden","Umzugsfirma in Regensburg über Google Maps finden: worauf Kunden wirklich achten","Umzugsfirma Regensburg über Google Maps finden: worauf Kunden...","Wie Kunden eine Umzugsfirma in Regensburg über Google Maps besser einordnen können und warum direkte Buchungswege mehr Vertrauen schaffen.","911","3","11","Angebot prüfen -> /angebot-guenstiger-pruefen","ausreichend","gut","gut","[object Object] | [object Object] | [object Object] | [object Object] | [object Object] | [object Object]","","","index, follow","P2","A","",""
"/blog/umzugskosten-senken-7-tipps","Blog / Ratgeber","überregional oder nicht ortsgebunden","informieren und nächsten Schritt finden","umzugskosten senken","Umzugskosten senken: 7 realistische Hebel ohne Lockpreis","Umzugskosten senken | 7 realistische Hebel ohne Lockpreis","Sieben praktische Hebel, um Umzugskosten realistisch einzuordnen: Volumen, Termin, Zugang, Reinigung, Entrümpelung und Preisrahmen. Fotos, Termin, Umfang und Preisrahmen direkt senden und Machbarkeit prüfen lassen.","354","0","4","Preisrahmen prüfen -> /rechner","gut","gut","ausreichend","","","","index, follow","P2","B","",""
"/blog/umzugsunternehmen-regensburg-auswahl","Blog / Ratgeber","Regensburg","informieren und nächsten Schritt finden","umzugsunternehmen in regensburg auswählen","Umzugsunternehmen in Regensburg auswählen: worauf Kunden wirklich achten sollten","Umzugsunternehmen in Regensburg auswählen: worauf Kunden achten...","Wie Kunden in Regensburg ein Umzugsunternehmen seriös bewerten: Ansprechpartner, Vorprüfung, Preisrahmen, Zugang, Planung und regionale Erfahrung.","879","3","13","Direkt Buchung starten -> /buchung","gut","gut","gut","[object Object] | [object Object] | [object Object] | [object Object] | [object Object] | [object Object]","","","index, follow","P2","A","",""
"/blog/unterhaltsreinigung-regensburg-buero-praxis-hotel","Blog / Ratgeber","Regensburg","informieren und nächsten Schritt finden","unterhaltsreinigung regensburg für büro, praxis und hotel","Unterhaltsreinigung in Regensburg: worauf Büro, Praxis und Hotel achten sollten","Unterhaltsreinigung Regensburg für Büro, Praxis und Hotel | FLOXANT","Worauf Unternehmen bei Unterhaltsreinigung in Regensburg achten sollten: Turnus, Zugang, Qualitätskontrolle, Ansprechpartner und klare B2B-Abläufe.","884","3","14","Angebot prüfen -> /angebot-guenstiger-pruefen","gut","gut","gut","[object Object] | [object Object] | [object Object] | [object Object] | [object Object] | [object Object]","","","index, follow","P2","A","",""
"/blog/versteckter-schmutz-vor-uebergabe","Blog / Ratgeber","überregional oder nicht ortsgebunden","informieren und nächsten Schritt finden","versteckter schmutz vor übergabe","Versteckter Schmutz vor der Übergabe: typische Stellen","Versteckter Schmutz vor Übergabe | FLOXANT","Welche Stellen bei Wohnungsuebergabe und Endreinigung in Regensburg oft uebersehen werden. Fotos, Termin, Umfang und Preisrahmen direkt senden und Machbarkeit prüfen lassen.","905","4","11","Hidden Dirt Check ansehen -> /hidden-dirt-check","ausreichend","ausreichend","gut","[object Object] | [object Object] | [object Object] | [object Object] | [object Object] | [object Object] | [object Object] | [object Object] | [object Object] | [object Object] | [object Object] | [object Object] | [object Object] | [object Object] | [object Object] | [object Object]","","","index, follow","P2","A","",""
"/blog/vertrauliche-hilfe-belastete-raeume","Blog / Ratgeber","überregional oder nicht ortsgebunden","informieren und nächsten Schritt finden","vertrauliche reinigung belasteter räume","Vertrauliche Hilfe bei stark belasteten Räumen","Vertrauliche Reinigung belasteter Räume | FLOXANT","Wie stark belastete Räume in Regensburg ruhig angefragt, eingeordnet und ohne Bloßstellung vorbereitet werden können. Fotos, Termin, Umfang und Preisrahmen direkt senden und Machbarkeit prüfen lassen.","915","4","13","Angebot prüfen -> /angebot-guenstiger-pruefen","gut","gut","gut","[object Object] | [object Object] | [object Object] | [object Object] | [object Object] | [object Object] | [object Object]","","","index, follow","P2","A","",""
"/blog/volumen-risiko-check-umzug","Blog / Ratgeber","überregional oder nicht ortsgebunden","informieren und nächsten Schritt finden","volumen- und risiko-check beim umzug","Volumen- und Risiko-Check: Warum der billigste Umzugspreis oft nicht der realistischste ist","Volumen- und Risiko-Check beim Umzug | FLOXANT","Warum falsche Volumenschätzungen zu Zusatzfahrten, Zeitdruck und Nachforderungen führen können und wie FLOXANT Umzüge realistischer vorprüft.","1405","6","14","Angebot prüfen -> /angebot-guenstiger-pruefen","ausreichend","gut","gut","[object Object] | [object Object] | [object Object] | [object Object] | [object Object] | [object Object]","","","index, follow","P2","A","",""
"/blog/vor-schluesselabgabe-fertig-sein","Blog / Ratgeber","überregional oder nicht ortsgebunden","informieren und nächsten Schritt finden","vor schlüsselabgabe fertig werden","Was vor der Schlüsselabgabe wirklich fertig sein sollte","Vor Schlüsselabgabe fertig werden | FLOXANT","Eine ruhige Liste für Mieter in Regensburg: Was vor Schlüsselabgabe, Reinigung und Vermietertermin nicht offen bleiben sollte. Fotos, Termin, Umfang und Preisrahmen direkt senden und Machbarkeit prüfen lassen.","906","4","11","Angebot prüfen -> /angebot-guenstiger-pruefen","ausreichend","ausreichend","gut","[object Object] | [object Object] | [object Object] | [object Object] | [object Object] | [object Object] | [object Object] | [object Object]","","","index, follow","P2","A","",""
"/blog/warum-baustaub-wiederkommt","Blog / Ratgeber","überregional oder nicht ortsgebunden","informieren und nächsten Schritt finden","warum baustaub wiederkommt","Warum Baustaub immer wiederkommt und was dagegen hilft","Warum Baustaub wiederkommt | FLOXANT","Warum sich Baustaub nach der ersten Reinigung erneut absetzt und wie Kunden in Regensburg realistischer planen. Fotos, Termin, Umfang und Preisrahmen direkt senden und Machbarkeit prüfen lassen.","904","4","11","Angebot prüfen -> /angebot-guenstiger-pruefen","ausreichend","ausreichend","gut","[object Object] | [object Object] | [object Object] | [object Object] | [object Object] | [object Object] | [object Object] | [object Object]","","","index, follow","P2","A","",""
"/blog/warum-floxant-die-beste-wahl-ist","Blog / Ratgeber","überregional oder nicht ortsgebunden","informieren und nächsten Schritt finden","umzugsunternehmen bewerten","Umzugsunternehmen bewerten: worauf Kunden wirklich achten sollten","Umzugsunternehmen bewerten: worauf Kunden achten sollten | FLOXANT","Woran Kunden ein passendes Umzugsunternehmen erkennen: Ablauf, Preisrahmen, Kommunikation, Zusatzleistungen und regionale Planung. Fotos, Termin, Umfang und Preisrahmen direkt senden und Machbarkeit prüfen lassen.","825","3","12","Vorprüfung starten -> /rechner","gut","gut","gut","[object Object] | [object Object] | [object Object] | [object Object] | [object Object] | [object Object]","","","index, follow","P2","A","",""
"/blog/welche-raeume-zaehlen-wenn-zeit-knapp","Blog / Ratgeber","überregional oder nicht ortsgebunden","informieren und nächsten Schritt finden","reinigung priorisieren bei wenig zeit","Welche Räume zuerst zählen, wenn Zeit knapp ist","Reinigung priorisieren bei wenig Zeit | FLOXANT","Ein kurzer Prioritätenplan für Regensburg: Welche Räume bei Besuch, Termin oder Übergabe zuerst gereinigt werden sollten. Fotos, Termin, Umfang und Preisrahmen direkt senden und Machbarkeit prüfen lassen.","896","4","11","Angebot prüfen -> /angebot-guenstiger-pruefen","ausreichend","ausreichend","gut","[object Object] | [object Object] | [object Object] | [object Object] | [object Object] | [object Object] | [object Object] | [object Object] | [object Object] | [object Object] | [object Object] | [object Object] | [object Object] | [object Object]","","","index, follow","P2","A","",""
"/blog/welcher-floxant-service-passt","Blog / Ratgeber","überregional oder nicht ortsgebunden","informieren und nächsten Schritt finden","welcher floxant service passt?","Welcher FLOXANT Service passt zu meinem Problem?","Welcher FLOXANT Service passt? | Umzug, Reinigung, Entrümpelung","Ein klarer Überblick für Kunden, die Umzug, Reinigung, Entrümpelung, Übergabe, Angebot prüfen oder Express-Hilfe suchen und schnell den passenden FLOXANT Startpunkt finden möchten.","1215","7","14","Passende Anfrage starten -> /buchung","ausreichend","gut","gut","[object Object] | [object Object] | [object Object] | [object Object] | [object Object] | [object Object]","","","index, follow","P2","A","",""
"/blog/wenn-besuch-oder-uebergabe-morgen-ist","Blog / Ratgeber","überregional oder nicht ortsgebunden","informieren und nächsten Schritt finden","reinigung bis morgen sortieren","Wenn Besuch, Übergabe oder Termin morgen ist: so sortieren Sie richtig","Reinigung bis morgen sortieren | FLOXANT","Wie Kunden in Regensburg bei Putzdruck bis morgen Prioritäten setzen und FLOXANT schnell mit den richtigen Daten anfragen. Fotos, Termin, Umfang und Preisrahmen direkt senden und Machbarkeit prüfen lassen.","924","4","11","Angebot prüfen -> /angebot-guenstiger-pruefen","ausreichend","ausreichend","gut","[object Object] | [object Object] | [object Object] | [object Object] | [object Object] | [object Object] | [object Object] | [object Object]","","","index, follow","P2","A","",""
"/blog/wohnung-uebergabebereit-machen","Blog / Ratgeber","überregional oder nicht ortsgebunden","informieren und nächsten Schritt finden","wohnung übergabebereit machen","Wohnung übergabebereit machen: Was vor der Schlüsselübergabe wirklich zählt","Wohnung übergabebereit machen | FLOXANT","Warum vor der Schlüsselübergabe mehr zählt als Reinigung und wie FLOXANT Keller, Balkon, Restgegenstände, Fotos und letzte Aufgaben koordiniert.","1221","6","14","Angebot prüfen -> /angebot-guenstiger-pruefen","ausreichend","gut","gut","[object Object] | [object Object] | [object Object] | [object Object] | [object Object] | [object Object]","","","index, follow","P2","A","",""
"/blog/wohnung-wieder-bewohnbar-bekommen","Blog / Ratgeber","überregional oder nicht ortsgebunden","informieren und nächsten Schritt finden","wohnung wieder bewohnbar bekommen","Wohnung wieder bewohnbar bekommen nach Umzug, Stressphase oder langem Liegenlassen","Wohnung wieder bewohnbar bekommen | FLOXANT","Wie eine Reset-Reinigung hilft, wenn Wohnung, Küche, Bad oder Wohnbereich wieder alltagstauglich werden sollen. Fotos, Termin, Umfang und Preisrahmen direkt senden und Machbarkeit prüfen lassen.","916","4","15","Angebot prüfen -> /angebot-guenstiger-pruefen","gut","gut","gut","[object Object] | [object Object] | [object Object] | [object Object] | [object Object] | [object Object] | [object Object] | [object Object] | [object Object] | [object Object] | [object Object] | [object Object] | [object Object] | [object Object] | [object Object]","","","index, follow","P2","A","",""
"/blog/wohnungsaufloesung-was-tun","Blog / Ratgeber","überregional oder nicht ortsgebunden","informieren und nächsten Schritt finden","wohnungsauflösung","Wohnungsauflösung im Todesfall: Was Angehörige jetzt tun müssen","Wohnungsauflösung: Was zuerst geklärt werden sollte","Berechtigung, persönliche Gegenstände, Räume, Fotos, Entsorgung, Reinigung und Übergabe: die sinnvolle Reihenfolge für eine Wohnungsauflösung.","682","4","18","Anfrage für Haushaltsauflösung -> /rechner","ausreichend","gut","gut","","","","index, follow","P2","A","",""
"/blog/wohnungsuebergabe-komplettpaket","Blog / Ratgeber","Regensburg","informieren und nächsten Schritt finden","wohnungsübergabe-komplettpaket","Wohnungsübergabe-Komplettpaket: Wenn Umzug, Reinigung und Schlüssel zusammenpassen müssen","Wohnungsübergabe-Komplettpaket | FLOXANT Regensburg & Bayern","Warum eine Wohnungsübergabe mehr ist als Transport oder Reinigung und wie FLOXANT Umzug, Endreinigung, Rest-Entrümpelung, Fotos und Schlüsselübergabe koordinieren kann.","1532","6","15","Wohnungsübergabe anfragen -> /buchung","gut","gut","gut","[object Object] | [object Object] | [object Object] | [object Object] | [object Object] | [object Object]","","","index, follow","P2","A","",""
"/blog/wohnungsuebergabe-ohne-streit","Blog / Ratgeber","Regensburg","informieren und nächsten Schritt finden","wohnungsuebergabe ohne streit","Wohnungsuebergabe ohne Streit: was vorher wirklich helfen kann","Wohnungsuebergabe ohne Streit | FLOXANT Regensburg","Wie Reinigung, Restpunkte, Fotos und klare Reihenfolge vor der Wohnungsuebergabe Konflikte reduzieren können. Fotos, Termin, Umfang und Preisrahmen direkt senden und Machbarkeit prüfen lassen.","926","4","14","Angebot prüfen -> /angebot-guenstiger-pruefen","ausreichend","ausreichend","gut","[object Object] | [object Object] | [object Object] | [object Object] | [object Object] | [object Object] | [object Object] | [object Object] | [object Object] | [object Object] | [object Object] | [object Object] | [object Object] | [object Object] | [object Object]","","","index, follow","P2","A","",""
"/blog/wohnungsuebergabe-protokoll-guide","Blog / Ratgeber","überregional oder nicht ortsgebunden","informieren und nächsten Schritt finden","wohnungsübergabe","Wohnungsübergabe: So erstellen Sie ein wasserdichtes Protokoll","Wohnungsübergabe: So sichern Sie sich rechtlich ab | FLOXANT...","Wohnungsübergabeprotokoll richtig erstellen. Was muss rein, worauf achten und wie vermeiden Sie Streit um die Kaution? Kompletter Guide. Anfrage online vorbereiten oder bequem per WhatsApp / Telefon anfragen: +49 1577...","303","5","8","Angebot anfordern → -> /umzug","gut","ausreichend","schwach","","","","index, follow","P2","B","",""
"/blog/wohnungsuebergabe-regensburg-vorbereiten","Blog / Ratgeber","Regensburg","informieren und nächsten Schritt finden","wohnungsübergabe in regensburg vorbereiten","Wohnungsübergabe in Regensburg vorbereiten: Reinigung, Schlüssel und letzte Aufgaben im Griff behalten","Wohnungsübergabe in Regensburg vorbereiten | FLOXANT","Wie Mieter in Regensburg Reinigung, Schlüssel, Keller, Fotos, Restgegenstände und Vermietertermin vor der Wohnungsübergabe besser strukturieren.","1285","6","15","Endreinigung anfragen -> /reinigung","gut","gut","ausreichend","[object Object] | [object Object] | [object Object] | [object Object] | [object Object] | [object Object]","","","index, follow","P2","A","",""
"/buchung","Formular / Werkzeug","überregional oder nicht ortsgebunden","Angaben erfassen und Anfrage vorbereiten","floxant direkt anfragen","Was brauchen Sie?","FLOXANT direkt anfragen | Umzug, Reinigung & Räumung","Direkte FLOXANT Anfrage starten: Umzug, Reinigung, Entrümpelung, Haushaltsauflösung oder Entsorgung wählen, Fotos senden und Rückmeldung erhalten.","1496","7","41","Direkter Start Anfrage senden Leistung wählen und die Anfrage sofort senden. -> /buchung?entry=direkt#buchungssystem","ausreichend","gut","gut","[object Object] | [object Object] | [object Object] | [object Object] | [object Object] | [object Object]","","","index, follow","P2","A","",""
"/buchung-ablauf","Hub / Information","überregional oder nicht ortsgebunden","passenden Service und nächsten Schritt wählen","floxant buchung","Direkt rechnen, Anfrage vorbereiten und sauber beauftragen.","FLOXANT Buchung | Rechner, Anfrage, Angebot","So läuft es ab: Preisrahmen prüfen, Anfrage senden, Angebot erhalten und Auftrag sauber abstimmen. Ohne versteckte Sofortbindung. Fotos, Termin, Umfang und Preisrahmen direkt senden und Machbarkeit prüfen lassen.","407","5","6","Express-Anfrage starten -> /express-anfrage","ausreichend","schwach","ausreichend","","","","index, follow","P2","B","",""
"/buchungsbedingungen","Recht / Pflichtinformation","überregional oder nicht ortsgebunden","Pflichtangaben nachlesen","buchungsbedingungen","Buchungsbedingungen","Buchungsbedingungen – FLOXANT","Buchungsbedingungen von FLOXANT. Fragen können Sie per WhatsApp oder Telefon klären: +49 1577 1105087. Fotos, Termin, Umfang und Preisrahmen direkt senden und Machbarkeit prüfen lassen.","126","0","0","","ausreichend","schwach","schwach","","","","index, follow","P2","B","",""
"/buerokratie-schutz","Hub / Information","überregional oder nicht ortsgebunden","passenden Service und nächsten Schritt wählen","bürokratie-schutz","Bürokratie-Schutz","Bürokratie-Schutz – Behördliche Formalitäten delegieren","Der FLOXANT Bürokratie-Schutz übernimmt die behördlichen Formalitäten rund um Ihren Umzug. Zugang und Parken, Ummeldung, Nachsendeauftrag.","223","1","6","Jetzt anfragen -> /rechner","ausreichend","ausreichend","ausreichend","[object Object] | [object Object]","","","index, follow","P2","B","",""
"/bueroumzug","Service-Seite","Regensburg","Leistung verstehen und anfragen","büroumzug regensburg","Büroumzug in Bayern","Büroumzug Regensburg | Firmenumzug klar planen","Arbeitsplätze, IT, Archiv, Möbel, Zugang und Zeitfenster Punkt für Punkt prüfen lassen. FLOXANT plant Büroumzüge in Regensburg und Bayern.","2581","14","19","Budget nennen -> /anfrage-mit-preisrahmen","ausreichend","gut","gut","[object Object] | [object Object] | [object Object] | [object Object] | [object Object] | [object Object] | [object Object] | [object Object] | [object Object] | [object Object] | [object Object] | [object Object] | [object Object] | [object Object] | [object Object] | [object Object] | [object Object] | [object Object] | [object Object] | [object Object] | [object Object] | [object Object] | [object Object] | [object Object] | [object Object] | [object Object] | [object Object] | [object Object] | [object Object]","","","index, follow","P1","A","",""
"/bueroumzug-bayern","Lokale Service-Seite","Bayern","Leistung verstehen und anfragen","büroumzug bayern","Umzug Bayern","Büroumzug Bayern | Firmenumzug klar planen","Büro in Bayern umziehen: Umfang, Etagen, sensible Unterlagen, Zeitfenster und Reinigung nach dem Umzug sauber abstimmen. Bayern wird über den FLOXANT-Regensburg-Radius geprüft; Ort, Fotos und Preisrahmen helfen bei der...","2559","14","19","Budget nennen -> /anfrage-mit-preisrahmen","ausreichend","gut","gut","[object Object] | [object Object] | [object Object] | [object Object] | [object Object] | [object Object] | [object Object] | [object Object] | [object Object] | [object Object] | [object Object] | [object Object] | [object Object] | [object Object] | [object Object] | [object Object] | [object Object] | [object Object] | [object Object] | [object Object] | [object Object] | [object Object] | [object Object] | [object Object] | [object Object] | [object Object] | [object Object] | [object Object] | [object Object] | [object Object]","","h1 identisch mit /entruempelung-bayern, /umzug-bayern, /wohnungsaufloesung-bayern","index, follow","P1","A","",""
"/bueroumzug-regensburg","Lokale Service-Seite","Regensburg","Leistung verstehen und anfragen","büroumzug regensburg","Büroumzug in regensburg","Büroumzug Regensburg | Firma & Angebot prüfen","Büroumzug Regensburg: Arbeitsplätze, Möbel, Akten, IT-nahe Bereiche, Zeitfenster, Fotos, Entsorgung und Angebot prüfen. Büroumzug, Fotos, Termin, Zugang, vorhandenes Angebot und Preisrahmen für Regensburg...","2561","14","25","Budget nennen -> /anfrage-mit-preisrahmen","ausreichend","gut","gut","[object Object] | [object Object] | [object Object] | [object Object] | [object Object] | [object Object] | [object Object] | [object Object] | [object Object] | [object Object] | [object Object] | [object Object] | [object Object] | [object Object] | [object Object] | [object Object] | [object Object] | [object Object] | [object Object] | [object Object] | [object Object] | [object Object] | [object Object] | [object Object] | [object Object] | [object Object] | [object Object] | [object Object]","","","index, follow","P1","A","",""
"/business-errand-service","Hub / Information","Regensburg","passenden Service und nächsten Schritt wählen","erledigungsservice für unternehmen regensburg","Wenn Ihr Team nicht hinfahren muss, sollte es das auch nicht tun.","Erledigungsservice für Unternehmen Regensburg | Vor-Ort-Aufgaben","FLOXANT erledigt kleine Vor-Ort-Aufgaben für Unternehmen: Dokumente abholen, Schlüssel übergeben, Material bringen oder etwas vor Ort prüfen.","675","4","8","Anfrage starten -> /buchung?utm_source=business-errand-service&utm_medium=premium_landingpage&service=business-errand-service#buchungssystem","ausreichend","ausreichend","gut","[object Object] | [object Object]","","","index, follow","P2","A","",""
"/clean-start","Hub / Information","überregional oder nicht ortsgebunden","passenden Service und nächsten Schritt wählen","clean start ceremony","Clean Start Ceremony","Clean Start Ceremony – Ihr neues Zuhause bewusst beziehen","Die Clean Start Ceremony von FLOXANT bereitet Ihre neue Wohnung auf einen bewussten Einzug vor. Professionelle Reinigung als Grundlage für einen Neuanfang.","225","1","6","Jetzt anfragen -> /rechner","ausreichend","ausreichend","schwach","[object Object]","","","index, follow","P2","B","",""
"/damen-team","Hub / Information","überregional oder nicht ortsgebunden","passenden Service und nächsten Schritt wählen","damen-team","Damen-Team","Damen-Team – Umzug durch ein reines Frauenteam","FLOXANT Damen-Team bietet Umzüge durch ausschließlich weibliches Personal. Diskret, respektvoll und professionell. Fotos, Termin, Umfang und Preisrahmen direkt senden und Machbarkeit prüfen lassen.","207","1","6","Jetzt anfragen -> /rechner","ausreichend","ausreichend","schwach","[object Object]","","","index, follow","P2","B","",""
"/datenschutz","Recht / Pflichtinformation","überregional oder nicht ortsgebunden","Pflichtangaben nachlesen","datenschutz","Datenschutzerklärung","Datenschutz – FLOXANT","Datenschutzerklärung von Floxant. Informationen zum Umgang mit Ihren Daten bei Umzug, Reinigung & Entrümpelung. Fotos, Termin, Umfang und Preisrahmen direkt senden und Machbarkeit prüfen lassen.","334","0","0","","ausreichend","schwach","schwach","","","","index, follow","P2","B","",""
"/diskret-service","Hub / Information","überregional oder nicht ortsgebunden","passenden Service und nächsten Schritt wählen","diskret-service für sensible anfragen","Diskret-Service für sensible Anfragen – Umzug, Entrümpelung und Auflösung zurückhaltend klären","Diskret-Service für sensible Anfragen","Sensible Anfrage zu Umzug, Entrümpelung, Auflösung, Nachlass, Reinigung oder Angebot mit bevorzugtem Kontaktweg einordnen. Fotos, Termin, Umfang und Preisrahmen direkt senden und Machbarkeit prüfen lassen.","1253","8","27","Bevorzugten Kontaktweg angeben -> /kontakt?service=diskret-service&intent=diskreter-fall&source=seo","ausreichend","gut","gut","[object Object]","","","index, follow","P2","A","",""
"/diskreter-umzug-trennung-scheidung","Service-Seite","überregional oder nicht ortsgebunden","Leistung verstehen und anfragen","diskreter umzug bei trennung oder scheidung","Diskreter Service fuer Auszug, Reinigung und Uebergabe","Diskreter Umzug bei Trennung oder Scheidung | FLOXANT","Diskreter Auszug in Regensburg: Rückruf, sichere Kontaktmethode, Transport, Reinigung, Schlüsselübergabe und Übergabeakte nach Absprache.","1994","16","17","Diskreten Rückruf anfragen -> /kontakt?service=diskret-service&intent=diskret-service&priority=p0&source=seo#direktanfrage","gut","gut","gut","[object Object] | [object Object]","","","index, follow","P1","A","",""
"/duesseldorf","Standort-Hub","Düsseldorf","passenden Service und nächsten Schritt wählen","floxant düsseldorf","FLOXANT Düsseldorf für Reinigung von Büro, Praxis und Objekt.","FLOXANT Düsseldorf | Reinigung für Büro, Praxis & Objekt","FLOXANT Düsseldorf für Reinigung von Wohnung, Büro, Praxis, Gewerbe und Glas. Fläche, Turnus, Zugang, Termin oder vorhandenes Angebot senden.","618","8","13","Reinigung anfragen -> /kontakt?service=reinigung&city=duesseldorf&intent=reinigung-duesseldorf&source=seo","gut","ausreichend","gut","","","","index, follow","P0","B","",""
"/duesseldorf/bueroreinigung","Lokale Service-Seite","Düsseldorf","Leistung verstehen und anfragen","büroreinigung düsseldorf","Büroreinigung in Düsseldorf planbar und klar anfragen","Büroreinigung Düsseldorf | Turnus planen | FLOXANT","Büroreinigung in Düsseldorf für Arbeitsplätze, Küche, Sanitär und Besprechungsräume. Fläche, Turnus, Reinigungszeiten und Zugang angeben.","1706","14","18","Büroreinigung in Düsseldorf anfragen -> /kontakt?service=bueroreinigung&city=duesseldorf&intent=bueroreinigung-duesseldorf&source=seo","gut","gut","gut","[object Object] | [object Object] | [object Object] | [object Object] | [object Object] | [object Object] | [object Object] | [object Object] | [object Object] | [object Object] | [object Object] | [object Object] | [object Object] | [object Object] | [object Object] | [object Object] | [object Object] | [object Object] | [object Object] | [object Object] | [object Object] | [object Object] | [object Object] | [object Object] | [object Object] | [object Object] | [object Object] | [object Object]","","","index, follow","P0","A","",""
"/duesseldorf/fensterreinigung","Lokale Service-Seite","Düsseldorf","Leistung verstehen und anfragen","fensterreinigung düsseldorf","Fensterreinigung in Düsseldorf mit Glasflächen und Zugang anfragen","Fensterreinigung Düsseldorf: Glasflächen & Angebot","Fensterreinigung in Düsseldorf anfragen: Fensterzahl, Glasflächen, Innen- oder Außenseite, Rahmen, Etage, Zugang, Turnus und Fotos angeben.","1657","13","16","Fensterreinigung in Düsseldorf anfragen -> /kontakt?service=fensterreinigung&city=duesseldorf&intent=fensterreinigung-duesseldorf&source=seo","gut","gut","gut","[object Object] | [object Object] | [object Object] | [object Object] | [object Object] | [object Object] | [object Object] | [object Object] | [object Object] | [object Object] | [object Object] | [object Object] | [object Object] | [object Object] | [object Object] | [object Object] | [object Object] | [object Object] | [object Object] | [object Object] | [object Object] | [object Object] | [object Object] | [object Object] | [object Object] | [object Object] | [object Object] | [object Object]","","","index, follow","P0","A","",""
"/duesseldorf/gewerbereinigung","Lokale Service-Seite","Düsseldorf","Leistung verstehen und anfragen","gewerbereinigung düsseldorf","Gewerbereinigung in Düsseldorf nach Objekt und Nutzung planen","Gewerbereinigung Düsseldorf: Objekt & Turnus | FLOXANT","Gewerbereinigung in Düsseldorf für Laden, Studio und Objektfläche. Nutzung, Fläche, Zeitfenster, Turnus, Zugang und Leistungsumfang angeben.","1667","14","18","Gewerbereinigung in Düsseldorf anfragen -> /kontakt?service=gewerbereinigung&city=duesseldorf&intent=gewerbereinigung-duesseldorf&source=seo","gut","gut","gut","[object Object] | [object Object] | [object Object] | [object Object] | [object Object] | [object Object] | [object Object] | [object Object] | [object Object] | [object Object] | [object Object] | [object Object] | [object Object] | [object Object] | [object Object] | [object Object] | [object Object] | [object Object] | [object Object] | [object Object] | [object Object] | [object Object] | [object Object] | [object Object] | [object Object] | [object Object] | [object Object] | [object Object]","","","index, follow","P0","A","",""
"/duesseldorf/luxusreinigung","Lokale Service-Seite","Düsseldorf","Leistung verstehen und anfragen","premium-reinigung düsseldorf","Premium-Reinigung für anspruchsvolle Objekte in Düsseldorf","Premium-Reinigung Düsseldorf | Anspruchsvolle Objekte | FLOXANT","Premium-Reinigung für anspruchsvolle Objekte in Düsseldorf: Büros, Praxen, Kanzleien, Showrooms und Apartments diskret und sorgfältig abstimmen.","397","4","0","Premium-Reinigung Düsseldorf anfragen -> Schaltfläche","ausreichend","ausreichend","ausreichend","","","","index, follow","P1","B","",""
"/duesseldorf/praxisreinigung","Lokale Service-Seite","Düsseldorf","Leistung verstehen und anfragen","praxisreinigung düsseldorf","Praxisreinigung in Düsseldorf mit Räumen und Zeiten anfragen","Praxisreinigung Düsseldorf | Ablauf & Angebot | FLOXANT","Praxisreinigung in Düsseldorf für Empfang, Wartebereich, Sanitär und Nebenräume. Raumliste, Turnus, Reinigungszeiten und Zugang angeben.","1648","13","16","Praxisreinigung in Düsseldorf anfragen -> /kontakt?service=praxisreinigung&city=duesseldorf&intent=praxisreinigung-duesseldorf&source=seo","gut","gut","gut","[object Object] | [object Object] | [object Object] | [object Object] | [object Object] | [object Object] | [object Object] | [object Object] | [object Object] | [object Object] | [object Object] | [object Object] | [object Object] | [object Object] | [object Object] | [object Object] | [object Object] | [object Object] | [object Object] | [object Object] | [object Object] | [object Object] | [object Object] | [object Object] | [object Object] | [object Object] | [object Object] | [object Object]","","","index, follow","P0","A","",""
"/duesseldorf/reinigung","Lokale Service-Seite","Düsseldorf","Leistung verstehen und anfragen","reinigungsfirma düsseldorf","Reinigungsfirma in Düsseldorf für Wohnung, Büro und Objekt","Reinigungsfirma Düsseldorf | Angebot anfragen | FLOXANT","Reinigung in Düsseldorf für Wohnung, Büro, Praxis oder Gewerbe anfragen. Objektart, Fläche, Turnus, Termin und Fotos senden; Angebot klar prüfen.","2004","13","19","Reinigung in Düsseldorf anfragen -> /kontakt?service=reinigung&city=duesseldorf&intent=reinigung-duesseldorf&source=seo","gut","gut","gut","[object Object] | [object Object] | [object Object] | [object Object] | [object Object] | [object Object] | [object Object] | [object Object] | [object Object] | [object Object] | [object Object] | [object Object] | [object Object] | [object Object] | [object Object] | [object Object] | [object Object] | [object Object] | [object Object] | [object Object] | [object Object] | [object Object] | [object Object] | [object Object] | [object Object] | [object Object] | [object Object] | [object Object]","","","index, follow","P0","A","",""
"/einlagerung","Hub / Information","überregional oder nicht ortsgebunden","passenden Service und nächsten Schritt wählen","einlagerung anfragen","Sichere Einlagerung in Bayern","Einlagerung anfragen: Menge, Dauer und Zugang klären","Möbel, Kartons, benötigte Dauer, gewünschter Zugriff und Abholsituation beschreiben. FLOXANT prüft den passenden nächsten Schritt ohne Verfügbarkeitszusage.","2565","14","18","Budget nennen -> /anfrage-mit-preisrahmen","ausreichend","gut","gut","[object Object] | [object Object] | [object Object] | [object Object] | [object Object] | [object Object] | [object Object] | [object Object] | [object Object] | [object Object] | [object Object] | [object Object] | [object Object] | [object Object] | [object Object] | [object Object] | [object Object] | [object Object] | [object Object] | [object Object] | [object Object] | [object Object] | [object Object] | [object Object] | [object Object] | [object Object] | [object Object] | [object Object] | [object Object] | [object Object] | [object Object] | [object Object] | [object Object] | [object Object] | [object Object] | [object Object] | [object Object]","","","index, follow","P2","A","",""
"/einsatzradar-regensburg","Lokale Service-Seite","Regensburg","Leistung verstehen und anfragen","floxant einsatzradar regensburg","FLOXANT Einsatzradar für Regensburg und Umgebung","FLOXANT Einsatzradar Regensburg | Einsatzarten & Servicegebiet","Typische und anonymisierte Einsatzarten im Raum Regensburg: Umzug, Reinigung, Entrümpelung, Rückfahrt, Übergabeakte und Objektservice. Regensburg Core, Nahbereich, Bayern nach Verfügbarkeit und Regensburg getrennt...","1034","12","14","Eigenen Fall prüfen lassen -> /buchung#buchungssystem","ausreichend","gut","ausreichend","","","","index, follow","P1","A","",""
"/empfehlen","Hub / Information","überregional oder nicht ortsgebunden","passenden Service und nächsten Schritt wählen","floxant empfehlen","FLOXANT empfehlen und 50 Euro als Dankeschön erhalten","FLOXANT empfehlen | 50 Euro Empfehlungsbonus","FLOXANT weiterempfehlen: Partnercode oder Empfehlungslink teilen. Bei bestätigtem und bezahltem Auftrag wird der 50 Euro Bonus geprüft.","1037","10","9","Anfrage starten -> /buchung?ref=FLOXANT50","ausreichend","gut","ausreichend","","","","index, follow","P2","A","",""
"/en","Englische Intent-Seite","Düsseldorf und Regensburg","passenden Service und nächsten Schritt wählen","floxant services in english","Cleaning in Düsseldorf and moving services in Regensburg","FLOXANT Services in English | Düsseldorf & Regensburg","FLOXANT services in English: cleaning in Düsseldorf and cleaning, moving or clearance in Regensburg. Send scope, timing, access and photos.","660","0","26","Send an English request -> /en/contact","ausreichend","schwach","schwach","","","","index, follow","P2","B","",""
"/en/contact","Englische Intent-Seite","Düsseldorf und Regensburg","passenden Service und nächsten Schritt wählen","contact floxant in english","Send your FLOXANT request in English","Contact FLOXANT in English | Düsseldorf & Regensburg","Send a FLOXANT service request in English for cleaning in Düsseldorf or cleaning, moving and clearance in Regensburg.","121","0","0","Send request -> Schaltfläche","ausreichend","schwach","schwach","","","","index, follow","P2","B","",""
"/en/create-request","Englische Intent-Seite","überregional oder nicht ortsgebunden","passenden Service und nächsten Schritt wählen","create a cleaning or moving request brief","Prepare a clear service request before contacting FLOXANT","Create a Cleaning or Moving Request Brief | FLOXANT","Create a structured request brief in English for cleaning in Düsseldorf or cleaning, moving and clearance in Regensburg. No price or appointment is calculated.","190","0","0","Send request -> Schaltfläche","ausreichend","schwach","schwach","","","","index, follow","P2","B","",""
"/en/duesseldorf/apartment-cleaning","Englische Intent-Seite","Düsseldorf","passenden Service und nächsten Schritt wählen","apartment cleaning düsseldorf","Apartment cleaning in Düsseldorf for occupied or empty homes","Apartment Cleaning Düsseldorf | English Request | FLOXANT","Apartment cleaning in Düsseldorf for occupied homes, empty flats and handovers. Send rooms, condition, access, timing and photos in English.","683","6","13","Request Apartment cleaning -> /en/contact?city=duesseldorf&service=wohnungsreinigung","ausreichend","schwach","schwach","[object Object] | [object Object] | [object Object] | [object Object] | [object Object] | [object Object] | [object Object] | [object Object] | [object Object]","","","index, follow","P2","B","",""
"/en/duesseldorf/cleaning","Englische Intent-Seite","Düsseldorf","passenden Service und nächsten Schritt wählen","cleaning service düsseldorf","Cleaning service in Düsseldorf for homes, offices and practices","Cleaning Service Düsseldorf | English Request | FLOXANT","Cleaning service in Düsseldorf for apartments, offices, practices and commercial spaces. Send property type, size, timing, access and photos in English.","687","6","13","Request Cleaning service -> /en/contact?city=duesseldorf&service=reinigung","ausreichend","schwach","schwach","[object Object] | [object Object] | [object Object] | [object Object] | [object Object] | [object Object] | [object Object] | [object Object] | [object Object]","","","index, follow","P2","B","",""
"/en/duesseldorf/cleaning-quote-review","Englische Intent-Seite","Düsseldorf","passenden Service und nächsten Schritt wählen","cleaning quote review düsseldorf","Review a Düsseldorf cleaning quote before you decide","Cleaning Quote Review Düsseldorf | Scope Check | FLOXANT","Review a cleaning quote for Düsseldorf: scope, area, frequency, access, time windows, materials, extras and missing assumptions checked in English.","681","6","14","Review quote -> /en/contact?city=duesseldorf&service=angebot-vergleichen","ausreichend","schwach","schwach","[object Object] | [object Object] | [object Object] | [object Object] | [object Object] | [object Object] | [object Object] | [object Object]","","","index, follow","P2","B","",""
"/en/duesseldorf/commercial-cleaning","Englische Intent-Seite","Düsseldorf","passenden Service und nächsten Schritt wählen","commercial cleaning düsseldorf","Commercial cleaning in Düsseldorf by property type and use","Commercial Cleaning Düsseldorf | Scope & Quote | FLOXANT","Commercial cleaning in Düsseldorf for shops, studios and business properties. Send area, use, time windows, access, frequency and required scope.","692","6","14","Request Commercial cleaning -> /en/contact?city=duesseldorf&service=gewerbereinigung","ausreichend","schwach","schwach","[object Object] | [object Object] | [object Object] | [object Object] | [object Object] | [object Object] | [object Object] | [object Object] | [object Object]","","","index, follow","P2","B","",""
"/en/duesseldorf/deep-cleaning","Englische Intent-Seite","Düsseldorf","passenden Service und nächsten Schritt wählen","deep cleaning düsseldorf","Deep cleaning in Düsseldorf after renovation or heavy use","Deep Cleaning Düsseldorf | Condition & Scope | FLOXANT","Deep cleaning in Düsseldorf after renovation, vacancy or heavy use. Send rooms, surfaces, condition, access, desired result and photos in English.","689","6","13","Request Deep cleaning -> /en/contact?city=duesseldorf&service=grundreinigung","ausreichend","schwach","schwach","[object Object] | [object Object] | [object Object] | [object Object] | [object Object] | [object Object] | [object Object] | [object Object] | [object Object]","","","index, follow","P2","B","",""
"/en/duesseldorf/move-out-cleaning","Englische Intent-Seite","Düsseldorf","passenden Service und nächsten Schritt wählen","move-out cleaning düsseldorf","Move-out cleaning in Düsseldorf before the apartment handover","Move-Out Cleaning Düsseldorf | Handover | FLOXANT","Move-out cleaning in Düsseldorf before key return or handover. Send rooms, kitchen and bathroom condition, remaining items, access, date and photos.","682","6","13","Request Move-out cleaning -> /en/contact?city=duesseldorf&service=reinigung-nach-umzug","ausreichend","schwach","schwach","[object Object] | [object Object] | [object Object] | [object Object] | [object Object] | [object Object] | [object Object] | [object Object] | [object Object]","","","index, follow","P2","B","",""
"/en/duesseldorf/office-cleaning","Englische Intent-Seite","Düsseldorf","passenden Service und nächsten Schritt wählen","office cleaning düsseldorf","Office cleaning in Düsseldorf with a clear schedule and scope","Office Cleaning Düsseldorf | Schedule & Quote | FLOXANT","Office cleaning in Düsseldorf for workspaces, kitchens, sanitary areas and meeting rooms. Send size, frequency, access and preferred cleaning times.","687","6","14","Request Office cleaning -> /en/contact?city=duesseldorf&service=bueroreinigung","ausreichend","schwach","schwach","[object Object] | [object Object] | [object Object] | [object Object] | [object Object] | [object Object] | [object Object] | [object Object] | [object Object]","","","index, follow","P2","B","",""
"/en/duesseldorf/window-cleaning","Englische Intent-Seite","Düsseldorf","passenden Service und nächsten Schritt wählen","window cleaning düsseldorf","Window cleaning in Düsseldorf with glass area and access details","Window Cleaning Düsseldorf | Glass & Access | FLOXANT","Window cleaning in Düsseldorf for homes, offices and shops. Send window count, glass area, inside or outside, frames, floor, access and timing.","692","6","14","Request Window cleaning -> /en/contact?city=duesseldorf&service=gebaeudereinigung","ausreichend","schwach","schwach","[object Object] | [object Object] | [object Object] | [object Object] | [object Object] | [object Object] | [object Object] | [object Object] | [object Object]","","","index, follow","P2","B","",""
"/en/quote-check","Englische Intent-Seite","überregional oder nicht ortsgebunden","passenden Service und nächsten Schritt wählen","quote scope check","Clarify twelve scope details before accepting a service quote","Quote Scope Check: 12 Details to Clarify | FLOXANT","Use the client-side FLOXANT Scope Check for a cleaning, moving or clearance quote in Germany. Mark open details and create clear follow-up questions.","224","0","0","Start the Scope Check -> Schaltfläche","ausreichend","schwach","schwach","","","","index, follow","P2","B","",""
"/en/regensburg/apartment-cleaning","Englische Intent-Seite","Regensburg","passenden Service und nächsten Schritt wählen","apartment cleaning regensburg","Apartment cleaning in Regensburg before move-out or handover","Apartment Cleaning Regensburg | Move-Out & Handover","Apartment cleaning in Regensburg for move-out, handover, empty flats and deep cleaning. English request with photos and quote review.","634","6","11","Request Apartment cleaning -> /buchung?region=regensburg&service=reinigung#buchungssystem","ausreichend","schwach","schwach","[object Object] | [object Object] | [object Object] | [object Object] | [object Object] | [object Object] | [object Object] | [object Object]","","","index, follow","P2","B","",""
"/en/regensburg/apartment-clearance","Englische Intent-Seite","Regensburg","passenden Service und nächsten Schritt wählen","apartment clearance regensburg","Apartment clearance in Regensburg with disposal scope and quote review","Apartment Clearance Regensburg | Clearance, Disposal & Cleaning","Apartment clearance in Regensburg with photos, access, disposal scope and possible cleaning after clearance. English request and quote review.","647","6","13","Request Apartment clearance -> /buchung?region=regensburg&service=entruempelung#buchungssystem","ausreichend","schwach","schwach","[object Object] | [object Object] | [object Object] | [object Object] | [object Object] | [object Object] | [object Object] | [object Object]","","","index, follow","P2","B","",""
"/en/regensburg/cleaning","Englische Intent-Seite","Regensburg","passenden Service und nächsten Schritt wählen","cleaning service regensburg","Cleaning service in Regensburg for apartment, office and practice","Cleaning Service Regensburg | English Quote & WhatsApp","English cleaning service in Regensburg for apartment, office, practice and commercial spaces. Send photos, timing and an existing quote for review.","686","6","11","Request Cleaning service -> /buchung?region=regensburg&service=reinigung#buchungssystem","ausreichend","schwach","schwach","[object Object] | [object Object] | [object Object] | [object Object] | [object Object] | [object Object] | [object Object] | [object Object]","","","index, follow","P2","B","",""
"/en/regensburg/cleaning-after-moving","Englische Intent-Seite","Regensburg","passenden Service und nächsten Schritt wählen","cleaning after moving regensburg","Cleaning after moving in Regensburg for handover or next use","Cleaning After Moving Regensburg | Handover Cleaning","Cleaning after moving in Regensburg for apartment handover, empty flats and move-out cleaning. English request with photos and quote review.","649","6","13","Request Cleaning after moving -> /buchung?region=regensburg&service=reinigung#buchungssystem","ausreichend","schwach","schwach","[object Object] | [object Object] | [object Object] | [object Object] | [object Object] | [object Object] | [object Object] | [object Object]","","","index, follow","P2","B","",""
"/en/regensburg/cleaning-quote-review","Englische Intent-Seite","Regensburg","passenden Service und nächsten Schritt wählen","cleaning quote review regensburg","Cleaning quote review in Regensburg before you book","Cleaning Quote Review Regensburg | Compare Before Booking","Review a cleaning quote in Regensburg before booking. FLOXANT checks price, scope, timing, access, extra items and photos in English.","641","6","12","Review quote -> /angebot-pruefen","ausreichend","schwach","schwach","[object Object] | [object Object] | [object Object] | [object Object] | [object Object] | [object Object] | [object Object] | [object Object]","","","index, follow","P2","B","",""
"/en/regensburg/deep-cleaning","Englische Intent-Seite","Regensburg","passenden Service und nächsten Schritt wählen","deep cleaning regensburg","Deep cleaning in Regensburg after move-out, renovation or heavy dirt","Deep Cleaning Regensburg | Apartment, Office & Move-Out","Deep cleaning in Regensburg after move-out, renovation or heavy dirt. Send photos, scope and timing for a realistic English assessment.","650","6","12","Request Deep cleaning -> /buchung?region=regensburg&service=reinigung#buchungssystem","ausreichend","schwach","schwach","[object Object] | [object Object] | [object Object] | [object Object] | [object Object] | [object Object] | [object Object] | [object Object]","","","index, follow","P2","B","",""
"/en/regensburg/house-clearance","Englische Intent-Seite","Regensburg","passenden Service und nächsten Schritt wählen","house clearance regensburg","House clearance in Regensburg with calm scope and quote review","House Clearance Regensburg | Apartment Clearance & Cleaning","House and apartment clearance in Regensburg with photos, access, disposal scope and cleaning after clearance. English request and quote review.","642","6","13","Request House clearance -> /buchung?region=regensburg&service=entruempelung#buchungssystem","ausreichend","schwach","schwach","[object Object] | [object Object] | [object Object] | [object Object] | [object Object] | [object Object] | [object Object] | [object Object]","","","index, follow","P2","B","",""
"/en/regensburg/move-out-cleaning","Englische Intent-Seite","Regensburg","passenden Service und nächsten Schritt wählen","move-out cleaning regensburg","Move-out cleaning in Regensburg for apartment handover","Move-Out Cleaning Regensburg | Apartment Handover","Move-out cleaning in Regensburg for apartment handover, empty flats and key return. English WhatsApp request with photos and quote review.","636","6","11","Request Move-out cleaning -> /buchung?region=regensburg&service=reinigung#buchungssystem","ausreichend","schwach","schwach","[object Object] | [object Object] | [object Object] | [object Object] | [object Object] | [object Object] | [object Object] | [object Object]","","","index, follow","P2","B","",""
"/en/regensburg/moving","Englische Intent-Seite","Regensburg","passenden Service und nächsten Schritt wählen","moving service regensburg","Moving service in Regensburg with photos, access and quote review","Moving Service Regensburg | English Quote Review","Moving service in Regensburg for apartment moves, furniture, access checks and cleaning after moving. Send photos and review a quote in English.","646","6","13","Request Moving service -> /buchung?region=regensburg&service=umzug#buchungssystem","ausreichend","schwach","schwach","[object Object] | [object Object] | [object Object] | [object Object] | [object Object] | [object Object] | [object Object] | [object Object]","","","index, follow","P2","B","",""
"/en/regensburg/moving-company","Englische Intent-Seite","Regensburg","passenden Service und nächsten Schritt wählen","moving company regensburg","Moving company in Regensburg for clear scope before booking","Moving Company Regensburg | English Request & Estimate","Moving company in Regensburg: send volume, floor, access, photos and timing. FLOXANT checks the move and an existing quote in English.","644","6","13","Request Moving company -> /buchung?region=regensburg&service=umzug#buchungssystem","ausreichend","schwach","schwach","[object Object] | [object Object] | [object Object] | [object Object] | [object Object] | [object Object] | [object Object] | [object Object]","","","index, follow","P2","B","",""
"/en/regensburg/moving-costs","Englische Intent-Seite","Regensburg","passenden Service und nächsten Schritt wählen","moving costs regensburg","Moving costs in Regensburg: factors before a quote makes sense","Moving Costs Regensburg | Estimate Factors & Quote Review","Understand moving costs in Regensburg: volume, floor, access, parking, distance, dismantling, cleaning and quote review in English.","649","6","13","Request Moving costs -> /buchung?region=regensburg&service=umzug#buchungssystem","ausreichend","schwach","schwach","[object Object] | [object Object] | [object Object] | [object Object] | [object Object] | [object Object] | [object Object] | [object Object]","","","index, follow","P2","B","",""
"/en/regensburg/moving-quote-review","Englische Intent-Seite","Regensburg","passenden Service und nächsten Schritt wählen","moving quote review regensburg","Moving quote review in Regensburg before you book","Moving Quote Review Regensburg | Compare Before Booking","Review a moving quote in Regensburg before booking. FLOXANT checks volume, access, extras, cleaning, timing and price assumptions in English.","648","6","13","Review quote -> /angebot-pruefen","ausreichend","schwach","schwach","[object Object] | [object Object] | [object Object] | [object Object] | [object Object] | [object Object] | [object Object] | [object Object]","","","index, follow","P2","B","",""
"/en/regensburg/office-cleaning","Englische Intent-Seite","Regensburg","passenden Service und nächsten Schritt wählen","office cleaning regensburg","Office cleaning in Regensburg with scope, timing and quote review","Office Cleaning Regensburg | English Request & Quote Review","Office cleaning in Regensburg for workplaces, kitchen, sanitary areas and after-hours access. Send photos and review an existing cleaning quote.","669","6","12","Request Office cleaning -> /buchung?region=regensburg&service=reinigung#buchungssystem","ausreichend","schwach","schwach","[object Object] | [object Object] | [object Object] | [object Object] | [object Object] | [object Object] | [object Object] | [object Object]","","","index, follow","P2","B","",""
"/en/regensburg/stairwell-cleaning","Englische Intent-Seite","Regensburg","passenden Service und nächsten Schritt wählen","stairwell cleaning regensburg","Stairwell cleaning in Regensburg for entrance, hallway and property management","Stairwell Cleaning Regensburg | Entrance & Hallway","Stairwell cleaning in Regensburg for entrances, hallways and property management. English request with floors, access, photos and quote review.","637","6","12","Request Stairwell cleaning -> /buchung?region=regensburg&service=reinigung#buchungssystem","ausreichend","schwach","schwach","[object Object] | [object Object] | [object Object] | [object Object] | [object Object] | [object Object] | [object Object] | [object Object]","","","index, follow","P2","B","",""
"/en/service-finder","Englische Intent-Seite","Düsseldorf und Regensburg","passenden Service und nächsten Schritt wählen","service finder for düsseldorf & regensburg","Find the relevant FLOXANT service for your region and task","Service Finder for Düsseldorf & Regensburg | FLOXANT","Use the client-side service finder for cleaning in Düsseldorf or cleaning, moving and clearance in Regensburg, Germany, with clear next steps in English.","97","1","1","Send a request in English -> /en/contact","ausreichend","schwach","schwach","","","","index, follow","P2","B","",""
"/entruempelung","Englische Intent-Seite","Regensburg","passenden Service und nächsten Schritt wählen","entrümpelung regensburg","Entrümpelung und Wohnungsauflösung in Regensburg und Bayern","Entrümpelung Regensburg | Wohnung, Keller & Entsorgung","Entrümpelung, Wohnungsauflösung und Entsorgung in Düsseldorf und Regensburg: Fotos, Volumen, Zugang, Material, Termin und Reinigung danach prüfen.","1756","11","19","Preisrahmen berechnen -> /rechner","gut","gut","gut","[object Object] | [object Object] | [object Object] | [object Object] | [object Object] | [object Object] | [object Object] | [object Object] | [object Object] | [object Object] | [object Object]","","","index, follow","P2","A","",""
"/entruempelung-bayern","Englische Intent-Seite","Bayern","passenden Service und nächsten Schritt wählen","entrümpelungsfirma bayern finden","Umzug Bayern","Entrümpelungsfirma Bayern finden | Fotos prüfen","Entrümpelungsfirma in Bayern finden: Forchheim, Regensburg, München oder Nürnberg mit Räumen, Fotos, Zugang und Termin prüfen. Entrümpelung, Fotos, Termin, Zugang, vorhandenes Angebot und Preisrahmen für Bayern...","2525","14","21","Budget nennen -> /anfrage-mit-preisrahmen","ausreichend","gut","gut","[object Object] | [object Object] | [object Object] | [object Object] | [object Object] | [object Object] | [object Object] | [object Object] | [object Object] | [object Object] | [object Object] | [object Object] | [object Object] | [object Object] | [object Object] | [object Object] | [object Object] | [object Object] | [object Object] | [object Object] | [object Object] | [object Object] | [object Object] | [object Object] | [object Object] | [object Object] | [object Object] | [object Object] | [object Object]","","h1 identisch mit /bueroumzug-bayern, /umzug-bayern, /wohnungsaufloesung-bayern","index, follow","P2","A","",""
"/entruempelung-kosten-regensburg","Englische Intent-Seite","Regensburg","passenden Service und nächsten Schritt wählen","keller entrümpeln kosten regensburg","Entrümpelung Kosten in Regensburg","Keller entrümpeln Kosten Regensburg | FLOXANT prüft","Entrümpelung in Kosten Regensburg: FLOXANT prüft Volumen, Material, Zugang, Laufwege und Entsorgung. Fotos senden und Umfang klären. Kosten Regensburg wird über den FLOXANT-Regensburg-Radius geprüft; Ort, Fotos und...","310","4","5","Umzug & Transport Umzug mit nachvollziehbarer Einschätzung zu Aufwand, Strecke und Zusatzleistungen. Inventar und Volumen Zugang und Laufwege Montageleistungen Jetzt starten -> Schaltfläche","ausreichend","gut","ausreichend","","","","index, follow","P2","B","",""
"/entruempelung-landshut","Englische Intent-Seite","überregional oder nicht ortsgebunden","passenden Service und nächsten Schritt wählen","entrümpelung landshut mit reinigung danach","Entrümpelung in Landshut","Entrümpelung Landshut mit Reinigung danach","Entrümpelung Landshut anfragen: Räume, Menge, Zugang, Fotos, Termin, Zielzustand und Reinigung danach sachlich klären. Entrümpelung, Fotos, Termin, Zugang, vorhandenes Angebot und Preisrahmen für Landshut...","3108","14","28","Budget nennen -> /anfrage-mit-preisrahmen","ausreichend","gut","gut","[object Object] | [object Object] | [object Object] | [object Object] | [object Object] | [object Object] | [object Object] | [object Object] | [object Object] | [object Object] | [object Object] | [object Object] | [object Object] | [object Object] | [object Object] | [object Object] | [object Object]","","","index, follow","P2","A","",""
"/entsorgung-duesseldorf","Englische Intent-Seite","Düsseldorf","passenden Service und nächsten Schritt wählen","entsorgung düsseldorf","Entsorgung Düsseldorf für Möbel, Sperrmüll und kleinere Räumungen","Entsorgung Düsseldorf – Möbel, Sperrmüll & Abholung | FLOXANT","Entsorgung in Düsseldorf für Möbel, Sperrmüll, Haushaltsgegenstände, Keller und kleinere Räumungen: Umfang, Zugang, Etage, Fotos, Termin und Budget senden.","1088","8","10","Entsorgung anfragen -> /buchung?service=entsorgung&region=duesseldorf&utm_source=entsorgung_duesseldorf#buchungssystem","gut","gut","ausreichend","[object Object] | [object Object] | [object Object] | [object Object] | [object Object] | [object Object]","","","index, follow","P2","A","",""
"/entsorgung-kosten-rechner","Formular / Werkzeug","überregional oder nicht ortsgebunden","Angaben erfassen und Anfrage vorbereiten","entsorgungskosten berechnen","Was kostet Ihre Entsorgung?","Entsorgungskosten berechnen | FLOXANT","Berechnen Sie sofort Ihre Entsorgungskosten... Fotos, Termin, Umfang und Preisrahmen direkt senden und Machbarkeit prüfen lassen.","171","2","0","Umzug & Transport Umzug mit nachvollziehbarer Einschätzung zu Aufwand, Strecke und Zusatzleistungen. Inventar und Volumen Zugang und Laufwege Montageleistungen Rechner starten -> Schaltfläche","ausreichend","gut","schwach","","","","index, follow","P2","B","",""
"/erinnerungskapsel","Hub / Information","überregional oder nicht ortsgebunden","passenden Service und nächsten Schritt wählen","erinnerungskapsel","Erinnerungskapsel","Erinnerungskapsel – Momente bewahren beim Umzug","Die FLOXANT Erinnerungskapsel bewahrt einen Moment Ihres alten Zuhauses. Fotos, Notizen und persönliche Gegenstände in einer versiegelten Kapsel.","228","1","6","Jetzt anfragen -> /rechner","ausreichend","ausreichend","schwach","[object Object]","","","index, follow","P2","B","",""
"/express-anfrage","Hub / Information","Regensburg","passenden Service und nächsten Schritt wählen","express-check regensburg","Express-Anfrage & Notfall-Service in Regensburg & Bayern","Express-Check Regensburg | schnelle Anfrage starten","Wenig Zeit? Mit wenigen Eckdaten Machbarkeit für Umzug, Reinigung, Entrümpelung, Leerfahrt oder Transport prüfen lassen. Fotos, Termin, Umfang und Preisrahmen direkt senden und Machbarkeit prüfen lassen.","209","7","6","Express-Anfrage starten -> /rechner","gut","ausreichend","ausreichend","","","","index, follow","P2","B","",""
"/express-umzug","Service-Seite","überregional oder nicht ortsgebunden","Leistung verstehen und anfragen","express-umzug","Express-Umzug, wenn der Termin knapp ist und trotzdem sauber geplant werden muss","Express-Umzug | Dringend, aber sauber prüfen","Express-Umzug bei knapper Deadline: Start, Ziel, Volumen, Fotos, Etage, Termin und Plan-B-Bedarf senden. FLOXANT prüft Machbarkeit ohne Sofortgarantie.","1101","7","14","Express-Umzug prüfen -> /buchung?service=umzug&urgency=express#buchungssystem","gut","gut","gut","[object Object] | [object Object] | [object Object] | [object Object] | [object Object] | [object Object] | [object Object] | [object Object] | [object Object] | [object Object]","","","index, follow","P1","A","",""
"/fairpreis-check","Hub / Information","überregional oder nicht ortsgebunden","passenden Service und nächsten Schritt wählen","fairpreis-check","FLOXANT Fairpreis-Check für Angebote, die günstig, teuer oder unklar wirken","Fairpreis-Check | Angebot sachlich prüfen lassen","FLOXANT Fairpreis-Check für Umzug, Reinigung, Entrümpelung oder Gewerbereinigung: Angebot, Fotos, Umfang, Termin und Zusatzkosten prüfen lassen.","1208","7","11","Fairpreis prüfen lassen -> /angebot-guenstiger-pruefen","gut","gut","gut","[object Object] | [object Object] | [object Object] | [object Object] | [object Object] | [object Object] | [object Object] | [object Object] | [object Object] | [object Object] | [object Object]","","","index, follow","P2","A","",""
"/familienumzug-bayern","Lokale Service-Seite","Bayern","Leistung verstehen und anfragen","familienumzug bayern","Familienumzug in Bayern","Familienumzug Bayern | FLOXANT","Stressfreier Familienumzug in Bayern. Fotos, Termin, Umfang und Preisrahmen direkt senden und Machbarkeit prüfen lassen.","2514","14","18","Budget nennen -> /anfrage-mit-preisrahmen","schwach","gut","gut","[object Object] | [object Object] | [object Object] | [object Object] | [object Object] | [object Object] | [object Object] | [object Object] | [object Object] | [object Object] | [object Object] | [object Object] | [object Object] | [object Object] | [object Object] | [object Object] | [object Object] | [object Object] | [object Object] | [object Object] | [object Object] | [object Object] | [object Object] | [object Object] | [object Object] | [object Object] | [object Object] | [object Object] | [object Object] | [object Object] | [object Object] | [object Object] | [object Object] | [object Object] | [object Object] | [object Object] | [object Object]","","","index, follow","P1","B","",""
"/fernumzug-muenchen","Lokale Service-Seite","überregional oder nicht ortsgebunden","Leistung verstehen und anfragen","fernumzug münchen","Fernumzug München: Strecke, Volumen und Termin sauber anfragen","Fernumzug München | Strecke & Angebot anfragen","Fernumzug München: Start, Ziel, Ladevolumen, Etage, Haltezone, Termin und Fotos senden. FLOXANT prüft Strecke und Zusatzleistungen. Fotos, Termin, Umfang und Preisrahmen direkt senden und Machbarkeit prüfen lassen.","405","4","9","Fernumzug anfragen -> /kontakt?location=unsicher&service=fernumzug&city=muenchen&intent=fernumzug-muenchen&source=seo","gut","ausreichend","ausreichend","","","","index, follow","P1","B","",""
"/firmenentsorgung","Service-Seite","Regensburg","Leistung verstehen und anfragen","firmenentsorgung regensburg","Firmenentsorgung für Büros, Unternehmen und Gewerbeflächen","Firmenentsorgung Regensburg | Büro & Gewerbe","Büromöbel, Inventar, Aktenreste oder Restmengen entsorgen lassen. FLOXANT prüft Menge, Zugang und Abholung für Firmen. Fotos, Termin, Umfang und Preisrahmen direkt senden und Machbarkeit prüfen lassen.","389","5","5","Entrümpelung vergleichen -> /entruempelung","gut","ausreichend","ausreichend","","","","index, follow","P1","B","",""
"/first-48h","Hub / Information","überregional oder nicht ortsgebunden","passenden Service und nächsten Schritt wählen","first 48h package","First 48h Package","First 48h Package – Die ersten zwei Tage sorgenfrei","Das First 48h Package von FLOXANT versorgt Sie in den ersten zwei Tagen nach dem Umzug mit allem Nötigen. Kein Kartonsuchen, kein Stress.","231","1","6","Jetzt anfragen -> /rechner","ausreichend","ausreichend","schwach","[object Object]","","","index, follow","P2","B","",""
"/floxant-fakten","Hub / Information","überregional oder nicht ortsgebunden","passenden Service und nächsten Schritt wählen","floxant fakten","FLOXANT Fakten für Umzug, Reinigung und Entrümpelung","FLOXANT Fakten | Leistungen, Region & Preislogik","Kompakte Fakten zu FLOXANT: Umzug, Reinigung, Entrümpelung, Düsseldorf, Regensburg, Preisrahmen, Grenzen und kanonische Startpunkte. Fotos, Termin, Umfang und Preisrahmen direkt senden und Machbarkeit prüfen lassen.","400","5","7","Reinigung Reinigung nach Objektart, Fläche, Zustand, Möblierung und Terminlage. Zur Seite -> /reinigung","ausreichend","gut","ausreichend","","","","index, follow","P2","B","",""
"/gewerbereinigung","Service-Seite","Regensburg","Leistung verstehen und anfragen","gewerbereinigung","Gewerbliche Reinigung in Regensburg für Hotel, Praxis, Kanzlei und Büro","Gewerbereinigung | Büro, Praxis & Objekt anfragen","Gewerbereinigung für Büro, Praxis, Kanzlei, Hotel und Objekt: Fläche, Turnus, Zeitfenster, Zugang und Fotos übersichtlich senden. Fotos, Termin, Umfang und Preisrahmen direkt senden und Machbarkeit prüfen lassen.","1007","6","12","Kostenlos anfragen -> /buchung?service=gewerbereinigung&region=regensburg#buchungssystem","ausreichend","ausreichend","gut","","","","index, follow","P1","A","",""
"/human-api","Hub / Information","Regensburg","passenden Service und nächsten Schritt wählen","vor-ort-prüfung regensburg","Wenn niemand von Ihnen hinfahren kann, fährt FLOXANT.","Vor-Ort-Prüfung Regensburg | Fotos, Kontrolle, Rückmeldung","FLOXANT fährt hin, prüft den Zustand, macht Fotos nach Absprache und meldet zurück. Für Firmen, Verwaltungen und Teams ohne Person vor Ort.","658","4","8","Anfrage starten -> /buchung?utm_source=human-api&utm_medium=premium_landingpage&service=human-api#buchungssystem","gut","ausreichend","gut","[object Object] | [object Object]","","","index, follow","P2","A","",""
"/immobilie-verkaufsbereit-machen","Hub / Information","überregional oder nicht ortsgebunden","passenden Service und nächsten Schritt wählen","immobilie verkaufsbereit machen","Immobilie verkaufsbereit machen vor Besichtigung oder Verkauf","Immobilie verkaufsbereit machen | FLOXANT","Objekt vor Verkauf, Besichtigung oder Expose vorbereiten: Räumung, Entsorgung, Reinigung, Fotos und Übergabeakte nach Absprache. Objektstatus, Fotos, Besichtigungstermin und gewünschte Leistungen direkt senden.","1411","13","14","Makler-/Eigentuemer-Fall senden -> /makler-vermieter-link","ausreichend","gut","gut","","","","index, follow","P2","A","",""
"/impressum","Recht / Pflichtinformation","überregional oder nicht ortsgebunden","Pflichtangaben nachlesen","impressum","Impressum","Impressum – FLOXANT","Rechtliche Informationen und Impressum von Floxant. Ihr Partner für Umzug, Reinigung & Entrümpelung in Regensburg. Fotos, Termin, Umfang und Preisrahmen direkt senden und Machbarkeit prüfen lassen.","58","0","0","","schwach","schwach","schwach","","","","index, follow","P2","B","",""
"/keller-muellraum-rettung-regensburg","Lokale Service-Seite","Regensburg","Leistung verstehen und anfragen","keller- & müllraum-rettung regensburg","Keller- und Muellraum-Rettung fuer Hausverwaltungen in Regensburg","Keller- & Müllraum-Rettung Regensburg | FLOXANT","Keller, Müllraum, Garage oder Nebenflaeche blockiert? Fotos, Freigabe, Zugang und Umfang senden; FLOXANT prüft Räumung, Entsorgung und Reinigung.","1066","11","9","Keller oder Kellerabteil Restgegenstaende, Regale, Kartons oder Sperrmuell mit Zugang und Freigabe pruefen. Raeumung + Fotoeinschaetzung -> Schaltfläche","gut","gut","gut","","","","index, follow","P1","A","",""
"/kellerentruempelung","Service-Seite","überregional oder nicht ortsgebunden","Leistung verstehen und anfragen","kellerentrümpelung","Kellerentrümpelung, wenn Menge, Laufweg und Entsorgung zuerst klar werden müssen","Kellerentrümpelung | Fotos, Zugang & Menge prüfen","Kellerentrümpelung für Keller, Abstellraum und Nebenfläche: Fotos, Menge, Etage, Laufweg, Entsorgung und Reinigung danach prüfen lassen.","1120","7","15","Keller prüfen lassen -> /buchung?service=entsorgung&addon=kellerentruempelung#buchungssystem","gut","gut","gut","[object Object] | [object Object] | [object Object] | [object Object] | [object Object] | [object Object] | [object Object] | [object Object] | [object Object] | [object Object]","","","index, follow","P1","A","",""
"/kinder-umzugsbox","Service-Seite","überregional oder nicht ortsgebunden","Leistung verstehen und anfragen","kinder-umzugsbox","Kinder-Umzugsbox","Kinder-Umzugsbox – Umzug kindgerecht begleiten","Die FLOXANT Kinder-Umzugsbox macht den Umzug für Kinder zum Abenteuer. Beschäftigungsmaterial, Erklärbuch und persönliche Überraschung.","226","1","6","Jetzt anfragen -> /rechner","ausreichend","ausreichend","schwach","[object Object]","","","index, follow","P1","B","",""
"/klaviertransport","Service-Seite","Regensburg","Leistung verstehen und anfragen","klaviertransport bayern","Klaviertransport anfragen - Instrument, Treppe und Zugang beschreiben in Bayern","Klaviertransport Bayern | München, Nürnberg & Regensburg","Klaviertransport in Regensburg prüfen: Düsseldorf, Regensburg und Umgebung oder Bayreuth nach Route, Etage, Treppenhaus, Fotos und Termin.","2608","14","19","Klaviertransport anfragen -> /kontakt?location=unsicher&service=klaviertransport&city=bayern&intent=klaviertransport-bayern&source=seo","gut","gut","gut","[object Object] | [object Object] | [object Object] | [object Object] | [object Object] | [object Object] | [object Object] | [object Object] | [object Object] | [object Object] | [object Object] | [object Object] | [object Object] | [object Object] | [object Object] | [object Object] | [object Object] | [object Object] | [object Object] | [object Object] | [object Object] | [object Object] | [object Object]","","","index, follow","P1","A","",""
"/klaviertransport-regensburg","Lokale Service-Seite","Regensburg","Leistung verstehen und anfragen","klaviertransport regensburg mit etage und zugang klären","Klaviertransport in Regensburg anfragen - Etage, Zugang und Termin klären.","Klaviertransport Regensburg mit Etage und Zugang klären","Klaviertransport Regensburg vorbereiten: Instrument, Etage, Aufzug, Treppenhaus, Strecke, Haltemoeglichkeit, Fotos und Termin klären. Klaviertransport, Fotos, Termin, Zugang, vorhandenes Angebot und Preisrahmen für...","1611","12","12","Klaviertransport anfragen -> /kontakt?service=klaviertransport&city=regensburg&intent=klaviertransport-regensburg&priority=p0&source=seo#direktanfrage","gut","gut","gut","[object Object] | [object Object] | [object Object]","","","index, follow","P0","A","",""
"/kleinmengen-entsorgung","Service-Seite","Regensburg","Leistung verstehen und anfragen","container alternative","Kleinmengen-Entsorgung in Regensburg & Bayern","Container Alternative | Kleinmengen & Grünschnitt prüfen","Kleinmengen, Möbel, Küche, Restmengen oder Grünschnitt nach Fotos prüfen: Ort, Material, Zugang, Menge und Entsorgungsweg klären. Fotos, Termin, Umfang und Preisrahmen direkt senden und Machbarkeit prüfen lassen.","290","9","6","Abholung prüfen lassen -> /kontakt?service=kleinmengen-entsorgung&intent=abholung-pruefen","gut","schwach","ausreichend","","","","index, follow","P1","B","",""
"/kleintransport-regensburg","Lokale Service-Seite","Regensburg","Leistung verstehen und anfragen","transport regensburg ? möbel, kleintransport & rückfahrt","Transport Regensburg für Möbel, Kleintransport und Rückfahrt","Transport Regensburg ? Möbel, Kleintransport & Rückfahrt","Transport in Regensburg für Möbel und Einzelstücke. Route, Zugang, Fotos und Leerfahrt/Rückfahrt nach Verfügbarkeit prüfen. Fotos, Termin, Umfang und Preisrahmen direkt senden und Machbarkeit prüfen lassen.","3049","14","30","Budget nennen -> /anfrage-mit-preisrahmen","ausreichend","gut","gut","[object Object] | [object Object] | [object Object] | [object Object] | [object Object] | [object Object] | [object Object] | [object Object] | [object Object] | [object Object] | [object Object] | [object Object] | [object Object] | [object Object] | [object Object] | [object Object] | [object Object] | [object Object] | [object Object] | [object Object] | [object Object] | [object Object] | [object Object] | [object Object] | [object Object] | [object Object] | [object Object] | [object Object] | [object Object] | [object Object] | [object Object] | [object Object] | [object Object] | [object Object] | [object Object] | [object Object] | [object Object] | [object Object] | [object Object] | [object Object] | [object Object] | [object Object] | [object Object] | [object Object] | [object Object]","","","index, follow","P1","A","",""
"/kleintransporte","Service-Seite","überregional oder nicht ortsgebunden","Leistung verstehen und anfragen","kleintransport anfragen","Umzug in Bayern","Kleintransport anfragen: Strecke, Maße und Zugang klären","Start, Ziel, Maße, Gewicht, Etage, Aufzug und Termin für einen Kleintransport senden. FLOXANT prüft Umfang und Machbarkeit vor einer Zusage.","2465","14","18","Budget nennen -> /anfrage-mit-preisrahmen","ausreichend","gut","gut","[object Object] | [object Object] | [object Object] | [object Object] | [object Object] | [object Object] | [object Object] | [object Object] | [object Object] | [object Object] | [object Object] | [object Object] | [object Object] | [object Object] | [object Object] | [object Object] | [object Object] | [object Object] | [object Object] | [object Object] | [object Object] | [object Object] | [object Object] | [object Object] | [object Object] | [object Object] | [object Object] | [object Object] | [object Object] | [object Object] | [object Object] | [object Object] | [object Object] | [object Object] | [object Object] | [object Object] | [object Object]","","h1 identisch mit /24h-umzug-bayern","index, follow","P1","A","",""
"/kontakt","Formular / Werkzeug","überregional oder nicht ortsgebunden","Angaben erfassen und Anfrage vorbereiten","leistung unverbindlich anfragen","Leistung unverbindlich anfragen","Leistung unverbindlich anfragen | FLOXANT","Wählen Sie Standort und Leistung und senden Sie die wichtigsten Eckdaten direkt an FLOXANT.","120","1","1","Anderer Ort Einsatzgebiet unverbindlich prüfen -> Schaltfläche","ausreichend","schwach","ausreichend","","","","index, follow","P0","B","",""
"/kostenfaktoren","Hub / Information","überregional oder nicht ortsgebunden","passenden Service und nächsten Schritt wählen","umzug kostenfaktoren","Welche Faktoren den FLOXANT Preisrahmen wirklich beeinflussen.","Umzug Kostenfaktoren | Preisrahmen realistisch verstehen","Warum ein Auftrag mehr oder weniger kostet: Volumen, Fläche, Zugang, Strecke, Termin und Extras vor der Anfrage verstehen. Fotos, Termin, Umfang und Preisrahmen direkt senden und Machbarkeit prüfen lassen.","448","5","8","Preisrahmen im Rechner starten -> /rechner","gut","gut","ausreichend","","","","index, follow","P2","B","",""
"/kurzfristiger-umzug-bayern","Lokale Service-Seite","Bayern","Leistung verstehen und anfragen","kurzfristiger umzug bayern","Kurzfristiger Umzug in Bayern","Kurzfristiger Umzug Bayern: Machbarkeit zuerst prüfen","Knappen Umzugstermin mit Start, Ziel, Umfang, Etagen, Zugang und Fotos anfragen. FLOXANT prüft Route, Kapazität und Machbarkeit ohne Terminzusage.","294","4","6","Kurzfristige Anfrage prüfen lassen -> /kontakt?service=umzug&intent=kurzfristiger-umzug","gut","ausreichend","ausreichend","","","","index, follow","P1","B","",""
"/lager-rotation","Hub / Information","überregional oder nicht ortsgebunden","passenden Service und nächsten Schritt wählen","lager-rotation","Lager-Rotation","Lager-Rotation – Flexibles Zwischenlager für Ihren Umzug","FLOXANT Lager-Rotation bietet sichere Zwischenlagerung mit flexiblem Zugriff. Ideal für gestaffelte Umzüge und Renovierungen. Fotos, Termin, Umfang und Preisrahmen direkt senden und Machbarkeit prüfen lassen.","205","1","6","Jetzt anfragen -> /rechner","ausreichend","ausreichend","schwach","[object Object]","","","index, follow","P2","B","",""
"/lageraufloesung","Service-Seite","überregional oder nicht ortsgebunden","Leistung verstehen und anfragen","lagerauflösung","Lagerauflösung für Nebenflächen, Bestände und Gewerberäume mit klarer Sortierung","Lagerauflösung | Bestand, Zugang & Entsorgung prüfen","Lagerauflösung für Lagerraum, Gewerbefläche oder Nebenfläche: Bestand, Fotos, Zugang, Entsorgung, Transport und Reinigung prüfen lassen.","1090","7","14","Lagerauflösung anfragen -> /buchung?service=entsorgung&addon=lageraufloesung#buchungssystem","gut","gut","gut","[object Object] | [object Object] | [object Object] | [object Object] | [object Object] | [object Object] | [object Object] | [object Object] | [object Object] | [object Object]","","","index, follow","P1","A","",""
"/leerfahrt-rueckfahrt","Hub / Information","Regensburg","passenden Service und nächsten Schritt wählen","leerfahrt & rückfahrt anfragen","Leer-Rückfahrt Richtung Regensburg fair und flexibel nutzen","Leerfahrt & Rückfahrt anfragen | FLOXANT","Leerfahrt oder Rückfahrt für Transport und Umzug anfragen: Strecke, Datum, Umfang und Flexibilität nennen. FLOXANT prüft Verfügbarkeit.","1266","12","14","Beiladung vergleichen -> /beiladung","ausreichend","gut","ausreichend","[object Object] | [object Object] | [object Object] | [object Object] | [object Object] | [object Object] | [object Object]","","","index, follow","P0","A","",""
"/leerstandsmanagement","Hub / Information","Regensburg","passenden Service und nächsten Schritt wählen","leerstandsmanagement regensburg","Auch wenn niemand dort wohnt, bleibt Ihre Immobilie nicht unbeobachtet.","Leerstandsmanagement Regensburg | Kontrolle & Bericht","Leerstandsmanagement von FLOXANT: Kontrollen, Lüften, Fotos, Zustandsberichte und Objektbetreuung für leerstehende Wohnungen in Regensburg, Oberpfalz und Bayern.","663","4","8","Anfrage starten -> /buchung?utm_source=leerstandsmanagement&utm_medium=premium_landingpage&service=leerstandsmanagement#buchungssystem","ausreichend","ausreichend","gut","[object Object] | [object Object]","","","index, follow","P2","A","",""
"/leistungen","Hub / Information","überregional oder nicht ortsgebunden","passenden Service und nächsten Schritt wählen","floxant leistungen","Reinigung, Umzug, Räumung und weitere FLOXANT-Leistungen.","FLOXANT Leistungen: Reinigung, Umzug und mehr anfragen","Wählen Sie Region und Aufgabe: Reinigung, Umzug, Räumung, Angebotsprüfung oder diskrete Hilfe direkt anfragen.","4887","10","98","Angebot prüfen lassen -> /angebot-vergleichen-regensburg","gut","gut","gut","[object Object] | [object Object] | [object Object] | [object Object] | [object Object] | [object Object] | [object Object] | [object Object] | [object Object] | [object Object]","","","index, follow","P0","A","",""
"/leistungen-vergleichen","Hub / Information","überregional oder nicht ortsgebunden","Angebot und Leistungsumfang prüfen","floxant leistungen vergleichen","FLOXANT Leistungen vergleichen und den richtigen Weg finden.","FLOXANT Leistungen vergleichen | Angebot einordnen","Welcher Service passt? Umzug, Reinigung, Entrümpelung, Büroumzug, Leer-Rückfahrt und Angebotsprüfung klar vergleichen. Fotos, Termin, Umfang und Preisrahmen direkt senden und Machbarkeit prüfen lassen.","746","6","25","Rechner starten -> /rechner","ausreichend","gut","gut","[object Object]","","","index, follow","P2","A","",""
"/leistungsfinder","Hub / Information","überregional oder nicht ortsgebunden","passenden Service und nächsten Schritt wählen","leistungsfinder","Die passende FLOXANT-Leistung nach Region und Aufgabe finden","Leistungsfinder: Reinigung, Umzug oder Räumung | FLOXANT","Ordnen Sie Ihr Anliegen clientseitig ein: Reinigung in Düsseldorf oder Reinigung, Umzug und Räumung in Regensburg – mit passenden Angaben und nächstem Schritt.","68","1","1","Leistung schon bekannt? Anfragebrief erstellen -> /objektbrief","ausreichend","ausreichend","ausreichend","","","","index, follow","P2","B","",""
"/makler-vermieter-link","Hub / Information","überregional oder nicht ortsgebunden","passenden Service und nächsten Schritt wählen","für makler & vermieter","FLOXANT fuer Makler, Vermieter und Eigentuemer","Für Makler & Vermieter | Objektfall direkt senden","Direkter Objekt-Link für Makler, Vermieter, Eigentuemer und Hausverwaltungen: Fotos, Termin und offene Punkte an FLOXANT senden. Fotos, Termin, Umfang und Preisrahmen direkt senden und Machbarkeit prüfen lassen.","1016","13","13","Keller/Muellraum pruefen -> /keller-muellraum-rettung-regensburg","gut","gut","gut","","","","index, follow","P2","A","",""
"/malerarbeiten","Hub / Information","überregional oder nicht ortsgebunden","passenden Service und nächsten Schritt wählen","malerarbeiten als zusatzleistung prüfen","Professionelle Malerarbeiten in Bayern","Malerarbeiten als Zusatzleistung prüfen | FLOXANT","Räume, Flächen, Untergrund, gewünschtes Ergebnis, Fotos und Termin senden. FLOXANT prüft, ob Malerarbeiten im konkreten Auftrag berücksichtigt werden können.","2577","14","18","Budget nennen -> /anfrage-mit-preisrahmen","ausreichend","gut","gut","[object Object] | [object Object] | [object Object] | [object Object] | [object Object] | [object Object] | [object Object] | [object Object] | [object Object] | [object Object] | [object Object] | [object Object] | [object Object] | [object Object] | [object Object] | [object Object] | [object Object] | [object Object] | [object Object] | [object Object] | [object Object] | [object Object] | [object Object] | [object Object] | [object Object] | [object Object] | [object Object] | [object Object] | [object Object] | [object Object] | [object Object] | [object Object] | [object Object] | [object Object] | [object Object] | [object Object] | [object Object]","","","index, follow","P2","A","",""
"/mieterwechsel-service-regensburg","Lokale Service-Seite","Regensburg","Leistung verstehen und anfragen","mieterwechsel-service regensburg","Mieterwechsel-Service in Regensburg für Vermieter und Hausverwaltungen","Mieterwechsel-Service Regensburg | Räumung, Reinigung & Übergabe","FLOXANT unterstützt Vermieter, Hausverwaltungen und Makler beim Mieterwechsel: Räumung, Entsorgung, Endreinigung und Übergabevorbereitung.","871","7","6","Keller oder Muellraum als Objektflaeche pruefen -> /keller-muellraum-rettung-regensburg","ausreichend","gut","gut","","","","index, follow","P1","A","",""
"/mini-umzug","Service-Seite","überregional oder nicht ortsgebunden","Leistung verstehen und anfragen","mini-umzug","Mini-Umzug für wenige Möbel, Kartons oder ein kleines Apartment","Mini-Umzug | Kleine Umzüge realistisch prüfen","Mini-Umzug für wenige Möbel, Kartons, Apartment oder WG-Zimmer: Start, Ziel, Etage, Volumen, Fotos, Termin und Budget prüfen lassen.","1091","7","13","Mini-Umzug prüfen -> /buchung?service=umzug&addon=mini-umzug#buchungssystem","gut","gut","gut","[object Object] | [object Object] | [object Object] | [object Object] | [object Object] | [object Object] | [object Object] | [object Object] | [object Object] | [object Object]","","","index, follow","P1","A","",""
"/moebel-optimierung","Hub / Information","überregional oder nicht ortsgebunden","passenden Service und nächsten Schritt wählen","möbel-optimierung","Möbel-Optimierung","Möbel-Optimierung – Raumplanung nach dem Umzug","Die FLOXANT Möbel-Optimierung hilft Ihnen, Ihre Einrichtung perfekt im neuen Raum zu platzieren. Professionelle Raumplanung inklusive. Fotos, Termin, Umfang und Preisrahmen direkt senden und Machbarkeit prüfen lassen.","217","1","6","Jetzt anfragen -> /rechner","ausreichend","ausreichend","schwach","[object Object] | [object Object]","","","index, follow","P2","B","",""
"/moebeltransport","Service-Seite","überregional oder nicht ortsgebunden","Leistung verstehen und anfragen","möbeltransport","Möbeltransport für einzelne Stücke, wenn Maße, Gewicht und Laufweg klar sein müssen","Möbeltransport | Einzelstücke & Strecke prüfen","Möbeltransport für Sofa, Schrank, Tisch, Bett oder Einzelstücke: Maße, Gewicht, Etage, Start, Ziel, Fotos und Zeitfenster prüfen lassen.","1106","7","13","Möbeltransport prüfen -> /buchung?service=umzug&addon=moebeltransport#buchungssystem","ausreichend","gut","gut","[object Object] | [object Object] | [object Object] | [object Object] | [object Object] | [object Object] | [object Object] | [object Object] | [object Object] | [object Object]","","","index, follow","P1","A","",""
"/nachlass-raeumung-regensburg","Lokale Service-Seite","Regensburg","Leistung verstehen und anfragen","nachlass-räumung regensburg","Nachlass-Raeumung in Regensburg - diskret, ruhig und mit klaren Angaben","Nachlass-Räumung Regensburg | FLOXANT","Wohnung, Haus, Keller oder Garage nach Erbfall diskret klären: Freigabe, Fotos, Räumung, Entsorgung, Reinigung und Rückruf nach Absprache.","1391","14","12","Makler-/Vermieter-Fall senden -> /makler-vermieter-link","gut","gut","gut","","","","index, follow","P1","A","",""
"/nachlassaufloesung","Service-Seite","überregional oder nicht ortsgebunden","Leistung verstehen und anfragen","nachlassauflösung","Nachlassauflösung respektvoll klären, ohne Druck und ohne falsche Versprechen","Nachlassauflösung | Diskret & respektvoll prüfen","Nachlassauflösung für Wohnung oder Haus: Fotos, Freigabe, Ansprechpartner, sensible Punkte, Räumung und Reinigung ruhig prüfen lassen.","1112","7","15","Anfragebrief mit Eckdaten starten -> /buchung?service=entsorgung&addon=nachlassaufloesung#buchungssystem","gut","gut","gut","[object Object] | [object Object] | [object Object] | [object Object] | [object Object] | [object Object] | [object Object] | [object Object] | [object Object] | [object Object]","","","index, follow","P1","A","",""
"/new-neighbour-kit","Hub / Information","überregional oder nicht ortsgebunden","passenden Service und nächsten Schritt wählen","new neighbour kit","New Neighbour Kit","New Neighbour Kit – Professionelle Nachbarschaftsintroduktion","Das New Neighbour Kit von FLOXANT erleichtert Ihnen das Ankommen in der neuen Nachbarschaft. Diskret, charmant und durchdacht. Fotos, Termin, Umfang und Preisrahmen direkt senden und Machbarkeit prüfen lassen.","231","1","6","Jetzt anfragen -> /rechner","ausreichend","ausreichend","schwach","[object Object]","","","index, follow","P2","B","",""
"/notfall-umzug-bayern","Lokale Service-Seite","Bayern","Leistung verstehen und anfragen","dringender umzug bayern","Notfall-Umzug in Bayern","Dringender Umzug Bayern: sicheren nächsten Schritt prüfen","Dringenden Umzugsbedarf mit Ort, Ursache, sicherem Zugang, Umfang, Fotos und Frist schildern. FLOXANT prüft Machbarkeit und Kapazität ohne Sofortzusage.","319","4","5","Kurzfristigen Umzug anfragen -> /24h-umzug-bayern","gut","gut","gut","","","","index, follow","P1","B","",""
"/notfallreinigung-24h","Service-Seite","überregional oder nicht ortsgebunden","Leistung verstehen und anfragen","kurzfristige reinigung","Kurzfristige Reinigung anfragen","Kurzfristige Reinigung | Fotos und Termin senden","Dringende Reinigung für Wohnung, Büro, Gewerbe, Veranstaltung oder Übergabe: Ort, Fotos, Termin und Zugang senden. FLOXANT prüft schnell.","660","5","8","Notfallreinigung anfragen -> /buchung?service=reinigung&urgency=notfall","gut","gut","gut","","","","index, follow","P1","A","",""
"/objekt-springer","Hub / Information","Regensburg","passenden Service und nächsten Schritt wählen","objektvertretung regensburg","Wenn im Objekt plötzlich jemand fehlt, prüft FLOXANT den nächsten Schritt.","Objektvertretung Regensburg | Hilfe bei Ausfall & Übergabe","Objektvertretung von FLOXANT: kurzfristige Hilfe, wenn im Objekt jemand ausfällt, ein Schlüssel fehlt oder vor Ort schnell etwas erledigt werden muss.","751","5","8","Anfrage starten -> /buchung?utm_source=objekt-springer&utm_medium=premium_landingpage&service=objekt-springer#buchungssystem","ausreichend","ausreichend","gut","[object Object] | [object Object]","","","index, follow","P2","A","",""
"/objektbrief","Formular / Werkzeug","überregional oder nicht ortsgebunden","Angaben erfassen und Anfrage vorbereiten","anfragebrief für reinigung, umzug oder räumung","Leistung, Ort und Umfang für eine klare Anfrage vorbereiten","Anfragebrief für Reinigung, Umzug oder Räumung | FLOXANT","Erstellen Sie direkt im Browser einen Anfragebrief mit Leistung, Ort, Umfang, Zugang und Termin für Reinigung in Düsseldorf oder Reinigung, Umzug und Räumung in Regensburg – ohne Preisberechnung.","133","0","1","Vorhandenes Angebot prüfen -> /angebotscheck","gut","ausreichend","schwach","","","","index, follow","P2","B","",""
"/plan-b-service","Hub / Information","überregional oder nicht ortsgebunden","passenden Service und nächsten Schritt wählen","plan-b-service für umzug, reinigung & übergabe","FLOXANT Plan-B-Service fuer Umzug, Reinigung und Uebergabe","Plan-B-Service für Umzug, Reinigung & Übergabe | FLOXANT","Ablauf unsicher? FLOXANT prüft nach Verfügbarkeit einen Ersatz- oder Ergänzungsplan für Umzug, Reinigung, Räumung, Entsorgung und Übergabe.","1169","11","12","Angebot unklar? Red-Flag-Scanner nutzen. -> /angebotscheck#red-flag-scanner","gut","gut","gut","","","","index, follow","P2","A","",""
"/plattform-auftrag-pruefen","Hub / Information","überregional oder nicht ortsgebunden","passenden Service und nächsten Schritt wählen","plattform-auftrag prüfen lassen","Plattform-Auftrag prüfen lassen","Plattform-Auftrag prüfen lassen | FLOXANT","Bereits über Plattform oder Anbieter angefragt? FLOXANT prüft Umfang, Preis, Termin, Fotos und offene Punkte organisatorisch vor der Zusage.","1280","9","21","Günstigere Alternative prüfen -> /angebot-guenstiger-pruefen","gut","gut","ausreichend","[object Object]","","","index, follow","P2","A","",""
"/praxisfaelle","Hub / Information","überregional oder nicht ortsgebunden","passenden Service und nächsten Schritt wählen","floxant praxisfälle","Typische Fälle, in denen FLOXANT besonders sinnvoll wird.","FLOXANT Praxisfälle | passenden Service finden","Typische Fälle vergleichen: Umzug mit Reinigung, Büroumzug, Entrümpelung, Firmenentsorgung und Leer-Rückfahrt richtig wählen. Fotos, Termin, Umfang und Preisrahmen direkt senden und Machbarkeit prüfen lassen.","382","4","7","Passenden Weg im Rechner prüfen -> /rechner","ausreichend","gut","gut","","","","index, follow","P2","B","",""
"/private-client-service","Hub / Information","überregional oder nicht ortsgebunden","passenden Service und nächsten Schritt wählen","private client service - sensible private anfragen klar abstimmen","Private Client Service für sensible private Anfragen","Private Client Service - sensible private Anfragen klar abstimmen","Private Client Service für individuelle private Anfragen: Umzug, Reinigung, Räumung, Übergabe oder Angebotsprüfung mit persoenlicher Koordination.","958","15","8","Vertraulich anfragen -> /kontakt?location=unsicher&service=private-client&city=bayern&intent=private-client-service&source=seo","gut","gut","gut","","","","index, follow","P2","A","",""
"/property-operations","Hub / Information","Regensburg","passenden Service und nächsten Schritt wählen","immobilienbetreuung regensburg","Schlüssel, Übergabe, Reinigung und Kontrolle aus einer Hand.","Immobilienbetreuung Regensburg | Schlüssel, Übergabe, Kontrolle","Immobilienbetreuung von FLOXANT: Schlüssel, Übergaben, Leerstandskontrolle, Reinigung, Fotos und kurzfristige Aufgaben vor Ort. Fotos, Termin, Umfang und Preisrahmen direkt senden und Machbarkeit prüfen lassen.","692","4","8","Anfrage starten -> /buchung?utm_source=property-operations&utm_medium=premium_landingpage&service=property-operations#buchungssystem","gut","ausreichend","gut","[object Object] | [object Object]","","","index, follow","P2","A","",""
"/pv-anlagen-reinigung","Service-Seite","überregional oder nicht ortsgebunden","Leistung verstehen und anfragen","pv-anlagen-reinigung - modulfläche und zugang klären","PV-Anlagen-Reinigung anfragen - Modulfläche, Zugang und Zustand klären","PV-Anlagen-Reinigung - Modulfläche und Zugang klären","PV-Anlagen-Reinigung anfragen: Modulfläche, Dachart, Zugang, Verschmutzung, Fotos und Angebot ohne Ertragsversprechen einordnen lassen.","1466","10","17","PV-Anlagen-Reinigung anfragen -> /kontakt?service=pv-anlagen-reinigung&intent=pv-reinigung-anfragen&source=seo","gut","gut","gut","[object Object] | [object Object] | [object Object] | [object Object] | [object Object] | [object Object] | [object Object] | [object Object] | [object Object] | [object Object] | [object Object] | [object Object] | [object Object]","","","index, follow","P1","A","",""
"/qualitaet-ablauf","Hub / Information","überregional oder nicht ortsgebunden","passenden Service und nächsten Schritt wählen","floxant qualität & ablauf","Erst sauber prüfen, dann stark umsetzen.","FLOXANT Qualität & Ablauf | direkt Vertrauen prüfen","So arbeitet FLOXANT: Vorprüfung, Preisrahmen, Kommunikation, Arbeitsauftrag und Dokumente klar nachvollziehen. Fotos, Termin, Umfang und Preisrahmen direkt senden und Machbarkeit prüfen lassen.","478","5","11","Rechner starten -> /rechner","ausreichend","ausreichend","gut","","","","index, follow","P2","B","",""
"/ratgeber","Blog / Ratgeber","Regensburg","informieren und nächsten Schritt finden","ratgeber umzug & reinigung","Checklisten, Kostenwissen und klare Antworten für Umzug und Serviceplanung","Ratgeber Umzug & Reinigung | FLOXANT Regensburg","Checklisten, Kostenfaktoren und klare Entscheidungshilfen für Umzug, Reinigung, Entrümpelung, Leerfahrt und Wohnungsauflösung. Fotos, Termin, Umfang und Preisrahmen direkt senden und Machbarkeit prüfen lassen.","323","3","21","Umzug Kosten regensburg 2026 Was kostet ein Umzug in regensburg? Preise, Faktoren und Spartipps. Weiterlesen → -> /ratgeber/umzug-kosten-regensburg","ausreichend","ausreichend","gut","","","","index, follow","P2","B","",""
"/ratgeber/checkliste-umzug","Blog / Ratgeber","überregional oder nicht ortsgebunden","informieren und nächsten Schritt finden","umzugscheckliste","Checkliste für einen gut vorbereiteten Umzug","Umzugscheckliste: Aufgaben sinnvoll nach Wochen ordnen","Eine klare Umzugscheckliste für Vorbereitung, Kartons, Verträge, Zugang, Helfer und Übergabe – mit den Angaben, die eine belastbare Anfrage braucht.","146","2","4","","ausreichend","ausreichend","ausreichend","","","","index, follow","P2","B","",""
"/ratgeber/entruempelung-kosten-pro-m3","Blog / Ratgeber","überregional oder nicht ortsgebunden","informieren und nächsten Schritt finden","entrümpelungskosten pro m³","Entrümpelung Kosten pro m³ erklärt","Entrümpelungskosten pro m³: Warum Volumen nicht alles ist","Menge, Material, Gewicht, Etage, Trageweg, Entsorgung und Zielzustand bestimmen den Aufwand. Warum ein Kubikmeterwert allein keinen Endpreis ergibt.","158","3","4","","ausreichend","ausreichend","schwach","","","","index, follow","P2","B","",""
"/ratgeber/gute-umzugsfirma-finden","Blog / Ratgeber","überregional oder nicht ortsgebunden","informieren und nächsten Schritt finden","gute umzugsfirma finden","Wie findet man eine gute Umzugsfirma?","Gute Umzugsfirma finden: Angebote und Umfang prüfen","So vergleichen Sie Umzugsfirmen anhand von Leistungsumfang, Zugängen, Zusatzkosten, Terminbestätigung und nachvollziehbaren Angebotspositionen.","133","2","4","","ausreichend","schwach","schwach","","","","index, follow","P2","B","",""
"/ratgeber/moebeltransport-sicher","Blog / Ratgeber","überregional oder nicht ortsgebunden","informieren und nächsten Schritt finden","möbeltransport sicher planen","Möbeltransport sicher organisieren","Möbeltransport sicher planen: Maße, Wege und Schutz","Möbeltransport mit Maßen, Demontage, Treppenhaus, Aufzug, Laufwegen, Ladungsschutz und Fotos so vorbereiten, dass die Machbarkeit prüfbar wird.","130","2","4","","ausreichend","schwach","schwach","","","","index, follow","P2","B","",""
"/ratgeber/umzug-anmelden-ummelden","Blog / Ratgeber","überregional oder nicht ortsgebunden","informieren und nächsten Schritt finden","umzug anmelden und ummelden","Umzug anmelden und ummelden: Aufgaben sauber trennen","Umzug anmelden und ummelden: Eigene Aufgaben im Blick","Eine organisatorische Übersicht für Adressänderungen, Verträge und persönliche Ummeldungen. Zuständigkeiten und aktuelle Fristen bei den jeweiligen Stellen prüfen.","330","4","4","Umzug Regensburg anfragen -> /regensburg/umzug","ausreichend","ausreichend","ausreichend","","","","index, follow","P2","B","",""
"/ratgeber/umzug-erste-wohnung","Blog / Ratgeber","überregional oder nicht ortsgebunden","informieren und nächsten Schritt finden","erste eigene wohnung","Erste Wohnung: Umzug richtig planen","Erste eigene Wohnung: Umzug und Grundausstattung planen","Eine praktische Übersicht für Budget, Möbel, Kartons, Verträge, Schlüssel, Übergabe und die Angaben, die für Umzugshilfe wirklich benötigt werden.","164","3","4","","ausreichend","ausreichend","schwach","","","","index, follow","P2","B","",""
"/ratgeber/umzug-im-winter","Blog / Ratgeber","überregional oder nicht ortsgebunden","informieren und nächsten Schritt finden","umzug im winter","Umzug im Winter: Vor- und Nachteile","Umzug im Winter: Wetter, Wege und Zeitpuffer planen","So berücksichtigen Sie Tageslicht, rutschige Wege, Schutzmaterial, Zufahrt und Zeitpuffer bei einem Winterumzug, ohne eine Wetter- oder Termingarantie.","144","2","4","","schwach","ausreichend","schwach","","","","index, follow","P2","B","",""
"/ratgeber/umzug-kosten-rechner","Blog / Ratgeber","überregional oder nicht ortsgebunden","informieren und nächsten Schritt finden","umzugskosten-rechner richtig nutzen","Umzug Kosten Rechner: So funktioniert er","Umzugskosten-Rechner richtig nutzen: Angaben und Grenzen","Welche Eingaben eine erste Umzugseinschätzung verbessern und warum Volumen, Zugang, Entfernung und Zusatzleistungen vor einem Angebot geprüft werden müssen.","155","2","4","","ausreichend","ausreichend","ausreichend","","","","index, follow","P2","B","",""
"/ratgeber/umzug-kosten-regensburg","Blog / Ratgeber","Regensburg","informieren und nächsten Schritt finden","umzugskosten regensburg","Was kostet ein Umzug in Regensburg?","Umzugskosten Regensburg: Faktoren realistisch planen","Welche Angaben einen Umzugspreis in Regensburg beeinflussen: Volumen, Etage, Laufweg, Strecke, Termin und Zusatzleistungen verständlich erklärt.","191","2","4","","gut","ausreichend","schwach","","","","index, follow","P2","B","",""
"/ratgeber/umzug-tipps-familien","Blog / Ratgeber","überregional oder nicht ortsgebunden","informieren und nächsten Schritt finden","umzug mit familie","Umzug Tipps für Familien","Umzug mit Familie: Aufgaben, Zeiten und Übergabe planen","Familienumzug mit Zuständigkeiten, Kartons, Kinderbetreuung, Zugang, Zeitfenstern und Übergabe ruhig vorbereiten und offene Punkte früh klären.","154","2","4","","ausreichend","schwach","schwach","","","","index, follow","P2","B","",""
"/ratgeber/umzug-versicherung","Blog / Ratgeber","überregional oder nicht ortsgebunden","informieren und nächsten Schritt finden","umzug und versicherung","Umzug Versicherung: Was Sie wissen müssen","Umzug und Versicherung: Fragen vor dem Auftrag klären","Welche Haftungs-, Dokumentations- und Versicherungsfragen vor einem Umzug geklärt werden sollten – als Orientierung, nicht als Rechts- oder Versicherungsberatung.","144","2","4","","schwach","schwach","schwach","","","","index, follow","P2","B","",""
"/ratgeber/umzug-vorbereiten-7-schritte","Blog / Ratgeber","überregional oder nicht ortsgebunden","informieren und nächsten Schritt finden","umzug vorbereiten","Umzug vorbereiten in 7 Schritten","Umzug vorbereiten: 7 Schritte für klare Abläufe","Start, Ziel, Volumen, Zugang, Parken, Kartons und Übergabe in sieben Schritten vorbereiten, damit Angebot und Ablauf weniger Rückfragen verursachen.","136","2","4","","ausreichend","schwach","gut","","","","index, follow","P2","B","",""
"/ratgeber/wann-lohnt-sich-umzugsfirma","Blog / Ratgeber","überregional oder nicht ortsgebunden","informieren und nächsten Schritt finden","wann lohnt sich eine umzugsfirma? entscheidungshilfe","Wann lohnt sich eine Umzugsfirma?","Wann lohnt sich eine Umzugsfirma? Entscheidungshilfe","Eine sachliche Entscheidungshilfe zu Umfang, Etagen, Entfernung, Zeit, Sonderstücken und Eigenleistung – ohne pauschales Preis- oder Terminversprechen.","145","2","4","","schwach","ausreichend","schwach","","","","index, follow","P2","B","",""
"/ratgeber/wohnungsaufloesung-tipps","Blog / Ratgeber","überregional oder nicht ortsgebunden","informieren und nächsten Schritt finden","wohnungsauflösung planen","Wohnungsauflösung: Tipps und Kosten","Wohnungsauflösung planen: Freigaben, Räumung, Übergabe","Wohnungsauflösung mit Berechtigung, Fundstücken, Fotos, Materialarten, Räumung, Reinigung und Zielzustand respektvoll und nachvollziehbar vorbereiten.","137","3","4","","ausreichend","ausreichend","ausreichend","","","","index, follow","P2","B","",""
"/rechner","Formular / Werkzeug","Regensburg","Angaben erfassen und Anfrage vorbereiten","floxant kostenrechner","Preisrahmen für Regensburg und Bayern sauber einschätzen","FLOXANT Kostenrechner | Preisrahmen prüfen","Preisrahmen für Umzug, Reinigung, Entrümpelung, Entsorgung oder Büroumzug einschätzen: Service wählen, Ort, Zugang, Fotos und Budget senden.","3111","17","203","Direkt anfragen -> /buchung","ausreichend","gut","gut","","","","index, follow","P2","A","",""
"/regensburg","Standort-Hub","Regensburg","passenden Service und nächsten Schritt wählen","floxant regensburg","Umzug, Reinigung, Räumung und Übergabe in Regensburg anfragen","FLOXANT Regensburg: Umzug, Reinigung und Räumung anfragen","Regensburg-Anfrage für Umzug, Reinigung, Entrümpelung oder Übergabe: Start, Ziel, Objekt, Umfang, Fotos und Terminwunsch senden.","4946","11","112","Angebot prüfen Vorhandenes Angebot, Screenshot oder Preis nach Umfang und Annahmen einordnen. Leistung ansehen -> /angebot-guenstiger-pruefen","gut","gut","gut","[object Object] | [object Object] | [object Object] | [object Object] | [object Object] | [object Object] | [object Object] | [object Object]","","","index, follow","P0","A","",""
"/regensburg/angebot-vergleichen","Lokale Service-Seite","Regensburg","Angebot und Leistungsumfang prüfen","angebot prüfen regensburg","Angebot in Regensburg prüfen für Umzug, Reinigung oder Wohnungsauflösung","Angebot prüfen Regensburg | Umzug, Reinigung & Räumung","Angebot in Regensburg prüfen: Umzugskosten, Reinigungsangebot, Wohnungsauflösung oder Entrümpelung mit Fotos sachlich vergleichen.","527","7","7","Angebot prüfen lassen -> /buchung?region=regensburg&service=angebot-pruefen#buchungssystem","gut","gut","ausreichend","[object Object] | [object Object] | [object Object] | [object Object] | [object Object]","","","index, follow","P1","B","",""
"/regensburg/besenreine-uebergabe","Lokale Service-Seite","Regensburg","Leistung verstehen und anfragen","besenreine übergabe regensburg","Besenreine Übergabe in Regensburg vorbereiten","Besenreine Übergabe Regensburg | Wohnung vorbereiten | FLOXANT","Besenreine Übergabe in Regensburg vorbereiten: Restmengen, Reinigung, Fotos und Termin unverbindlich prüfen lassen.","2353","7","41","Schnelle Klärung und Angebotsprüfung -> /leistungen#regensburg-special","ausreichend","gut","gut","[object Object] | [object Object] | [object Object] | [object Object] | [object Object] | [object Object] | [object Object] | [object Object] | [object Object] | [object Object] | [object Object] | [object Object] | [object Object] | [object Object] | [object Object] | [object Object] | [object Object] | [object Object] | [object Object] | [object Object] | [object Object] | [object Object] | [object Object] | [object Object] | [object Object]","","","index, follow","P1","A","",""
"/regensburg/bueroreinigung","Lokale Service-Seite","Regensburg","Leistung verstehen und anfragen","büroreinigung regensburg für firmen anfragen","Büroreinigung Regensburg für Firmen mit konkreten Eckdaten anfragen","Büroreinigung Regensburg für Firmen anfragen","Büroreinigung Regensburg für Firmen: Fläche, Raumliste, Turnus, Reinigungszeiten und vorhandenes Angebot anhand der Eckdaten klären.","2463","13","33","Büroreinigung Regensburg anfragen -> /kontakt?service=bueroreinigung&city=regensburg&intent=b2b-bueroreinigung-regensburg&source=seo","gut","gut","gut","[object Object] | [object Object] | [object Object] | [object Object] | [object Object] | [object Object] | [object Object] | [object Object] | [object Object] | [object Object] | [object Object] | [object Object] | [object Object] | [object Object] | [object Object] | [object Object] | [object Object] | [object Object] | [object Object] | [object Object] | [object Object] | [object Object] | [object Object]","","","index, follow","P0","A","",""
"/regensburg/endreinigung","Lokale Service-Seite","Regensburg","Leistung verstehen und anfragen","endreinigung regensburg","Endreinigung vor Übergabe in Regensburg - Wohnung, Zustand und Frist klären","Endreinigung Regensburg | Übergabe & Auszug vorbereiten","Endreinigung in Regensburg vor Übergabe, nach Auszug oder Entrümpelung: Fotos, Fläche, Zustand, Frist und Restmengen prüfen lassen.","2872","11","38","Endreinigung vor Übergabe prüfen -> /kontakt?service=reinigung&city=regensburg&intent=endreinigung-wohnungsuebergabe&source=seo","ausreichend","gut","gut","[object Object] | [object Object] | [object Object] | [object Object] | [object Object] | [object Object] | [object Object] | [object Object] | [object Object] | [object Object] | [object Object] | [object Object] | [object Object] | [object Object] | [object Object] | [object Object] | [object Object] | [object Object] | [object Object] | [object Object] | [object Object] | [object Object] | [object Object] | [object Object] | [object Object] | [object Object] | [object Object] | [object Object]","","","index, follow","P0","A","",""
"/regensburg/entruempelung","Lokale Service-Seite","Regensburg","Leistung verstehen und anfragen","entrümpelung regensburg","Entrümpelung Regensburg für Wohnung, Keller, Garage und Nachlass","Entrümpelung Regensburg | Wohnung, Keller, Nachlass","Entrümpelung in Regensburg mit klarer Abstimmung zu Räumen, Menge, Zugang und Termin. Anfrage mit Fotos oder Objektangaben senden.","1977","10","33","Entrümpelung anfragen -> /kontakt?service=entruempelung&city=regensburg&intent=entruempelung-regensburg&source=seo","gut","gut","gut","[object Object] | [object Object] | [object Object] | [object Object] | [object Object] | [object Object] | [object Object] | [object Object] | [object Object] | [object Object] | [object Object] | [object Object] | [object Object] | [object Object] | [object Object] | [object Object] | [object Object]","","","index, follow","P0","A","",""
"/regensburg/gewerbereinigung","Lokale Service-Seite","Regensburg","Leistung verstehen und anfragen","gewerbereinigung regensburg mit konkreten eckdaten anfragen","Gewerbereinigung Regensburg mit konkreten Eckdaten anfragen","Gewerbereinigung Regensburg mit konkreten Eckdaten anfragen","Gewerbereinigung Regensburg für Firmen: Objektart, Fläche, Turnus, Reinigungszeiten, Leistungsumfang und Angebot einordnen.","2392","13","30","Gewerbereinigung Regensburg anfragen -> /kontakt?service=gewerbereinigung&city=regensburg&intent=gewerbereinigung-regensburg&source=seo","gut","gut","gut","[object Object] | [object Object] | [object Object] | [object Object] | [object Object] | [object Object] | [object Object] | [object Object] | [object Object]","","","index, follow","P0","A","",""
"/regensburg/haushaltsaufloesung","Lokale Service-Seite","Regensburg","Leistung verstehen und anfragen","haushaltsauflösung regensburg","Haushaltsauflösung in Regensburg ruhig klären","Haushaltsauflösung Regensburg | Nachlass ruhig klären","Haushaltsauflösung in Regensburg für Wohnung, Haus oder Nachlass: Fotos, Freigabe, Zugang, Räumung und Reinigung ruhig prüfen, Termin klären lassen.","1863","8","33","Haushaltsauflösung anfragen -> /kontakt?service=entruempelung&city=regensburg&intent=entruempelung-regensburg&source=seo","ausreichend","gut","gut","[object Object] | [object Object] | [object Object] | [object Object] | [object Object] | [object Object] | [object Object] | [object Object] | [object Object] | [object Object] | [object Object] | [object Object] | [object Object] | [object Object] | [object Object] | [object Object] | [object Object] | [object Object] | [object Object]","","","index, follow","P1","A","",""
"/regensburg/reinigung","Lokale Service-Seite","Regensburg","Leistung verstehen und anfragen","gebäudereinigung regensburg","Gebäudereinigung in Regensburg und Umgebung","Gebäudereinigung Regensburg | Floxant","Gebäudereinigung in Regensburg für Büro, Praxis, Treppenhaus und Wohnung: Servicegebiet bis 50 km, Fotos senden, Umfang klären.","2313","11","32","Gebäudereinigung in Regensburg anfragen -> /kontakt?service=reinigung&city=regensburg&intent=reinigung-regensburg&source=seo","gut","gut","gut","[object Object] | [object Object] | [object Object] | [object Object] | [object Object] | [object Object] | [object Object] | [object Object] | [object Object]","","","index, follow","P0","A","",""
"/regensburg/reinigung-nach-umzug","Lokale Service-Seite","Regensburg","Leistung verstehen und anfragen","reinigung nach umzug regensburg","Reinigung nach Umzug Regensburg für Auszug, Endreinigung und Übergabe","Reinigung nach Umzug Regensburg | Übergabe vorbereiten","Reinigung nach Umzug in Regensburg für Auszug, Endreinigung, Übergabe, Restpunkte und Fotos unverbindlich prüfen.","635","7","9","Reinigung nach Umzug anfragen -> /buchung?region=regensburg&service=reinigung#buchungssystem","gut","gut","ausreichend","[object Object] | [object Object] | [object Object] | [object Object]","","","index, follow","P1","B","",""
"/regensburg/reinigungsfirma","Lokale Service-Seite","Regensburg","Leistung verstehen und anfragen","reinigungsfirma regensburg","Reinigungsfirma in Regensburg für Büro, Gewerbe, Wohnung und Übergabe","Reinigungsfirma Regensburg | Büroreinigung & Angebot | FLOXANT","Reinigungsfirma Regensburg für Büro, Gewerbe, Wohnung, Endreinigung und Angebot: Stadtteil, Fläche, Fotos und Turnus prüfen.","2452","10","34","Reinigungsfirma anfragen -> /kontakt?city=regensburg&intent=sonstiges-regensburg&source=seo","ausreichend","gut","gut","[object Object] | [object Object] | [object Object] | [object Object] | [object Object] | [object Object] | [object Object] | [object Object] | [object Object] | [object Object] | [object Object] | [object Object] | [object Object] | [object Object] | [object Object] | [object Object] | [object Object] | [object Object] | [object Object] | [object Object] | [object Object] | [object Object] | [object Object] | [object Object] | [object Object] | [object Object]","","","index, follow","P1","A","",""
"/regensburg/seniorenumzug","Lokale Service-Seite","Regensburg","Leistung verstehen und anfragen","seniorenumzug regensburg","Seniorenumzug Regensburg ruhig mit Angehoerigen und Übergabe planen","Seniorenumzug Regensburg | Ruhig mit Angehoerigen planen","Seniorenumzug Regensburg mit Angehoerigen, Packhilfe, Übergabe, Wohnungsauflösung und Reinigung nach Auszug ruhig prüfen.","590","7","8","Seniorenumzug anfragen -> /buchung?region=regensburg&service=umzug#buchungssystem","gut","gut","gut","[object Object] | [object Object] | [object Object] | [object Object] | [object Object] | [object Object] | [object Object] | [object Object] | [object Object] | [object Object]","","","index, follow","P1","B","",""
"/regensburg/solarreinigung","Lokale Service-Seite","Regensburg","Leistung verstehen und anfragen","solarreinigung regensburg - pv-anlage und zugang klären","Solarreinigung Regensburg anfragen - PV-Anlage, Fotos und Zugang beschreiben","Solarreinigung Regensburg - PV-Anlage und Zugang klären","Solarreinigung Regensburg: PV-Fotos, Modulfläche, Dachzugang, Verschmutzung, Angebot und Zeitraum senden. FLOXANT prüft Machbarkeit ohne Ertragsgarantie.","1404","9","17","Solarreinigung Regensburg anfragen -> /kontakt?service=solarreinigung&city=regensburg&intent=solarreinigung-regensburg&source=seo","gut","gut","gut","[object Object] | [object Object] | [object Object] | [object Object] | [object Object] | [object Object] | [object Object] | [object Object] | [object Object] | [object Object] | [object Object] | [object Object] | [object Object]","","","index, follow","P1","A","",""
"/regensburg/uebergabereinigung","Lokale Service-Seite","Regensburg","Leistung verstehen und anfragen","übergabereinigung regensburg","Übergabereinigung in Regensburg vor Rückgabe oder Nachnutzung","Übergabereinigung Regensburg | Fotos senden & klären","Übergabereinigung in Regensburg für Auszug, Vermietertermin oder Nachnutzung. Fotos, Fläche, Zustand und Termin prüfen lassen.","2408","10","41","Anfrageformular öffnen -> /kontakt?service=reinigung&city=regensburg&intent=uebergabereinigung-regensburg&source=seo","gut","gut","gut","[object Object] | [object Object] | [object Object] | [object Object] | [object Object] | [object Object] | [object Object] | [object Object] | [object Object] | [object Object] | [object Object] | [object Object] | [object Object] | [object Object] | [object Object] | [object Object] | [object Object] | [object Object] | [object Object] | [object Object] | [object Object] | [object Object] | [object Object] | [object Object] | [object Object]","","","index, follow","P1","A","",""
"/regensburg/umzug","Lokale Service-Seite","Regensburg","Leistung verstehen und anfragen","umzug regensburg anfragen - start, ziel und termin klären","Umzug in Regensburg klar anfragen - mit Start, Ziel und Terminwunsch","Umzug Regensburg anfragen - Start, Ziel und Termin klären","Umzug in Regensburg geplant? Start, Ziel, Etage, Umfang und Termin beschreiben. FLOXANT prüft Anfrage oder Umzugsangebot anhand der genannten Eckdaten.","1607","10","18","Umzug in Regensburg anfragen -> /kontakt?service=umzug&city=regensburg&intent=umzug-regensburg&source=seo","gut","gut","gut","[object Object]","","","index, follow","P0","A","",""
"/regensburg/umzug-kosten","Lokale Service-Seite","Regensburg","Leistung verstehen und anfragen","umzugskosten regensburg","Umzugskosten Regensburg verstehen und Angebot prüfen lassen","Umzugskosten Regensburg | Kostenfaktoren & Angebot prüfen","Umzugskosten Regensburg verstehen: Wohnungsgroesse, Etage, Aufzug, Entfernung, Haltezone, Demontage, Kartons, Reinigung und Angebot prüfen.","573","7","9","Umzugskosten anfragen -> /buchung?region=regensburg&service=umzug#buchungssystem","gut","gut","gut","[object Object] | [object Object] | [object Object] | [object Object] | [object Object] | [object Object] | [object Object] | [object Object] | [object Object] | [object Object]","","","index, follow","P1","B","",""
"/regensburg/umzug-reinigung","Lokale Service-Seite","Regensburg","Leistung verstehen und anfragen","umzug mit reinigung regensburg","Umzug mit Reinigung in Regensburg koordinieren","Umzug mit Reinigung Regensburg | Ablauf gemeinsam klären | FLOXANT","Umzug mit Reinigung in Regensburg: FLOXANT prüft Umzug, Restmengen, Endreinigung und Übergabe als abgestimmten Ablauf.","2338","7","41","Kombination anfragen -> /kontakt?city=regensburg&intent=sonstiges-regensburg&source=seo","ausreichend","gut","gut","[object Object] | [object Object] | [object Object] | [object Object] | [object Object] | [object Object] | [object Object] | [object Object] | [object Object] | [object Object] | [object Object] | [object Object] | [object Object] | [object Object] | [object Object] | [object Object] | [object Object] | [object Object] | [object Object] | [object Object] | [object Object] | [object Object] | [object Object] | [object Object] | [object Object]","","","index, follow","P1","A","",""
"/regensburg/umzugsservice","Lokale Service-Seite","Regensburg","Leistung verstehen und anfragen","umzugsservice regensburg","Umzugsservice Regensburg für Planung, Transport und Zusatzleistungen","Umzugsservice Regensburg | Umzug, Zusatzleistungen & Angebot","Umzugsservice Regensburg für Planung, Tragen, Transport, Demontage, Reinigung danach und Angebotsprüfung mit Fotos und Eckdaten.","590","7","9","Umzugsservice anfragen -> /buchung?region=regensburg&service=umzug#buchungssystem","gut","gut","gut","[object Object] | [object Object] | [object Object] | [object Object] | [object Object] | [object Object] | [object Object] | [object Object] | [object Object] | [object Object]","","","index, follow","P1","B","",""
"/regensburg/umzugsunternehmen","Lokale Service-Seite","Regensburg","Leistung verstehen und anfragen","umzugsunternehmen regensburg","Umzugsunternehmen Regensburg mit Fotos, Laufweg und Angebot prüfen","Umzugsunternehmen Regensburg | Angebot & Fotos prüfen","Umzugsunternehmen Regensburg anfragen: Start, Ziel, Etage, Volumen, Laufweg, Fotos, Termin, Reinigung und vorhandenes Angebot prüfen.","1910","8","24","Umzugsunternehmen anfragen -> /kontakt?city=regensburg&intent=sonstiges-regensburg&source=seo","gut","gut","gut","[object Object] | [object Object] | [object Object] | [object Object] | [object Object] | [object Object] | [object Object] | [object Object] | [object Object] | [object Object] | [object Object] | [object Object] | [object Object] | [object Object] | [object Object] | [object Object] | [object Object] | [object Object] | [object Object] | [object Object] | [object Object]","","","index, follow","P1","A","",""
"/regensburg/wohnungsaufloesung","Lokale Service-Seite","Regensburg","Leistung verstehen und anfragen","wohnungsauflösung regensburg","Wohnungsauflösung Regensburg bei Nachlass, Auszug und Übergabe","Wohnungsauflösung Regensburg | Nachlass ruhig klären","Wohnungsauflösung Regensburg bei Nachlass, Auszug oder Pflegeheimwechsel: Fotos, Freigabe, Räume, Zielzustand und Übergabe ruhig klären.","1929","10","25","Wohnungsauflösung anfragen -> /kontakt?service=wohnungsaufloesung&city=regensburg&intent=wohnungsaufloesung-regensburg&source=seo","ausreichend","gut","gut","[object Object] | [object Object] | [object Object] | [object Object] | [object Object] | [object Object] | [object Object] | [object Object] | [object Object] | [object Object] | [object Object] | [object Object] | [object Object] | [object Object] | [object Object] | [object Object] | [object Object] | [object Object] | [object Object]","","","index, follow","P0","A","",""
"/region-regensburg","Standort-Hub","Regensburg","passenden Service und nächsten Schritt wählen","region regensburg","Region Regensburg: Einsatzgebiet, Leistungen und passende Anfragewege","Region Regensburg | Einsatzgebiet & Leistungen | FLOXANT","Region Regensburg: ausgewählte Leistungen, Städte und Angebotsprüfung im Einsatzgebiet 50 km rund um Regensburg.","671","7","14","Reinigung anfragen -> /buchung?region=regensburg&service=reinigung#buchungssystem","ausreichend","gut","gut","[object Object] | [object Object] | [object Object] | [object Object]","","","index, follow","P2","A","",""
"/reinigung","Service-Seite","Regensburg","Leistung verstehen und anfragen","reinigung regensburg","Reinigungsarten für Regensburg und den 50-km-Umkreis","Reinigung Regensburg | Endreinigung & Übergabe","Reinigung in Düsseldorf und Regensburg: Wohnung, Büro, Endreinigung und Übergabe mit Fläche, Zustand, Fotos, Termin und Budget prüfen lassen.","1857","15","24","Preisrahmen berechnen -> /rechner","gut","gut","gut","[object Object] | [object Object] | [object Object] | [object Object] | [object Object] | [object Object] | [object Object] | [object Object] | [object Object] | [object Object] | [object Object]","","","index, follow","P1","A","",""
"/reinigung-abensberg","Service-Seite","überregional oder nicht ortsgebunden","Leistung verstehen und anfragen","reinigungsfirma abensberg","Endreinigung in Abensberg","Reinigungsfirma Abensberg | Objekt prüfen lassen","FLOXANT prüft Reinigungsanfragen in Abensberg für Wohnung, Büro, Grundreinigung und saubere Übergabe nach Verfügbarkeit. Abensberg wird über den FLOXANT-Regensburg-Radius geprüft; Ort, Fotos und Preisrahmen helfen bei...","2690","14","19","Budget nennen -> /anfrage-mit-preisrahmen","ausreichend","gut","gut","[object Object] | [object Object] | [object Object] | [object Object] | [object Object] | [object Object] | [object Object] | [object Object] | [object Object] | [object Object] | [object Object] | [object Object] | [object Object] | [object Object] | [object Object] | [object Object] | [object Object] | [object Object] | [object Object] | [object Object] | [object Object] | [object Object] | [object Object] | [object Object]","","","index, follow","P1","A","",""
"/reinigung-alteglofsheim","Service-Seite","überregional oder nicht ortsgebunden","Leistung verstehen und anfragen","reinigung alteglofsheim","Endreinigung in Alteglofsheim","Reinigung Alteglofsheim | Übergabe sauber planen","Endreinigung in Alteglofsheim: Wohnungszustand, Räume, Bad, Küche, Böden und Übergabetermin klar erfassen und Anfrage starten. Alteglofsheim wird über den FLOXANT-Regensburg-Radius geprüft; Ort, Fotos und Preisrahmen...","2690","14","19","Budget nennen -> /anfrage-mit-preisrahmen","ausreichend","gut","gut","[object Object] | [object Object] | [object Object] | [object Object] | [object Object] | [object Object] | [object Object] | [object Object] | [object Object] | [object Object] | [object Object] | [object Object] | [object Object] | [object Object] | [object Object] | [object Object] | [object Object] | [object Object] | [object Object] | [object Object] | [object Object] | [object Object] | [object Object] | [object Object]","","","index, follow","P1","A","",""
"/reinigung-altenthann","Service-Seite","überregional oder nicht ortsgebunden","Leistung verstehen und anfragen","wohnungsreinigung altenthann","Endreinigung in Altenthann","Wohnungsreinigung Altenthann | FLOXANT Anfrage","Reinigungsfirma für Altenthann gesucht? Fotos, Fläche, Verschmutzung, Zeitfenster und Übergabeanforderungen direkt prüfen lassen. Altenthann wird über den FLOXANT-Regensburg-Radius geprüft; Ort, Fotos und Preisrahmen...","2690","14","19","Budget nennen -> /anfrage-mit-preisrahmen","ausreichend","gut","gut","[object Object] | [object Object] | [object Object] | [object Object] | [object Object] | [object Object] | [object Object] | [object Object] | [object Object] | [object Object] | [object Object] | [object Object] | [object Object] | [object Object] | [object Object] | [object Object] | [object Object] | [object Object] | [object Object] | [object Object] | [object Object] | [object Object] | [object Object] | [object Object]","","","index, follow","P1","A","",""
"/reinigung-aufhausen","Service-Seite","überregional oder nicht ortsgebunden","Leistung verstehen und anfragen","endreinigung aufhausen","Endreinigung in Aufhausen","Endreinigung Aufhausen | Fläche & Termin klären","Reinigung in Aufhausen: FLOXANT prüft Fläche, Zustand, Objektart, Termin und Extras für Endreinigung, Übergabe und Objektservice. Aufhausen wird über den FLOXANT-Regensburg-Radius geprüft; Ort, Fotos und Preisrahmen...","2690","14","19","Budget nennen -> /anfrage-mit-preisrahmen","ausreichend","gut","gut","[object Object] | [object Object] | [object Object] | [object Object] | [object Object] | [object Object] | [object Object] | [object Object] | [object Object] | [object Object] | [object Object] | [object Object] | [object Object] | [object Object] | [object Object] | [object Object] | [object Object] | [object Object] | [object Object] | [object Object] | [object Object] | [object Object] | [object Object] | [object Object]","","","index, follow","P1","A","",""
"/reinigung-bad-abbach","Service-Seite","überregional oder nicht ortsgebunden","Leistung verstehen und anfragen","reinigungsfirma bad abbach","Endreinigung in Bad Abbach","Reinigungsfirma Bad Abbach | Objekt prüfen lassen","FLOXANT prüft Reinigungsanfragen in Bad Abbach für Wohnung, Büro, Grundreinigung und saubere Übergabe nach Verfügbarkeit. Bad Abbach liegt im direkten Regensburg-Nahbereich; Strecke, Zugang, Fotos und Kapazität werden...","2766","14","19","Budget nennen -> /anfrage-mit-preisrahmen","ausreichend","gut","gut","[object Object] | [object Object] | [object Object] | [object Object] | [object Object] | [object Object] | [object Object] | [object Object] | [object Object] | [object Object] | [object Object] | [object Object] | [object Object] | [object Object] | [object Object] | [object Object] | [object Object] | [object Object] | [object Object] | [object Object] | [object Object] | [object Object] | [object Object] | [object Object]","","","index, follow","P1","A","",""
"/reinigung-barbing","Service-Seite","überregional oder nicht ortsgebunden","Leistung verstehen und anfragen","wohnungsreinigung barbing","Endreinigung in Barbing","Wohnungsreinigung Barbing | FLOXANT Anfrage","Reinigungsfirma für Barbing gesucht? Fotos, Fläche, Verschmutzung, Zeitfenster und Übergabeanforderungen direkt prüfen lassen. Barbing liegt im direkten Regensburg-Nahbereich; Strecke, Zugang, Fotos und Kapazität...","2690","14","19","Budget nennen -> /anfrage-mit-preisrahmen","ausreichend","gut","gut","[object Object] | [object Object] | [object Object] | [object Object] | [object Object] | [object Object] | [object Object] | [object Object] | [object Object] | [object Object] | [object Object] | [object Object] | [object Object] | [object Object] | [object Object] | [object Object] | [object Object] | [object Object] | [object Object] | [object Object] | [object Object] | [object Object] | [object Object] | [object Object]","","","index, follow","P1","A","",""
"/reinigung-beratzhausen","Service-Seite","überregional oder nicht ortsgebunden","Leistung verstehen und anfragen","reinigung beratzhausen","Endreinigung in Beratzhausen","Reinigung Beratzhausen | Übergabe sauber planen","Endreinigung in Beratzhausen: Wohnungszustand, Räume, Bad, Küche, Böden und Übergabetermin klar erfassen und Anfrage starten. Beratzhausen wird über den FLOXANT-Regensburg-Radius geprüft; Ort, Fotos und Preisrahmen...","2690","14","19","Budget nennen -> /anfrage-mit-preisrahmen","ausreichend","gut","gut","[object Object] | [object Object] | [object Object] | [object Object] | [object Object] | [object Object] | [object Object] | [object Object] | [object Object] | [object Object] | [object Object] | [object Object] | [object Object] | [object Object] | [object Object] | [object Object] | [object Object] | [object Object] | [object Object] | [object Object] | [object Object] | [object Object] | [object Object] | [object Object]","","","index, follow","P1","A","",""
"/reinigung-bernhardswald","Service-Seite","überregional oder nicht ortsgebunden","Leistung verstehen und anfragen","wohnungsreinigung bernhardswald","Endreinigung in Bernhardswald","Wohnungsreinigung Bernhardswald | FLOXANT Anfrage","Reinigungsfirma für Bernhardswald gesucht? Fotos, Fläche, Verschmutzung, Zeitfenster und Übergabeanforderungen direkt prüfen lassen. Bernhardswald wird über den FLOXANT-Regensburg-Radius geprüft; Ort, Fotos und...","2690","14","19","Budget nennen -> /anfrage-mit-preisrahmen","ausreichend","gut","gut","[object Object] | [object Object] | [object Object] | [object Object] | [object Object] | [object Object] | [object Object] | [object Object] | [object Object] | [object Object] | [object Object] | [object Object] | [object Object] | [object Object] | [object Object] | [object Object] | [object Object] | [object Object] | [object Object] | [object Object] | [object Object] | [object Object] | [object Object] | [object Object]","","","index, follow","P1","A","",""
"/reinigung-brennberg","Service-Seite","überregional oder nicht ortsgebunden","Leistung verstehen und anfragen","reinigungsfirma brennberg","Endreinigung in Brennberg","Reinigungsfirma Brennberg | Objekt prüfen lassen","FLOXANT prüft Reinigungsanfragen in Brennberg für Wohnung, Büro, Grundreinigung und saubere Übergabe nach Verfügbarkeit. Brennberg wird über den FLOXANT-Regensburg-Radius geprüft; Ort, Fotos und Preisrahmen helfen bei...","2690","14","19","Budget nennen -> /anfrage-mit-preisrahmen","ausreichend","gut","gut","[object Object] | [object Object] | [object Object] | [object Object] | [object Object] | [object Object] | [object Object] | [object Object] | [object Object] | [object Object] | [object Object] | [object Object] | [object Object] | [object Object] | [object Object] | [object Object] | [object Object] | [object Object] | [object Object] | [object Object] | [object Object] | [object Object] | [object Object] | [object Object]","","","index, follow","P1","A","",""
"/reinigung-brunn","Service-Seite","überregional oder nicht ortsgebunden","Leistung verstehen und anfragen","reinigungsfirma brunn","Endreinigung in Brunn","Reinigungsfirma Brunn | Objekt prüfen lassen","FLOXANT prüft Reinigungsanfragen in Brunn für Wohnung, Büro, Grundreinigung und saubere Übergabe nach Verfügbarkeit. Brunn wird über den FLOXANT-Regensburg-Radius geprüft; Ort, Fotos und Preisrahmen helfen bei der...","2690","14","19","Budget nennen -> /anfrage-mit-preisrahmen","ausreichend","gut","gut","[object Object] | [object Object] | [object Object] | [object Object] | [object Object] | [object Object] | [object Object] | [object Object] | [object Object] | [object Object] | [object Object] | [object Object] | [object Object] | [object Object] | [object Object] | [object Object] | [object Object] | [object Object] | [object Object] | [object Object] | [object Object] | [object Object] | [object Object] | [object Object]","","","index, follow","P1","A","",""
"/reinigung-burglengenfeld","Service-Seite","überregional oder nicht ortsgebunden","Leistung verstehen und anfragen","endreinigung burglengenfeld","Endreinigung in Burglengenfeld","Endreinigung Burglengenfeld | Fläche & Termin klären","Reinigung in Burglengenfeld: FLOXANT prüft Fläche, Zustand, Objektart, Termin und Extras für Endreinigung, Übergabe und Objektservice. Burglengenfeld wird über den FLOXANT-Regensburg-Radius geprüft; Ort, Fotos und...","2690","14","19","Budget nennen -> /anfrage-mit-preisrahmen","ausreichend","gut","gut","[object Object] | [object Object] | [object Object] | [object Object] | [object Object] | [object Object] | [object Object] | [object Object] | [object Object] | [object Object] | [object Object] | [object Object] | [object Object] | [object Object] | [object Object] | [object Object] | [object Object] | [object Object] | [object Object] | [object Object] | [object Object] | [object Object] | [object Object] | [object Object]","","","index, follow","P1","A","",""
"/reinigung-deuerling","Service-Seite","überregional oder nicht ortsgebunden","Leistung verstehen und anfragen","wohnungsreinigung deuerling","Endreinigung in Deuerling","Wohnungsreinigung Deuerling | FLOXANT Anfrage","Reinigungsfirma für Deuerling gesucht? Fotos, Fläche, Verschmutzung, Zeitfenster und Übergabeanforderungen direkt prüfen lassen. Deuerling wird über den FLOXANT-Regensburg-Radius geprüft; Ort, Fotos und Preisrahmen...","2690","14","19","Budget nennen -> /anfrage-mit-preisrahmen","ausreichend","gut","gut","[object Object] | [object Object] | [object Object] | [object Object] | [object Object] | [object Object] | [object Object] | [object Object] | [object Object] | [object Object] | [object Object] | [object Object] | [object Object] | [object Object] | [object Object] | [object Object] | [object Object] | [object Object] | [object Object] | [object Object] | [object Object] | [object Object] | [object Object] | [object Object]","","","index, follow","P1","A","",""
"/reinigung-donaustauf","Service-Seite","überregional oder nicht ortsgebunden","Leistung verstehen und anfragen","endreinigung donaustauf","Endreinigung in Donaustauf","Endreinigung Donaustauf | Fläche & Termin klären","Reinigung in Donaustauf: FLOXANT prüft Fläche, Zustand, Objektart, Termin und Extras für Endreinigung, Übergabe und Objektservice. Donaustauf liegt im direkten Regensburg-Nahbereich; Strecke, Zugang, Fotos und...","2690","14","19","Budget nennen -> /anfrage-mit-preisrahmen","ausreichend","gut","gut","[object Object] | [object Object] | [object Object] | [object Object] | [object Object] | [object Object] | [object Object] | [object Object] | [object Object] | [object Object] | [object Object] | [object Object] | [object Object] | [object Object] | [object Object] | [object Object] | [object Object] | [object Object] | [object Object] | [object Object] | [object Object] | [object Object] | [object Object] | [object Object]","","","index, follow","P1","A","",""
"/reinigung-duggendorf","Service-Seite","überregional oder nicht ortsgebunden","Leistung verstehen und anfragen","reinigungsfirma duggendorf","Endreinigung in Duggendorf","Reinigungsfirma Duggendorf | Objekt prüfen lassen","FLOXANT prüft Reinigungsanfragen in Duggendorf für Wohnung, Büro, Grundreinigung und saubere Übergabe nach Verfügbarkeit. Duggendorf wird über den FLOXANT-Regensburg-Radius geprüft; Ort, Fotos und Preisrahmen helfen...","2690","14","19","Budget nennen -> /anfrage-mit-preisrahmen","ausreichend","gut","gut","[object Object] | [object Object] | [object Object] | [object Object] | [object Object] | [object Object] | [object Object] | [object Object] | [object Object] | [object Object] | [object Object] | [object Object] | [object Object] | [object Object] | [object Object] | [object Object] | [object Object] | [object Object] | [object Object] | [object Object] | [object Object] | [object Object] | [object Object] | [object Object]","","","index, follow","P1","A","",""
"/reinigung-geiselhoering","Service-Seite","überregional oder nicht ortsgebunden","Leistung verstehen und anfragen","wohnungsreinigung geiselhoering","Endreinigung in Geiselhoering","Wohnungsreinigung Geiselhoering | FLOXANT Anfrage","Reinigungsfirma für Geiselhoering gesucht? Fotos, Fläche, Verschmutzung, Zeitfenster und Übergabeanforderungen direkt prüfen lassen. Geiselhoering wird über den FLOXANT-Regensburg-Radius geprüft; Ort, Fotos und...","2690","14","19","Budget nennen -> /anfrage-mit-preisrahmen","ausreichend","gut","gut","[object Object] | [object Object] | [object Object] | [object Object] | [object Object] | [object Object] | [object Object] | [object Object] | [object Object] | [object Object] | [object Object] | [object Object] | [object Object] | [object Object] | [object Object] | [object Object] | [object Object] | [object Object] | [object Object] | [object Object] | [object Object] | [object Object] | [object Object] | [object Object]","","","index, follow","P1","A","",""
"/reinigung-hagelstadt","Service-Seite","überregional oder nicht ortsgebunden","Leistung verstehen und anfragen","wohnungsreinigung hagelstadt","Endreinigung in Hagelstadt","Wohnungsreinigung Hagelstadt | FLOXANT Anfrage","Reinigungsfirma für Hagelstadt gesucht? Fotos, Fläche, Verschmutzung, Zeitfenster und Übergabeanforderungen direkt prüfen lassen. Hagelstadt wird über den FLOXANT-Regensburg-Radius geprüft; Ort, Fotos und Preisrahmen...","2690","14","19","Budget nennen -> /anfrage-mit-preisrahmen","ausreichend","gut","gut","[object Object] | [object Object] | [object Object] | [object Object] | [object Object] | [object Object] | [object Object] | [object Object] | [object Object] | [object Object] | [object Object] | [object Object] | [object Object] | [object Object] | [object Object] | [object Object] | [object Object] | [object Object] | [object Object] | [object Object] | [object Object] | [object Object] | [object Object] | [object Object]","","","index, follow","P1","A","",""
"/reinigung-hausen","Service-Seite","überregional oder nicht ortsgebunden","Leistung verstehen und anfragen","reinigung hausen","Endreinigung in Hausen","Reinigung Hausen | Übergabe sauber planen","Endreinigung in Hausen: Wohnungszustand, Räume, Bad, Küche, Böden und Übergabetermin klar erfassen und Anfrage starten. Hausen wird über den FLOXANT-Regensburg-Radius geprüft; Ort, Fotos und Preisrahmen helfen bei der...","2690","14","19","Budget nennen -> /anfrage-mit-preisrahmen","ausreichend","gut","gut","[object Object] | [object Object] | [object Object] | [object Object] | [object Object] | [object Object] | [object Object] | [object Object] | [object Object] | [object Object] | [object Object] | [object Object] | [object Object] | [object Object] | [object Object] | [object Object] | [object Object] | [object Object] | [object Object] | [object Object] | [object Object] | [object Object] | [object Object] | [object Object]","","","index, follow","P1","A","",""
"/reinigung-hemau","Service-Seite","überregional oder nicht ortsgebunden","Leistung verstehen und anfragen","reinigung hemau","Endreinigung in Hemau","Reinigung Hemau | Übergabe sauber planen","Endreinigung in Hemau: Wohnungszustand, Räume, Bad, Küche, Böden und Übergabetermin klar erfassen und Anfrage starten. Hemau wird über den FLOXANT-Regensburg-Radius geprüft; Ort, Fotos und Preisrahmen helfen bei der...","2690","14","19","Budget nennen -> /anfrage-mit-preisrahmen","ausreichend","gut","gut","[object Object] | [object Object] | [object Object] | [object Object] | [object Object] | [object Object] | [object Object] | [object Object] | [object Object] | [object Object] | [object Object] | [object Object] | [object Object] | [object Object] | [object Object] | [object Object] | [object Object] | [object Object] | [object Object] | [object Object] | [object Object] | [object Object] | [object Object] | [object Object]","","","index, follow","P1","A","",""
"/reinigung-holzheim-am-forst","Service-Seite","überregional oder nicht ortsgebunden","Leistung verstehen und anfragen","reinigung holzheim am forst","Endreinigung in Holzheim am Forst","Reinigung Holzheim am Forst | Übergabe sauber planen","Endreinigung in Holzheim am Forst: Wohnungszustand, Räume, Bad, Küche, Böden und Übergabetermin klar erfassen und Anfrage starten. Holzheim am Forst wird über den FLOXANT-Regensburg-Radius geprüft; Ort, Fotos und...","2842","14","19","Budget nennen -> /anfrage-mit-preisrahmen","ausreichend","gut","gut","[object Object] | [object Object] | [object Object] | [object Object] | [object Object] | [object Object] | [object Object] | [object Object] | [object Object] | [object Object] | [object Object] | [object Object] | [object Object] | [object Object] | [object Object] | [object Object] | [object Object] | [object Object] | [object Object] | [object Object] | [object Object] | [object Object] | [object Object] | [object Object]","","","index, follow","P1","A","",""
"/reinigung-kallmuenz","Service-Seite","überregional oder nicht ortsgebunden","Leistung verstehen und anfragen","wohnungsreinigung kallmuenz","Endreinigung in Kallmuenz","Wohnungsreinigung Kallmuenz | FLOXANT Anfrage","Reinigungsfirma für Kallmuenz gesucht? Fotos, Fläche, Verschmutzung, Zeitfenster und Übergabeanforderungen direkt prüfen lassen. Kallmuenz wird über den FLOXANT-Regensburg-Radius geprüft; Ort, Fotos und Preisrahmen...","2690","14","19","Budget nennen -> /anfrage-mit-preisrahmen","ausreichend","gut","gut","[object Object] | [object Object] | [object Object] | [object Object] | [object Object] | [object Object] | [object Object] | [object Object] | [object Object] | [object Object] | [object Object] | [object Object] | [object Object] | [object Object] | [object Object] | [object Object] | [object Object] | [object Object] | [object Object] | [object Object] | [object Object] | [object Object] | [object Object] | [object Object]","","","index, follow","P1","A","",""
"/reinigung-kelheim","Service-Seite","überregional oder nicht ortsgebunden","Leistung verstehen und anfragen","wohnungsreinigung kelheim","Endreinigung in Kelheim","Wohnungsreinigung Kelheim | FLOXANT Anfrage","Reinigungsfirma für Kelheim gesucht? Fotos, Fläche, Verschmutzung, Zeitfenster und Übergabeanforderungen direkt prüfen lassen. Kelheim wird über den FLOXANT-Regensburg-Radius geprüft; Ort, Fotos und Preisrahmen helfen...","2530","14","18","Budget nennen -> /anfrage-mit-preisrahmen","ausreichend","gut","gut","[object Object] | [object Object] | [object Object] | [object Object] | [object Object] | [object Object] | [object Object] | [object Object] | [object Object] | [object Object] | [object Object] | [object Object] | [object Object] | [object Object] | [object Object] | [object Object] | [object Object] | [object Object]","","","index, follow","P1","A","",""
"/reinigung-koefering","Service-Seite","überregional oder nicht ortsgebunden","Leistung verstehen und anfragen","reinigung koefering","Endreinigung in Koefering","Reinigung Koefering | Übergabe sauber planen","Endreinigung in Koefering: Wohnungszustand, Räume, Bad, Küche, Böden und Übergabetermin klar erfassen und Anfrage starten. Koefering wird über den FLOXANT-Regensburg-Radius geprüft; Ort, Fotos und Preisrahmen helfen...","2690","14","19","Budget nennen -> /anfrage-mit-preisrahmen","ausreichend","gut","gut","[object Object] | [object Object] | [object Object] | [object Object] | [object Object] | [object Object] | [object Object] | [object Object] | [object Object] | [object Object] | [object Object] | [object Object] | [object Object] | [object Object] | [object Object] | [object Object] | [object Object] | [object Object] | [object Object] | [object Object] | [object Object] | [object Object] | [object Object] | [object Object]","","","index, follow","P1","A","",""
"/reinigung-laaber","Service-Seite","überregional oder nicht ortsgebunden","Leistung verstehen und anfragen","wohnungsreinigung laaber","Endreinigung in Laaber","Wohnungsreinigung Laaber | FLOXANT Anfrage","Reinigungsfirma für Laaber gesucht? Fotos, Fläche, Verschmutzung, Zeitfenster und Übergabeanforderungen direkt prüfen lassen. Laaber wird über den FLOXANT-Regensburg-Radius geprüft; Ort, Fotos und Preisrahmen helfen...","2690","14","19","Budget nennen -> /anfrage-mit-preisrahmen","ausreichend","gut","gut","[object Object] | [object Object] | [object Object] | [object Object] | [object Object] | [object Object] | [object Object] | [object Object] | [object Object] | [object Object] | [object Object] | [object Object] | [object Object] | [object Object] | [object Object] | [object Object] | [object Object] | [object Object] | [object Object] | [object Object] | [object Object] | [object Object] | [object Object] | [object Object]","","","index, follow","P1","A","",""
"/reinigung-langquaid","Service-Seite","überregional oder nicht ortsgebunden","Leistung verstehen und anfragen","endreinigung langquaid","Endreinigung in Langquaid","Endreinigung Langquaid | Fläche & Termin klären","Reinigung in Langquaid: FLOXANT prüft Fläche, Zustand, Objektart, Termin und Extras für Endreinigung, Übergabe und Objektservice. Langquaid wird über den FLOXANT-Regensburg-Radius geprüft; Ort, Fotos und Preisrahmen...","2690","14","19","Budget nennen -> /anfrage-mit-preisrahmen","ausreichend","gut","gut","[object Object] | [object Object] | [object Object] | [object Object] | [object Object] | [object Object] | [object Object] | [object Object] | [object Object] | [object Object] | [object Object] | [object Object] | [object Object] | [object Object] | [object Object] | [object Object] | [object Object] | [object Object] | [object Object] | [object Object] | [object Object] | [object Object] | [object Object] | [object Object]","","","index, follow","P1","A","",""
"/reinigung-lappersdorf","Service-Seite","überregional oder nicht ortsgebunden","Leistung verstehen und anfragen","reinigung lappersdorf","Endreinigung in Lappersdorf","Reinigung Lappersdorf | Übergabe sauber planen","Endreinigung in Lappersdorf: Wohnungszustand, Räume, Bad, Küche, Böden und Übergabetermin klar erfassen und Anfrage starten. Lappersdorf liegt im direkten Regensburg-Nahbereich; Strecke, Zugang, Fotos und Kapazität...","2530","14","18","Budget nennen -> /anfrage-mit-preisrahmen","ausreichend","gut","gut","[object Object] | [object Object] | [object Object] | [object Object] | [object Object] | [object Object] | [object Object] | [object Object] | [object Object] | [object Object] | [object Object] | [object Object] | [object Object] | [object Object] | [object Object] | [object Object] | [object Object] | [object Object]","","","index, follow","P1","A","",""
"/reinigung-mainburg","Service-Seite","überregional oder nicht ortsgebunden","Leistung verstehen und anfragen","reinigungsfirma mainburg","Endreinigung in Mainburg","Reinigungsfirma Mainburg | Objekt prüfen lassen","FLOXANT prüft Reinigungsanfragen in Mainburg für Wohnung, Büro, Grundreinigung und saubere Übergabe nach Verfügbarkeit. Mainburg wird über den FLOXANT-Regensburg-Radius geprüft; Ort, Fotos und Preisrahmen helfen bei...","2690","14","19","Budget nennen -> /anfrage-mit-preisrahmen","ausreichend","gut","gut","[object Object] | [object Object] | [object Object] | [object Object] | [object Object] | [object Object] | [object Object] | [object Object] | [object Object] | [object Object] | [object Object] | [object Object] | [object Object] | [object Object] | [object Object] | [object Object] | [object Object] | [object Object] | [object Object] | [object Object] | [object Object] | [object Object] | [object Object] | [object Object]","","","index, follow","P1","A","",""
"/reinigung-mallersdorf-pfaffenberg","Service-Seite","überregional oder nicht ortsgebunden","Leistung verstehen und anfragen","reinigung mallersdorf pfaffenberg","Endreinigung in Mallersdorf Pfaffenberg","Reinigung Mallersdorf Pfaffenberg | Übergabe sauber planen","Endreinigung in Mallersdorf Pfaffenberg: Wohnungszustand, Räume, Bad, Küche, Böden und Übergabetermin klar erfassen und Anfrage starten. Mallersdorf Pfaffenberg wird über den FLOXANT-Regensburg-Radius geprüft; Ort,...","2766","14","19","Budget nennen -> /anfrage-mit-preisrahmen","ausreichend","gut","gut","[object Object] | [object Object] | [object Object] | [object Object] | [object Object] | [object Object] | [object Object] | [object Object] | [object Object] | [object Object] | [object Object] | [object Object] | [object Object] | [object Object] | [object Object] | [object Object] | [object Object] | [object Object] | [object Object] | [object Object] | [object Object] | [object Object] | [object Object] | [object Object]","","","index, follow","P1","A","",""
"/reinigung-maxhuette-haidhof","Service-Seite","überregional oder nicht ortsgebunden","Leistung verstehen und anfragen","wohnungsreinigung maxhuette haidhof","Endreinigung in Maxhuette Haidhof","Wohnungsreinigung Maxhuette Haidhof | FLOXANT Anfrage","Reinigungsfirma für Maxhuette Haidhof gesucht? Fotos, Fläche, Verschmutzung, Zeitfenster und Übergabeanforderungen direkt prüfen lassen. Maxhuette Haidhof wird über den FLOXANT-Regensburg-Radius geprüft; Ort, Fotos und...","2766","14","19","Budget nennen -> /anfrage-mit-preisrahmen","ausreichend","gut","gut","[object Object] | [object Object] | [object Object] | [object Object] | [object Object] | [object Object] | [object Object] | [object Object] | [object Object] | [object Object] | [object Object] | [object Object] | [object Object] | [object Object] | [object Object] | [object Object] | [object Object] | [object Object] | [object Object] | [object Object] | [object Object] | [object Object] | [object Object] | [object Object]","","","index, follow","P1","A","",""
"/reinigung-mintraching","Service-Seite","überregional oder nicht ortsgebunden","Leistung verstehen und anfragen","reinigung mintraching","Endreinigung in Mintraching","Reinigung Mintraching | Übergabe sauber planen","Endreinigung in Mintraching: Wohnungszustand, Räume, Bad, Küche, Böden und Übergabetermin klar erfassen und Anfrage starten. Mintraching wird über den FLOXANT-Regensburg-Radius geprüft; Ort, Fotos und Preisrahmen...","2690","14","19","Budget nennen -> /anfrage-mit-preisrahmen","ausreichend","gut","gut","[object Object] | [object Object] | [object Object] | [object Object] | [object Object] | [object Object] | [object Object] | [object Object] | [object Object] | [object Object] | [object Object] | [object Object] | [object Object] | [object Object] | [object Object] | [object Object] | [object Object] | [object Object] | [object Object] | [object Object] | [object Object] | [object Object] | [object Object] | [object Object]","","","index, follow","P1","A","",""
"/reinigung-moetzing","Service-Seite","überregional oder nicht ortsgebunden","Leistung verstehen und anfragen","reinigungsfirma moetzing","Endreinigung in Moetzing","Reinigungsfirma Moetzing | Objekt prüfen lassen","FLOXANT prüft Reinigungsanfragen in Moetzing für Wohnung, Büro, Grundreinigung und saubere Übergabe nach Verfügbarkeit. Moetzing wird über den FLOXANT-Regensburg-Radius geprüft; Ort, Fotos und Preisrahmen helfen bei...","2690","14","19","Budget nennen -> /anfrage-mit-preisrahmen","ausreichend","gut","gut","[object Object] | [object Object] | [object Object] | [object Object] | [object Object] | [object Object] | [object Object] | [object Object] | [object Object] | [object Object] | [object Object] | [object Object] | [object Object] | [object Object] | [object Object] | [object Object] | [object Object] | [object Object] | [object Object] | [object Object] | [object Object] | [object Object] | [object Object] | [object Object]","","","index, follow","P1","A","",""
"/reinigung-nach-veranstaltung","Service-Seite","überregional oder nicht ortsgebunden","Leistung verstehen und anfragen","reinigung nach veranstaltung & party","Reinigung nach Veranstaltung, Party und Event","Reinigung nach Veranstaltung & Party | FLOXANT","Reinigung nach Party, Firmenfeier, Empfang, Seminar oder Event: Böden, Sanitär, Küche, Müll, Geruch und Übergabe sauber prüfen lassen. Fotos, Termin, Umfang und Preisrahmen direkt senden und Machbarkeit prüfen lassen.","670","5","7","Eventreinigung anfragen -> /buchung?service=reinigung&context=veranstaltung","ausreichend","gut","gut","","","","index, follow","P1","A","",""
"/reinigung-neutraubling","Service-Seite","überregional oder nicht ortsgebunden","Leistung verstehen und anfragen","reinigung neutraubling","Endreinigung in Neutraubling","Reinigung Neutraubling | Übergabe sauber planen","Endreinigung in Neutraubling: Wohnungszustand, Räume, Bad, Küche, Böden und Übergabetermin klar erfassen und Anfrage starten. Neutraubling liegt im direkten Regensburg-Nahbereich; Strecke, Zugang, Fotos und Kapazität...","2530","14","18","Budget nennen -> /anfrage-mit-preisrahmen","ausreichend","gut","gut","[object Object] | [object Object] | [object Object] | [object Object] | [object Object] | [object Object] | [object Object] | [object Object] | [object Object] | [object Object] | [object Object] | [object Object] | [object Object] | [object Object] | [object Object] | [object Object] | [object Object] | [object Object]","","","index, follow","P1","A","",""
"/reinigung-nittenau","Service-Seite","überregional oder nicht ortsgebunden","Leistung verstehen und anfragen","reinigung nittenau","Endreinigung in Nittenau","Reinigung Nittenau | Übergabe sauber planen","Endreinigung in Nittenau: Wohnungszustand, Räume, Bad, Küche, Böden und Übergabetermin klar erfassen und Anfrage starten. Nittenau wird über den FLOXANT-Regensburg-Radius geprüft; Ort, Fotos und Preisrahmen helfen bei...","2690","14","19","Budget nennen -> /anfrage-mit-preisrahmen","ausreichend","gut","gut","[object Object] | [object Object] | [object Object] | [object Object] | [object Object] | [object Object] | [object Object] | [object Object] | [object Object] | [object Object] | [object Object] | [object Object] | [object Object] | [object Object] | [object Object] | [object Object] | [object Object] | [object Object] | [object Object] | [object Object] | [object Object] | [object Object] | [object Object] | [object Object]","","","index, follow","P1","A","",""
"/reinigung-nittendorf","Service-Seite","überregional oder nicht ortsgebunden","Leistung verstehen und anfragen","wohnungsreinigung nittendorf","Endreinigung in Nittendorf","Wohnungsreinigung Nittendorf | FLOXANT Anfrage","Reinigungsfirma für Nittendorf gesucht? Fotos, Fläche, Verschmutzung, Zeitfenster und Übergabeanforderungen direkt prüfen lassen. Nittendorf liegt im direkten Regensburg-Nahbereich; Strecke, Zugang, Fotos und Kapazität...","2690","14","19","Budget nennen -> /anfrage-mit-preisrahmen","ausreichend","gut","gut","[object Object] | [object Object] | [object Object] | [object Object] | [object Object] | [object Object] | [object Object] | [object Object] | [object Object] | [object Object] | [object Object] | [object Object] | [object Object] | [object Object] | [object Object] | [object Object] | [object Object] | [object Object] | [object Object] | [object Object] | [object Object] | [object Object] | [object Object] | [object Object]","","","index, follow","P1","A","",""
"/reinigung-obertraubling","Service-Seite","überregional oder nicht ortsgebunden","Leistung verstehen und anfragen","endreinigung obertraubling","Endreinigung in Obertraubling","Endreinigung Obertraubling | Fläche & Termin klären","Reinigung in Obertraubling: FLOXANT prüft Fläche, Zustand, Objektart, Termin und Extras für Endreinigung, Übergabe und Objektservice. Obertraubling liegt im direkten Regensburg-Nahbereich; Strecke, Zugang, Fotos und...","2530","14","18","Budget nennen -> /anfrage-mit-preisrahmen","ausreichend","gut","gut","[object Object] | [object Object] | [object Object] | [object Object] | [object Object] | [object Object] | [object Object] | [object Object] | [object Object] | [object Object] | [object Object] | [object Object] | [object Object] | [object Object] | [object Object] | [object Object] | [object Object] | [object Object]","","","index, follow","P1","A","",""
"/reinigung-painten","Service-Seite","überregional oder nicht ortsgebunden","Leistung verstehen und anfragen","wohnungsreinigung painten","Endreinigung in Painten","Wohnungsreinigung Painten | FLOXANT Anfrage","Reinigungsfirma für Painten gesucht? Fotos, Fläche, Verschmutzung, Zeitfenster und Übergabeanforderungen direkt prüfen lassen. Painten wird über den FLOXANT-Regensburg-Radius geprüft; Ort, Fotos und Preisrahmen helfen...","2690","14","19","Budget nennen -> /anfrage-mit-preisrahmen","ausreichend","gut","gut","[object Object] | [object Object] | [object Object] | [object Object] | [object Object] | [object Object] | [object Object] | [object Object] | [object Object] | [object Object] | [object Object] | [object Object] | [object Object] | [object Object] | [object Object] | [object Object] | [object Object] | [object Object] | [object Object] | [object Object] | [object Object] | [object Object] | [object Object] | [object Object]","","","index, follow","P1","A","",""
"/reinigung-pentling","Service-Seite","überregional oder nicht ortsgebunden","Leistung verstehen und anfragen","reinigungsfirma pentling","Endreinigung in Pentling","Reinigungsfirma Pentling | Objekt prüfen lassen","FLOXANT prüft Reinigungsanfragen in Pentling für Wohnung, Büro, Grundreinigung und saubere Übergabe nach Verfügbarkeit. Pentling liegt im direkten Regensburg-Nahbereich; Strecke, Zugang, Fotos und Kapazität werden vor...","2530","14","18","Budget nennen -> /anfrage-mit-preisrahmen","ausreichend","gut","gut","[object Object] | [object Object] | [object Object] | [object Object] | [object Object] | [object Object] | [object Object] | [object Object] | [object Object] | [object Object] | [object Object] | [object Object] | [object Object] | [object Object] | [object Object] | [object Object] | [object Object] | [object Object]","","","index, follow","P1","A","",""
"/reinigung-pettendorf","Service-Seite","überregional oder nicht ortsgebunden","Leistung verstehen und anfragen","reinigungsfirma pettendorf","Endreinigung in Pettendorf","Reinigungsfirma Pettendorf | Objekt prüfen lassen","FLOXANT prüft Reinigungsanfragen in Pettendorf für Wohnung, Büro, Grundreinigung und saubere Übergabe nach Verfügbarkeit. Pettendorf wird über den FLOXANT-Regensburg-Radius geprüft; Ort, Fotos und Preisrahmen helfen...","2690","14","19","Budget nennen -> /anfrage-mit-preisrahmen","ausreichend","gut","gut","[object Object] | [object Object] | [object Object] | [object Object] | [object Object] | [object Object] | [object Object] | [object Object] | [object Object] | [object Object] | [object Object] | [object Object] | [object Object] | [object Object] | [object Object] | [object Object] | [object Object] | [object Object] | [object Object] | [object Object] | [object Object] | [object Object] | [object Object] | [object Object]","","","index, follow","P1","A","",""
"/reinigung-pfatter","Service-Seite","überregional oder nicht ortsgebunden","Leistung verstehen und anfragen","reinigung pfatter","Endreinigung in Pfatter","Reinigung Pfatter | Übergabe sauber planen","Endreinigung in Pfatter: Wohnungszustand, Räume, Bad, Küche, Böden und Übergabetermin klar erfassen und Anfrage starten. Pfatter wird über den FLOXANT-Regensburg-Radius geprüft; Ort, Fotos und Preisrahmen helfen bei...","2690","14","19","Budget nennen -> /anfrage-mit-preisrahmen","ausreichend","gut","gut","[object Object] | [object Object] | [object Object] | [object Object] | [object Object] | [object Object] | [object Object] | [object Object] | [object Object] | [object Object] | [object Object] | [object Object] | [object Object] | [object Object] | [object Object] | [object Object] | [object Object] | [object Object] | [object Object] | [object Object] | [object Object] | [object Object] | [object Object] | [object Object]","","","index, follow","P1","A","",""
"/reinigung-pielenhofen","Service-Seite","überregional oder nicht ortsgebunden","Leistung verstehen und anfragen","wohnungsreinigung pielenhofen","Endreinigung in Pielenhofen","Wohnungsreinigung Pielenhofen | FLOXANT Anfrage","Reinigungsfirma für Pielenhofen gesucht? Fotos, Fläche, Verschmutzung, Zeitfenster und Übergabeanforderungen direkt prüfen lassen. Pielenhofen wird über den FLOXANT-Regensburg-Radius geprüft; Ort, Fotos und Preisrahmen...","2690","14","19","Budget nennen -> /anfrage-mit-preisrahmen","ausreichend","gut","gut","[object Object] | [object Object] | [object Object] | [object Object] | [object Object] | [object Object] | [object Object] | [object Object] | [object Object] | [object Object] | [object Object] | [object Object] | [object Object] | [object Object] | [object Object] | [object Object] | [object Object] | [object Object] | [object Object] | [object Object] | [object Object] | [object Object] | [object Object] | [object Object]","","","index, follow","P1","A","",""
"/reinigung-preis-rechner","Formular / Werkzeug","überregional oder nicht ortsgebunden","Angaben erfassen und Anfrage vorbereiten","wohnungsreinigung preis rechner","Was kostet Ihre Reinigung?","Wohnungsreinigung Preis Rechner | FLOXANT Anfrage","Reinigungsfirma für Preis Rechner gesucht? Fotos, Fläche, Verschmutzung, Zeitfenster und Übergabeanforderungen direkt prüfen lassen. Preis Rechner wird über den FLOXANT-Regensburg-Radius geprüft; Ort, Fotos und...","186","2","0","Umzug & Transport Umzug mit nachvollziehbarer Einschätzung zu Aufwand, Strecke und Zusatzleistungen. Inventar und Volumen Zugang und Laufwege Montageleistungen Rechner starten -> Schaltfläche","ausreichend","gut","schwach","","","","index, follow","P2","B","",""
"/reinigung-regenstauf","Service-Seite","überregional oder nicht ortsgebunden","Leistung verstehen und anfragen","reinigung regenstauf","Endreinigung in Regenstauf","Reinigung Regenstauf | Übergabe sauber planen","Endreinigung in Regenstauf: Wohnungszustand, Räume, Bad, Küche, Böden und Übergabetermin klar erfassen und Anfrage starten. Regenstauf liegt im direkten Regensburg-Nahbereich; Strecke, Zugang, Fotos und Kapazität...","2530","14","18","Budget nennen -> /anfrage-mit-preisrahmen","ausreichend","gut","gut","[object Object] | [object Object] | [object Object] | [object Object] | [object Object] | [object Object] | [object Object] | [object Object] | [object Object] | [object Object] | [object Object] | [object Object] | [object Object] | [object Object] | [object Object] | [object Object] | [object Object] | [object Object]","","","index, follow","P1","A","",""
"/reinigung-riedenburg","Service-Seite","überregional oder nicht ortsgebunden","Leistung verstehen und anfragen","wohnungsreinigung riedenburg","Endreinigung in Riedenburg","Wohnungsreinigung Riedenburg | FLOXANT Anfrage","Reinigungsfirma für Riedenburg gesucht? Fotos, Fläche, Verschmutzung, Zeitfenster und Übergabeanforderungen direkt prüfen lassen. Riedenburg wird über den FLOXANT-Regensburg-Radius geprüft; Ort, Fotos und Preisrahmen...","2690","14","19","Budget nennen -> /anfrage-mit-preisrahmen","ausreichend","gut","gut","[object Object] | [object Object] | [object Object] | [object Object] | [object Object] | [object Object] | [object Object] | [object Object] | [object Object] | [object Object] | [object Object] | [object Object] | [object Object] | [object Object] | [object Object] | [object Object] | [object Object] | [object Object] | [object Object] | [object Object] | [object Object] | [object Object] | [object Object] | [object Object]","","","index, follow","P1","A","",""
"/reinigung-riekofen","Service-Seite","überregional oder nicht ortsgebunden","Leistung verstehen und anfragen","reinigungsfirma riekofen","Endreinigung in Riekofen","Reinigungsfirma Riekofen | Objekt prüfen lassen","FLOXANT prüft Reinigungsanfragen in Riekofen für Wohnung, Büro, Grundreinigung und saubere Übergabe nach Verfügbarkeit. Riekofen wird über den FLOXANT-Regensburg-Radius geprüft; Ort, Fotos und Preisrahmen helfen bei...","2690","14","19","Budget nennen -> /anfrage-mit-preisrahmen","ausreichend","gut","gut","[object Object] | [object Object] | [object Object] | [object Object] | [object Object] | [object Object] | [object Object] | [object Object] | [object Object] | [object Object] | [object Object] | [object Object] | [object Object] | [object Object] | [object Object] | [object Object] | [object Object] | [object Object] | [object Object] | [object Object] | [object Object] | [object Object] | [object Object] | [object Object]","","","index, follow","P1","A","",""
"/reinigung-roding","Service-Seite","überregional oder nicht ortsgebunden","Leistung verstehen und anfragen","wohnungsreinigung roding","Endreinigung in Roding","Wohnungsreinigung Roding | FLOXANT Anfrage","Reinigungsfirma für Roding gesucht? Fotos, Fläche, Verschmutzung, Zeitfenster und Übergabeanforderungen direkt prüfen lassen. Roding wird über den FLOXANT-Regensburg-Radius geprüft; Ort, Fotos und Preisrahmen helfen...","2690","14","19","Budget nennen -> /anfrage-mit-preisrahmen","ausreichend","gut","gut","[object Object] | [object Object] | [object Object] | [object Object] | [object Object] | [object Object] | [object Object] | [object Object] | [object Object] | [object Object] | [object Object] | [object Object] | [object Object] | [object Object] | [object Object] | [object Object] | [object Object] | [object Object] | [object Object] | [object Object] | [object Object] | [object Object] | [object Object] | [object Object]","","","index, follow","P1","A","",""
"/reinigung-saal-an-der-donau","Service-Seite","überregional oder nicht ortsgebunden","Leistung verstehen und anfragen","wohnungsreinigung saal an der donau","Endreinigung in Saal an der Donau","Wohnungsreinigung Saal an der Donau | FLOXANT Anfrage","Reinigungsfirma für Saal an der Donau gesucht? Fotos, Fläche, Verschmutzung, Zeitfenster und Übergabeanforderungen direkt prüfen lassen. Saal an der Donau wird über den FLOXANT-Regensburg-Radius geprüft; Ort, Fotos und...","2918","14","19","Budget nennen -> /anfrage-mit-preisrahmen","ausreichend","gut","gut","[object Object] | [object Object] | [object Object] | [object Object] | [object Object] | [object Object] | [object Object] | [object Object] | [object Object] | [object Object] | [object Object] | [object Object] | [object Object] | [object Object] | [object Object] | [object Object] | [object Object] | [object Object] | [object Object] | [object Object] | [object Object] | [object Object] | [object Object] | [object Object]","","","index, follow","P1","A","",""
"/reinigung-schierling","Service-Seite","überregional oder nicht ortsgebunden","Leistung verstehen und anfragen","reinigung schierling","Endreinigung in Schierling","Reinigung Schierling | Übergabe sauber planen","Endreinigung in Schierling: Wohnungszustand, Räume, Bad, Küche, Böden und Übergabetermin klar erfassen und Anfrage starten. Schierling wird über den FLOXANT-Regensburg-Radius geprüft; Ort, Fotos und Preisrahmen helfen...","2690","14","19","Budget nennen -> /anfrage-mit-preisrahmen","ausreichend","gut","gut","[object Object] | [object Object] | [object Object] | [object Object] | [object Object] | [object Object] | [object Object] | [object Object] | [object Object] | [object Object] | [object Object] | [object Object] | [object Object] | [object Object] | [object Object] | [object Object] | [object Object] | [object Object] | [object Object] | [object Object] | [object Object] | [object Object] | [object Object] | [object Object]","","","index, follow","P1","A","",""
"/reinigung-schwandorf","Service-Seite","überregional oder nicht ortsgebunden","Leistung verstehen und anfragen","wohnungsreinigung schwandorf","Endreinigung in Schwandorf","Wohnungsreinigung Schwandorf | FLOXANT Anfrage","Reinigungsfirma für Schwandorf gesucht? Fotos, Fläche, Verschmutzung, Zeitfenster und Übergabeanforderungen direkt prüfen lassen. Schwandorf wird als Bayern-Strecke nach Verfügbarkeit geprüft; Rückfahrt, Zeitfenster...","2626","14","23","Budget nennen -> /anfrage-mit-preisrahmen","ausreichend","gut","gut","[object Object] | [object Object] | [object Object] | [object Object] | [object Object] | [object Object] | [object Object] | [object Object] | [object Object] | [object Object] | [object Object] | [object Object] | [object Object] | [object Object] | [object Object] | [object Object]","","","index, follow","P1","A","",""
"/reinigung-sinzing","Service-Seite","überregional oder nicht ortsgebunden","Leistung verstehen und anfragen","reinigung sinzing","Endreinigung in Sinzing","Reinigung Sinzing | Übergabe sauber planen","Endreinigung in Sinzing: Wohnungszustand, Räume, Bad, Küche, Böden und Übergabetermin klar erfassen und Anfrage starten. Sinzing liegt im direkten Regensburg-Nahbereich; Strecke, Zugang, Fotos und Kapazität werden vor...","2690","14","19","Budget nennen -> /anfrage-mit-preisrahmen","ausreichend","gut","gut","[object Object] | [object Object] | [object Object] | [object Object] | [object Object] | [object Object] | [object Object] | [object Object] | [object Object] | [object Object] | [object Object] | [object Object] | [object Object] | [object Object] | [object Object] | [object Object] | [object Object] | [object Object] | [object Object] | [object Object] | [object Object] | [object Object] | [object Object] | [object Object]","","","index, follow","P1","A","",""
"/reinigung-straubing","Lokale Service-Seite","überregional oder nicht ortsgebunden","Leistung verstehen und anfragen","reinigungsfirma straubing","Endreinigung in Straubing","Reinigungsfirma Straubing | Objekt prüfen lassen","FLOXANT prüft Reinigungsanfragen in Straubing für Wohnung, Büro, Grundreinigung und saubere Übergabe nach Verfügbarkeit. Straubing wird als Bayern-Strecke nach Verfügbarkeit geprüft; Rückfahrt, Zeitfenster und Umfang...","2569","14","20","Budget nennen -> /anfrage-mit-preisrahmen","ausreichend","gut","gut","[object Object] | [object Object] | [object Object] | [object Object] | [object Object] | [object Object] | [object Object] | [object Object] | [object Object] | [object Object] | [object Object] | [object Object] | [object Object] | [object Object] | [object Object] | [object Object]","","","index, follow","P1","A","",""
"/reinigung-suenching","Service-Seite","überregional oder nicht ortsgebunden","Leistung verstehen und anfragen","endreinigung suenching","Endreinigung in Suenching","Endreinigung Suenching | Fläche & Termin klären","Reinigung in Suenching: FLOXANT prüft Fläche, Zustand, Objektart, Termin und Extras für Endreinigung, Übergabe und Objektservice. Suenching wird über den FLOXANT-Regensburg-Radius geprüft; Ort, Fotos und Preisrahmen...","2690","14","19","Budget nennen -> /anfrage-mit-preisrahmen","ausreichend","gut","gut","[object Object] | [object Object] | [object Object] | [object Object] | [object Object] | [object Object] | [object Object] | [object Object] | [object Object] | [object Object] | [object Object] | [object Object] | [object Object] | [object Object] | [object Object] | [object Object] | [object Object] | [object Object] | [object Object] | [object Object] | [object Object] | [object Object] | [object Object] | [object Object]","","","index, follow","P1","A","",""
"/reinigung-tegernheim","Service-Seite","überregional oder nicht ortsgebunden","Leistung verstehen und anfragen","reinigung tegernheim","Endreinigung in Tegernheim","Reinigung Tegernheim | Übergabe sauber planen","Endreinigung in Tegernheim: Wohnungszustand, Räume, Bad, Küche, Böden und Übergabetermin klar erfassen und Anfrage starten. Tegernheim liegt im direkten Regensburg-Nahbereich; Strecke, Zugang, Fotos und Kapazität...","2690","14","19","Budget nennen -> /anfrage-mit-preisrahmen","ausreichend","gut","gut","[object Object] | [object Object] | [object Object] | [object Object] | [object Object] | [object Object] | [object Object] | [object Object] | [object Object] | [object Object] | [object Object] | [object Object] | [object Object] | [object Object] | [object Object] | [object Object] | [object Object] | [object Object] | [object Object] | [object Object] | [object Object] | [object Object] | [object Object] | [object Object]","","","index, follow","P1","A","",""
"/reinigung-teublitz","Service-Seite","überregional oder nicht ortsgebunden","Leistung verstehen und anfragen","reinigungsfirma teublitz","Endreinigung in Teublitz","Reinigungsfirma Teublitz | Objekt prüfen lassen","FLOXANT prüft Reinigungsanfragen in Teublitz für Wohnung, Büro, Grundreinigung und saubere Übergabe nach Verfügbarkeit. Teublitz wird über den FLOXANT-Regensburg-Radius geprüft; Ort, Fotos und Preisrahmen helfen bei...","2690","14","19","Budget nennen -> /anfrage-mit-preisrahmen","ausreichend","gut","gut","[object Object] | [object Object] | [object Object] | [object Object] | [object Object] | [object Object] | [object Object] | [object Object] | [object Object] | [object Object] | [object Object] | [object Object] | [object Object] | [object Object] | [object Object] | [object Object] | [object Object] | [object Object] | [object Object] | [object Object] | [object Object] | [object Object] | [object Object] | [object Object]","","","index, follow","P1","A","",""
"/reinigung-thalmassing","Service-Seite","überregional oder nicht ortsgebunden","Leistung verstehen und anfragen","wohnungsreinigung thalmassing","Endreinigung in Thalmassing","Wohnungsreinigung Thalmassing | FLOXANT Anfrage","Reinigungsfirma für Thalmassing gesucht? Fotos, Fläche, Verschmutzung, Zeitfenster und Übergabeanforderungen direkt prüfen lassen. Thalmassing wird über den FLOXANT-Regensburg-Radius geprüft; Ort, Fotos und Preisrahmen...","2690","14","19","Budget nennen -> /anfrage-mit-preisrahmen","ausreichend","gut","gut","[object Object] | [object Object] | [object Object] | [object Object] | [object Object] | [object Object] | [object Object] | [object Object] | [object Object] | [object Object] | [object Object] | [object Object] | [object Object] | [object Object] | [object Object] | [object Object] | [object Object] | [object Object] | [object Object] | [object Object] | [object Object] | [object Object] | [object Object] | [object Object]","","","index, follow","P1","A","",""
"/reinigung-wenzenbach","Service-Seite","überregional oder nicht ortsgebunden","Leistung verstehen und anfragen","wohnungsreinigung wenzenbach","Endreinigung in Wenzenbach","Wohnungsreinigung Wenzenbach | FLOXANT Anfrage","Reinigungsfirma für Wenzenbach gesucht? Fotos, Fläche, Verschmutzung, Zeitfenster und Übergabeanforderungen direkt prüfen lassen. Wenzenbach liegt im direkten Regensburg-Nahbereich; Strecke, Zugang, Fotos und Kapazität...","2690","14","19","Budget nennen -> /anfrage-mit-preisrahmen","ausreichend","gut","gut","[object Object] | [object Object] | [object Object] | [object Object] | [object Object] | [object Object] | [object Object] | [object Object] | [object Object] | [object Object] | [object Object] | [object Object] | [object Object] | [object Object] | [object Object] | [object Object] | [object Object] | [object Object] | [object Object] | [object Object] | [object Object] | [object Object] | [object Object] | [object Object]","","","index, follow","P1","A","",""
"/reinigung-wiesent","Service-Seite","überregional oder nicht ortsgebunden","Leistung verstehen und anfragen","wohnungsreinigung wiesent","Endreinigung in Wiesent","Wohnungsreinigung Wiesent | FLOXANT Anfrage","Reinigungsfirma für Wiesent gesucht? Fotos, Fläche, Verschmutzung, Zeitfenster und Übergabeanforderungen direkt prüfen lassen. Wiesent wird über den FLOXANT-Regensburg-Radius geprüft; Ort, Fotos und Preisrahmen helfen...","2690","14","19","Budget nennen -> /anfrage-mit-preisrahmen","ausreichend","gut","gut","[object Object] | [object Object] | [object Object] | [object Object] | [object Object] | [object Object] | [object Object] | [object Object] | [object Object] | [object Object] | [object Object] | [object Object] | [object Object] | [object Object] | [object Object] | [object Object] | [object Object] | [object Object] | [object Object] | [object Object] | [object Object] | [object Object] | [object Object] | [object Object]","","","index, follow","P1","A","",""
"/reinigung-woerth-an-der-donau","Service-Seite","überregional oder nicht ortsgebunden","Leistung verstehen und anfragen","wohnungsreinigung woerth an der donau","Endreinigung in Woerth an der Donau","Wohnungsreinigung Woerth an der Donau | FLOXANT Anfrage","Reinigungsfirma für Woerth an der Donau gesucht? Fotos, Fläche, Verschmutzung, Zeitfenster und Übergabeanforderungen direkt prüfen lassen. Woerth an der Donau wird über den FLOXANT-Regensburg-Radius geprüft; Ort, Fotos...","2918","14","19","Budget nennen -> /anfrage-mit-preisrahmen","ausreichend","gut","gut","[object Object] | [object Object] | [object Object] | [object Object] | [object Object] | [object Object] | [object Object] | [object Object] | [object Object] | [object Object] | [object Object] | [object Object] | [object Object] | [object Object] | [object Object] | [object Object] | [object Object] | [object Object] | [object Object] | [object Object] | [object Object] | [object Object] | [object Object] | [object Object]","","","index, follow","P1","A","",""
"/reinigung-wolfsegg","Service-Seite","überregional oder nicht ortsgebunden","Leistung verstehen und anfragen","reinigung wolfsegg","Endreinigung in Wolfsegg","Reinigung Wolfsegg | Übergabe sauber planen","Endreinigung in Wolfsegg: Wohnungszustand, Räume, Bad, Küche, Böden und Übergabetermin klar erfassen und Anfrage starten. Wolfsegg wird über den FLOXANT-Regensburg-Radius geprüft; Ort, Fotos und Preisrahmen helfen bei...","2690","14","19","Budget nennen -> /anfrage-mit-preisrahmen","ausreichend","gut","gut","[object Object] | [object Object] | [object Object] | [object Object] | [object Object] | [object Object] | [object Object] | [object Object] | [object Object] | [object Object] | [object Object] | [object Object] | [object Object] | [object Object] | [object Object] | [object Object] | [object Object] | [object Object] | [object Object] | [object Object] | [object Object] | [object Object] | [object Object] | [object Object]","","","index, follow","P1","A","",""
"/reinigung-zeitlarn","Service-Seite","überregional oder nicht ortsgebunden","Leistung verstehen und anfragen","wohnungsreinigung zeitlarn","Endreinigung in Zeitlarn","Wohnungsreinigung Zeitlarn | FLOXANT Anfrage","Reinigungsfirma für Zeitlarn gesucht? Fotos, Fläche, Verschmutzung, Zeitfenster und Übergabeanforderungen direkt prüfen lassen. Zeitlarn liegt im direkten Regensburg-Nahbereich; Strecke, Zugang, Fotos und Kapazität...","2690","14","19","Budget nennen -> /anfrage-mit-preisrahmen","ausreichend","gut","gut","[object Object] | [object Object] | [object Object] | [object Object] | [object Object] | [object Object] | [object Object] | [object Object] | [object Object] | [object Object] | [object Object] | [object Object] | [object Object] | [object Object] | [object Object] | [object Object] | [object Object] | [object Object] | [object Object] | [object Object] | [object Object] | [object Object] | [object Object] | [object Object]","","","index, follow","P1","A","",""
"/reinigungsfirma-angebot","Service-Seite","überregional oder nicht ortsgebunden","Angebot und Leistungsumfang prüfen","reinigungsfirma-angebot","7 Angaben für ein nachvollziehbares Reinigungsangebot","Reinigungsfirma-Angebot: 7 Angaben vor der Anfrage","Reinigungsangebot mit 7 konkreten Angaben vorbereiten: Ort, Objekt, Fläche, Leistung, Turnus, Zugang und Termin. Fotos können die Prüfung ergänzen.","1013","8","12","Angebot vorbereiten -> /kontakt?mode=neutral&service=reinigung&intent=reinigungsfirma-angebot&source=seo","gut","gut","gut","","","","index, follow","P0","A","",""
"/reinigungsgarantie","Service-Seite","überregional oder nicht ortsgebunden","Leistung verstehen und anfragen","reinigung für die wohnungsübergabe","Reinigung für die Übergabe","Reinigung für die Wohnungsübergabe | FLOXANT","Reinigung für eine Wohnungsübergabe anfragen. FLOXANT prüft Fläche, Zustand, Leistungsumfang, Fotos und Termin vorab. Fotos, Termin, Umfang und Preisrahmen direkt senden und Machbarkeit prüfen lassen.","208","0","6","Jetzt anfragen -> /rechner","gut","ausreichend","ausreichend","[object Object] | [object Object]","","","index, follow","P1","B","",""
"/ritual-exit-box","Hub / Information","überregional oder nicht ortsgebunden","passenden Service und nächsten Schritt wählen","ritual exit box","Ritual Exit Box","Ritual Exit Box – Bewusster Abschied vom alten Zuhause","Die Ritual Exit Box von FLOXANT begleitet Sie bei einem bewussten Abschied. Ein persönliches Ritual für den Übergang in ein neues Kapitel.","260","1","6","Jetzt anfragen -> /rechner","ausreichend","ausreichend","schwach","[object Object]","","","index, follow","P2","B","",""
"/rueckfahrt-boerse","Hub / Information","überregional oder nicht ortsgebunden","passenden Service und nächsten Schritt wählen","rückfahrt-börse ? strecke eintragen","Rückfahrt-Börse: Strecke eintragen und prüfen lassen","Rückfahrt-Börse ? Strecke eintragen | FLOXANT","Rückfahrt oder Leerfahrt prüfen lassen: Start, Ziel, Datum, Flexibilität, Umfang und Fotos senden. Keine Fake-Tour, sondern Verfügbarkeitsprüfung.","864","9","2","Strecke prüfen lassen -> Schaltfläche","ausreichend","gut","ausreichend","","","","index, follow","P2","B","",""
"/rueckfahrt-radar","Hub / Information","überregional oder nicht ortsgebunden","passenden Service und nächsten Schritt wählen","rückfahrt-radar","FLOXANT Rückfahrt-Radar für flexible Transporte, Beiladung und Leerfahrten","Rückfahrt-Radar | Beiladung & Leerfahrt prüfen","FLOXANT Rückfahrt-Radar prüft flexible Transporte, Beiladung und Leerfahrt: Strecke, Volumen, Zeitfenster, Fotos und Abholort senden.","1200","7","13","Strecke prüfen lassen -> /rueckfahrt-boerse","gut","gut","gut","[object Object] | [object Object] | [object Object] | [object Object] | [object Object] | [object Object] | [object Object] | [object Object] | [object Object] | [object Object] | [object Object]","","","index, follow","P2","A","",""
"/schadensbegrenzung","Hub / Information","überregional oder nicht ortsgebunden","passenden Service und nächsten Schritt wählen","schadensbegrenzung bei umzug, reinigung & übergabe","Wenn der Plan kippt: FLOXANT Schadensbegrenzung","Schadensbegrenzung bei Umzug, Reinigung & Übergabe | FLOXANT","Plan gekippt? FLOXANT prüft kurzfristig Ort, Deadline, Fotos, offene Punkte und Machbarkeit für Umzug, Reinigung, Entrümpelung oder Übergabe.","1195","12","14","Angebot pruefen lassen -> /angebotscheck","gut","gut","gut","","","","index, follow","P2","A","",""
"/schluesseluebergabe","Hub / Information","überregional oder nicht ortsgebunden","passenden Service und nächsten Schritt wählen","schlüsselübergabeprotokoll reinigungsfirma","Schluesseluebergabe mit Uebergabeprotokoll","Schlüsselübergabeprotokoll Reinigungsfirma | FLOXANT","Schlüsselübergabeprotokoll mit Reinigungsfirma vorbereiten: Fotos, Reinigung, Übergabepunkte, Termin und Rückmeldung sauber abstimmen. Fotos, Termin, Umfang und Preisrahmen direkt senden und Machbarkeit prüfen lassen.","278","4","7","Umzug Regensburg mit Schluesseluebergabe Wenn Transport, Reinigung, Fotos und Uebergabetermin in einem Ablauf gedacht werden sollen. -> /regensburg/umzug","gut","ausreichend","ausreichend","","","","index, follow","P2","B","",""
"/seniorenumzug-bayern","Lokale Service-Seite","Bayern","Leistung verstehen und anfragen","seniorenumzug anfragen - umzug, umfang und übergabe klären","Seniorenumzug mit konkreten Eckdaten anfragen - mit Angehörigen, Umfang und Terminwunsch","Seniorenumzug anfragen - Umzug, Umfang und Übergabe klären","Seniorenumzug geplant? Start, Ziel, Umfang, Termin und Zusatzleistungen wie Entrümpelung oder Reinigung beschreiben. FLOXANT prüft die Anfrage anhand der genannten Eckdaten.","1293","10","19","Seniorenumzug anfragen -> /kontakt?service=seniorenumzug&intent=seniorenumzug-anfragen&source=seo","gut","gut","gut","","","","index, follow","P1","A","",""
"/seniorenumzug-landshut","Lokale Service-Seite","überregional oder nicht ortsgebunden","Leistung verstehen und anfragen","seniorenumzug landshut","Seniorenumzug in Landshut","Seniorenumzug Landshut | ruhig planen","Senioren-Umzug Landshut: Fotos, Zimmer, Etage, Aufzug, Hilfe durch Angehörige und Übergabeziel übersichtlich senden. Landshut wird als Bayern-Strecke nach Verfügbarkeit geprüft; Rückfahrt, Zeitfenster und Umfang zählen...","2742","14","28","Budget nennen -> /anfrage-mit-preisrahmen","ausreichend","gut","gut","[object Object] | [object Object] | [object Object] | [object Object] | [object Object] | [object Object] | [object Object] | [object Object] | [object Object] | [object Object] | [object Object] | [object Object] | [object Object] | [object Object] | [object Object]","","","index, follow","P1","A","",""
"/signature-services","Hub / Information","überregional oder nicht ortsgebunden","passenden Service und nächsten Schritt wählen","floxant signature services","Signature Services für Angebot, Objekt, Übergabe und Plan B.","FLOXANT Signature Services | Fairpreis, Objektbrief & Plan B","FLOXANT Signature Services helfen bei Angebot, Objektbrief, Übergabe, Plan B, Rückfahrt, PV und diskreten Fällen mit klarem nächsten Schritt.","1545","5","19","Angebot pruefen -> /angebot-guenstiger-pruefen","ausreichend","gut","gut","[object Object] | [object Object] | [object Object] | [object Object] | [object Object] | [object Object] | [object Object] | [object Object]","","","index, follow","P2","A","",""
"/solarreinigung","Service-Seite","überregional oder nicht ortsgebunden","Leistung verstehen und anfragen","solarreinigung anfragen - dachart, zugang und zustand klären","Solarreinigung anfragen - Zugang, Dachart und Verschmutzung klären","Solarreinigung anfragen - Dachart, Zugang und Zustand klären","Solar- oder PV-Reinigung geplant? Dachart, Zugang, Modulfläche und Verschmutzung beschreiben. FLOXANT prüft Anfrage oder Angebot anhand der genannten Eckdaten.","1501","9","18","Solarreinigung anfragen -> /kontakt?service=solarreinigung&intent=solarreinigung-anfragen&source=seo","gut","gut","gut","[object Object] | [object Object] | [object Object] | [object Object] | [object Object] | [object Object] | [object Object] | [object Object] | [object Object] | [object Object] | [object Object] | [object Object] | [object Object]","","","index, follow","P1","A","",""
"/spezial-entruempelung","Service-Seite","überregional oder nicht ortsgebunden","Leistung verstehen und anfragen","spezialentruempelung","Keller, Nachlass, Lager, Wohnungsaufloesung und Uebergabe respektvoll klaeren.","Spezialentruempelung | Keller, Nachlass, Uebergabe | FLOXANT","Spezialentruempelung mit FLOXANT: Keller, Garage, Dachboden, Lager, Nachlass, Wohnungsaufloesung und Uebergabe mit Fotos und Freigabe klaeren.","922","7","15","Spezialentruempelung anfragen -> /kontakt?service=entruempelung&source=spezial-entruempelung#direktanfrage","gut","gut","gut","[object Object] | [object Object] | [object Object] | [object Object] | [object Object]","","","index, follow","P1","A","",""
"/spezialreinigung","Service-Seite","überregional oder nicht ortsgebunden","Leistung verstehen und anfragen","spezialreinigung mit fotos, zugang und ziel klären","Spezialreinigung mit Fotos, Zugang und Ziel klar einordnen.","Spezialreinigung mit Fotos, Zugang und Ziel klären","FLOXANT ordnet Spezialreinigung fuer PV, Glas, Fassade, Event, Buero, Praxis und Uebergabe nach Fotos, Zugang und Risiko ein.","1204","8","17","Spezialreinigung anfragen -> /kontakt#direktanfrage","gut","gut","gut","[object Object] | [object Object] | [object Object] | [object Object]","","","index, follow","P1","A","",""
"/spezialumzug","Service-Seite","überregional oder nicht ortsgebunden","Leistung verstehen und anfragen","spezialumzug","Mini-Umzug, Express, Moebeltransport, Rueckfahrt und Plan B sauber pruefen.","Spezialumzug | Mini-Umzug, Express, Transport & Plan B | FLOXANT","Spezialumzug mit FLOXANT: Mini-Umzug, Express-Umzug, Moebeltransport, Klaviertransport, Beiladung, Rueckfahrt und Plan B realistisch pruefen.","856","7","13","Spezialumzug anfragen -> /kontakt?service=umzug&source=spezialumzug#direktanfrage","gut","gut","gut","[object Object] | [object Object] | [object Object]","","","index, follow","P1","A","",""
"/standorte","Standort-Hub","Regensburg","passenden Service und nächsten Schritt wählen","floxant standorte","Standorte und Einsatzgebiet von FLOXANT klar eingeordnet.","FLOXANT Standorte | Regensburg, Bayern, Umgebung","Passende Einsatzseite finden: Düsseldorf, Regensburg, Umzug, Reinigung, Entrümpelung, Büroumzug und wichtige Orte im Überblick. Fotos, Termin, Umfang und Preisrahmen direkt senden und Machbarkeit prüfen lassen.","1427","3","106","Direkt anfragen -> /buchung","gut","gut","gut","","","","index, follow","P2","B","",""
"/uebergabe-sprint","Hub / Information","überregional oder nicht ortsgebunden","passenden Service und nächsten Schritt wählen","übergabe-sprint","FLOXANT Übergabe-Sprint, wenn der Übergabetermin näher rückt","Übergabe-Sprint | Wohnung vor Termin vorbereiten","FLOXANT Übergabe-Sprint für Auszug, Rückgabe oder Besichtigung: Restmengen, Reinigung, Fotos, Schlüsselweg und Deadline Punkt für Punkt prüfen.","1177","7","12","Übergabe-Sprint starten -> /kontakt?service=reinigung&city=regensburg&intent=uebergabe-sprint&source=seo","gut","gut","gut","[object Object] | [object Object] | [object Object] | [object Object] | [object Object] | [object Object] | [object Object] | [object Object] | [object Object] | [object Object] | [object Object]","","","index, follow","P2","A","",""
"/uebergabeakte","Hub / Information","überregional oder nicht ortsgebunden","passenden Service und nächsten Schritt wählen","floxant übergabeakte ? auszug & übergabe dokumentieren","FLOXANT Übergabeakte: Auszug, Reinigung und Schlüsselstatus dokumentieren","FLOXANT Übergabeakte ? Auszug & Übergabe dokumentieren","Übergabeakte nach Absprache anfragen: erledigte Leistungen, Fotos, Schlüsselstatus und Hinweise organisatorisch dokumentieren lassen. Fotos, Termin, Umfang und Preisrahmen direkt senden und Machbarkeit prüfen lassen.","1385","11","16","Übergabeakte anfragen -> /kontakt?service=reinigung&city=regensburg&intent=uebergabeakte&source=seo","gut","gut","gut","","","","index, follow","P2","A","",""
"/umzug","Service-Seite","Regensburg","Leistung verstehen und anfragen","umzug regensburg","Umzugsunternehmen für Regensburg und Bayern","Umzug Regensburg | Fotos senden & Preis prüfen","Umzug in Regensburg und Bayern prüfen lassen: Volumen, Etagen, Laufwege, Fotos, vorhandenes Angebot, Zusatzleistungen und Übergabe sauber planen.","1774","11","18","Preisrahmen berechnen -> /rechner","ausreichend","gut","gut","[object Object] | [object Object] | [object Object] | [object Object] | [object Object] | [object Object] | [object Object] | [object Object] | [object Object] | [object Object] | [object Object]","","","index, follow","P1","A","",""
"/umzug-bayern","Lokale Service-Seite","Bayern","Leistung verstehen und anfragen","umzug bayern","Umzug Bayern","Umzug Bayern | Preisrahmen ab Regensburg prüfen","Umzug in Bayern geplant? FLOXANT prüft Strecke, Volumen, Zugang, Montage und Terminlage für eine klare Anfrage. Umzug, Fotos, Termin, Zugang, vorhandenes Angebot und Preisrahmen für Bayern übersichtlich senden.","2556","14","18","Budget nennen -> /anfrage-mit-preisrahmen","ausreichend","gut","gut","[object Object] | [object Object] | [object Object] | [object Object] | [object Object] | [object Object] | [object Object] | [object Object] | [object Object] | [object Object] | [object Object] | [object Object] | [object Object] | [object Object] | [object Object] | [object Object] | [object Object] | [object Object] | [object Object] | [object Object] | [object Object] | [object Object] | [object Object] | [object Object] | [object Object] | [object Object] | [object Object] | [object Object] | [object Object] | [object Object] | [object Object] | [object Object] | [object Object] | [object Object] | [object Object] | [object Object] | [object Object] | [object Object]","","h1 identisch mit /bueroumzug-bayern, /entruempelung-bayern, /wohnungsaufloesung-bayern","index, follow","P1","A","",""
"/umzug-kosten-rechner","Formular / Werkzeug","überregional oder nicht ortsgebunden","Angaben erfassen und Anfrage vorbereiten","umzug kosten rechner","Was kostet Ihr Umzug?","Umzug Kosten Rechner | Preisrahmen direkt prüfen","Umzugsservice Kosten Rechner: Strecke, Transportumfang, Zugang, Reinigung und Übergabe realistisch einschätzen lassen und direkt anfragen. Kosten Rechner wird über den FLOXANT-Regensburg-Radius geprüft; Ort, Fotos und...","204","2","0","Umzug & Transport Umzug mit nachvollziehbarer Einschätzung zu Aufwand, Strecke und Zusatzleistungen. Inventar und Volumen Zugang und Laufwege Montageleistungen Rechner starten -> Schaltfläche","ausreichend","gut","ausreichend","","","","index, follow","P2","B","",""
"/umzug-landkreis-regensburg","Lokale Service-Seite","Regensburg","Leistung verstehen und anfragen","umzugsservice landkreis regensburg","Umzug Landkreis-regensburg","Umzugsservice Landkreis Regensburg | Strecke & Termin klären","Umzug in Landkreis Regensburg: FLOXANT prüft Volumen, Zugang, Strecke, Termin und Extras. Anfrage mit Fotos oder Preisrahmen mit konkreten Eckdaten starten. Landkreis Regensburg wird über den FLOXANT-Regensburg-Radius...","2659","14","25","Budget nennen -> /anfrage-mit-preisrahmen","ausreichend","gut","gut","[object Object] | [object Object] | [object Object] | [object Object] | [object Object] | [object Object] | [object Object] | [object Object] | [object Object] | [object Object] | [object Object] | [object Object] | [object Object] | [object Object] | [object Object]","","","index, follow","P1","A","",""
"/umzug-neustadt-an-der-waldnaab","Service-Seite","überregional oder nicht ortsgebunden","Leistung verstehen und anfragen","umzug neustadt a.d. waldnaab","Umzug Neustadt an der Waldnaab","Umzug Neustadt a.d. Waldnaab | Angebot prüfen","Umzug Neustadt an der Waldnaab: Start, Ziel, Möbelmenge, Etage, Laufweg, Termin und Fotos senden. FLOXANT prüft den Ablauf. Umzug, Fotos, Termin, Zugang, vorhandenes Angebot und Preisrahmen für Neustadt an der...","3466","14","25","Budget nennen -> /anfrage-mit-preisrahmen","ausreichend","gut","gut","[object Object] | [object Object] | [object Object] | [object Object] | [object Object] | [object Object] | [object Object] | [object Object] | [object Object] | [object Object] | [object Object] | [object Object] | [object Object] | [object Object] | [object Object] | [object Object] | [object Object] | [object Object] | [object Object] | [object Object]","","","index, follow","P1","A","",""
"/umzug-vohenstrauss","Service-Seite","überregional oder nicht ortsgebunden","Leistung verstehen und anfragen","umzug vohenstrauß","Umzug Vohenstrauss","Umzug Vohenstrauß | kleiner Umzug & Angebot","Umzug Vohenstrauß für Wohnung, Apartment oder einzelne Möbel: Start, Ziel, Etage, Volumen, Fotos, Termin und Preisrahmen senden. Umzug, Fotos, Termin, Zugang, vorhandenes Angebot und Preisrahmen für Vohenstrauss...","3225","14","25","Budget nennen -> /anfrage-mit-preisrahmen","ausreichend","gut","gut","[object Object] | [object Object] | [object Object] | [object Object] | [object Object] | [object Object] | [object Object] | [object Object] | [object Object] | [object Object] | [object Object] | [object Object] | [object Object] | [object Object] | [object Object] | [object Object] | [object Object] | [object Object] | [object Object] | [object Object]","","","index, follow","P1","A","",""
"/umzugskosten-bayern","Lokale Service-Seite","Bayern","Leistung verstehen und anfragen","umzugskosten bayern","Umzugskosten in Bayern","Umzugskosten Bayern: Aufwand mit Eckdaten einschätzen","Welche Angaben den Umzugsaufwand beeinflussen: Volumen, Strecke, Etagen, Laufwege, Termin und Zusatzleistungen. Rechnerwert bleibt unverbindlich.","305","4","5","Eckdaten im Rechner erfassen -> /umzug-kosten-rechner","gut","gut","ausreichend","","","","index, follow","P1","B","",""
"/urlaubsretter","Hub / Information","Regensburg","passenden Service und nächsten Schritt wählen","urlaubsretter regensburg","Sie fahren weg. FLOXANT kümmert sich um das, was liegen bleibt.","Urlaubsretter Regensburg | Schlüssel, Check & Übergabe","Urlaubsretter von FLOXANT: Hilfe vor der Reise für Wohnungscheck, Schlüsselübergabe, letzte Erledigungen, Reinigung und Übergaben in Regensburg, Oberpfalz und Regensburg.","718","4","8","Anfrage starten -> /buchung?utm_source=urlaubsretter&utm_medium=premium_landingpage&service=urlaubsretter#buchungssystem","ausreichend","ausreichend","gut","[object Object] | [object Object]","","","index, follow","P2","A","",""
"/vermieter-ready-service","Hub / Information","überregional oder nicht ortsgebunden","passenden Service und nächsten Schritt wählen","vermieter-ready-service","FLOXANT Vermieter-Ready-Service für Wohnungen vor Rückgabe oder Neuvermietung","Vermieter-Ready-Service | Wohnung vorbereiten","FLOXANT Vermieter-Ready-Service: Wohnung für Rückgabe, Neuvermietung oder Besichtigung mit Räumung, Reinigung, Fotos und Restpunkten vorbereiten.","1155","7","12","Anfragebrief mit Eckdaten starten -> /kontakt?service=reinigung&city=regensburg&intent=vermieter-ready-service&source=seo","gut","gut","gut","[object Object] | [object Object] | [object Object] | [object Object] | [object Object] | [object Object] | [object Object] | [object Object] | [object Object] | [object Object] | [object Object]","","","index, follow","P2","A","",""
"/vielleicht-box","Hub / Information","überregional oder nicht ortsgebunden","passenden Service und nächsten Schritt wählen","die vielleicht-box","Die Vielleicht-Box","Die Vielleicht-Box – Entscheidungshilfe beim Umzug","Die FLOXANT Vielleicht-Box gibt Ihnen Zeit für unklare Entscheidungen. Behalten oder weggeben? Entscheiden Sie später. Fotos, Termin, Umfang und Preisrahmen direkt senden und Machbarkeit prüfen lassen.","211","1","6","Jetzt anfragen -> /rechner","ausreichend","ausreichend","ausreichend","[object Object]","","","index, follow","P2","B","",""
"/widerruf","Recht / Pflichtinformation","überregional oder nicht ortsgebunden","Pflichtangaben nachlesen","widerruf","Widerrufsbelehrung","Widerruf – FLOXANT","Widerrufsbelehrung von FLOXANT. Fragen können Sie per WhatsApp oder Telefon klären: +49 1577 1105087. Fotos, Termin, Umfang und Preisrahmen direkt senden und Machbarkeit prüfen lassen.","143","0","0","","ausreichend","schwach","schwach","","","","index, follow","P2","B","",""
"/wissen","Hub / Information","überregional oder nicht ortsgebunden","passenden Service und nächsten Schritt wählen","ratgeber & wissen rund um umzug, reinigung & entrümpelung","Ratgeber für Umzug, Reinigung und Entrümpelung.","Ratgeber & Wissen rund um Umzug, Reinigung & Entrümpelung | FLOXANT","Praktische Hinweise für Umzug, Reinigung und Entrümpelung in Regensburg. Fotos, Termin, Umfang und Preisrahmen direkt senden und Machbarkeit prüfen lassen.","45","0","2","Umzugskosten senken Wie Sie systematisch bei Ihrem nächsten Umzug sparen können. Weiterlesen -> /umzugskosten-bayern","ausreichend","ausreichend","schwach","","","","index, follow","P2","B","",""
"/wohnung-wieder-vermietbar","Hub / Information","überregional oder nicht ortsgebunden","passenden Service und nächsten Schritt wählen","wohnung wieder vermietbar machen ? räumung, reinigung & entsorgung...","Wohnung wieder vermietbar machen nach Auszug oder Leerstand","Wohnung wieder vermietbar machen ? Räumung, Reinigung & Entsorgung...","Wohnung nach Auszug, Leerstand oder Mieterwechsel vorbereiten: Räumung, Entsorgung, Reinigung, Fotos und Übergabeakte nach Absprache. Fotos, Termin, Umfang und Preisrahmen direkt senden und Machbarkeit prüfen lassen.","1129","13","8","Keller/Muellraum pruefen -> /keller-muellraum-rettung-regensburg","ausreichend","gut","ausreichend","","","","index, follow","P2","A","",""
"/wohnungsaufloesung-bayern","Lokale Service-Seite","Bayern","Leistung verstehen und anfragen","haus- und wohnungsräumung bayern","Umzug Bayern","Haus- und Wohnungsräumung Bayern | Angebot","Haus- und Wohnungsräumung Regensburg: Haushalt auflösen lassen mit Räumen, Möbeln, Keller, Fotos, Entsorgung, Reinigung und Termin. Wohnungsauflösung, Fotos, Termin, Zugang, vorhandenes Angebot und Preisrahmen für...","2970","14","28","Budget nennen -> /anfrage-mit-preisrahmen","ausreichend","gut","gut","[object Object] | [object Object] | [object Object] | [object Object] | [object Object] | [object Object] | [object Object] | [object Object] | [object Object] | [object Object] | [object Object] | [object Object] | [object Object] | [object Object] | [object Object] | [object Object] | [object Object] | [object Object] | [object Object] | [object Object] | [object Object] | [object Object] | [object Object] | [object Object] | [object Object] | [object Object] | [object Object] | [object Object] | [object Object] | [object Object] | [object Object]","","h1 identisch mit /bueroumzug-bayern, /entruempelung-bayern, /umzug-bayern","index, follow","P1","A","",""
