routeA,routeB,pageTypeA,pageTypeB,titleSimilarity,h1Similarity,introSimilarity,mainContentSimilarity,duplicatedBlocks,duplicatedFaq,likelySameIntent,severity,recommendedAction
/,/feedback,homepage,service,0.375,0.000,0.000,0.000,0,0,yes,CANNIBALIZATION_RISK,VERIFY_PRIMARY_INTENT_AND_CANONICAL
/bueroreinigung,/regensburg/bueroreinigung,service,service,0.500,0.875,0.111,0.008,0,0,yes,CANNIBALIZATION_RISK,VERIFY_PRIMARY_INTENT_AND_CANONICAL
/regensburg/reinigung,/reinigung-regensburg,service,service,0.167,0.182,0.000,0.094,0,1,yes,CANNIBALIZATION_RISK,REVIEW_SHARED_FAQ;VERIFY_PRIMARY_INTENT_AND_CANONICAL
/regensburg/wohnungsaufloesung,/wohnungsaufloesung-regensburg,service,service,0.600,0.455,0.000,0.015,0,0,yes,CANNIBALIZATION_RISK,VERIFY_PRIMARY_INTENT_AND_CANONICAL
/24h-umzug-bayern,/beiladung-regensburg,service,service,0.286,1.000,1.000,0.881,0,6,no,HIGH_OVERLAP,REVIEW_SHARED_FAQ;DIFFERENTIATE_MAIN_CONTENT;REWRITE_FOR_CUSTOMER
/24h-umzug-bayern,/bueroumzug-abensberg,service,service,0.111,0.400,0.800,0.739,0,7,no,HIGH_OVERLAP,REVIEW_SHARED_FAQ;DIFFERENTIATE_MAIN_CONTENT;REWRITE_FOR_CUSTOMER
/24h-umzug-bayern,/bueroumzug-altdorf-bei-nuernberg,service,service,0.250,0.400,0.800,0.739,0,7,no,HIGH_OVERLAP,REVIEW_SHARED_FAQ;DIFFERENTIATE_MAIN_CONTENT;REWRITE_FOR_CUSTOMER
/24h-umzug-bayern,/bueroumzug-alteglofsheim,service,service,0.286,0.400,0.800,0.739,0,7,no,HIGH_OVERLAP,REVIEW_SHARED_FAQ;DIFFERENTIATE_MAIN_CONTENT;REWRITE_FOR_CUSTOMER
/24h-umzug-bayern,/bueroumzug-altenthann,service,service,0.111,0.400,0.800,0.739,0,7,no,HIGH_OVERLAP,REVIEW_SHARED_FAQ;DIFFERENTIATE_MAIN_CONTENT;REWRITE_FOR_CUSTOMER
/24h-umzug-bayern,/bueroumzug-amberg,service,service,0.250,0.400,0.800,0.683,0,5,no,HIGH_OVERLAP,REVIEW_SHARED_FAQ;DIFFERENTIATE_MAIN_CONTENT;REWRITE_FOR_CUSTOMER
/24h-umzug-bayern,/bueroumzug-ansbach,service,service,0.250,0.400,0.800,0.739,0,7,no,HIGH_OVERLAP,REVIEW_SHARED_FAQ;DIFFERENTIATE_MAIN_CONTENT;REWRITE_FOR_CUSTOMER
/24h-umzug-bayern,/bueroumzug-auerbach-in-der-oberpfalz,service,service,0.111,0.400,0.800,0.739,0,7,no,HIGH_OVERLAP,REVIEW_SHARED_FAQ;DIFFERENTIATE_MAIN_CONTENT;REWRITE_FOR_CUSTOMER
/24h-umzug-bayern,/bueroumzug-aufhausen,service,service,0.250,0.400,0.800,0.739,0,7,no,HIGH_OVERLAP,REVIEW_SHARED_FAQ;DIFFERENTIATE_MAIN_CONTENT;REWRITE_FOR_CUSTOMER
/24h-umzug-bayern,/bueroumzug-augsburg,service,service,0.250,0.500,0.800,0.701,0,5,no,HIGH_OVERLAP,REVIEW_SHARED_FAQ;DIFFERENTIATE_MAIN_CONTENT;REWRITE_FOR_CUSTOMER
/24h-umzug-bayern,/bueroumzug-bad-abbach,service,service,0.250,0.400,0.800,0.739,0,7,no,HIGH_OVERLAP,REVIEW_SHARED_FAQ;DIFFERENTIATE_MAIN_CONTENT;REWRITE_FOR_CUSTOMER
/24h-umzug-bayern,/bueroumzug-bad-koetzting,service,service,0.111,0.400,0.800,0.739,0,7,no,HIGH_OVERLAP,REVIEW_SHARED_FAQ;DIFFERENTIATE_MAIN_CONTENT;REWRITE_FOR_CUSTOMER
/24h-umzug-bayern,/bueroumzug-bad-toelz,service,service,0.286,0.400,0.800,0.739,0,7,no,HIGH_OVERLAP,REVIEW_SHARED_FAQ;DIFFERENTIATE_MAIN_CONTENT;REWRITE_FOR_CUSTOMER
/24h-umzug-bayern,/bueroumzug-bamberg,service,service,0.250,0.400,0.800,0.687,0,5,no,HIGH_OVERLAP,REVIEW_SHARED_FAQ;DIFFERENTIATE_MAIN_CONTENT;REWRITE_FOR_CUSTOMER
/24h-umzug-bayern,/bueroumzug-barbing,service,service,0.250,0.400,0.800,0.739,0,7,no,HIGH_OVERLAP,REVIEW_SHARED_FAQ;DIFFERENTIATE_MAIN_CONTENT;REWRITE_FOR_CUSTOMER
/24h-umzug-bayern,/bueroumzug-bayreuth,service,service,0.250,0.400,0.800,0.687,0,5,no,HIGH_OVERLAP,REVIEW_SHARED_FAQ;DIFFERENTIATE_MAIN_CONTENT;REWRITE_FOR_CUSTOMER
/24h-umzug-bayern,/bueroumzug-beilngries,service,service,0.250,0.400,0.800,0.739,0,7,no,HIGH_OVERLAP,REVIEW_SHARED_FAQ;DIFFERENTIATE_MAIN_CONTENT;REWRITE_FOR_CUSTOMER
/24h-umzug-bayern,/bueroumzug-beratzhausen,service,service,0.250,0.400,0.800,0.739,0,7,no,HIGH_OVERLAP,REVIEW_SHARED_FAQ;DIFFERENTIATE_MAIN_CONTENT;REWRITE_FOR_CUSTOMER
/24h-umzug-bayern,/bueroumzug-berching,service,service,0.286,0.400,0.800,0.739,0,7,no,HIGH_OVERLAP,REVIEW_SHARED_FAQ;DIFFERENTIATE_MAIN_CONTENT;REWRITE_FOR_CUSTOMER
/24h-umzug-bayern,/bueroumzug-bernhardswald,service,service,0.250,0.400,0.800,0.739,0,7,no,HIGH_OVERLAP,REVIEW_SHARED_FAQ;DIFFERENTIATE_MAIN_CONTENT;REWRITE_FOR_CUSTOMER
/24h-umzug-bayern,/bueroumzug-bogen,service,service,0.250,0.400,0.800,0.739,0,7,no,HIGH_OVERLAP,REVIEW_SHARED_FAQ;DIFFERENTIATE_MAIN_CONTENT;REWRITE_FOR_CUSTOMER
/24h-umzug-bayern,/bueroumzug-brennberg,service,service,0.111,0.400,0.800,0.739,0,7,no,HIGH_OVERLAP,REVIEW_SHARED_FAQ;DIFFERENTIATE_MAIN_CONTENT;REWRITE_FOR_CUSTOMER
/24h-umzug-bayern,/bueroumzug-brunn,service,service,0.111,0.400,0.800,0.739,0,7,no,HIGH_OVERLAP,REVIEW_SHARED_FAQ;DIFFERENTIATE_MAIN_CONTENT;REWRITE_FOR_CUSTOMER
/24h-umzug-bayern,/bueroumzug-burglengenfeld,service,service,0.286,0.400,0.800,0.739,0,7,no,HIGH_OVERLAP,REVIEW_SHARED_FAQ;DIFFERENTIATE_MAIN_CONTENT;REWRITE_FOR_CUSTOMER
/24h-umzug-bayern,/bueroumzug-cham,service,service,0.250,0.400,0.800,0.683,0,5,no,HIGH_OVERLAP,REVIEW_SHARED_FAQ;DIFFERENTIATE_MAIN_CONTENT;REWRITE_FOR_CUSTOMER
/24h-umzug-bayern,/bueroumzug-coburg,service,service,0.250,0.400,0.800,0.739,0,7,no,HIGH_OVERLAP,REVIEW_SHARED_FAQ;DIFFERENTIATE_MAIN_CONTENT;REWRITE_FOR_CUSTOMER
/24h-umzug-bayern,/bueroumzug-dachau,service,service,0.286,0.400,0.800,0.739,0,7,no,HIGH_OVERLAP,REVIEW_SHARED_FAQ;DIFFERENTIATE_MAIN_CONTENT;REWRITE_FOR_CUSTOMER
/24h-umzug-bayern,/bueroumzug-deggendorf,service,service,0.250,0.400,0.800,0.739,0,7,no,HIGH_OVERLAP,REVIEW_SHARED_FAQ;DIFFERENTIATE_MAIN_CONTENT;REWRITE_FOR_CUSTOMER
/24h-umzug-bayern,/bueroumzug-deuerling,service,service,0.250,0.400,0.800,0.739,0,7,no,HIGH_OVERLAP,REVIEW_SHARED_FAQ;DIFFERENTIATE_MAIN_CONTENT;REWRITE_FOR_CUSTOMER
/24h-umzug-bayern,/bueroumzug-dietfurt,service,service,0.250,0.400,0.800,0.739,0,7,no,HIGH_OVERLAP,REVIEW_SHARED_FAQ;DIFFERENTIATE_MAIN_CONTENT;REWRITE_FOR_CUSTOMER
/24h-umzug-bayern,/bueroumzug-dingolfing,service,service,0.111,0.400,0.800,0.739,0,7,no,HIGH_OVERLAP,REVIEW_SHARED_FAQ;DIFFERENTIATE_MAIN_CONTENT;REWRITE_FOR_CUSTOMER
/24h-umzug-bayern,/bueroumzug-donaustauf,service,service,0.286,0.400,0.800,0.739,0,7,no,HIGH_OVERLAP,REVIEW_SHARED_FAQ;DIFFERENTIATE_MAIN_CONTENT;REWRITE_FOR_CUSTOMER
/24h-umzug-bayern,/bueroumzug-duggendorf,service,service,0.250,0.400,0.800,0.739,0,7,no,HIGH_OVERLAP,REVIEW_SHARED_FAQ;DIFFERENTIATE_MAIN_CONTENT;REWRITE_FOR_CUSTOMER
/24h-umzug-bayern,/bueroumzug-eggenfelden,service,service,0.250,0.400,0.800,0.739,0,7,no,HIGH_OVERLAP,REVIEW_SHARED_FAQ;DIFFERENTIATE_MAIN_CONTENT;REWRITE_FOR_CUSTOMER
/24h-umzug-bayern,/bueroumzug-eichstaett,service,service,0.286,0.400,0.800,0.739,0,7,no,HIGH_OVERLAP,REVIEW_SHARED_FAQ;DIFFERENTIATE_MAIN_CONTENT;REWRITE_FOR_CUSTOMER
/24h-umzug-bayern,/bueroumzug-erding,service,service,0.111,0.400,0.800,0.739,0,7,no,HIGH_OVERLAP,REVIEW_SHARED_FAQ;DIFFERENTIATE_MAIN_CONTENT;REWRITE_FOR_CUSTOMER
/24h-umzug-bayern,/bueroumzug-ergoldsbach,service,service,0.250,0.400,0.800,0.739,0,7,no,HIGH_OVERLAP,REVIEW_SHARED_FAQ;DIFFERENTIATE_MAIN_CONTENT;REWRITE_FOR_CUSTOMER
/24h-umzug-bayern,/bueroumzug-erlangen,service,service,0.250,0.400,0.800,0.687,0,5,no,HIGH_OVERLAP,REVIEW_SHARED_FAQ;DIFFERENTIATE_MAIN_CONTENT;REWRITE_FOR_CUSTOMER
/24h-umzug-bayern,/bueroumzug-eschenbach-in-der-oberpfalz,service,service,0.250,0.400,0.800,0.739,0,7,no,HIGH_OVERLAP,REVIEW_SHARED_FAQ;DIFFERENTIATE_MAIN_CONTENT;REWRITE_FOR_CUSTOMER
/24h-umzug-bayern,/bueroumzug-feucht,service,service,0.250,0.400,0.800,0.739,0,7,no,HIGH_OVERLAP,REVIEW_SHARED_FAQ;DIFFERENTIATE_MAIN_CONTENT;REWRITE_FOR_CUSTOMER
/24h-umzug-bayern,/bueroumzug-freising,service,service,0.111,0.400,0.800,0.739,0,7,no,HIGH_OVERLAP,REVIEW_SHARED_FAQ;DIFFERENTIATE_MAIN_CONTENT;REWRITE_FOR_CUSTOMER
/24h-umzug-bayern,/bueroumzug-freystadt,service,service,0.286,0.400,0.800,0.739,0,7,no,HIGH_OVERLAP,REVIEW_SHARED_FAQ;DIFFERENTIATE_MAIN_CONTENT;REWRITE_FOR_CUSTOMER
/24h-umzug-bayern,/bueroumzug-freyung,service,service,0.250,0.400,0.800,0.739,0,7,no,HIGH_OVERLAP,REVIEW_SHARED_FAQ;DIFFERENTIATE_MAIN_CONTENT;REWRITE_FOR_CUSTOMER
/24h-umzug-bayern,/bueroumzug-fuerstenfeldbruck,service,service,0.286,0.400,0.800,0.739,0,7,no,HIGH_OVERLAP,REVIEW_SHARED_FAQ;DIFFERENTIATE_MAIN_CONTENT;REWRITE_FOR_CUSTOMER
/24h-umzug-bayern,/bueroumzug-fuerth,service,service,0.250,0.400,0.800,0.739,0,7,no,HIGH_OVERLAP,REVIEW_SHARED_FAQ;DIFFERENTIATE_MAIN_CONTENT;REWRITE_FOR_CUSTOMER
/24h-umzug-bayern,/bueroumzug-furth-im-wald,service,service,0.111,0.400,0.800,0.739,0,7,no,HIGH_OVERLAP,REVIEW_SHARED_FAQ;DIFFERENTIATE_MAIN_CONTENT;REWRITE_FOR_CUSTOMER
/24h-umzug-bayern,/bueroumzug-garching,service,service,0.250,0.400,0.800,0.739,0,7,no,HIGH_OVERLAP,REVIEW_SHARED_FAQ;DIFFERENTIATE_MAIN_CONTENT;REWRITE_FOR_CUSTOMER
/24h-umzug-bayern,/bueroumzug-geiselhoering,service,service,0.250,0.400,0.800,0.739,0,7,no,HIGH_OVERLAP,REVIEW_SHARED_FAQ;DIFFERENTIATE_MAIN_CONTENT;REWRITE_FOR_CUSTOMER
/24h-umzug-bayern,/bueroumzug-geisenfeld,service,service,0.250,0.400,0.800,0.739,0,7,no,HIGH_OVERLAP,REVIEW_SHARED_FAQ;DIFFERENTIATE_MAIN_CONTENT;REWRITE_FOR_CUSTOMER
/24h-umzug-bayern,/bueroumzug-germering,service,service,0.286,0.400,0.800,0.739,0,7,no,HIGH_OVERLAP,REVIEW_SHARED_FAQ;DIFFERENTIATE_MAIN_CONTENT;REWRITE_FOR_CUSTOMER
/24h-umzug-bayern,/bueroumzug-gersthofen,service,service,0.111,0.400,0.800,0.739,0,7,no,HIGH_OVERLAP,REVIEW_SHARED_FAQ;DIFFERENTIATE_MAIN_CONTENT;REWRITE_FOR_CUSTOMER
/24h-umzug-bayern,/bueroumzug-grafenau,service,service,0.250,0.400,0.800,0.739,0,7,no,HIGH_OVERLAP,REVIEW_SHARED_FAQ;DIFFERENTIATE_MAIN_CONTENT;REWRITE_FOR_CUSTOMER
/24h-umzug-bayern,/bueroumzug-grafenwoehr,service,service,0.250,0.400,0.800,0.739,0,7,no,HIGH_OVERLAP,REVIEW_SHARED_FAQ;DIFFERENTIATE_MAIN_CONTENT;REWRITE_FOR_CUSTOMER
/24h-umzug-bayern,/bueroumzug-guenzburg,service,service,0.250,0.400,0.800,0.681,0,5,no,HIGH_OVERLAP,REVIEW_SHARED_FAQ;DIFFERENTIATE_MAIN_CONTENT;REWRITE_FOR_CUSTOMER
/24h-umzug-bayern,/bueroumzug-hagelstadt,service,service,0.111,0.400,0.800,0.739,0,7,no,HIGH_OVERLAP,REVIEW_SHARED_FAQ;DIFFERENTIATE_MAIN_CONTENT;REWRITE_FOR_CUSTOMER
/24h-umzug-bayern,/bueroumzug-hausen,service,service,0.250,0.400,0.800,0.739,0,7,no,HIGH_OVERLAP,REVIEW_SHARED_FAQ;DIFFERENTIATE_MAIN_CONTENT;REWRITE_FOR_CUSTOMER
/24h-umzug-bayern,/bueroumzug-hemau,service,service,0.286,0.400,0.800,0.739,0,7,no,HIGH_OVERLAP,REVIEW_SHARED_FAQ;DIFFERENTIATE_MAIN_CONTENT;REWRITE_FOR_CUSTOMER
/24h-umzug-bayern,/bueroumzug-herzogenaurach,service,service,0.286,0.400,0.800,0.739,0,7,no,HIGH_OVERLAP,REVIEW_SHARED_FAQ;DIFFERENTIATE_MAIN_CONTENT;REWRITE_FOR_CUSTOMER
/24h-umzug-bayern,/bueroumzug-hirschau,service,service,0.111,0.400,0.800,0.739,0,7,no,HIGH_OVERLAP,REVIEW_SHARED_FAQ;DIFFERENTIATE_MAIN_CONTENT;REWRITE_FOR_CUSTOMER
/24h-umzug-bayern,/bueroumzug-hohenfels,service,service,0.286,0.400,0.800,0.739,0,7,no,HIGH_OVERLAP,REVIEW_SHARED_FAQ;DIFFERENTIATE_MAIN_CONTENT;REWRITE_FOR_CUSTOMER
/24h-umzug-bayern,/bueroumzug-holzheim-am-forst,service,service,0.286,0.400,0.800,0.739,0,7,no,HIGH_OVERLAP,REVIEW_SHARED_FAQ;DIFFERENTIATE_MAIN_CONTENT;REWRITE_FOR_CUSTOMER
/24h-umzug-bayern,/bueroumzug-ingolstadt,service,service,0.250,0.500,0.800,0.687,0,5,no,HIGH_OVERLAP,REVIEW_SHARED_FAQ;DIFFERENTIATE_MAIN_CONTENT;REWRITE_FOR_CUSTOMER
/24h-umzug-bayern,/bueroumzug-kallmuenz,service,service,0.250,0.400,0.800,0.739,0,7,no,HIGH_OVERLAP,REVIEW_SHARED_FAQ;DIFFERENTIATE_MAIN_CONTENT;REWRITE_FOR_CUSTOMER
/24h-umzug-bayern,/bueroumzug-kelheim,service,service,0.250,0.400,0.800,0.739,0,7,no,HIGH_OVERLAP,REVIEW_SHARED_FAQ;DIFFERENTIATE_MAIN_CONTENT;REWRITE_FOR_CUSTOMER
/24h-umzug-bayern,/bueroumzug-kissing,service,service,0.286,0.400,0.800,0.739,0,7,no,HIGH_OVERLAP,REVIEW_SHARED_FAQ;DIFFERENTIATE_MAIN_CONTENT;REWRITE_FOR_CUSTOMER
/24h-umzug-bayern,/bueroumzug-koefering,service,service,0.286,0.400,0.800,0.739,0,7,no,HIGH_OVERLAP,REVIEW_SHARED_FAQ;DIFFERENTIATE_MAIN_CONTENT;REWRITE_FOR_CUSTOMER
/24h-umzug-bayern,/bueroumzug-koenigsbrunn,service,service,0.250,0.400,0.800,0.739,0,7,no,HIGH_OVERLAP,REVIEW_SHARED_FAQ;DIFFERENTIATE_MAIN_CONTENT;REWRITE_FOR_CUSTOMER
/24h-umzug-bayern,/bueroumzug-koetzting,service,service,0.111,0.400,0.800,0.739,0,7,no,HIGH_OVERLAP,REVIEW_SHARED_FAQ;DIFFERENTIATE_MAIN_CONTENT;REWRITE_FOR_CUSTOMER
/24h-umzug-bayern,/bueroumzug-laaber,service,service,0.111,0.400,0.800,0.739,0,7,no,HIGH_OVERLAP,REVIEW_SHARED_FAQ;DIFFERENTIATE_MAIN_CONTENT;REWRITE_FOR_CUSTOMER
/24h-umzug-bayern,/bueroumzug-landau-an-der-isar,service,service,0.250,0.400,0.800,0.739,0,7,no,HIGH_OVERLAP,REVIEW_SHARED_FAQ;DIFFERENTIATE_MAIN_CONTENT;REWRITE_FOR_CUSTOMER
/24h-umzug-bayern,/bueroumzug-landsberg-am-lech,service,service,0.250,0.400,0.800,0.739,0,7,no,HIGH_OVERLAP,REVIEW_SHARED_FAQ;DIFFERENTIATE_MAIN_CONTENT;REWRITE_FOR_CUSTOMER
/24h-umzug-bayern,/bueroumzug-landshut,service,service,0.111,0.500,0.800,0.701,0,5,no,HIGH_OVERLAP,REVIEW_SHARED_FAQ;DIFFERENTIATE_MAIN_CONTENT;REWRITE_FOR_CUSTOMER
/24h-umzug-bayern,/bueroumzug-langquaid,service,service,0.250,0.400,0.800,0.739,0,7,no,HIGH_OVERLAP,REVIEW_SHARED_FAQ;DIFFERENTIATE_MAIN_CONTENT;REWRITE_FOR_CUSTOMER
/24h-umzug-bayern,/bueroumzug-lappersdorf,service,service,0.286,0.400,0.800,0.739,0,7,no,HIGH_OVERLAP,REVIEW_SHARED_FAQ;DIFFERENTIATE_MAIN_CONTENT;REWRITE_FOR_CUSTOMER
/24h-umzug-bayern,/bueroumzug-lauf-an-der-pegnitz,service,service,0.250,0.400,0.800,0.739,0,7,no,HIGH_OVERLAP,REVIEW_SHARED_FAQ;DIFFERENTIATE_MAIN_CONTENT;REWRITE_FOR_CUSTOMER
/24h-umzug-bayern,/bueroumzug-lupburg,service,service,0.250,0.400,0.800,0.739,0,7,no,HIGH_OVERLAP,REVIEW_SHARED_FAQ;DIFFERENTIATE_MAIN_CONTENT;REWRITE_FOR_CUSTOMER
/24h-umzug-bayern,/bueroumzug-mainburg,service,service,0.250,0.400,0.800,0.739,0,7,no,HIGH_OVERLAP,REVIEW_SHARED_FAQ;DIFFERENTIATE_MAIN_CONTENT;REWRITE_FOR_CUSTOMER
/24h-umzug-bayern,/bueroumzug-mallersdorf-pfaffenberg,service,service,0.286,0.400,0.800,0.739,0,7,no,HIGH_OVERLAP,REVIEW_SHARED_FAQ;DIFFERENTIATE_MAIN_CONTENT;REWRITE_FOR_CUSTOMER
/24h-umzug-bayern,/bueroumzug-mammendorf,service,service,0.250,0.400,0.800,0.739,0,7,no,HIGH_OVERLAP,REVIEW_SHARED_FAQ;DIFFERENTIATE_MAIN_CONTENT;REWRITE_FOR_CUSTOMER
/24h-umzug-bayern,/bueroumzug-maxhuette-haidhof,service,service,0.250,0.400,0.800,0.739,0,7,no,HIGH_OVERLAP,REVIEW_SHARED_FAQ;DIFFERENTIATE_MAIN_CONTENT;REWRITE_FOR_CUSTOMER
/24h-umzug-bayern,/bueroumzug-mering,service,service,0.250,0.400,0.800,0.739,0,7,no,HIGH_OVERLAP,REVIEW_SHARED_FAQ;DIFFERENTIATE_MAIN_CONTENT;REWRITE_FOR_CUSTOMER
/24h-umzug-bayern,/bueroumzug-mintraching,service,service,0.286,0.400,0.800,0.739,0,7,no,HIGH_OVERLAP,REVIEW_SHARED_FAQ;DIFFERENTIATE_MAIN_CONTENT;REWRITE_FOR_CUSTOMER
/24h-umzug-bayern,/bueroumzug-moetzing,service,service,0.250,0.400,0.800,0.739,0,7,no,HIGH_OVERLAP,REVIEW_SHARED_FAQ;DIFFERENTIATE_MAIN_CONTENT;REWRITE_FOR_CUSTOMER
/24h-umzug-bayern,/bueroumzug-moosburg,service,service,0.286,0.400,0.800,0.739,0,7,no,HIGH_OVERLAP,REVIEW_SHARED_FAQ;DIFFERENTIATE_MAIN_CONTENT;REWRITE_FOR_CUSTOMER
/24h-umzug-bayern,/bueroumzug-muenchen,service,service,0.250,0.500,0.800,0.755,0,7,no,HIGH_OVERLAP,REVIEW_SHARED_FAQ;DIFFERENTIATE_MAIN_CONTENT;REWRITE_FOR_CUSTOMER
/24h-umzug-bayern,/bueroumzug-nabburg,service,service,0.250,0.400,0.800,0.739,0,7,no,HIGH_OVERLAP,REVIEW_SHARED_FAQ;DIFFERENTIATE_MAIN_CONTENT;REWRITE_FOR_CUSTOMER
/24h-umzug-bayern,/bueroumzug-neu-ulm,service,service,0.250,0.400,0.800,0.739,0,7,no,HIGH_OVERLAP,REVIEW_SHARED_FAQ;DIFFERENTIATE_MAIN_CONTENT;REWRITE_FOR_CUSTOMER
/24h-umzug-bayern,/bueroumzug-neufahrn-in-niederbayern,service,service,0.250,0.400,0.800,0.739,0,7,no,HIGH_OVERLAP,REVIEW_SHARED_FAQ;DIFFERENTIATE_MAIN_CONTENT;REWRITE_FOR_CUSTOMER
/24h-umzug-bayern,/bueroumzug-neumarkt,service,service,0.250,0.400,0.800,0.683,0,5,no,HIGH_OVERLAP,REVIEW_SHARED_FAQ;DIFFERENTIATE_MAIN_CONTENT;REWRITE_FOR_CUSTOMER
/24h-umzug-bayern,/bueroumzug-neunburg-vorm-wald,service,service,0.286,0.400,0.800,0.739,0,7,no,HIGH_OVERLAP,REVIEW_SHARED_FAQ;DIFFERENTIATE_MAIN_CONTENT;REWRITE_FOR_CUSTOMER
/24h-umzug-bayern,/bueroumzug-neusaess,service,service,0.250,0.400,0.800,0.739,0,7,no,HIGH_OVERLAP,REVIEW_SHARED_FAQ;DIFFERENTIATE_MAIN_CONTENT;REWRITE_FOR_CUSTOMER
/24h-umzug-bayern,/bueroumzug-neustadt-an-der-donau,service,service,0.250,0.400,0.800,0.739,0,7,no,HIGH_OVERLAP,REVIEW_SHARED_FAQ;DIFFERENTIATE_MAIN_CONTENT;REWRITE_FOR_CUSTOMER
/24h-umzug-bayern,/bueroumzug-neustadt-an-der-waldnaab,service,service,0.111,0.400,0.800,0.739,0,7,no,HIGH_OVERLAP,REVIEW_SHARED_FAQ;DIFFERENTIATE_MAIN_CONTENT;REWRITE_FOR_CUSTOMER
/24h-umzug-bayern,/bueroumzug-neutraubling,service,service,0.250,0.400,0.800,0.739,0,7,no,HIGH_OVERLAP,REVIEW_SHARED_FAQ;DIFFERENTIATE_MAIN_CONTENT;REWRITE_FOR_CUSTOMER
/24h-umzug-bayern,/bueroumzug-nittenau,service,service,0.250,0.400,0.800,0.739,0,7,no,HIGH_OVERLAP,REVIEW_SHARED_FAQ;DIFFERENTIATE_MAIN_CONTENT;REWRITE_FOR_CUSTOMER
/24h-umzug-bayern,/bueroumzug-nittendorf,service,service,0.111,0.400,0.800,0.739,0,7,no,HIGH_OVERLAP,REVIEW_SHARED_FAQ;DIFFERENTIATE_MAIN_CONTENT;REWRITE_FOR_CUSTOMER
/24h-umzug-bayern,/bueroumzug-nuernberg,service,service,0.250,0.500,0.800,0.737,0,7,no,HIGH_OVERLAP,REVIEW_SHARED_FAQ;DIFFERENTIATE_MAIN_CONTENT;REWRITE_FOR_CUSTOMER
/24h-umzug-bayern,/bueroumzug-oberasbach,service,service,0.286,0.400,0.800,0.739,0,7,no,HIGH_OVERLAP,REVIEW_SHARED_FAQ;DIFFERENTIATE_MAIN_CONTENT;REWRITE_FOR_CUSTOMER
/24h-umzug-bayern,/bueroumzug-obertraubling,service,service,0.250,0.400,0.800,0.739,0,7,no,HIGH_OVERLAP,REVIEW_SHARED_FAQ;DIFFERENTIATE_MAIN_CONTENT;REWRITE_FOR_CUSTOMER
/24h-umzug-bayern,/bueroumzug-oberviechtach,service,service,0.111,0.400,0.800,0.739,0,7,no,HIGH_OVERLAP,REVIEW_SHARED_FAQ;DIFFERENTIATE_MAIN_CONTENT;REWRITE_FOR_CUSTOMER
/24h-umzug-bayern,/bueroumzug-olching,service,service,0.286,0.400,0.800,0.739,0,7,no,HIGH_OVERLAP,REVIEW_SHARED_FAQ;DIFFERENTIATE_MAIN_CONTENT;REWRITE_FOR_CUSTOMER
/24h-umzug-bayern,/bueroumzug-osterhofen,service,service,0.111,0.400,0.800,0.739,0,7,no,HIGH_OVERLAP,REVIEW_SHARED_FAQ;DIFFERENTIATE_MAIN_CONTENT;REWRITE_FOR_CUSTOMER
/24h-umzug-bayern,/bueroumzug-painten,service,service,0.250,0.400,0.800,0.739,0,7,no,HIGH_OVERLAP,REVIEW_SHARED_FAQ;DIFFERENTIATE_MAIN_CONTENT;REWRITE_FOR_CUSTOMER
/24h-umzug-bayern,/bueroumzug-parsberg,service,service,0.286,0.400,0.800,0.739,0,7,no,HIGH_OVERLAP,REVIEW_SHARED_FAQ;DIFFERENTIATE_MAIN_CONTENT;REWRITE_FOR_CUSTOMER
/24h-umzug-bayern,/bueroumzug-passau,service,service,0.250,0.400,0.800,0.687,0,5,no,HIGH_OVERLAP,REVIEW_SHARED_FAQ;DIFFERENTIATE_MAIN_CONTENT;REWRITE_FOR_CUSTOMER
/24h-umzug-bayern,/bueroumzug-pentling,service,service,0.250,0.400,0.800,0.739,0,7,no,HIGH_OVERLAP,REVIEW_SHARED_FAQ;DIFFERENTIATE_MAIN_CONTENT;REWRITE_FOR_CUSTOMER
/24h-umzug-bayern,/bueroumzug-pettendorf,service,service,0.250,0.400,0.800,0.739,0,7,no,HIGH_OVERLAP,REVIEW_SHARED_FAQ;DIFFERENTIATE_MAIN_CONTENT;REWRITE_FOR_CUSTOMER
/24h-umzug-bayern,/bueroumzug-pfaffenhofen,service,service,0.250,0.400,0.800,0.739,0,7,no,HIGH_OVERLAP,REVIEW_SHARED_FAQ;DIFFERENTIATE_MAIN_CONTENT;REWRITE_FOR_CUSTOMER
/24h-umzug-bayern,/bueroumzug-pfarrkirchen,service,service,0.111,0.400,0.800,0.739,0,7,no,HIGH_OVERLAP,REVIEW_SHARED_FAQ;DIFFERENTIATE_MAIN_CONTENT;REWRITE_FOR_CUSTOMER
/24h-umzug-bayern,/bueroumzug-pfatter,service,service,0.286,0.400,0.800,0.739,0,7,no,HIGH_OVERLAP,REVIEW_SHARED_FAQ;DIFFERENTIATE_MAIN_CONTENT;REWRITE_FOR_CUSTOMER
/24h-umzug-bayern,/bueroumzug-pfeffenhausen,service,service,0.286,0.400,0.800,0.739,0,7,no,HIGH_OVERLAP,REVIEW_SHARED_FAQ;DIFFERENTIATE_MAIN_CONTENT;REWRITE_FOR_CUSTOMER
/24h-umzug-bayern,/bueroumzug-pfreimd,service,service,0.250,0.400,0.800,0.739,0,7,no,HIGH_OVERLAP,REVIEW_SHARED_FAQ;DIFFERENTIATE_MAIN_CONTENT;REWRITE_FOR_CUSTOMER
/24h-umzug-bayern,/bueroumzug-pielenhofen,service,service,0.250,0.400,0.800,0.739,0,7,no,HIGH_OVERLAP,REVIEW_SHARED_FAQ;DIFFERENTIATE_MAIN_CONTENT;REWRITE_FOR_CUSTOMER
/24h-umzug-bayern,/bueroumzug-plattling,service,service,0.250,0.400,0.800,0.739,0,7,no,HIGH_OVERLAP,REVIEW_SHARED_FAQ;DIFFERENTIATE_MAIN_CONTENT;REWRITE_FOR_CUSTOMER
/24h-umzug-bayern,/bueroumzug-pocking,service,service,0.250,0.400,0.800,0.739,0,7,no,HIGH_OVERLAP,REVIEW_SHARED_FAQ;DIFFERENTIATE_MAIN_CONTENT;REWRITE_FOR_CUSTOMER
/24h-umzug-bayern,/bueroumzug-postbauer-heng,service,service,0.250,0.400,0.800,0.739,0,7,no,HIGH_OVERLAP,REVIEW_SHARED_FAQ;DIFFERENTIATE_MAIN_CONTENT;REWRITE_FOR_CUSTOMER
/24h-umzug-bayern,/bueroumzug-regen,service,service,0.111,0.400,0.800,0.739,0,7,no,HIGH_OVERLAP,REVIEW_SHARED_FAQ;DIFFERENTIATE_MAIN_CONTENT;REWRITE_FOR_CUSTOMER
/24h-umzug-bayern,/bueroumzug-regensburg,service,service,0.250,0.500,0.800,0.669,0,5,no,HIGH_OVERLAP,REVIEW_SHARED_FAQ;DIFFERENTIATE_MAIN_CONTENT;REWRITE_FOR_CUSTOMER
/24h-umzug-bayern,/bueroumzug-regenstauf,service,service,0.250,0.400,0.800,0.739,0,7,no,HIGH_OVERLAP,REVIEW_SHARED_FAQ;DIFFERENTIATE_MAIN_CONTENT;REWRITE_FOR_CUSTOMER
/24h-umzug-bayern,/bueroumzug-riedenburg,service,service,0.111,0.400,0.800,0.739,0,7,no,HIGH_OVERLAP,REVIEW_SHARED_FAQ;DIFFERENTIATE_MAIN_CONTENT;REWRITE_FOR_CUSTOMER
/24h-umzug-bayern,/bueroumzug-riekofen,service,service,0.250,0.400,0.800,0.739,0,7,no,HIGH_OVERLAP,REVIEW_SHARED_FAQ;DIFFERENTIATE_MAIN_CONTENT;REWRITE_FOR_CUSTOMER
/24h-umzug-bayern,/bueroumzug-roding,service,service,0.111,0.400,0.800,0.739,0,7,no,HIGH_OVERLAP,REVIEW_SHARED_FAQ;DIFFERENTIATE_MAIN_CONTENT;REWRITE_FOR_CUSTOMER
/24h-umzug-bayern,/bueroumzug-rosenheim,service,service,0.286,0.400,0.800,0.674,0,5,no,HIGH_OVERLAP,REVIEW_SHARED_FAQ;DIFFERENTIATE_MAIN_CONTENT;REWRITE_FOR_CUSTOMER
/24h-umzug-bayern,/bueroumzug-roth,service,service,0.250,0.400,0.800,0.739,0,7,no,HIGH_OVERLAP,REVIEW_SHARED_FAQ;DIFFERENTIATE_MAIN_CONTENT;REWRITE_FOR_CUSTOMER
/24h-umzug-bayern,/bueroumzug-rottenburg-an-der-laaber,service,service,0.250,0.400,0.800,0.739,0,7,no,HIGH_OVERLAP,REVIEW_SHARED_FAQ;DIFFERENTIATE_MAIN_CONTENT;REWRITE_FOR_CUSTOMER
/24h-umzug-bayern,/bueroumzug-saal-an-der-donau,service,service,0.250,0.400,0.800,0.739,0,7,no,HIGH_OVERLAP,REVIEW_SHARED_FAQ;DIFFERENTIATE_MAIN_CONTENT;REWRITE_FOR_CUSTOMER
/24h-umzug-bayern,/bueroumzug-schierling,service,service,0.250,0.400,0.800,0.739,0,7,no,HIGH_OVERLAP,REVIEW_SHARED_FAQ;DIFFERENTIATE_MAIN_CONTENT;REWRITE_FOR_CUSTOMER
/24h-umzug-bayern,/bueroumzug-schnaittenbach,service,service,0.111,0.400,0.800,0.739,0,7,no,HIGH_OVERLAP,REVIEW_SHARED_FAQ;DIFFERENTIATE_MAIN_CONTENT;REWRITE_FOR_CUSTOMER
/24h-umzug-bayern,/bueroumzug-schwabach,service,service,0.250,0.400,0.800,0.739,0,7,no,HIGH_OVERLAP,REVIEW_SHARED_FAQ;DIFFERENTIATE_MAIN_CONTENT;REWRITE_FOR_CUSTOMER
/24h-umzug-bayern,/bueroumzug-schwandorf,service,service,0.111,0.400,0.800,0.683,0,5,no,HIGH_OVERLAP,REVIEW_SHARED_FAQ;DIFFERENTIATE_MAIN_CONTENT;REWRITE_FOR_CUSTOMER
/24h-umzug-bayern,/bueroumzug-schwarzenfeld,service,service,0.250,0.400,0.800,0.739,0,7,no,HIGH_OVERLAP,REVIEW_SHARED_FAQ;DIFFERENTIATE_MAIN_CONTENT;REWRITE_FOR_CUSTOMER
/24h-umzug-bayern,/bueroumzug-schweinfurt,service,service,0.286,0.400,0.800,0.739,0,7,no,HIGH_OVERLAP,REVIEW_SHARED_FAQ;DIFFERENTIATE_MAIN_CONTENT;REWRITE_FOR_CUSTOMER
/24h-umzug-bayern,/bueroumzug-seubersdorf,service,service,0.250,0.400,0.800,0.739,0,7,no,HIGH_OVERLAP,REVIEW_SHARED_FAQ;DIFFERENTIATE_MAIN_CONTENT;REWRITE_FOR_CUSTOMER
/24h-umzug-bayern,/bueroumzug-simbach-am-inn,service,service,0.286,0.400,0.800,0.739,0,7,no,HIGH_OVERLAP,REVIEW_SHARED_FAQ;DIFFERENTIATE_MAIN_CONTENT;REWRITE_FOR_CUSTOMER
/24h-umzug-bayern,/bueroumzug-sinzing,service,service,0.286,0.400,0.800,0.739,0,7,no,HIGH_OVERLAP,REVIEW_SHARED_FAQ;DIFFERENTIATE_MAIN_CONTENT;REWRITE_FOR_CUSTOMER
/24h-umzug-bayern,/bueroumzug-starnberg,service,service,0.286,0.400,0.800,0.674,0,5,no,HIGH_OVERLAP,REVIEW_SHARED_FAQ;DIFFERENTIATE_MAIN_CONTENT;REWRITE_FOR_CUSTOMER
/24h-umzug-bayern,/bueroumzug-steinberg-am-see,service,service,0.286,0.400,0.800,0.739,0,7,no,HIGH_OVERLAP,REVIEW_SHARED_FAQ;DIFFERENTIATE_MAIN_CONTENT;REWRITE_FOR_CUSTOMER
/24h-umzug-bayern,/bueroumzug-straubing,service,service,0.111,0.400,0.800,0.687,0,5,no,HIGH_OVERLAP,REVIEW_SHARED_FAQ;DIFFERENTIATE_MAIN_CONTENT;REWRITE_FOR_CUSTOMER
/24h-umzug-bayern,/bueroumzug-suenching,service,service,0.250,0.400,0.800,0.739,0,7,no,HIGH_OVERLAP,REVIEW_SHARED_FAQ;DIFFERENTIATE_MAIN_CONTENT;REWRITE_FOR_CUSTOMER
/24h-umzug-bayern,/bueroumzug-sulzbach-rosenberg,service,service,0.286,0.400,0.800,0.739,0,7,no,HIGH_OVERLAP,REVIEW_SHARED_FAQ;DIFFERENTIATE_MAIN_CONTENT;REWRITE_FOR_CUSTOMER
/24h-umzug-bayern,/bueroumzug-tegernheim,service,service,0.250,0.400,0.800,0.739,0,7,no,HIGH_OVERLAP,REVIEW_SHARED_FAQ;DIFFERENTIATE_MAIN_CONTENT;REWRITE_FOR_CUSTOMER
/24h-umzug-bayern,/bueroumzug-teublitz,service,service,0.250,0.400,0.800,0.739,0,7,no,HIGH_OVERLAP,REVIEW_SHARED_FAQ;DIFFERENTIATE_MAIN_CONTENT;REWRITE_FOR_CUSTOMER
/24h-umzug-bayern,/bueroumzug-thalmassing,service,service,0.250,0.400,0.800,0.739,0,7,no,HIGH_OVERLAP,REVIEW_SHARED_FAQ;DIFFERENTIATE_MAIN_CONTENT;REWRITE_FOR_CUSTOMER
/24h-umzug-bayern,/bueroumzug-tirschenreuth,service,service,0.250,0.400,0.800,0.739,0,7,no,HIGH_OVERLAP,REVIEW_SHARED_FAQ;DIFFERENTIATE_MAIN_CONTENT;REWRITE_FOR_CUSTOMER
/24h-umzug-bayern,/bueroumzug-unterhaching,service,service,0.250,0.400,0.800,0.739,0,7,no,HIGH_OVERLAP,REVIEW_SHARED_FAQ;DIFFERENTIATE_MAIN_CONTENT;REWRITE_FOR_CUSTOMER
/24h-umzug-bayern,/bueroumzug-velburg,service,service,0.111,0.400,0.800,0.739,0,7,no,HIGH_OVERLAP,REVIEW_SHARED_FAQ;DIFFERENTIATE_MAIN_CONTENT;REWRITE_FOR_CUSTOMER
/24h-umzug-bayern,/bueroumzug-viechtach,service,service,0.111,0.400,0.800,0.739,0,7,no,HIGH_OVERLAP,REVIEW_SHARED_FAQ;DIFFERENTIATE_MAIN_CONTENT;REWRITE_FOR_CUSTOMER
/24h-umzug-bayern,/bueroumzug-vilsbiburg,service,service,0.250,0.400,0.800,0.739,0,7,no,HIGH_OVERLAP,REVIEW_SHARED_FAQ;DIFFERENTIATE_MAIN_CONTENT;REWRITE_FOR_CUSTOMER
/24h-umzug-bayern,/bueroumzug-vilseck,service,service,0.250,0.400,0.800,0.739,0,7,no,HIGH_OVERLAP,REVIEW_SHARED_FAQ;DIFFERENTIATE_MAIN_CONTENT;REWRITE_FOR_CUSTOMER
/24h-umzug-bayern,/bueroumzug-vilshofen,service,service,0.250,0.400,0.800,0.739,0,7,no,HIGH_OVERLAP,REVIEW_SHARED_FAQ;DIFFERENTIATE_MAIN_CONTENT;REWRITE_FOR_CUSTOMER
/24h-umzug-bayern,/bueroumzug-vohburg,service,service,0.250,0.400,0.800,0.739,0,7,no,HIGH_OVERLAP,REVIEW_SHARED_FAQ;DIFFERENTIATE_MAIN_CONTENT;REWRITE_FOR_CUSTOMER
/24h-umzug-bayern,/bueroumzug-vohenstrauss,service,service,0.250,0.400,0.800,0.739,0,7,no,HIGH_OVERLAP,REVIEW_SHARED_FAQ;DIFFERENTIATE_MAIN_CONTENT;REWRITE_FOR_CUSTOMER
/24h-umzug-bayern,/bueroumzug-wackersdorf,service,service,0.250,0.400,0.800,0.739,0,7,no,HIGH_OVERLAP,REVIEW_SHARED_FAQ;DIFFERENTIATE_MAIN_CONTENT;REWRITE_FOR_CUSTOMER
/24h-umzug-bayern,/bueroumzug-waldkirchen,service,service,0.286,0.400,0.800,0.739,0,7,no,HIGH_OVERLAP,REVIEW_SHARED_FAQ;DIFFERENTIATE_MAIN_CONTENT;REWRITE_FOR_CUSTOMER
/24h-umzug-bayern,/bueroumzug-waldmuenchen,service,service,0.250,0.400,0.800,0.674,0,5,no,HIGH_OVERLAP,REVIEW_SHARED_FAQ;DIFFERENTIATE_MAIN_CONTENT;REWRITE_FOR_CUSTOMER
/24h-umzug-bayern,/bueroumzug-weiden,service,service,0.286,0.400,0.800,0.683,0,5,no,HIGH_OVERLAP,REVIEW_SHARED_FAQ;DIFFERENTIATE_MAIN_CONTENT;REWRITE_FOR_CUSTOMER
/24h-umzug-bayern,/bueroumzug-weilheim-in-oberbayern,service,service,0.250,0.400,0.800,0.739,0,7,no,HIGH_OVERLAP,REVIEW_SHARED_FAQ;DIFFERENTIATE_MAIN_CONTENT;REWRITE_FOR_CUSTOMER
/24h-umzug-bayern,/bueroumzug-wendelstein,service,service,0.250,0.400,0.800,0.739,0,7,no,HIGH_OVERLAP,REVIEW_SHARED_FAQ;DIFFERENTIATE_MAIN_CONTENT;REWRITE_FOR_CUSTOMER
/24h-umzug-bayern,/bueroumzug-wenzenbach,service,service,0.111,0.400,0.800,0.739,0,7,no,HIGH_OVERLAP,REVIEW_SHARED_FAQ;DIFFERENTIATE_MAIN_CONTENT;REWRITE_FOR_CUSTOMER
/24h-umzug-bayern,/bueroumzug-wernberg-koeblitz,service,service,0.250,0.400,0.800,0.739,0,7,no,HIGH_OVERLAP,REVIEW_SHARED_FAQ;DIFFERENTIATE_MAIN_CONTENT;REWRITE_FOR_CUSTOMER
/24h-umzug-bayern,/bueroumzug-wiesent,service,service,0.250,0.400,0.800,0.739,0,7,no,HIGH_OVERLAP,REVIEW_SHARED_FAQ;DIFFERENTIATE_MAIN_CONTENT;REWRITE_FOR_CUSTOMER
/24h-umzug-bayern,/bueroumzug-windischeschenbach,service,service,0.111,0.400,0.800,0.739,0,7,no,HIGH_OVERLAP,REVIEW_SHARED_FAQ;DIFFERENTIATE_MAIN_CONTENT;REWRITE_FOR_CUSTOMER
/24h-umzug-bayern,/bueroumzug-woerth-an-der-donau,service,service,0.250,0.400,0.800,0.739,0,7,no,HIGH_OVERLAP,REVIEW_SHARED_FAQ;DIFFERENTIATE_MAIN_CONTENT;REWRITE_FOR_CUSTOMER
/24h-umzug-bayern,/bueroumzug-wolfsegg,service,service,0.250,0.400,0.800,0.739,0,7,no,HIGH_OVERLAP,REVIEW_SHARED_FAQ;DIFFERENTIATE_MAIN_CONTENT;REWRITE_FOR_CUSTOMER
/24h-umzug-bayern,/bueroumzug-wolnzach,service,service,0.286,0.400,0.800,0.739,0,7,no,HIGH_OVERLAP,REVIEW_SHARED_FAQ;DIFFERENTIATE_MAIN_CONTENT;REWRITE_FOR_CUSTOMER
/24h-umzug-bayern,/bueroumzug-zeitlarn,service,service,0.111,0.400,0.800,0.739,0,7,no,HIGH_OVERLAP,REVIEW_SHARED_FAQ;DIFFERENTIATE_MAIN_CONTENT;REWRITE_FOR_CUSTOMER
/24h-umzug-bayern,/bueroumzug-zirndorf,service,service,0.286,0.400,0.800,0.739,0,7,no,HIGH_OVERLAP,REVIEW_SHARED_FAQ;DIFFERENTIATE_MAIN_CONTENT;REWRITE_FOR_CUSTOMER
/24h-umzug-bayern,/bueroumzug-zwiesel,service,service,0.111,0.400,0.800,0.739,0,7,no,HIGH_OVERLAP,REVIEW_SHARED_FAQ;DIFFERENTIATE_MAIN_CONTENT;REWRITE_FOR_CUSTOMER
/24h-umzug-bayern,/kleintransport-regensburg,service,service,0.111,0.111,1.000,0.729,0,6,no,HIGH_OVERLAP,REVIEW_SHARED_FAQ;DIFFERENTIATE_MAIN_CONTENT;REWRITE_FOR_CUSTOMER
/24h-umzug-bayern,/kleintransporte,service,service,0.286,0.400,1.000,0.993,0,9,no,HIGH_OVERLAP,REVIEW_SHARED_FAQ;DIFFERENTIATE_MAIN_CONTENT;REWRITE_FOR_CUSTOMER
/beiladung-regensburg,/bueroumzug-abensberg,service,service,0.125,0.400,0.800,0.660,0,5,no,HIGH_OVERLAP,REVIEW_SHARED_FAQ;DIFFERENTIATE_MAIN_CONTENT;REWRITE_FOR_CUSTOMER
/beiladung-regensburg,/bueroumzug-altdorf-bei-nuernberg,service,service,0.125,0.400,0.800,0.660,0,5,no,HIGH_OVERLAP,REVIEW_SHARED_FAQ;DIFFERENTIATE_MAIN_CONTENT;REWRITE_FOR_CUSTOMER
/beiladung-regensburg,/bueroumzug-alteglofsheim,service,service,0.143,0.400,0.800,0.660,0,5,no,HIGH_OVERLAP,REVIEW_SHARED_FAQ;DIFFERENTIATE_MAIN_CONTENT;REWRITE_FOR_CUSTOMER
/beiladung-regensburg,/bueroumzug-altenthann,service,service,0.125,0.400,0.800,0.660,0,5,no,HIGH_OVERLAP,REVIEW_SHARED_FAQ;DIFFERENTIATE_MAIN_CONTENT;REWRITE_FOR_CUSTOMER
/beiladung-regensburg,/bueroumzug-amberg,service,service,0.125,0.400,0.800,0.723,0,7,no,HIGH_OVERLAP,REVIEW_SHARED_FAQ;DIFFERENTIATE_MAIN_CONTENT;REWRITE_FOR_CUSTOMER
/beiladung-regensburg,/bueroumzug-ansbach,service,service,0.125,0.400,0.800,0.660,0,5,no,HIGH_OVERLAP,REVIEW_SHARED_FAQ;DIFFERENTIATE_MAIN_CONTENT;REWRITE_FOR_CUSTOMER
/beiladung-regensburg,/bueroumzug-auerbach-in-der-oberpfalz,service,service,0.125,0.400,0.800,0.660,0,5,no,HIGH_OVERLAP,REVIEW_SHARED_FAQ;DIFFERENTIATE_MAIN_CONTENT;REWRITE_FOR_CUSTOMER
/blog/anbieter-hat-abgesagt-was-tun,/blog/anfrage-regensburg-richtig-stellen,guide,guide,0.000,0.000,1.000,0.112,0,0,no,HIGH_OVERLAP,REWRITE_FOR_CUSTOMER
/blog/anbieter-hat-abgesagt-was-tun,/blog/angaben-reinigungsangebot-duesseldorf,guide,guide,0.000,0.000,1.000,0.244,0,0,no,HIGH_OVERLAP,REWRITE_FOR_CUSTOMER
/blog/anbieter-hat-abgesagt-was-tun,/blog/angebot-anderer-firma-pruefen-regensburg,guide,guide,0.000,0.000,1.000,0.215,0,0,no,HIGH_OVERLAP,REWRITE_FOR_CUSTOMER
/blog/anbieter-hat-abgesagt-was-tun,/blog/angebot-ohne-besichtigung-riskant,guide,guide,0.000,0.000,1.000,0.249,0,0,no,HIGH_OVERLAP,REWRITE_FOR_CUSTOMER
/blog/anbieter-hat-abgesagt-was-tun,/blog/angebot-pruefen-lassen-wann-floxant-sinnvoll-ist,guide,guide,0.000,0.000,1.000,0.244,0,0,no,HIGH_OVERLAP,REWRITE_FOR_CUSTOMER
/blog/anbieter-hat-abgesagt-was-tun,/blog/angebot-wirkt-zu-teuer-welche-fragen-stellen,guide,guide,0.000,0.000,1.000,0.258,0,0,no,HIGH_OVERLAP,REWRITE_FOR_CUSTOMER
/blog/anbieter-hat-abgesagt-was-tun,/blog/auszug-checkliste-regensburg,guide,guide,0.000,0.000,1.000,0.108,0,0,no,HIGH_OVERLAP,REWRITE_FOR_CUSTOMER
/blog/anbieter-hat-abgesagt-was-tun,/blog/bauendreinigung-baufeinreinigung-unterschied-duesseldorf,guide,guide,0.000,0.000,1.000,0.126,0,0,no,HIGH_OVERLAP,REWRITE_FOR_CUSTOMER
/blog/anbieter-hat-abgesagt-was-tun,/blog/baustaub-nach-renovierung-reihenfolge,guide,guide,0.000,0.000,1.000,0.110,0,0,no,HIGH_OVERLAP,REWRITE_FOR_CUSTOMER
/blog/anbieter-hat-abgesagt-was-tun,/blog/beiladung-bayern-wann-lohnt-es-sich,guide,guide,0.000,0.000,1.000,0.126,0,0,no,HIGH_OVERLAP,REWRITE_FOR_CUSTOMER
/blog/anbieter-hat-abgesagt-was-tun,/blog/berufsumzug-wenig-zeit,guide,guide,0.000,0.000,1.000,0.090,0,0,no,HIGH_OVERLAP,REWRITE_FOR_CUSTOMER
/blog/anbieter-hat-abgesagt-was-tun,/blog/besseres-guenstigeres-angebot-floxant-pruefen,guide,guide,0.000,0.000,1.000,0.228,0,0,no,HIGH_OVERLAP,REWRITE_FOR_CUSTOMER
/blog/anbieter-hat-abgesagt-was-tun,/blog/billige-umzugsangebote-risiko,guide,guide,0.000,0.000,1.000,0.157,0,0,no,HIGH_OVERLAP,REWRITE_FOR_CUSTOMER
/blog/anbieter-hat-abgesagt-was-tun,/blog/budget-planung-umzug-kosten,guide,guide,0.000,0.000,1.000,0.243,0,0,no,HIGH_OVERLAP,REWRITE_FOR_CUSTOMER
/blog/anbieter-hat-abgesagt-was-tun,/blog/buero-praxisreinigung-regensburg-angebot,guide,guide,0.000,0.000,1.000,0.241,0,0,no,HIGH_OVERLAP,REWRITE_FOR_CUSTOMER
/blog/anbieter-hat-abgesagt-was-tun,/blog/buero-reinigen-regensburg-bueroreinigung-angebot,guide,guide,0.000,0.000,1.000,0.200,0,0,no,HIGH_OVERLAP,REWRITE_FOR_CUSTOMER
/blog/anbieter-hat-abgesagt-was-tun,/blog/bueroreinigung-duesseldorf-anfrage,guide,guide,0.000,0.000,1.000,0.256,0,0,no,HIGH_OVERLAP,REWRITE_FOR_CUSTOMER
/blog/anbieter-hat-abgesagt-was-tun,/blog/bueroreinigung-regensburg-angebot-einholen,guide,guide,0.000,0.000,1.000,0.223,0,0,no,HIGH_OVERLAP,REWRITE_FOR_CUSTOMER
/blog/anbieter-hat-abgesagt-was-tun,/blog/bueroumzug-bayern-ohne-betriebsstillstand,guide,guide,0.000,0.000,1.000,0.238,0,0,no,HIGH_OVERLAP,REWRITE_FOR_CUSTOMER
/blog/anbieter-hat-abgesagt-was-tun,/blog/bueroumzug-regensburg-kostenfaktoren-checkliste,guide,guide,0.000,0.000,1.000,0.130,0,0,no,HIGH_OVERLAP,REWRITE_FOR_CUSTOMER
/blog/anbieter-hat-abgesagt-was-tun,/blog/demontage-montage-umzug-anfragen,guide,guide,0.000,0.000,1.000,0.126,0,0,no,HIGH_OVERLAP,REWRITE_FOR_CUSTOMER
/blog/anbieter-hat-abgesagt-was-tun,/blog/direkt-anfragen-statt-vergleichsportal-regensburg,guide,guide,0.000,0.000,1.000,0.240,0,0,no,HIGH_OVERLAP,REWRITE_FOR_CUSTOMER
/blog/anbieter-hat-abgesagt-was-tun,/blog/diskreter-umzug-sensible-situationen,guide,guide,0.000,0.000,1.000,0.087,0,0,no,HIGH_OVERLAP,REWRITE_FOR_CUSTOMER
/blog/anbieter-hat-abgesagt-was-tun,/blog/einlagerung-beim-umzug-wann-sinnvoll,guide,guide,0.000,0.000,1.000,0.142,0,0,no,HIGH_OVERLAP,REWRITE_FOR_CUSTOMER
/blog/anbieter-hat-abgesagt-was-tun,/blog/empfang-kueche-sanitaer-montag,guide,guide,0.000,0.000,1.000,0.113,0,0,no,HIGH_OVERLAP,REWRITE_FOR_CUSTOMER
/blog/anbieter-hat-abgesagt-was-tun,/blog/endreinigung-regensburg-checkliste,guide,guide,0.000,0.000,1.000,0.126,0,0,no,HIGH_OVERLAP,REWRITE_FOR_CUSTOMER
/blog/anbieter-hat-abgesagt-was-tun,/blog/entruempelung-endreinigung-regensburg,guide,guide,0.000,0.000,1.000,0.088,0,0,no,HIGH_OVERLAP,REWRITE_FOR_CUSTOMER
/blog/anbieter-hat-abgesagt-was-tun,/blog/entruempelung-endreinigung-uebergabe-regensburg-kombinieren,guide,guide,0.000,0.000,1.000,0.122,0,0,no,HIGH_OVERLAP,REWRITE_FOR_CUSTOMER
/blog/anbieter-hat-abgesagt-was-tun,/blog/entruempelung-regensburg-angebot-haushaltsaufloesung-pruefen,guide,guide,0.000,0.000,1.000,0.276,0,0,no,HIGH_OVERLAP,REWRITE_FOR_CUSTOMER
/blog/anbieter-hat-abgesagt-was-tun,/blog/entruempelung-vor-wohnungsuebergabe,guide,guide,0.000,0.000,1.000,0.081,0,0,no,HIGH_OVERLAP,REWRITE_FOR_CUSTOMER
/blog/anbieter-hat-abgesagt-was-tun,/blog/entruempelungsangebot-pruefen-serioes,guide,guide,0.000,0.000,1.000,0.267,0,0,no,HIGH_OVERLAP,REWRITE_FOR_CUSTOMER
/blog/anbieter-hat-abgesagt-was-tun,/blog/entruempelungsfirma-regensburg-finden,guide,guide,0.000,0.000,1.000,0.131,0,0,no,HIGH_OVERLAP,REWRITE_FOR_CUSTOMER
/blog/anbieter-hat-abgesagt-was-tun,/blog/entsorgungsangebot-pruefen-regensburg-regensburg,guide,guide,0.000,0.000,1.000,0.256,0,0,no,HIGH_OVERLAP,REWRITE_FOR_CUSTOMER
/blog/anbieter-hat-abgesagt-was-tun,/blog/etage-aufzug-umzugsanfrage,guide,guide,0.000,0.000,1.000,0.127,0,0,no,HIGH_OVERLAP,REWRITE_FOR_CUSTOMER
/blog/anbieter-hat-abgesagt-was-tun,/blog/express-umzug-regensburg,guide,guide,0.000,0.000,1.000,0.136,0,0,no,HIGH_OVERLAP,REWRITE_FOR_CUSTOMER
/blog/anbieter-hat-abgesagt-was-tun,/blog/familienbesuch-ohne-putzpanik,guide,guide,0.000,0.000,1.000,0.108,0,0,no,HIGH_OVERLAP,REWRITE_FOR_CUSTOMER
/blog/anbieter-hat-abgesagt-was-tun,/blog/family-office-umzug-bayern-diskret-abstimmen,guide,guide,0.000,0.000,1.000,0.119,0,0,no,HIGH_OVERLAP,REWRITE_FOR_CUSTOMER
/blog/anbieter-hat-abgesagt-was-tun,/blog/fensterreinigung-hoehe-rahmen-zugang-duesseldorf,guide,guide,0.000,0.000,1.000,0.126,0,0,no,HIGH_OVERLAP,REWRITE_FOR_CUSTOMER
/blog/anbieter-hat-abgesagt-was-tun,/blog/fensterreinigung-regensburg-angebot-aufwand,guide,guide,0.000,0.000,1.000,0.284,0,0,no,HIGH_OVERLAP,REWRITE_FOR_CUSTOMER
/blog/anbieter-hat-abgesagt-was-tun,/blog/firmenentsorgung-buero-inventar-regensburg,guide,guide,0.000,0.000,1.000,0.130,0,0,no,HIGH_OVERLAP,REWRITE_FOR_CUSTOMER
/blog/anbieter-hat-abgesagt-was-tun,/blog/floxant-regensburg-regensburg-wo-taetig,guide,guide,0.000,0.000,1.000,0.120,0,0,no,HIGH_OVERLAP,REWRITE_FOR_CUSTOMER
/blog/anbieter-hat-abgesagt-was-tun,/blog/floxant-services-nach-situation-finden,guide,guide,0.000,0.000,1.000,0.186,0,0,no,HIGH_OVERLAP,REWRITE_FOR_CUSTOMER
/blog/anbieter-hat-abgesagt-was-tun,/blog/fotos-umzugsangebot-regensburg,guide,guide,0.000,0.000,1.000,0.242,0,0,no,HIGH_OVERLAP,REWRITE_FOR_CUSTOMER
/blog/anbieter-hat-abgesagt-was-tun,/blog/geruchsproblem-dokumentieren-statt-ueberdecken,guide,guide,0.000,0.000,1.000,0.107,0,0,no,HIGH_OVERLAP,REWRITE_FOR_CUSTOMER
/blog/anbieter-hat-abgesagt-was-tun,/blog/gerueche-in-wohnung-vor-uebergabe,guide,guide,0.000,0.000,1.000,0.108,0,0,no,HIGH_OVERLAP,REWRITE_FOR_CUSTOMER
/blog/anbieter-hat-abgesagt-was-tun,/blog/gewerbe-auszug-rueckgabevorbereitung,guide,guide,0.000,0.000,1.000,0.089,0,0,no,HIGH_OVERLAP,REWRITE_FOR_CUSTOMER
/blog/anbieter-hat-abgesagt-was-tun,/blog/gewerbeflaechen-vor-wochenstart-vorbereiten,guide,guide,0.000,0.000,1.000,0.114,0,0,no,HIGH_OVERLAP,REWRITE_FOR_CUSTOMER
/blog/anbieter-hat-abgesagt-was-tun,/blog/gewerbereinigung-regensburg-objekte-b2b,guide,guide,0.000,0.000,1.000,0.125,0,0,no,HIGH_OVERLAP,REWRITE_FOR_CUSTOMER
/blog/anbieter-hat-abgesagt-was-tun,/blog/google-maps-buchungslink-regensburg,guide,guide,0.000,0.000,1.000,0.114,0,0,no,HIGH_OVERLAP,REWRITE_FOR_CUSTOMER
/blog/anbieter-hat-abgesagt-was-tun,/blog/google-maps-regensburg-direkt-anfragen,guide,guide,0.000,0.000,1.000,0.120,0,0,no,HIGH_OVERLAP,REWRITE_FOR_CUSTOMER
/blog/anbieter-hat-abgesagt-was-tun,/blog/google-unternehmensprofil-buchungslink-regensburg,guide,guide,0.000,0.000,1.000,0.115,0,0,no,HIGH_OVERLAP,REWRITE_FOR_CUSTOMER
/blog/anbieter-hat-abgesagt-was-tun,/blog/grosse-reinigungsauftraege-regensburg-buero-hotel-praxis,guide,guide,0.071,0.000,1.000,0.121,0,0,no,HIGH_OVERLAP,REWRITE_FOR_CUSTOMER
/blog/anbieter-hat-abgesagt-was-tun,/blog/grundreinigung-bodenreinigung-hauseingang-regensburg,guide,guide,0.000,0.000,1.000,0.067,0,0,no,HIGH_OVERLAP,REWRITE_FOR_CUSTOMER
/blog/anbieter-hat-abgesagt-was-tun,/blog/grundreinigung-oder-unterhaltsreinigung-duesseldorf,guide,guide,0.000,0.000,1.000,0.131,0,0,no,HIGH_OVERLAP,REWRITE_FOR_CUSTOMER
/blog/anbieter-hat-abgesagt-was-tun,/blog/grundreinigung-regensburg-angebot-kosten-pruefen,guide,guide,0.000,0.000,1.000,0.221,0,0,no,HIGH_OVERLAP,REWRITE_FOR_CUSTOMER
/blog/anbieter-hat-abgesagt-was-tun,/blog/guenstiger-umzug-angebot-preiswert-pruefen,guide,guide,0.000,0.000,1.000,0.234,0,0,no,HIGH_OVERLAP,REWRITE_FOR_CUSTOMER
/blog/anbieter-hat-abgesagt-was-tun,/blog/haeufige-gruende-fuer-kautionsabzuege,guide,guide,0.000,0.000,1.000,0.107,0,0,no,HIGH_OVERLAP,REWRITE_FOR_CUSTOMER
/blog/anbieter-hat-abgesagt-was-tun,/blog/haushaltsaufloesung-regensburg-container-mieten-alternative,guide,guide,0.000,0.000,1.000,0.136,0,0,no,HIGH_OVERLAP,REWRITE_FOR_CUSTOMER
/blog/anbieter-hat-abgesagt-was-tun,/blog/hausverwaltung-treppenhausreinigung-regensburg,guide,guide,0.000,0.000,1.000,0.121,0,0,no,HIGH_OVERLAP,REWRITE_FOR_CUSTOMER
/blog/anbieter-hat-abgesagt-was-tun,/blog/hausverwaltung-weg-mieterwechsel-objektbetreuung-floxant,guide,guide,0.000,0.000,1.000,0.134,0,0,no,HIGH_OVERLAP,REWRITE_FOR_CUSTOMER
/blog/anbieter-hat-abgesagt-was-tun,/blog/hidden-dirt-check-vermietertermin-regensburg,guide,guide,0.000,0.000,1.000,0.109,0,0,no,HIGH_OVERLAP,REWRITE_FOR_CUSTOMER
/blog/anbieter-hat-abgesagt-was-tun,/blog/kautionsschutz-vorbereitung,guide,guide,0.000,0.000,1.000,0.083,0,0,no,HIGH_OVERLAP,REWRITE_FOR_CUSTOMER
/blog/anbieter-hat-abgesagt-was-tun,/blog/ki-empfehlung-dienstleister-regensburg-regensburg,guide,guide,0.000,0.000,1.000,0.114,0,0,no,HIGH_OVERLAP,REWRITE_FOR_CUSTOMER
/blog/anbieter-hat-abgesagt-was-tun,/blog/klaviertransport-regensburg-vor-anfrage,guide,guide,0.000,0.000,1.000,0.147,0,0,no,HIGH_OVERLAP,REWRITE_FOR_CUSTOMER
/blog/anbieter-hat-abgesagt-was-tun,/blog/klaviertransport-regensburg-vorbereiten,guide,guide,0.000,0.000,1.000,0.127,0,0,no,HIGH_OVERLAP,REWRITE_FOR_CUSTOMER
/blog/anbieter-hat-abgesagt-was-tun,/blog/kleine-restaufgaben-mental-gross,guide,guide,0.000,0.000,1.000,0.107,0,0,no,HIGH_OVERLAP,REWRITE_FOR_CUSTOMER
/blog/anbieter-hat-abgesagt-was-tun,/blog/kueche-bad-gruendlich-pruefen-ohne-ueberforderung,guide,guide,0.000,0.000,1.000,0.110,0,0,no,HIGH_OVERLAP,REWRITE_FOR_CUSTOMER
/blog/anbieter-hat-abgesagt-was-tun,/blog/kueche-bad-textilien-geruch,guide,guide,0.000,0.000,1.000,0.107,0,0,no,HIGH_OVERLAP,REWRITE_FOR_CUSTOMER
/blog/anbieter-hat-abgesagt-was-tun,/blog/kurzfristige-reinigung-regensburg-24h-realistisch,guide,guide,0.000,0.000,1.000,0.110,0,0,no,HIGH_OVERLAP,REWRITE_FOR_CUSTOMER
/blog/anbieter-hat-abgesagt-was-tun,/blog/leer-rueckfahrt-regensburg-firmen-moebeltransport,guide,guide,0.000,0.000,1.000,0.229,0,0,no,HIGH_OVERLAP,REWRITE_FOR_CUSTOMER
/blog/anbieter-hat-abgesagt-was-tun,/blog/lokaler-dienstleister-regensburg-vorteile,guide,guide,0.000,0.000,1.000,0.119,0,0,no,HIGH_OVERLAP,REWRITE_FOR_CUSTOMER
/blog/anbieter-hat-abgesagt-was-tun,/blog/morgen-besuch-wohnung-vorzeigbar,guide,guide,0.000,0.000,1.000,0.109,0,0,no,HIGH_OVERLAP,REWRITE_FOR_CUSTOMER
/blog/anbieter-hat-abgesagt-was-tun,/blog/nachlassraeumung-mit-respekt,guide,guide,0.000,0.000,1.000,0.088,0,0,no,HIGH_OVERLAP,REWRITE_FOR_CUSTOMER
/blog/anbieter-hat-abgesagt-was-tun,/blog/nicht-vor-ort-paket,guide,guide,0.000,0.000,1.000,0.079,0,0,no,HIGH_OVERLAP,REWRITE_FOR_CUSTOMER
/blog/anbieter-hat-abgesagt-was-tun,/blog/nicht-vor-ort-schluessel-fotos-uebergabe-floxant,guide,guide,0.000,0.000,1.000,0.120,0,0,no,HIGH_OVERLAP,REWRITE_FOR_CUSTOMER
/blog/anbieter-hat-abgesagt-was-tun,/blog/objektservice-hausverwaltung-mieterwechsel-leerstand-floxant,guide,guide,0.000,0.000,1.000,0.132,0,0,no,HIGH_OVERLAP,REWRITE_FOR_CUSTOMER
/blog/anbieter-hat-abgesagt-was-tun,/blog/pauschalpreis-oder-aufwand-angebot-pruefen,guide,guide,0.000,0.000,1.000,0.258,0,0,no,HIGH_OVERLAP,REWRITE_FOR_CUSTOMER
/blog/anbieter-hat-abgesagt-was-tun,/blog/praxisentruempelung-nuernberg-richtig-anfragen,guide,guide,0.000,0.000,1.000,0.134,0,0,no,HIGH_OVERLAP,REWRITE_FOR_CUSTOMER
/blog/anbieter-hat-abgesagt-was-tun,/blog/praxisreinigung-regensburg-angebot-pruefen,guide,guide,0.000,0.000,1.000,0.143,0,0,no,HIGH_OVERLAP,REWRITE_FOR_CUSTOMER
/blog/anbieter-hat-abgesagt-was-tun,/blog/preisrahmen-vorpruefung-statt-festpreis,guide,guide,0.000,0.000,1.000,0.228,0,0,no,HIGH_OVERLAP,REWRITE_FOR_CUSTOMER
/blog/anbieter-hat-abgesagt-was-tun,/blog/preisvorstellung-umzug-anfrage,guide,guide,0.000,0.000,1.000,0.256,0,0,no,HIGH_OVERLAP,REWRITE_FOR_CUSTOMER
/blog/anbieter-hat-abgesagt-was-tun,/blog/private-client-umzug-bayern-diskret-planen,guide,guide,0.000,0.000,1.000,0.121,0,0,no,HIGH_OVERLAP,REWRITE_FOR_CUSTOMER
/blog/anbieter-hat-abgesagt-was-tun,/blog/regensburg-bayern-servicegebiet-richtig-planen,guide,guide,0.000,0.000,1.000,0.233,0,0,no,HIGH_OVERLAP,REWRITE_FOR_CUSTOMER
/blog/anbieter-hat-abgesagt-was-tun,/blog/regensburg-buero-praxis-hausverwaltung-reinigung-anfrage,guide,guide,0.000,0.000,1.000,0.130,0,0,no,HIGH_OVERLAP,REWRITE_FOR_CUSTOMER
/blog/anbieter-hat-abgesagt-was-tun,/blog/regensburg-direkt-buchen-statt-vergleichsportal,guide,guide,0.000,0.000,1.000,0.238,0,0,no,HIGH_OVERLAP,REWRITE_FOR_CUSTOMER
/blog/anbieter-hat-abgesagt-was-tun,/blog/regensburg-reinigung-floxant-klare-trennung,guide,guide,0.000,0.000,1.000,0.134,0,0,no,HIGH_OVERLAP,REWRITE_FOR_CUSTOMER
/blog/anbieter-hat-abgesagt-was-tun,/blog/regensburg-reinigung-services-gewerbe-praxis-hausverwaltung,guide,guide,0.000,0.000,1.000,0.231,0,0,no,HIGH_OVERLAP,REWRITE_FOR_CUSTOMER
/blog/anbieter-hat-abgesagt-was-tun,/blog/regensburg-services-umzug-reinigung-entruempelung-uebergabe,guide,guide,0.000,0.000,1.000,0.129,0,0,no,HIGH_OVERLAP,REWRITE_FOR_CUSTOMER
/blog/anbieter-hat-abgesagt-was-tun,/blog/reinigung-nach-umzug-regensburg-angebot-pruefen,guide,guide,0.000,0.000,1.000,0.248,0,0,no,HIGH_OVERLAP,REWRITE_FOR_CUSTOMER
/blog/anbieter-hat-abgesagt-was-tun,/blog/reinigungsangebot-duesseldorf-klar-vergleichen,guide,guide,0.000,0.000,1.000,0.256,0,0,no,HIGH_OVERLAP,REWRITE_FOR_CUSTOMER
/blog/anbieter-hat-abgesagt-was-tun,/blog/reinigungsangebot-pruefen-regensburg,guide,guide,0.000,0.000,1.000,0.254,0,0,no,HIGH_OVERLAP,REWRITE_FOR_CUSTOMER
/blog/anbieter-hat-abgesagt-was-tun,/blog/reinigungsangebot-regensburg-pruefen,guide,guide,0.000,0.000,1.000,0.268,0,0,no,HIGH_OVERLAP,REWRITE_FOR_CUSTOMER
/blog/anbieter-hat-abgesagt-was-tun,/blog/reinigungsbetrieb-reinigungsunternehmen-regensburg-kosten,guide,guide,0.000,0.000,1.000,0.247,0,0,no,HIGH_OVERLAP,REWRITE_FOR_CUSTOMER
/blog/anbieter-hat-abgesagt-was-tun,/blog/reinigungsergebnis-dokumentieren-regensburg,guide,guide,0.000,0.000,1.000,0.107,0,0,no,HIGH_OVERLAP,REWRITE_FOR_CUSTOMER
/blog/anbieter-hat-abgesagt-was-tun,/blog/reinigungsfirma-regensburg-buero-praxis-auswahl,guide,guide,0.000,0.000,1.000,0.123,0,0,no,HIGH_OVERLAP,REWRITE_FOR_CUSTOMER
/blog/anbieter-hat-abgesagt-was-tun,/blog/reinigungsfirma-regensburg-in-der-naehe-stadtteile,guide,guide,0.000,0.000,1.000,0.145,0,0,no,HIGH_OVERLAP,REWRITE_FOR_CUSTOMER
/blog/anbieter-hat-abgesagt-was-tun,/blog/reinigungsfirma-regensburg-kundennah-anfragen,guide,guide,0.000,0.000,1.000,0.132,0,0,no,HIGH_OVERLAP,REWRITE_FOR_CUSTOMER
/blog/anbieter-hat-abgesagt-was-tun,/blog/reinigungsfirma-regensburg-preise-kosten-angebot-pruefen,guide,guide,0.000,0.000,1.000,0.204,0,0,no,HIGH_OVERLAP,REWRITE_FOR_CUSTOMER
/blog/anbieter-hat-abgesagt-was-tun,/blog/reinigungsunternehmen-regensburg-anbieter-vergleichen,guide,guide,0.000,0.000,1.000,0.207,0,0,no,HIGH_OVERLAP,REWRITE_FOR_CUSTOMER
/blog/anbieter-hat-abgesagt-was-tun,/blog/remote-move-out-service,guide,guide,0.000,0.000,1.000,0.084,0,0,no,HIGH_OVERLAP,REWRITE_FOR_CUSTOMER
/blog/anbieter-hat-abgesagt-was-tun,/blog/reset-nach-party-krankheit-belastung,guide,guide,0.000,0.000,1.000,0.110,0,0,no,HIGH_OVERLAP,REWRITE_FOR_CUSTOMER
/blog/anbieter-hat-abgesagt-was-tun,/blog/saubere-fotos-vor-wohnungsuebergabe,guide,guide,0.000,0.000,1.000,0.106,0,0,no,HIGH_OVERLAP,REWRITE_FOR_CUSTOMER
/blog/anbieter-hat-abgesagt-was-tun,/blog/schlafzimmer-buero-kinderzimmer-ruhiger-sauber,guide,guide,0.000,0.000,1.000,0.114,0,0,no,HIGH_OVERLAP,REWRITE_FOR_CUSTOMER
/blog/anbieter-hat-abgesagt-was-tun,/blog/schluesseluebergabe-ohne-stress,guide,guide,0.000,0.000,1.000,0.133,0,0,no,HIGH_OVERLAP,REWRITE_FOR_CUSTOMER
/blog/anbieter-hat-abgesagt-was-tun,/blog/schluesseluebergabe-service,guide,guide,0.000,0.000,1.000,0.077,0,0,no,HIGH_OVERLAP,REWRITE_FOR_CUSTOMER
/blog/anbieter-hat-abgesagt-was-tun,/blog/schluesseluebergabe-vorbereiten-nicht-vor-ort,guide,guide,0.000,0.000,1.000,0.109,0,0,no,HIGH_OVERLAP,REWRITE_FOR_CUSTOMER
/blog/anbieter-hat-abgesagt-was-tun,/blog/seniorenumzug-fuer-angehoerige,guide,guide,0.000,0.000,1.000,0.087,0,0,no,HIGH_OVERLAP,REWRITE_FOR_CUSTOMER
/blog/anbieter-hat-abgesagt-was-tun,/blog/seniorenumzug-regensburg-angehoerige-vorbereiten,guide,guide,0.000,0.000,1.000,0.142,0,0,no,HIGH_OVERLAP,REWRITE_FOR_CUSTOMER
/blog/anbieter-hat-abgesagt-was-tun,/blog/service-fuer-hausverwaltungen,guide,guide,0.000,0.000,1.000,0.091,0,0,no,HIGH_OVERLAP,REWRITE_FOR_CUSTOMER
/blog/anbieter-hat-abgesagt-was-tun,/blog/service-fuer-makler,guide,guide,0.000,0.000,1.000,0.091,0,0,no,HIGH_OVERLAP,REWRITE_FOR_CUSTOMER
/blog/anbieter-hat-abgesagt-was-tun,/blog/sichtbare-sauberkeit-vermietertermin,guide,guide,0.000,0.000,1.000,0.108,0,0,no,HIGH_OVERLAP,REWRITE_FOR_CUSTOMER
/blog/anbieter-hat-abgesagt-was-tun,/blog/signatur-services-floxant-bayern,guide,guide,0.000,0.000,1.000,0.173,0,0,no,HIGH_OVERLAP,REWRITE_FOR_CUSTOMER
/blog/anbieter-hat-abgesagt-was-tun,/blog/signature-services-extra-spezialfaelle-floxant,guide,guide,0.000,0.000,1.000,0.121,0,0,no,HIGH_OVERLAP,REWRITE_FOR_CUSTOMER
/blog/anbieter-hat-abgesagt-was-tun,/blog/treppenhausreinigung-regensburg-hauseingang-hausverwaltung,guide,guide,0.000,0.000,1.000,0.109,0,0,no,HIGH_OVERLAP,REWRITE_FOR_CUSTOMER
/blog/anbieter-hat-abgesagt-was-tun,/blog/treppenhausreinigung-regensburg-hausverwaltung-angebot,guide,guide,0.000,0.000,1.000,0.242,0,0,no,HIGH_OVERLAP,REWRITE_FOR_CUSTOMER
/blog/anbieter-hat-abgesagt-was-tun,/blog/uebergabe-check-vor-vermietertermin,guide,guide,0.000,0.000,1.000,0.080,0,0,no,HIGH_OVERLAP,REWRITE_FOR_CUSTOMER
/blog/anbieter-hat-abgesagt-was-tun,/blog/umzug-im-alter-erlangen-bamberg-fuerth,guide,guide,0.000,0.000,1.000,0.125,0,0,no,HIGH_OVERLAP,REWRITE_FOR_CUSTOMER
/blog/anbieter-hat-abgesagt-was-tun,/blog/umzug-ist-kein-transportproblem,guide,guide,0.000,0.000,1.000,0.084,0,0,no,HIGH_OVERLAP,REWRITE_FOR_CUSTOMER
/blog/anbieter-hat-abgesagt-was-tun,/blog/umzug-kosten-regensburg,guide,guide,0.000,0.000,1.000,0.253,0,0,no,HIGH_OVERLAP,REWRITE_FOR_CUSTOMER
/blog/anbieter-hat-abgesagt-was-tun,/blog/umzug-mit-reinigung-regensburg,guide,guide,0.000,0.000,1.000,0.128,0,0,no,HIGH_OVERLAP,REWRITE_FOR_CUSTOMER
/blog/anbieter-hat-abgesagt-was-tun,/blog/umzug-muenchen-festpreis-fernumzug-organisieren,guide,guide,0.000,0.000,1.000,0.261,0,0,no,HIGH_OVERLAP,REWRITE_FOR_CUSTOMER
/blog/anbieter-hat-abgesagt-was-tun,/blog/umzug-regensburg-laengere-strecke,guide,guide,0.000,0.000,1.000,0.129,0,0,no,HIGH_OVERLAP,REWRITE_FOR_CUSTOMER
/blog/anbieter-hat-abgesagt-was-tun,/blog/umzug-reinigung-entruempelung-regensburg-koordinieren,guide,guide,0.000,0.000,1.000,0.166,0,0,no,HIGH_OVERLAP,REWRITE_FOR_CUSTOMER
/blog/anbieter-hat-abgesagt-was-tun,/blog/umzug-reinigung-entruempelung-wer-hilft-regensburg,guide,guide,0.000,0.000,1.000,0.210,0,0,no,HIGH_OVERLAP,REWRITE_FOR_CUSTOMER
/blog/anbieter-hat-abgesagt-was-tun,/blog/umzug-reinigung-kombinieren-regensburg,guide,guide,0.000,0.000,1.000,0.126,0,0,no,HIGH_OVERLAP,REWRITE_FOR_CUSTOMER
/blog/anbieter-hat-abgesagt-was-tun,/blog/umzugsangebot-muenchen-pruefen-festpreis-guenstiger,guide,guide,0.000,0.000,1.000,0.275,0,0,no,HIGH_OVERLAP,REWRITE_FOR_CUSTOMER
/blog/anbieter-hat-abgesagt-was-tun,/blog/umzugsangebot-pruefen-regensburg-bayern,guide,guide,0.000,0.000,1.000,0.245,0,0,no,HIGH_OVERLAP,REWRITE_FOR_CUSTOMER
/blog/anbieter-hat-abgesagt-was-tun,/blog/umzugsfirma-regensburg-google-maps-vertrauen,guide,guide,0.000,0.000,1.000,0.116,0,0,no,HIGH_OVERLAP,REWRITE_FOR_CUSTOMER
/blog/anbieter-hat-abgesagt-was-tun,/blog/umzugsunternehmen-regensburg-auswahl,guide,guide,0.000,0.000,1.000,0.235,0,0,no,HIGH_OVERLAP,REWRITE_FOR_CUSTOMER
/blog/anbieter-hat-abgesagt-was-tun,/blog/unterhaltsreinigung-regensburg-buero-praxis-hotel,guide,guide,0.000,0.000,1.000,0.122,0,0,no,HIGH_OVERLAP,REWRITE_FOR_CUSTOMER
/blog/anbieter-hat-abgesagt-was-tun,/blog/versteckter-schmutz-vor-uebergabe,guide,guide,0.000,0.000,1.000,0.111,0,0,no,HIGH_OVERLAP,REWRITE_FOR_CUSTOMER
/blog/anbieter-hat-abgesagt-was-tun,/blog/vertrauliche-hilfe-belastete-raeume,guide,guide,0.000,0.000,1.000,0.109,0,0,no,HIGH_OVERLAP,REWRITE_FOR_CUSTOMER
/blog/anbieter-hat-abgesagt-was-tun,/blog/volumen-risiko-check-umzug,guide,guide,0.000,0.000,1.000,0.146,0,0,no,HIGH_OVERLAP,REWRITE_FOR_CUSTOMER
/blog/anbieter-hat-abgesagt-was-tun,/blog/vor-schluesselabgabe-fertig-sein,guide,guide,0.000,0.000,1.000,0.109,0,0,no,HIGH_OVERLAP,REWRITE_FOR_CUSTOMER
/blog/anbieter-hat-abgesagt-was-tun,/blog/warum-baustaub-wiederkommt,guide,guide,0.000,0.000,1.000,0.110,0,0,no,HIGH_OVERLAP,REWRITE_FOR_CUSTOMER
/blog/anbieter-hat-abgesagt-was-tun,/blog/warum-floxant-die-beste-wahl-ist,guide,guide,0.000,0.000,1.000,0.122,0,0,no,HIGH_OVERLAP,REWRITE_FOR_CUSTOMER
/blog/anbieter-hat-abgesagt-was-tun,/blog/welche-raeume-zaehlen-wenn-zeit-knapp,guide,guide,0.000,0.000,1.000,0.109,0,0,no,HIGH_OVERLAP,REWRITE_FOR_CUSTOMER
/blog/anbieter-hat-abgesagt-was-tun,/blog/welcher-floxant-service-passt,guide,guide,0.000,0.000,1.000,0.173,0,0,no,HIGH_OVERLAP,REWRITE_FOR_CUSTOMER
/blog/anbieter-hat-abgesagt-was-tun,/blog/wenn-besuch-oder-uebergabe-morgen-ist,guide,guide,0.000,0.000,1.000,0.111,0,0,no,HIGH_OVERLAP,REWRITE_FOR_CUSTOMER
/blog/anbieter-hat-abgesagt-was-tun,/blog/wohnung-uebergabebereit-machen,guide,guide,0.000,0.000,1.000,0.091,0,0,no,HIGH_OVERLAP,REWRITE_FOR_CUSTOMER
/blog/anbieter-hat-abgesagt-was-tun,/blog/wohnung-wieder-bewohnbar-bekommen,guide,guide,0.000,0.000,1.000,0.110,0,0,no,HIGH_OVERLAP,REWRITE_FOR_CUSTOMER
/blog/anbieter-hat-abgesagt-was-tun,/blog/wohnungsuebergabe-komplettpaket,guide,guide,0.000,0.000,1.000,0.073,0,0,no,HIGH_OVERLAP,REWRITE_FOR_CUSTOMER
/blog/anbieter-hat-abgesagt-was-tun,/blog/wohnungsuebergabe-ohne-streit,guide,guide,0.000,0.000,1.000,0.108,0,0,no,HIGH_OVERLAP,REWRITE_FOR_CUSTOMER
/blog/anbieter-hat-abgesagt-was-tun,/blog/wohnungsuebergabe-regensburg-vorbereiten,guide,guide,0.000,0.000,1.000,0.089,0,0,no,HIGH_OVERLAP,REWRITE_FOR_CUSTOMER
/blog/anbieter-hat-abgesagt-was-tun,/blog/zehn-angaben-klare-umzugsanfrage-regensburg,guide,guide,0.000,0.000,1.000,0.126,0,0,no,HIGH_OVERLAP,REWRITE_FOR_CUSTOMER
/blog/anfrage-regensburg-richtig-stellen,/blog/angaben-reinigungsangebot-duesseldorf,guide,guide,0.200,0.000,1.000,0.108,0,0,no,HIGH_OVERLAP,REWRITE_FOR_CUSTOMER
/blog/anfrage-regensburg-richtig-stellen,/blog/angebot-anderer-firma-pruefen-regensburg,guide,guide,0.077,0.000,1.000,0.098,0,0,no,HIGH_OVERLAP,REWRITE_FOR_CUSTOMER
/blog/anfrage-regensburg-richtig-stellen,/blog/angebot-ohne-besichtigung-riskant,guide,guide,0.000,0.000,1.000,0.110,0,0,no,HIGH_OVERLAP,REWRITE_FOR_CUSTOMER
/blog/anfrage-regensburg-richtig-stellen,/blog/angebot-pruefen-lassen-wann-floxant-sinnvoll-ist,guide,guide,0.000,0.000,1.000,0.114,0,0,no,HIGH_OVERLAP,REWRITE_FOR_CUSTOMER
/blog/anfrage-regensburg-richtig-stellen,/blog/angebot-wirkt-zu-teuer-welche-fragen-stellen,guide,guide,0.000,0.000,1.000,0.116,0,0,no,HIGH_OVERLAP,REWRITE_FOR_CUSTOMER
/blog/anfrage-regensburg-richtig-stellen,/blog/auszug-checkliste-regensburg,guide,guide,0.100,0.000,1.000,0.100,0,0,no,HIGH_OVERLAP,REWRITE_FOR_CUSTOMER
/blog/anfrage-regensburg-richtig-stellen,/blog/bauendreinigung-baufeinreinigung-unterschied-duesseldorf,guide,guide,0.091,0.000,1.000,0.112,0,0,no,HIGH_OVERLAP,REWRITE_FOR_CUSTOMER
/blog/angaben-reinigungsangebot-duesseldorf,/blog/angebot-anderer-firma-pruefen-regensburg,guide,guide,0.111,0.000,1.000,0.205,0,0,no,HIGH_OVERLAP,REWRITE_FOR_CUSTOMER
/blog/angaben-reinigungsangebot-duesseldorf,/blog/angebot-ohne-besichtigung-riskant,guide,guide,0.000,0.000,1.000,0.237,0,0,no,HIGH_OVERLAP,REWRITE_FOR_CUSTOMER
/blog/angaben-reinigungsangebot-duesseldorf,/blog/angebot-pruefen-lassen-wann-floxant-sinnvoll-ist,guide,guide,0.000,0.000,1.000,0.232,0,0,no,HIGH_OVERLAP,REWRITE_FOR_CUSTOMER
/blog/angaben-reinigungsangebot-duesseldorf,/blog/angebot-wirkt-zu-teuer-welche-fragen-stellen,guide,guide,0.000,0.000,1.000,0.242,0,0,no,HIGH_OVERLAP,REWRITE_FOR_CUSTOMER
/blog/angaben-reinigungsangebot-duesseldorf,/blog/auszug-checkliste-regensburg,guide,guide,0.167,0.000,1.000,0.105,0,0,no,HIGH_OVERLAP,REWRITE_FOR_CUSTOMER
/blog/angaben-reinigungsangebot-duesseldorf,/blog/bauendreinigung-baufeinreinigung-unterschied-duesseldorf,guide,guide,0.143,0.000,1.000,0.215,0,0,no,HIGH_OVERLAP,REWRITE_FOR_CUSTOMER
/blog/angebot-anderer-firma-pruefen-regensburg,/blog/angebot-ohne-besichtigung-riskant,guide,guide,0.111,0.000,1.000,0.211,0,0,no,HIGH_OVERLAP,REWRITE_FOR_CUSTOMER
/blog/angebot-anderer-firma-pruefen-regensburg,/blog/angebot-pruefen-lassen-wann-floxant-sinnvoll-ist,guide,guide,0.429,0.000,1.000,0.208,0,0,no,HIGH_OVERLAP,REWRITE_FOR_CUSTOMER
/blog/angebot-anderer-firma-pruefen-regensburg,/blog/angebot-wirkt-zu-teuer-welche-fragen-stellen,guide,guide,0.077,0.000,1.000,0.223,0,0,no,HIGH_OVERLAP,REWRITE_FOR_CUSTOMER
/blog/angebot-anderer-firma-pruefen-regensburg,/blog/auszug-checkliste-regensburg,guide,guide,0.125,0.000,1.000,0.096,0,0,no,HIGH_OVERLAP,REWRITE_FOR_CUSTOMER
/blog/angebot-anderer-firma-pruefen-regensburg,/blog/bauendreinigung-baufeinreinigung-unterschied-duesseldorf,guide,guide,0.111,0.000,1.000,0.109,0,0,no,HIGH_OVERLAP,REWRITE_FOR_CUSTOMER
/blog/angebot-ohne-besichtigung-riskant,/blog/angebot-pruefen-lassen-wann-floxant-sinnvoll-ist,guide,guide,0.143,0.000,1.000,0.241,0,0,no,HIGH_OVERLAP,REWRITE_FOR_CUSTOMER
/blog/angebot-ohne-besichtigung-riskant,/blog/angebot-wirkt-zu-teuer-welche-fragen-stellen,guide,guide,0.091,0.000,1.000,0.249,0,0,no,HIGH_OVERLAP,REWRITE_FOR_CUSTOMER
/blog/angebot-ohne-besichtigung-riskant,/blog/auszug-checkliste-regensburg,guide,guide,0.000,0.000,1.000,0.107,0,0,no,HIGH_OVERLAP,REWRITE_FOR_CUSTOMER
/blog/angebot-ohne-besichtigung-riskant,/blog/bauendreinigung-baufeinreinigung-unterschied-duesseldorf,guide,guide,0.000,0.000,1.000,0.125,0,0,no,HIGH_OVERLAP,REWRITE_FOR_CUSTOMER
/blog/angebot-pruefen-lassen-wann-floxant-sinnvoll-ist,/blog/angebot-wirkt-zu-teuer-welche-fragen-stellen,guide,guide,0.091,0.000,1.000,0.249,0,0,no,HIGH_OVERLAP,REWRITE_FOR_CUSTOMER
/blog/angebot-pruefen-lassen-wann-floxant-sinnvoll-ist,/blog/bauendreinigung-baufeinreinigung-unterschied-duesseldorf,guide,guide,0.000,0.000,1.000,0.125,0,0,no,HIGH_OVERLAP,REWRITE_FOR_CUSTOMER
/blog/angebot-pruefen-lassen-wann-floxant-sinnvoll-ist,/blog/baustaub-nach-renovierung-reihenfolge,guide,guide,0.000,0.000,1.000,0.110,0,0,no,HIGH_OVERLAP,REWRITE_FOR_CUSTOMER
/blog/angebot-wirkt-zu-teuer-welche-fragen-stellen,/blog/bauendreinigung-baufeinreinigung-unterschied-duesseldorf,guide,guide,0.000,0.000,1.000,0.130,0,0,no,HIGH_OVERLAP,REWRITE_FOR_CUSTOMER
/blog/angebot-wirkt-zu-teuer-welche-fragen-stellen,/blog/baustaub-nach-renovierung-reihenfolge,guide,guide,0.000,0.000,1.000,0.115,0,0,no,HIGH_OVERLAP,REWRITE_FOR_CUSTOMER
/blog/auszug-checkliste-regensburg,/blog/haeufige-gruende-fuer-kautionsabzuege,guide,guide,0.000,0.000,1.000,0.805,0,4,no,HIGH_OVERLAP,REVIEW_SHARED_FAQ;DIFFERENTIATE_MAIN_CONTENT;REWRITE_FOR_CUSTOMER
/blog/auszug-checkliste-regensburg,/blog/wohnungsuebergabe-ohne-streit,guide,guide,0.167,0.000,1.000,0.803,0,4,no,HIGH_OVERLAP,REVIEW_SHARED_FAQ;DIFFERENTIATE_MAIN_CONTENT;REWRITE_FOR_CUSTOMER
/blog/bauendreinigung-baufeinreinigung-unterschied-duesseldorf,/blog/baustaub-nach-renovierung-reihenfolge,guide,guide,0.000,0.000,1.000,0.110,0,0,no,HIGH_OVERLAP,REWRITE_FOR_CUSTOMER
/blog/baustaub-nach-renovierung-reihenfolge,/blog/beiladung-bayern-wann-lohnt-es-sich,guide,guide,0.000,0.000,1.000,0.222,0,0,no,HIGH_OVERLAP,REWRITE_FOR_CUSTOMER
/blog/baustaub-nach-renovierung-reihenfolge,/blog/berufsumzug-wenig-zeit,guide,guide,0.000,0.000,1.000,0.082,0,0,no,HIGH_OVERLAP,REWRITE_FOR_CUSTOMER
/blog/baustaub-nach-renovierung-reihenfolge,/blog/besseres-guenstigeres-angebot-floxant-pruefen,guide,guide,0.000,0.000,1.000,0.101,0,0,no,HIGH_OVERLAP,REWRITE_FOR_CUSTOMER
/blog/baustaub-nach-renovierung-reihenfolge,/blog/warum-baustaub-wiederkommt,guide,guide,0.167,0.000,1.000,0.821,0,0,no,HIGH_OVERLAP,DIFFERENTIATE_MAIN_CONTENT;REWRITE_FOR_CUSTOMER
/blog/beiladung-bayern-wann-lohnt-es-sich,/blog/berufsumzug-wenig-zeit,guide,guide,0.000,0.000,1.000,0.090,0,0,no,HIGH_OVERLAP,REWRITE_FOR_CUSTOMER
/blog/beiladung-bayern-wann-lohnt-es-sich,/blog/besseres-guenstigeres-angebot-floxant-pruefen,guide,guide,0.000,0.000,1.000,0.115,0,0,no,HIGH_OVERLAP,REWRITE_FOR_CUSTOMER
/blog/beiladung-bayern-wann-lohnt-es-sich,/blog/billige-umzugsangebote-risiko,guide,guide,0.000,0.000,1.000,0.084,0,0,no,HIGH_OVERLAP,REWRITE_FOR_CUSTOMER
/blog/beiladung-bayern-wann-lohnt-es-sich,/blog/budget-planung-umzug-kosten,guide,guide,0.100,0.000,1.000,0.130,0,0,no,HIGH_OVERLAP,REWRITE_FOR_CUSTOMER
/blog/beiladung-bayern-wann-lohnt-es-sich,/blog/buero-praxisreinigung-regensburg-angebot,guide,guide,0.111,0.000,1.000,0.119,0,0,no,HIGH_OVERLAP,REWRITE_FOR_CUSTOMER
/blog/beiladung-bayern-wann-lohnt-es-sich,/blog/buero-reinigen-regensburg-bueroreinigung-angebot,guide,guide,0.333,0.000,1.000,0.104,0,0,no,HIGH_OVERLAP,REWRITE_FOR_CUSTOMER
/blog/berufsumzug-wenig-zeit,/blog/besseres-guenstigeres-angebot-floxant-pruefen,guide,guide,0.000,0.000,1.000,0.085,0,0,no,HIGH_OVERLAP,REWRITE_FOR_CUSTOMER
/blog/berufsumzug-wenig-zeit,/blog/billige-umzugsangebote-risiko,guide,guide,0.000,0.000,1.000,0.097,0,0,no,HIGH_OVERLAP,REWRITE_FOR_CUSTOMER
/blog/berufsumzug-wenig-zeit,/blog/budget-planung-umzug-kosten,guide,guide,0.000,0.000,1.000,0.090,0,0,no,HIGH_OVERLAP,REWRITE_FOR_CUSTOMER
/blog/berufsumzug-wenig-zeit,/blog/buero-praxisreinigung-regensburg-angebot,guide,guide,0.000,0.000,1.000,0.088,0,0,no,HIGH_OVERLAP,REWRITE_FOR_CUSTOMER
/blog/berufsumzug-wenig-zeit,/blog/buero-reinigen-regensburg-bueroreinigung-angebot,guide,guide,0.000,0.000,1.000,0.075,0,0,no,HIGH_OVERLAP,REWRITE_FOR_CUSTOMER
/blog/besseres-guenstigeres-angebot-floxant-pruefen,/blog/billige-umzugsangebote-risiko,guide,guide,0.000,0.000,1.000,0.147,0,0,no,HIGH_OVERLAP,REWRITE_FOR_CUSTOMER
/blog/besseres-guenstigeres-angebot-floxant-pruefen,/blog/budget-planung-umzug-kosten,guide,guide,0.000,0.000,1.000,0.219,0,0,no,HIGH_OVERLAP,REWRITE_FOR_CUSTOMER
/blog/besseres-guenstigeres-angebot-floxant-pruefen,/blog/buero-praxisreinigung-regensburg-angebot,guide,guide,0.125,0.000,1.000,0.216,0,0,no,HIGH_OVERLAP,REWRITE_FOR_CUSTOMER
/blog/besseres-guenstigeres-angebot-floxant-pruefen,/blog/buero-reinigen-regensburg-bueroreinigung-angebot,guide,guide,0.100,0.000,1.000,0.186,0,0,no,HIGH_OVERLAP,REWRITE_FOR_CUSTOMER
/blog/billige-umzugsangebote-risiko,/blog/budget-planung-umzug-kosten,guide,guide,0.000,0.000,1.000,0.155,0,0,no,HIGH_OVERLAP,REWRITE_FOR_CUSTOMER
/blog/billige-umzugsangebote-risiko,/blog/buero-praxisreinigung-regensburg-angebot,guide,guide,0.111,0.000,1.000,0.151,0,0,no,HIGH_OVERLAP,REWRITE_FOR_CUSTOMER
/blog/billige-umzugsangebote-risiko,/blog/buero-reinigen-regensburg-bueroreinigung-angebot,guide,guide,0.000,0.000,1.000,0.133,0,0,no,HIGH_OVERLAP,REWRITE_FOR_CUSTOMER
/blog/billige-umzugsangebote-risiko,/blog/bueroreinigung-duesseldorf-anfrage,guide,guide,0.000,0.000,1.000,0.159,0,0,no,HIGH_OVERLAP,REWRITE_FOR_CUSTOMER
/blog/budget-planung-umzug-kosten,/blog/buero-praxisreinigung-regensburg-angebot,guide,guide,0.000,0.000,1.000,0.229,0,0,no,HIGH_OVERLAP,REWRITE_FOR_CUSTOMER
/blog/budget-planung-umzug-kosten,/blog/buero-reinigen-regensburg-bueroreinigung-angebot,guide,guide,0.083,0.000,1.000,0.195,0,0,no,HIGH_OVERLAP,REWRITE_FOR_CUSTOMER
/blog/budget-planung-umzug-kosten,/blog/bueroreinigung-duesseldorf-anfrage,guide,guide,0.111,0.000,1.000,0.252,0,0,no,HIGH_OVERLAP,REWRITE_FOR_CUSTOMER
/blog/buero-praxisreinigung-regensburg-angebot,/blog/buero-reinigen-regensburg-bueroreinigung-angebot,guide,guide,0.200,0.000,1.000,0.190,0,0,no,HIGH_OVERLAP,REWRITE_FOR_CUSTOMER
/blog/buero-praxisreinigung-regensburg-angebot,/blog/bueroreinigung-duesseldorf-anfrage,guide,guide,0.125,0.000,1.000,0.240,0,0,no,HIGH_OVERLAP,REWRITE_FOR_CUSTOMER
/blog/buero-reinigen-regensburg-bueroreinigung-angebot,/blog/bueroreinigung-duesseldorf-anfrage,guide,guide,0.375,0.000,1.000,0.202,0,0,no,HIGH_OVERLAP,REWRITE_FOR_CUSTOMER
/blog/bueroreinigung-duesseldorf-anfrage,/blog/bueroreinigung-regensburg-angebot-einholen,guide,guide,0.333,0.000,1.000,0.231,0,0,no,HIGH_OVERLAP,REWRITE_FOR_CUSTOMER
/blog/bueroreinigung-duesseldorf-anfrage,/blog/bueroumzug-bayern-ohne-betriebsstillstand,guide,guide,0.125,0.000,1.000,0.246,0,0,no,HIGH_OVERLAP,REWRITE_FOR_CUSTOMER
/blog/bueroreinigung-duesseldorf-anfrage,/blog/bueroumzug-regensburg-kostenfaktoren-checkliste,guide,guide,0.143,0.000,1.000,0.136,0,0,no,HIGH_OVERLAP,REWRITE_FOR_CUSTOMER
/blog/bueroreinigung-regensburg-angebot-einholen,/blog/bueroumzug-bayern-ohne-betriebsstillstand,guide,guide,0.182,0.000,1.000,0.222,0,0,no,HIGH_OVERLAP,REWRITE_FOR_CUSTOMER
/blog/bueroreinigung-regensburg-angebot-einholen,/blog/bueroumzug-regensburg-kostenfaktoren-checkliste,guide,guide,0.091,0.000,1.000,0.121,0,0,no,HIGH_OVERLAP,REWRITE_FOR_CUSTOMER
/blog/bueroreinigung-regensburg-angebot-einholen,/blog/demontage-montage-umzug-anfragen,guide,guide,0.077,0.000,1.000,0.116,0,0,no,HIGH_OVERLAP,REWRITE_FOR_CUSTOMER
/blog/bueroreinigung-regensburg-angebot-einholen,/blog/direkt-anfragen-statt-vergleichsportal-regensburg,guide,guide,0.182,0.000,1.000,0.220,0,0,no,HIGH_OVERLAP,REWRITE_FOR_CUSTOMER
/blog/bueroreinigung-regensburg-angebot-einholen,/blog/diskreter-umzug-sensible-situationen,guide,guide,0.083,0.000,1.000,0.082,0,0,no,HIGH_OVERLAP,REWRITE_FOR_CUSTOMER
/blog/bueroreinigung-regensburg-angebot-einholen,/blog/einlagerung-beim-umzug-wann-sinnvoll,guide,guide,0.000,0.000,1.000,0.134,0,0,no,HIGH_OVERLAP,REWRITE_FOR_CUSTOMER
/blog/bueroumzug-bayern-ohne-betriebsstillstand,/blog/bueroumzug-regensburg-kostenfaktoren-checkliste,guide,guide,0.286,0.000,1.000,0.131,0,0,no,HIGH_OVERLAP,REWRITE_FOR_CUSTOMER
/blog/bueroumzug-bayern-ohne-betriebsstillstand,/blog/demontage-montage-umzug-anfragen,guide,guide,0.100,0.000,1.000,0.123,0,0,no,HIGH_OVERLAP,REWRITE_FOR_CUSTOMER
/blog/bueroumzug-bayern-ohne-betriebsstillstand,/blog/direkt-anfragen-statt-vergleichsportal-regensburg,guide,guide,0.111,0.000,1.000,0.234,0,0,no,HIGH_OVERLAP,REWRITE_FOR_CUSTOMER
/blog/bueroumzug-bayern-ohne-betriebsstillstand,/blog/diskreter-umzug-sensible-situationen,guide,guide,0.111,0.000,1.000,0.087,0,0,no,HIGH_OVERLAP,REWRITE_FOR_CUSTOMER
/blog/bueroumzug-bayern-ohne-betriebsstillstand,/blog/einlagerung-beim-umzug-wann-sinnvoll,guide,guide,0.000,0.000,1.000,0.141,0,0,no,HIGH_OVERLAP,REWRITE_FOR_CUSTOMER
/blog/bueroumzug-regensburg-kostenfaktoren-checkliste,/blog/demontage-montage-umzug-anfragen,guide,guide,0.111,0.000,1.000,0.130,0,0,no,HIGH_OVERLAP,REWRITE_FOR_CUSTOMER
/blog/bueroumzug-regensburg-kostenfaktoren-checkliste,/blog/direkt-anfragen-statt-vergleichsportal-regensburg,guide,guide,0.125,0.000,1.000,0.129,0,0,no,HIGH_OVERLAP,REWRITE_FOR_CUSTOMER
/blog/bueroumzug-regensburg-kostenfaktoren-checkliste,/blog/diskreter-umzug-sensible-situationen,guide,guide,0.000,0.000,1.000,0.090,0,0,no,HIGH_OVERLAP,REWRITE_FOR_CUSTOMER
/blog/bueroumzug-regensburg-kostenfaktoren-checkliste,/blog/einlagerung-beim-umzug-wann-sinnvoll,guide,guide,0.000,0.000,1.000,0.279,0,0,no,HIGH_OVERLAP,REWRITE_FOR_CUSTOMER
/blog/demontage-montage-umzug-anfragen,/blog/direkt-anfragen-statt-vergleichsportal-regensburg,guide,guide,0.100,0.000,1.000,0.124,0,0,no,HIGH_OVERLAP,REWRITE_FOR_CUSTOMER
/blog/demontage-montage-umzug-anfragen,/blog/diskreter-umzug-sensible-situationen,guide,guide,0.100,0.000,1.000,0.167,0,0,no,HIGH_OVERLAP,REWRITE_FOR_CUSTOMER
/blog/demontage-montage-umzug-anfragen,/blog/einlagerung-beim-umzug-wann-sinnvoll,guide,guide,0.222,0.000,1.000,0.142,0,0,no,HIGH_OVERLAP,REWRITE_FOR_CUSTOMER
/blog/demontage-montage-umzug-anfragen,/blog/empfang-kueche-sanitaer-montag,guide,guide,0.000,0.000,1.000,0.226,0,0,no,HIGH_OVERLAP,REWRITE_FOR_CUSTOMER
/blog/direkt-anfragen-statt-vergleichsportal-regensburg,/blog/diskreter-umzug-sensible-situationen,guide,guide,0.000,0.000,1.000,0.086,0,0,no,HIGH_OVERLAP,REWRITE_FOR_CUSTOMER
/blog/direkt-anfragen-statt-vergleichsportal-regensburg,/blog/einlagerung-beim-umzug-wann-sinnvoll,guide,guide,0.000,0.000,1.000,0.142,0,0,no,HIGH_OVERLAP,REWRITE_FOR_CUSTOMER
/blog/direkt-anfragen-statt-vergleichsportal-regensburg,/blog/empfang-kueche-sanitaer-montag,guide,guide,0.000,0.000,1.000,0.115,0,0,no,HIGH_OVERLAP,REWRITE_FOR_CUSTOMER
/blog/diskreter-umzug-sensible-situationen,/blog/einlagerung-beim-umzug-wann-sinnvoll,guide,guide,0.111,0.000,1.000,0.094,0,0,no,HIGH_OVERLAP,REWRITE_FOR_CUSTOMER
/blog/diskreter-umzug-sensible-situationen,/blog/empfang-kueche-sanitaer-montag,guide,guide,0.000,0.000,1.000,0.156,0,0,no,HIGH_OVERLAP,REWRITE_FOR_CUSTOMER
/blog/einlagerung-beim-umzug-wann-sinnvoll,/blog/empfang-kueche-sanitaer-montag,guide,guide,0.000,0.000,1.000,0.129,0,0,no,HIGH_OVERLAP,REWRITE_FOR_CUSTOMER
/blog/empfang-kueche-sanitaer-montag,/blog/endreinigung-regensburg-checkliste,guide,guide,0.000,0.000,1.000,0.116,0,0,no,HIGH_OVERLAP,REWRITE_FOR_CUSTOMER
/blog/empfang-kueche-sanitaer-montag,/blog/entruempelung-endreinigung-regensburg,guide,guide,0.000,0.000,1.000,0.082,0,0,no,HIGH_OVERLAP,REWRITE_FOR_CUSTOMER
/blog/empfang-kueche-sanitaer-montag,/blog/entruempelung-endreinigung-uebergabe-regensburg-kombinieren,guide,guide,0.000,0.000,1.000,0.111,0,0,no,HIGH_OVERLAP,REWRITE_FOR_CUSTOMER
/blog/endreinigung-regensburg-checkliste,/blog/entruempelung-endreinigung-regensburg,guide,guide,0.444,0.000,1.000,0.157,0,0,no,HIGH_OVERLAP,REWRITE_FOR_CUSTOMER
/blog/endreinigung-regensburg-checkliste,/blog/entruempelung-endreinigung-uebergabe-regensburg-kombinieren,guide,guide,0.300,0.000,1.000,0.224,0,0,no,HIGH_OVERLAP,REWRITE_FOR_CUSTOMER
/blog/endreinigung-regensburg-checkliste,/blog/entruempelung-regensburg-angebot-haushaltsaufloesung-pruefen,guide,guide,0.091,0.000,1.000,0.138,0,0,no,HIGH_OVERLAP,REWRITE_FOR_CUSTOMER
/blog/endreinigung-regensburg-checkliste,/blog/entruempelung-vor-wohnungsuebergabe,guide,guide,0.000,0.000,1.000,0.145,0,0,no,HIGH_OVERLAP,REWRITE_FOR_CUSTOMER
/blog/endreinigung-regensburg-checkliste,/blog/entruempelungsangebot-pruefen-serioes,guide,guide,0.000,0.000,1.000,0.131,0,0,no,HIGH_OVERLAP,REWRITE_FOR_CUSTOMER
/blog/endreinigung-regensburg-checkliste,/blog/entruempelungsfirma-regensburg-finden,guide,guide,0.100,0.000,1.000,0.127,0,0,no,HIGH_OVERLAP,REWRITE_FOR_CUSTOMER
/blog/entruempelung-endreinigung-regensburg,/blog/entruempelung-endreinigung-uebergabe-regensburg-kombinieren,guide,guide,0.667,0.000,1.000,0.156,0,0,no,HIGH_OVERLAP,REWRITE_FOR_CUSTOMER
/blog/entruempelung-endreinigung-regensburg,/blog/entruempelung-regensburg-angebot-haushaltsaufloesung-pruefen,guide,guide,0.286,0.000,1.000,0.094,0,0,no,HIGH_OVERLAP,REWRITE_FOR_CUSTOMER
/blog/entruempelung-endreinigung-regensburg,/blog/entruempelung-vor-wohnungsuebergabe,guide,guide,0.143,0.000,1.000,0.149,0,0,no,HIGH_OVERLAP,REWRITE_FOR_CUSTOMER
/blog/entruempelung-endreinigung-regensburg,/blog/entruempelungsangebot-pruefen-serioes,guide,guide,0.000,0.000,1.000,0.090,0,0,no,HIGH_OVERLAP,REWRITE_FOR_CUSTOMER
/blog/entruempelung-endreinigung-regensburg,/blog/entruempelungsfirma-regensburg-finden,guide,guide,0.143,0.000,1.000,0.090,0,0,no,HIGH_OVERLAP,REWRITE_FOR_CUSTOMER
/blog/entruempelung-endreinigung-uebergabe-regensburg-kombinieren,/blog/entruempelung-regensburg-angebot-haushaltsaufloesung-pruefen,guide,guide,0.286,0.000,1.000,0.133,0,0,no,HIGH_OVERLAP,REWRITE_FOR_CUSTOMER
/blog/entruempelung-endreinigung-uebergabe-regensburg-kombinieren,/blog/entruempelung-vor-wohnungsuebergabe,guide,guide,0.143,0.000,1.000,0.142,0,0,no,HIGH_OVERLAP,REWRITE_FOR_CUSTOMER
/blog/entruempelung-endreinigung-uebergabe-regensburg-kombinieren,/blog/entruempelungsangebot-pruefen-serioes,guide,guide,0.000,0.000,1.000,0.126,0,0,no,HIGH_OVERLAP,REWRITE_FOR_CUSTOMER
/blog/entruempelung-endreinigung-uebergabe-regensburg-kombinieren,/blog/entruempelungsfirma-regensburg-finden,guide,guide,0.143,0.000,1.000,0.123,0,0,no,HIGH_OVERLAP,REWRITE_FOR_CUSTOMER
/blog/entruempelung-regensburg-angebot-haushaltsaufloesung-pruefen,/blog/entruempelung-vor-wohnungsuebergabe,guide,guide,0.167,0.000,1.000,0.086,0,0,no,HIGH_OVERLAP,REWRITE_FOR_CUSTOMER
/blog/entruempelung-regensburg-angebot-haushaltsaufloesung-pruefen,/blog/entruempelungsangebot-pruefen-serioes,guide,guide,0.200,0.000,1.000,0.292,0,0,no,HIGH_OVERLAP,REWRITE_FOR_CUSTOMER
/blog/entruempelung-regensburg-angebot-haushaltsaufloesung-pruefen,/blog/entruempelungsfirma-regensburg-finden,guide,guide,0.167,0.000,1.000,0.152,0,0,no,HIGH_OVERLAP,REWRITE_FOR_CUSTOMER
/blog/entruempelung-regensburg-angebot-haushaltsaufloesung-pruefen,/blog/entsorgungsangebot-pruefen-regensburg-regensburg,guide,guide,0.400,0.000,1.000,0.275,0,0,no,HIGH_OVERLAP,REWRITE_FOR_CUSTOMER
/blog/entruempelung-vor-wohnungsuebergabe,/blog/entruempelungsangebot-pruefen-serioes,guide,guide,0.000,0.000,1.000,0.083,0,0,no,HIGH_OVERLAP,REWRITE_FOR_CUSTOMER
/blog/entruempelung-vor-wohnungsuebergabe,/blog/entruempelungsfirma-regensburg-finden,guide,guide,0.000,0.000,1.000,0.082,0,0,no,HIGH_OVERLAP,REWRITE_FOR_CUSTOMER
/blog/entruempelung-vor-wohnungsuebergabe,/blog/entsorgungsangebot-pruefen-regensburg-regensburg,guide,guide,0.000,0.000,1.000,0.081,0,0,no,HIGH_OVERLAP,REWRITE_FOR_CUSTOMER
/blog/entruempelungsangebot-pruefen-serioes,/blog/entruempelungsfirma-regensburg-finden,guide,guide,0.000,0.000,1.000,0.135,0,0,no,HIGH_OVERLAP,REWRITE_FOR_CUSTOMER
/blog/entruempelungsangebot-pruefen-serioes,/blog/entsorgungsangebot-pruefen-regensburg-regensburg,guide,guide,0.250,0.000,1.000,0.266,0,0,no,HIGH_OVERLAP,REWRITE_FOR_CUSTOMER
/blog/entruempelungsfirma-regensburg-finden,/blog/entsorgungsangebot-pruefen-regensburg-regensburg,guide,guide,0.200,0.000,1.000,0.130,0,0,no,HIGH_OVERLAP,REWRITE_FOR_CUSTOMER
/blog/entsorgungsangebot-pruefen-regensburg-regensburg,/blog/etage-aufzug-umzugsanfrage,guide,guide,0.000,0.000,1.000,0.126,0,0,no,HIGH_OVERLAP,REWRITE_FOR_CUSTOMER
/blog/entsorgungsangebot-pruefen-regensburg-regensburg,/blog/express-umzug-regensburg,guide,guide,0.125,0.000,1.000,0.136,0,0,no,HIGH_OVERLAP,REWRITE_FOR_CUSTOMER
/blog/entsorgungsangebot-pruefen-regensburg-regensburg,/blog/familienbesuch-ohne-putzpanik,guide,guide,0.000,0.000,1.000,0.108,0,0,no,HIGH_OVERLAP,REWRITE_FOR_CUSTOMER
/blog/etage-aufzug-umzugsanfrage,/blog/express-umzug-regensburg,guide,guide,0.000,0.000,1.000,0.278,0,0,no,HIGH_OVERLAP,REWRITE_FOR_CUSTOMER
/blog/etage-aufzug-umzugsanfrage,/blog/familienbesuch-ohne-putzpanik,guide,guide,0.000,0.000,1.000,0.217,0,0,no,HIGH_OVERLAP,REWRITE_FOR_CUSTOMER
/blog/etage-aufzug-umzugsanfrage,/blog/family-office-umzug-bayern-diskret-abstimmen,guide,guide,0.071,0.000,1.000,0.240,0,0,no,HIGH_OVERLAP,REWRITE_FOR_CUSTOMER
/blog/etage-aufzug-umzugsanfrage,/blog/fensterreinigung-hoehe-rahmen-zugang-duesseldorf,guide,guide,0.000,0.000,1.000,0.234,0,0,no,HIGH_OVERLAP,REWRITE_FOR_CUSTOMER
/blog/etage-aufzug-umzugsanfrage,/blog/fensterreinigung-regensburg-angebot-aufwand,guide,guide,0.000,0.000,1.000,0.142,0,0,no,HIGH_OVERLAP,REWRITE_FOR_CUSTOMER
/blog/etage-aufzug-umzugsanfrage,/blog/firmenentsorgung-buero-inventar-regensburg,guide,guide,0.000,0.000,1.000,0.131,0,0,no,HIGH_OVERLAP,REWRITE_FOR_CUSTOMER
/blog/express-umzug-regensburg,/blog/familienbesuch-ohne-putzpanik,guide,guide,0.000,0.000,1.000,0.236,0,0,no,HIGH_OVERLAP,REWRITE_FOR_CUSTOMER
/blog/express-umzug-regensburg,/blog/family-office-umzug-bayern-diskret-abstimmen,guide,guide,0.154,0.000,1.000,0.263,0,0,no,HIGH_OVERLAP,REWRITE_FOR_CUSTOMER
/blog/express-umzug-regensburg,/blog/fensterreinigung-hoehe-rahmen-zugang-duesseldorf,guide,guide,0.111,0.000,1.000,0.137,0,0,no,HIGH_OVERLAP,REWRITE_FOR_CUSTOMER
/blog/express-umzug-regensburg,/blog/fensterreinigung-regensburg-angebot-aufwand,guide,guide,0.111,0.000,1.000,0.154,0,0,no,HIGH_OVERLAP,REWRITE_FOR_CUSTOMER
/blog/express-umzug-regensburg,/blog/firmenentsorgung-buero-inventar-regensburg,guide,guide,0.111,0.000,1.000,0.145,0,0,no,HIGH_OVERLAP,REWRITE_FOR_CUSTOMER
/blog/familienbesuch-ohne-putzpanik,/blog/family-office-umzug-bayern-diskret-abstimmen,guide,guide,0.000,0.000,1.000,0.209,0,0,no,HIGH_OVERLAP,REWRITE_FOR_CUSTOMER
/blog/familienbesuch-ohne-putzpanik,/blog/morgen-besuch-wohnung-vorzeigbar,guide,guide,0.000,0.000,1.000,0.811,0,4,no,HIGH_OVERLAP,REVIEW_SHARED_FAQ;DIFFERENTIATE_MAIN_CONTENT;REWRITE_FOR_CUSTOMER
/blog/familienbesuch-ohne-putzpanik,/blog/welche-raeume-zaehlen-wenn-zeit-knapp,guide,guide,0.000,0.000,1.000,0.813,0,4,no,HIGH_OVERLAP,REVIEW_SHARED_FAQ;DIFFERENTIATE_MAIN_CONTENT;REWRITE_FOR_CUSTOMER
/blog/family-office-umzug-bayern-diskret-abstimmen,/blog/fensterreinigung-hoehe-rahmen-zugang-duesseldorf,guide,guide,0.083,0.000,1.000,0.120,0,0,no,HIGH_OVERLAP,REWRITE_FOR_CUSTOMER
/blog/family-office-umzug-bayern-diskret-abstimmen,/blog/fensterreinigung-regensburg-angebot-aufwand,guide,guide,0.083,0.000,1.000,0.132,0,0,no,HIGH_OVERLAP,REWRITE_FOR_CUSTOMER
/blog/family-office-umzug-bayern-diskret-abstimmen,/blog/firmenentsorgung-buero-inventar-regensburg,guide,guide,0.083,0.000,1.000,0.126,0,0,no,HIGH_OVERLAP,REWRITE_FOR_CUSTOMER
/blog/family-office-umzug-bayern-diskret-abstimmen,/blog/floxant-regensburg-regensburg-wo-taetig,guide,guide,0.182,0.000,1.000,0.224,0,0,no,HIGH_OVERLAP,REWRITE_FOR_CUSTOMER
/blog/fensterreinigung-hoehe-rahmen-zugang-duesseldorf,/blog/fensterreinigung-regensburg-angebot-aufwand,guide,guide,0.333,0.000,1.000,0.141,0,0,no,HIGH_OVERLAP,REWRITE_FOR_CUSTOMER
/blog/fensterreinigung-hoehe-rahmen-zugang-duesseldorf,/blog/firmenentsorgung-buero-inventar-regensburg,guide,guide,0.143,0.000,1.000,0.244,0,0,no,HIGH_OVERLAP,REWRITE_FOR_CUSTOMER
/blog/fensterreinigung-hoehe-rahmen-zugang-duesseldorf,/blog/floxant-regensburg-regensburg-wo-taetig,guide,guide,0.143,0.000,1.000,0.118,0,0,no,HIGH_OVERLAP,REWRITE_FOR_CUSTOMER
/blog/fensterreinigung-hoehe-rahmen-zugang-duesseldorf,/blog/floxant-services-nach-situation-finden,guide,guide,0.000,0.000,1.000,0.098,0,0,no,HIGH_OVERLAP,REWRITE_FOR_CUSTOMER
/blog/fensterreinigung-regensburg-angebot-aufwand,/blog/firmenentsorgung-buero-inventar-regensburg,guide,guide,0.143,0.000,1.000,0.146,0,0,no,HIGH_OVERLAP,REWRITE_FOR_CUSTOMER
/blog/fensterreinigung-regensburg-angebot-aufwand,/blog/floxant-regensburg-regensburg-wo-taetig,guide,guide,0.143,0.000,1.000,0.133,0,0,no,HIGH_OVERLAP,REWRITE_FOR_CUSTOMER
/blog/fensterreinigung-regensburg-angebot-aufwand,/blog/floxant-services-nach-situation-finden,guide,guide,0.000,0.000,1.000,0.203,0,0,no,HIGH_OVERLAP,REWRITE_FOR_CUSTOMER
/blog/firmenentsorgung-buero-inventar-regensburg,/blog/floxant-regensburg-regensburg-wo-taetig,guide,guide,0.143,0.000,1.000,0.123,0,0,no,HIGH_OVERLAP,REWRITE_FOR_CUSTOMER
/blog/firmenentsorgung-buero-inventar-regensburg,/blog/floxant-services-nach-situation-finden,guide,guide,0.000,0.000,1.000,0.102,0,0,no,HIGH_OVERLAP,REWRITE_FOR_CUSTOMER
/blog/floxant-regensburg-regensburg-wo-taetig,/blog/floxant-services-nach-situation-finden,guide,guide,0.000,0.000,1.000,0.102,0,0,no,HIGH_OVERLAP,REWRITE_FOR_CUSTOMER
/blog/floxant-regensburg-regensburg-wo-taetig,/blog/fotos-umzugsangebot-regensburg,guide,guide,0.111,0.000,1.000,0.117,0,0,no,HIGH_OVERLAP,REWRITE_FOR_CUSTOMER
/blog/floxant-regensburg-regensburg-wo-taetig,/blog/geruchsproblem-dokumentieren-statt-ueberdecken,guide,guide,0.000,0.000,1.000,0.199,0,0,no,HIGH_OVERLAP,REWRITE_FOR_CUSTOMER
/blog/floxant-services-nach-situation-finden,/blog/fotos-umzugsangebot-regensburg,guide,guide,0.000,0.000,1.000,0.181,0,0,no,HIGH_OVERLAP,REWRITE_FOR_CUSTOMER
/blog/floxant-services-nach-situation-finden,/blog/geruchsproblem-dokumentieren-statt-ueberdecken,guide,guide,0.000,0.000,1.000,0.086,0,0,no,HIGH_OVERLAP,REWRITE_FOR_CUSTOMER
/blog/floxant-services-nach-situation-finden,/blog/gerueche-in-wohnung-vor-uebergabe,guide,guide,0.000,0.000,1.000,0.087,0,0,no,HIGH_OVERLAP,REWRITE_FOR_CUSTOMER
/blog/fotos-umzugsangebot-regensburg,/blog/geruchsproblem-dokumentieren-statt-ueberdecken,guide,guide,0.000,0.000,1.000,0.105,0,0,no,HIGH_OVERLAP,REWRITE_FOR_CUSTOMER
/blog/fotos-umzugsangebot-regensburg,/blog/gerueche-in-wohnung-vor-uebergabe,guide,guide,0.000,0.000,1.000,0.107,0,0,no,HIGH_OVERLAP,REWRITE_FOR_CUSTOMER
/blog/fotos-umzugsangebot-regensburg,/blog/gewerbe-auszug-rueckgabevorbereitung,guide,guide,0.000,0.000,1.000,0.088,0,0,no,HIGH_OVERLAP,REWRITE_FOR_CUSTOMER
/blog/fotos-umzugsangebot-regensburg,/blog/gewerbeflaechen-vor-wochenstart-vorbereiten,guide,guide,0.000,0.000,1.000,0.114,0,0,no,HIGH_OVERLAP,REWRITE_FOR_CUSTOMER
/blog/fotos-umzugsangebot-regensburg,/blog/gewerbereinigung-regensburg-objekte-b2b,guide,guide,0.273,0.000,1.000,0.125,0,0,no,HIGH_OVERLAP,REWRITE_FOR_CUSTOMER
/blog/geruchsproblem-dokumentieren-statt-ueberdecken,/blog/gerueche-in-wohnung-vor-uebergabe,guide,guide,0.000,0.000,1.000,0.625,0,4,no,HIGH_OVERLAP,REVIEW_SHARED_FAQ;REWRITE_FOR_CUSTOMER
/blog/geruchsproblem-dokumentieren-statt-ueberdecken,/blog/kueche-bad-textilien-geruch,guide,guide,0.000,0.000,1.000,0.825,0,4,no,HIGH_OVERLAP,REVIEW_SHARED_FAQ;DIFFERENTIATE_MAIN_CONTENT;REWRITE_FOR_CUSTOMER
/blog/gerueche-in-wohnung-vor-uebergabe,/blog/gewerbe-auszug-rueckgabevorbereitung,guide,guide,0.000,0.000,1.000,0.141,0,0,no,HIGH_OVERLAP,REWRITE_FOR_CUSTOMER
/blog/gerueche-in-wohnung-vor-uebergabe,/blog/gewerbeflaechen-vor-wochenstart-vorbereiten,guide,guide,0.000,0.000,1.000,0.324,0,0,no,HIGH_OVERLAP,REWRITE_FOR_CUSTOMER
/blog/gerueche-in-wohnung-vor-uebergabe,/blog/gewerbereinigung-regensburg-objekte-b2b,guide,guide,0.000,0.000,1.000,0.199,0,0,no,HIGH_OVERLAP,REWRITE_FOR_CUSTOMER
/blog/gewerbe-auszug-rueckgabevorbereitung,/blog/gewerbeflaechen-vor-wochenstart-vorbereiten,guide,guide,0.000,0.000,1.000,0.148,0,0,no,HIGH_OVERLAP,REWRITE_FOR_CUSTOMER
/blog/gewerbe-auszug-rueckgabevorbereitung,/blog/gewerbereinigung-regensburg-objekte-b2b,guide,guide,0.000,0.000,1.000,0.158,0,0,no,HIGH_OVERLAP,REWRITE_FOR_CUSTOMER
/blog/gewerbe-auszug-rueckgabevorbereitung,/blog/google-maps-buchungslink-regensburg,guide,guide,0.000,0.000,1.000,0.084,0,0,no,HIGH_OVERLAP,REWRITE_FOR_CUSTOMER
/blog/gewerbe-auszug-rueckgabevorbereitung,/blog/google-maps-regensburg-direkt-anfragen,guide,guide,0.000,0.000,1.000,0.086,0,0,no,HIGH_OVERLAP,REWRITE_FOR_CUSTOMER
/blog/gewerbe-auszug-rueckgabevorbereitung,/blog/google-unternehmensprofil-buchungslink-regensburg,guide,guide,0.000,0.000,1.000,0.084,0,0,no,HIGH_OVERLAP,REWRITE_FOR_CUSTOMER
/blog/gewerbeflaechen-vor-wochenstart-vorbereiten,/blog/gewerbereinigung-regensburg-objekte-b2b,guide,guide,0.000,0.000,1.000,0.214,0,0,no,HIGH_OVERLAP,REWRITE_FOR_CUSTOMER
/blog/gewerbeflaechen-vor-wochenstart-vorbereiten,/blog/google-maps-buchungslink-regensburg,guide,guide,0.000,0.000,1.000,0.107,0,0,no,HIGH_OVERLAP,REWRITE_FOR_CUSTOMER
/blog/gewerbeflaechen-vor-wochenstart-vorbereiten,/blog/google-maps-regensburg-direkt-anfragen,guide,guide,0.000,0.000,1.000,0.114,0,0,no,HIGH_OVERLAP,REWRITE_FOR_CUSTOMER
/blog/gewerbeflaechen-vor-wochenstart-vorbereiten,/blog/google-unternehmensprofil-buchungslink-regensburg,guide,guide,0.000,0.000,1.000,0.108,0,0,no,HIGH_OVERLAP,REWRITE_FOR_CUSTOMER
/blog/gewerbereinigung-regensburg-objekte-b2b,/blog/google-maps-buchungslink-regensburg,guide,guide,0.143,0.000,1.000,0.116,0,0,no,HIGH_OVERLAP,REWRITE_FOR_CUSTOMER
/blog/gewerbereinigung-regensburg-objekte-b2b,/blog/google-maps-regensburg-direkt-anfragen,guide,guide,0.308,0.000,1.000,0.123,0,0,no,HIGH_OVERLAP,REWRITE_FOR_CUSTOMER
/blog/gewerbereinigung-regensburg-objekte-b2b,/blog/google-unternehmensprofil-buchungslink-regensburg,guide,guide,0.167,0.000,1.000,0.118,0,0,no,HIGH_OVERLAP,REWRITE_FOR_CUSTOMER
/blog/google-maps-buchungslink-regensburg,/blog/google-maps-regensburg-direkt-anfragen,guide,guide,0.308,0.000,1.000,0.224,0,0,no,HIGH_OVERLAP,REWRITE_FOR_CUSTOMER
/blog/google-maps-buchungslink-regensburg,/blog/google-unternehmensprofil-buchungslink-regensburg,guide,guide,0.400,0.000,1.000,0.233,0,0,no,HIGH_OVERLAP,REWRITE_FOR_CUSTOMER
/blog/google-maps-buchungslink-regensburg,/blog/grosse-reinigungsauftraege-regensburg-buero-hotel-praxis,guide,guide,0.133,0.000,1.000,0.113,0,0,no,HIGH_OVERLAP,REWRITE_FOR_CUSTOMER
/blog/google-maps-buchungslink-regensburg,/blog/grundreinigung-bodenreinigung-hauseingang-regensburg,guide,guide,0.083,0.000,1.000,0.063,0,0,no,HIGH_OVERLAP,REWRITE_FOR_CUSTOMER
/blog/google-maps-regensburg-direkt-anfragen,/blog/google-unternehmensprofil-buchungslink-regensburg,guide,guide,0.250,0.000,1.000,0.227,0,0,no,HIGH_OVERLAP,REWRITE_FOR_CUSTOMER
/blog/google-maps-regensburg-direkt-anfragen,/blog/grosse-reinigungsauftraege-regensburg-buero-hotel-praxis,guide,guide,0.125,0.000,1.000,0.120,0,0,no,HIGH_OVERLAP,REWRITE_FOR_CUSTOMER
/blog/google-maps-regensburg-direkt-anfragen,/blog/grundreinigung-bodenreinigung-hauseingang-regensburg,guide,guide,0.077,0.000,1.000,0.064,0,0,no,HIGH_OVERLAP,REWRITE_FOR_CUSTOMER
/blog/google-unternehmensprofil-buchungslink-regensburg,/blog/grosse-reinigungsauftraege-regensburg-buero-hotel-praxis,guide,guide,0.154,0.000,1.000,0.115,0,0,no,HIGH_OVERLAP,REWRITE_FOR_CUSTOMER
/blog/google-unternehmensprofil-buchungslink-regensburg,/blog/grundreinigung-bodenreinigung-hauseingang-regensburg,guide,guide,0.100,0.000,1.000,0.063,0,0,no,HIGH_OVERLAP,REWRITE_FOR_CUSTOMER
/blog/grosse-reinigungsauftraege-regensburg-buero-hotel-praxis,/blog/grundreinigung-bodenreinigung-hauseingang-regensburg,guide,guide,0.077,0.000,1.000,0.116,0,0,no,HIGH_OVERLAP,REWRITE_FOR_CUSTOMER
/blog/grosse-reinigungsauftraege-regensburg-buero-hotel-praxis,/blog/grundreinigung-oder-unterhaltsreinigung-duesseldorf,guide,guide,0.083,0.000,1.000,0.234,0,0,no,HIGH_OVERLAP,REWRITE_FOR_CUSTOMER
/blog/grosse-reinigungsauftraege-regensburg-buero-hotel-praxis,/blog/grundreinigung-regensburg-angebot-kosten-pruefen,guide,guide,0.083,0.000,1.000,0.111,0,0,no,HIGH_OVERLAP,REWRITE_FOR_CUSTOMER
/blog/grosse-reinigungsauftraege-regensburg-buero-hotel-praxis,/blog/guenstiger-umzug-angebot-preiswert-pruefen,guide,guide,0.000,0.000,1.000,0.112,0,0,no,HIGH_OVERLAP,REWRITE_FOR_CUSTOMER
/blog/grundreinigung-bodenreinigung-hauseingang-regensburg,/blog/grundreinigung-oder-unterhaltsreinigung-duesseldorf,guide,guide,0.286,0.000,1.000,0.121,0,0,no,HIGH_OVERLAP,REWRITE_FOR_CUSTOMER
/blog/grundreinigung-bodenreinigung-hauseingang-regensburg,/blog/grundreinigung-regensburg-angebot-kosten-pruefen,guide,guide,0.286,0.000,1.000,0.064,0,0,no,HIGH_OVERLAP,REWRITE_FOR_CUSTOMER
/blog/grundreinigung-bodenreinigung-hauseingang-regensburg,/blog/guenstiger-umzug-angebot-preiswert-pruefen,guide,guide,0.000,0.000,1.000,0.064,0,0,no,HIGH_OVERLAP,REWRITE_FOR_CUSTOMER
/blog/grundreinigung-oder-unterhaltsreinigung-duesseldorf,/blog/grundreinigung-regensburg-angebot-kosten-pruefen,guide,guide,0.333,0.000,1.000,0.118,0,0,no,HIGH_OVERLAP,REWRITE_FOR_CUSTOMER
/blog/grundreinigung-oder-unterhaltsreinigung-duesseldorf,/blog/guenstiger-umzug-angebot-preiswert-pruefen,guide,guide,0.000,0.000,1.000,0.120,0,0,no,HIGH_OVERLAP,REWRITE_FOR_CUSTOMER
/blog/grundreinigung-oder-unterhaltsreinigung-duesseldorf,/blog/haeufige-gruende-fuer-kautionsabzuege,guide,guide,0.000,0.000,1.000,0.205,0,0,no,HIGH_OVERLAP,REWRITE_FOR_CUSTOMER
/blog/grundreinigung-oder-unterhaltsreinigung-duesseldorf,/blog/haushaltsaufloesung-regensburg-container-mieten-alternative,guide,guide,0.143,0.000,1.000,0.136,0,0,no,HIGH_OVERLAP,REWRITE_FOR_CUSTOMER
/blog/grundreinigung-oder-unterhaltsreinigung-duesseldorf,/blog/hausverwaltung-treppenhausreinigung-regensburg,guide,guide,0.143,0.000,1.000,0.235,0,0,no,HIGH_OVERLAP,REWRITE_FOR_CUSTOMER
/blog/grundreinigung-regensburg-angebot-kosten-pruefen,/blog/guenstiger-umzug-angebot-preiswert-pruefen,guide,guide,0.333,0.000,1.000,0.203,0,0,no,HIGH_OVERLAP,REWRITE_FOR_CUSTOMER
/blog/grundreinigung-regensburg-angebot-kosten-pruefen,/blog/haeufige-gruende-fuer-kautionsabzuege,guide,guide,0.000,0.000,1.000,0.100,0,0,no,HIGH_OVERLAP,REWRITE_FOR_CUSTOMER
/blog/grundreinigung-regensburg-angebot-kosten-pruefen,/blog/haushaltsaufloesung-regensburg-container-mieten-alternative,guide,guide,0.143,0.000,1.000,0.121,0,0,no,HIGH_OVERLAP,REWRITE_FOR_CUSTOMER
/blog/grundreinigung-regensburg-angebot-kosten-pruefen,/blog/hausverwaltung-treppenhausreinigung-regensburg,guide,guide,0.143,0.000,1.000,0.113,0,0,no,HIGH_OVERLAP,REWRITE_FOR_CUSTOMER
/blog/guenstiger-umzug-angebot-preiswert-pruefen,/blog/haeufige-gruende-fuer-kautionsabzuege,guide,guide,0.000,0.000,1.000,0.100,0,0,no,HIGH_OVERLAP,REWRITE_FOR_CUSTOMER
/blog/guenstiger-umzug-angebot-preiswert-pruefen,/blog/haushaltsaufloesung-regensburg-container-mieten-alternative,guide,guide,0.000,0.000,1.000,0.129,0,0,no,HIGH_OVERLAP,REWRITE_FOR_CUSTOMER
/blog/guenstiger-umzug-angebot-preiswert-pruefen,/blog/hausverwaltung-treppenhausreinigung-regensburg,guide,guide,0.000,0.000,1.000,0.112,0,0,no,HIGH_OVERLAP,REWRITE_FOR_CUSTOMER
/blog/haeufige-gruende-fuer-kautionsabzuege,/blog/haushaltsaufloesung-regensburg-container-mieten-alternative,guide,guide,0.000,0.000,1.000,0.111,0,0,no,HIGH_OVERLAP,REWRITE_FOR_CUSTOMER
/blog/haeufige-gruende-fuer-kautionsabzuege,/blog/hausverwaltung-treppenhausreinigung-regensburg,guide,guide,0.143,0.000,1.000,0.195,0,0,no,HIGH_OVERLAP,REWRITE_FOR_CUSTOMER
/blog/haeufige-gruende-fuer-kautionsabzuege,/blog/hausverwaltung-weg-mieterwechsel-objektbetreuung-floxant,guide,guide,0.000,0.000,1.000,0.208,0,0,no,HIGH_OVERLAP,REWRITE_FOR_CUSTOMER
/blog/haushaltsaufloesung-regensburg-container-mieten-alternative,/blog/hausverwaltung-treppenhausreinigung-regensburg,guide,guide,0.143,0.000,1.000,0.126,0,0,no,HIGH_OVERLAP,REWRITE_FOR_CUSTOMER
/blog/haushaltsaufloesung-regensburg-container-mieten-alternative,/blog/hausverwaltung-weg-mieterwechsel-objektbetreuung-floxant,guide,guide,0.000,0.000,1.000,0.139,0,0,no,HIGH_OVERLAP,REWRITE_FOR_CUSTOMER
/blog/haushaltsaufloesung-regensburg-container-mieten-alternative,/blog/hidden-dirt-check-vermietertermin-regensburg,guide,guide,0.125,0.000,1.000,0.121,0,0,no,HIGH_OVERLAP,REWRITE_FOR_CUSTOMER
/blog/hausverwaltung-treppenhausreinigung-regensburg,/blog/hausverwaltung-weg-mieterwechsel-objektbetreuung-floxant,guide,guide,0.000,0.000,1.000,0.236,0,0,no,HIGH_OVERLAP,REWRITE_FOR_CUSTOMER
/blog/hausverwaltung-treppenhausreinigung-regensburg,/blog/hidden-dirt-check-vermietertermin-regensburg,guide,guide,0.125,0.000,1.000,0.109,0,0,no,HIGH_OVERLAP,REWRITE_FOR_CUSTOMER
/blog/hausverwaltung-weg-mieterwechsel-objektbetreuung-floxant,/blog/hidden-dirt-check-vermietertermin-regensburg,guide,guide,0.000,0.000,1.000,0.116,0,0,no,HIGH_OVERLAP,REWRITE_FOR_CUSTOMER
/blog/hausverwaltung-weg-mieterwechsel-objektbetreuung-floxant,/blog/kautionsschutz-vorbereitung,guide,guide,0.000,0.000,1.000,0.154,0,0,no,HIGH_OVERLAP,REWRITE_FOR_CUSTOMER
/blog/hausverwaltung-weg-mieterwechsel-objektbetreuung-floxant,/blog/ki-empfehlung-dienstleister-regensburg-regensburg,guide,guide,0.000,0.000,1.000,0.121,0,0,no,HIGH_OVERLAP,REWRITE_FOR_CUSTOMER
/blog/hausverwaltung-weg-mieterwechsel-objektbetreuung-floxant,/blog/klaviertransport-regensburg-vor-anfrage,guide,guide,0.000,0.000,1.000,0.145,0,0,no,HIGH_OVERLAP,REWRITE_FOR_CUSTOMER
/blog/hidden-dirt-check-vermietertermin-regensburg,/blog/kautionsschutz-vorbereitung,guide,guide,0.143,0.000,1.000,0.076,0,0,no,HIGH_OVERLAP,REWRITE_FOR_CUSTOMER
/blog/hidden-dirt-check-vermietertermin-regensburg,/blog/kueche-bad-gruendlich-pruefen-ohne-ueberforderung,guide,guide,0.125,0.000,1.000,0.812,0,4,no,HIGH_OVERLAP,REVIEW_SHARED_FAQ;DIFFERENTIATE_MAIN_CONTENT;REWRITE_FOR_CUSTOMER
/blog/hidden-dirt-check-vermietertermin-regensburg,/blog/versteckter-schmutz-vor-uebergabe,guide,guide,0.000,0.000,1.000,0.609,0,4,no,HIGH_OVERLAP,REVIEW_SHARED_FAQ;REWRITE_FOR_CUSTOMER
/blog/kautionsschutz-vorbereitung,/blog/ki-empfehlung-dienstleister-regensburg-regensburg,guide,guide,0.200,0.000,1.000,0.080,0,0,no,HIGH_OVERLAP,REWRITE_FOR_CUSTOMER
/blog/kautionsschutz-vorbereitung,/blog/klaviertransport-regensburg-vor-anfrage,guide,guide,0.200,0.000,1.000,0.087,0,0,no,HIGH_OVERLAP,REWRITE_FOR_CUSTOMER
/blog/kautionsschutz-vorbereitung,/blog/klaviertransport-regensburg-vorbereiten,guide,guide,0.167,0.000,1.000,0.083,0,0,no,HIGH_OVERLAP,REWRITE_FOR_CUSTOMER
/blog/kautionsschutz-vorbereitung,/blog/kleine-restaufgaben-mental-gross,guide,guide,0.000,0.000,1.000,0.075,0,0,no,HIGH_OVERLAP,REWRITE_FOR_CUSTOMER
/blog/kautionsschutz-vorbereitung,/blog/kueche-bad-gruendlich-pruefen-ohne-ueberforderung,guide,guide,0.000,0.000,1.000,0.076,0,0,no,HIGH_OVERLAP,REWRITE_FOR_CUSTOMER
/blog/ki-empfehlung-dienstleister-regensburg-regensburg,/blog/klaviertransport-regensburg-vor-anfrage,guide,guide,0.200,0.000,1.000,0.244,0,0,no,HIGH_OVERLAP,REWRITE_FOR_CUSTOMER
/blog/ki-empfehlung-dienstleister-regensburg-regensburg,/blog/klaviertransport-regensburg-vorbereiten,guide,guide,0.167,0.000,1.000,0.224,0,0,no,HIGH_OVERLAP,REWRITE_FOR_CUSTOMER
/blog/ki-empfehlung-dienstleister-regensburg-regensburg,/blog/kleine-restaufgaben-mental-gross,guide,guide,0.000,0.000,1.000,0.192,0,0,no,HIGH_OVERLAP,REWRITE_FOR_CUSTOMER
/blog/ki-empfehlung-dienstleister-regensburg-regensburg,/blog/kueche-bad-gruendlich-pruefen-ohne-ueberforderung,guide,guide,0.000,0.000,1.000,0.196,0,0,no,HIGH_OVERLAP,REWRITE_FOR_CUSTOMER
/blog/ki-empfehlung-dienstleister-regensburg-regensburg,/blog/kueche-bad-textilien-geruch,guide,guide,0.000,0.000,1.000,0.190,0,0,no,HIGH_OVERLAP,REWRITE_FOR_CUSTOMER
/blog/klaviertransport-regensburg-vor-anfrage,/blog/klaviertransport-regensburg-vorbereiten,guide,guide,0.750,0.000,1.000,0.282,0,0,no,HIGH_OVERLAP,REWRITE_FOR_CUSTOMER
/blog/klaviertransport-regensburg-vor-anfrage,/blog/kleine-restaufgaben-mental-gross,guide,guide,0.000,0.000,1.000,0.231,0,0,no,HIGH_OVERLAP,REWRITE_FOR_CUSTOMER
/blog/klaviertransport-regensburg-vor-anfrage,/blog/kueche-bad-gruendlich-pruefen-ohne-ueberforderung,guide,guide,0.000,0.000,1.000,0.238,0,0,no,HIGH_OVERLAP,REWRITE_FOR_CUSTOMER
/blog/klaviertransport-regensburg-vor-anfrage,/blog/kueche-bad-textilien-geruch,guide,guide,0.000,0.000,1.000,0.228,0,0,no,HIGH_OVERLAP,REWRITE_FOR_CUSTOMER
/blog/klaviertransport-regensburg-vorbereiten,/blog/kleine-restaufgaben-mental-gross,guide,guide,0.000,0.000,1.000,0.216,0,0,no,HIGH_OVERLAP,REWRITE_FOR_CUSTOMER
/blog/klaviertransport-regensburg-vorbereiten,/blog/kueche-bad-gruendlich-pruefen-ohne-ueberforderung,guide,guide,0.000,0.000,1.000,0.221,0,0,no,HIGH_OVERLAP,REWRITE_FOR_CUSTOMER
/blog/klaviertransport-regensburg-vorbereiten,/blog/kueche-bad-textilien-geruch,guide,guide,0.000,0.000,1.000,0.213,0,0,no,HIGH_OVERLAP,REWRITE_FOR_CUSTOMER
/blog/klaviertransport-regensburg-vorbereiten,/blog/kurzfristige-reinigung-regensburg-24h-realistisch,guide,guide,0.111,0.000,1.000,0.112,0,0,no,HIGH_OVERLAP,REWRITE_FOR_CUSTOMER
/blog/kleine-restaufgaben-mental-gross,/blog/reset-nach-party-krankheit-belastung,guide,guide,0.000,0.000,1.000,0.604,0,4,no,HIGH_OVERLAP,REVIEW_SHARED_FAQ;REWRITE_FOR_CUSTOMER
/blog/kleine-restaufgaben-mental-gross,/blog/wohnung-wieder-bewohnbar-bekommen,guide,guide,0.000,0.000,1.000,0.604,0,4,no,HIGH_OVERLAP,REVIEW_SHARED_FAQ;REWRITE_FOR_CUSTOMER
/blog/kueche-bad-gruendlich-pruefen-ohne-ueberforderung,/blog/kueche-bad-textilien-geruch,guide,guide,0.000,0.000,1.000,0.323,0,0,no,HIGH_OVERLAP,REWRITE_FOR_CUSTOMER
/blog/kueche-bad-gruendlich-pruefen-ohne-ueberforderung,/blog/kurzfristige-reinigung-regensburg-24h-realistisch,guide,guide,0.111,0.000,1.000,0.215,0,0,no,HIGH_OVERLAP,REWRITE_FOR_CUSTOMER
/blog/kueche-bad-textilien-geruch,/blog/kurzfristige-reinigung-regensburg-24h-realistisch,guide,guide,0.111,0.000,1.000,0.209,0,0,no,HIGH_OVERLAP,REWRITE_FOR_CUSTOMER
/blog/kueche-bad-textilien-geruch,/blog/leer-rueckfahrt-regensburg-firmen-moebeltransport,guide,guide,0.000,0.000,1.000,0.104,0,0,no,HIGH_OVERLAP,REWRITE_FOR_CUSTOMER
/blog/kurzfristige-reinigung-regensburg-24h-realistisch,/blog/leer-rueckfahrt-regensburg-firmen-moebeltransport,guide,guide,0.091,0.000,1.000,0.107,0,0,no,HIGH_OVERLAP,REWRITE_FOR_CUSTOMER
/blog/kurzfristige-reinigung-regensburg-24h-realistisch,/blog/lokaler-dienstleister-regensburg-vorteile,guide,guide,0.182,0.000,1.000,0.198,0,0,no,HIGH_OVERLAP,REWRITE_FOR_CUSTOMER
/blog/kurzfristige-reinigung-regensburg-24h-realistisch,/blog/morgen-besuch-wohnung-vorzeigbar,guide,guide,0.000,0.000,1.000,0.215,0,0,no,HIGH_OVERLAP,REWRITE_FOR_CUSTOMER
/blog/kurzfristige-reinigung-regensburg-24h-realistisch,/blog/wenn-besuch-oder-uebergabe-morgen-ist,guide,guide,0.111,0.000,1.000,0.797,0,0,no,HIGH_OVERLAP,DIFFERENTIATE_MAIN_CONTENT;REWRITE_FOR_CUSTOMER
/blog/leer-rueckfahrt-regensburg-firmen-moebeltransport,/blog/lokaler-dienstleister-regensburg-vorteile,guide,guide,0.083,0.000,1.000,0.116,0,0,no,HIGH_OVERLAP,REWRITE_FOR_CUSTOMER
/blog/leer-rueckfahrt-regensburg-firmen-moebeltransport,/blog/morgen-besuch-wohnung-vorzeigbar,guide,guide,0.000,0.000,1.000,0.107,0,0,no,HIGH_OVERLAP,REWRITE_FOR_CUSTOMER
/blog/leer-rueckfahrt-regensburg-firmen-moebeltransport,/blog/nachlassraeumung-mit-respekt,guide,guide,0.000,0.000,1.000,0.085,0,0,no,HIGH_OVERLAP,REWRITE_FOR_CUSTOMER
/blog/leer-rueckfahrt-regensburg-firmen-moebeltransport,/blog/nicht-vor-ort-paket,guide,guide,0.100,0.000,1.000,0.076,0,0,no,HIGH_OVERLAP,REWRITE_FOR_CUSTOMER
/blog/leer-rueckfahrt-regensburg-firmen-moebeltransport,/blog/nicht-vor-ort-schluessel-fotos-uebergabe-floxant,guide,guide,0.000,0.000,1.000,0.112,0,0,no,HIGH_OVERLAP,REWRITE_FOR_CUSTOMER
/blog/lokaler-dienstleister-regensburg-vorteile,/blog/morgen-besuch-wohnung-vorzeigbar,guide,guide,0.000,0.000,1.000,0.108,0,0,no,HIGH_OVERLAP,REWRITE_FOR_CUSTOMER
/blog/lokaler-dienstleister-regensburg-vorteile,/blog/nachlassraeumung-mit-respekt,guide,guide,0.000,0.000,1.000,0.085,0,0,no,HIGH_OVERLAP,REWRITE_FOR_CUSTOMER
/blog/lokaler-dienstleister-regensburg-vorteile,/blog/nicht-vor-ort-paket,guide,guide,0.091,0.000,1.000,0.135,0,0,no,HIGH_OVERLAP,REWRITE_FOR_CUSTOMER
/blog/lokaler-dienstleister-regensburg-vorteile,/blog/nicht-vor-ort-schluessel-fotos-uebergabe-floxant,guide,guide,0.000,0.000,1.000,0.206,0,0,no,HIGH_OVERLAP,REWRITE_FOR_CUSTOMER
/blog/lokaler-dienstleister-regensburg-vorteile,/blog/objektservice-hausverwaltung-mieterwechsel-leerstand-floxant,guide,guide,0.000,0.000,1.000,0.122,0,0,no,HIGH_OVERLAP,REWRITE_FOR_CUSTOMER
/blog/morgen-besuch-wohnung-vorzeigbar,/blog/nachlassraeumung-mit-respekt,guide,guide,0.000,0.000,1.000,0.085,0,0,no,HIGH_OVERLAP,REWRITE_FOR_CUSTOMER
/blog/morgen-besuch-wohnung-vorzeigbar,/blog/nicht-vor-ort-paket,guide,guide,0.000,0.000,1.000,0.072,0,0,no,HIGH_OVERLAP,REWRITE_FOR_CUSTOMER
/blog/morgen-besuch-wohnung-vorzeigbar,/blog/nicht-vor-ort-schluessel-fotos-uebergabe-floxant,guide,guide,0.000,0.000,1.000,0.104,0,0,no,HIGH_OVERLAP,REWRITE_FOR_CUSTOMER
/blog/nachlassraeumung-mit-respekt,/blog/nicht-vor-ort-paket,guide,guide,0.000,0.000,1.000,0.093,0,0,no,HIGH_OVERLAP,REWRITE_FOR_CUSTOMER
/blog/nachlassraeumung-mit-respekt,/blog/nicht-vor-ort-schluessel-fotos-uebergabe-floxant,guide,guide,0.000,0.000,1.000,0.086,0,0,no,HIGH_OVERLAP,REWRITE_FOR_CUSTOMER
/blog/nachlassraeumung-mit-respekt,/blog/objektservice-hausverwaltung-mieterwechsel-leerstand-floxant,guide,guide,0.000,0.000,1.000,0.098,0,0,no,HIGH_OVERLAP,REWRITE_FOR_CUSTOMER
/blog/nachlassraeumung-mit-respekt,/blog/pauschalpreis-oder-aufwand-angebot-pruefen,guide,guide,0.000,0.000,1.000,0.089,0,0,no,HIGH_OVERLAP,REWRITE_FOR_CUSTOMER
/blog/nicht-vor-ort-paket,/blog/nicht-vor-ort-schluessel-fotos-uebergabe-floxant,guide,guide,0.300,0.000,1.000,0.139,0,0,no,HIGH_OVERLAP,REWRITE_FOR_CUSTOMER
/blog/nicht-vor-ort-paket,/blog/objektservice-hausverwaltung-mieterwechsel-leerstand-floxant,guide,guide,0.000,0.000,1.000,0.082,0,0,no,HIGH_OVERLAP,REWRITE_FOR_CUSTOMER
/blog/nicht-vor-ort-paket,/blog/pauschalpreis-oder-aufwand-angebot-pruefen,guide,guide,0.000,0.000,1.000,0.079,0,0,no,HIGH_OVERLAP,REWRITE_FOR_CUSTOMER
/blog/nicht-vor-ort-schluessel-fotos-uebergabe-floxant,/blog/objektservice-hausverwaltung-mieterwechsel-leerstand-floxant,guide,guide,0.000,0.000,1.000,0.127,0,0,no,HIGH_OVERLAP,REWRITE_FOR_CUSTOMER
/blog/nicht-vor-ort-schluessel-fotos-uebergabe-floxant,/blog/pauschalpreis-oder-aufwand-angebot-pruefen,guide,guide,0.000,0.000,1.000,0.120,0,0,no,HIGH_OVERLAP,REWRITE_FOR_CUSTOMER
/blog/objektservice-hausverwaltung-mieterwechsel-leerstand-floxant,/blog/pauschalpreis-oder-aufwand-angebot-pruefen,guide,guide,0.000,0.000,1.000,0.131,0,0,no,HIGH_OVERLAP,REWRITE_FOR_CUSTOMER
/blog/objektservice-hausverwaltung-mieterwechsel-leerstand-floxant,/blog/praxisentruempelung-nuernberg-richtig-anfragen,guide,guide,0.000,0.000,1.000,0.140,0,0,no,HIGH_OVERLAP,REWRITE_FOR_CUSTOMER
/blog/objektservice-hausverwaltung-mieterwechsel-leerstand-floxant,/blog/praxisreinigung-regensburg-angebot-pruefen,guide,guide,0.000,0.000,1.000,0.139,0,0,no,HIGH_OVERLAP,REWRITE_FOR_CUSTOMER
/blog/pauschalpreis-oder-aufwand-angebot-pruefen,/blog/praxisentruempelung-nuernberg-richtig-anfragen,guide,guide,0.000,0.000,1.000,0.135,0,0,no,HIGH_OVERLAP,REWRITE_FOR_CUSTOMER
/blog/pauschalpreis-oder-aufwand-angebot-pruefen,/blog/praxisreinigung-regensburg-angebot-pruefen,guide,guide,0.286,0.000,1.000,0.143,0,0,no,HIGH_OVERLAP,REWRITE_FOR_CUSTOMER
/blog/pauschalpreis-oder-aufwand-angebot-pruefen,/blog/preisrahmen-vorpruefung-statt-festpreis,guide,guide,0.000,0.000,1.000,0.230,0,0,no,HIGH_OVERLAP,REWRITE_FOR_CUSTOMER
/blog/praxisentruempelung-nuernberg-richtig-anfragen,/blog/praxisreinigung-regensburg-angebot-pruefen,guide,guide,0.143,0.000,1.000,0.150,0,0,no,HIGH_OVERLAP,REWRITE_FOR_CUSTOMER
/blog/praxisentruempelung-nuernberg-richtig-anfragen,/blog/preisrahmen-vorpruefung-statt-festpreis,guide,guide,0.000,0.000,1.000,0.119,0,0,no,HIGH_OVERLAP,REWRITE_FOR_CUSTOMER
/blog/praxisentruempelung-nuernberg-richtig-anfragen,/blog/preisvorstellung-umzug-anfrage,guide,guide,0.111,0.000,1.000,0.131,0,0,no,HIGH_OVERLAP,REWRITE_FOR_CUSTOMER
/blog/praxisentruempelung-nuernberg-richtig-anfragen,/blog/private-client-umzug-bayern-diskret-planen,guide,guide,0.111,0.000,1.000,0.130,0,0,no,HIGH_OVERLAP,REWRITE_FOR_CUSTOMER
/blog/praxisentruempelung-nuernberg-richtig-anfragen,/blog/regensburg-bayern-servicegebiet-richtig-planen,guide,guide,0.333,0.000,1.000,0.121,0,0,no,HIGH_OVERLAP,REWRITE_FOR_CUSTOMER
/blog/praxisreinigung-regensburg-angebot-pruefen,/blog/preisrahmen-vorpruefung-statt-festpreis,guide,guide,0.000,0.000,1.000,0.126,0,0,no,HIGH_OVERLAP,REWRITE_FOR_CUSTOMER
/blog/praxisreinigung-regensburg-angebot-pruefen,/blog/preisvorstellung-umzug-anfrage,guide,guide,0.000,0.000,1.000,0.140,0,0,no,HIGH_OVERLAP,REWRITE_FOR_CUSTOMER
/blog/praxisreinigung-regensburg-angebot-pruefen,/blog/private-client-umzug-bayern-diskret-planen,guide,guide,0.111,0.000,1.000,0.129,0,0,no,HIGH_OVERLAP,REWRITE_FOR_CUSTOMER
/blog/praxisreinigung-regensburg-angebot-pruefen,/blog/regensburg-bayern-servicegebiet-richtig-planen,guide,guide,0.143,0.000,1.000,0.128,0,0,no,HIGH_OVERLAP,REWRITE_FOR_CUSTOMER
/blog/preisrahmen-vorpruefung-statt-festpreis,/blog/preisvorstellung-umzug-anfrage,guide,guide,0.000,0.000,1.000,0.241,0,0,no,HIGH_OVERLAP,REWRITE_FOR_CUSTOMER
/blog/preisrahmen-vorpruefung-statt-festpreis,/blog/private-client-umzug-bayern-diskret-planen,guide,guide,0.000,0.000,1.000,0.117,0,0,no,HIGH_OVERLAP,REWRITE_FOR_CUSTOMER
/blog/preisrahmen-vorpruefung-statt-festpreis,/blog/regensburg-bayern-servicegebiet-richtig-planen,guide,guide,0.000,0.000,1.000,0.223,0,0,no,HIGH_OVERLAP,REWRITE_FOR_CUSTOMER
/blog/preisrahmen-vorpruefung-statt-festpreis,/blog/regensburg-buero-praxis-hausverwaltung-reinigung-anfrage,guide,guide,0.000,0.000,1.000,0.122,0,0,no,HIGH_OVERLAP,REWRITE_FOR_CUSTOMER
/blog/preisvorstellung-umzug-anfrage,/blog/private-client-umzug-bayern-diskret-planen,guide,guide,0.000,0.000,1.000,0.129,0,0,no,HIGH_OVERLAP,REWRITE_FOR_CUSTOMER
/blog/preisvorstellung-umzug-anfrage,/blog/regensburg-bayern-servicegebiet-richtig-planen,guide,guide,0.111,0.000,1.000,0.246,0,0,no,HIGH_OVERLAP,REWRITE_FOR_CUSTOMER
/blog/preisvorstellung-umzug-anfrage,/blog/regensburg-buero-praxis-hausverwaltung-reinigung-anfrage,guide,guide,0.000,0.000,1.000,0.133,0,0,no,HIGH_OVERLAP,REWRITE_FOR_CUSTOMER
/blog/preisvorstellung-umzug-anfrage,/blog/regensburg-direkt-buchen-statt-vergleichsportal,guide,guide,0.000,0.000,1.000,0.251,0,0,no,HIGH_OVERLAP,REWRITE_FOR_CUSTOMER
/blog/private-client-umzug-bayern-diskret-planen,/blog/regensburg-bayern-servicegebiet-richtig-planen,guide,guide,0.111,0.000,1.000,0.119,0,0,no,HIGH_OVERLAP,REWRITE_FOR_CUSTOMER
/blog/private-client-umzug-bayern-diskret-planen,/blog/regensburg-buero-praxis-hausverwaltung-reinigung-anfrage,guide,guide,0.111,0.000,1.000,0.124,0,0,no,HIGH_OVERLAP,REWRITE_FOR_CUSTOMER
/blog/private-client-umzug-bayern-diskret-planen,/blog/regensburg-direkt-buchen-statt-vergleichsportal,guide,guide,0.154,0.000,1.000,0.121,0,0,no,HIGH_OVERLAP,REWRITE_FOR_CUSTOMER
/blog/regensburg-bayern-servicegebiet-richtig-planen,/blog/regensburg-buero-praxis-hausverwaltung-reinigung-anfrage,guide,guide,0.143,0.000,1.000,0.124,0,0,no,HIGH_OVERLAP,REWRITE_FOR_CUSTOMER
/blog/regensburg-bayern-servicegebiet-richtig-planen,/blog/regensburg-direkt-buchen-statt-vergleichsportal,guide,guide,0.083,0.000,1.000,0.231,0,0,no,HIGH_OVERLAP,REWRITE_FOR_CUSTOMER
/blog/regensburg-buero-praxis-hausverwaltung-reinigung-anfrage,/blog/regensburg-direkt-buchen-statt-vergleichsportal,guide,guide,0.083,0.000,1.000,0.126,0,0,no,HIGH_OVERLAP,REWRITE_FOR_CUSTOMER
/blog/regensburg-buero-praxis-hausverwaltung-reinigung-anfrage,/blog/regensburg-reinigung-floxant-klare-trennung,guide,guide,0.143,0.000,1.000,0.254,0,0,no,HIGH_OVERLAP,REWRITE_FOR_CUSTOMER
/blog/regensburg-buero-praxis-hausverwaltung-reinigung-anfrage,/blog/regensburg-reinigung-services-gewerbe-praxis-hausverwaltung,guide,guide,0.222,0.000,1.000,0.123,0,0,no,HIGH_OVERLAP,REWRITE_FOR_CUSTOMER
/blog/regensburg-direkt-buchen-statt-vergleichsportal,/blog/regensburg-reinigung-floxant-klare-trennung,guide,guide,0.083,0.000,1.000,0.129,0,0,no,HIGH_OVERLAP,REWRITE_FOR_CUSTOMER
/blog/regensburg-direkt-buchen-statt-vergleichsportal,/blog/regensburg-reinigung-services-gewerbe-praxis-hausverwaltung,guide,guide,0.067,0.000,1.000,0.215,0,0,no,HIGH_OVERLAP,REWRITE_FOR_CUSTOMER
/blog/regensburg-direkt-buchen-statt-vergleichsportal,/blog/regensburg-services-umzug-reinigung-entruempelung-uebergabe,guide,guide,0.167,0.000,1.000,0.126,0,0,no,HIGH_OVERLAP,REWRITE_FOR_CUSTOMER
/blog/regensburg-reinigung-floxant-klare-trennung,/blog/regensburg-reinigung-services-gewerbe-praxis-hausverwaltung,guide,guide,0.222,0.000,1.000,0.128,0,0,no,HIGH_OVERLAP,REWRITE_FOR_CUSTOMER
/blog/regensburg-reinigung-floxant-klare-trennung,/blog/regensburg-services-umzug-reinigung-entruempelung-uebergabe,guide,guide,0.125,0.000,1.000,0.250,0,0,no,HIGH_OVERLAP,REWRITE_FOR_CUSTOMER
/blog/regensburg-reinigung-floxant-klare-trennung,/blog/reinigung-nach-umzug-regensburg-angebot-pruefen,guide,guide,0.250,0.000,1.000,0.130,0,0,no,HIGH_OVERLAP,REWRITE_FOR_CUSTOMER
/blog/regensburg-reinigung-floxant-klare-trennung,/blog/reinigungsangebot-duesseldorf-klar-vergleichen,guide,guide,0.333,0.000,1.000,0.133,0,0,no,HIGH_OVERLAP,REWRITE_FOR_CUSTOMER
/blog/regensburg-reinigung-floxant-klare-trennung,/blog/reinigungsangebot-pruefen-regensburg,guide,guide,0.167,0.000,1.000,0.133,0,0,no,HIGH_OVERLAP,REWRITE_FOR_CUSTOMER
/blog/regensburg-reinigung-services-gewerbe-praxis-hausverwaltung,/blog/regensburg-services-umzug-reinigung-entruempelung-uebergabe,guide,guide,0.200,0.000,1.000,0.118,0,0,no,HIGH_OVERLAP,REWRITE_FOR_CUSTOMER
/blog/regensburg-reinigung-services-gewerbe-praxis-hausverwaltung,/blog/reinigung-nach-umzug-regensburg-angebot-pruefen,guide,guide,0.182,0.000,1.000,0.229,0,0,no,HIGH_OVERLAP,REWRITE_FOR_CUSTOMER
/blog/regensburg-reinigung-services-gewerbe-praxis-hausverwaltung,/blog/reinigungsangebot-duesseldorf-klar-vergleichen,guide,guide,0.100,0.000,1.000,0.234,0,0,no,HIGH_OVERLAP,REWRITE_FOR_CUSTOMER
/blog/regensburg-reinigung-services-gewerbe-praxis-hausverwaltung,/blog/reinigungsangebot-pruefen-regensburg,guide,guide,0.111,0.000,1.000,0.233,0,0,no,HIGH_OVERLAP,REWRITE_FOR_CUSTOMER
/blog/regensburg-services-umzug-reinigung-entruempelung-uebergabe,/blog/reinigung-nach-umzug-regensburg-angebot-pruefen,guide,guide,0.100,0.000,1.000,0.125,0,0,no,HIGH_OVERLAP,REWRITE_FOR_CUSTOMER
/blog/regensburg-services-umzug-reinigung-entruempelung-uebergabe,/blog/reinigungsangebot-duesseldorf-klar-vergleichen,guide,guide,0.125,0.000,1.000,0.128,0,0,no,HIGH_OVERLAP,REWRITE_FOR_CUSTOMER
/blog/regensburg-services-umzug-reinigung-entruempelung-uebergabe,/blog/reinigungsangebot-pruefen-regensburg,guide,guide,0.143,0.000,1.000,0.128,0,0,no,HIGH_OVERLAP,REWRITE_FOR_CUSTOMER
/blog/regensburg-services-umzug-reinigung-entruempelung-uebergabe,/blog/reinigungsangebot-regensburg-pruefen,guide,guide,0.143,0.000,1.000,0.136,0,0,no,HIGH_OVERLAP,REWRITE_FOR_CUSTOMER
/blog/reinigung-nach-umzug-regensburg-angebot-pruefen,/blog/reinigungsangebot-duesseldorf-klar-vergleichen,guide,guide,0.111,0.000,1.000,0.251,0,0,no,HIGH_OVERLAP,REWRITE_FOR_CUSTOMER
/blog/reinigung-nach-umzug-regensburg-angebot-pruefen,/blog/reinigungsangebot-pruefen-regensburg,guide,guide,0.286,0.000,1.000,0.251,0,0,no,HIGH_OVERLAP,REWRITE_FOR_CUSTOMER
/blog/reinigung-nach-umzug-regensburg-angebot-pruefen,/blog/reinigungsangebot-regensburg-pruefen,guide,guide,0.286,0.000,1.000,0.259,0,0,no,HIGH_OVERLAP,REWRITE_FOR_CUSTOMER
/blog/reinigung-nach-umzug-regensburg-angebot-pruefen,/blog/reinigungsbetrieb-reinigungsunternehmen-regensburg-kosten,guide,guide,0.286,0.000,1.000,0.248,0,0,no,HIGH_OVERLAP,REWRITE_FOR_CUSTOMER
/blog/reinigungsangebot-duesseldorf-klar-vergleichen,/blog/reinigungsangebot-pruefen-regensburg,guide,guide,0.400,0.000,1.000,0.257,0,0,no,HIGH_OVERLAP,REWRITE_FOR_CUSTOMER
/blog/reinigungsangebot-duesseldorf-klar-vergleichen,/blog/reinigungsangebot-regensburg-pruefen,guide,guide,0.400,0.000,1.000,0.268,0,0,no,HIGH_OVERLAP,REWRITE_FOR_CUSTOMER
/blog/reinigungsangebot-duesseldorf-klar-vergleichen,/blog/reinigungsbetrieb-reinigungsunternehmen-regensburg-kosten,guide,guide,0.167,0.000,1.000,0.250,0,0,no,HIGH_OVERLAP,REWRITE_FOR_CUSTOMER
/blog/reinigungsangebot-pruefen-regensburg,/blog/reinigungsangebot-regensburg-pruefen,guide,guide,1.000,0.000,1.000,0.269,0,0,no,HIGH_OVERLAP,REWRITE_FOR_CUSTOMER
/blog/reinigungsangebot-pruefen-regensburg,/blog/reinigungsbetrieb-reinigungsunternehmen-regensburg-kosten,guide,guide,0.200,0.000,1.000,0.251,0,0,no,HIGH_OVERLAP,REWRITE_FOR_CUSTOMER
/blog/reinigungsangebot-regensburg-pruefen,/blog/reinigungsbetrieb-reinigungsunternehmen-regensburg-kosten,guide,guide,0.200,0.000,1.000,0.257,0,0,no,HIGH_OVERLAP,REWRITE_FOR_CUSTOMER
/blog/reinigungsangebot-regensburg-pruefen,/blog/reinigungsergebnis-dokumentieren-regensburg,guide,guide,0.200,0.000,1.000,0.112,0,0,no,HIGH_OVERLAP,REWRITE_FOR_CUSTOMER
/blog/reinigungsangebot-regensburg-pruefen,/blog/reinigungsfirma-regensburg-buero-praxis-auswahl,guide,guide,0.100,0.000,1.000,0.129,0,0,no,HIGH_OVERLAP,REWRITE_FOR_CUSTOMER
/blog/reinigungsbetrieb-reinigungsunternehmen-regensburg-kosten,/blog/reinigungsergebnis-dokumentieren-regensburg,guide,guide,0.200,0.000,1.000,0.104,0,0,no,HIGH_OVERLAP,REWRITE_FOR_CUSTOMER
/blog/reinigungsbetrieb-reinigungsunternehmen-regensburg-kosten,/blog/reinigungsfirma-regensburg-buero-praxis-auswahl,guide,guide,0.100,0.000,1.000,0.119,0,0,no,HIGH_OVERLAP,REWRITE_FOR_CUSTOMER
/blog/reinigungsbetrieb-reinigungsunternehmen-regensburg-kosten,/blog/reinigungsfirma-regensburg-in-der-naehe-stadtteile,guide,guide,0.143,0.000,1.000,0.138,0,0,no,HIGH_OVERLAP,REWRITE_FOR_CUSTOMER
/blog/reinigungsergebnis-dokumentieren-regensburg,/blog/reinigungsfirma-regensburg-buero-praxis-auswahl,guide,guide,0.100,0.000,1.000,0.197,0,0,no,HIGH_OVERLAP,REWRITE_FOR_CUSTOMER
/blog/reinigungsergebnis-dokumentieren-regensburg,/blog/reinigungsfirma-regensburg-in-der-naehe-stadtteile,guide,guide,0.143,0.000,1.000,0.215,0,0,no,HIGH_OVERLAP,REWRITE_FOR_CUSTOMER
/blog/reinigungsergebnis-dokumentieren-regensburg,/blog/saubere-fotos-vor-wohnungsuebergabe,guide,guide,0.000,0.000,1.000,0.592,0,4,no,HIGH_OVERLAP,REVIEW_SHARED_FAQ;REWRITE_FOR_CUSTOMER
/blog/reinigungsergebnis-dokumentieren-regensburg,/blog/sichtbare-sauberkeit-vermietertermin,guide,guide,0.000,0.000,1.000,0.785,0,4,no,HIGH_OVERLAP,REVIEW_SHARED_FAQ;DIFFERENTIATE_MAIN_CONTENT;REWRITE_FOR_CUSTOMER
/blog/reinigungsfirma-regensburg-buero-praxis-auswahl,/blog/reinigungsfirma-regensburg-in-der-naehe-stadtteile,guide,guide,0.300,0.000,1.000,0.253,0,0,no,HIGH_OVERLAP,REWRITE_FOR_CUSTOMER
/blog/reinigungsfirma-regensburg-buero-praxis-auswahl,/blog/reinigungsfirma-regensburg-kundennah-anfragen,guide,guide,0.222,0.000,1.000,0.230,0,0,no,HIGH_OVERLAP,REWRITE_FOR_CUSTOMER
/blog/reinigungsfirma-regensburg-buero-praxis-auswahl,/blog/reinigungsfirma-regensburg-preise-kosten-angebot-pruefen,guide,guide,0.167,0.000,1.000,0.106,0,0,no,HIGH_OVERLAP,REWRITE_FOR_CUSTOMER
/blog/reinigungsfirma-regensburg-buero-praxis-auswahl,/blog/reinigungsunternehmen-regensburg-anbieter-vergleichen,guide,guide,0.077,0.000,1.000,0.104,0,0,no,HIGH_OVERLAP,REWRITE_FOR_CUSTOMER
/blog/reinigungsfirma-regensburg-in-der-naehe-stadtteile,/blog/reinigungsfirma-regensburg-kundennah-anfragen,guide,guide,0.333,0.000,1.000,0.266,0,0,no,HIGH_OVERLAP,REWRITE_FOR_CUSTOMER
/blog/reinigungsfirma-regensburg-in-der-naehe-stadtteile,/blog/reinigungsfirma-regensburg-preise-kosten-angebot-pruefen,guide,guide,0.222,0.000,1.000,0.118,0,0,no,HIGH_OVERLAP,REWRITE_FOR_CUSTOMER
/blog/reinigungsfirma-regensburg-in-der-naehe-stadtteile,/blog/reinigungsunternehmen-regensburg-anbieter-vergleichen,guide,guide,0.100,0.000,1.000,0.116,0,0,no,HIGH_OVERLAP,REWRITE_FOR_CUSTOMER
/blog/reinigungsfirma-regensburg-in-der-naehe-stadtteile,/blog/remote-move-out-service,guide,guide,0.111,0.000,1.000,0.160,0,0,no,HIGH_OVERLAP,REWRITE_FOR_CUSTOMER
/blog/reinigungsfirma-regensburg-kundennah-anfragen,/blog/reinigungsfirma-regensburg-preise-kosten-angebot-pruefen,guide,guide,0.286,0.000,1.000,0.110,0,0,no,HIGH_OVERLAP,REWRITE_FOR_CUSTOMER
/blog/reinigungsfirma-regensburg-kundennah-anfragen,/blog/reinigungsunternehmen-regensburg-anbieter-vergleichen,guide,guide,0.125,0.000,1.000,0.107,0,0,no,HIGH_OVERLAP,REWRITE_FOR_CUSTOMER
/blog/reinigungsfirma-regensburg-kundennah-anfragen,/blog/remote-move-out-service,guide,guide,0.143,0.000,1.000,0.150,0,0,no,HIGH_OVERLAP,REWRITE_FOR_CUSTOMER
/blog/reinigungsfirma-regensburg-kundennah-anfragen,/blog/reset-nach-party-krankheit-belastung,guide,guide,0.000,0.000,1.000,0.203,0,0,no,HIGH_OVERLAP,REWRITE_FOR_CUSTOMER
/blog/reinigungsfirma-regensburg-kundennah-anfragen,/blog/saubere-fotos-vor-wohnungsuebergabe,guide,guide,0.000,0.000,1.000,0.105,0,0,no,HIGH_OVERLAP,REWRITE_FOR_CUSTOMER
/blog/reinigungsfirma-regensburg-preise-kosten-angebot-pruefen,/blog/reinigungsunternehmen-regensburg-anbieter-vergleichen,guide,guide,0.200,0.000,1.000,0.181,0,0,no,HIGH_OVERLAP,REWRITE_FOR_CUSTOMER
/blog/reinigungsfirma-regensburg-preise-kosten-angebot-pruefen,/blog/remote-move-out-service,guide,guide,0.100,0.000,1.000,0.073,0,0,no,HIGH_OVERLAP,REWRITE_FOR_CUSTOMER
/blog/reinigungsfirma-regensburg-preise-kosten-angebot-pruefen,/blog/reset-nach-party-krankheit-belastung,guide,guide,0.000,0.000,1.000,0.095,0,0,no,HIGH_OVERLAP,REWRITE_FOR_CUSTOMER
/blog/reinigungsfirma-regensburg-preise-kosten-angebot-pruefen,/blog/saubere-fotos-vor-wohnungsuebergabe,guide,guide,0.000,0.000,1.000,0.093,0,0,no,HIGH_OVERLAP,REWRITE_FOR_CUSTOMER
/blog/reinigungsunternehmen-regensburg-anbieter-vergleichen,/blog/remote-move-out-service,guide,guide,0.100,0.000,1.000,0.072,0,0,no,HIGH_OVERLAP,REWRITE_FOR_CUSTOMER
/blog/reinigungsunternehmen-regensburg-anbieter-vergleichen,/blog/reset-nach-party-krankheit-belastung,guide,guide,0.000,0.000,1.000,0.094,0,0,no,HIGH_OVERLAP,REWRITE_FOR_CUSTOMER
/blog/reinigungsunternehmen-regensburg-anbieter-vergleichen,/blog/saubere-fotos-vor-wohnungsuebergabe,guide,guide,0.000,0.000,1.000,0.091,0,0,no,HIGH_OVERLAP,REWRITE_FOR_CUSTOMER
/blog/remote-move-out-service,/blog/reset-nach-party-krankheit-belastung,guide,guide,0.000,0.000,1.000,0.136,0,0,no,HIGH_OVERLAP,REWRITE_FOR_CUSTOMER
/blog/remote-move-out-service,/blog/saubere-fotos-vor-wohnungsuebergabe,guide,guide,0.000,0.000,1.000,0.075,0,0,no,HIGH_OVERLAP,REWRITE_FOR_CUSTOMER
/blog/remote-move-out-service,/blog/schlafzimmer-buero-kinderzimmer-ruhiger-sauber,guide,guide,0.000,0.000,1.000,0.140,0,0,no,HIGH_OVERLAP,REWRITE_FOR_CUSTOMER
/blog/reset-nach-party-krankheit-belastung,/blog/saubere-fotos-vor-wohnungsuebergabe,guide,guide,0.000,0.000,1.000,0.209,0,0,no,HIGH_OVERLAP,REWRITE_FOR_CUSTOMER
/blog/reset-nach-party-krankheit-belastung,/blog/wohnung-wieder-bewohnbar-bekommen,guide,guide,0.000,0.000,1.000,0.808,0,4,no,HIGH_OVERLAP,REVIEW_SHARED_FAQ;DIFFERENTIATE_MAIN_CONTENT;REWRITE_FOR_CUSTOMER
/blog/saubere-fotos-vor-wohnungsuebergabe,/blog/schlafzimmer-buero-kinderzimmer-ruhiger-sauber,guide,guide,0.000,0.000,1.000,0.218,0,0,no,HIGH_OVERLAP,REWRITE_FOR_CUSTOMER
/blog/schlafzimmer-buero-kinderzimmer-ruhiger-sauber,/blog/schluesseluebergabe-ohne-stress,guide,guide,0.000,0.000,1.000,0.226,0,0,no,HIGH_OVERLAP,REWRITE_FOR_CUSTOMER
/blog/schlafzimmer-buero-kinderzimmer-ruhiger-sauber,/blog/schluesseluebergabe-service,guide,guide,0.000,0.000,1.000,0.131,0,0,no,HIGH_OVERLAP,REWRITE_FOR_CUSTOMER
/blog/schlafzimmer-buero-kinderzimmer-ruhiger-sauber,/blog/schluesseluebergabe-vorbereiten-nicht-vor-ort,guide,guide,0.000,0.000,1.000,0.328,0,0,no,HIGH_OVERLAP,REWRITE_FOR_CUSTOMER
/blog/schlafzimmer-buero-kinderzimmer-ruhiger-sauber,/blog/seniorenumzug-fuer-angehoerige,guide,guide,0.000,0.000,1.000,0.144,0,0,no,HIGH_OVERLAP,REWRITE_FOR_CUSTOMER
/blog/schlafzimmer-buero-kinderzimmer-ruhiger-sauber,/blog/seniorenumzug-regensburg-angehoerige-vorbereiten,guide,guide,0.000,0.000,1.000,0.232,0,0,no,HIGH_OVERLAP,REWRITE_FOR_CUSTOMER
/blog/schluesseluebergabe-ohne-stress,/blog/schluesseluebergabe-service,guide,guide,0.167,0.000,1.000,0.142,0,0,no,HIGH_OVERLAP,REWRITE_FOR_CUSTOMER
/blog/schluesseluebergabe-ohne-stress,/blog/schluesseluebergabe-vorbereiten-nicht-vor-ort,guide,guide,0.143,0.000,1.000,0.216,0,0,no,HIGH_OVERLAP,REWRITE_FOR_CUSTOMER
/blog/schluesseluebergabe-ohne-stress,/blog/seniorenumzug-fuer-angehoerige,guide,guide,0.000,0.000,1.000,0.161,0,0,no,HIGH_OVERLAP,REWRITE_FOR_CUSTOMER
/blog/schluesseluebergabe-ohne-stress,/blog/seniorenumzug-regensburg-angehoerige-vorbereiten,guide,guide,0.167,0.000,1.000,0.279,0,0,no,HIGH_OVERLAP,REWRITE_FOR_CUSTOMER
/blog/schluesseluebergabe-ohne-stress,/blog/service-fuer-hausverwaltungen,guide,guide,0.000,0.000,1.000,0.094,0,0,no,HIGH_OVERLAP,REWRITE_FOR_CUSTOMER
/blog/schluesseluebergabe-ohne-stress,/blog/service-fuer-makler,guide,guide,0.000,0.000,1.000,0.094,0,0,no,HIGH_OVERLAP,REWRITE_FOR_CUSTOMER
/blog/schluesseluebergabe-service,/blog/schluesseluebergabe-vorbereiten-nicht-vor-ort,guide,guide,0.167,0.000,1.000,0.134,0,0,no,HIGH_OVERLAP,REWRITE_FOR_CUSTOMER
/blog/schluesseluebergabe-service,/blog/seniorenumzug-fuer-angehoerige,guide,guide,0.000,0.000,1.000,0.143,0,0,no,HIGH_OVERLAP,REWRITE_FOR_CUSTOMER
/blog/schluesseluebergabe-service,/blog/seniorenumzug-regensburg-angehoerige-vorbereiten,guide,guide,0.200,0.000,1.000,0.148,0,0,no,HIGH_OVERLAP,REWRITE_FOR_CUSTOMER
/blog/schluesseluebergabe-service,/blog/service-fuer-hausverwaltungen,guide,guide,0.200,0.000,1.000,0.094,0,0,no,HIGH_OVERLAP,REWRITE_FOR_CUSTOMER
/blog/schluesseluebergabe-service,/blog/service-fuer-makler,guide,guide,0.200,0.000,1.000,0.094,0,0,no,HIGH_OVERLAP,REWRITE_FOR_CUSTOMER
/blog/schluesseluebergabe-vorbereiten-nicht-vor-ort,/blog/seniorenumzug-fuer-angehoerige,guide,guide,0.000,0.000,1.000,0.140,0,0,no,HIGH_OVERLAP,REWRITE_FOR_CUSTOMER
/blog/schluesseluebergabe-vorbereiten-nicht-vor-ort,/blog/seniorenumzug-regensburg-angehoerige-vorbereiten,guide,guide,0.000,0.000,1.000,0.221,0,0,no,HIGH_OVERLAP,REWRITE_FOR_CUSTOMER
/blog/schluesseluebergabe-vorbereiten-nicht-vor-ort,/blog/service-fuer-hausverwaltungen,guide,guide,0.000,0.000,1.000,0.082,0,0,no,HIGH_OVERLAP,REWRITE_FOR_CUSTOMER
/blog/schluesseluebergabe-vorbereiten-nicht-vor-ort,/blog/service-fuer-makler,guide,guide,0.000,0.000,1.000,0.082,0,0,no,HIGH_OVERLAP,REWRITE_FOR_CUSTOMER
/blog/seniorenumzug-fuer-angehoerige,/blog/seniorenumzug-regensburg-angehoerige-vorbereiten,guide,guide,0.200,0.000,1.000,0.170,0,0,no,HIGH_OVERLAP,REWRITE_FOR_CUSTOMER
/blog/seniorenumzug-fuer-angehoerige,/blog/service-fuer-hausverwaltungen,guide,guide,0.200,0.000,1.000,0.109,0,0,no,HIGH_OVERLAP,REWRITE_FOR_CUSTOMER
/blog/seniorenumzug-fuer-angehoerige,/blog/service-fuer-makler,guide,guide,0.200,0.000,1.000,0.106,0,0,no,HIGH_OVERLAP,REWRITE_FOR_CUSTOMER
/blog/seniorenumzug-regensburg-angehoerige-vorbereiten,/blog/service-fuer-hausverwaltungen,guide,guide,0.000,0.000,1.000,0.100,0,0,no,HIGH_OVERLAP,REWRITE_FOR_CUSTOMER
/blog/seniorenumzug-regensburg-angehoerige-vorbereiten,/blog/service-fuer-makler,guide,guide,0.000,0.000,1.000,0.099,0,0,no,HIGH_OVERLAP,REWRITE_FOR_CUSTOMER
/blog/service-fuer-hausverwaltungen,/blog/service-fuer-makler,guide,guide,0.500,0.000,1.000,0.120,0,0,no,HIGH_OVERLAP,REWRITE_FOR_CUSTOMER
/blog/service-fuer-hausverwaltungen,/blog/sichtbare-sauberkeit-vermietertermin,guide,guide,0.000,0.000,1.000,0.082,0,0,no,HIGH_OVERLAP,REWRITE_FOR_CUSTOMER
/blog/service-fuer-makler,/blog/sichtbare-sauberkeit-vermietertermin,guide,guide,0.000,0.000,1.000,0.081,0,0,no,HIGH_OVERLAP,REWRITE_FOR_CUSTOMER
/blog/sichtbare-sauberkeit-vermietertermin,/blog/signatur-services-floxant-bayern,guide,guide,0.000,0.000,1.000,0.081,0,0,no,HIGH_OVERLAP,REWRITE_FOR_CUSTOMER
/blog/sichtbare-sauberkeit-vermietertermin,/blog/signature-services-extra-spezialfaelle-floxant,guide,guide,0.000,0.000,1.000,0.105,0,0,no,HIGH_OVERLAP,REWRITE_FOR_CUSTOMER
/blog/sichtbare-sauberkeit-vermietertermin,/blog/treppenhausreinigung-regensburg-hauseingang-hausverwaltung,guide,guide,0.000,0.000,1.000,0.173,0,0,no,HIGH_OVERLAP,REWRITE_FOR_CUSTOMER
/blog/sichtbare-sauberkeit-vermietertermin,/blog/treppenhausreinigung-regensburg-hausverwaltung-angebot,guide,guide,0.000,0.000,1.000,0.108,0,0,no,HIGH_OVERLAP,REWRITE_FOR_CUSTOMER
/blog/signatur-services-floxant-bayern,/blog/signature-services-extra-spezialfaelle-floxant,guide,guide,0.250,0.000,1.000,0.094,0,0,no,HIGH_OVERLAP,REWRITE_FOR_CUSTOMER
/blog/signatur-services-floxant-bayern,/blog/treppenhausreinigung-regensburg-hauseingang-hausverwaltung,guide,guide,0.000,0.000,1.000,0.080,0,0,no,HIGH_OVERLAP,REWRITE_FOR_CUSTOMER
/blog/signatur-services-floxant-bayern,/blog/treppenhausreinigung-regensburg-hausverwaltung-angebot,guide,guide,0.000,0.000,1.000,0.168,0,0,no,HIGH_OVERLAP,REWRITE_FOR_CUSTOMER
/blog/signatur-services-floxant-bayern,/blog/uebergabe-check-vor-vermietertermin,guide,guide,0.000,0.000,1.000,0.065,0,0,no,HIGH_OVERLAP,REWRITE_FOR_CUSTOMER
/blog/signatur-services-floxant-bayern,/blog/umzug-im-alter-erlangen-bamberg-fuerth,guide,guide,0.000,0.000,1.000,0.091,0,0,no,HIGH_OVERLAP,REWRITE_FOR_CUSTOMER
/blog/signatur-services-floxant-bayern,/blog/umzug-ist-kein-transportproblem,guide,guide,0.000,0.000,1.000,0.067,0,0,no,HIGH_OVERLAP,REWRITE_FOR_CUSTOMER
/blog/signature-services-extra-spezialfaelle-floxant,/blog/treppenhausreinigung-regensburg-hauseingang-hausverwaltung,guide,guide,0.000,0.000,1.000,0.100,0,0,no,HIGH_OVERLAP,REWRITE_FOR_CUSTOMER
/blog/signature-services-extra-spezialfaelle-floxant,/blog/treppenhausreinigung-regensburg-hausverwaltung-angebot,guide,guide,0.000,0.000,1.000,0.120,0,0,no,HIGH_OVERLAP,REWRITE_FOR_CUSTOMER
/blog/signature-services-extra-spezialfaelle-floxant,/blog/uebergabe-check-vor-vermietertermin,guide,guide,0.000,0.000,1.000,0.079,0,0,no,HIGH_OVERLAP,REWRITE_FOR_CUSTOMER
/blog/signature-services-extra-spezialfaelle-floxant,/blog/umzug-im-alter-erlangen-bamberg-fuerth,guide,guide,0.000,0.000,1.000,0.119,0,0,no,HIGH_OVERLAP,REWRITE_FOR_CUSTOMER
/blog/signature-services-extra-spezialfaelle-floxant,/blog/umzug-ist-kein-transportproblem,guide,guide,0.000,0.000,1.000,0.082,0,0,no,HIGH_OVERLAP,REWRITE_FOR_CUSTOMER
/blog/treppenhausreinigung-regensburg-hauseingang-hausverwaltung,/blog/treppenhausreinigung-regensburg-hausverwaltung-angebot,guide,guide,0.286,0.000,1.000,0.110,0,0,no,HIGH_OVERLAP,REWRITE_FOR_CUSTOMER
/blog/treppenhausreinigung-regensburg-hauseingang-hausverwaltung,/blog/uebergabe-check-vor-vermietertermin,guide,guide,0.000,0.000,1.000,0.126,0,0,no,HIGH_OVERLAP,REWRITE_FOR_CUSTOMER
/blog/treppenhausreinigung-regensburg-hauseingang-hausverwaltung,/blog/umzug-im-alter-erlangen-bamberg-fuerth,guide,guide,0.125,0.000,1.000,0.192,0,0,no,HIGH_OVERLAP,REWRITE_FOR_CUSTOMER
/blog/treppenhausreinigung-regensburg-hauseingang-hausverwaltung,/blog/umzug-ist-kein-transportproblem,guide,guide,0.000,0.000,1.000,0.132,0,0,no,HIGH_OVERLAP,REWRITE_FOR_CUSTOMER
/blog/treppenhausreinigung-regensburg-hausverwaltung-angebot,/blog/uebergabe-check-vor-vermietertermin,guide,guide,0.000,0.000,1.000,0.082,0,0,no,HIGH_OVERLAP,REWRITE_FOR_CUSTOMER
/blog/treppenhausreinigung-regensburg-hausverwaltung-angebot,/blog/umzug-im-alter-erlangen-bamberg-fuerth,guide,guide,0.143,0.000,1.000,0.125,0,0,no,HIGH_OVERLAP,REWRITE_FOR_CUSTOMER
/blog/treppenhausreinigung-regensburg-hausverwaltung-angebot,/blog/umzug-ist-kein-transportproblem,guide,guide,0.000,0.000,1.000,0.086,0,0,no,HIGH_OVERLAP,REWRITE_FOR_CUSTOMER
/blog/uebergabe-check-vor-vermietertermin,/blog/umzug-im-alter-erlangen-bamberg-fuerth,guide,guide,0.000,0.000,1.000,0.143,0,0,no,HIGH_OVERLAP,REWRITE_FOR_CUSTOMER
/blog/uebergabe-check-vor-vermietertermin,/blog/umzug-ist-kein-transportproblem,guide,guide,0.000,0.000,1.000,0.140,0,0,no,HIGH_OVERLAP,REWRITE_FOR_CUSTOMER
/blog/uebergabe-check-vor-vermietertermin,/blog/umzug-kosten-regensburg,guide,guide,0.000,0.000,1.000,0.082,0,0,no,HIGH_OVERLAP,REWRITE_FOR_CUSTOMER
/blog/umzug-im-alter-erlangen-bamberg-fuerth,/blog/umzug-ist-kein-transportproblem,guide,guide,0.125,0.000,1.000,0.149,0,0,no,HIGH_OVERLAP,REWRITE_FOR_CUSTOMER
/blog/umzug-im-alter-erlangen-bamberg-fuerth,/blog/umzug-kosten-regensburg,guide,guide,0.125,0.000,1.000,0.128,0,0,no,HIGH_OVERLAP,REWRITE_FOR_CUSTOMER
/blog/umzug-ist-kein-transportproblem,/blog/umzug-kosten-regensburg,guide,guide,0.000,0.000,1.000,0.086,0,0,no,HIGH_OVERLAP,REWRITE_FOR_CUSTOMER
/blog/umzug-kosten-regensburg,/blog/umzug-mit-reinigung-regensburg,guide,guide,0.200,0.000,1.000,0.135,0,0,no,HIGH_OVERLAP,REWRITE_FOR_CUSTOMER
/blog/umzug-kosten-regensburg,/blog/umzug-muenchen-festpreis-fernumzug-organisieren,guide,guide,0.111,0.000,1.000,0.255,0,0,no,HIGH_OVERLAP,REWRITE_FOR_CUSTOMER
/blog/umzug-kosten-regensburg,/blog/umzug-regensburg-laengere-strecke,guide,guide,0.100,0.000,1.000,0.133,0,0,no,HIGH_OVERLAP,REWRITE_FOR_CUSTOMER
/blog/umzug-kosten-regensburg,/blog/umzug-reinigung-entruempelung-regensburg-koordinieren,guide,guide,0.200,0.000,1.000,0.169,0,0,no,HIGH_OVERLAP,REWRITE_FOR_CUSTOMER
/blog/umzug-mit-reinigung-regensburg,/blog/umzug-muenchen-festpreis-fernumzug-organisieren,guide,guide,0.200,0.000,1.000,0.129,0,0,no,HIGH_OVERLAP,REWRITE_FOR_CUSTOMER
/blog/umzug-mit-reinigung-regensburg,/blog/umzug-regensburg-laengere-strecke,guide,guide,0.182,0.000,1.000,0.131,0,0,no,HIGH_OVERLAP,REWRITE_FOR_CUSTOMER
/blog/umzug-mit-reinigung-regensburg,/blog/umzug-reinigung-entruempelung-regensburg-koordinieren,guide,guide,0.400,0.000,1.000,0.092,0,0,no,HIGH_OVERLAP,REWRITE_FOR_CUSTOMER
/blog/umzug-mit-reinigung-regensburg,/blog/umzug-reinigung-entruempelung-wer-hilft-regensburg,guide,guide,0.375,0.000,1.000,0.113,0,0,no,HIGH_OVERLAP,REWRITE_FOR_CUSTOMER
/blog/umzug-mit-reinigung-regensburg,/blog/umzug-reinigung-kombinieren-regensburg,guide,guide,0.444,0.000,1.000,0.238,0,0,no,HIGH_OVERLAP,REWRITE_FOR_CUSTOMER
/blog/umzug-mit-reinigung-regensburg,/blog/umzugsangebot-muenchen-pruefen-festpreis-guenstiger,guide,guide,0.100,0.000,1.000,0.136,0,0,no,HIGH_OVERLAP,REWRITE_FOR_CUSTOMER
/blog/umzug-muenchen-festpreis-fernumzug-organisieren,/blog/umzug-regensburg-laengere-strecke,guide,guide,0.222,0.000,1.000,0.130,0,0,no,HIGH_OVERLAP,REWRITE_FOR_CUSTOMER
/blog/umzug-muenchen-festpreis-fernumzug-organisieren,/blog/umzug-reinigung-entruempelung-regensburg-koordinieren,guide,guide,0.200,0.000,1.000,0.167,0,0,no,HIGH_OVERLAP,REWRITE_FOR_CUSTOMER
/blog/umzug-muenchen-festpreis-fernumzug-organisieren,/blog/umzug-reinigung-entruempelung-wer-hilft-regensburg,guide,guide,0.286,0.000,1.000,0.211,0,0,no,HIGH_OVERLAP,REWRITE_FOR_CUSTOMER
/blog/umzug-muenchen-festpreis-fernumzug-organisieren,/blog/umzug-reinigung-kombinieren-regensburg,guide,guide,0.222,0.000,1.000,0.127,0,0,no,HIGH_OVERLAP,REWRITE_FOR_CUSTOMER
/blog/umzug-muenchen-festpreis-fernumzug-organisieren,/blog/umzugsangebot-muenchen-pruefen-festpreis-guenstiger,guide,guide,0.500,0.000,1.000,0.310,0,0,no,HIGH_OVERLAP,REWRITE_FOR_CUSTOMER
/blog/umzug-regensburg-laengere-strecke,/blog/umzug-reinigung-entruempelung-regensburg-koordinieren,guide,guide,0.182,0.000,1.000,0.090,0,0,no,HIGH_OVERLAP,REWRITE_FOR_CUSTOMER
/blog/umzug-regensburg-laengere-strecke,/blog/umzug-reinigung-entruempelung-wer-hilft-regensburg,guide,guide,0.250,0.000,1.000,0.111,0,0,no,HIGH_OVERLAP,REWRITE_FOR_CUSTOMER
/blog/umzug-regensburg-laengere-strecke,/blog/umzug-reinigung-kombinieren-regensburg,guide,guide,0.200,0.000,1.000,0.227,0,0,no,HIGH_OVERLAP,REWRITE_FOR_CUSTOMER
/blog/umzug-regensburg-laengere-strecke,/blog/umzugsangebot-muenchen-pruefen-festpreis-guenstiger,guide,guide,0.111,0.000,1.000,0.137,0,0,no,HIGH_OVERLAP,REWRITE_FOR_CUSTOMER
/blog/umzug-reinigung-entruempelung-regensburg-koordinieren,/blog/umzug-reinigung-entruempelung-wer-hilft-regensburg,guide,guide,0.571,0.000,1.000,0.153,0,0,no,HIGH_OVERLAP,REWRITE_FOR_CUSTOMER
/blog/umzug-reinigung-entruempelung-regensburg-koordinieren,/blog/umzug-reinigung-kombinieren-regensburg,guide,guide,0.625,0.000,1.000,0.088,0,0,no,HIGH_OVERLAP,REWRITE_FOR_CUSTOMER
/blog/umzug-reinigung-entruempelung-regensburg-koordinieren,/blog/umzugsangebot-muenchen-pruefen-festpreis-guenstiger,guide,guide,0.100,0.000,1.000,0.173,0,0,no,HIGH_OVERLAP,REWRITE_FOR_CUSTOMER
/blog/umzug-reinigung-entruempelung-wer-hilft-regensburg,/blog/umzug-reinigung-kombinieren-regensburg,guide,guide,0.429,0.000,1.000,0.109,0,0,no,HIGH_OVERLAP,REWRITE_FOR_CUSTOMER
/blog/umzug-reinigung-entruempelung-wer-hilft-regensburg,/blog/umzugsangebot-muenchen-pruefen-festpreis-guenstiger,guide,guide,0.143,0.000,1.000,0.222,0,0,no,HIGH_OVERLAP,REWRITE_FOR_CUSTOMER
/blog/umzug-reinigung-entruempelung-wer-hilft-regensburg,/blog/umzugsangebot-pruefen-regensburg-bayern,guide,guide,0.167,0.000,1.000,0.202,0,0,no,HIGH_OVERLAP,REWRITE_FOR_CUSTOMER
/blog/umzug-reinigung-kombinieren-regensburg,/blog/umzugsangebot-muenchen-pruefen-festpreis-guenstiger,guide,guide,0.111,0.000,1.000,0.134,0,0,no,HIGH_OVERLAP,REWRITE_FOR_CUSTOMER
/blog/umzug-reinigung-kombinieren-regensburg,/blog/umzugsangebot-pruefen-regensburg-bayern,guide,guide,0.125,0.000,1.000,0.121,0,0,no,HIGH_OVERLAP,REWRITE_FOR_CUSTOMER
/blog/umzugsangebot-muenchen-pruefen-festpreis-guenstiger,/blog/umzugsangebot-pruefen-regensburg-bayern,guide,guide,0.750,0.000,1.000,0.266,0,0,no,HIGH_OVERLAP,REWRITE_FOR_CUSTOMER
/blog/umzugsangebot-pruefen-regensburg-bayern,/blog/umzugsfirma-regensburg-google-maps-vertrauen,guide,guide,0.100,0.000,1.000,0.112,0,0,no,HIGH_OVERLAP,REWRITE_FOR_CUSTOMER
/blog/umzugsangebot-pruefen-regensburg-bayern,/blog/umzugsunternehmen-regensburg-auswahl,guide,guide,0.111,0.000,1.000,0.225,0,0,no,HIGH_OVERLAP,REWRITE_FOR_CUSTOMER
/blog/umzugsangebot-pruefen-regensburg-bayern,/blog/unterhaltsreinigung-regensburg-buero-praxis-hotel,guide,guide,0.111,0.000,1.000,0.117,0,0,no,HIGH_OVERLAP,REWRITE_FOR_CUSTOMER
/blog/umzugsangebot-pruefen-regensburg-bayern,/blog/versteckter-schmutz-vor-uebergabe,guide,guide,0.000,0.000,1.000,0.107,0,0,no,HIGH_OVERLAP,REWRITE_FOR_CUSTOMER
/blog/umzugsfirma-regensburg-google-maps-vertrauen,/blog/umzugsunternehmen-regensburg-auswahl,guide,guide,0.250,0.000,1.000,0.115,0,0,no,HIGH_OVERLAP,REWRITE_FOR_CUSTOMER
/blog/umzugsfirma-regensburg-google-maps-vertrauen,/blog/unterhaltsreinigung-regensburg-buero-praxis-hotel,guide,guide,0.071,0.000,1.000,0.115,0,0,no,HIGH_OVERLAP,REWRITE_FOR_CUSTOMER
/blog/umzugsfirma-regensburg-google-maps-vertrauen,/blog/versteckter-schmutz-vor-uebergabe,guide,guide,0.000,0.000,1.000,0.107,0,0,no,HIGH_OVERLAP,REWRITE_FOR_CUSTOMER
/blog/umzugsfirma-regensburg-google-maps-vertrauen,/blog/vertrauliche-hilfe-belastete-raeume,guide,guide,0.000,0.000,1.000,0.206,0,0,no,HIGH_OVERLAP,REWRITE_FOR_CUSTOMER
/blog/umzugsfirma-regensburg-google-maps-vertrauen,/blog/volumen-risiko-check-umzug,guide,guide,0.000,0.000,1.000,0.075,0,0,no,HIGH_OVERLAP,REWRITE_FOR_CUSTOMER
/blog/umzugsfirma-regensburg-google-maps-vertrauen,/blog/vor-schluesselabgabe-fertig-sein,guide,guide,0.000,0.000,1.000,0.205,0,0,no,HIGH_OVERLAP,REWRITE_FOR_CUSTOMER
/blog/umzugsunternehmen-regensburg-auswahl,/blog/unterhaltsreinigung-regensburg-buero-praxis-hotel,guide,guide,0.077,0.000,1.000,0.124,0,0,no,HIGH_OVERLAP,REWRITE_FOR_CUSTOMER
/blog/umzugsunternehmen-regensburg-auswahl,/blog/versteckter-schmutz-vor-uebergabe,guide,guide,0.000,0.000,1.000,0.110,0,0,no,HIGH_OVERLAP,REWRITE_FOR_CUSTOMER
/blog/umzugsunternehmen-regensburg-auswahl,/blog/vertrauliche-hilfe-belastete-raeume,guide,guide,0.000,0.000,1.000,0.109,0,0,no,HIGH_OVERLAP,REWRITE_FOR_CUSTOMER
/blog/umzugsunternehmen-regensburg-auswahl,/blog/volumen-risiko-check-umzug,guide,guide,0.000,0.000,1.000,0.142,0,0,no,HIGH_OVERLAP,REWRITE_FOR_CUSTOMER
/blog/umzugsunternehmen-regensburg-auswahl,/blog/vor-schluesselabgabe-fertig-sein,guide,guide,0.000,0.000,1.000,0.108,0,0,no,HIGH_OVERLAP,REWRITE_FOR_CUSTOMER
/blog/unterhaltsreinigung-regensburg-buero-praxis-hotel,/blog/versteckter-schmutz-vor-uebergabe,guide,guide,0.000,0.000,1.000,0.202,0,0,no,HIGH_OVERLAP,REWRITE_FOR_CUSTOMER
/blog/unterhaltsreinigung-regensburg-buero-praxis-hotel,/blog/vertrauliche-hilfe-belastete-raeume,guide,guide,0.000,0.000,1.000,0.109,0,0,no,HIGH_OVERLAP,REWRITE_FOR_CUSTOMER
/blog/unterhaltsreinigung-regensburg-buero-praxis-hotel,/blog/volumen-risiko-check-umzug,guide,guide,0.083,0.000,1.000,0.078,0,0,no,HIGH_OVERLAP,REWRITE_FOR_CUSTOMER
/blog/unterhaltsreinigung-regensburg-buero-praxis-hotel,/blog/vor-schluesselabgabe-fertig-sein,guide,guide,0.000,0.000,1.000,0.109,0,0,no,HIGH_OVERLAP,REWRITE_FOR_CUSTOMER
/blog/versteckter-schmutz-vor-uebergabe,/blog/vertrauliche-hilfe-belastete-raeume,guide,guide,0.000,0.000,1.000,0.218,0,0,no,HIGH_OVERLAP,REWRITE_FOR_CUSTOMER
/blog/versteckter-schmutz-vor-uebergabe,/blog/volumen-risiko-check-umzug,guide,guide,0.000,0.000,1.000,0.073,0,0,no,HIGH_OVERLAP,REWRITE_FOR_CUSTOMER
/blog/vertrauliche-hilfe-belastete-raeume,/blog/volumen-risiko-check-umzug,guide,guide,0.000,0.000,1.000,0.073,0,0,no,HIGH_OVERLAP,REWRITE_FOR_CUSTOMER
/blog/vertrauliche-hilfe-belastete-raeume,/blog/vor-schluesselabgabe-fertig-sein,guide,guide,0.000,0.000,1.000,0.329,0,0,no,HIGH_OVERLAP,REWRITE_FOR_CUSTOMER
/blog/vertrauliche-hilfe-belastete-raeume,/blog/warum-baustaub-wiederkommt,guide,guide,0.000,0.000,1.000,0.334,0,0,no,HIGH_OVERLAP,REWRITE_FOR_CUSTOMER
/blog/volumen-risiko-check-umzug,/blog/vor-schluesselabgabe-fertig-sein,guide,guide,0.000,0.000,1.000,0.072,0,0,no,HIGH_OVERLAP,REWRITE_FOR_CUSTOMER
/blog/volumen-risiko-check-umzug,/blog/warum-baustaub-wiederkommt,guide,guide,0.000,0.000,1.000,0.073,0,0,no,HIGH_OVERLAP,REWRITE_FOR_CUSTOMER
/blog/vor-schluesselabgabe-fertig-sein,/blog/warum-baustaub-wiederkommt,guide,guide,0.000,0.000,1.000,0.328,0,0,no,HIGH_OVERLAP,REWRITE_FOR_CUSTOMER
/blog/vor-schluesselabgabe-fertig-sein,/blog/warum-floxant-die-beste-wahl-ist,guide,guide,0.000,0.000,1.000,0.215,0,0,no,HIGH_OVERLAP,REWRITE_FOR_CUSTOMER
/blog/warum-baustaub-wiederkommt,/blog/warum-floxant-die-beste-wahl-ist,guide,guide,0.000,0.000,1.000,0.216,0,0,no,HIGH_OVERLAP,REWRITE_FOR_CUSTOMER
/blog/warum-baustaub-wiederkommt,/blog/welche-raeume-zaehlen-wenn-zeit-knapp,guide,guide,0.000,0.000,1.000,0.335,0,0,no,HIGH_OVERLAP,REWRITE_FOR_CUSTOMER
/blog/warum-baustaub-wiederkommt,/blog/welcher-floxant-service-passt,guide,guide,0.000,0.000,1.000,0.085,0,0,no,HIGH_OVERLAP,REWRITE_FOR_CUSTOMER
/blog/warum-floxant-die-beste-wahl-ist,/blog/welche-raeume-zaehlen-wenn-zeit-knapp,guide,guide,0.000,0.000,1.000,0.216,0,0,no,HIGH_OVERLAP,REWRITE_FOR_CUSTOMER
/blog/warum-floxant-die-beste-wahl-ist,/blog/welcher-floxant-service-passt,guide,guide,0.000,0.000,1.000,0.092,0,0,no,HIGH_OVERLAP,REWRITE_FOR_CUSTOMER
/blog/warum-floxant-die-beste-wahl-ist,/blog/wenn-besuch-oder-uebergabe-morgen-ist,guide,guide,0.000,0.000,1.000,0.111,0,0,no,HIGH_OVERLAP,REWRITE_FOR_CUSTOMER
/blog/warum-floxant-die-beste-wahl-ist,/blog/wohnung-uebergabebereit-machen,guide,guide,0.000,0.000,1.000,0.089,0,0,no,HIGH_OVERLAP,REWRITE_FOR_CUSTOMER
/blog/warum-floxant-die-beste-wahl-ist,/blog/wohnung-wieder-bewohnbar-bekommen,guide,guide,0.000,0.000,1.000,0.110,0,0,no,HIGH_OVERLAP,REWRITE_FOR_CUSTOMER
/blog/welche-raeume-zaehlen-wenn-zeit-knapp,/blog/welcher-floxant-service-passt,guide,guide,0.100,0.000,1.000,0.085,0,0,no,HIGH_OVERLAP,REWRITE_FOR_CUSTOMER
/blog/welche-raeume-zaehlen-wenn-zeit-knapp,/blog/wenn-besuch-oder-uebergabe-morgen-ist,guide,guide,0.125,0.000,1.000,0.217,0,0,no,HIGH_OVERLAP,REWRITE_FOR_CUSTOMER
/blog/welche-raeume-zaehlen-wenn-zeit-knapp,/blog/wohnung-uebergabebereit-machen,guide,guide,0.000,0.000,1.000,0.082,0,0,no,HIGH_OVERLAP,REWRITE_FOR_CUSTOMER
/blog/welche-raeume-zaehlen-wenn-zeit-knapp,/blog/wohnung-wieder-bewohnbar-bekommen,guide,guide,0.000,0.000,1.000,0.223,0,0,no,HIGH_OVERLAP,REWRITE_FOR_CUSTOMER
/blog/welcher-floxant-service-passt,/blog/wenn-besuch-oder-uebergabe-morgen-ist,guide,guide,0.111,0.000,1.000,0.085,0,0,no,HIGH_OVERLAP,REWRITE_FOR_CUSTOMER
/blog/welcher-floxant-service-passt,/blog/wohnung-uebergabebereit-machen,guide,guide,0.000,0.000,1.000,0.073,0,0,no,HIGH_OVERLAP,REWRITE_FOR_CUSTOMER
/blog/welcher-floxant-service-passt,/blog/wohnung-wieder-bewohnbar-bekommen,guide,guide,0.000,0.000,1.000,0.085,0,0,no,HIGH_OVERLAP,REWRITE_FOR_CUSTOMER
/blog/welcher-floxant-service-passt,/blog/wohnungsuebergabe-komplettpaket,guide,guide,0.000,0.000,1.000,0.062,0,0,no,HIGH_OVERLAP,REWRITE_FOR_CUSTOMER
/blog/wenn-besuch-oder-uebergabe-morgen-ist,/blog/wohnung-uebergabebereit-machen,guide,guide,0.000,0.000,1.000,0.148,0,0,no,HIGH_OVERLAP,REWRITE_FOR_CUSTOMER
/blog/wenn-besuch-oder-uebergabe-morgen-ist,/blog/wohnung-wieder-bewohnbar-bekommen,guide,guide,0.000,0.000,1.000,0.316,0,0,no,HIGH_OVERLAP,REWRITE_FOR_CUSTOMER
/blog/wenn-besuch-oder-uebergabe-morgen-ist,/blog/wohnungsuebergabe-komplettpaket,guide,guide,0.000,0.000,1.000,0.120,0,0,no,HIGH_OVERLAP,REWRITE_FOR_CUSTOMER
/blog/wohnung-uebergabebereit-machen,/blog/wohnung-wieder-bewohnbar-bekommen,guide,guide,0.167,0.000,1.000,0.146,0,0,no,HIGH_OVERLAP,REWRITE_FOR_CUSTOMER
/blog/wohnung-uebergabebereit-machen,/blog/wohnungsuebergabe-komplettpaket,guide,guide,0.000,0.000,1.000,0.138,0,0,no,HIGH_OVERLAP,REWRITE_FOR_CUSTOMER
/blog/wohnung-uebergabebereit-machen,/blog/wohnungsuebergabe-ohne-streit,guide,guide,0.000,0.000,1.000,0.144,0,0,no,HIGH_OVERLAP,REWRITE_FOR_CUSTOMER
/blog/wohnungsuebergabe-komplettpaket,/blog/wohnungsuebergabe-ohne-streit,guide,guide,0.400,0.000,1.000,0.118,0,0,no,HIGH_OVERLAP,REWRITE_FOR_CUSTOMER
/blog/wohnungsuebergabe-komplettpaket,/blog/wohnungsuebergabe-regensburg-vorbereiten,guide,guide,0.400,0.000,1.000,0.137,0,0,no,HIGH_OVERLAP,REWRITE_FOR_CUSTOMER
/blog/wohnungsuebergabe-komplettpaket,/blog/zehn-angaben-klare-umzugsanfrage-regensburg,guide,guide,0.111,0.000,1.000,0.072,0,0,no,HIGH_OVERLAP,REWRITE_FOR_CUSTOMER
/blog/wohnungsuebergabe-ohne-streit,/blog/wohnungsuebergabe-regensburg-vorbereiten,guide,guide,0.333,0.000,1.000,0.146,0,0,no,HIGH_OVERLAP,REWRITE_FOR_CUSTOMER
/blog/wohnungsuebergabe-ohne-streit,/blog/zehn-angaben-klare-umzugsanfrage-regensburg,guide,guide,0.100,0.000,1.000,0.108,0,0,no,HIGH_OVERLAP,REWRITE_FOR_CUSTOMER
/blog/wohnungsuebergabe-regensburg-vorbereiten,/blog/zehn-angaben-klare-umzugsanfrage-regensburg,guide,guide,0.222,0.000,1.000,0.087,0,0,no,HIGH_OVERLAP,REWRITE_FOR_CUSTOMER
/bueroumzug-abensberg,/bueroumzug-altdorf-bei-nuernberg,service,service,0.250,1.000,1.000,1.000,0,9,no,HIGH_OVERLAP,REVIEW_SHARED_FAQ;DIFFERENTIATE_MAIN_CONTENT;REWRITE_FOR_CUSTOMER
/bueroumzug-abensberg,/bueroumzug-alteglofsheim,service,service,0.125,1.000,1.000,1.000,0,9,no,HIGH_OVERLAP,REVIEW_SHARED_FAQ;DIFFERENTIATE_MAIN_CONTENT;REWRITE_FOR_CUSTOMER
/bueroumzug-abensberg,/bueroumzug-altenthann,service,service,1.000,1.000,1.000,1.000,0,9,no,HIGH_OVERLAP,REVIEW_SHARED_FAQ;DIFFERENTIATE_MAIN_CONTENT;REWRITE_FOR_CUSTOMER
/bueroumzug-abensberg,/bueroumzug-amberg,service,service,0.250,1.000,1.000,0.917,0,6,no,HIGH_OVERLAP,REVIEW_SHARED_FAQ;DIFFERENTIATE_MAIN_CONTENT;REWRITE_FOR_CUSTOMER
/bueroumzug-abensberg,/bueroumzug-ansbach,service,service,0.250,1.000,1.000,1.000,0,9,no,HIGH_OVERLAP,REVIEW_SHARED_FAQ;DIFFERENTIATE_MAIN_CONTENT;REWRITE_FOR_CUSTOMER
/bueroumzug-abensberg,/bueroumzug-auerbach-in-der-oberpfalz,service,service,1.000,1.000,1.000,1.000,0,9,no,HIGH_OVERLAP,REVIEW_SHARED_FAQ;DIFFERENTIATE_MAIN_CONTENT;REWRITE_FOR_CUSTOMER
/bueroumzug-altdorf-bei-nuernberg,/bueroumzug-alteglofsheim,service,service,0.125,1.000,1.000,1.000,0,9,no,HIGH_OVERLAP,REVIEW_SHARED_FAQ;DIFFERENTIATE_MAIN_CONTENT;REWRITE_FOR_CUSTOMER
/bueroumzug-altdorf-bei-nuernberg,/bueroumzug-altenthann,service,service,0.250,1.000,1.000,1.000,0,9,no,HIGH_OVERLAP,REVIEW_SHARED_FAQ;DIFFERENTIATE_MAIN_CONTENT;REWRITE_FOR_CUSTOMER
/bueroumzug-altdorf-bei-nuernberg,/bueroumzug-amberg,service,service,1.000,1.000,1.000,0.917,0,6,no,HIGH_OVERLAP,REVIEW_SHARED_FAQ;DIFFERENTIATE_MAIN_CONTENT;REWRITE_FOR_CUSTOMER
/bueroumzug-altdorf-bei-nuernberg,/bueroumzug-ansbach,service,service,1.000,1.000,1.000,1.000,0,9,no,HIGH_OVERLAP,REVIEW_SHARED_FAQ;DIFFERENTIATE_MAIN_CONTENT;REWRITE_FOR_CUSTOMER
/bueroumzug-altdorf-bei-nuernberg,/bueroumzug-auerbach-in-der-oberpfalz,service,service,0.250,1.000,1.000,1.000,0,9,no,HIGH_OVERLAP,REVIEW_SHARED_FAQ;DIFFERENTIATE_MAIN_CONTENT;REWRITE_FOR_CUSTOMER
/bueroumzug-alteglofsheim,/bueroumzug-altenthann,service,service,0.125,1.000,1.000,1.000,0,9,no,HIGH_OVERLAP,REVIEW_SHARED_FAQ;DIFFERENTIATE_MAIN_CONTENT;REWRITE_FOR_CUSTOMER
/bueroumzug-alteglofsheim,/bueroumzug-amberg,service,service,0.125,1.000,1.000,0.917,0,6,no,HIGH_OVERLAP,REVIEW_SHARED_FAQ;DIFFERENTIATE_MAIN_CONTENT;REWRITE_FOR_CUSTOMER
/bueroumzug-alteglofsheim,/bueroumzug-ansbach,service,service,0.125,1.000,1.000,1.000,0,9,no,HIGH_OVERLAP,REVIEW_SHARED_FAQ;DIFFERENTIATE_MAIN_CONTENT;REWRITE_FOR_CUSTOMER
/bueroumzug-alteglofsheim,/bueroumzug-auerbach-in-der-oberpfalz,service,service,0.125,1.000,1.000,1.000,0,9,no,HIGH_OVERLAP,REVIEW_SHARED_FAQ;DIFFERENTIATE_MAIN_CONTENT;REWRITE_FOR_CUSTOMER
/bueroumzug-altenthann,/bueroumzug-amberg,service,service,0.250,1.000,1.000,0.917,0,6,no,HIGH_OVERLAP,REVIEW_SHARED_FAQ;DIFFERENTIATE_MAIN_CONTENT;REWRITE_FOR_CUSTOMER
/bueroumzug-altenthann,/bueroumzug-ansbach,service,service,0.250,1.000,1.000,1.000,0,9,no,HIGH_OVERLAP,REVIEW_SHARED_FAQ;DIFFERENTIATE_MAIN_CONTENT;REWRITE_FOR_CUSTOMER
/bueroumzug-altenthann,/bueroumzug-auerbach-in-der-oberpfalz,service,service,1.000,1.000,1.000,1.000,0,9,no,HIGH_OVERLAP,REVIEW_SHARED_FAQ;DIFFERENTIATE_MAIN_CONTENT;REWRITE_FOR_CUSTOMER
/bueroumzug-amberg,/bueroumzug-ansbach,service,service,1.000,1.000,1.000,0.917,0,6,no,HIGH_OVERLAP,REVIEW_SHARED_FAQ;DIFFERENTIATE_MAIN_CONTENT;REWRITE_FOR_CUSTOMER
/bueroumzug-amberg,/bueroumzug-auerbach-in-der-oberpfalz,service,service,0.250,1.000,1.000,0.917,0,6,no,HIGH_OVERLAP,REVIEW_SHARED_FAQ;DIFFERENTIATE_MAIN_CONTENT;REWRITE_FOR_CUSTOMER
/bueroumzug-ansbach,/bueroumzug-auerbach-in-der-oberpfalz,service,service,0.250,1.000,1.000,1.000,0,9,no,HIGH_OVERLAP,REVIEW_SHARED_FAQ;DIFFERENTIATE_MAIN_CONTENT;REWRITE_FOR_CUSTOMER
/bueroumzug-aufhausen,/bueroumzug-augsburg,service,service,1.000,0.750,1.000,0.903,0,6,no,HIGH_OVERLAP,REVIEW_SHARED_FAQ;DIFFERENTIATE_MAIN_CONTENT;REWRITE_FOR_CUSTOMER
/bueroumzug-aufhausen,/bueroumzug-bad-abbach,service,service,0.111,1.000,1.000,1.000,0,9,no,HIGH_OVERLAP,REVIEW_SHARED_FAQ;DIFFERENTIATE_MAIN_CONTENT;REWRITE_FOR_CUSTOMER
/bueroumzug-aufhausen,/bueroumzug-bad-koetzting,service,service,0.250,1.000,1.000,1.000,0,9,no,HIGH_OVERLAP,REVIEW_SHARED_FAQ;DIFFERENTIATE_MAIN_CONTENT;REWRITE_FOR_CUSTOMER
/bueroumzug-aufhausen,/bueroumzug-bad-toelz,service,service,0.125,1.000,1.000,1.000,0,9,no,HIGH_OVERLAP,REVIEW_SHARED_FAQ;DIFFERENTIATE_MAIN_CONTENT;REWRITE_FOR_CUSTOMER
/bueroumzug-aufhausen,/bueroumzug-bamberg,service,service,1.000,1.000,1.000,0.925,0,6,no,HIGH_OVERLAP,REVIEW_SHARED_FAQ;DIFFERENTIATE_MAIN_CONTENT;REWRITE_FOR_CUSTOMER
/bueroumzug-aufhausen,/bueroumzug-barbing,service,service,0.111,1.000,1.000,1.000,0,9,no,HIGH_OVERLAP,REVIEW_SHARED_FAQ;DIFFERENTIATE_MAIN_CONTENT;REWRITE_FOR_CUSTOMER
/bueroumzug-aufhausen,/bueroumzug-bayreuth,service,service,1.000,1.000,1.000,0.925,0,6,no,HIGH_OVERLAP,REVIEW_SHARED_FAQ;DIFFERENTIATE_MAIN_CONTENT;REWRITE_FOR_CUSTOMER
/bueroumzug-augsburg,/bueroumzug-bad-abbach,service,service,0.111,0.750,1.000,0.903,0,6,no,HIGH_OVERLAP,REVIEW_SHARED_FAQ;DIFFERENTIATE_MAIN_CONTENT;REWRITE_FOR_CUSTOMER
/bueroumzug-augsburg,/bueroumzug-bad-koetzting,service,service,0.250,0.750,1.000,0.903,0,6,no,HIGH_OVERLAP,REVIEW_SHARED_FAQ;DIFFERENTIATE_MAIN_CONTENT;REWRITE_FOR_CUSTOMER
/bueroumzug-augsburg,/bueroumzug-bad-toelz,service,service,0.125,0.750,1.000,0.903,0,6,no,HIGH_OVERLAP,REVIEW_SHARED_FAQ;DIFFERENTIATE_MAIN_CONTENT;REWRITE_FOR_CUSTOMER
/bueroumzug-augsburg,/bueroumzug-bamberg,service,service,1.000,0.750,1.000,0.923,0,6,no,HIGH_OVERLAP,REVIEW_SHARED_FAQ;DIFFERENTIATE_MAIN_CONTENT;REWRITE_FOR_CUSTOMER
/bueroumzug-augsburg,/bueroumzug-barbing,service,service,0.111,0.750,1.000,0.903,0,6,no,HIGH_OVERLAP,REVIEW_SHARED_FAQ;DIFFERENTIATE_MAIN_CONTENT;REWRITE_FOR_CUSTOMER
/bueroumzug-augsburg,/bueroumzug-bayreuth,service,service,1.000,0.750,1.000,0.923,0,6,no,HIGH_OVERLAP,REVIEW_SHARED_FAQ;DIFFERENTIATE_MAIN_CONTENT;REWRITE_FOR_CUSTOMER
/bueroumzug-bad-abbach,/bueroumzug-bad-koetzting,service,service,0.250,1.000,1.000,1.000,0,9,no,HIGH_OVERLAP,REVIEW_SHARED_FAQ;DIFFERENTIATE_MAIN_CONTENT;REWRITE_FOR_CUSTOMER
/bueroumzug-bad-abbach,/bueroumzug-bad-toelz,service,service,0.125,1.000,1.000,1.000,0,9,no,HIGH_OVERLAP,REVIEW_SHARED_FAQ;DIFFERENTIATE_MAIN_CONTENT;REWRITE_FOR_CUSTOMER
/bueroumzug-bad-abbach,/bueroumzug-bamberg,service,service,0.111,1.000,1.000,0.925,0,6,no,HIGH_OVERLAP,REVIEW_SHARED_FAQ;DIFFERENTIATE_MAIN_CONTENT;REWRITE_FOR_CUSTOMER
/bueroumzug-bad-abbach,/bueroumzug-barbing,service,service,1.000,1.000,1.000,1.000,0,9,no,HIGH_OVERLAP,REVIEW_SHARED_FAQ;DIFFERENTIATE_MAIN_CONTENT;REWRITE_FOR_CUSTOMER
/bueroumzug-bad-abbach,/bueroumzug-bayreuth,service,service,0.111,1.000,1.000,0.925,0,6,no,HIGH_OVERLAP,REVIEW_SHARED_FAQ;DIFFERENTIATE_MAIN_CONTENT;REWRITE_FOR_CUSTOMER
/bueroumzug-bad-koetzting,/bueroumzug-bad-toelz,service,service,0.125,1.000,1.000,1.000,0,9,no,HIGH_OVERLAP,REVIEW_SHARED_FAQ;DIFFERENTIATE_MAIN_CONTENT;REWRITE_FOR_CUSTOMER
/bueroumzug-bad-koetzting,/bueroumzug-bamberg,service,service,0.250,1.000,1.000,0.925,0,6,no,HIGH_OVERLAP,REVIEW_SHARED_FAQ;DIFFERENTIATE_MAIN_CONTENT;REWRITE_FOR_CUSTOMER
/bueroumzug-bad-koetzting,/bueroumzug-barbing,service,service,0.250,1.000,1.000,1.000,0,9,no,HIGH_OVERLAP,REVIEW_SHARED_FAQ;DIFFERENTIATE_MAIN_CONTENT;REWRITE_FOR_CUSTOMER
/bueroumzug-bad-koetzting,/bueroumzug-bayreuth,service,service,0.250,1.000,1.000,0.925,0,6,no,HIGH_OVERLAP,REVIEW_SHARED_FAQ;DIFFERENTIATE_MAIN_CONTENT;REWRITE_FOR_CUSTOMER
/bueroumzug-bad-toelz,/bueroumzug-bamberg,service,service,0.125,1.000,1.000,0.925,0,6,no,HIGH_OVERLAP,REVIEW_SHARED_FAQ;DIFFERENTIATE_MAIN_CONTENT;REWRITE_FOR_CUSTOMER
/bueroumzug-bad-toelz,/bueroumzug-barbing,service,service,0.125,1.000,1.000,1.000,0,9,no,HIGH_OVERLAP,REVIEW_SHARED_FAQ;DIFFERENTIATE_MAIN_CONTENT;REWRITE_FOR_CUSTOMER
/bueroumzug-bad-toelz,/bueroumzug-bayreuth,service,service,0.125,1.000,1.000,0.925,0,6,no,HIGH_OVERLAP,REVIEW_SHARED_FAQ;DIFFERENTIATE_MAIN_CONTENT;REWRITE_FOR_CUSTOMER
/bueroumzug-bamberg,/bueroumzug-barbing,service,service,0.111,1.000,1.000,0.925,0,6,no,HIGH_OVERLAP,REVIEW_SHARED_FAQ;DIFFERENTIATE_MAIN_CONTENT;REWRITE_FOR_CUSTOMER
/bueroumzug-bamberg,/bueroumzug-bayreuth,service,service,1.000,1.000,1.000,1.000,0,8,no,HIGH_OVERLAP,REVIEW_SHARED_FAQ;DIFFERENTIATE_MAIN_CONTENT;REWRITE_FOR_CUSTOMER
/bueroumzug-barbing,/bueroumzug-bayreuth,service,service,0.111,1.000,1.000,0.925,0,6,no,HIGH_OVERLAP,REVIEW_SHARED_FAQ;DIFFERENTIATE_MAIN_CONTENT;REWRITE_FOR_CUSTOMER
/bueroumzug-bayern,/umzug-abensberg,service,service,0.111,0.200,1.000,0.755,0,7,no,HIGH_OVERLAP,REVIEW_SHARED_FAQ;DIFFERENTIATE_MAIN_CONTENT;REWRITE_FOR_CUSTOMER
/bueroumzug-bayern,/umzug-altdorf-bei-nuernberg,service,service,0.111,0.200,1.000,0.755,0,7,no,HIGH_OVERLAP,REVIEW_SHARED_FAQ;DIFFERENTIATE_MAIN_CONTENT;REWRITE_FOR_CUSTOMER
/bueroumzug-bayern,/umzug-alteglofsheim,service,service,0.111,0.200,1.000,0.755,0,7,no,HIGH_OVERLAP,REVIEW_SHARED_FAQ;DIFFERENTIATE_MAIN_CONTENT;REWRITE_FOR_CUSTOMER
/bueroumzug-bayern,/umzug-altenthann,service,service,0.111,0.200,1.000,0.755,0,7,no,HIGH_OVERLAP,REVIEW_SHARED_FAQ;DIFFERENTIATE_MAIN_CONTENT;REWRITE_FOR_CUSTOMER
/bueroumzug-bayern,/umzug-amberg,service,service,0.111,0.167,1.000,0.711,0,5,no,HIGH_OVERLAP,REVIEW_SHARED_FAQ;DIFFERENTIATE_MAIN_CONTENT;REWRITE_FOR_CUSTOMER
/bueroumzug-bayern,/umzug-ansbach,service,service,0.111,0.200,1.000,0.755,0,7,no,HIGH_OVERLAP,REVIEW_SHARED_FAQ;DIFFERENTIATE_MAIN_CONTENT;REWRITE_FOR_CUSTOMER
/bueroumzug-bayern,/umzug-auerbach-in-der-oberpfalz,service,service,0.111,0.200,1.000,0.755,0,7,no,HIGH_OVERLAP,REVIEW_SHARED_FAQ;DIFFERENTIATE_MAIN_CONTENT;REWRITE_FOR_CUSTOMER
/bueroumzug-bayern,/umzug-aufhausen,service,service,0.111,0.200,1.000,0.752,0,7,no,HIGH_OVERLAP,REVIEW_SHARED_FAQ;DIFFERENTIATE_MAIN_CONTENT;REWRITE_FOR_CUSTOMER
/bueroumzug-bayern,/umzug-augsburg,service,service,0.111,0.167,1.000,0.716,0,5,no,HIGH_OVERLAP,REVIEW_SHARED_FAQ;DIFFERENTIATE_MAIN_CONTENT;REWRITE_FOR_CUSTOMER
/bueroumzug-bayern,/umzug-bad-abbach,service,service,0.111,0.200,1.000,0.769,0,7,no,HIGH_OVERLAP,REVIEW_SHARED_FAQ;DIFFERENTIATE_MAIN_CONTENT;REWRITE_FOR_CUSTOMER
/bueroumzug-bayern,/umzug-bad-koetzting,service,service,0.111,0.200,1.000,0.755,0,7,no,HIGH_OVERLAP,REVIEW_SHARED_FAQ;DIFFERENTIATE_MAIN_CONTENT;REWRITE_FOR_CUSTOMER
/bueroumzug-bayern,/umzug-bad-toelz,service,service,0.111,0.200,1.000,0.755,0,7,no,HIGH_OVERLAP,REVIEW_SHARED_FAQ;DIFFERENTIATE_MAIN_CONTENT;REWRITE_FOR_CUSTOMER
/bueroumzug-bayern,/umzug-bamberg,service,service,0.111,0.167,1.000,0.704,0,5,no,HIGH_OVERLAP,REVIEW_SHARED_FAQ;DIFFERENTIATE_MAIN_CONTENT;REWRITE_FOR_CUSTOMER
/bueroumzug-bayern,/umzug-barbing,service,service,0.111,0.200,1.000,0.769,0,7,no,HIGH_OVERLAP,REVIEW_SHARED_FAQ;DIFFERENTIATE_MAIN_CONTENT;REWRITE_FOR_CUSTOMER
/bueroumzug-bayern,/umzug-bayern,service,service,0.111,0.200,1.000,0.769,0,7,no,HIGH_OVERLAP,REVIEW_SHARED_FAQ;DIFFERENTIATE_MAIN_CONTENT;REWRITE_FOR_CUSTOMER
/bueroumzug-bayern,/umzug-bayreuth,service,service,0.111,0.167,1.000,0.704,0,5,no,HIGH_OVERLAP,REVIEW_SHARED_FAQ;DIFFERENTIATE_MAIN_CONTENT;REWRITE_FOR_CUSTOMER
/bueroumzug-bayern,/umzug-beilngries,service,service,0.111,0.200,1.000,0.755,0,7,no,HIGH_OVERLAP,REVIEW_SHARED_FAQ;DIFFERENTIATE_MAIN_CONTENT;REWRITE_FOR_CUSTOMER
/bueroumzug-bayern,/umzug-beratzhausen,service,service,0.111,0.200,1.000,0.769,0,7,no,HIGH_OVERLAP,REVIEW_SHARED_FAQ;DIFFERENTIATE_MAIN_CONTENT;REWRITE_FOR_CUSTOMER
/bueroumzug-bayern,/umzug-berching,service,service,0.111,0.200,1.000,0.755,0,7,no,HIGH_OVERLAP,REVIEW_SHARED_FAQ;DIFFERENTIATE_MAIN_CONTENT;REWRITE_FOR_CUSTOMER
/bueroumzug-bayern,/umzug-bernhardswald,service,service,0.111,0.200,1.000,0.755,0,7,no,HIGH_OVERLAP,REVIEW_SHARED_FAQ;DIFFERENTIATE_MAIN_CONTENT;REWRITE_FOR_CUSTOMER
/bueroumzug-bayern,/umzug-bogen,service,service,0.111,0.200,1.000,0.755,0,7,no,HIGH_OVERLAP,REVIEW_SHARED_FAQ;DIFFERENTIATE_MAIN_CONTENT;REWRITE_FOR_CUSTOMER
/bueroumzug-bayern,/umzug-brennberg,service,service,0.111,0.200,1.000,0.755,0,7,no,HIGH_OVERLAP,REVIEW_SHARED_FAQ;DIFFERENTIATE_MAIN_CONTENT;REWRITE_FOR_CUSTOMER
/bueroumzug-bayern,/umzug-brunn,service,service,0.111,0.200,1.000,0.755,0,7,no,HIGH_OVERLAP,REVIEW_SHARED_FAQ;DIFFERENTIATE_MAIN_CONTENT;REWRITE_FOR_CUSTOMER
/bueroumzug-bayern,/umzug-burglengenfeld,service,service,0.111,0.200,1.000,0.769,0,7,no,HIGH_OVERLAP,REVIEW_SHARED_FAQ;DIFFERENTIATE_MAIN_CONTENT;REWRITE_FOR_CUSTOMER
/bueroumzug-bayern,/umzug-cham,service,service,0.111,0.167,1.000,0.699,0,5,no,HIGH_OVERLAP,REVIEW_SHARED_FAQ;DIFFERENTIATE_MAIN_CONTENT;REWRITE_FOR_CUSTOMER
/bueroumzug-bayern,/umzug-coburg,service,service,0.111,0.200,1.000,0.755,0,7,no,HIGH_OVERLAP,REVIEW_SHARED_FAQ;DIFFERENTIATE_MAIN_CONTENT;REWRITE_FOR_CUSTOMER
/bueroumzug-bayern,/umzug-dachau,service,service,0.111,0.200,1.000,0.755,0,7,no,HIGH_OVERLAP,REVIEW_SHARED_FAQ;DIFFERENTIATE_MAIN_CONTENT;REWRITE_FOR_CUSTOMER
/bueroumzug-bayern,/umzug-deggendorf,service,service,0.111,0.200,1.000,0.755,0,7,no,HIGH_OVERLAP,REVIEW_SHARED_FAQ;DIFFERENTIATE_MAIN_CONTENT;REWRITE_FOR_CUSTOMER
/bueroumzug-bayern,/umzug-deuerling,service,service,0.111,0.200,1.000,0.769,0,7,no,HIGH_OVERLAP,REVIEW_SHARED_FAQ;DIFFERENTIATE_MAIN_CONTENT;REWRITE_FOR_CUSTOMER
/bueroumzug-bayern,/umzug-dietfurt,service,service,0.111,0.200,1.000,0.755,0,7,no,HIGH_OVERLAP,REVIEW_SHARED_FAQ;DIFFERENTIATE_MAIN_CONTENT;REWRITE_FOR_CUSTOMER
/bueroumzug-bayern,/umzug-dingolfing,service,service,0.111,0.200,1.000,0.755,0,7,no,HIGH_OVERLAP,REVIEW_SHARED_FAQ;DIFFERENTIATE_MAIN_CONTENT;REWRITE_FOR_CUSTOMER
/bueroumzug-bayern,/umzug-donaustauf,service,service,0.111,0.200,1.000,0.769,0,7,no,HIGH_OVERLAP,REVIEW_SHARED_FAQ;DIFFERENTIATE_MAIN_CONTENT;REWRITE_FOR_CUSTOMER
/bueroumzug-bayern,/umzug-duggendorf,service,service,0.111,0.200,1.000,0.755,0,7,no,HIGH_OVERLAP,REVIEW_SHARED_FAQ;DIFFERENTIATE_MAIN_CONTENT;REWRITE_FOR_CUSTOMER
/bueroumzug-bayern,/umzug-eggenfelden,service,service,0.111,0.200,1.000,0.755,0,7,no,HIGH_OVERLAP,REVIEW_SHARED_FAQ;DIFFERENTIATE_MAIN_CONTENT;REWRITE_FOR_CUSTOMER
/bueroumzug-bayern,/umzug-eichstaett,service,service,0.111,0.200,1.000,0.755,0,7,no,HIGH_OVERLAP,REVIEW_SHARED_FAQ;DIFFERENTIATE_MAIN_CONTENT;REWRITE_FOR_CUSTOMER
/bueroumzug-bayern,/umzug-erding,service,service,0.111,0.200,1.000,0.755,0,7,no,HIGH_OVERLAP,REVIEW_SHARED_FAQ;DIFFERENTIATE_MAIN_CONTENT;REWRITE_FOR_CUSTOMER
/bueroumzug-bayern,/umzug-ergoldsbach,service,service,0.111,0.200,1.000,0.755,0,7,no,HIGH_OVERLAP,REVIEW_SHARED_FAQ;DIFFERENTIATE_MAIN_CONTENT;REWRITE_FOR_CUSTOMER
/bueroumzug-bayern,/umzug-erlangen,service,service,0.111,0.167,1.000,0.704,0,5,no,HIGH_OVERLAP,REVIEW_SHARED_FAQ;DIFFERENTIATE_MAIN_CONTENT;REWRITE_FOR_CUSTOMER
/bueroumzug-bayern,/umzug-eschenbach-in-der-oberpfalz,service,service,0.111,0.200,1.000,0.755,0,7,no,HIGH_OVERLAP,REVIEW_SHARED_FAQ;DIFFERENTIATE_MAIN_CONTENT;REWRITE_FOR_CUSTOMER
/bueroumzug-bayern,/umzug-feucht,service,service,0.111,0.200,1.000,0.755,0,7,no,HIGH_OVERLAP,REVIEW_SHARED_FAQ;DIFFERENTIATE_MAIN_CONTENT;REWRITE_FOR_CUSTOMER
/bueroumzug-bayern,/umzug-freising,service,service,0.111,0.200,1.000,0.755,0,7,no,HIGH_OVERLAP,REVIEW_SHARED_FAQ;DIFFERENTIATE_MAIN_CONTENT;REWRITE_FOR_CUSTOMER
/bueroumzug-bayern,/umzug-freystadt,service,service,0.111,0.200,1.000,0.755,0,7,no,HIGH_OVERLAP,REVIEW_SHARED_FAQ;DIFFERENTIATE_MAIN_CONTENT;REWRITE_FOR_CUSTOMER
/bueroumzug-bayern,/umzug-freyung,service,service,0.111,0.200,1.000,0.755,0,7,no,HIGH_OVERLAP,REVIEW_SHARED_FAQ;DIFFERENTIATE_MAIN_CONTENT;REWRITE_FOR_CUSTOMER
/bueroumzug-bayern,/umzug-fuerstenfeldbruck,service,service,0.111,0.200,1.000,0.755,0,7,no,HIGH_OVERLAP,REVIEW_SHARED_FAQ;DIFFERENTIATE_MAIN_CONTENT;REWRITE_FOR_CUSTOMER
/bueroumzug-bayern,/umzug-fuerth,service,service,0.111,0.167,1.000,0.755,0,7,no,HIGH_OVERLAP,REVIEW_SHARED_FAQ;DIFFERENTIATE_MAIN_CONTENT;REWRITE_FOR_CUSTOMER
/bueroumzug-bayern,/umzug-furth-im-wald,service,service,0.111,0.200,1.000,0.755,0,7,no,HIGH_OVERLAP,REVIEW_SHARED_FAQ;DIFFERENTIATE_MAIN_CONTENT;REWRITE_FOR_CUSTOMER
/bueroumzug-bayern,/umzug-garching,service,service,0.111,0.200,1.000,0.755,0,7,no,HIGH_OVERLAP,REVIEW_SHARED_FAQ;DIFFERENTIATE_MAIN_CONTENT;REWRITE_FOR_CUSTOMER
/bueroumzug-bayern,/umzug-geiselhoering,service,service,0.111,0.200,1.000,0.755,0,7,no,HIGH_OVERLAP,REVIEW_SHARED_FAQ;DIFFERENTIATE_MAIN_CONTENT;REWRITE_FOR_CUSTOMER
/bueroumzug-bayern,/umzug-geisenfeld,service,service,0.111,0.200,1.000,0.755,0,7,no,HIGH_OVERLAP,REVIEW_SHARED_FAQ;DIFFERENTIATE_MAIN_CONTENT;REWRITE_FOR_CUSTOMER
/bueroumzug-bayern,/umzug-germering,service,service,0.111,0.200,1.000,0.755,0,7,no,HIGH_OVERLAP,REVIEW_SHARED_FAQ;DIFFERENTIATE_MAIN_CONTENT;REWRITE_FOR_CUSTOMER
/bueroumzug-bayern,/umzug-gersthofen,service,service,0.111,0.200,1.000,0.755,0,7,no,HIGH_OVERLAP,REVIEW_SHARED_FAQ;DIFFERENTIATE_MAIN_CONTENT;REWRITE_FOR_CUSTOMER
/bueroumzug-bayern,/umzug-grafenau,service,service,0.111,0.200,1.000,0.755,0,7,no,HIGH_OVERLAP,REVIEW_SHARED_FAQ;DIFFERENTIATE_MAIN_CONTENT;REWRITE_FOR_CUSTOMER
/bueroumzug-bayern,/umzug-grafenwoehr,service,service,0.111,0.200,1.000,0.755,0,7,no,HIGH_OVERLAP,REVIEW_SHARED_FAQ;DIFFERENTIATE_MAIN_CONTENT;REWRITE_FOR_CUSTOMER
/bueroumzug-bayern,/umzug-guenzburg,service,service,0.111,0.167,1.000,0.697,0,5,no,HIGH_OVERLAP,REVIEW_SHARED_FAQ;DIFFERENTIATE_MAIN_CONTENT;REWRITE_FOR_CUSTOMER
/bueroumzug-bayern,/umzug-hagelstadt,service,service,0.111,0.200,1.000,0.755,0,7,no,HIGH_OVERLAP,REVIEW_SHARED_FAQ;DIFFERENTIATE_MAIN_CONTENT;REWRITE_FOR_CUSTOMER
/bueroumzug-bayern,/umzug-hausen,service,service,0.111,0.200,1.000,0.755,0,7,no,HIGH_OVERLAP,REVIEW_SHARED_FAQ;DIFFERENTIATE_MAIN_CONTENT;REWRITE_FOR_CUSTOMER
/bueroumzug-bayern,/umzug-hemau,service,service,0.111,0.200,1.000,0.769,0,7,no,HIGH_OVERLAP,REVIEW_SHARED_FAQ;DIFFERENTIATE_MAIN_CONTENT;REWRITE_FOR_CUSTOMER
/bueroumzug-bayern,/umzug-herzogenaurach,service,service,0.111,0.200,1.000,0.755,0,7,no,HIGH_OVERLAP,REVIEW_SHARED_FAQ;DIFFERENTIATE_MAIN_CONTENT;REWRITE_FOR_CUSTOMER
/bueroumzug-bayern,/umzug-hirschau,service,service,0.111,0.200,1.000,0.755,0,7,no,HIGH_OVERLAP,REVIEW_SHARED_FAQ;DIFFERENTIATE_MAIN_CONTENT;REWRITE_FOR_CUSTOMER
/bueroumzug-bayern,/umzug-hohenfels,service,service,0.111,0.200,1.000,0.755,0,7,no,HIGH_OVERLAP,REVIEW_SHARED_FAQ;DIFFERENTIATE_MAIN_CONTENT;REWRITE_FOR_CUSTOMER
/bueroumzug-bayern,/umzug-holzheim-am-forst,service,service,0.111,0.200,1.000,0.755,0,7,no,HIGH_OVERLAP,REVIEW_SHARED_FAQ;DIFFERENTIATE_MAIN_CONTENT;REWRITE_FOR_CUSTOMER
/bueroumzug-bayern,/umzug-ingolstadt,service,service,0.111,0.143,1.000,0.646,0,5,no,HIGH_OVERLAP,REVIEW_SHARED_FAQ;REWRITE_FOR_CUSTOMER
/bueroumzug-bayern,/umzug-kallmuenz,service,service,0.111,0.200,1.000,0.755,0,7,no,HIGH_OVERLAP,REVIEW_SHARED_FAQ;DIFFERENTIATE_MAIN_CONTENT;REWRITE_FOR_CUSTOMER
/bueroumzug-bayern,/umzug-kelheim,service,service,0.111,0.200,1.000,0.769,0,7,no,HIGH_OVERLAP,REVIEW_SHARED_FAQ;DIFFERENTIATE_MAIN_CONTENT;REWRITE_FOR_CUSTOMER
/bueroumzug-bayern,/umzug-kissing,service,service,0.111,0.200,1.000,0.755,0,7,no,HIGH_OVERLAP,REVIEW_SHARED_FAQ;DIFFERENTIATE_MAIN_CONTENT;REWRITE_FOR_CUSTOMER
/bueroumzug-bayern,/umzug-koefering,service,service,0.111,0.200,1.000,0.755,0,7,no,HIGH_OVERLAP,REVIEW_SHARED_FAQ;DIFFERENTIATE_MAIN_CONTENT;REWRITE_FOR_CUSTOMER
/bueroumzug-bayern,/umzug-koenigsbrunn,service,service,0.111,0.200,1.000,0.755,0,7,no,HIGH_OVERLAP,REVIEW_SHARED_FAQ;DIFFERENTIATE_MAIN_CONTENT;REWRITE_FOR_CUSTOMER
/bueroumzug-bayern,/umzug-koetzting,service,service,0.111,0.200,1.000,0.755,0,7,no,HIGH_OVERLAP,REVIEW_SHARED_FAQ;DIFFERENTIATE_MAIN_CONTENT;REWRITE_FOR_CUSTOMER
/bueroumzug-bayern,/umzug-laaber,service,service,0.111,0.200,1.000,0.769,0,7,no,HIGH_OVERLAP,REVIEW_SHARED_FAQ;DIFFERENTIATE_MAIN_CONTENT;REWRITE_FOR_CUSTOMER
/bueroumzug-bayern,/umzug-landau-an-der-isar,service,service,0.111,0.200,1.000,0.755,0,7,no,HIGH_OVERLAP,REVIEW_SHARED_FAQ;DIFFERENTIATE_MAIN_CONTENT;REWRITE_FOR_CUSTOMER
/bueroumzug-bayern,/umzug-landkreis-regensburg,service,service,0.100,0.167,0.750,0.590,0,4,no,HIGH_OVERLAP,REVIEW_SHARED_FAQ;REWRITE_FOR_CUSTOMER
/bueroumzug-bayern,/umzug-landsberg-am-lech,service,service,0.111,0.167,1.000,0.755,0,7,no,HIGH_OVERLAP,REVIEW_SHARED_FAQ;DIFFERENTIATE_MAIN_CONTENT;REWRITE_FOR_CUSTOMER
/bueroumzug-bayern,/umzug-landshut,service,service,0.111,0.167,1.000,0.716,0,5,no,HIGH_OVERLAP,REVIEW_SHARED_FAQ;DIFFERENTIATE_MAIN_CONTENT;REWRITE_FOR_CUSTOMER
/bueroumzug-bayern,/umzug-langquaid,service,service,0.111,0.200,1.000,0.755,0,7,no,HIGH_OVERLAP,REVIEW_SHARED_FAQ;DIFFERENTIATE_MAIN_CONTENT;REWRITE_FOR_CUSTOMER
/bueroumzug-bayern,/umzug-lappersdorf,service,service,0.111,0.200,1.000,0.769,0,7,no,HIGH_OVERLAP,REVIEW_SHARED_FAQ;DIFFERENTIATE_MAIN_CONTENT;REWRITE_FOR_CUSTOMER
/bueroumzug-bayern,/umzug-lauf-an-der-pegnitz,service,service,0.111,0.200,1.000,0.755,0,7,no,HIGH_OVERLAP,REVIEW_SHARED_FAQ;DIFFERENTIATE_MAIN_CONTENT;REWRITE_FOR_CUSTOMER
/bueroumzug-bayern,/umzug-lupburg,service,service,0.111,0.200,1.000,0.755,0,7,no,HIGH_OVERLAP,REVIEW_SHARED_FAQ;DIFFERENTIATE_MAIN_CONTENT;REWRITE_FOR_CUSTOMER
/bueroumzug-bayern,/umzug-mainburg,service,service,0.111,0.200,1.000,0.755,0,7,no,HIGH_OVERLAP,REVIEW_SHARED_FAQ;DIFFERENTIATE_MAIN_CONTENT;REWRITE_FOR_CUSTOMER
/bueroumzug-bayern,/umzug-mallersdorf-pfaffenberg,service,service,0.111,0.200,1.000,0.755,0,7,no,HIGH_OVERLAP,REVIEW_SHARED_FAQ;DIFFERENTIATE_MAIN_CONTENT;REWRITE_FOR_CUSTOMER
/bueroumzug-bayern,/umzug-mammendorf,service,service,0.111,0.200,1.000,0.755,0,7,no,HIGH_OVERLAP,REVIEW_SHARED_FAQ;DIFFERENTIATE_MAIN_CONTENT;REWRITE_FOR_CUSTOMER
/bueroumzug-bayern,/umzug-mering,service,service,0.111,0.200,1.000,0.755,0,7,no,HIGH_OVERLAP,REVIEW_SHARED_FAQ;DIFFERENTIATE_MAIN_CONTENT;REWRITE_FOR_CUSTOMER
/bueroumzug-bayern,/umzug-mintraching,service,service,0.111,0.200,1.000,0.755,0,7,no,HIGH_OVERLAP,REVIEW_SHARED_FAQ;DIFFERENTIATE_MAIN_CONTENT;REWRITE_FOR_CUSTOMER
/bueroumzug-bayern,/umzug-moetzing,service,service,0.111,0.200,1.000,0.755,0,7,no,HIGH_OVERLAP,REVIEW_SHARED_FAQ;DIFFERENTIATE_MAIN_CONTENT;REWRITE_FOR_CUSTOMER
/bueroumzug-bayern,/umzug-moosburg,service,service,0.111,0.200,1.000,0.755,0,7,no,HIGH_OVERLAP,REVIEW_SHARED_FAQ;DIFFERENTIATE_MAIN_CONTENT;REWRITE_FOR_CUSTOMER
/bueroumzug-bayern,/umzug-muenchen,service,service,0.111,0.167,1.000,0.688,0,7,no,HIGH_OVERLAP,REVIEW_SHARED_FAQ;DIFFERENTIATE_MAIN_CONTENT;REWRITE_FOR_CUSTOMER
/bueroumzug-bayern,/umzug-muenchen-bogenhausen,service,service,0.100,0.143,0.750,0.615,0,5,no,HIGH_OVERLAP,REVIEW_SHARED_FAQ;REWRITE_FOR_CUSTOMER
/bueroumzug-bayern,/umzug-muenchen-haidhausen,service,service,0.100,0.143,0.750,0.615,0,5,no,HIGH_OVERLAP,REVIEW_SHARED_FAQ;REWRITE_FOR_CUSTOMER
/bueroumzug-bayern,/umzug-muenchen-maxvorstadt,service,service,0.100,0.143,0.750,0.615,0,5,no,HIGH_OVERLAP,REVIEW_SHARED_FAQ;REWRITE_FOR_CUSTOMER
/bueroumzug-bayern,/umzug-muenchen-schwabing,service,service,0.100,0.143,0.750,0.615,0,5,no,HIGH_OVERLAP,REVIEW_SHARED_FAQ;REWRITE_FOR_CUSTOMER
/bueroumzug-bayern,/umzug-muenchen-sendling,service,service,0.100,0.143,0.750,0.615,0,5,no,HIGH_OVERLAP,REVIEW_SHARED_FAQ;REWRITE_FOR_CUSTOMER
/bueroumzug-bayern,/umzug-nabburg,service,service,0.111,0.200,1.000,0.755,0,7,no,HIGH_OVERLAP,REVIEW_SHARED_FAQ;DIFFERENTIATE_MAIN_CONTENT;REWRITE_FOR_CUSTOMER
/bueroumzug-bayern,/umzug-neu-ulm,service,service,0.111,0.200,1.000,0.755,0,7,no,HIGH_OVERLAP,REVIEW_SHARED_FAQ;DIFFERENTIATE_MAIN_CONTENT;REWRITE_FOR_CUSTOMER
/bueroumzug-bayern,/umzug-neufahrn-in-niederbayern,service,service,0.111,0.200,1.000,0.755,0,7,no,HIGH_OVERLAP,REVIEW_SHARED_FAQ;DIFFERENTIATE_MAIN_CONTENT;REWRITE_FOR_CUSTOMER
/bueroumzug-bayern,/umzug-neumarkt,service,service,0.091,0.167,1.000,0.708,0,5,no,HIGH_OVERLAP,REVIEW_SHARED_FAQ;DIFFERENTIATE_MAIN_CONTENT;REWRITE_FOR_CUSTOMER
/bueroumzug-bayern,/umzug-neunburg-vorm-wald,service,service,0.111,0.200,1.000,0.755,0,7,no,HIGH_OVERLAP,REVIEW_SHARED_FAQ;DIFFERENTIATE_MAIN_CONTENT;REWRITE_FOR_CUSTOMER
/bueroumzug-bayern,/umzug-neusaess,service,service,0.111,0.200,1.000,0.755,0,7,no,HIGH_OVERLAP,REVIEW_SHARED_FAQ;DIFFERENTIATE_MAIN_CONTENT;REWRITE_FOR_CUSTOMER
/bueroumzug-bayern,/umzug-neustadt-an-der-donau,service,service,0.111,0.200,1.000,0.755,0,7,no,HIGH_OVERLAP,REVIEW_SHARED_FAQ;DIFFERENTIATE_MAIN_CONTENT;REWRITE_FOR_CUSTOMER
/bueroumzug-bayern,/umzug-neustadt-an-der-waldnaab,service,service,0.000,0.200,1.000,0.708,0,7,no,HIGH_OVERLAP,REVIEW_SHARED_FAQ;DIFFERENTIATE_MAIN_CONTENT;REWRITE_FOR_CUSTOMER
/bueroumzug-bayern,/umzug-neutraubling,service,service,0.111,0.200,1.000,0.769,0,7,no,HIGH_OVERLAP,REVIEW_SHARED_FAQ;DIFFERENTIATE_MAIN_CONTENT;REWRITE_FOR_CUSTOMER
/bueroumzug-bayern,/umzug-nittenau,service,service,0.111,0.200,1.000,0.769,0,7,no,HIGH_OVERLAP,REVIEW_SHARED_FAQ;DIFFERENTIATE_MAIN_CONTENT;REWRITE_FOR_CUSTOMER
/bueroumzug-bayern,/umzug-nittendorf,service,service,0.111,0.200,1.000,0.769,0,7,no,HIGH_OVERLAP,REVIEW_SHARED_FAQ;DIFFERENTIATE_MAIN_CONTENT;REWRITE_FOR_CUSTOMER
/bueroumzug-bayern,/umzug-nuernberg,service,service,0.111,0.333,1.000,0.765,0,7,no,HIGH_OVERLAP,REVIEW_SHARED_FAQ;DIFFERENTIATE_MAIN_CONTENT;REWRITE_FOR_CUSTOMER
/bueroumzug-bayern,/umzug-nuernberg-gostenhof,service,service,0.100,0.143,0.750,0.615,0,5,no,HIGH_OVERLAP,REVIEW_SHARED_FAQ;REWRITE_FOR_CUSTOMER
/bueroumzug-bayern,/umzug-nuernberg-moegeldorf,service,service,0.100,0.167,0.750,0.616,0,5,no,HIGH_OVERLAP,REVIEW_SHARED_FAQ;REWRITE_FOR_CUSTOMER
/bueroumzug-bayern,/umzug-nuernberg-suedstadt,service,service,0.100,0.167,0.750,0.616,0,5,no,HIGH_OVERLAP,REVIEW_SHARED_FAQ;REWRITE_FOR_CUSTOMER
/bueroumzug-bayern,/umzug-nuernberg-ziegelstein,service,service,0.100,0.167,0.750,0.615,0,5,no,HIGH_OVERLAP,REVIEW_SHARED_FAQ;REWRITE_FOR_CUSTOMER
/bueroumzug-bayern,/umzug-oberasbach,service,service,0.111,0.200,1.000,0.755,0,7,no,HIGH_OVERLAP,REVIEW_SHARED_FAQ;DIFFERENTIATE_MAIN_CONTENT;REWRITE_FOR_CUSTOMER
/bueroumzug-bayern,/umzug-oberpfalz,service,service,0.111,0.200,1.000,0.769,0,7,no,HIGH_OVERLAP,REVIEW_SHARED_FAQ;DIFFERENTIATE_MAIN_CONTENT;REWRITE_FOR_CUSTOMER
/bueroumzug-bayern,/umzug-obertraubling,service,service,0.111,0.200,1.000,0.769,0,7,no,HIGH_OVERLAP,REVIEW_SHARED_FAQ;DIFFERENTIATE_MAIN_CONTENT;REWRITE_FOR_CUSTOMER
/bueroumzug-bayern,/umzug-oberviechtach,service,service,0.111,0.200,1.000,0.755,0,7,no,HIGH_OVERLAP,REVIEW_SHARED_FAQ;DIFFERENTIATE_MAIN_CONTENT;REWRITE_FOR_CUSTOMER
/bueroumzug-bayern,/umzug-olching,service,service,0.111,0.200,1.000,0.755,0,7,no,HIGH_OVERLAP,REVIEW_SHARED_FAQ;DIFFERENTIATE_MAIN_CONTENT;REWRITE_FOR_CUSTOMER
/bueroumzug-bayern,/umzug-osterhofen,service,service,0.111,0.200,1.000,0.755,0,7,no,HIGH_OVERLAP,REVIEW_SHARED_FAQ;DIFFERENTIATE_MAIN_CONTENT;REWRITE_FOR_CUSTOMER
/bueroumzug-bayern,/umzug-painten,service,service,0.111,0.200,1.000,0.755,0,7,no,HIGH_OVERLAP,REVIEW_SHARED_FAQ;DIFFERENTIATE_MAIN_CONTENT;REWRITE_FOR_CUSTOMER
/bueroumzug-bayern,/umzug-parsberg,service,service,0.111,0.200,1.000,0.755,0,7,no,HIGH_OVERLAP,REVIEW_SHARED_FAQ;DIFFERENTIATE_MAIN_CONTENT;REWRITE_FOR_CUSTOMER
/bueroumzug-bayern,/umzug-passau,service,service,0.111,0.167,1.000,0.716,0,5,no,HIGH_OVERLAP,REVIEW_SHARED_FAQ;DIFFERENTIATE_MAIN_CONTENT;REWRITE_FOR_CUSTOMER
/bueroumzug-bayern,/umzug-pentling,service,service,0.111,0.200,1.000,0.769,0,7,no,HIGH_OVERLAP,REVIEW_SHARED_FAQ;DIFFERENTIATE_MAIN_CONTENT;REWRITE_FOR_CUSTOMER
/bueroumzug-bayern,/umzug-pettendorf,service,service,0.111,0.200,1.000,0.755,0,7,no,HIGH_OVERLAP,REVIEW_SHARED_FAQ;DIFFERENTIATE_MAIN_CONTENT;REWRITE_FOR_CUSTOMER
/bueroumzug-bayern,/umzug-pfaffenhofen,service,service,0.111,0.200,1.000,0.755,0,7,no,HIGH_OVERLAP,REVIEW_SHARED_FAQ;DIFFERENTIATE_MAIN_CONTENT;REWRITE_FOR_CUSTOMER
/bueroumzug-bayern,/umzug-pfarrkirchen,service,service,0.111,0.200,1.000,0.755,0,7,no,HIGH_OVERLAP,REVIEW_SHARED_FAQ;DIFFERENTIATE_MAIN_CONTENT;REWRITE_FOR_CUSTOMER
/bueroumzug-bayern,/umzug-pfatter,service,service,0.111,0.200,1.000,0.755,0,7,no,HIGH_OVERLAP,REVIEW_SHARED_FAQ;DIFFERENTIATE_MAIN_CONTENT;REWRITE_FOR_CUSTOMER
/bueroumzug-bayern,/umzug-pfeffenhausen,service,service,0.111,0.200,1.000,0.755,0,7,no,HIGH_OVERLAP,REVIEW_SHARED_FAQ;DIFFERENTIATE_MAIN_CONTENT;REWRITE_FOR_CUSTOMER
/bueroumzug-bayern,/umzug-pfreimd,service,service,0.111,0.200,1.000,0.755,0,7,no,HIGH_OVERLAP,REVIEW_SHARED_FAQ;DIFFERENTIATE_MAIN_CONTENT;REWRITE_FOR_CUSTOMER
/bueroumzug-bayern,/umzug-pielenhofen,service,service,0.111,0.200,1.000,0.755,0,7,no,HIGH_OVERLAP,REVIEW_SHARED_FAQ;DIFFERENTIATE_MAIN_CONTENT;REWRITE_FOR_CUSTOMER
/bueroumzug-bayern,/umzug-plattling,service,service,0.111,0.200,1.000,0.755,0,7,no,HIGH_OVERLAP,REVIEW_SHARED_FAQ;DIFFERENTIATE_MAIN_CONTENT;REWRITE_FOR_CUSTOMER
/bueroumzug-bayern,/umzug-pocking,service,service,0.111,0.200,1.000,0.755,0,7,no,HIGH_OVERLAP,REVIEW_SHARED_FAQ;DIFFERENTIATE_MAIN_CONTENT;REWRITE_FOR_CUSTOMER
/bueroumzug-bayern,/umzug-postbauer-heng,service,service,0.111,0.200,1.000,0.755,0,7,no,HIGH_OVERLAP,REVIEW_SHARED_FAQ;DIFFERENTIATE_MAIN_CONTENT;REWRITE_FOR_CUSTOMER
/bueroumzug-bayern,/umzug-regen,service,service,0.111,0.200,1.000,0.755,0,7,no,HIGH_OVERLAP,REVIEW_SHARED_FAQ;DIFFERENTIATE_MAIN_CONTENT;REWRITE_FOR_CUSTOMER
/bueroumzug-bayern,/umzug-regenstauf,service,service,0.111,0.200,1.000,0.769,0,7,no,HIGH_OVERLAP,REVIEW_SHARED_FAQ;DIFFERENTIATE_MAIN_CONTENT;REWRITE_FOR_CUSTOMER
/bueroumzug-bayern,/umzug-riedenburg,service,service,0.111,0.200,1.000,0.755,0,7,no,HIGH_OVERLAP,REVIEW_SHARED_FAQ;DIFFERENTIATE_MAIN_CONTENT;REWRITE_FOR_CUSTOMER
/bueroumzug-bayern,/umzug-riekofen,service,service,0.111,0.200,1.000,0.755,0,7,no,HIGH_OVERLAP,REVIEW_SHARED_FAQ;DIFFERENTIATE_MAIN_CONTENT;REWRITE_FOR_CUSTOMER
/bueroumzug-bayern,/umzug-roding,service,service,0.111,0.200,1.000,0.755,0,7,no,HIGH_OVERLAP,REVIEW_SHARED_FAQ;DIFFERENTIATE_MAIN_CONTENT;REWRITE_FOR_CUSTOMER
/bueroumzug-bayern,/umzug-rosenheim,service,service,0.111,0.167,1.000,0.690,0,5,no,HIGH_OVERLAP,REVIEW_SHARED_FAQ;DIFFERENTIATE_MAIN_CONTENT;REWRITE_FOR_CUSTOMER
/bueroumzug-bayern,/umzug-roth,service,service,0.111,0.200,1.000,0.755,0,7,no,HIGH_OVERLAP,REVIEW_SHARED_FAQ;DIFFERENTIATE_MAIN_CONTENT;REWRITE_FOR_CUSTOMER
/bueroumzug-bayern,/umzug-rottenburg-an-der-laaber,service,service,0.111,0.200,1.000,0.755,0,7,no,HIGH_OVERLAP,REVIEW_SHARED_FAQ;DIFFERENTIATE_MAIN_CONTENT;REWRITE_FOR_CUSTOMER
/bueroumzug-bayern,/umzug-saal-an-der-donau,service,service,0.111,0.200,1.000,0.755,0,7,no,HIGH_OVERLAP,REVIEW_SHARED_FAQ;DIFFERENTIATE_MAIN_CONTENT;REWRITE_FOR_CUSTOMER
/bueroumzug-bayern,/umzug-schierling,service,service,0.111,0.200,1.000,0.769,0,7,no,HIGH_OVERLAP,REVIEW_SHARED_FAQ;DIFFERENTIATE_MAIN_CONTENT;REWRITE_FOR_CUSTOMER
/bueroumzug-bayern,/umzug-schnaittenbach,service,service,0.111,0.200,1.000,0.755,0,7,no,HIGH_OVERLAP,REVIEW_SHARED_FAQ;DIFFERENTIATE_MAIN_CONTENT;REWRITE_FOR_CUSTOMER
/bueroumzug-bayern,/umzug-schwabach,service,service,0.111,0.200,1.000,0.755,0,7,no,HIGH_OVERLAP,REVIEW_SHARED_FAQ;DIFFERENTIATE_MAIN_CONTENT;REWRITE_FOR_CUSTOMER
/bueroumzug-bayern,/umzug-schwandorf,service,service,0.111,0.167,1.000,0.711,0,5,no,HIGH_OVERLAP,REVIEW_SHARED_FAQ;DIFFERENTIATE_MAIN_CONTENT;REWRITE_FOR_CUSTOMER
/bueroumzug-bayern,/umzug-schwarzenfeld,service,service,0.111,0.200,1.000,0.755,0,7,no,HIGH_OVERLAP,REVIEW_SHARED_FAQ;DIFFERENTIATE_MAIN_CONTENT;REWRITE_FOR_CUSTOMER
/bueroumzug-bayern,/umzug-schweinfurt,service,service,0.111,0.200,1.000,0.755,0,7,no,HIGH_OVERLAP,REVIEW_SHARED_FAQ;DIFFERENTIATE_MAIN_CONTENT;REWRITE_FOR_CUSTOMER
/bueroumzug-bayern,/umzug-seubersdorf,service,service,0.111,0.200,1.000,0.755,0,7,no,HIGH_OVERLAP,REVIEW_SHARED_FAQ;DIFFERENTIATE_MAIN_CONTENT;REWRITE_FOR_CUSTOMER
/bueroumzug-bayern,/umzug-simbach-am-inn,service,service,0.111,0.200,1.000,0.755,0,7,no,HIGH_OVERLAP,REVIEW_SHARED_FAQ;DIFFERENTIATE_MAIN_CONTENT;REWRITE_FOR_CUSTOMER
/bueroumzug-bayern,/umzug-sinzing,service,service,0.111,0.200,1.000,0.769,0,7,no,HIGH_OVERLAP,REVIEW_SHARED_FAQ;DIFFERENTIATE_MAIN_CONTENT;REWRITE_FOR_CUSTOMER
/bueroumzug-bayern,/umzug-starnberg,service,service,0.111,0.167,1.000,0.690,0,5,no,HIGH_OVERLAP,REVIEW_SHARED_FAQ;DIFFERENTIATE_MAIN_CONTENT;REWRITE_FOR_CUSTOMER
/bueroumzug-bayern,/umzug-steinberg-am-see,service,service,0.111,0.200,1.000,0.755,0,7,no,HIGH_OVERLAP,REVIEW_SHARED_FAQ;DIFFERENTIATE_MAIN_CONTENT;REWRITE_FOR_CUSTOMER
/bueroumzug-bayern,/umzug-straubing,service,service,0.111,0.167,1.000,0.716,0,5,no,HIGH_OVERLAP,REVIEW_SHARED_FAQ;DIFFERENTIATE_MAIN_CONTENT;REWRITE_FOR_CUSTOMER
/bueroumzug-bayern,/umzug-suenching,service,service,0.111,0.200,1.000,0.755,0,7,no,HIGH_OVERLAP,REVIEW_SHARED_FAQ;DIFFERENTIATE_MAIN_CONTENT;REWRITE_FOR_CUSTOMER
/bueroumzug-bayern,/umzug-sulzbach-rosenberg,service,service,0.111,0.200,1.000,0.755,0,7,no,HIGH_OVERLAP,REVIEW_SHARED_FAQ;DIFFERENTIATE_MAIN_CONTENT;REWRITE_FOR_CUSTOMER
/bueroumzug-bayern,/umzug-tegernheim,service,service,0.111,0.200,1.000,0.769,0,7,no,HIGH_OVERLAP,REVIEW_SHARED_FAQ;DIFFERENTIATE_MAIN_CONTENT;REWRITE_FOR_CUSTOMER
/bueroumzug-bayern,/umzug-teublitz,service,service,0.111,0.200,1.000,0.769,0,7,no,HIGH_OVERLAP,REVIEW_SHARED_FAQ;DIFFERENTIATE_MAIN_CONTENT;REWRITE_FOR_CUSTOMER
/bueroumzug-bayern,/umzug-thalmassing,service,service,0.111,0.200,1.000,0.755,0,7,no,HIGH_OVERLAP,REVIEW_SHARED_FAQ;DIFFERENTIATE_MAIN_CONTENT;REWRITE_FOR_CUSTOMER
/bueroumzug-bayern,/umzug-tirschenreuth,service,service,0.111,0.200,1.000,0.755,0,7,no,HIGH_OVERLAP,REVIEW_SHARED_FAQ;DIFFERENTIATE_MAIN_CONTENT;REWRITE_FOR_CUSTOMER
/bueroumzug-bayern,/umzug-unterhaching,service,service,0.111,0.200,1.000,0.755,0,7,no,HIGH_OVERLAP,REVIEW_SHARED_FAQ;DIFFERENTIATE_MAIN_CONTENT;REWRITE_FOR_CUSTOMER
/bueroumzug-bayern,/umzug-velburg,service,service,0.111,0.200,1.000,0.755,0,7,no,HIGH_OVERLAP,REVIEW_SHARED_FAQ;DIFFERENTIATE_MAIN_CONTENT;REWRITE_FOR_CUSTOMER
/bueroumzug-bayern,/umzug-viechtach,service,service,0.111,0.200,1.000,0.755,0,7,no,HIGH_OVERLAP,REVIEW_SHARED_FAQ;DIFFERENTIATE_MAIN_CONTENT;REWRITE_FOR_CUSTOMER
/bueroumzug-bayern,/umzug-vilsbiburg,service,service,0.111,0.200,1.000,0.755,0,7,no,HIGH_OVERLAP,REVIEW_SHARED_FAQ;DIFFERENTIATE_MAIN_CONTENT;REWRITE_FOR_CUSTOMER
/bueroumzug-bayern,/umzug-vilseck,service,service,0.111,0.200,1.000,0.755,0,7,no,HIGH_OVERLAP,REVIEW_SHARED_FAQ;DIFFERENTIATE_MAIN_CONTENT;REWRITE_FOR_CUSTOMER
/bueroumzug-bayern,/umzug-vilshofen,service,service,0.111,0.200,1.000,0.755,0,7,no,HIGH_OVERLAP,REVIEW_SHARED_FAQ;DIFFERENTIATE_MAIN_CONTENT;REWRITE_FOR_CUSTOMER
/bueroumzug-bayern,/umzug-vohburg,service,service,0.111,0.200,1.000,0.755,0,7,no,HIGH_OVERLAP,REVIEW_SHARED_FAQ;DIFFERENTIATE_MAIN_CONTENT;REWRITE_FOR_CUSTOMER
/bueroumzug-bayern,/umzug-vohenstrauss,service,service,0.125,0.200,1.000,0.708,0,7,no,HIGH_OVERLAP,REVIEW_SHARED_FAQ;DIFFERENTIATE_MAIN_CONTENT;REWRITE_FOR_CUSTOMER
/bueroumzug-bayern,/umzug-wackersdorf,service,service,0.111,0.200,1.000,0.755,0,7,no,HIGH_OVERLAP,REVIEW_SHARED_FAQ;DIFFERENTIATE_MAIN_CONTENT;REWRITE_FOR_CUSTOMER
/bueroumzug-bayern,/umzug-waldkirchen,service,service,0.111,0.200,1.000,0.755,0,7,no,HIGH_OVERLAP,REVIEW_SHARED_FAQ;DIFFERENTIATE_MAIN_CONTENT;REWRITE_FOR_CUSTOMER
/bueroumzug-bayern,/umzug-waldmuenchen,service,service,0.111,0.200,1.000,0.690,0,5,no,HIGH_OVERLAP,REVIEW_SHARED_FAQ;DIFFERENTIATE_MAIN_CONTENT;REWRITE_FOR_CUSTOMER
/bueroumzug-bayern,/umzug-weiden,service,service,0.091,0.167,1.000,0.696,0,5,no,HIGH_OVERLAP,REVIEW_SHARED_FAQ;DIFFERENTIATE_MAIN_CONTENT;REWRITE_FOR_CUSTOMER
/bueroumzug-bayern,/umzug-weilheim-in-oberbayern,service,service,0.111,0.200,1.000,0.755,0,7,no,HIGH_OVERLAP,REVIEW_SHARED_FAQ;DIFFERENTIATE_MAIN_CONTENT;REWRITE_FOR_CUSTOMER
/bueroumzug-bayern,/umzug-wendelstein,service,service,0.111,0.200,1.000,0.755,0,7,no,HIGH_OVERLAP,REVIEW_SHARED_FAQ;DIFFERENTIATE_MAIN_CONTENT;REWRITE_FOR_CUSTOMER
/bueroumzug-bayern,/umzug-wenzenbach,service,service,0.111,0.200,1.000,0.769,0,7,no,HIGH_OVERLAP,REVIEW_SHARED_FAQ;DIFFERENTIATE_MAIN_CONTENT;REWRITE_FOR_CUSTOMER
/bueroumzug-bayern,/umzug-wernberg-koeblitz,service,service,0.111,0.200,1.000,0.755,0,7,no,HIGH_OVERLAP,REVIEW_SHARED_FAQ;DIFFERENTIATE_MAIN_CONTENT;REWRITE_FOR_CUSTOMER
/bueroumzug-bayern,/umzug-wiesent,service,service,0.111,0.200,1.000,0.755,0,7,no,HIGH_OVERLAP,REVIEW_SHARED_FAQ;DIFFERENTIATE_MAIN_CONTENT;REWRITE_FOR_CUSTOMER
/bueroumzug-bayern,/umzug-windischeschenbach,service,service,0.111,0.200,1.000,0.755,0,7,no,HIGH_OVERLAP,REVIEW_SHARED_FAQ;DIFFERENTIATE_MAIN_CONTENT;REWRITE_FOR_CUSTOMER
/bueroumzug-bayern,/umzug-woerth-an-der-donau,service,service,0.111,0.200,1.000,0.769,0,7,no,HIGH_OVERLAP,REVIEW_SHARED_FAQ;DIFFERENTIATE_MAIN_CONTENT;REWRITE_FOR_CUSTOMER
/bueroumzug-bayern,/umzug-wolfsegg,service,service,0.111,0.200,1.000,0.755,0,7,no,HIGH_OVERLAP,REVIEW_SHARED_FAQ;DIFFERENTIATE_MAIN_CONTENT;REWRITE_FOR_CUSTOMER
/bueroumzug-bayern,/umzug-wolnzach,service,service,0.111,0.200,1.000,0.755,0,7,no,HIGH_OVERLAP,REVIEW_SHARED_FAQ;DIFFERENTIATE_MAIN_CONTENT;REWRITE_FOR_CUSTOMER
/bueroumzug-bayern,/umzug-zeitlarn,service,service,0.111,0.200,1.000,0.769,0,7,no,HIGH_OVERLAP,REVIEW_SHARED_FAQ;DIFFERENTIATE_MAIN_CONTENT;REWRITE_FOR_CUSTOMER
/bueroumzug-bayern,/umzug-zirndorf,service,service,0.111,0.200,1.000,0.755,0,7,no,HIGH_OVERLAP,REVIEW_SHARED_FAQ;DIFFERENTIATE_MAIN_CONTENT;REWRITE_FOR_CUSTOMER
/bueroumzug-bayern,/umzug-zwiesel,service,service,0.111,0.200,1.000,0.755,0,7,no,HIGH_OVERLAP,REVIEW_SHARED_FAQ;DIFFERENTIATE_MAIN_CONTENT;REWRITE_FOR_CUSTOMER
/bueroumzug-beilngries,/bueroumzug-beratzhausen,service,service,1.000,1.000,1.000,1.000,0,9,no,HIGH_OVERLAP,REVIEW_SHARED_FAQ;DIFFERENTIATE_MAIN_CONTENT;REWRITE_FOR_CUSTOMER
/bueroumzug-beilngries,/bueroumzug-berching,service,service,0.125,1.000,1.000,1.000,0,9,no,HIGH_OVERLAP,REVIEW_SHARED_FAQ;DIFFERENTIATE_MAIN_CONTENT;REWRITE_FOR_CUSTOMER
/bueroumzug-beilngries,/bueroumzug-bernhardswald,service,service,0.111,1.000,1.000,1.000,0,9,no,HIGH_OVERLAP,REVIEW_SHARED_FAQ;DIFFERENTIATE_MAIN_CONTENT;REWRITE_FOR_CUSTOMER
/bueroumzug-beilngries,/bueroumzug-bogen,service,service,0.111,1.000,1.000,1.000,0,9,no,HIGH_OVERLAP,REVIEW_SHARED_FAQ;DIFFERENTIATE_MAIN_CONTENT;REWRITE_FOR_CUSTOMER
/bueroumzug-beilngries,/bueroumzug-brennberg,service,service,0.250,1.000,1.000,1.000,0,9,no,HIGH_OVERLAP,REVIEW_SHARED_FAQ;DIFFERENTIATE_MAIN_CONTENT;REWRITE_FOR_CUSTOMER
/bueroumzug-beilngries,/bueroumzug-brunn,service,service,0.250,1.000,1.000,1.000,0,9,no,HIGH_OVERLAP,REVIEW_SHARED_FAQ;DIFFERENTIATE_MAIN_CONTENT;REWRITE_FOR_CUSTOMER
/bueroumzug-beilngries,/bueroumzug-burglengenfeld,service,service,0.125,1.000,1.000,1.000,0,9,no,HIGH_OVERLAP,REVIEW_SHARED_FAQ;DIFFERENTIATE_MAIN_CONTENT;REWRITE_FOR_CUSTOMER
/bueroumzug-beratzhausen,/bueroumzug-berching,service,service,0.125,1.000,1.000,1.000,0,9,no,HIGH_OVERLAP,REVIEW_SHARED_FAQ;DIFFERENTIATE_MAIN_CONTENT;REWRITE_FOR_CUSTOMER
/bueroumzug-beratzhausen,/bueroumzug-bernhardswald,service,service,0.111,1.000,1.000,1.000,0,9,no,HIGH_OVERLAP,REVIEW_SHARED_FAQ;DIFFERENTIATE_MAIN_CONTENT;REWRITE_FOR_CUSTOMER
/bueroumzug-beratzhausen,/bueroumzug-bogen,service,service,0.111,1.000,1.000,1.000,0,9,no,HIGH_OVERLAP,REVIEW_SHARED_FAQ;DIFFERENTIATE_MAIN_CONTENT;REWRITE_FOR_CUSTOMER
/bueroumzug-beratzhausen,/bueroumzug-brennberg,service,service,0.250,1.000,1.000,1.000,0,9,no,HIGH_OVERLAP,REVIEW_SHARED_FAQ;DIFFERENTIATE_MAIN_CONTENT;REWRITE_FOR_CUSTOMER
/bueroumzug-beratzhausen,/bueroumzug-brunn,service,service,0.250,1.000,1.000,1.000,0,9,no,HIGH_OVERLAP,REVIEW_SHARED_FAQ;DIFFERENTIATE_MAIN_CONTENT;REWRITE_FOR_CUSTOMER
/bueroumzug-beratzhausen,/bueroumzug-burglengenfeld,service,service,0.125,1.000,1.000,1.000,0,9,no,HIGH_OVERLAP,REVIEW_SHARED_FAQ;DIFFERENTIATE_MAIN_CONTENT;REWRITE_FOR_CUSTOMER
/bueroumzug-berching,/bueroumzug-bernhardswald,service,service,0.125,1.000,1.000,1.000,0,9,no,HIGH_OVERLAP,REVIEW_SHARED_FAQ;DIFFERENTIATE_MAIN_CONTENT;REWRITE_FOR_CUSTOMER
/bueroumzug-berching,/bueroumzug-bogen,service,service,0.125,1.000,1.000,1.000,0,9,no,HIGH_OVERLAP,REVIEW_SHARED_FAQ;DIFFERENTIATE_MAIN_CONTENT;REWRITE_FOR_CUSTOMER
/bueroumzug-berching,/bueroumzug-brennberg,service,service,0.125,1.000,1.000,1.000,0,9,no,HIGH_OVERLAP,REVIEW_SHARED_FAQ;DIFFERENTIATE_MAIN_CONTENT;REWRITE_FOR_CUSTOMER
/bueroumzug-berching,/bueroumzug-brunn,service,service,0.125,1.000,1.000,1.000,0,9,no,HIGH_OVERLAP,REVIEW_SHARED_FAQ;DIFFERENTIATE_MAIN_CONTENT;REWRITE_FOR_CUSTOMER
/bueroumzug-berching,/bueroumzug-burglengenfeld,service,service,1.000,1.000,1.000,1.000,0,9,no,HIGH_OVERLAP,REVIEW_SHARED_FAQ;DIFFERENTIATE_MAIN_CONTENT;REWRITE_FOR_CUSTOMER
/bueroumzug-bernhardswald,/bueroumzug-bogen,service,service,1.000,1.000,1.000,1.000,0,9,no,HIGH_OVERLAP,REVIEW_SHARED_FAQ;DIFFERENTIATE_MAIN_CONTENT;REWRITE_FOR_CUSTOMER
/bueroumzug-bernhardswald,/bueroumzug-brennberg,service,service,0.250,1.000,1.000,1.000,0,9,no,HIGH_OVERLAP,REVIEW_SHARED_FAQ;DIFFERENTIATE_MAIN_CONTENT;REWRITE_FOR_CUSTOMER
/bueroumzug-bernhardswald,/bueroumzug-brunn,service,service,0.250,1.000,1.000,1.000,0,9,no,HIGH_OVERLAP,REVIEW_SHARED_FAQ;DIFFERENTIATE_MAIN_CONTENT;REWRITE_FOR_CUSTOMER
/bueroumzug-bernhardswald,/bueroumzug-burglengenfeld,service,service,0.125,1.000,1.000,1.000,0,9,no,HIGH_OVERLAP,REVIEW_SHARED_FAQ;DIFFERENTIATE_MAIN_CONTENT;REWRITE_FOR_CUSTOMER
/bueroumzug-bogen,/bueroumzug-brennberg,service,service,0.250,1.000,1.000,1.000,0,9,no,HIGH_OVERLAP,REVIEW_SHARED_FAQ;DIFFERENTIATE_MAIN_CONTENT;REWRITE_FOR_CUSTOMER
/bueroumzug-bogen,/bueroumzug-brunn,service,service,0.250,1.000,1.000,1.000,0,9,no,HIGH_OVERLAP,REVIEW_SHARED_FAQ;DIFFERENTIATE_MAIN_CONTENT;REWRITE_FOR_CUSTOMER
/bueroumzug-bogen,/bueroumzug-burglengenfeld,service,service,0.125,1.000,1.000,1.000,0,9,no,HIGH_OVERLAP,REVIEW_SHARED_FAQ;DIFFERENTIATE_MAIN_CONTENT;REWRITE_FOR_CUSTOMER
/bueroumzug-brennberg,/bueroumzug-brunn,service,service,1.000,1.000,1.000,1.000,0,9,no,HIGH_OVERLAP,REVIEW_SHARED_FAQ;DIFFERENTIATE_MAIN_CONTENT;REWRITE_FOR_CUSTOMER
/bueroumzug-brennberg,/bueroumzug-burglengenfeld,service,service,0.125,1.000,1.000,1.000,0,9,no,HIGH_OVERLAP,REVIEW_SHARED_FAQ;DIFFERENTIATE_MAIN_CONTENT;REWRITE_FOR_CUSTOMER
/bueroumzug-brunn,/bueroumzug-burglengenfeld,service,service,0.125,1.000,1.000,1.000,0,9,no,HIGH_OVERLAP,REVIEW_SHARED_FAQ;DIFFERENTIATE_MAIN_CONTENT;REWRITE_FOR_CUSTOMER
/bueroumzug-cham,/bueroumzug-coburg,service,service,0.111,1.000,1.000,0.917,0,6,no,HIGH_OVERLAP,REVIEW_SHARED_FAQ;DIFFERENTIATE_MAIN_CONTENT;REWRITE_FOR_CUSTOMER
/bueroumzug-cham,/bueroumzug-dachau,service,service,0.125,1.000,1.000,0.917,0,6,no,HIGH_OVERLAP,REVIEW_SHARED_FAQ;DIFFERENTIATE_MAIN_CONTENT;REWRITE_FOR_CUSTOMER
/bueroumzug-cham,/bueroumzug-deggendorf,service,service,1.000,1.000,1.000,0.917,0,6,no,HIGH_OVERLAP,REVIEW_SHARED_FAQ;DIFFERENTIATE_MAIN_CONTENT;REWRITE_FOR_CUSTOMER
/bueroumzug-cham,/bueroumzug-deuerling,service,service,1.000,1.000,1.000,0.917,0,6,no,HIGH_OVERLAP,REVIEW_SHARED_FAQ;DIFFERENTIATE_MAIN_CONTENT;REWRITE_FOR_CUSTOMER
/bueroumzug-cham,/bueroumzug-dietfurt,service,service,1.000,1.000,1.000,0.917,0,6,no,HIGH_OVERLAP,REVIEW_SHARED_FAQ;DIFFERENTIATE_MAIN_CONTENT;REWRITE_FOR_CUSTOMER
/bueroumzug-cham,/bueroumzug-dingolfing,service,service,0.250,1.000,1.000,0.917,0,6,no,HIGH_OVERLAP,REVIEW_SHARED_FAQ;DIFFERENTIATE_MAIN_CONTENT;REWRITE_FOR_CUSTOMER
/bueroumzug-cham,/bueroumzug-donaustauf,service,service,0.125,1.000,1.000,0.917,0,6,no,HIGH_OVERLAP,REVIEW_SHARED_FAQ;DIFFERENTIATE_MAIN_CONTENT;REWRITE_FOR_CUSTOMER
/bueroumzug-coburg,/bueroumzug-dachau,service,service,0.125,1.000,1.000,1.000,0,9,no,HIGH_OVERLAP,REVIEW_SHARED_FAQ;DIFFERENTIATE_MAIN_CONTENT;REWRITE_FOR_CUSTOMER
/bueroumzug-coburg,/bueroumzug-deggendorf,service,service,0.111,1.000,1.000,1.000,0,9,no,HIGH_OVERLAP,REVIEW_SHARED_FAQ;DIFFERENTIATE_MAIN_CONTENT;REWRITE_FOR_CUSTOMER
/bueroumzug-coburg,/bueroumzug-deuerling,service,service,0.111,1.000,1.000,1.000,0,9,no,HIGH_OVERLAP,REVIEW_SHARED_FAQ;DIFFERENTIATE_MAIN_CONTENT;REWRITE_FOR_CUSTOMER
/bueroumzug-coburg,/bueroumzug-dietfurt,service,service,0.111,1.000,1.000,1.000,0,9,no,HIGH_OVERLAP,REVIEW_SHARED_FAQ;DIFFERENTIATE_MAIN_CONTENT;REWRITE_FOR_CUSTOMER
/bueroumzug-coburg,/bueroumzug-dingolfing,service,service,0.250,1.000,1.000,1.000,0,9,no,HIGH_OVERLAP,REVIEW_SHARED_FAQ;DIFFERENTIATE_MAIN_CONTENT;REWRITE_FOR_CUSTOMER
/bueroumzug-coburg,/bueroumzug-donaustauf,service,service,0.125,1.000,1.000,1.000,0,9,no,HIGH_OVERLAP,REVIEW_SHARED_FAQ;DIFFERENTIATE_MAIN_CONTENT;REWRITE_FOR_CUSTOMER
/bueroumzug-dachau,/bueroumzug-deggendorf,service,service,0.125,1.000,1.000,1.000,0,9,no,HIGH_OVERLAP,REVIEW_SHARED_FAQ;DIFFERENTIATE_MAIN_CONTENT;REWRITE_FOR_CUSTOMER
/bueroumzug-dachau,/bueroumzug-deuerling,service,service,0.125,1.000,1.000,1.000,0,9,no,HIGH_OVERLAP,REVIEW_SHARED_FAQ;DIFFERENTIATE_MAIN_CONTENT;REWRITE_FOR_CUSTOMER
/bueroumzug-dachau,/bueroumzug-dietfurt,service,service,0.125,1.000,1.000,1.000,0,9,no,HIGH_OVERLAP,REVIEW_SHARED_FAQ;DIFFERENTIATE_MAIN_CONTENT;REWRITE_FOR_CUSTOMER
/bueroumzug-dachau,/bueroumzug-dingolfing,service,service,0.125,1.000,1.000,1.000,0,9,no,HIGH_OVERLAP,REVIEW_SHARED_FAQ;DIFFERENTIATE_MAIN_CONTENT;REWRITE_FOR_CUSTOMER
/bueroumzug-dachau,/bueroumzug-donaustauf,service,service,1.000,1.000,1.000,1.000,0,9,no,HIGH_OVERLAP,REVIEW_SHARED_FAQ;DIFFERENTIATE_MAIN_CONTENT;REWRITE_FOR_CUSTOMER
/bueroumzug-deggendorf,/bueroumzug-deuerling,service,service,1.000,1.000,1.000,1.000,0,9,no,HIGH_OVERLAP,REVIEW_SHARED_FAQ;DIFFERENTIATE_MAIN_CONTENT;REWRITE_FOR_CUSTOMER
/bueroumzug-deggendorf,/bueroumzug-dietfurt,service,service,1.000,1.000,1.000,1.000,0,9,no,HIGH_OVERLAP,REVIEW_SHARED_FAQ;DIFFERENTIATE_MAIN_CONTENT;REWRITE_FOR_CUSTOMER
/bueroumzug-deggendorf,/bueroumzug-dingolfing,service,service,0.250,1.000,1.000,1.000,0,9,no,HIGH_OVERLAP,REVIEW_SHARED_FAQ;DIFFERENTIATE_MAIN_CONTENT;REWRITE_FOR_CUSTOMER
/bueroumzug-deggendorf,/bueroumzug-donaustauf,service,service,0.125,1.000,1.000,1.000,0,9,no,HIGH_OVERLAP,REVIEW_SHARED_FAQ;DIFFERENTIATE_MAIN_CONTENT;REWRITE_FOR_CUSTOMER
/bueroumzug-deuerling,/bueroumzug-dietfurt,service,service,1.000,1.000,1.000,1.000,0,9,no,HIGH_OVERLAP,REVIEW_SHARED_FAQ;DIFFERENTIATE_MAIN_CONTENT;REWRITE_FOR_CUSTOMER
/bueroumzug-deuerling,/bueroumzug-dingolfing,service,service,0.250,1.000,1.000,1.000,0,9,no,HIGH_OVERLAP,REVIEW_SHARED_FAQ;DIFFERENTIATE_MAIN_CONTENT;REWRITE_FOR_CUSTOMER
/bueroumzug-deuerling,/bueroumzug-donaustauf,service,service,0.125,1.000,1.000,1.000,0,9,no,HIGH_OVERLAP,REVIEW_SHARED_FAQ;DIFFERENTIATE_MAIN_CONTENT;REWRITE_FOR_CUSTOMER
/bueroumzug-dietfurt,/bueroumzug-dingolfing,service,service,0.250,1.000,1.000,1.000,0,9,no,HIGH_OVERLAP,REVIEW_SHARED_FAQ;DIFFERENTIATE_MAIN_CONTENT;REWRITE_FOR_CUSTOMER
/bueroumzug-dietfurt,/bueroumzug-donaustauf,service,service,0.125,1.000,1.000,1.000,0,9,no,HIGH_OVERLAP,REVIEW_SHARED_FAQ;DIFFERENTIATE_MAIN_CONTENT;REWRITE_FOR_CUSTOMER
/bueroumzug-dingolfing,/bueroumzug-donaustauf,service,service,0.125,1.000,1.000,1.000,0,9,no,HIGH_OVERLAP,REVIEW_SHARED_FAQ;DIFFERENTIATE_MAIN_CONTENT;REWRITE_FOR_CUSTOMER
/bueroumzug-duggendorf,/bueroumzug-eggenfelden,service,service,0.111,1.000,1.000,1.000,0,9,no,HIGH_OVERLAP,REVIEW_SHARED_FAQ;DIFFERENTIATE_MAIN_CONTENT;REWRITE_FOR_CUSTOMER
/bueroumzug-duggendorf,/bueroumzug-eichstaett,service,service,0.125,1.000,1.000,1.000,0,9,no,HIGH_OVERLAP,REVIEW_SHARED_FAQ;DIFFERENTIATE_MAIN_CONTENT;REWRITE_FOR_CUSTOMER
/bueroumzug-duggendorf,/bueroumzug-erding,service,service,0.250,1.000,1.000,1.000,0,9,no,HIGH_OVERLAP,REVIEW_SHARED_FAQ;DIFFERENTIATE_MAIN_CONTENT;REWRITE_FOR_CUSTOMER
/bueroumzug-duggendorf,/bueroumzug-ergoldsbach,service,service,0.111,1.000,1.000,1.000,0,9,no,HIGH_OVERLAP,REVIEW_SHARED_FAQ;DIFFERENTIATE_MAIN_CONTENT;REWRITE_FOR_CUSTOMER
/bueroumzug-duggendorf,/bueroumzug-erlangen,service,service,0.111,1.000,1.000,0.925,0,6,no,HIGH_OVERLAP,REVIEW_SHARED_FAQ;DIFFERENTIATE_MAIN_CONTENT;REWRITE_FOR_CUSTOMER
/bueroumzug-duggendorf,/bueroumzug-eschenbach-in-der-oberpfalz,service,service,0.111,1.000,1.000,1.000,0,9,no,HIGH_OVERLAP,REVIEW_SHARED_FAQ;DIFFERENTIATE_MAIN_CONTENT;REWRITE_FOR_CUSTOMER
/bueroumzug-duggendorf,/bueroumzug-feucht,service,service,1.000,1.000,1.000,1.000,0,9,no,HIGH_OVERLAP,REVIEW_SHARED_FAQ;DIFFERENTIATE_MAIN_CONTENT;REWRITE_FOR_CUSTOMER
/bueroumzug-eggenfelden,/bueroumzug-eichstaett,service,service,0.125,1.000,1.000,1.000,0,9,no,HIGH_OVERLAP,REVIEW_SHARED_FAQ;DIFFERENTIATE_MAIN_CONTENT;REWRITE_FOR_CUSTOMER
/bueroumzug-eggenfelden,/bueroumzug-erding,service,service,0.250,1.000,1.000,1.000,0,9,no,HIGH_OVERLAP,REVIEW_SHARED_FAQ;DIFFERENTIATE_MAIN_CONTENT;REWRITE_FOR_CUSTOMER
/bueroumzug-eggenfelden,/bueroumzug-ergoldsbach,service,service,1.000,1.000,1.000,1.000,0,9,no,HIGH_OVERLAP,REVIEW_SHARED_FAQ;DIFFERENTIATE_MAIN_CONTENT;REWRITE_FOR_CUSTOMER
/bueroumzug-eggenfelden,/bueroumzug-erlangen,service,service,1.000,1.000,1.000,0.925,0,6,no,HIGH_OVERLAP,REVIEW_SHARED_FAQ;DIFFERENTIATE_MAIN_CONTENT;REWRITE_FOR_CUSTOMER
/bueroumzug-eggenfelden,/bueroumzug-eschenbach-in-der-oberpfalz,service,service,1.000,1.000,1.000,1.000,0,9,no,HIGH_OVERLAP,REVIEW_SHARED_FAQ;DIFFERENTIATE_MAIN_CONTENT;REWRITE_FOR_CUSTOMER
/bueroumzug-eggenfelden,/bueroumzug-feucht,service,service,0.111,1.000,1.000,1.000,0,9,no,HIGH_OVERLAP,REVIEW_SHARED_FAQ;DIFFERENTIATE_MAIN_CONTENT;REWRITE_FOR_CUSTOMER
/bueroumzug-eichstaett,/bueroumzug-erding,service,service,0.125,1.000,1.000,1.000,0,9,no,HIGH_OVERLAP,REVIEW_SHARED_FAQ;DIFFERENTIATE_MAIN_CONTENT;REWRITE_FOR_CUSTOMER
/bueroumzug-eichstaett,/bueroumzug-ergoldsbach,service,service,0.125,1.000,1.000,1.000,0,9,no,HIGH_OVERLAP,REVIEW_SHARED_FAQ;DIFFERENTIATE_MAIN_CONTENT;REWRITE_FOR_CUSTOMER
/bueroumzug-eichstaett,/bueroumzug-erlangen,service,service,0.125,1.000,1.000,0.925,0,6,no,HIGH_OVERLAP,REVIEW_SHARED_FAQ;DIFFERENTIATE_MAIN_CONTENT;REWRITE_FOR_CUSTOMER
/bueroumzug-eichstaett,/bueroumzug-eschenbach-in-der-oberpfalz,service,service,0.125,1.000,1.000,1.000,0,9,no,HIGH_OVERLAP,REVIEW_SHARED_FAQ;DIFFERENTIATE_MAIN_CONTENT;REWRITE_FOR_CUSTOMER
/bueroumzug-eichstaett,/bueroumzug-feucht,service,service,0.125,1.000,1.000,1.000,0,9,no,HIGH_OVERLAP,REVIEW_SHARED_FAQ;DIFFERENTIATE_MAIN_CONTENT;REWRITE_FOR_CUSTOMER
/bueroumzug-erding,/bueroumzug-ergoldsbach,service,service,0.250,1.000,1.000,1.000,0,9,no,HIGH_OVERLAP,REVIEW_SHARED_FAQ;DIFFERENTIATE_MAIN_CONTENT;REWRITE_FOR_CUSTOMER
/bueroumzug-erding,/bueroumzug-erlangen,service,service,0.250,1.000,1.000,0.925,0,6,no,HIGH_OVERLAP,REVIEW_SHARED_FAQ;DIFFERENTIATE_MAIN_CONTENT;REWRITE_FOR_CUSTOMER
/bueroumzug-erding,/bueroumzug-eschenbach-in-der-oberpfalz,service,service,0.250,1.000,1.000,1.000,0,9,no,HIGH_OVERLAP,REVIEW_SHARED_FAQ;DIFFERENTIATE_MAIN_CONTENT;REWRITE_FOR_CUSTOMER
/bueroumzug-erding,/bueroumzug-feucht,service,service,0.250,1.000,1.000,1.000,0,9,no,HIGH_OVERLAP,REVIEW_SHARED_FAQ;DIFFERENTIATE_MAIN_CONTENT;REWRITE_FOR_CUSTOMER
/bueroumzug-ergoldsbach,/bueroumzug-erlangen,service,service,1.000,1.000,1.000,0.925,0,6,no,HIGH_OVERLAP,REVIEW_SHARED_FAQ;DIFFERENTIATE_MAIN_CONTENT;REWRITE_FOR_CUSTOMER
/bueroumzug-ergoldsbach,/bueroumzug-eschenbach-in-der-oberpfalz,service,service,1.000,1.000,1.000,1.000,0,9,no,HIGH_OVERLAP,REVIEW_SHARED_FAQ;DIFFERENTIATE_MAIN_CONTENT;REWRITE_FOR_CUSTOMER
/bueroumzug-ergoldsbach,/bueroumzug-feucht,service,service,0.111,1.000,1.000,1.000,0,9,no,HIGH_OVERLAP,REVIEW_SHARED_FAQ;DIFFERENTIATE_MAIN_CONTENT;REWRITE_FOR_CUSTOMER
/bueroumzug-erlangen,/bueroumzug-eschenbach-in-der-oberpfalz,service,service,1.000,1.000,1.000,0.925,0,6,no,HIGH_OVERLAP,REVIEW_SHARED_FAQ;DIFFERENTIATE_MAIN_CONTENT;REWRITE_FOR_CUSTOMER
/bueroumzug-erlangen,/bueroumzug-feucht,service,service,0.111,1.000,1.000,0.925,0,6,no,HIGH_OVERLAP,REVIEW_SHARED_FAQ;DIFFERENTIATE_MAIN_CONTENT;REWRITE_FOR_CUSTOMER
/bueroumzug-eschenbach-in-der-oberpfalz,/bueroumzug-feucht,service,service,0.111,1.000,1.000,1.000,0,9,no,HIGH_OVERLAP,REVIEW_SHARED_FAQ;DIFFERENTIATE_MAIN_CONTENT;REWRITE_FOR_CUSTOMER
/bueroumzug-freising,/bueroumzug-freystadt,service,service,0.125,1.000,1.000,1.000,0,9,no,HIGH_OVERLAP,REVIEW_SHARED_FAQ;DIFFERENTIATE_MAIN_CONTENT;REWRITE_FOR_CUSTOMER
/bueroumzug-freising,/bueroumzug-freyung,service,service,0.250,1.000,1.000,1.000,0,9,no,HIGH_OVERLAP,REVIEW_SHARED_FAQ;DIFFERENTIATE_MAIN_CONTENT;REWRITE_FOR_CUSTOMER
/bueroumzug-freising,/bueroumzug-fuerstenfeldbruck,service,service,0.125,1.000,1.000,1.000,0,9,no,HIGH_OVERLAP,REVIEW_SHARED_FAQ;DIFFERENTIATE_MAIN_CONTENT;REWRITE_FOR_CUSTOMER
/bueroumzug-freising,/bueroumzug-fuerth,service,service,0.250,1.000,1.000,1.000,0,9,no,HIGH_OVERLAP,REVIEW_SHARED_FAQ;DIFFERENTIATE_MAIN_CONTENT;REWRITE_FOR_CUSTOMER
/bueroumzug-freising,/bueroumzug-furth-im-wald,service,service,1.000,1.000,1.000,1.000,0,9,no,HIGH_OVERLAP,REVIEW_SHARED_FAQ;DIFFERENTIATE_MAIN_CONTENT;REWRITE_FOR_CUSTOMER
/bueroumzug-freising,/bueroumzug-garching,service,service,0.250,1.000,1.000,1.000,0,9,no,HIGH_OVERLAP,REVIEW_SHARED_FAQ;DIFFERENTIATE_MAIN_CONTENT;REWRITE_FOR_CUSTOMER
/bueroumzug-freising,/bueroumzug-geiselhoering,service,service,0.250,1.000,1.000,1.000,0,9,no,HIGH_OVERLAP,REVIEW_SHARED_FAQ;DIFFERENTIATE_MAIN_CONTENT;REWRITE_FOR_CUSTOMER
/bueroumzug-freystadt,/bueroumzug-freyung,service,service,0.125,1.000,1.000,1.000,0,9,no,HIGH_OVERLAP,REVIEW_SHARED_FAQ;DIFFERENTIATE_MAIN_CONTENT;REWRITE_FOR_CUSTOMER
/bueroumzug-freystadt,/bueroumzug-fuerstenfeldbruck,service,service,1.000,1.000,1.000,1.000,0,9,no,HIGH_OVERLAP,REVIEW_SHARED_FAQ;DIFFERENTIATE_MAIN_CONTENT;REWRITE_FOR_CUSTOMER
/bueroumzug-freystadt,/bueroumzug-fuerth,service,service,0.125,1.000,1.000,1.000,0,9,no,HIGH_OVERLAP,REVIEW_SHARED_FAQ;DIFFERENTIATE_MAIN_CONTENT;REWRITE_FOR_CUSTOMER
/bueroumzug-freystadt,/bueroumzug-furth-im-wald,service,service,0.125,1.000,1.000,1.000,0,9,no,HIGH_OVERLAP,REVIEW_SHARED_FAQ;DIFFERENTIATE_MAIN_CONTENT;REWRITE_FOR_CUSTOMER
/bueroumzug-freystadt,/bueroumzug-garching,service,service,0.125,1.000,1.000,1.000,0,9,no,HIGH_OVERLAP,REVIEW_SHARED_FAQ;DIFFERENTIATE_MAIN_CONTENT;REWRITE_FOR_CUSTOMER
/bueroumzug-freystadt,/bueroumzug-geiselhoering,service,service,0.125,1.000,1.000,1.000,0,9,no,HIGH_OVERLAP,REVIEW_SHARED_FAQ;DIFFERENTIATE_MAIN_CONTENT;REWRITE_FOR_CUSTOMER
/bueroumzug-freyung,/bueroumzug-fuerstenfeldbruck,service,service,0.125,1.000,1.000,1.000,0,9,no,HIGH_OVERLAP,REVIEW_SHARED_FAQ;DIFFERENTIATE_MAIN_CONTENT;REWRITE_FOR_CUSTOMER
/bueroumzug-freyung,/bueroumzug-fuerth,service,service,1.000,1.000,1.000,1.000,0,9,no,HIGH_OVERLAP,REVIEW_SHARED_FAQ;DIFFERENTIATE_MAIN_CONTENT;REWRITE_FOR_CUSTOMER
/bueroumzug-freyung,/bueroumzug-furth-im-wald,service,service,0.250,1.000,1.000,1.000,0,9,no,HIGH_OVERLAP,REVIEW_SHARED_FAQ;DIFFERENTIATE_MAIN_CONTENT;REWRITE_FOR_CUSTOMER
/bueroumzug-freyung,/bueroumzug-garching,service,service,0.111,1.000,1.000,1.000,0,9,no,HIGH_OVERLAP,REVIEW_SHARED_FAQ;DIFFERENTIATE_MAIN_CONTENT;REWRITE_FOR_CUSTOMER
/bueroumzug-freyung,/bueroumzug-geiselhoering,service,service,0.111,1.000,1.000,1.000,0,9,no,HIGH_OVERLAP,REVIEW_SHARED_FAQ;DIFFERENTIATE_MAIN_CONTENT;REWRITE_FOR_CUSTOMER
/bueroumzug-fuerstenfeldbruck,/bueroumzug-fuerth,service,service,0.125,1.000,1.000,1.000,0,9,no,HIGH_OVERLAP,REVIEW_SHARED_FAQ;DIFFERENTIATE_MAIN_CONTENT;REWRITE_FOR_CUSTOMER
/bueroumzug-fuerstenfeldbruck,/bueroumzug-furth-im-wald,service,service,0.125,1.000,1.000,1.000,0,9,no,HIGH_OVERLAP,REVIEW_SHARED_FAQ;DIFFERENTIATE_MAIN_CONTENT;REWRITE_FOR_CUSTOMER
/bueroumzug-fuerstenfeldbruck,/bueroumzug-garching,service,service,0.125,1.000,1.000,1.000,0,9,no,HIGH_OVERLAP,REVIEW_SHARED_FAQ;DIFFERENTIATE_MAIN_CONTENT;REWRITE_FOR_CUSTOMER
/bueroumzug-fuerstenfeldbruck,/bueroumzug-geiselhoering,service,service,0.125,1.000,1.000,1.000,0,9,no,HIGH_OVERLAP,REVIEW_SHARED_FAQ;DIFFERENTIATE_MAIN_CONTENT;REWRITE_FOR_CUSTOMER
/bueroumzug-fuerth,/bueroumzug-furth-im-wald,service,service,0.250,1.000,1.000,1.000,0,9,no,HIGH_OVERLAP,REVIEW_SHARED_FAQ;DIFFERENTIATE_MAIN_CONTENT;REWRITE_FOR_CUSTOMER
/bueroumzug-fuerth,/bueroumzug-garching,service,service,0.111,1.000,1.000,1.000,0,9,no,HIGH_OVERLAP,REVIEW_SHARED_FAQ;DIFFERENTIATE_MAIN_CONTENT;REWRITE_FOR_CUSTOMER
/bueroumzug-fuerth,/bueroumzug-geiselhoering,service,service,0.111,1.000,1.000,1.000,0,9,no,HIGH_OVERLAP,REVIEW_SHARED_FAQ;DIFFERENTIATE_MAIN_CONTENT;REWRITE_FOR_CUSTOMER
/bueroumzug-furth-im-wald,/bueroumzug-garching,service,service,0.250,1.000,1.000,1.000,0,9,no,HIGH_OVERLAP,REVIEW_SHARED_FAQ;DIFFERENTIATE_MAIN_CONTENT;REWRITE_FOR_CUSTOMER
/bueroumzug-furth-im-wald,/bueroumzug-geiselhoering,service,service,0.250,1.000,1.000,1.000,0,9,no,HIGH_OVERLAP,REVIEW_SHARED_FAQ;DIFFERENTIATE_MAIN_CONTENT;REWRITE_FOR_CUSTOMER
/bueroumzug-garching,/bueroumzug-geiselhoering,service,service,1.000,1.000,1.000,1.000,0,9,no,HIGH_OVERLAP,REVIEW_SHARED_FAQ;DIFFERENTIATE_MAIN_CONTENT;REWRITE_FOR_CUSTOMER
/bueroumzug-geisenfeld,/bueroumzug-germering,service,service,0.125,1.000,1.000,1.000,0,9,no,HIGH_OVERLAP,REVIEW_SHARED_FAQ;DIFFERENTIATE_MAIN_CONTENT;REWRITE_FOR_CUSTOMER
/bueroumzug-geisenfeld,/bueroumzug-gersthofen,service,service,0.250,1.000,1.000,1.000,0,9,no,HIGH_OVERLAP,REVIEW_SHARED_FAQ;DIFFERENTIATE_MAIN_CONTENT;REWRITE_FOR_CUSTOMER
/bueroumzug-geisenfeld,/bueroumzug-grafenau,service,service,0.111,1.000,1.000,1.000,0,9,no,HIGH_OVERLAP,REVIEW_SHARED_FAQ;DIFFERENTIATE_MAIN_CONTENT;REWRITE_FOR_CUSTOMER
/bueroumzug-geisenfeld,/bueroumzug-grafenwoehr,service,service,1.000,1.000,1.000,1.000,0,9,no,HIGH_OVERLAP,REVIEW_SHARED_FAQ;DIFFERENTIATE_MAIN_CONTENT;REWRITE_FOR_CUSTOMER
/bueroumzug-geisenfeld,/bueroumzug-guenzburg,service,service,0.111,1.000,1.000,0.916,0,6,no,HIGH_OVERLAP,REVIEW_SHARED_FAQ;DIFFERENTIATE_MAIN_CONTENT;REWRITE_FOR_CUSTOMER
/bueroumzug-geisenfeld,/bueroumzug-hagelstadt,service,service,0.250,1.000,1.000,1.000,0,9,no,HIGH_OVERLAP,REVIEW_SHARED_FAQ;DIFFERENTIATE_MAIN_CONTENT;REWRITE_FOR_CUSTOMER
/bueroumzug-geisenfeld,/bueroumzug-hausen,service,service,1.000,1.000,1.000,1.000,0,9,no,HIGH_OVERLAP,REVIEW_SHARED_FAQ;DIFFERENTIATE_MAIN_CONTENT;REWRITE_FOR_CUSTOMER
/bueroumzug-germering,/bueroumzug-gersthofen,service,service,0.125,1.000,1.000,1.000,0,9,no,HIGH_OVERLAP,REVIEW_SHARED_FAQ;DIFFERENTIATE_MAIN_CONTENT;REWRITE_FOR_CUSTOMER
/bueroumzug-germering,/bueroumzug-grafenau,service,service,0.125,1.000,1.000,1.000,0,9,no,HIGH_OVERLAP,REVIEW_SHARED_FAQ;DIFFERENTIATE_MAIN_CONTENT;REWRITE_FOR_CUSTOMER
/bueroumzug-germering,/bueroumzug-grafenwoehr,service,service,0.125,1.000,1.000,1.000,0,9,no,HIGH_OVERLAP,REVIEW_SHARED_FAQ;DIFFERENTIATE_MAIN_CONTENT;REWRITE_FOR_CUSTOMER
/bueroumzug-germering,/bueroumzug-guenzburg,service,service,0.125,1.000,1.000,0.916,0,6,no,HIGH_OVERLAP,REVIEW_SHARED_FAQ;DIFFERENTIATE_MAIN_CONTENT;REWRITE_FOR_CUSTOMER
/bueroumzug-germering,/bueroumzug-hagelstadt,service,service,0.125,1.000,1.000,1.000,0,9,no,HIGH_OVERLAP,REVIEW_SHARED_FAQ;DIFFERENTIATE_MAIN_CONTENT;REWRITE_FOR_CUSTOMER
/bueroumzug-germering,/bueroumzug-hausen,service,service,0.125,1.000,1.000,1.000,0,9,no,HIGH_OVERLAP,REVIEW_SHARED_FAQ;DIFFERENTIATE_MAIN_CONTENT;REWRITE_FOR_CUSTOMER
/bueroumzug-gersthofen,/bueroumzug-grafenau,service,service,0.250,1.000,1.000,1.000,0,9,no,HIGH_OVERLAP,REVIEW_SHARED_FAQ;DIFFERENTIATE_MAIN_CONTENT;REWRITE_FOR_CUSTOMER
/bueroumzug-gersthofen,/bueroumzug-grafenwoehr,service,service,0.250,1.000,1.000,1.000,0,9,no,HIGH_OVERLAP,REVIEW_SHARED_FAQ;DIFFERENTIATE_MAIN_CONTENT;REWRITE_FOR_CUSTOMER
/bueroumzug-gersthofen,/bueroumzug-guenzburg,service,service,0.250,1.000,1.000,0.916,0,6,no,HIGH_OVERLAP,REVIEW_SHARED_FAQ;DIFFERENTIATE_MAIN_CONTENT;REWRITE_FOR_CUSTOMER
/bueroumzug-gersthofen,/bueroumzug-hagelstadt,service,service,1.000,1.000,1.000,1.000,0,9,no,HIGH_OVERLAP,REVIEW_SHARED_FAQ;DIFFERENTIATE_MAIN_CONTENT;REWRITE_FOR_CUSTOMER
/bueroumzug-gersthofen,/bueroumzug-hausen,service,service,0.250,1.000,1.000,1.000,0,9,no,HIGH_OVERLAP,REVIEW_SHARED_FAQ;DIFFERENTIATE_MAIN_CONTENT;REWRITE_FOR_CUSTOMER
/bueroumzug-grafenau,/bueroumzug-grafenwoehr,service,service,0.111,1.000,1.000,1.000,0,9,no,HIGH_OVERLAP,REVIEW_SHARED_FAQ;DIFFERENTIATE_MAIN_CONTENT;REWRITE_FOR_CUSTOMER
/bueroumzug-grafenau,/bueroumzug-guenzburg,service,service,1.000,1.000,1.000,0.916,0,6,no,HIGH_OVERLAP,REVIEW_SHARED_FAQ;DIFFERENTIATE_MAIN_CONTENT;REWRITE_FOR_CUSTOMER
/bueroumzug-grafenau,/bueroumzug-hagelstadt,service,service,0.250,1.000,1.000,1.000,0,9,no,HIGH_OVERLAP,REVIEW_SHARED_FAQ;DIFFERENTIATE_MAIN_CONTENT;REWRITE_FOR_CUSTOMER
/bueroumzug-grafenau,/bueroumzug-hausen,service,service,0.111,1.000,1.000,1.000,0,9,no,HIGH_OVERLAP,REVIEW_SHARED_FAQ;DIFFERENTIATE_MAIN_CONTENT;REWRITE_FOR_CUSTOMER
/bueroumzug-grafenwoehr,/bueroumzug-guenzburg,service,service,0.111,1.000,1.000,0.916,0,6,no,HIGH_OVERLAP,REVIEW_SHARED_FAQ;DIFFERENTIATE_MAIN_CONTENT;REWRITE_FOR_CUSTOMER
/bueroumzug-grafenwoehr,/bueroumzug-hagelstadt,service,service,0.250,1.000,1.000,1.000,0,9,no,HIGH_OVERLAP,REVIEW_SHARED_FAQ;DIFFERENTIATE_MAIN_CONTENT;REWRITE_FOR_CUSTOMER
/bueroumzug-grafenwoehr,/bueroumzug-hausen,service,service,1.000,1.000,1.000,1.000,0,9,no,HIGH_OVERLAP,REVIEW_SHARED_FAQ;DIFFERENTIATE_MAIN_CONTENT;REWRITE_FOR_CUSTOMER
/bueroumzug-guenzburg,/bueroumzug-hagelstadt,service,service,0.250,1.000,1.000,0.916,0,6,no,HIGH_OVERLAP,REVIEW_SHARED_FAQ;DIFFERENTIATE_MAIN_CONTENT;REWRITE_FOR_CUSTOMER
/bueroumzug-guenzburg,/bueroumzug-hausen,service,service,0.111,1.000,1.000,0.916,0,6,no,HIGH_OVERLAP,REVIEW_SHARED_FAQ;DIFFERENTIATE_MAIN_CONTENT;REWRITE_FOR_CUSTOMER
/bueroumzug-hagelstadt,/bueroumzug-hausen,service,service,0.250,1.000,1.000,1.000,0,9,no,HIGH_OVERLAP,REVIEW_SHARED_FAQ;DIFFERENTIATE_MAIN_CONTENT;REWRITE_FOR_CUSTOMER
/bueroumzug-hemau,/bueroumzug-herzogenaurach,service,service,1.000,1.000,1.000,1.000,0,9,no,HIGH_OVERLAP,REVIEW_SHARED_FAQ;DIFFERENTIATE_MAIN_CONTENT;REWRITE_FOR_CUSTOMER
/bueroumzug-hemau,/bueroumzug-hirschau,service,service,0.125,1.000,1.000,1.000,0,9,no,HIGH_OVERLAP,REVIEW_SHARED_FAQ;DIFFERENTIATE_MAIN_CONTENT;REWRITE_FOR_CUSTOMER
/bueroumzug-hemau,/bueroumzug-hohenfels,service,service,1.000,1.000,1.000,1.000,0,9,no,HIGH_OVERLAP,REVIEW_SHARED_FAQ;DIFFERENTIATE_MAIN_CONTENT;REWRITE_FOR_CUSTOMER
/bueroumzug-hemau,/bueroumzug-holzheim-am-forst,service,service,1.000,1.000,1.000,1.000,0,9,no,HIGH_OVERLAP,REVIEW_SHARED_FAQ;DIFFERENTIATE_MAIN_CONTENT;REWRITE_FOR_CUSTOMER
/bueroumzug-hemau,/bueroumzug-ingolstadt,service,service,0.125,0.750,1.000,0.882,0,6,no,HIGH_OVERLAP,REVIEW_SHARED_FAQ;DIFFERENTIATE_MAIN_CONTENT;REWRITE_FOR_CUSTOMER
/bueroumzug-hemau,/bueroumzug-kallmuenz,service,service,0.125,1.000,1.000,1.000,0,9,no,HIGH_OVERLAP,REVIEW_SHARED_FAQ;DIFFERENTIATE_MAIN_CONTENT;REWRITE_FOR_CUSTOMER
/bueroumzug-hemau,/bueroumzug-kelheim,service,service,0.125,1.000,1.000,1.000,0,9,no,HIGH_OVERLAP,REVIEW_SHARED_FAQ;DIFFERENTIATE_MAIN_CONTENT;REWRITE_FOR_CUSTOMER
/bueroumzug-herzogenaurach,/bueroumzug-hirschau,service,service,0.125,1.000,1.000,1.000,0,9,no,HIGH_OVERLAP,REVIEW_SHARED_FAQ;DIFFERENTIATE_MAIN_CONTENT;REWRITE_FOR_CUSTOMER
/bueroumzug-herzogenaurach,/bueroumzug-hohenfels,service,service,1.000,1.000,1.000,1.000,0,9,no,HIGH_OVERLAP,REVIEW_SHARED_FAQ;DIFFERENTIATE_MAIN_CONTENT;REWRITE_FOR_CUSTOMER
/bueroumzug-herzogenaurach,/bueroumzug-holzheim-am-forst,service,service,1.000,1.000,1.000,1.000,0,9,no,HIGH_OVERLAP,REVIEW_SHARED_FAQ;DIFFERENTIATE_MAIN_CONTENT;REWRITE_FOR_CUSTOMER
/bueroumzug-herzogenaurach,/bueroumzug-ingolstadt,service,service,0.125,0.750,1.000,0.882,0,6,no,HIGH_OVERLAP,REVIEW_SHARED_FAQ;DIFFERENTIATE_MAIN_CONTENT;REWRITE_FOR_CUSTOMER
/bueroumzug-herzogenaurach,/bueroumzug-kallmuenz,service,service,0.125,1.000,1.000,1.000,0,9,no,HIGH_OVERLAP,REVIEW_SHARED_FAQ;DIFFERENTIATE_MAIN_CONTENT;REWRITE_FOR_CUSTOMER
/bueroumzug-herzogenaurach,/bueroumzug-kelheim,service,service,0.125,1.000,1.000,1.000,0,9,no,HIGH_OVERLAP,REVIEW_SHARED_FAQ;DIFFERENTIATE_MAIN_CONTENT;REWRITE_FOR_CUSTOMER
/bueroumzug-hirschau,/bueroumzug-hohenfels,service,service,0.125,1.000,1.000,1.000,0,9,no,HIGH_OVERLAP,REVIEW_SHARED_FAQ;DIFFERENTIATE_MAIN_CONTENT;REWRITE_FOR_CUSTOMER
/bueroumzug-hirschau,/bueroumzug-holzheim-am-forst,service,service,0.125,1.000,1.000,1.000,0,9,no,HIGH_OVERLAP,REVIEW_SHARED_FAQ;DIFFERENTIATE_MAIN_CONTENT;REWRITE_FOR_CUSTOMER
/bueroumzug-hirschau,/bueroumzug-ingolstadt,service,service,0.250,0.750,1.000,0.882,0,6,no,HIGH_OVERLAP,REVIEW_SHARED_FAQ;DIFFERENTIATE_MAIN_CONTENT;REWRITE_FOR_CUSTOMER
/bueroumzug-hirschau,/bueroumzug-kallmuenz,service,service,0.250,1.000,1.000,1.000,0,9,no,HIGH_OVERLAP,REVIEW_SHARED_FAQ;DIFFERENTIATE_MAIN_CONTENT;REWRITE_FOR_CUSTOMER
/bueroumzug-hirschau,/bueroumzug-kelheim,service,service,0.250,1.000,1.000,1.000,0,9,no,HIGH_OVERLAP,REVIEW_SHARED_FAQ;DIFFERENTIATE_MAIN_CONTENT;REWRITE_FOR_CUSTOMER
/bueroumzug-hohenfels,/bueroumzug-holzheim-am-forst,service,service,1.000,1.000,1.000,1.000,0,9,no,HIGH_OVERLAP,REVIEW_SHARED_FAQ;DIFFERENTIATE_MAIN_CONTENT;REWRITE_FOR_CUSTOMER
/bueroumzug-hohenfels,/bueroumzug-ingolstadt,service,service,0.125,0.750,1.000,0.882,0,6,no,HIGH_OVERLAP,REVIEW_SHARED_FAQ;DIFFERENTIATE_MAIN_CONTENT;REWRITE_FOR_CUSTOMER
/bueroumzug-hohenfels,/bueroumzug-kallmuenz,service,service,0.125,1.000,1.000,1.000,0,9,no,HIGH_OVERLAP,REVIEW_SHARED_FAQ;DIFFERENTIATE_MAIN_CONTENT;REWRITE_FOR_CUSTOMER
/bueroumzug-hohenfels,/bueroumzug-kelheim,service,service,0.125,1.000,1.000,1.000,0,9,no,HIGH_OVERLAP,REVIEW_SHARED_FAQ;DIFFERENTIATE_MAIN_CONTENT;REWRITE_FOR_CUSTOMER
/bueroumzug-holzheim-am-forst,/bueroumzug-ingolstadt,service,service,0.125,0.750,1.000,0.882,0,6,no,HIGH_OVERLAP,REVIEW_SHARED_FAQ;DIFFERENTIATE_MAIN_CONTENT;REWRITE_FOR_CUSTOMER
/bueroumzug-holzheim-am-forst,/bueroumzug-kallmuenz,service,service,0.125,1.000,1.000,1.000,0,9,no,HIGH_OVERLAP,REVIEW_SHARED_FAQ;DIFFERENTIATE_MAIN_CONTENT;REWRITE_FOR_CUSTOMER
/bueroumzug-holzheim-am-forst,/bueroumzug-kelheim,service,service,0.125,1.000,1.000,1.000,0,9,no,HIGH_OVERLAP,REVIEW_SHARED_FAQ;DIFFERENTIATE_MAIN_CONTENT;REWRITE_FOR_CUSTOMER
/bueroumzug-ingolstadt,/bueroumzug-kallmuenz,service,service,1.000,0.750,1.000,0.882,0,6,no,HIGH_OVERLAP,REVIEW_SHARED_FAQ;DIFFERENTIATE_MAIN_CONTENT;REWRITE_FOR_CUSTOMER
/bueroumzug-ingolstadt,/bueroumzug-kelheim,service,service,1.000,0.750,1.000,0.882,0,6,no,HIGH_OVERLAP,REVIEW_SHARED_FAQ;DIFFERENTIATE_MAIN_CONTENT;REWRITE_FOR_CUSTOMER
/bueroumzug-kallmuenz,/bueroumzug-kelheim,service,service,1.000,1.000,1.000,1.000,0,9,no,HIGH_OVERLAP,REVIEW_SHARED_FAQ;DIFFERENTIATE_MAIN_CONTENT;REWRITE_FOR_CUSTOMER
/bueroumzug-kissing,/bueroumzug-koefering,service,service,1.000,1.000,1.000,1.000,0,9,no,HIGH_OVERLAP,REVIEW_SHARED_FAQ;DIFFERENTIATE_MAIN_CONTENT;REWRITE_FOR_CUSTOMER
/bueroumzug-kissing,/bueroumzug-koenigsbrunn,service,service,0.125,1.000,1.000,1.000,0,9,no,HIGH_OVERLAP,REVIEW_SHARED_FAQ;DIFFERENTIATE_MAIN_CONTENT;REWRITE_FOR_CUSTOMER
/bueroumzug-kissing,/bueroumzug-koetzting,service,service,0.125,1.000,1.000,1.000,0,9,no,HIGH_OVERLAP,REVIEW_SHARED_FAQ;DIFFERENTIATE_MAIN_CONTENT;REWRITE_FOR_CUSTOMER
/bueroumzug-kissing,/bueroumzug-laaber,service,service,0.125,1.000,1.000,1.000,0,9,no,HIGH_OVERLAP,REVIEW_SHARED_FAQ;DIFFERENTIATE_MAIN_CONTENT;REWRITE_FOR_CUSTOMER
/bueroumzug-kissing,/bueroumzug-landau-an-der-isar,service,service,0.125,1.000,1.000,1.000,0,9,no,HIGH_OVERLAP,REVIEW_SHARED_FAQ;DIFFERENTIATE_MAIN_CONTENT;REWRITE_FOR_CUSTOMER
/bueroumzug-kissing,/bueroumzug-landsberg-am-lech,service,service,0.125,1.000,1.000,1.000,0,9,no,HIGH_OVERLAP,REVIEW_SHARED_FAQ;DIFFERENTIATE_MAIN_CONTENT;REWRITE_FOR_CUSTOMER
/bueroumzug-kissing,/bueroumzug-landshut,service,service,0.125,0.750,1.000,0.903,0,6,no,HIGH_OVERLAP,REVIEW_SHARED_FAQ;DIFFERENTIATE_MAIN_CONTENT;REWRITE_FOR_CUSTOMER
/bueroumzug-koefering,/bueroumzug-koenigsbrunn,service,service,0.125,1.000,1.000,1.000,0,9,no,HIGH_OVERLAP,REVIEW_SHARED_FAQ;DIFFERENTIATE_MAIN_CONTENT;REWRITE_FOR_CUSTOMER
/bueroumzug-koefering,/bueroumzug-koetzting,service,service,0.125,1.000,1.000,1.000,0,9,no,HIGH_OVERLAP,REVIEW_SHARED_FAQ;DIFFERENTIATE_MAIN_CONTENT;REWRITE_FOR_CUSTOMER
/bueroumzug-koefering,/bueroumzug-laaber,service,service,0.125,1.000,1.000,1.000,0,9,no,HIGH_OVERLAP,REVIEW_SHARED_FAQ;DIFFERENTIATE_MAIN_CONTENT;REWRITE_FOR_CUSTOMER
/bueroumzug-koefering,/bueroumzug-landau-an-der-isar,service,service,0.125,1.000,1.000,1.000,0,9,no,HIGH_OVERLAP,REVIEW_SHARED_FAQ;DIFFERENTIATE_MAIN_CONTENT;REWRITE_FOR_CUSTOMER
/bueroumzug-koefering,/bueroumzug-landsberg-am-lech,service,service,0.125,1.000,1.000,1.000,0,9,no,HIGH_OVERLAP,REVIEW_SHARED_FAQ;DIFFERENTIATE_MAIN_CONTENT;REWRITE_FOR_CUSTOMER
/bueroumzug-koefering,/bueroumzug-landshut,service,service,0.125,0.750,1.000,0.903,0,6,no,HIGH_OVERLAP,REVIEW_SHARED_FAQ;DIFFERENTIATE_MAIN_CONTENT;REWRITE_FOR_CUSTOMER
/bueroumzug-koenigsbrunn,/bueroumzug-koetzting,service,service,0.250,1.000,1.000,1.000,0,9,no,HIGH_OVERLAP,REVIEW_SHARED_FAQ;DIFFERENTIATE_MAIN_CONTENT;REWRITE_FOR_CUSTOMER
/bueroumzug-koenigsbrunn,/bueroumzug-laaber,service,service,0.250,1.000,1.000,1.000,0,9,no,HIGH_OVERLAP,REVIEW_SHARED_FAQ;DIFFERENTIATE_MAIN_CONTENT;REWRITE_FOR_CUSTOMER
/bueroumzug-koenigsbrunn,/bueroumzug-landau-an-der-isar,service,service,1.000,1.000,1.000,1.000,0,9,no,HIGH_OVERLAP,REVIEW_SHARED_FAQ;DIFFERENTIATE_MAIN_CONTENT;REWRITE_FOR_CUSTOMER
/bueroumzug-koenigsbrunn,/bueroumzug-landsberg-am-lech,service,service,0.111,1.000,1.000,1.000,0,9,no,HIGH_OVERLAP,REVIEW_SHARED_FAQ;DIFFERENTIATE_MAIN_CONTENT;REWRITE_FOR_CUSTOMER
/bueroumzug-koenigsbrunn,/bueroumzug-landshut,service,service,0.250,0.750,1.000,0.903,0,6,no,HIGH_OVERLAP,REVIEW_SHARED_FAQ;DIFFERENTIATE_MAIN_CONTENT;REWRITE_FOR_CUSTOMER
/bueroumzug-koetzting,/bueroumzug-laaber,service,service,1.000,1.000,1.000,1.000,0,9,no,HIGH_OVERLAP,REVIEW_SHARED_FAQ;DIFFERENTIATE_MAIN_CONTENT;REWRITE_FOR_CUSTOMER
/bueroumzug-koetzting,/bueroumzug-landau-an-der-isar,service,service,0.250,1.000,1.000,1.000,0,9,no,HIGH_OVERLAP,REVIEW_SHARED_FAQ;DIFFERENTIATE_MAIN_CONTENT;REWRITE_FOR_CUSTOMER
/bueroumzug-koetzting,/bueroumzug-landsberg-am-lech,service,service,0.250,1.000,1.000,1.000,0,9,no,HIGH_OVERLAP,REVIEW_SHARED_FAQ;DIFFERENTIATE_MAIN_CONTENT;REWRITE_FOR_CUSTOMER
/bueroumzug-koetzting,/bueroumzug-landshut,service,service,1.000,0.750,1.000,0.903,0,6,no,HIGH_OVERLAP,REVIEW_SHARED_FAQ;DIFFERENTIATE_MAIN_CONTENT;REWRITE_FOR_CUSTOMER
/bueroumzug-laaber,/bueroumzug-landau-an-der-isar,service,service,0.250,1.000,1.000,1.000,0,9,no,HIGH_OVERLAP,REVIEW_SHARED_FAQ;DIFFERENTIATE_MAIN_CONTENT;REWRITE_FOR_CUSTOMER
/bueroumzug-laaber,/bueroumzug-landsberg-am-lech,service,service,0.250,1.000,1.000,1.000,0,9,no,HIGH_OVERLAP,REVIEW_SHARED_FAQ;DIFFERENTIATE_MAIN_CONTENT;REWRITE_FOR_CUSTOMER
/bueroumzug-laaber,/bueroumzug-landshut,service,service,1.000,0.750,1.000,0.903,0,6,no,HIGH_OVERLAP,REVIEW_SHARED_FAQ;DIFFERENTIATE_MAIN_CONTENT;REWRITE_FOR_CUSTOMER
/bueroumzug-landau-an-der-isar,/bueroumzug-landsberg-am-lech,service,service,0.111,1.000,1.000,1.000,0,9,no,HIGH_OVERLAP,REVIEW_SHARED_FAQ;DIFFERENTIATE_MAIN_CONTENT;REWRITE_FOR_CUSTOMER
/bueroumzug-landau-an-der-isar,/bueroumzug-landshut,service,service,0.250,0.750,1.000,0.903,0,6,no,HIGH_OVERLAP,REVIEW_SHARED_FAQ;DIFFERENTIATE_MAIN_CONTENT;REWRITE_FOR_CUSTOMER
/bueroumzug-landsberg-am-lech,/bueroumzug-landshut,service,service,0.250,0.750,1.000,0.903,0,6,no,HIGH_OVERLAP,REVIEW_SHARED_FAQ;DIFFERENTIATE_MAIN_CONTENT;REWRITE_FOR_CUSTOMER
/bueroumzug-langquaid,/bueroumzug-lappersdorf,service,service,0.125,1.000,1.000,1.000,0,9,no,HIGH_OVERLAP,REVIEW_SHARED_FAQ;DIFFERENTIATE_MAIN_CONTENT;REWRITE_FOR_CUSTOMER
/bueroumzug-langquaid,/bueroumzug-lauf-an-der-pegnitz,service,service,1.000,1.000,1.000,1.000,0,9,no,HIGH_OVERLAP,REVIEW_SHARED_FAQ;DIFFERENTIATE_MAIN_CONTENT;REWRITE_FOR_CUSTOMER
/bueroumzug-langquaid,/bueroumzug-lupburg,service,service,0.111,1.000,1.000,1.000,0,9,no,HIGH_OVERLAP,REVIEW_SHARED_FAQ;DIFFERENTIATE_MAIN_CONTENT;REWRITE_FOR_CUSTOMER
/bueroumzug-langquaid,/bueroumzug-mainburg,service,service,0.111,1.000,1.000,1.000,0,9,no,HIGH_OVERLAP,REVIEW_SHARED_FAQ;DIFFERENTIATE_MAIN_CONTENT;REWRITE_FOR_CUSTOMER
/bueroumzug-langquaid,/bueroumzug-mallersdorf-pfaffenberg,service,service,0.125,1.000,1.000,1.000,0,9,no,HIGH_OVERLAP,REVIEW_SHARED_FAQ;DIFFERENTIATE_MAIN_CONTENT;REWRITE_FOR_CUSTOMER
/bueroumzug-langquaid,/bueroumzug-mammendorf,service,service,1.000,1.000,1.000,1.000,0,9,no,HIGH_OVERLAP,REVIEW_SHARED_FAQ;DIFFERENTIATE_MAIN_CONTENT;REWRITE_FOR_CUSTOMER
/bueroumzug-langquaid,/bueroumzug-maxhuette-haidhof,service,service,0.111,1.000,1.000,1.000,0,9,no,HIGH_OVERLAP,REVIEW_SHARED_FAQ;DIFFERENTIATE_MAIN_CONTENT;REWRITE_FOR_CUSTOMER
/bueroumzug-lappersdorf,/bueroumzug-lauf-an-der-pegnitz,service,service,0.125,1.000,1.000,1.000,0,9,no,HIGH_OVERLAP,REVIEW_SHARED_FAQ;DIFFERENTIATE_MAIN_CONTENT;REWRITE_FOR_CUSTOMER
/bueroumzug-lappersdorf,/bueroumzug-lupburg,service,service,0.125,1.000,1.000,1.000,0,9,no,HIGH_OVERLAP,REVIEW_SHARED_FAQ;DIFFERENTIATE_MAIN_CONTENT;REWRITE_FOR_CUSTOMER
/bueroumzug-lappersdorf,/bueroumzug-mainburg,service,service,0.125,1.000,1.000,1.000,0,9,no,HIGH_OVERLAP,REVIEW_SHARED_FAQ;DIFFERENTIATE_MAIN_CONTENT;REWRITE_FOR_CUSTOMER
/bueroumzug-lappersdorf,/bueroumzug-mallersdorf-pfaffenberg,service,service,1.000,1.000,1.000,1.000,0,9,no,HIGH_OVERLAP,REVIEW_SHARED_FAQ;DIFFERENTIATE_MAIN_CONTENT;REWRITE_FOR_CUSTOMER
/bueroumzug-lappersdorf,/bueroumzug-mammendorf,service,service,0.125,1.000,1.000,1.000,0,9,no,HIGH_OVERLAP,REVIEW_SHARED_FAQ;DIFFERENTIATE_MAIN_CONTENT;REWRITE_FOR_CUSTOMER
/bueroumzug-lappersdorf,/bueroumzug-maxhuette-haidhof,service,service,0.125,1.000,1.000,1.000,0,9,no,HIGH_OVERLAP,REVIEW_SHARED_FAQ;DIFFERENTIATE_MAIN_CONTENT;REWRITE_FOR_CUSTOMER
/bueroumzug-lauf-an-der-pegnitz,/bueroumzug-lupburg,service,service,0.111,1.000,1.000,1.000,0,9,no,HIGH_OVERLAP,REVIEW_SHARED_FAQ;DIFFERENTIATE_MAIN_CONTENT;REWRITE_FOR_CUSTOMER
/bueroumzug-lauf-an-der-pegnitz,/bueroumzug-mainburg,service,service,0.111,1.000,1.000,1.000,0,9,no,HIGH_OVERLAP,REVIEW_SHARED_FAQ;DIFFERENTIATE_MAIN_CONTENT;REWRITE_FOR_CUSTOMER
/bueroumzug-lauf-an-der-pegnitz,/bueroumzug-mallersdorf-pfaffenberg,service,service,0.125,1.000,1.000,1.000,0,9,no,HIGH_OVERLAP,REVIEW_SHARED_FAQ;DIFFERENTIATE_MAIN_CONTENT;REWRITE_FOR_CUSTOMER
/bueroumzug-lauf-an-der-pegnitz,/bueroumzug-mammendorf,service,service,1.000,1.000,1.000,1.000,0,9,no,HIGH_OVERLAP,REVIEW_SHARED_FAQ;DIFFERENTIATE_MAIN_CONTENT;REWRITE_FOR_CUSTOMER
/bueroumzug-lauf-an-der-pegnitz,/bueroumzug-maxhuette-haidhof,service,service,0.111,1.000,1.000,1.000,0,9,no,HIGH_OVERLAP,REVIEW_SHARED_FAQ;DIFFERENTIATE_MAIN_CONTENT;REWRITE_FOR_CUSTOMER
/bueroumzug-lupburg,/bueroumzug-mainburg,service,service,1.000,1.000,1.000,1.000,0,9,no,HIGH_OVERLAP,REVIEW_SHARED_FAQ;DIFFERENTIATE_MAIN_CONTENT;REWRITE_FOR_CUSTOMER
/bueroumzug-lupburg,/bueroumzug-mallersdorf-pfaffenberg,service,service,0.125,1.000,1.000,1.000,0,9,no,HIGH_OVERLAP,REVIEW_SHARED_FAQ;DIFFERENTIATE_MAIN_CONTENT;REWRITE_FOR_CUSTOMER
/bueroumzug-lupburg,/bueroumzug-mammendorf,service,service,0.111,1.000,1.000,1.000,0,9,no,HIGH_OVERLAP,REVIEW_SHARED_FAQ;DIFFERENTIATE_MAIN_CONTENT;REWRITE_FOR_CUSTOMER
/bueroumzug-lupburg,/bueroumzug-maxhuette-haidhof,service,service,1.000,1.000,1.000,1.000,0,9,no,HIGH_OVERLAP,REVIEW_SHARED_FAQ;DIFFERENTIATE_MAIN_CONTENT;REWRITE_FOR_CUSTOMER
/bueroumzug-mainburg,/bueroumzug-mallersdorf-pfaffenberg,service,service,0.125,1.000,1.000,1.000,0,9,no,HIGH_OVERLAP,REVIEW_SHARED_FAQ;DIFFERENTIATE_MAIN_CONTENT;REWRITE_FOR_CUSTOMER
/bueroumzug-mainburg,/bueroumzug-mammendorf,service,service,0.111,1.000,1.000,1.000,0,9,no,HIGH_OVERLAP,REVIEW_SHARED_FAQ;DIFFERENTIATE_MAIN_CONTENT;REWRITE_FOR_CUSTOMER
/bueroumzug-mainburg,/bueroumzug-maxhuette-haidhof,service,service,1.000,1.000,1.000,1.000,0,9,no,HIGH_OVERLAP,REVIEW_SHARED_FAQ;DIFFERENTIATE_MAIN_CONTENT;REWRITE_FOR_CUSTOMER
/bueroumzug-mallersdorf-pfaffenberg,/bueroumzug-mammendorf,service,service,0.125,1.000,1.000,1.000,0,9,no,HIGH_OVERLAP,REVIEW_SHARED_FAQ;DIFFERENTIATE_MAIN_CONTENT;REWRITE_FOR_CUSTOMER
/bueroumzug-mallersdorf-pfaffenberg,/bueroumzug-maxhuette-haidhof,service,service,0.125,1.000,1.000,1.000,0,9,no,HIGH_OVERLAP,REVIEW_SHARED_FAQ;DIFFERENTIATE_MAIN_CONTENT;REWRITE_FOR_CUSTOMER
/bueroumzug-mammendorf,/bueroumzug-maxhuette-haidhof,service,service,0.111,1.000,1.000,1.000,0,9,no,HIGH_OVERLAP,REVIEW_SHARED_FAQ;DIFFERENTIATE_MAIN_CONTENT;REWRITE_FOR_CUSTOMER
/bueroumzug-mering,/bueroumzug-mintraching,service,service,0.125,1.000,1.000,1.000,0,9,no,HIGH_OVERLAP,REVIEW_SHARED_FAQ;DIFFERENTIATE_MAIN_CONTENT;REWRITE_FOR_CUSTOMER
/bueroumzug-mering,/bueroumzug-moetzing,service,service,0.111,1.000,1.000,1.000,0,9,no,HIGH_OVERLAP,REVIEW_SHARED_FAQ;DIFFERENTIATE_MAIN_CONTENT;REWRITE_FOR_CUSTOMER
/bueroumzug-mering,/bueroumzug-moosburg,service,service,0.125,1.000,1.000,1.000,0,9,no,HIGH_OVERLAP,REVIEW_SHARED_FAQ;DIFFERENTIATE_MAIN_CONTENT;REWRITE_FOR_CUSTOMER
/bueroumzug-mering,/bueroumzug-muenchen,service,service,0.250,0.750,1.000,0.976,0,9,no,HIGH_OVERLAP,REVIEW_SHARED_FAQ;DIFFERENTIATE_MAIN_CONTENT;REWRITE_FOR_CUSTOMER
/bueroumzug-mering,/bueroumzug-nabburg,service,service,0.111,1.000,1.000,1.000,0,9,no,HIGH_OVERLAP,REVIEW_SHARED_FAQ;DIFFERENTIATE_MAIN_CONTENT;REWRITE_FOR_CUSTOMER
/bueroumzug-mering,/bueroumzug-neu-ulm,service,service,0.111,1.000,1.000,1.000,0,9,no,HIGH_OVERLAP,REVIEW_SHARED_FAQ;DIFFERENTIATE_MAIN_CONTENT;REWRITE_FOR_CUSTOMER
/bueroumzug-mering,/bueroumzug-neufahrn-in-niederbayern,service,service,1.000,1.000,1.000,1.000,0,9,no,HIGH_OVERLAP,REVIEW_SHARED_FAQ;DIFFERENTIATE_MAIN_CONTENT;REWRITE_FOR_CUSTOMER
/bueroumzug-mintraching,/bueroumzug-moetzing,service,service,0.125,1.000,1.000,1.000,0,9,no,HIGH_OVERLAP,REVIEW_SHARED_FAQ;DIFFERENTIATE_MAIN_CONTENT;REWRITE_FOR_CUSTOMER
/bueroumzug-mintraching,/bueroumzug-moosburg,service,service,1.000,1.000,1.000,1.000,0,9,no,HIGH_OVERLAP,REVIEW_SHARED_FAQ;DIFFERENTIATE_MAIN_CONTENT;REWRITE_FOR_CUSTOMER
/bueroumzug-mintraching,/bueroumzug-muenchen,service,service,0.125,0.750,1.000,0.976,0,9,no,HIGH_OVERLAP,REVIEW_SHARED_FAQ;DIFFERENTIATE_MAIN_CONTENT;REWRITE_FOR_CUSTOMER
/bueroumzug-mintraching,/bueroumzug-nabburg,service,service,0.125,1.000,1.000,1.000,0,9,no,HIGH_OVERLAP,REVIEW_SHARED_FAQ;DIFFERENTIATE_MAIN_CONTENT;REWRITE_FOR_CUSTOMER
/bueroumzug-mintraching,/bueroumzug-neu-ulm,service,service,0.125,1.000,1.000,1.000,0,9,no,HIGH_OVERLAP,REVIEW_SHARED_FAQ;DIFFERENTIATE_MAIN_CONTENT;REWRITE_FOR_CUSTOMER
/bueroumzug-mintraching,/bueroumzug-neufahrn-in-niederbayern,service,service,0.125,1.000,1.000,1.000,0,9,no,HIGH_OVERLAP,REVIEW_SHARED_FAQ;DIFFERENTIATE_MAIN_CONTENT;REWRITE_FOR_CUSTOMER
/bueroumzug-moetzing,/bueroumzug-moosburg,service,service,0.125,1.000,1.000,1.000,0,9,no,HIGH_OVERLAP,REVIEW_SHARED_FAQ;DIFFERENTIATE_MAIN_CONTENT;REWRITE_FOR_CUSTOMER
/bueroumzug-moetzing,/bueroumzug-muenchen,service,service,0.429,0.750,1.000,0.976,0,9,no,HIGH_OVERLAP,REVIEW_SHARED_FAQ;DIFFERENTIATE_MAIN_CONTENT;REWRITE_FOR_CUSTOMER
/bueroumzug-moetzing,/bueroumzug-nabburg,service,service,1.000,1.000,1.000,1.000,0,9,no,HIGH_OVERLAP,REVIEW_SHARED_FAQ;DIFFERENTIATE_MAIN_CONTENT;REWRITE_FOR_CUSTOMER
/bueroumzug-moetzing,/bueroumzug-neu-ulm,service,service,1.000,1.000,1.000,1.000,0,9,no,HIGH_OVERLAP,REVIEW_SHARED_FAQ;DIFFERENTIATE_MAIN_CONTENT;REWRITE_FOR_CUSTOMER
/bueroumzug-moetzing,/bueroumzug-neufahrn-in-niederbayern,service,service,0.111,1.000,1.000,1.000,0,9,no,HIGH_OVERLAP,REVIEW_SHARED_FAQ;DIFFERENTIATE_MAIN_CONTENT;REWRITE_FOR_CUSTOMER
/bueroumzug-moosburg,/bueroumzug-muenchen,service,service,0.125,0.750,1.000,0.976,0,9,no,HIGH_OVERLAP,REVIEW_SHARED_FAQ;DIFFERENTIATE_MAIN_CONTENT;REWRITE_FOR_CUSTOMER
/bueroumzug-moosburg,/bueroumzug-nabburg,service,service,0.125,1.000,1.000,1.000,0,9,no,HIGH_OVERLAP,REVIEW_SHARED_FAQ;DIFFERENTIATE_MAIN_CONTENT;REWRITE_FOR_CUSTOMER
/bueroumzug-moosburg,/bueroumzug-neu-ulm,service,service,0.125,1.000,1.000,1.000,0,9,no,HIGH_OVERLAP,REVIEW_SHARED_FAQ;DIFFERENTIATE_MAIN_CONTENT;REWRITE_FOR_CUSTOMER
/bueroumzug-moosburg,/bueroumzug-neufahrn-in-niederbayern,service,service,0.125,1.000,1.000,1.000,0,9,no,HIGH_OVERLAP,REVIEW_SHARED_FAQ;DIFFERENTIATE_MAIN_CONTENT;REWRITE_FOR_CUSTOMER
/bueroumzug-muenchen,/bueroumzug-nabburg,service,service,0.429,0.750,1.000,0.976,0,9,no,HIGH_OVERLAP,REVIEW_SHARED_FAQ;DIFFERENTIATE_MAIN_CONTENT;REWRITE_FOR_CUSTOMER
/bueroumzug-muenchen,/bueroumzug-neu-ulm,service,service,0.429,0.750,1.000,0.976,0,9,no,HIGH_OVERLAP,REVIEW_SHARED_FAQ;DIFFERENTIATE_MAIN_CONTENT;REWRITE_FOR_CUSTOMER
/bueroumzug-muenchen,/bueroumzug-neufahrn-in-niederbayern,service,service,0.250,0.750,1.000,0.976,0,9,no,HIGH_OVERLAP,REVIEW_SHARED_FAQ;DIFFERENTIATE_MAIN_CONTENT;REWRITE_FOR_CUSTOMER
/bueroumzug-nabburg,/bueroumzug-neu-ulm,service,service,1.000,1.000,1.000,1.000,0,9,no,HIGH_OVERLAP,REVIEW_SHARED_FAQ;DIFFERENTIATE_MAIN_CONTENT;REWRITE_FOR_CUSTOMER
/bueroumzug-nabburg,/bueroumzug-neufahrn-in-niederbayern,service,service,0.111,1.000,1.000,1.000,0,9,no,HIGH_OVERLAP,REVIEW_SHARED_FAQ;DIFFERENTIATE_MAIN_CONTENT;REWRITE_FOR_CUSTOMER
/bueroumzug-neu-ulm,/bueroumzug-neufahrn-in-niederbayern,service,service,0.111,1.000,1.000,1.000,0,9,no,HIGH_OVERLAP,REVIEW_SHARED_FAQ;DIFFERENTIATE_MAIN_CONTENT;REWRITE_FOR_CUSTOMER
/bueroumzug-neumarkt,/bueroumzug-neunburg-vorm-wald,service,service,0.125,1.000,1.000,0.917,0,6,no,HIGH_OVERLAP,REVIEW_SHARED_FAQ;DIFFERENTIATE_MAIN_CONTENT;REWRITE_FOR_CUSTOMER
/bueroumzug-neumarkt,/bueroumzug-neusaess,service,service,1.000,1.000,1.000,0.917,0,6,no,HIGH_OVERLAP,REVIEW_SHARED_FAQ;DIFFERENTIATE_MAIN_CONTENT;REWRITE_FOR_CUSTOMER
/bueroumzug-neumarkt,/bueroumzug-neustadt-an-der-donau,service,service,0.111,1.000,1.000,0.917,0,6,no,HIGH_OVERLAP,REVIEW_SHARED_FAQ;DIFFERENTIATE_MAIN_CONTENT;REWRITE_FOR_CUSTOMER
/bueroumzug-neumarkt,/bueroumzug-neustadt-an-der-waldnaab,service,service,0.250,1.000,1.000,0.917,0,6,no,HIGH_OVERLAP,REVIEW_SHARED_FAQ;DIFFERENTIATE_MAIN_CONTENT;REWRITE_FOR_CUSTOMER
/bueroumzug-neumarkt,/bueroumzug-neutraubling,service,service,0.111,1.000,1.000,0.917,0,6,no,HIGH_OVERLAP,REVIEW_SHARED_FAQ;DIFFERENTIATE_MAIN_CONTENT;REWRITE_FOR_CUSTOMER
/bueroumzug-neumarkt,/bueroumzug-nittenau,service,service,0.111,1.000,1.000,0.917,0,6,no,HIGH_OVERLAP,REVIEW_SHARED_FAQ;DIFFERENTIATE_MAIN_CONTENT;REWRITE_FOR_CUSTOMER
/bueroumzug-neumarkt,/bueroumzug-nittendorf,service,service,0.250,1.000,1.000,0.917,0,6,no,HIGH_OVERLAP,REVIEW_SHARED_FAQ;DIFFERENTIATE_MAIN_CONTENT;REWRITE_FOR_CUSTOMER
/bueroumzug-neunburg-vorm-wald,/bueroumzug-neusaess,service,service,0.125,1.000,1.000,1.000,0,9,no,HIGH_OVERLAP,REVIEW_SHARED_FAQ;DIFFERENTIATE_MAIN_CONTENT;REWRITE_FOR_CUSTOMER
/bueroumzug-neunburg-vorm-wald,/bueroumzug-neustadt-an-der-donau,service,service,0.125,1.000,1.000,1.000,0,9,no,HIGH_OVERLAP,REVIEW_SHARED_FAQ;DIFFERENTIATE_MAIN_CONTENT;REWRITE_FOR_CUSTOMER
/bueroumzug-neunburg-vorm-wald,/bueroumzug-neustadt-an-der-waldnaab,service,service,0.125,1.000,1.000,1.000,0,9,no,HIGH_OVERLAP,REVIEW_SHARED_FAQ;DIFFERENTIATE_MAIN_CONTENT;REWRITE_FOR_CUSTOMER
/bueroumzug-neunburg-vorm-wald,/bueroumzug-neutraubling,service,service,0.125,1.000,1.000,1.000,0,9,no,HIGH_OVERLAP,REVIEW_SHARED_FAQ;DIFFERENTIATE_MAIN_CONTENT;REWRITE_FOR_CUSTOMER
/bueroumzug-neunburg-vorm-wald,/bueroumzug-nittenau,service,service,0.125,1.000,1.000,1.000,0,9,no,HIGH_OVERLAP,REVIEW_SHARED_FAQ;DIFFERENTIATE_MAIN_CONTENT;REWRITE_FOR_CUSTOMER
/bueroumzug-neunburg-vorm-wald,/bueroumzug-nittendorf,service,service,0.125,1.000,1.000,1.000,0,9,no,HIGH_OVERLAP,REVIEW_SHARED_FAQ;DIFFERENTIATE_MAIN_CONTENT;REWRITE_FOR_CUSTOMER
/bueroumzug-neusaess,/bueroumzug-neustadt-an-der-donau,service,service,0.111,1.000,1.000,1.000,0,9,no,HIGH_OVERLAP,REVIEW_SHARED_FAQ;DIFFERENTIATE_MAIN_CONTENT;REWRITE_FOR_CUSTOMER
/bueroumzug-neusaess,/bueroumzug-neustadt-an-der-waldnaab,service,service,0.250,1.000,1.000,1.000,0,9,no,HIGH_OVERLAP,REVIEW_SHARED_FAQ;DIFFERENTIATE_MAIN_CONTENT;REWRITE_FOR_CUSTOMER
/bueroumzug-neusaess,/bueroumzug-neutraubling,service,service,0.111,1.000,1.000,1.000,0,9,no,HIGH_OVERLAP,REVIEW_SHARED_FAQ;DIFFERENTIATE_MAIN_CONTENT;REWRITE_FOR_CUSTOMER
/bueroumzug-neusaess,/bueroumzug-nittenau,service,service,0.111,1.000,1.000,1.000,0,9,no,HIGH_OVERLAP,REVIEW_SHARED_FAQ;DIFFERENTIATE_MAIN_CONTENT;REWRITE_FOR_CUSTOMER
/bueroumzug-neusaess,/bueroumzug-nittendorf,service,service,0.250,1.000,1.000,1.000,0,9,no,HIGH_OVERLAP,REVIEW_SHARED_FAQ;DIFFERENTIATE_MAIN_CONTENT;REWRITE_FOR_CUSTOMER
/bueroumzug-neustadt-an-der-donau,/bueroumzug-neustadt-an-der-waldnaab,service,service,0.250,1.000,1.000,1.000,0,9,no,HIGH_OVERLAP,REVIEW_SHARED_FAQ;DIFFERENTIATE_MAIN_CONTENT;REWRITE_FOR_CUSTOMER
/bueroumzug-neustadt-an-der-donau,/bueroumzug-neutraubling,service,service,1.000,1.000,1.000,1.000,0,9,no,HIGH_OVERLAP,REVIEW_SHARED_FAQ;DIFFERENTIATE_MAIN_CONTENT;REWRITE_FOR_CUSTOMER
/bueroumzug-neustadt-an-der-donau,/bueroumzug-nittenau,service,service,1.000,1.000,1.000,1.000,0,9,no,HIGH_OVERLAP,REVIEW_SHARED_FAQ;DIFFERENTIATE_MAIN_CONTENT;REWRITE_FOR_CUSTOMER
/bueroumzug-neustadt-an-der-donau,/bueroumzug-nittendorf,service,service,0.250,1.000,1.000,1.000,0,9,no,HIGH_OVERLAP,REVIEW_SHARED_FAQ;DIFFERENTIATE_MAIN_CONTENT;REWRITE_FOR_CUSTOMER
/bueroumzug-neustadt-an-der-waldnaab,/bueroumzug-neutraubling,service,service,0.250,1.000,1.000,1.000,0,9,no,HIGH_OVERLAP,REVIEW_SHARED_FAQ;DIFFERENTIATE_MAIN_CONTENT;REWRITE_FOR_CUSTOMER
/bueroumzug-neustadt-an-der-waldnaab,/bueroumzug-nittenau,service,service,0.250,1.000,1.000,1.000,0,9,no,HIGH_OVERLAP,REVIEW_SHARED_FAQ;DIFFERENTIATE_MAIN_CONTENT;REWRITE_FOR_CUSTOMER
/bueroumzug-neustadt-an-der-waldnaab,/bueroumzug-nittendorf,service,service,1.000,1.000,1.000,1.000,0,9,no,HIGH_OVERLAP,REVIEW_SHARED_FAQ;DIFFERENTIATE_MAIN_CONTENT;REWRITE_FOR_CUSTOMER
/bueroumzug-neutraubling,/bueroumzug-nittenau,service,service,1.000,1.000,1.000,1.000,0,9,no,HIGH_OVERLAP,REVIEW_SHARED_FAQ;DIFFERENTIATE_MAIN_CONTENT;REWRITE_FOR_CUSTOMER
/bueroumzug-neutraubling,/bueroumzug-nittendorf,service,service,0.250,1.000,1.000,1.000,0,9,no,HIGH_OVERLAP,REVIEW_SHARED_FAQ;DIFFERENTIATE_MAIN_CONTENT;REWRITE_FOR_CUSTOMER
/bueroumzug-nittenau,/bueroumzug-nittendorf,service,service,0.250,1.000,1.000,1.000,0,9,no,HIGH_OVERLAP,REVIEW_SHARED_FAQ;DIFFERENTIATE_MAIN_CONTENT;REWRITE_FOR_CUSTOMER
/bueroumzug-nuernberg,/bueroumzug-oberasbach,service,service,0.125,0.750,1.000,0.985,0,9,no,HIGH_OVERLAP,REVIEW_SHARED_FAQ;DIFFERENTIATE_MAIN_CONTENT;REWRITE_FOR_CUSTOMER
/bueroumzug-nuernberg,/bueroumzug-obertraubling,service,service,0.250,0.750,1.000,0.985,0,9,no,HIGH_OVERLAP,REVIEW_SHARED_FAQ;DIFFERENTIATE_MAIN_CONTENT;REWRITE_FOR_CUSTOMER
/bueroumzug-nuernberg,/bueroumzug-oberviechtach,service,service,0.250,0.750,1.000,0.985,0,9,no,HIGH_OVERLAP,REVIEW_SHARED_FAQ;DIFFERENTIATE_MAIN_CONTENT;REWRITE_FOR_CUSTOMER
/bueroumzug-nuernberg,/bueroumzug-olching,service,service,0.125,0.750,1.000,0.985,0,9,no,HIGH_OVERLAP,REVIEW_SHARED_FAQ;DIFFERENTIATE_MAIN_CONTENT;REWRITE_FOR_CUSTOMER
/bueroumzug-nuernberg,/bueroumzug-osterhofen,service,service,0.250,0.750,1.000,0.985,0,9,no,HIGH_OVERLAP,REVIEW_SHARED_FAQ;DIFFERENTIATE_MAIN_CONTENT;REWRITE_FOR_CUSTOMER
/bueroumzug-nuernberg,/bueroumzug-painten,service,service,0.250,0.750,1.000,0.985,0,9,no,HIGH_OVERLAP,REVIEW_SHARED_FAQ;DIFFERENTIATE_MAIN_CONTENT;REWRITE_FOR_CUSTOMER
/bueroumzug-nuernberg,/bueroumzug-parsberg,service,service,0.125,0.750,1.000,0.985,0,9,no,HIGH_OVERLAP,REVIEW_SHARED_FAQ;DIFFERENTIATE_MAIN_CONTENT;REWRITE_FOR_CUSTOMER
/bueroumzug-oberasbach,/bueroumzug-obertraubling,service,service,0.125,1.000,1.000,1.000,0,9,no,HIGH_OVERLAP,REVIEW_SHARED_FAQ;DIFFERENTIATE_MAIN_CONTENT;REWRITE_FOR_CUSTOMER
/bueroumzug-oberasbach,/bueroumzug-oberviechtach,service,service,0.125,1.000,1.000,1.000,0,9,no,HIGH_OVERLAP,REVIEW_SHARED_FAQ;DIFFERENTIATE_MAIN_CONTENT;REWRITE_FOR_CUSTOMER
/bueroumzug-oberasbach,/bueroumzug-olching,service,service,1.000,1.000,1.000,1.000,0,9,no,HIGH_OVERLAP,REVIEW_SHARED_FAQ;DIFFERENTIATE_MAIN_CONTENT;REWRITE_FOR_CUSTOMER
/bueroumzug-oberasbach,/bueroumzug-osterhofen,service,service,0.125,1.000,1.000,1.000,0,9,no,HIGH_OVERLAP,REVIEW_SHARED_FAQ;DIFFERENTIATE_MAIN_CONTENT;REWRITE_FOR_CUSTOMER
/bueroumzug-oberasbach,/bueroumzug-painten,service,service,0.125,1.000,1.000,1.000,0,9,no,HIGH_OVERLAP,REVIEW_SHARED_FAQ;DIFFERENTIATE_MAIN_CONTENT;REWRITE_FOR_CUSTOMER
/bueroumzug-oberasbach,/bueroumzug-parsberg,service,service,1.000,1.000,1.000,1.000,0,9,no,HIGH_OVERLAP,REVIEW_SHARED_FAQ;DIFFERENTIATE_MAIN_CONTENT;REWRITE_FOR_CUSTOMER
/bueroumzug-obertraubling,/bueroumzug-oberviechtach,service,service,0.250,1.000,1.000,1.000,0,9,no,HIGH_OVERLAP,REVIEW_SHARED_FAQ;DIFFERENTIATE_MAIN_CONTENT;REWRITE_FOR_CUSTOMER
/bueroumzug-obertraubling,/bueroumzug-olching,service,service,0.125,1.000,1.000,1.000,0,9,no,HIGH_OVERLAP,REVIEW_SHARED_FAQ;DIFFERENTIATE_MAIN_CONTENT;REWRITE_FOR_CUSTOMER
/bueroumzug-obertraubling,/bueroumzug-osterhofen,service,service,0.250,1.000,1.000,1.000,0,9,no,HIGH_OVERLAP,REVIEW_SHARED_FAQ;DIFFERENTIATE_MAIN_CONTENT;REWRITE_FOR_CUSTOMER
/bueroumzug-obertraubling,/bueroumzug-painten,service,service,0.111,1.000,1.000,1.000,0,9,no,HIGH_OVERLAP,REVIEW_SHARED_FAQ;DIFFERENTIATE_MAIN_CONTENT;REWRITE_FOR_CUSTOMER
/bueroumzug-obertraubling,/bueroumzug-parsberg,service,service,0.125,1.000,1.000,1.000,0,9,no,HIGH_OVERLAP,REVIEW_SHARED_FAQ;DIFFERENTIATE_MAIN_CONTENT;REWRITE_FOR_CUSTOMER
/bueroumzug-oberviechtach,/bueroumzug-olching,service,service,0.125,1.000,1.000,1.000,0,9,no,HIGH_OVERLAP,REVIEW_SHARED_FAQ;DIFFERENTIATE_MAIN_CONTENT;REWRITE_FOR_CUSTOMER
/bueroumzug-oberviechtach,/bueroumzug-osterhofen,service,service,1.000,1.000,1.000,1.000,0,9,no,HIGH_OVERLAP,REVIEW_SHARED_FAQ;DIFFERENTIATE_MAIN_CONTENT;REWRITE_FOR_CUSTOMER
/bueroumzug-oberviechtach,/bueroumzug-painten,service,service,0.250,1.000,1.000,1.000,0,9,no,HIGH_OVERLAP,REVIEW_SHARED_FAQ;DIFFERENTIATE_MAIN_CONTENT;REWRITE_FOR_CUSTOMER
/bueroumzug-oberviechtach,/bueroumzug-parsberg,service,service,0.125,1.000,1.000,1.000,0,9,no,HIGH_OVERLAP,REVIEW_SHARED_FAQ;DIFFERENTIATE_MAIN_CONTENT;REWRITE_FOR_CUSTOMER
/bueroumzug-olching,/bueroumzug-osterhofen,service,service,0.125,1.000,1.000,1.000,0,9,no,HIGH_OVERLAP,REVIEW_SHARED_FAQ;DIFFERENTIATE_MAIN_CONTENT;REWRITE_FOR_CUSTOMER
/bueroumzug-olching,/bueroumzug-painten,service,service,0.125,1.000,1.000,1.000,0,9,no,HIGH_OVERLAP,REVIEW_SHARED_FAQ;DIFFERENTIATE_MAIN_CONTENT;REWRITE_FOR_CUSTOMER
/bueroumzug-olching,/bueroumzug-parsberg,service,service,1.000,1.000,1.000,1.000,0,9,no,HIGH_OVERLAP,REVIEW_SHARED_FAQ;DIFFERENTIATE_MAIN_CONTENT;REWRITE_FOR_CUSTOMER
/bueroumzug-osterhofen,/bueroumzug-painten,service,service,0.250,1.000,1.000,1.000,0,9,no,HIGH_OVERLAP,REVIEW_SHARED_FAQ;DIFFERENTIATE_MAIN_CONTENT;REWRITE_FOR_CUSTOMER
/bueroumzug-osterhofen,/bueroumzug-parsberg,service,service,0.125,1.000,1.000,1.000,0,9,no,HIGH_OVERLAP,REVIEW_SHARED_FAQ;DIFFERENTIATE_MAIN_CONTENT;REWRITE_FOR_CUSTOMER
/bueroumzug-painten,/bueroumzug-parsberg,service,service,0.125,1.000,1.000,1.000,0,9,no,HIGH_OVERLAP,REVIEW_SHARED_FAQ;DIFFERENTIATE_MAIN_CONTENT;REWRITE_FOR_CUSTOMER
/bueroumzug-passau,/bueroumzug-pentling,service,service,1.000,1.000,1.000,0.925,0,6,no,HIGH_OVERLAP,REVIEW_SHARED_FAQ;DIFFERENTIATE_MAIN_CONTENT;REWRITE_FOR_CUSTOMER
/bueroumzug-passau,/bueroumzug-pettendorf,service,service,1.000,1.000,1.000,0.925,0,6,no,HIGH_OVERLAP,REVIEW_SHARED_FAQ;DIFFERENTIATE_MAIN_CONTENT;REWRITE_FOR_CUSTOMER
/bueroumzug-passau,/bueroumzug-pfaffenhofen,service,service,0.111,1.000,1.000,0.925,0,6,no,HIGH_OVERLAP,REVIEW_SHARED_FAQ;DIFFERENTIATE_MAIN_CONTENT;REWRITE_FOR_CUSTOMER
/bueroumzug-passau,/bueroumzug-pfarrkirchen,service,service,0.250,1.000,1.000,0.925,0,6,no,HIGH_OVERLAP,REVIEW_SHARED_FAQ;DIFFERENTIATE_MAIN_CONTENT;REWRITE_FOR_CUSTOMER
/bueroumzug-passau,/bueroumzug-pfatter,service,service,0.125,1.000,1.000,0.925,0,6,no,HIGH_OVERLAP,REVIEW_SHARED_FAQ;DIFFERENTIATE_MAIN_CONTENT;REWRITE_FOR_CUSTOMER
/bueroumzug-passau,/bueroumzug-pfeffenhausen,service,service,0.125,1.000,1.000,0.925,0,6,no,HIGH_OVERLAP,REVIEW_SHARED_FAQ;DIFFERENTIATE_MAIN_CONTENT;REWRITE_FOR_CUSTOMER
/bueroumzug-passau,/bueroumzug-pfreimd,service,service,1.000,1.000,1.000,0.925,0,6,no,HIGH_OVERLAP,REVIEW_SHARED_FAQ;DIFFERENTIATE_MAIN_CONTENT;REWRITE_FOR_CUSTOMER
/bueroumzug-pentling,/bueroumzug-pettendorf,service,service,1.000,1.000,1.000,1.000,0,9,no,HIGH_OVERLAP,REVIEW_SHARED_FAQ;DIFFERENTIATE_MAIN_CONTENT;REWRITE_FOR_CUSTOMER
/bueroumzug-pentling,/bueroumzug-pfaffenhofen,service,service,0.111,1.000,1.000,1.000,0,9,no,HIGH_OVERLAP,REVIEW_SHARED_FAQ;DIFFERENTIATE_MAIN_CONTENT;REWRITE_FOR_CUSTOMER
/bueroumzug-pentling,/bueroumzug-pfarrkirchen,service,service,0.250,1.000,1.000,1.000,0,9,no,HIGH_OVERLAP,REVIEW_SHARED_FAQ;DIFFERENTIATE_MAIN_CONTENT;REWRITE_FOR_CUSTOMER
/bueroumzug-pentling,/bueroumzug-pfatter,service,service,0.125,1.000,1.000,1.000,0,9,no,HIGH_OVERLAP,REVIEW_SHARED_FAQ;DIFFERENTIATE_MAIN_CONTENT;REWRITE_FOR_CUSTOMER
/bueroumzug-pentling,/bueroumzug-pfeffenhausen,service,service,0.125,1.000,1.000,1.000,0,9,no,HIGH_OVERLAP,REVIEW_SHARED_FAQ;DIFFERENTIATE_MAIN_CONTENT;REWRITE_FOR_CUSTOMER
/bueroumzug-pentling,/bueroumzug-pfreimd,service,service,1.000,1.000,1.000,1.000,0,9,no,HIGH_OVERLAP,REVIEW_SHARED_FAQ;DIFFERENTIATE_MAIN_CONTENT;REWRITE_FOR_CUSTOMER
/bueroumzug-pettendorf,/bueroumzug-pfaffenhofen,service,service,0.111,1.000,1.000,1.000,0,9,no,HIGH_OVERLAP,REVIEW_SHARED_FAQ;DIFFERENTIATE_MAIN_CONTENT;REWRITE_FOR_CUSTOMER
/bueroumzug-pettendorf,/bueroumzug-pfarrkirchen,service,service,0.250,1.000,1.000,1.000,0,9,no,HIGH_OVERLAP,REVIEW_SHARED_FAQ;DIFFERENTIATE_MAIN_CONTENT;REWRITE_FOR_CUSTOMER
/bueroumzug-pettendorf,/bueroumzug-pfatter,service,service,0.125,1.000,1.000,1.000,0,9,no,HIGH_OVERLAP,REVIEW_SHARED_FAQ;DIFFERENTIATE_MAIN_CONTENT;REWRITE_FOR_CUSTOMER
/bueroumzug-pettendorf,/bueroumzug-pfeffenhausen,service,service,0.125,1.000,1.000,1.000,0,9,no,HIGH_OVERLAP,REVIEW_SHARED_FAQ;DIFFERENTIATE_MAIN_CONTENT;REWRITE_FOR_CUSTOMER
/bueroumzug-pettendorf,/bueroumzug-pfreimd,service,service,1.000,1.000,1.000,1.000,0,9,no,HIGH_OVERLAP,REVIEW_SHARED_FAQ;DIFFERENTIATE_MAIN_CONTENT;REWRITE_FOR_CUSTOMER
/bueroumzug-pfaffenhofen,/bueroumzug-pfarrkirchen,service,service,0.250,1.000,1.000,1.000,0,9,no,HIGH_OVERLAP,REVIEW_SHARED_FAQ;DIFFERENTIATE_MAIN_CONTENT;REWRITE_FOR_CUSTOMER
/bueroumzug-pfaffenhofen,/bueroumzug-pfatter,service,service,0.125,1.000,1.000,1.000,0,9,no,HIGH_OVERLAP,REVIEW_SHARED_FAQ;DIFFERENTIATE_MAIN_CONTENT;REWRITE_FOR_CUSTOMER
/bueroumzug-pfaffenhofen,/bueroumzug-pfeffenhausen,service,service,0.125,1.000,1.000,1.000,0,9,no,HIGH_OVERLAP,REVIEW_SHARED_FAQ;DIFFERENTIATE_MAIN_CONTENT;REWRITE_FOR_CUSTOMER
/bueroumzug-pfaffenhofen,/bueroumzug-pfreimd,service,service,0.111,1.000,1.000,1.000,0,9,no,HIGH_OVERLAP,REVIEW_SHARED_FAQ;DIFFERENTIATE_MAIN_CONTENT;REWRITE_FOR_CUSTOMER
/bueroumzug-pfarrkirchen,/bueroumzug-pfatter,service,service,0.125,1.000,1.000,1.000,0,9,no,HIGH_OVERLAP,REVIEW_SHARED_FAQ;DIFFERENTIATE_MAIN_CONTENT;REWRITE_FOR_CUSTOMER
/bueroumzug-pfarrkirchen,/bueroumzug-pfeffenhausen,service,service,0.125,1.000,1.000,1.000,0,9,no,HIGH_OVERLAP,REVIEW_SHARED_FAQ;DIFFERENTIATE_MAIN_CONTENT;REWRITE_FOR_CUSTOMER
/bueroumzug-pfarrkirchen,/bueroumzug-pfreimd,service,service,0.250,1.000,1.000,1.000,0,9,no,HIGH_OVERLAP,REVIEW_SHARED_FAQ;DIFFERENTIATE_MAIN_CONTENT;REWRITE_FOR_CUSTOMER
/bueroumzug-pfatter,/bueroumzug-pfeffenhausen,service,service,1.000,1.000,1.000,1.000,0,9,no,HIGH_OVERLAP,REVIEW_SHARED_FAQ;DIFFERENTIATE_MAIN_CONTENT;REWRITE_FOR_CUSTOMER
/bueroumzug-pfatter,/bueroumzug-pfreimd,service,service,0.125,1.000,1.000,1.000,0,9,no,HIGH_OVERLAP,REVIEW_SHARED_FAQ;DIFFERENTIATE_MAIN_CONTENT;REWRITE_FOR_CUSTOMER
/bueroumzug-pfeffenhausen,/bueroumzug-pfreimd,service,service,0.125,1.000,1.000,1.000,0,9,no,HIGH_OVERLAP,REVIEW_SHARED_FAQ;DIFFERENTIATE_MAIN_CONTENT;REWRITE_FOR_CUSTOMER
/bueroumzug-pielenhofen,/bueroumzug-plattling,service,service,1.000,1.000,1.000,1.000,0,9,no,HIGH_OVERLAP,REVIEW_SHARED_FAQ;DIFFERENTIATE_MAIN_CONTENT;REWRITE_FOR_CUSTOMER
/bueroumzug-pielenhofen,/bueroumzug-pocking,service,service,1.000,1.000,1.000,1.000,0,9,no,HIGH_OVERLAP,REVIEW_SHARED_FAQ;DIFFERENTIATE_MAIN_CONTENT;REWRITE_FOR_CUSTOMER
/bueroumzug-pielenhofen,/bueroumzug-postbauer-heng,service,service,0.111,1.000,1.000,1.000,0,9,no,HIGH_OVERLAP,REVIEW_SHARED_FAQ;DIFFERENTIATE_MAIN_CONTENT;REWRITE_FOR_CUSTOMER
/bueroumzug-pielenhofen,/bueroumzug-regen,service,service,0.250,1.000,1.000,1.000,0,9,no,HIGH_OVERLAP,REVIEW_SHARED_FAQ;DIFFERENTIATE_MAIN_CONTENT;REWRITE_FOR_CUSTOMER
/bueroumzug-pielenhofen,/bueroumzug-regensburg,service,service,0.250,0.750,1.000,0.852,0,6,no,HIGH_OVERLAP,REVIEW_SHARED_FAQ;DIFFERENTIATE_MAIN_CONTENT;REWRITE_FOR_CUSTOMER
/bueroumzug-pielenhofen,/bueroumzug-regenstauf,service,service,0.111,1.000,1.000,1.000,0,9,no,HIGH_OVERLAP,REVIEW_SHARED_FAQ;DIFFERENTIATE_MAIN_CONTENT;REWRITE_FOR_CUSTOMER
/bueroumzug-pielenhofen,/bueroumzug-riedenburg,service,service,0.250,1.000,1.000,1.000,0,9,no,HIGH_OVERLAP,REVIEW_SHARED_FAQ;DIFFERENTIATE_MAIN_CONTENT;REWRITE_FOR_CUSTOMER
/bueroumzug-plattling,/bueroumzug-pocking,service,service,1.000,1.000,1.000,1.000,0,9,no,HIGH_OVERLAP,REVIEW_SHARED_FAQ;DIFFERENTIATE_MAIN_CONTENT;REWRITE_FOR_CUSTOMER
/bueroumzug-plattling,/bueroumzug-postbauer-heng,service,service,0.111,1.000,1.000,1.000,0,9,no,HIGH_OVERLAP,REVIEW_SHARED_FAQ;DIFFERENTIATE_MAIN_CONTENT;REWRITE_FOR_CUSTOMER
/bueroumzug-plattling,/bueroumzug-regen,service,service,0.250,1.000,1.000,1.000,0,9,no,HIGH_OVERLAP,REVIEW_SHARED_FAQ;DIFFERENTIATE_MAIN_CONTENT;REWRITE_FOR_CUSTOMER
/bueroumzug-plattling,/bueroumzug-regensburg,service,service,0.250,0.750,1.000,0.852,0,6,no,HIGH_OVERLAP,REVIEW_SHARED_FAQ;DIFFERENTIATE_MAIN_CONTENT;REWRITE_FOR_CUSTOMER
/bueroumzug-plattling,/bueroumzug-regenstauf,service,service,0.111,1.000,1.000,1.000,0,9,no,HIGH_OVERLAP,REVIEW_SHARED_FAQ;DIFFERENTIATE_MAIN_CONTENT;REWRITE_FOR_CUSTOMER
/bueroumzug-plattling,/bueroumzug-riedenburg,service,service,0.250,1.000,1.000,1.000,0,9,no,HIGH_OVERLAP,REVIEW_SHARED_FAQ;DIFFERENTIATE_MAIN_CONTENT;REWRITE_FOR_CUSTOMER
/bueroumzug-pocking,/bueroumzug-postbauer-heng,service,service,0.111,1.000,1.000,1.000,0,9,no,HIGH_OVERLAP,REVIEW_SHARED_FAQ;DIFFERENTIATE_MAIN_CONTENT;REWRITE_FOR_CUSTOMER
/bueroumzug-pocking,/bueroumzug-regen,service,service,0.250,1.000,1.000,1.000,0,9,no,HIGH_OVERLAP,REVIEW_SHARED_FAQ;DIFFERENTIATE_MAIN_CONTENT;REWRITE_FOR_CUSTOMER
/bueroumzug-pocking,/bueroumzug-regensburg,service,service,0.250,0.750,1.000,0.852,0,6,no,HIGH_OVERLAP,REVIEW_SHARED_FAQ;DIFFERENTIATE_MAIN_CONTENT;REWRITE_FOR_CUSTOMER
/bueroumzug-pocking,/bueroumzug-regenstauf,service,service,0.111,1.000,1.000,1.000,0,9,no,HIGH_OVERLAP,REVIEW_SHARED_FAQ;DIFFERENTIATE_MAIN_CONTENT;REWRITE_FOR_CUSTOMER
/bueroumzug-pocking,/bueroumzug-riedenburg,service,service,0.250,1.000,1.000,1.000,0,9,no,HIGH_OVERLAP,REVIEW_SHARED_FAQ;DIFFERENTIATE_MAIN_CONTENT;REWRITE_FOR_CUSTOMER
/bueroumzug-postbauer-heng,/bueroumzug-regen,service,service,0.250,1.000,1.000,1.000,0,9,no,HIGH_OVERLAP,REVIEW_SHARED_FAQ;DIFFERENTIATE_MAIN_CONTENT;REWRITE_FOR_CUSTOMER
/bueroumzug-postbauer-heng,/bueroumzug-regensburg,service,service,0.250,0.750,1.000,0.852,0,6,no,HIGH_OVERLAP,REVIEW_SHARED_FAQ;DIFFERENTIATE_MAIN_CONTENT;REWRITE_FOR_CUSTOMER
/bueroumzug-postbauer-heng,/bueroumzug-regenstauf,service,service,1.000,1.000,1.000,1.000,0,9,no,HIGH_OVERLAP,REVIEW_SHARED_FAQ;DIFFERENTIATE_MAIN_CONTENT;REWRITE_FOR_CUSTOMER
/bueroumzug-postbauer-heng,/bueroumzug-riedenburg,service,service,0.250,1.000,1.000,1.000,0,9,no,HIGH_OVERLAP,REVIEW_SHARED_FAQ;DIFFERENTIATE_MAIN_CONTENT;REWRITE_FOR_CUSTOMER
/bueroumzug-regen,/bueroumzug-regensburg,service,service,0.250,0.750,1.000,0.852,0,6,no,HIGH_OVERLAP,REVIEW_SHARED_FAQ;DIFFERENTIATE_MAIN_CONTENT;REWRITE_FOR_CUSTOMER
/bueroumzug-regen,/bueroumzug-regenstauf,service,service,0.250,1.000,1.000,1.000,0,9,no,HIGH_OVERLAP,REVIEW_SHARED_FAQ;DIFFERENTIATE_MAIN_CONTENT;REWRITE_FOR_CUSTOMER
/bueroumzug-regen,/bueroumzug-riedenburg,service,service,1.000,1.000,1.000,1.000,0,9,no,HIGH_OVERLAP,REVIEW_SHARED_FAQ;DIFFERENTIATE_MAIN_CONTENT;REWRITE_FOR_CUSTOMER
/bueroumzug-regensburg,/bueroumzug-regenstauf,service,service,0.250,0.750,1.000,0.852,0,6,no,HIGH_OVERLAP,REVIEW_SHARED_FAQ;DIFFERENTIATE_MAIN_CONTENT;REWRITE_FOR_CUSTOMER
/bueroumzug-regensburg,/bueroumzug-riedenburg,service,service,0.250,0.750,1.000,0.852,0,6,no,HIGH_OVERLAP,REVIEW_SHARED_FAQ;DIFFERENTIATE_MAIN_CONTENT;REWRITE_FOR_CUSTOMER
/bueroumzug-regenstauf,/bueroumzug-riedenburg,service,service,0.250,1.000,1.000,1.000,0,9,no,HIGH_OVERLAP,REVIEW_SHARED_FAQ;DIFFERENTIATE_MAIN_CONTENT;REWRITE_FOR_CUSTOMER
/bueroumzug-riekofen,/bueroumzug-roding,service,service,0.250,1.000,1.000,1.000,0,9,no,HIGH_OVERLAP,REVIEW_SHARED_FAQ;DIFFERENTIATE_MAIN_CONTENT;REWRITE_FOR_CUSTOMER
/bueroumzug-riekofen,/bueroumzug-rosenheim,service,service,0.125,1.000,1.000,0.904,0,6,no,HIGH_OVERLAP,REVIEW_SHARED_FAQ;DIFFERENTIATE_MAIN_CONTENT;REWRITE_FOR_CUSTOMER
/bueroumzug-riekofen,/bueroumzug-roth,service,service,1.000,1.000,1.000,1.000,0,9,no,HIGH_OVERLAP,REVIEW_SHARED_FAQ;DIFFERENTIATE_MAIN_CONTENT;REWRITE_FOR_CUSTOMER
/bueroumzug-riekofen,/bueroumzug-rottenburg-an-der-laaber,service,service,0.111,1.000,1.000,1.000,0,9,no,HIGH_OVERLAP,REVIEW_SHARED_FAQ;DIFFERENTIATE_MAIN_CONTENT;REWRITE_FOR_CUSTOMER
/bueroumzug-riekofen,/bueroumzug-saal-an-der-donau,service,service,1.000,1.000,1.000,1.000,0,9,no,HIGH_OVERLAP,REVIEW_SHARED_FAQ;DIFFERENTIATE_MAIN_CONTENT;REWRITE_FOR_CUSTOMER
/bueroumzug-riekofen,/bueroumzug-schierling,service,service,0.111,1.000,1.000,1.000,0,9,no,HIGH_OVERLAP,REVIEW_SHARED_FAQ;DIFFERENTIATE_MAIN_CONTENT;REWRITE_FOR_CUSTOMER
/bueroumzug-riekofen,/bueroumzug-schnaittenbach,service,service,0.250,1.000,1.000,1.000,0,9,no,HIGH_OVERLAP,REVIEW_SHARED_FAQ;DIFFERENTIATE_MAIN_CONTENT;REWRITE_FOR_CUSTOMER
/bueroumzug-roding,/bueroumzug-rosenheim,service,service,0.125,1.000,1.000,0.904,0,6,no,HIGH_OVERLAP,REVIEW_SHARED_FAQ;DIFFERENTIATE_MAIN_CONTENT;REWRITE_FOR_CUSTOMER
/bueroumzug-roding,/bueroumzug-roth,service,service,0.250,1.000,1.000,1.000,0,9,no,HIGH_OVERLAP,REVIEW_SHARED_FAQ;DIFFERENTIATE_MAIN_CONTENT;REWRITE_FOR_CUSTOMER
/bueroumzug-roding,/bueroumzug-rottenburg-an-der-laaber,service,service,0.250,1.000,1.000,1.000,0,9,no,HIGH_OVERLAP,REVIEW_SHARED_FAQ;DIFFERENTIATE_MAIN_CONTENT;REWRITE_FOR_CUSTOMER
/bueroumzug-roding,/bueroumzug-saal-an-der-donau,service,service,0.250,1.000,1.000,1.000,0,9,no,HIGH_OVERLAP,REVIEW_SHARED_FAQ;DIFFERENTIATE_MAIN_CONTENT;REWRITE_FOR_CUSTOMER
/bueroumzug-roding,/bueroumzug-schierling,service,service,0.250,1.000,1.000,1.000,0,9,no,HIGH_OVERLAP,REVIEW_SHARED_FAQ;DIFFERENTIATE_MAIN_CONTENT;REWRITE_FOR_CUSTOMER
/bueroumzug-roding,/bueroumzug-schnaittenbach,service,service,1.000,1.000,1.000,1.000,0,9,no,HIGH_OVERLAP,REVIEW_SHARED_FAQ;DIFFERENTIATE_MAIN_CONTENT;REWRITE_FOR_CUSTOMER
/bueroumzug-rosenheim,/bueroumzug-roth,service,service,0.125,1.000,1.000,0.904,0,6,no,HIGH_OVERLAP,REVIEW_SHARED_FAQ;DIFFERENTIATE_MAIN_CONTENT;REWRITE_FOR_CUSTOMER
/bueroumzug-rosenheim,/bueroumzug-rottenburg-an-der-laaber,service,service,0.125,1.000,1.000,0.904,0,6,no,HIGH_OVERLAP,REVIEW_SHARED_FAQ;DIFFERENTIATE_MAIN_CONTENT;REWRITE_FOR_CUSTOMER
/bueroumzug-rosenheim,/bueroumzug-saal-an-der-donau,service,service,0.125,1.000,1.000,0.904,0,6,no,HIGH_OVERLAP,REVIEW_SHARED_FAQ;DIFFERENTIATE_MAIN_CONTENT;REWRITE_FOR_CUSTOMER
/bueroumzug-rosenheim,/bueroumzug-schierling,service,service,0.125,1.000,1.000,0.904,0,6,no,HIGH_OVERLAP,REVIEW_SHARED_FAQ;DIFFERENTIATE_MAIN_CONTENT;REWRITE_FOR_CUSTOMER
/bueroumzug-rosenheim,/bueroumzug-schnaittenbach,service,service,0.125,1.000,1.000,0.904,0,6,no,HIGH_OVERLAP,REVIEW_SHARED_FAQ;DIFFERENTIATE_MAIN_CONTENT;REWRITE_FOR_CUSTOMER
/bueroumzug-roth,/bueroumzug-rottenburg-an-der-laaber,service,service,0.111,1.000,1.000,1.000,0,9,no,HIGH_OVERLAP,REVIEW_SHARED_FAQ;DIFFERENTIATE_MAIN_CONTENT;REWRITE_FOR_CUSTOMER
/bueroumzug-roth,/bueroumzug-saal-an-der-donau,service,service,1.000,1.000,1.000,1.000,0,9,no,HIGH_OVERLAP,REVIEW_SHARED_FAQ;DIFFERENTIATE_MAIN_CONTENT;REWRITE_FOR_CUSTOMER
/bueroumzug-roth,/bueroumzug-schierling,service,service,0.111,1.000,1.000,1.000,0,9,no,HIGH_OVERLAP,REVIEW_SHARED_FAQ;DIFFERENTIATE_MAIN_CONTENT;REWRITE_FOR_CUSTOMER
/bueroumzug-roth,/bueroumzug-schnaittenbach,service,service,0.250,1.000,1.000,1.000,0,9,no,HIGH_OVERLAP,REVIEW_SHARED_FAQ;DIFFERENTIATE_MAIN_CONTENT;REWRITE_FOR_CUSTOMER
/bueroumzug-rottenburg-an-der-laaber,/bueroumzug-saal-an-der-donau,service,service,0.111,1.000,1.000,1.000,0,9,no,HIGH_OVERLAP,REVIEW_SHARED_FAQ;DIFFERENTIATE_MAIN_CONTENT;REWRITE_FOR_CUSTOMER
/bueroumzug-rottenburg-an-der-laaber,/bueroumzug-schierling,service,service,1.000,1.000,1.000,1.000,0,9,no,HIGH_OVERLAP,REVIEW_SHARED_FAQ;DIFFERENTIATE_MAIN_CONTENT;REWRITE_FOR_CUSTOMER
/bueroumzug-rottenburg-an-der-laaber,/bueroumzug-schnaittenbach,service,service,0.250,1.000,1.000,1.000,0,9,no,HIGH_OVERLAP,REVIEW_SHARED_FAQ;DIFFERENTIATE_MAIN_CONTENT;REWRITE_FOR_CUSTOMER
/bueroumzug-saal-an-der-donau,/bueroumzug-schierling,service,service,0.111,1.000,1.000,1.000,0,9,no,HIGH_OVERLAP,REVIEW_SHARED_FAQ;DIFFERENTIATE_MAIN_CONTENT;REWRITE_FOR_CUSTOMER
/bueroumzug-saal-an-der-donau,/bueroumzug-schnaittenbach,service,service,0.250,1.000,1.000,1.000,0,9,no,HIGH_OVERLAP,REVIEW_SHARED_FAQ;DIFFERENTIATE_MAIN_CONTENT;REWRITE_FOR_CUSTOMER
/bueroumzug-schierling,/bueroumzug-schnaittenbach,service,service,0.250,1.000,1.000,1.000,0,9,no,HIGH_OVERLAP,REVIEW_SHARED_FAQ;DIFFERENTIATE_MAIN_CONTENT;REWRITE_FOR_CUSTOMER
/bueroumzug-schwabach,/bueroumzug-schwandorf,service,service,0.250,1.000,1.000,0.917,0,6,no,HIGH_OVERLAP,REVIEW_SHARED_FAQ;DIFFERENTIATE_MAIN_CONTENT;REWRITE_FOR_CUSTOMER
/bueroumzug-schwabach,/bueroumzug-schwarzenfeld,service,service,1.000,1.000,1.000,1.000,0,9,no,HIGH_OVERLAP,REVIEW_SHARED_FAQ;DIFFERENTIATE_MAIN_CONTENT;REWRITE_FOR_CUSTOMER
/bueroumzug-schwabach,/bueroumzug-schweinfurt,service,service,0.125,1.000,1.000,1.000,0,9,no,HIGH_OVERLAP,REVIEW_SHARED_FAQ;DIFFERENTIATE_MAIN_CONTENT;REWRITE_FOR_CUSTOMER
/bueroumzug-schwabach,/bueroumzug-seubersdorf,service,service,1.000,1.000,1.000,1.000,0,9,no,HIGH_OVERLAP,REVIEW_SHARED_FAQ;DIFFERENTIATE_MAIN_CONTENT;REWRITE_FOR_CUSTOMER
/bueroumzug-schwabach,/bueroumzug-simbach-am-inn,service,service,0.125,1.000,1.000,1.000,0,9,no,HIGH_OVERLAP,REVIEW_SHARED_FAQ;DIFFERENTIATE_MAIN_CONTENT;REWRITE_FOR_CUSTOMER
/bueroumzug-schwabach,/bueroumzug-sinzing,service,service,0.125,1.000,1.000,1.000,0,9,no,HIGH_OVERLAP,REVIEW_SHARED_FAQ;DIFFERENTIATE_MAIN_CONTENT;REWRITE_FOR_CUSTOMER
/bueroumzug-schwabach,/bueroumzug-starnberg,service,service,0.125,1.000,1.000,0.904,0,6,no,HIGH_OVERLAP,REVIEW_SHARED_FAQ;DIFFERENTIATE_MAIN_CONTENT;REWRITE_FOR_CUSTOMER
/bueroumzug-schwandorf,/bueroumzug-schwarzenfeld,service,service,0.250,1.000,1.000,0.917,0,6,no,HIGH_OVERLAP,REVIEW_SHARED_FAQ;DIFFERENTIATE_MAIN_CONTENT;REWRITE_FOR_CUSTOMER
/bueroumzug-schwandorf,/bueroumzug-schweinfurt,service,service,0.125,1.000,1.000,0.917,0,6,no,HIGH_OVERLAP,REVIEW_SHARED_FAQ;DIFFERENTIATE_MAIN_CONTENT;REWRITE_FOR_CUSTOMER
/bueroumzug-schwandorf,/bueroumzug-seubersdorf,service,service,0.250,1.000,1.000,0.917,0,6,no,HIGH_OVERLAP,REVIEW_SHARED_FAQ;DIFFERENTIATE_MAIN_CONTENT;REWRITE_FOR_CUSTOMER
/bueroumzug-schwandorf,/bueroumzug-simbach-am-inn,service,service,0.125,1.000,1.000,0.917,0,6,no,HIGH_OVERLAP,REVIEW_SHARED_FAQ;DIFFERENTIATE_MAIN_CONTENT;REWRITE_FOR_CUSTOMER
/bueroumzug-schwandorf,/bueroumzug-sinzing,service,service,0.125,1.000,1.000,0.917,0,6,no,HIGH_OVERLAP,REVIEW_SHARED_FAQ;DIFFERENTIATE_MAIN_CONTENT;REWRITE_FOR_CUSTOMER
/bueroumzug-schwandorf,/bueroumzug-starnberg,service,service,0.125,1.000,1.000,0.953,0,6,no,HIGH_OVERLAP,REVIEW_SHARED_FAQ;DIFFERENTIATE_MAIN_CONTENT;REWRITE_FOR_CUSTOMER
/bueroumzug-schwarzenfeld,/bueroumzug-schweinfurt,service,service,0.125,1.000,1.000,1.000,0,9,no,HIGH_OVERLAP,REVIEW_SHARED_FAQ;DIFFERENTIATE_MAIN_CONTENT;REWRITE_FOR_CUSTOMER
/bueroumzug-schwarzenfeld,/bueroumzug-seubersdorf,service,service,1.000,1.000,1.000,1.000,0,9,no,HIGH_OVERLAP,REVIEW_SHARED_FAQ;DIFFERENTIATE_MAIN_CONTENT;REWRITE_FOR_CUSTOMER
/bueroumzug-schwarzenfeld,/bueroumzug-simbach-am-inn,service,service,0.125,1.000,1.000,1.000,0,9,no,HIGH_OVERLAP,REVIEW_SHARED_FAQ;DIFFERENTIATE_MAIN_CONTENT;REWRITE_FOR_CUSTOMER
/bueroumzug-schwarzenfeld,/bueroumzug-sinzing,service,service,0.125,1.000,1.000,1.000,0,9,no,HIGH_OVERLAP,REVIEW_SHARED_FAQ;DIFFERENTIATE_MAIN_CONTENT;REWRITE_FOR_CUSTOMER
/bueroumzug-schwarzenfeld,/bueroumzug-starnberg,service,service,0.125,1.000,1.000,0.904,0,6,no,HIGH_OVERLAP,REVIEW_SHARED_FAQ;DIFFERENTIATE_MAIN_CONTENT;REWRITE_FOR_CUSTOMER
/bueroumzug-schweinfurt,/bueroumzug-seubersdorf,service,service,0.125,1.000,1.000,1.000,0,9,no,HIGH_OVERLAP,REVIEW_SHARED_FAQ;DIFFERENTIATE_MAIN_CONTENT;REWRITE_FOR_CUSTOMER
/bueroumzug-schweinfurt,/bueroumzug-simbach-am-inn,service,service,1.000,1.000,1.000,1.000,0,9,no,HIGH_OVERLAP,REVIEW_SHARED_FAQ;DIFFERENTIATE_MAIN_CONTENT;REWRITE_FOR_CUSTOMER
/bueroumzug-schweinfurt,/bueroumzug-sinzing,service,service,1.000,1.000,1.000,1.000,0,9,no,HIGH_OVERLAP,REVIEW_SHARED_FAQ;DIFFERENTIATE_MAIN_CONTENT;REWRITE_FOR_CUSTOMER
/bueroumzug-schweinfurt,/bueroumzug-starnberg,service,service,1.000,1.000,1.000,0.904,0,6,no,HIGH_OVERLAP,REVIEW_SHARED_FAQ;DIFFERENTIATE_MAIN_CONTENT;REWRITE_FOR_CUSTOMER
/bueroumzug-seubersdorf,/bueroumzug-simbach-am-inn,service,service,0.125,1.000,1.000,1.000,0,9,no,HIGH_OVERLAP,REVIEW_SHARED_FAQ;DIFFERENTIATE_MAIN_CONTENT;REWRITE_FOR_CUSTOMER
/bueroumzug-seubersdorf,/bueroumzug-sinzing,service,service,0.125,1.000,1.000,1.000,0,9,no,HIGH_OVERLAP,REVIEW_SHARED_FAQ;DIFFERENTIATE_MAIN_CONTENT;REWRITE_FOR_CUSTOMER
/bueroumzug-seubersdorf,/bueroumzug-starnberg,service,service,0.125,1.000,1.000,0.904,0,6,no,HIGH_OVERLAP,REVIEW_SHARED_FAQ;DIFFERENTIATE_MAIN_CONTENT;REWRITE_FOR_CUSTOMER
/bueroumzug-simbach-am-inn,/bueroumzug-sinzing,service,service,1.000,1.000,1.000,1.000,0,9,no,HIGH_OVERLAP,REVIEW_SHARED_FAQ;DIFFERENTIATE_MAIN_CONTENT;REWRITE_FOR_CUSTOMER
/bueroumzug-simbach-am-inn,/bueroumzug-starnberg,service,service,1.000,1.000,1.000,0.904,0,6,no,HIGH_OVERLAP,REVIEW_SHARED_FAQ;DIFFERENTIATE_MAIN_CONTENT;REWRITE_FOR_CUSTOMER
/bueroumzug-sinzing,/bueroumzug-starnberg,service,service,1.000,1.000,1.000,0.904,0,6,no,HIGH_OVERLAP,REVIEW_SHARED_FAQ;DIFFERENTIATE_MAIN_CONTENT;REWRITE_FOR_CUSTOMER
/bueroumzug-steinberg-am-see,/bueroumzug-straubing,service,service,0.125,1.000,1.000,0.925,0,6,no,HIGH_OVERLAP,REVIEW_SHARED_FAQ;DIFFERENTIATE_MAIN_CONTENT;REWRITE_FOR_CUSTOMER
/bueroumzug-steinberg-am-see,/bueroumzug-suenching,service,service,0.125,1.000,1.000,1.000,0,9,no,HIGH_OVERLAP,REVIEW_SHARED_FAQ;DIFFERENTIATE_MAIN_CONTENT;REWRITE_FOR_CUSTOMER
/bueroumzug-steinberg-am-see,/bueroumzug-sulzbach-rosenberg,service,service,1.000,1.000,1.000,1.000,0,9,no,HIGH_OVERLAP,REVIEW_SHARED_FAQ;DIFFERENTIATE_MAIN_CONTENT;REWRITE_FOR_CUSTOMER
/bueroumzug-steinberg-am-see,/bueroumzug-tegernheim,service,service,0.125,1.000,1.000,1.000,0,9,no,HIGH_OVERLAP,REVIEW_SHARED_FAQ;DIFFERENTIATE_MAIN_CONTENT;REWRITE_FOR_CUSTOMER
/bueroumzug-steinberg-am-see,/bueroumzug-teublitz,service,service,0.125,1.000,1.000,1.000,0,9,no,HIGH_OVERLAP,REVIEW_SHARED_FAQ;DIFFERENTIATE_MAIN_CONTENT;REWRITE_FOR_CUSTOMER
/bueroumzug-steinberg-am-see,/bueroumzug-thalmassing,service,service,0.125,1.000,1.000,1.000,0,9,no,HIGH_OVERLAP,REVIEW_SHARED_FAQ;DIFFERENTIATE_MAIN_CONTENT;REWRITE_FOR_CUSTOMER
/bueroumzug-steinberg-am-see,/bueroumzug-tirschenreuth,service,service,0.125,1.000,1.000,1.000,0,9,no,HIGH_OVERLAP,REVIEW_SHARED_FAQ;DIFFERENTIATE_MAIN_CONTENT;REWRITE_FOR_CUSTOMER
/bueroumzug-straubing,/bueroumzug-suenching,service,service,0.250,1.000,1.000,0.925,0,6,no,HIGH_OVERLAP,REVIEW_SHARED_FAQ;DIFFERENTIATE_MAIN_CONTENT;REWRITE_FOR_CUSTOMER
/bueroumzug-straubing,/bueroumzug-sulzbach-rosenberg,service,service,0.125,1.000,1.000,0.925,0,6,no,HIGH_OVERLAP,REVIEW_SHARED_FAQ;DIFFERENTIATE_MAIN_CONTENT;REWRITE_FOR_CUSTOMER
/bueroumzug-straubing,/bueroumzug-tegernheim,service,service,0.250,1.000,1.000,0.925,0,6,no,HIGH_OVERLAP,REVIEW_SHARED_FAQ;DIFFERENTIATE_MAIN_CONTENT;REWRITE_FOR_CUSTOMER
/bueroumzug-straubing,/bueroumzug-teublitz,service,service,0.250,1.000,1.000,0.925,0,6,no,HIGH_OVERLAP,REVIEW_SHARED_FAQ;DIFFERENTIATE_MAIN_CONTENT;REWRITE_FOR_CUSTOMER
/bueroumzug-straubing,/bueroumzug-thalmassing,service,service,0.250,1.000,1.000,0.925,0,6,no,HIGH_OVERLAP,REVIEW_SHARED_FAQ;DIFFERENTIATE_MAIN_CONTENT;REWRITE_FOR_CUSTOMER
/bueroumzug-straubing,/bueroumzug-tirschenreuth,service,service,0.250,1.000,1.000,0.925,0,6,no,HIGH_OVERLAP,REVIEW_SHARED_FAQ;DIFFERENTIATE_MAIN_CONTENT;REWRITE_FOR_CUSTOMER
/bueroumzug-suenching,/bueroumzug-sulzbach-rosenberg,service,service,0.125,1.000,1.000,1.000,0,9,no,HIGH_OVERLAP,REVIEW_SHARED_FAQ;DIFFERENTIATE_MAIN_CONTENT;REWRITE_FOR_CUSTOMER
/bueroumzug-suenching,/bueroumzug-tegernheim,service,service,1.000,1.000,1.000,1.000,0,9,no,HIGH_OVERLAP,REVIEW_SHARED_FAQ;DIFFERENTIATE_MAIN_CONTENT;REWRITE_FOR_CUSTOMER
/bueroumzug-suenching,/bueroumzug-teublitz,service,service,0.111,1.000,1.000,1.000,0,9,no,HIGH_OVERLAP,REVIEW_SHARED_FAQ;DIFFERENTIATE_MAIN_CONTENT;REWRITE_FOR_CUSTOMER
/bueroumzug-suenching,/bueroumzug-thalmassing,service,service,0.111,1.000,1.000,1.000,0,9,no,HIGH_OVERLAP,REVIEW_SHARED_FAQ;DIFFERENTIATE_MAIN_CONTENT;REWRITE_FOR_CUSTOMER
/bueroumzug-suenching,/bueroumzug-tirschenreuth,service,service,1.000,1.000,1.000,1.000,0,9,no,HIGH_OVERLAP,REVIEW_SHARED_FAQ;DIFFERENTIATE_MAIN_CONTENT;REWRITE_FOR_CUSTOMER
/bueroumzug-sulzbach-rosenberg,/bueroumzug-tegernheim,service,service,0.125,1.000,1.000,1.000,0,9,no,HIGH_OVERLAP,REVIEW_SHARED_FAQ;DIFFERENTIATE_MAIN_CONTENT;REWRITE_FOR_CUSTOMER
/bueroumzug-sulzbach-rosenberg,/bueroumzug-teublitz,service,service,0.125,1.000,1.000,1.000,0,9,no,HIGH_OVERLAP,REVIEW_SHARED_FAQ;DIFFERENTIATE_MAIN_CONTENT;REWRITE_FOR_CUSTOMER
/bueroumzug-sulzbach-rosenberg,/bueroumzug-thalmassing,service,service,0.125,1.000,1.000,1.000,0,9,no,HIGH_OVERLAP,REVIEW_SHARED_FAQ;DIFFERENTIATE_MAIN_CONTENT;REWRITE_FOR_CUSTOMER
/bueroumzug-sulzbach-rosenberg,/bueroumzug-tirschenreuth,service,service,0.125,1.000,1.000,1.000,0,9,no,HIGH_OVERLAP,REVIEW_SHARED_FAQ;DIFFERENTIATE_MAIN_CONTENT;REWRITE_FOR_CUSTOMER
/bueroumzug-tegernheim,/bueroumzug-teublitz,service,service,0.111,1.000,1.000,1.000,0,9,no,HIGH_OVERLAP,REVIEW_SHARED_FAQ;DIFFERENTIATE_MAIN_CONTENT;REWRITE_FOR_CUSTOMER
/bueroumzug-tegernheim,/bueroumzug-thalmassing,service,service,0.111,1.000,1.000,1.000,0,9,no,HIGH_OVERLAP,REVIEW_SHARED_FAQ;DIFFERENTIATE_MAIN_CONTENT;REWRITE_FOR_CUSTOMER
/bueroumzug-tegernheim,/bueroumzug-tirschenreuth,service,service,1.000,1.000,1.000,1.000,0,9,no,HIGH_OVERLAP,REVIEW_SHARED_FAQ;DIFFERENTIATE_MAIN_CONTENT;REWRITE_FOR_CUSTOMER
/bueroumzug-teublitz,/bueroumzug-thalmassing,service,service,1.000,1.000,1.000,1.000,0,9,no,HIGH_OVERLAP,REVIEW_SHARED_FAQ;DIFFERENTIATE_MAIN_CONTENT;REWRITE_FOR_CUSTOMER
/bueroumzug-teublitz,/bueroumzug-tirschenreuth,service,service,0.111,1.000,1.000,1.000,0,9,no,HIGH_OVERLAP,REVIEW_SHARED_FAQ;DIFFERENTIATE_MAIN_CONTENT;REWRITE_FOR_CUSTOMER
/bueroumzug-thalmassing,/bueroumzug-tirschenreuth,service,service,0.111,1.000,1.000,1.000,0,9,no,HIGH_OVERLAP,REVIEW_SHARED_FAQ;DIFFERENTIATE_MAIN_CONTENT;REWRITE_FOR_CUSTOMER
/bueroumzug-unterhaching,/bueroumzug-velburg,service,service,0.250,1.000,1.000,1.000,0,9,no,HIGH_OVERLAP,REVIEW_SHARED_FAQ;DIFFERENTIATE_MAIN_CONTENT;REWRITE_FOR_CUSTOMER
/bueroumzug-unterhaching,/bueroumzug-viechtach,service,service,0.250,1.000,1.000,1.000,0,9,no,HIGH_OVERLAP,REVIEW_SHARED_FAQ;DIFFERENTIATE_MAIN_CONTENT;REWRITE_FOR_CUSTOMER
/bueroumzug-unterhaching,/bueroumzug-vilsbiburg,service,service,0.111,1.000,1.000,1.000,0,9,no,HIGH_OVERLAP,REVIEW_SHARED_FAQ;DIFFERENTIATE_MAIN_CONTENT;REWRITE_FOR_CUSTOMER
/bueroumzug-unterhaching,/bueroumzug-vilseck,service,service,0.111,1.000,1.000,1.000,0,9,no,HIGH_OVERLAP,REVIEW_SHARED_FAQ;DIFFERENTIATE_MAIN_CONTENT;REWRITE_FOR_CUSTOMER
/bueroumzug-unterhaching,/bueroumzug-vilshofen,service,service,1.000,1.000,1.000,1.000,0,9,no,HIGH_OVERLAP,REVIEW_SHARED_FAQ;DIFFERENTIATE_MAIN_CONTENT;REWRITE_FOR_CUSTOMER
/bueroumzug-unterhaching,/bueroumzug-vohburg,service,service,0.111,1.000,1.000,1.000,0,9,no,HIGH_OVERLAP,REVIEW_SHARED_FAQ;DIFFERENTIATE_MAIN_CONTENT;REWRITE_FOR_CUSTOMER
/bueroumzug-unterhaching,/bueroumzug-vohenstrauss,service,service,0.111,1.000,1.000,1.000,0,9,no,HIGH_OVERLAP,REVIEW_SHARED_FAQ;DIFFERENTIATE_MAIN_CONTENT;REWRITE_FOR_CUSTOMER
/bueroumzug-velburg,/bueroumzug-viechtach,service,service,1.000,1.000,1.000,1.000,0,9,no,HIGH_OVERLAP,REVIEW_SHARED_FAQ;DIFFERENTIATE_MAIN_CONTENT;REWRITE_FOR_CUSTOMER
/bueroumzug-velburg,/bueroumzug-vilsbiburg,service,service,0.250,1.000,1.000,1.000,0,9,no,HIGH_OVERLAP,REVIEW_SHARED_FAQ;DIFFERENTIATE_MAIN_CONTENT;REWRITE_FOR_CUSTOMER
/bueroumzug-velburg,/bueroumzug-vilseck,service,service,0.250,1.000,1.000,1.000,0,9,no,HIGH_OVERLAP,REVIEW_SHARED_FAQ;DIFFERENTIATE_MAIN_CONTENT;REWRITE_FOR_CUSTOMER
/bueroumzug-velburg,/bueroumzug-vilshofen,service,service,0.250,1.000,1.000,1.000,0,9,no,HIGH_OVERLAP,REVIEW_SHARED_FAQ;DIFFERENTIATE_MAIN_CONTENT;REWRITE_FOR_CUSTOMER
/bueroumzug-velburg,/bueroumzug-vohburg,service,service,0.250,1.000,1.000,1.000,0,9,no,HIGH_OVERLAP,REVIEW_SHARED_FAQ;DIFFERENTIATE_MAIN_CONTENT;REWRITE_FOR_CUSTOMER
/bueroumzug-velburg,/bueroumzug-vohenstrauss,service,service,0.250,1.000,1.000,1.000,0,9,no,HIGH_OVERLAP,REVIEW_SHARED_FAQ;DIFFERENTIATE_MAIN_CONTENT;REWRITE_FOR_CUSTOMER
/bueroumzug-viechtach,/bueroumzug-vilsbiburg,service,service,0.250,1.000,1.000,1.000,0,9,no,HIGH_OVERLAP,REVIEW_SHARED_FAQ;DIFFERENTIATE_MAIN_CONTENT;REWRITE_FOR_CUSTOMER
/bueroumzug-viechtach,/bueroumzug-vilseck,service,service,0.250,1.000,1.000,1.000,0,9,no,HIGH_OVERLAP,REVIEW_SHARED_FAQ;DIFFERENTIATE_MAIN_CONTENT;REWRITE_FOR_CUSTOMER
/bueroumzug-viechtach,/bueroumzug-vilshofen,service,service,0.250,1.000,1.000,1.000,0,9,no,HIGH_OVERLAP,REVIEW_SHARED_FAQ;DIFFERENTIATE_MAIN_CONTENT;REWRITE_FOR_CUSTOMER
/bueroumzug-viechtach,/bueroumzug-vohburg,service,service,0.250,1.000,1.000,1.000,0,9,no,HIGH_OVERLAP,REVIEW_SHARED_FAQ;DIFFERENTIATE_MAIN_CONTENT;REWRITE_FOR_CUSTOMER
/bueroumzug-viechtach,/bueroumzug-vohenstrauss,service,service,0.250,1.000,1.000,1.000,0,9,no,HIGH_OVERLAP,REVIEW_SHARED_FAQ;DIFFERENTIATE_MAIN_CONTENT;REWRITE_FOR_CUSTOMER
/bueroumzug-vilsbiburg,/bueroumzug-vilseck,service,service,1.000,1.000,1.000,1.000,0,9,no,HIGH_OVERLAP,REVIEW_SHARED_FAQ;DIFFERENTIATE_MAIN_CONTENT;REWRITE_FOR_CUSTOMER
/bueroumzug-vilsbiburg,/bueroumzug-vilshofen,service,service,0.111,1.000,1.000,1.000,0,9,no,HIGH_OVERLAP,REVIEW_SHARED_FAQ;DIFFERENTIATE_MAIN_CONTENT;REWRITE_FOR_CUSTOMER
/bueroumzug-vilsbiburg,/bueroumzug-vohburg,service,service,1.000,1.000,1.000,1.000,0,9,no,HIGH_OVERLAP,REVIEW_SHARED_FAQ;DIFFERENTIATE_MAIN_CONTENT;REWRITE_FOR_CUSTOMER
/bueroumzug-vilsbiburg,/bueroumzug-vohenstrauss,service,service,1.000,1.000,1.000,1.000,0,9,no,HIGH_OVERLAP,REVIEW_SHARED_FAQ;DIFFERENTIATE_MAIN_CONTENT;REWRITE_FOR_CUSTOMER
/bueroumzug-vilseck,/bueroumzug-vilshofen,service,service,0.111,1.000,1.000,1.000,0,9,no,HIGH_OVERLAP,REVIEW_SHARED_FAQ;DIFFERENTIATE_MAIN_CONTENT;REWRITE_FOR_CUSTOMER
/bueroumzug-vilseck,/bueroumzug-vohburg,service,service,1.000,1.000,1.000,1.000,0,9,no,HIGH_OVERLAP,REVIEW_SHARED_FAQ;DIFFERENTIATE_MAIN_CONTENT;REWRITE_FOR_CUSTOMER
/bueroumzug-vilseck,/bueroumzug-vohenstrauss,service,service,1.000,1.000,1.000,1.000,0,9,no,HIGH_OVERLAP,REVIEW_SHARED_FAQ;DIFFERENTIATE_MAIN_CONTENT;REWRITE_FOR_CUSTOMER
/bueroumzug-vilshofen,/bueroumzug-vohburg,service,service,0.111,1.000,1.000,1.000,0,9,no,HIGH_OVERLAP,REVIEW_SHARED_FAQ;DIFFERENTIATE_MAIN_CONTENT;REWRITE_FOR_CUSTOMER
/bueroumzug-vilshofen,/bueroumzug-vohenstrauss,service,service,0.111,1.000,1.000,1.000,0,9,no,HIGH_OVERLAP,REVIEW_SHARED_FAQ;DIFFERENTIATE_MAIN_CONTENT;REWRITE_FOR_CUSTOMER
/bueroumzug-vohburg,/bueroumzug-vohenstrauss,service,service,1.000,1.000,1.000,1.000,0,9,no,HIGH_OVERLAP,REVIEW_SHARED_FAQ;DIFFERENTIATE_MAIN_CONTENT;REWRITE_FOR_CUSTOMER
/bueroumzug-wackersdorf,/bueroumzug-waldkirchen,service,service,0.125,1.000,1.000,1.000,0,9,no,HIGH_OVERLAP,REVIEW_SHARED_FAQ;DIFFERENTIATE_MAIN_CONTENT;REWRITE_FOR_CUSTOMER
/bueroumzug-wackersdorf,/bueroumzug-waldmuenchen,service,service,1.000,1.000,1.000,0.904,0,6,no,HIGH_OVERLAP,REVIEW_SHARED_FAQ;DIFFERENTIATE_MAIN_CONTENT;REWRITE_FOR_CUSTOMER
/bueroumzug-wackersdorf,/bueroumzug-weiden,service,service,0.125,1.000,1.000,0.917,0,6,no,HIGH_OVERLAP,REVIEW_SHARED_FAQ;DIFFERENTIATE_MAIN_CONTENT;REWRITE_FOR_CUSTOMER
/bueroumzug-wackersdorf,/bueroumzug-weilheim-in-oberbayern,service,service,0.111,1.000,1.000,1.000,0,9,no,HIGH_OVERLAP,REVIEW_SHARED_FAQ;DIFFERENTIATE_MAIN_CONTENT;REWRITE_FOR_CUSTOMER
/bueroumzug-wackersdorf,/bueroumzug-wendelstein,service,service,0.111,1.000,1.000,1.000,0,9,no,HIGH_OVERLAP,REVIEW_SHARED_FAQ;DIFFERENTIATE_MAIN_CONTENT;REWRITE_FOR_CUSTOMER
/bueroumzug-wackersdorf,/bueroumzug-wenzenbach,service,service,0.250,1.000,1.000,1.000,0,9,no,HIGH_OVERLAP,REVIEW_SHARED_FAQ;DIFFERENTIATE_MAIN_CONTENT;REWRITE_FOR_CUSTOMER
/bueroumzug-wackersdorf,/bueroumzug-wernberg-koeblitz,service,service,1.000,1.000,1.000,1.000,0,9,no,HIGH_OVERLAP,REVIEW_SHARED_FAQ;DIFFERENTIATE_MAIN_CONTENT;REWRITE_FOR_CUSTOMER
/bueroumzug-waldkirchen,/bueroumzug-waldmuenchen,service,service,0.125,1.000,1.000,0.904,0,6,no,HIGH_OVERLAP,REVIEW_SHARED_FAQ;DIFFERENTIATE_MAIN_CONTENT;REWRITE_FOR_CUSTOMER
/bueroumzug-waldkirchen,/bueroumzug-weiden,service,service,1.000,1.000,1.000,0.917,0,6,no,HIGH_OVERLAP,REVIEW_SHARED_FAQ;DIFFERENTIATE_MAIN_CONTENT;REWRITE_FOR_CUSTOMER
/bueroumzug-waldkirchen,/bueroumzug-weilheim-in-oberbayern,service,service,0.125,1.000,1.000,1.000,0,9,no,HIGH_OVERLAP,REVIEW_SHARED_FAQ;DIFFERENTIATE_MAIN_CONTENT;REWRITE_FOR_CUSTOMER
/bueroumzug-waldkirchen,/bueroumzug-wendelstein,service,service,0.125,1.000,1.000,1.000,0,9,no,HIGH_OVERLAP,REVIEW_SHARED_FAQ;DIFFERENTIATE_MAIN_CONTENT;REWRITE_FOR_CUSTOMER
/bueroumzug-waldkirchen,/bueroumzug-wenzenbach,service,service,0.125,1.000,1.000,1.000,0,9,no,HIGH_OVERLAP,REVIEW_SHARED_FAQ;DIFFERENTIATE_MAIN_CONTENT;REWRITE_FOR_CUSTOMER
/bueroumzug-waldkirchen,/bueroumzug-wernberg-koeblitz,service,service,0.125,1.000,1.000,1.000,0,9,no,HIGH_OVERLAP,REVIEW_SHARED_FAQ;DIFFERENTIATE_MAIN_CONTENT;REWRITE_FOR_CUSTOMER
/bueroumzug-waldmuenchen,/bueroumzug-weiden,service,service,0.125,1.000,1.000,0.952,0,6,no,HIGH_OVERLAP,REVIEW_SHARED_FAQ;DIFFERENTIATE_MAIN_CONTENT;REWRITE_FOR_CUSTOMER
/bueroumzug-waldmuenchen,/bueroumzug-weilheim-in-oberbayern,service,service,0.111,1.000,1.000,0.904,0,6,no,HIGH_OVERLAP,REVIEW_SHARED_FAQ;DIFFERENTIATE_MAIN_CONTENT;REWRITE_FOR_CUSTOMER
/bueroumzug-waldmuenchen,/bueroumzug-wendelstein,service,service,0.111,1.000,1.000,0.904,0,6,no,HIGH_OVERLAP,REVIEW_SHARED_FAQ;DIFFERENTIATE_MAIN_CONTENT;REWRITE_FOR_CUSTOMER
/bueroumzug-waldmuenchen,/bueroumzug-wenzenbach,service,service,0.250,1.000,1.000,0.904,0,6,no,HIGH_OVERLAP,REVIEW_SHARED_FAQ;DIFFERENTIATE_MAIN_CONTENT;REWRITE_FOR_CUSTOMER
/bueroumzug-waldmuenchen,/bueroumzug-wernberg-koeblitz,service,service,1.000,1.000,1.000,0.904,0,6,no,HIGH_OVERLAP,REVIEW_SHARED_FAQ;DIFFERENTIATE_MAIN_CONTENT;REWRITE_FOR_CUSTOMER
/bueroumzug-weiden,/bueroumzug-weilheim-in-oberbayern,service,service,0.125,1.000,1.000,0.917,0,6,no,HIGH_OVERLAP,REVIEW_SHARED_FAQ;DIFFERENTIATE_MAIN_CONTENT;REWRITE_FOR_CUSTOMER
/bueroumzug-weiden,/bueroumzug-wendelstein,service,service,0.125,1.000,1.000,0.917,0,6,no,HIGH_OVERLAP,REVIEW_SHARED_FAQ;DIFFERENTIATE_MAIN_CONTENT;REWRITE_FOR_CUSTOMER
/bueroumzug-weiden,/bueroumzug-wenzenbach,service,service,0.125,1.000,1.000,0.917,0,6,no,HIGH_OVERLAP,REVIEW_SHARED_FAQ;DIFFERENTIATE_MAIN_CONTENT;REWRITE_FOR_CUSTOMER
/bueroumzug-weiden,/bueroumzug-wernberg-koeblitz,service,service,0.125,1.000,1.000,0.917,0,6,no,HIGH_OVERLAP,REVIEW_SHARED_FAQ;DIFFERENTIATE_MAIN_CONTENT;REWRITE_FOR_CUSTOMER
/bueroumzug-weilheim-in-oberbayern,/bueroumzug-wendelstein,service,service,1.000,1.000,1.000,1.000,0,9,no,HIGH_OVERLAP,REVIEW_SHARED_FAQ;DIFFERENTIATE_MAIN_CONTENT;REWRITE_FOR_CUSTOMER
/bueroumzug-weilheim-in-oberbayern,/bueroumzug-wenzenbach,service,service,0.250,1.000,1.000,1.000,0,9,no,HIGH_OVERLAP,REVIEW_SHARED_FAQ;DIFFERENTIATE_MAIN_CONTENT;REWRITE_FOR_CUSTOMER
/bueroumzug-weilheim-in-oberbayern,/bueroumzug-wernberg-koeblitz,service,service,0.111,1.000,1.000,1.000,0,9,no,HIGH_OVERLAP,REVIEW_SHARED_FAQ;DIFFERENTIATE_MAIN_CONTENT;REWRITE_FOR_CUSTOMER
/bueroumzug-wendelstein,/bueroumzug-wenzenbach,service,service,0.250,1.000,1.000,1.000,0,9,no,HIGH_OVERLAP,REVIEW_SHARED_FAQ;DIFFERENTIATE_MAIN_CONTENT;REWRITE_FOR_CUSTOMER
/bueroumzug-wendelstein,/bueroumzug-wernberg-koeblitz,service,service,0.111,1.000,1.000,1.000,0,9,no,HIGH_OVERLAP,REVIEW_SHARED_FAQ;DIFFERENTIATE_MAIN_CONTENT;REWRITE_FOR_CUSTOMER
/bueroumzug-wenzenbach,/bueroumzug-wernberg-koeblitz,service,service,0.250,1.000,1.000,1.000,0,9,no,HIGH_OVERLAP,REVIEW_SHARED_FAQ;DIFFERENTIATE_MAIN_CONTENT;REWRITE_FOR_CUSTOMER
/bueroumzug-wiesent,/bueroumzug-windischeschenbach,service,service,0.250,1.000,1.000,1.000,0,9,no,HIGH_OVERLAP,REVIEW_SHARED_FAQ;DIFFERENTIATE_MAIN_CONTENT;REWRITE_FOR_CUSTOMER
/bueroumzug-wiesent,/bueroumzug-woerth-an-der-donau,service,service,1.000,1.000,1.000,1.000,0,9,no,HIGH_OVERLAP,REVIEW_SHARED_FAQ;DIFFERENTIATE_MAIN_CONTENT;REWRITE_FOR_CUSTOMER
/bueroumzug-wiesent,/bueroumzug-wolfsegg,service,service,0.111,1.000,1.000,1.000,0,9,no,HIGH_OVERLAP,REVIEW_SHARED_FAQ;DIFFERENTIATE_MAIN_CONTENT;REWRITE_FOR_CUSTOMER
/bueroumzug-wiesent,/bueroumzug-wolnzach,service,service,0.125,1.000,1.000,1.000,0,9,no,HIGH_OVERLAP,REVIEW_SHARED_FAQ;DIFFERENTIATE_MAIN_CONTENT;REWRITE_FOR_CUSTOMER
/bueroumzug-wiesent,/bueroumzug-zeitlarn,service,service,0.250,1.000,1.000,1.000,0,9,no,HIGH_OVERLAP,REVIEW_SHARED_FAQ;DIFFERENTIATE_MAIN_CONTENT;REWRITE_FOR_CUSTOMER
/bueroumzug-wiesent,/bueroumzug-zirndorf,service,service,0.125,1.000,1.000,1.000,0,9,no,HIGH_OVERLAP,REVIEW_SHARED_FAQ;DIFFERENTIATE_MAIN_CONTENT;REWRITE_FOR_CUSTOMER
/bueroumzug-wiesent,/bueroumzug-zwiesel,service,service,0.250,1.000,1.000,1.000,0,9,no,HIGH_OVERLAP,REVIEW_SHARED_FAQ;DIFFERENTIATE_MAIN_CONTENT;REWRITE_FOR_CUSTOMER
/bueroumzug-windischeschenbach,/bueroumzug-woerth-an-der-donau,service,service,0.250,1.000,1.000,1.000,0,9,no,HIGH_OVERLAP,REVIEW_SHARED_FAQ;DIFFERENTIATE_MAIN_CONTENT;REWRITE_FOR_CUSTOMER
/bueroumzug-windischeschenbach,/bueroumzug-wolfsegg,service,service,0.250,1.000,1.000,1.000,0,9,no,HIGH_OVERLAP,REVIEW_SHARED_FAQ;DIFFERENTIATE_MAIN_CONTENT;REWRITE_FOR_CUSTOMER
/bueroumzug-windischeschenbach,/bueroumzug-wolnzach,service,service,0.125,1.000,1.000,1.000,0,9,no,HIGH_OVERLAP,REVIEW_SHARED_FAQ;DIFFERENTIATE_MAIN_CONTENT;REWRITE_FOR_CUSTOMER
/bueroumzug-windischeschenbach,/bueroumzug-zeitlarn,service,service,1.000,1.000,1.000,1.000,0,9,no,HIGH_OVERLAP,REVIEW_SHARED_FAQ;DIFFERENTIATE_MAIN_CONTENT;REWRITE_FOR_CUSTOMER
/bueroumzug-windischeschenbach,/bueroumzug-zirndorf,service,service,0.125,1.000,1.000,1.000,0,9,no,HIGH_OVERLAP,REVIEW_SHARED_FAQ;DIFFERENTIATE_MAIN_CONTENT;REWRITE_FOR_CUSTOMER
/bueroumzug-windischeschenbach,/bueroumzug-zwiesel,service,service,1.000,1.000,1.000,1.000,0,9,no,HIGH_OVERLAP,REVIEW_SHARED_FAQ;DIFFERENTIATE_MAIN_CONTENT;REWRITE_FOR_CUSTOMER
/bueroumzug-woerth-an-der-donau,/bueroumzug-wolfsegg,service,service,0.111,1.000,1.000,1.000,0,9,no,HIGH_OVERLAP,REVIEW_SHARED_FAQ;DIFFERENTIATE_MAIN_CONTENT;REWRITE_FOR_CUSTOMER
/bueroumzug-woerth-an-der-donau,/bueroumzug-wolnzach,service,service,0.125,1.000,1.000,1.000,0,9,no,HIGH_OVERLAP,REVIEW_SHARED_FAQ;DIFFERENTIATE_MAIN_CONTENT;REWRITE_FOR_CUSTOMER
/bueroumzug-woerth-an-der-donau,/bueroumzug-zeitlarn,service,service,0.250,1.000,1.000,1.000,0,9,no,HIGH_OVERLAP,REVIEW_SHARED_FAQ;DIFFERENTIATE_MAIN_CONTENT;REWRITE_FOR_CUSTOMER
/bueroumzug-woerth-an-der-donau,/bueroumzug-zirndorf,service,service,0.125,1.000,1.000,1.000,0,9,no,HIGH_OVERLAP,REVIEW_SHARED_FAQ;DIFFERENTIATE_MAIN_CONTENT;REWRITE_FOR_CUSTOMER
/bueroumzug-woerth-an-der-donau,/bueroumzug-zwiesel,service,service,0.250,1.000,1.000,1.000,0,9,no,HIGH_OVERLAP,REVIEW_SHARED_FAQ;DIFFERENTIATE_MAIN_CONTENT;REWRITE_FOR_CUSTOMER
/bueroumzug-wolfsegg,/bueroumzug-wolnzach,service,service,0.125,1.000,1.000,1.000,0,9,no,HIGH_OVERLAP,REVIEW_SHARED_FAQ;DIFFERENTIATE_MAIN_CONTENT;REWRITE_FOR_CUSTOMER
/bueroumzug-wolfsegg,/bueroumzug-zeitlarn,service,service,0.250,1.000,1.000,1.000,0,9,no,HIGH_OVERLAP,REVIEW_SHARED_FAQ;DIFFERENTIATE_MAIN_CONTENT;REWRITE_FOR_CUSTOMER
/bueroumzug-wolfsegg,/bueroumzug-zirndorf,service,service,0.125,1.000,1.000,1.000,0,9,no,HIGH_OVERLAP,REVIEW_SHARED_FAQ;DIFFERENTIATE_MAIN_CONTENT;REWRITE_FOR_CUSTOMER
/bueroumzug-wolfsegg,/bueroumzug-zwiesel,service,service,0.250,1.000,1.000,1.000,0,9,no,HIGH_OVERLAP,REVIEW_SHARED_FAQ;DIFFERENTIATE_MAIN_CONTENT;REWRITE_FOR_CUSTOMER
/bueroumzug-wolnzach,/bueroumzug-zeitlarn,service,service,0.125,1.000,1.000,1.000,0,9,no,HIGH_OVERLAP,REVIEW_SHARED_FAQ;DIFFERENTIATE_MAIN_CONTENT;REWRITE_FOR_CUSTOMER
/bueroumzug-wolnzach,/bueroumzug-zirndorf,service,service,1.000,1.000,1.000,1.000,0,9,no,HIGH_OVERLAP,REVIEW_SHARED_FAQ;DIFFERENTIATE_MAIN_CONTENT;REWRITE_FOR_CUSTOMER
/bueroumzug-wolnzach,/bueroumzug-zwiesel,service,service,0.125,1.000,1.000,1.000,0,9,no,HIGH_OVERLAP,REVIEW_SHARED_FAQ;DIFFERENTIATE_MAIN_CONTENT;REWRITE_FOR_CUSTOMER
/bueroumzug-zeitlarn,/bueroumzug-zirndorf,service,service,0.125,1.000,1.000,1.000,0,9,no,HIGH_OVERLAP,REVIEW_SHARED_FAQ;DIFFERENTIATE_MAIN_CONTENT;REWRITE_FOR_CUSTOMER
/bueroumzug-zeitlarn,/bueroumzug-zwiesel,service,service,1.000,1.000,1.000,1.000,0,9,no,HIGH_OVERLAP,REVIEW_SHARED_FAQ;DIFFERENTIATE_MAIN_CONTENT;REWRITE_FOR_CUSTOMER
/bueroumzug-zirndorf,/bueroumzug-zwiesel,service,service,0.125,1.000,1.000,1.000,0,9,no,HIGH_OVERLAP,REVIEW_SHARED_FAQ;DIFFERENTIATE_MAIN_CONTENT;REWRITE_FOR_CUSTOMER
/entruempelung-abensberg,/entruempelung-altdorf-bei-nuernberg,service,service,0.143,1.000,1.000,1.000,0,9,no,HIGH_OVERLAP,REVIEW_SHARED_FAQ;DIFFERENTIATE_MAIN_CONTENT;REWRITE_FOR_CUSTOMER
/entruempelung-abensberg,/entruempelung-alteglofsheim,service,service,0.125,1.000,1.000,1.000,0,9,no,HIGH_OVERLAP,REVIEW_SHARED_FAQ;DIFFERENTIATE_MAIN_CONTENT;REWRITE_FOR_CUSTOMER
/entruempelung-abensberg,/entruempelung-altenthann,service,service,1.000,1.000,1.000,1.000,0,9,no,HIGH_OVERLAP,REVIEW_SHARED_FAQ;DIFFERENTIATE_MAIN_CONTENT;REWRITE_FOR_CUSTOMER
/entruempelung-abensberg,/entruempelung-amberg,service,service,0.143,1.000,1.000,0.899,0,6,no,HIGH_OVERLAP,REVIEW_SHARED_FAQ;DIFFERENTIATE_MAIN_CONTENT;REWRITE_FOR_CUSTOMER
/entruempelung-abensberg,/entruempelung-ansbach,service,service,0.143,1.000,1.000,1.000,0,9,no,HIGH_OVERLAP,REVIEW_SHARED_FAQ;DIFFERENTIATE_MAIN_CONTENT;REWRITE_FOR_CUSTOMER
/entruempelung-abensberg,/entruempelung-auerbach-in-der-oberpfalz,service,service,1.000,1.000,1.000,1.000,0,9,no,HIGH_OVERLAP,REVIEW_SHARED_FAQ;DIFFERENTIATE_MAIN_CONTENT;REWRITE_FOR_CUSTOMER
/entruempelung-abensberg,/entruempelung-aufhausen,service,service,0.143,1.000,1.000,1.000,0,9,no,HIGH_OVERLAP,REVIEW_SHARED_FAQ;DIFFERENTIATE_MAIN_CONTENT;REWRITE_FOR_CUSTOMER
/entruempelung-abensberg,/entruempelung-augsburg,service,service,0.143,1.000,1.000,0.908,0,6,no,HIGH_OVERLAP,REVIEW_SHARED_FAQ;DIFFERENTIATE_MAIN_CONTENT;REWRITE_FOR_CUSTOMER
/entruempelung-abensberg,/entruempelung-bad-abbach,service,service,0.143,1.000,1.000,1.000,0,9,no,HIGH_OVERLAP,REVIEW_SHARED_FAQ;DIFFERENTIATE_MAIN_CONTENT;REWRITE_FOR_CUSTOMER
/entruempelung-abensberg,/entruempelung-bad-koetzting,service,service,1.000,1.000,1.000,1.000,0,9,no,HIGH_OVERLAP,REVIEW_SHARED_FAQ;DIFFERENTIATE_MAIN_CONTENT;REWRITE_FOR_CUSTOMER
/entruempelung-abensberg,/entruempelung-bad-toelz,service,service,0.125,1.000,1.000,1.000,0,9,no,HIGH_OVERLAP,REVIEW_SHARED_FAQ;DIFFERENTIATE_MAIN_CONTENT;REWRITE_FOR_CUSTOMER
/entruempelung-abensberg,/entruempelung-bamberg,service,service,0.143,1.000,1.000,0.927,0,6,no,HIGH_OVERLAP,REVIEW_SHARED_FAQ;DIFFERENTIATE_MAIN_CONTENT;REWRITE_FOR_CUSTOMER
/entruempelung-abensberg,/entruempelung-barbing,service,service,0.143,1.000,1.000,1.000,0,9,no,HIGH_OVERLAP,REVIEW_SHARED_FAQ;DIFFERENTIATE_MAIN_CONTENT;REWRITE_FOR_CUSTOMER
/entruempelung-abensberg,/entruempelung-bayreuth,service,service,0.143,1.000,1.000,0.927,0,6,no,HIGH_OVERLAP,REVIEW_SHARED_FAQ;DIFFERENTIATE_MAIN_CONTENT;REWRITE_FOR_CUSTOMER
/entruempelung-abensberg,/entruempelung-beilngries,service,service,0.143,1.000,1.000,1.000,0,9,no,HIGH_OVERLAP,REVIEW_SHARED_FAQ;DIFFERENTIATE_MAIN_CONTENT;REWRITE_FOR_CUSTOMER
/entruempelung-abensberg,/entruempelung-beratzhausen,service,service,0.143,1.000,1.000,1.000,0,9,no,HIGH_OVERLAP,REVIEW_SHARED_FAQ;DIFFERENTIATE_MAIN_CONTENT;REWRITE_FOR_CUSTOMER
/entruempelung-abensberg,/entruempelung-berching,service,service,0.125,1.000,1.000,1.000,0,9,no,HIGH_OVERLAP,REVIEW_SHARED_FAQ;DIFFERENTIATE_MAIN_CONTENT;REWRITE_FOR_CUSTOMER
/entruempelung-abensberg,/entruempelung-bernhardswald,service,service,0.143,1.000,1.000,1.000,0,9,no,HIGH_OVERLAP,REVIEW_SHARED_FAQ;DIFFERENTIATE_MAIN_CONTENT;REWRITE_FOR_CUSTOMER
/entruempelung-abensberg,/entruempelung-bogen,service,service,0.143,1.000,1.000,1.000,0,9,no,HIGH_OVERLAP,REVIEW_SHARED_FAQ;DIFFERENTIATE_MAIN_CONTENT;REWRITE_FOR_CUSTOMER
/entruempelung-abensberg,/entruempelung-brennberg,service,service,1.000,1.000,1.000,1.000,0,9,no,HIGH_OVERLAP,REVIEW_SHARED_FAQ;DIFFERENTIATE_MAIN_CONTENT;REWRITE_FOR_CUSTOMER
/entruempelung-abensberg,/entruempelung-brunn,service,service,1.000,1.000,1.000,1.000,0,9,no,HIGH_OVERLAP,REVIEW_SHARED_FAQ;DIFFERENTIATE_MAIN_CONTENT;REWRITE_FOR_CUSTOMER
/entruempelung-abensberg,/entruempelung-burglengenfeld,service,service,0.125,1.000,1.000,1.000,0,9,no,HIGH_OVERLAP,REVIEW_SHARED_FAQ;DIFFERENTIATE_MAIN_CONTENT;REWRITE_FOR_CUSTOMER
/entruempelung-abensberg,/entruempelung-cham,service,service,0.143,1.000,1.000,0.918,0,6,no,HIGH_OVERLAP,REVIEW_SHARED_FAQ;DIFFERENTIATE_MAIN_CONTENT;REWRITE_FOR_CUSTOMER
/entruempelung-abensberg,/entruempelung-coburg,service,service,0.143,1.000,1.000,1.000,0,9,no,HIGH_OVERLAP,REVIEW_SHARED_FAQ;DIFFERENTIATE_MAIN_CONTENT;REWRITE_FOR_CUSTOMER
/entruempelung-abensberg,/entruempelung-dachau,service,service,0.125,1.000,1.000,1.000,0,9,no,HIGH_OVERLAP,REVIEW_SHARED_FAQ;DIFFERENTIATE_MAIN_CONTENT;REWRITE_FOR_CUSTOMER
/entruempelung-abensberg,/entruempelung-deggendorf,service,service,0.143,1.000,1.000,0.980,0,9,no,HIGH_OVERLAP,REVIEW_SHARED_FAQ;DIFFERENTIATE_MAIN_CONTENT;REWRITE_FOR_CUSTOMER
/entruempelung-abensberg,/entruempelung-deuerling,service,service,0.143,1.000,1.000,1.000,0,9,no,HIGH_OVERLAP,REVIEW_SHARED_FAQ;DIFFERENTIATE_MAIN_CONTENT;REWRITE_FOR_CUSTOMER
/entruempelung-abensberg,/entruempelung-dietfurt,service,service,0.143,1.000,1.000,1.000,0,9,no,HIGH_OVERLAP,REVIEW_SHARED_FAQ;DIFFERENTIATE_MAIN_CONTENT;REWRITE_FOR_CUSTOMER
/entruempelung-abensberg,/entruempelung-dingolfing,service,service,1.000,1.000,1.000,1.000,0,9,no,HIGH_OVERLAP,REVIEW_SHARED_FAQ;DIFFERENTIATE_MAIN_CONTENT;REWRITE_FOR_CUSTOMER
/entruempelung-abensberg,/entruempelung-donaustauf,service,service,0.125,1.000,1.000,1.000,0,9,no,HIGH_OVERLAP,REVIEW_SHARED_FAQ;DIFFERENTIATE_MAIN_CONTENT;REWRITE_FOR_CUSTOMER
/entruempelung-abensberg,/entruempelung-duggendorf,service,service,0.143,1.000,1.000,1.000,0,9,no,HIGH_OVERLAP,REVIEW_SHARED_FAQ;DIFFERENTIATE_MAIN_CONTENT;REWRITE_FOR_CUSTOMER
/entruempelung-abensberg,/entruempelung-eggenfelden,service,service,0.143,1.000,1.000,1.000,0,9,no,HIGH_OVERLAP,REVIEW_SHARED_FAQ;DIFFERENTIATE_MAIN_CONTENT;REWRITE_FOR_CUSTOMER
/entruempelung-abensberg,/entruempelung-eichstaett,service,service,0.125,1.000,1.000,1.000,0,9,no,HIGH_OVERLAP,REVIEW_SHARED_FAQ;DIFFERENTIATE_MAIN_CONTENT;REWRITE_FOR_CUSTOMER
/entruempelung-abensberg,/entruempelung-erding,service,service,1.000,1.000,1.000,1.000,0,9,no,HIGH_OVERLAP,REVIEW_SHARED_FAQ;DIFFERENTIATE_MAIN_CONTENT;REWRITE_FOR_CUSTOMER
/entruempelung-abensberg,/entruempelung-ergoldsbach,service,service,0.143,1.000,1.000,1.000,0,9,no,HIGH_OVERLAP,REVIEW_SHARED_FAQ;DIFFERENTIATE_MAIN_CONTENT;REWRITE_FOR_CUSTOMER
/entruempelung-abensberg,/entruempelung-erlangen,service,service,0.143,1.000,1.000,0.927,0,6,no,HIGH_OVERLAP,REVIEW_SHARED_FAQ;DIFFERENTIATE_MAIN_CONTENT;REWRITE_FOR_CUSTOMER
/entruempelung-abensberg,/entruempelung-eschenbach-in-der-oberpfalz,service,service,0.143,1.000,1.000,1.000,0,9,no,HIGH_OVERLAP,REVIEW_SHARED_FAQ;DIFFERENTIATE_MAIN_CONTENT;REWRITE_FOR_CUSTOMER
/entruempelung-abensberg,/entruempelung-feucht,service,service,0.143,1.000,1.000,1.000,0,9,no,HIGH_OVERLAP,REVIEW_SHARED_FAQ;DIFFERENTIATE_MAIN_CONTENT;REWRITE_FOR_CUSTOMER
/entruempelung-abensberg,/entruempelung-freising,service,service,1.000,1.000,1.000,1.000,0,9,no,HIGH_OVERLAP,REVIEW_SHARED_FAQ;DIFFERENTIATE_MAIN_CONTENT;REWRITE_FOR_CUSTOMER
/entruempelung-abensberg,/entruempelung-freystadt,service,service,0.125,1.000,1.000,1.000,0,9,no,HIGH_OVERLAP,REVIEW_SHARED_FAQ;DIFFERENTIATE_MAIN_CONTENT;REWRITE_FOR_CUSTOMER
/entruempelung-abensberg,/entruempelung-freyung,service,service,0.143,1.000,1.000,1.000,0,9,no,HIGH_OVERLAP,REVIEW_SHARED_FAQ;DIFFERENTIATE_MAIN_CONTENT;REWRITE_FOR_CUSTOMER
/entruempelung-abensberg,/entruempelung-fuerstenfeldbruck,service,service,0.125,1.000,1.000,1.000,0,9,no,HIGH_OVERLAP,REVIEW_SHARED_FAQ;DIFFERENTIATE_MAIN_CONTENT;REWRITE_FOR_CUSTOMER
/entruempelung-abensberg,/entruempelung-fuerth,service,service,0.143,1.000,1.000,1.000,0,9,no,HIGH_OVERLAP,REVIEW_SHARED_FAQ;DIFFERENTIATE_MAIN_CONTENT;REWRITE_FOR_CUSTOMER
/entruempelung-abensberg,/entruempelung-furth-im-wald,service,service,1.000,1.000,1.000,1.000,0,9,no,HIGH_OVERLAP,REVIEW_SHARED_FAQ;DIFFERENTIATE_MAIN_CONTENT;REWRITE_FOR_CUSTOMER
/entruempelung-abensberg,/entruempelung-garching,service,service,0.143,1.000,1.000,1.000,0,9,no,HIGH_OVERLAP,REVIEW_SHARED_FAQ;DIFFERENTIATE_MAIN_CONTENT;REWRITE_FOR_CUSTOMER
/entruempelung-abensberg,/entruempelung-geiselhoering,service,service,0.143,1.000,1.000,1.000,0,9,no,HIGH_OVERLAP,REVIEW_SHARED_FAQ;DIFFERENTIATE_MAIN_CONTENT;REWRITE_FOR_CUSTOMER
/entruempelung-abensberg,/entruempelung-geisenfeld,service,service,0.143,1.000,1.000,1.000,0,9,no,HIGH_OVERLAP,REVIEW_SHARED_FAQ;DIFFERENTIATE_MAIN_CONTENT;REWRITE_FOR_CUSTOMER
/entruempelung-abensberg,/entruempelung-germering,service,service,0.125,1.000,1.000,1.000,0,9,no,HIGH_OVERLAP,REVIEW_SHARED_FAQ;DIFFERENTIATE_MAIN_CONTENT;REWRITE_FOR_CUSTOMER
/entruempelung-abensberg,/entruempelung-gersthofen,service,service,1.000,1.000,1.000,1.000,0,9,no,HIGH_OVERLAP,REVIEW_SHARED_FAQ;DIFFERENTIATE_MAIN_CONTENT;REWRITE_FOR_CUSTOMER
/entruempelung-abensberg,/entruempelung-grafenau,service,service,0.143,1.000,1.000,1.000,0,9,no,HIGH_OVERLAP,REVIEW_SHARED_FAQ;DIFFERENTIATE_MAIN_CONTENT;REWRITE_FOR_CUSTOMER
/entruempelung-abensberg,/entruempelung-grafenwoehr,service,service,0.143,1.000,1.000,1.000,0,9,no,HIGH_OVERLAP,REVIEW_SHARED_FAQ;DIFFERENTIATE_MAIN_CONTENT;REWRITE_FOR_CUSTOMER
/entruempelung-abensberg,/entruempelung-guenzburg,service,service,0.143,1.000,1.000,0.917,0,6,no,HIGH_OVERLAP,REVIEW_SHARED_FAQ;DIFFERENTIATE_MAIN_CONTENT;REWRITE_FOR_CUSTOMER
/entruempelung-abensberg,/entruempelung-hagelstadt,service,service,1.000,1.000,1.000,1.000,0,9,no,HIGH_OVERLAP,REVIEW_SHARED_FAQ;DIFFERENTIATE_MAIN_CONTENT;REWRITE_FOR_CUSTOMER
/entruempelung-abensberg,/entruempelung-hausen,service,service,0.143,1.000,1.000,1.000,0,9,no,HIGH_OVERLAP,REVIEW_SHARED_FAQ;DIFFERENTIATE_MAIN_CONTENT;REWRITE_FOR_CUSTOMER
/entruempelung-abensberg,/entruempelung-hemau,service,service,0.125,1.000,1.000,1.000,0,9,no,HIGH_OVERLAP,REVIEW_SHARED_FAQ;DIFFERENTIATE_MAIN_CONTENT;REWRITE_FOR_CUSTOMER
/entruempelung-abensberg,/entruempelung-herzogenaurach,service,service,0.125,1.000,1.000,1.000,0,9,no,HIGH_OVERLAP,REVIEW_SHARED_FAQ;DIFFERENTIATE_MAIN_CONTENT;REWRITE_FOR_CUSTOMER
/entruempelung-abensberg,/entruempelung-hirschau,service,service,1.000,1.000,1.000,1.000,0,9,no,HIGH_OVERLAP,REVIEW_SHARED_FAQ;DIFFERENTIATE_MAIN_CONTENT;REWRITE_FOR_CUSTOMER
/entruempelung-abensberg,/entruempelung-hohenfels,service,service,0.125,1.000,1.000,1.000,0,9,no,HIGH_OVERLAP,REVIEW_SHARED_FAQ;DIFFERENTIATE_MAIN_CONTENT;REWRITE_FOR_CUSTOMER
/entruempelung-abensberg,/entruempelung-holzheim-am-forst,service,service,0.125,1.000,1.000,1.000,0,9,no,HIGH_OVERLAP,REVIEW_SHARED_FAQ;DIFFERENTIATE_MAIN_CONTENT;REWRITE_FOR_CUSTOMER
/entruempelung-abensberg,/entruempelung-ingolstadt,service,service,0.143,1.000,1.000,0.887,0,6,no,HIGH_OVERLAP,REVIEW_SHARED_FAQ;DIFFERENTIATE_MAIN_CONTENT;REWRITE_FOR_CUSTOMER
/entruempelung-abensberg,/entruempelung-kallmuenz,service,service,0.143,1.000,1.000,1.000,0,9,no,HIGH_OVERLAP,REVIEW_SHARED_FAQ;DIFFERENTIATE_MAIN_CONTENT;REWRITE_FOR_CUSTOMER
/entruempelung-abensberg,/entruempelung-kelheim,service,service,0.143,1.000,1.000,0.980,0,9,no,HIGH_OVERLAP,REVIEW_SHARED_FAQ;DIFFERENTIATE_MAIN_CONTENT;REWRITE_FOR_CUSTOMER
/entruempelung-abensberg,/entruempelung-kissing,service,service,0.125,1.000,1.000,1.000,0,9,no,HIGH_OVERLAP,REVIEW_SHARED_FAQ;DIFFERENTIATE_MAIN_CONTENT;REWRITE_FOR_CUSTOMER
/entruempelung-abensberg,/entruempelung-koefering,service,service,0.125,1.000,1.000,1.000,0,9,no,HIGH_OVERLAP,REVIEW_SHARED_FAQ;DIFFERENTIATE_MAIN_CONTENT;REWRITE_FOR_CUSTOMER
/entruempelung-abensberg,/entruempelung-koenigsbrunn,service,service,0.143,1.000,1.000,1.000,0,9,no,HIGH_OVERLAP,REVIEW_SHARED_FAQ;DIFFERENTIATE_MAIN_CONTENT;REWRITE_FOR_CUSTOMER
/entruempelung-abensberg,/entruempelung-koetzting,service,service,1.000,1.000,1.000,1.000,0,9,no,HIGH_OVERLAP,REVIEW_SHARED_FAQ;DIFFERENTIATE_MAIN_CONTENT;REWRITE_FOR_CUSTOMER
/entruempelung-abensberg,/entruempelung-laaber,service,service,1.000,1.000,1.000,1.000,0,9,no,HIGH_OVERLAP,REVIEW_SHARED_FAQ;DIFFERENTIATE_MAIN_CONTENT;REWRITE_FOR_CUSTOMER
/entruempelung-abensberg,/entruempelung-landau-an-der-isar,service,service,0.143,1.000,1.000,1.000,0,9,no,HIGH_OVERLAP,REVIEW_SHARED_FAQ;DIFFERENTIATE_MAIN_CONTENT;REWRITE_FOR_CUSTOMER
/entruempelung-abensberg,/entruempelung-landsberg-am-lech,service,service,0.143,1.000,1.000,1.000,0,9,no,HIGH_OVERLAP,REVIEW_SHARED_FAQ;DIFFERENTIATE_MAIN_CONTENT;REWRITE_FOR_CUSTOMER
/entruempelung-abensberg,/entruempelung-landshut,service,service,0.125,1.000,1.000,0.850,0,6,no,HIGH_OVERLAP,REVIEW_SHARED_FAQ;DIFFERENTIATE_MAIN_CONTENT;REWRITE_FOR_CUSTOMER
/entruempelung-abensberg,/entruempelung-langquaid,service,service,0.143,1.000,1.000,1.000,0,9,no,HIGH_OVERLAP,REVIEW_SHARED_FAQ;DIFFERENTIATE_MAIN_CONTENT;REWRITE_FOR_CUSTOMER
/entruempelung-abensberg,/entruempelung-lappersdorf,service,service,0.125,1.000,1.000,0.980,0,9,no,HIGH_OVERLAP,REVIEW_SHARED_FAQ;DIFFERENTIATE_MAIN_CONTENT;REWRITE_FOR_CUSTOMER
/entruempelung-abensberg,/entruempelung-lauf-an-der-pegnitz,service,service,0.143,1.000,1.000,1.000,0,9,no,HIGH_OVERLAP,REVIEW_SHARED_FAQ;DIFFERENTIATE_MAIN_CONTENT;REWRITE_FOR_CUSTOMER
/entruempelung-abensberg,/entruempelung-lupburg,service,service,0.143,1.000,1.000,1.000,0,9,no,HIGH_OVERLAP,REVIEW_SHARED_FAQ;DIFFERENTIATE_MAIN_CONTENT;REWRITE_FOR_CUSTOMER
/entruempelung-abensberg,/entruempelung-mainburg,service,service,0.143,1.000,1.000,1.000,0,9,no,HIGH_OVERLAP,REVIEW_SHARED_FAQ;DIFFERENTIATE_MAIN_CONTENT;REWRITE_FOR_CUSTOMER
/entruempelung-abensberg,/entruempelung-mallersdorf-pfaffenberg,service,service,0.125,1.000,1.000,1.000,0,9,no,HIGH_OVERLAP,REVIEW_SHARED_FAQ;DIFFERENTIATE_MAIN_CONTENT;REWRITE_FOR_CUSTOMER
/entruempelung-abensberg,/entruempelung-mammendorf,service,service,0.143,1.000,1.000,1.000,0,9,no,HIGH_OVERLAP,REVIEW_SHARED_FAQ;DIFFERENTIATE_MAIN_CONTENT;REWRITE_FOR_CUSTOMER
/entruempelung-abensberg,/entruempelung-maxhuette-haidhof,service,service,0.143,1.000,1.000,1.000,0,9,no,HIGH_OVERLAP,REVIEW_SHARED_FAQ;DIFFERENTIATE_MAIN_CONTENT;REWRITE_FOR_CUSTOMER
/entruempelung-abensberg,/entruempelung-mering,service,service,0.143,1.000,1.000,1.000,0,9,no,HIGH_OVERLAP,REVIEW_SHARED_FAQ;DIFFERENTIATE_MAIN_CONTENT;REWRITE_FOR_CUSTOMER
/entruempelung-abensberg,/entruempelung-mintraching,service,service,0.125,1.000,1.000,1.000,0,9,no,HIGH_OVERLAP,REVIEW_SHARED_FAQ;DIFFERENTIATE_MAIN_CONTENT;REWRITE_FOR_CUSTOMER
/entruempelung-abensberg,/entruempelung-moetzing,service,service,0.143,1.000,1.000,1.000,0,9,no,HIGH_OVERLAP,REVIEW_SHARED_FAQ;DIFFERENTIATE_MAIN_CONTENT;REWRITE_FOR_CUSTOMER
/entruempelung-abensberg,/entruempelung-moosburg,service,service,0.125,1.000,1.000,1.000,0,9,no,HIGH_OVERLAP,REVIEW_SHARED_FAQ;DIFFERENTIATE_MAIN_CONTENT;REWRITE_FOR_CUSTOMER
/entruempelung-abensberg,/entruempelung-muenchen,service,service,1.000,1.000,1.000,0.980,0,9,no,HIGH_OVERLAP,REVIEW_SHARED_FAQ;DIFFERENTIATE_MAIN_CONTENT;REWRITE_FOR_CUSTOMER
/entruempelung-abensberg,/entruempelung-nabburg,service,service,0.143,1.000,1.000,1.000,0,9,no,HIGH_OVERLAP,REVIEW_SHARED_FAQ;DIFFERENTIATE_MAIN_CONTENT;REWRITE_FOR_CUSTOMER
/entruempelung-abensberg,/entruempelung-neu-ulm,service,service,0.143,1.000,1.000,1.000,0,9,no,HIGH_OVERLAP,REVIEW_SHARED_FAQ;DIFFERENTIATE_MAIN_CONTENT;REWRITE_FOR_CUSTOMER
/entruempelung-abensberg,/entruempelung-neufahrn-in-niederbayern,service,service,0.143,1.000,1.000,0.988,0,9,no,HIGH_OVERLAP,REVIEW_SHARED_FAQ;DIFFERENTIATE_MAIN_CONTENT;REWRITE_FOR_CUSTOMER
/entruempelung-abensberg,/entruempelung-neumarkt,service,service,0.143,1.000,1.000,0.918,0,6,no,HIGH_OVERLAP,REVIEW_SHARED_FAQ;DIFFERENTIATE_MAIN_CONTENT;REWRITE_FOR_CUSTOMER
/entruempelung-abensberg,/entruempelung-neunburg-vorm-wald,service,service,0.125,1.000,1.000,1.000,0,9,no,HIGH_OVERLAP,REVIEW_SHARED_FAQ;DIFFERENTIATE_MAIN_CONTENT;REWRITE_FOR_CUSTOMER
/entruempelung-abensberg,/entruempelung-neusaess,service,service,0.143,1.000,1.000,1.000,0,9,no,HIGH_OVERLAP,REVIEW_SHARED_FAQ;DIFFERENTIATE_MAIN_CONTENT;REWRITE_FOR_CUSTOMER
/entruempelung-abensberg,/entruempelung-neustadt-an-der-donau,service,service,0.143,1.000,1.000,1.000,0,9,no,HIGH_OVERLAP,REVIEW_SHARED_FAQ;DIFFERENTIATE_MAIN_CONTENT;REWRITE_FOR_CUSTOMER
/entruempelung-abensberg,/entruempelung-neustadt-an-der-waldnaab,service,service,1.000,1.000,1.000,1.000,0,9,no,HIGH_OVERLAP,REVIEW_SHARED_FAQ;DIFFERENTIATE_MAIN_CONTENT;REWRITE_FOR_CUSTOMER
/entruempelung-abensberg,/entruempelung-neutraubling,service,service,0.143,1.000,1.000,0.980,0,9,no,HIGH_OVERLAP,REVIEW_SHARED_FAQ;DIFFERENTIATE_MAIN_CONTENT;REWRITE_FOR_CUSTOMER
/entruempelung-abensberg,/entruempelung-nittenau,service,service,0.143,1.000,1.000,1.000,0,9,no,HIGH_OVERLAP,REVIEW_SHARED_FAQ;DIFFERENTIATE_MAIN_CONTENT;REWRITE_FOR_CUSTOMER
/entruempelung-abensberg,/entruempelung-nittendorf,service,service,1.000,1.000,1.000,1.000,0,9,no,HIGH_OVERLAP,REVIEW_SHARED_FAQ;DIFFERENTIATE_MAIN_CONTENT;REWRITE_FOR_CUSTOMER
/entruempelung-abensberg,/entruempelung-nuernberg,service,service,0.125,1.000,1.000,0.974,0,9,no,HIGH_OVERLAP,REVIEW_SHARED_FAQ;DIFFERENTIATE_MAIN_CONTENT;REWRITE_FOR_CUSTOMER
/entruempelung-abensberg,/entruempelung-oberasbach,service,service,0.125,1.000,1.000,1.000,0,9,no,HIGH_OVERLAP,REVIEW_SHARED_FAQ;DIFFERENTIATE_MAIN_CONTENT;REWRITE_FOR_CUSTOMER
/entruempelung-abensberg,/entruempelung-obertraubling,service,service,0.143,1.000,1.000,0.980,0,9,no,HIGH_OVERLAP,REVIEW_SHARED_FAQ;DIFFERENTIATE_MAIN_CONTENT;REWRITE_FOR_CUSTOMER
/entruempelung-abensberg,/entruempelung-oberviechtach,service,service,1.000,1.000,1.000,1.000,0,9,no,HIGH_OVERLAP,REVIEW_SHARED_FAQ;DIFFERENTIATE_MAIN_CONTENT;REWRITE_FOR_CUSTOMER
/entruempelung-abensberg,/entruempelung-olching,service,service,0.125,1.000,1.000,1.000,0,9,no,HIGH_OVERLAP,REVIEW_SHARED_FAQ;DIFFERENTIATE_MAIN_CONTENT;REWRITE_FOR_CUSTOMER
/entruempelung-abensberg,/entruempelung-osterhofen,service,service,1.000,1.000,1.000,1.000,0,9,no,HIGH_OVERLAP,REVIEW_SHARED_FAQ;DIFFERENTIATE_MAIN_CONTENT;REWRITE_FOR_CUSTOMER
/entruempelung-abensberg,/entruempelung-painten,service,service,0.143,1.000,1.000,1.000,0,9,no,HIGH_OVERLAP,REVIEW_SHARED_FAQ;DIFFERENTIATE_MAIN_CONTENT;REWRITE_FOR_CUSTOMER
/entruempelung-abensberg,/entruempelung-parsberg,service,service,0.125,1.000,1.000,1.000,0,9,no,HIGH_OVERLAP,REVIEW_SHARED_FAQ;DIFFERENTIATE_MAIN_CONTENT;REWRITE_FOR_CUSTOMER
/entruempelung-abensberg,/entruempelung-passau,service,service,0.143,1.000,1.000,0.908,0,6,no,HIGH_OVERLAP,REVIEW_SHARED_FAQ;DIFFERENTIATE_MAIN_CONTENT;REWRITE_FOR_CUSTOMER
/entruempelung-abensberg,/entruempelung-pentling,service,service,0.143,1.000,1.000,0.980,0,9,no,HIGH_OVERLAP,REVIEW_SHARED_FAQ;DIFFERENTIATE_MAIN_CONTENT;REWRITE_FOR_CUSTOMER
/entruempelung-abensberg,/entruempelung-pettendorf,service,service,0.143,1.000,1.000,1.000,0,9,no,HIGH_OVERLAP,REVIEW_SHARED_FAQ;DIFFERENTIATE_MAIN_CONTENT;REWRITE_FOR_CUSTOMER
/entruempelung-abensberg,/entruempelung-pfaffenhofen,service,service,0.143,1.000,1.000,1.000,0,9,no,HIGH_OVERLAP,REVIEW_SHARED_FAQ;DIFFERENTIATE_MAIN_CONTENT;REWRITE_FOR_CUSTOMER
/entruempelung-abensberg,/entruempelung-pfarrkirchen,service,service,1.000,1.000,1.000,1.000,0,9,no,HIGH_OVERLAP,REVIEW_SHARED_FAQ;DIFFERENTIATE_MAIN_CONTENT;REWRITE_FOR_CUSTOMER
/entruempelung-abensberg,/entruempelung-pfatter,service,service,0.125,1.000,1.000,1.000,0,9,no,HIGH_OVERLAP,REVIEW_SHARED_FAQ;DIFFERENTIATE_MAIN_CONTENT;REWRITE_FOR_CUSTOMER
/entruempelung-abensberg,/entruempelung-pfeffenhausen,service,service,0.125,1.000,1.000,1.000,0,9,no,HIGH_OVERLAP,REVIEW_SHARED_FAQ;DIFFERENTIATE_MAIN_CONTENT;REWRITE_FOR_CUSTOMER
/entruempelung-abensberg,/entruempelung-pfreimd,service,service,0.143,1.000,1.000,1.000,0,9,no,HIGH_OVERLAP,REVIEW_SHARED_FAQ;DIFFERENTIATE_MAIN_CONTENT;REWRITE_FOR_CUSTOMER
/entruempelung-abensberg,/entruempelung-pielenhofen,service,service,0.143,1.000,1.000,1.000,0,9,no,HIGH_OVERLAP,REVIEW_SHARED_FAQ;DIFFERENTIATE_MAIN_CONTENT;REWRITE_FOR_CUSTOMER
/entruempelung-abensberg,/entruempelung-plattling,service,service,0.143,1.000,1.000,1.000,0,9,no,HIGH_OVERLAP,REVIEW_SHARED_FAQ;DIFFERENTIATE_MAIN_CONTENT;REWRITE_FOR_CUSTOMER
/entruempelung-abensberg,/entruempelung-pocking,service,service,0.143,1.000,1.000,1.000,0,9,no,HIGH_OVERLAP,REVIEW_SHARED_FAQ;DIFFERENTIATE_MAIN_CONTENT;REWRITE_FOR_CUSTOMER
/entruempelung-abensberg,/entruempelung-postbauer-heng,service,service,0.143,1.000,1.000,1.000,0,9,no,HIGH_OVERLAP,REVIEW_SHARED_FAQ;DIFFERENTIATE_MAIN_CONTENT;REWRITE_FOR_CUSTOMER
/entruempelung-abensberg,/entruempelung-regen,service,service,1.000,1.000,1.000,1.000,0,9,no,HIGH_OVERLAP,REVIEW_SHARED_FAQ;DIFFERENTIATE_MAIN_CONTENT;REWRITE_FOR_CUSTOMER
/entruempelung-abensberg,/entruempelung-regenstauf,service,service,0.143,1.000,1.000,0.980,0,9,no,HIGH_OVERLAP,REVIEW_SHARED_FAQ;DIFFERENTIATE_MAIN_CONTENT;REWRITE_FOR_CUSTOMER
/entruempelung-abensberg,/entruempelung-riedenburg,service,service,1.000,1.000,1.000,1.000,0,9,no,HIGH_OVERLAP,REVIEW_SHARED_FAQ;DIFFERENTIATE_MAIN_CONTENT;REWRITE_FOR_CUSTOMER
/entruempelung-abensberg,/entruempelung-riekofen,service,service,0.143,1.000,1.000,1.000,0,9,no,HIGH_OVERLAP,REVIEW_SHARED_FAQ;DIFFERENTIATE_MAIN_CONTENT;REWRITE_FOR_CUSTOMER
/entruempelung-abensberg,/entruempelung-roding,service,service,1.000,1.000,1.000,1.000,0,9,no,HIGH_OVERLAP,REVIEW_SHARED_FAQ;DIFFERENTIATE_MAIN_CONTENT;REWRITE_FOR_CUSTOMER
/entruempelung-abensberg,/entruempelung-rosenheim,service,service,0.125,1.000,1.000,0.887,0,6,no,HIGH_OVERLAP,REVIEW_SHARED_FAQ;DIFFERENTIATE_MAIN_CONTENT;REWRITE_FOR_CUSTOMER
/entruempelung-abensberg,/entruempelung-roth,service,service,0.143,1.000,1.000,1.000,0,9,no,HIGH_OVERLAP,REVIEW_SHARED_FAQ;DIFFERENTIATE_MAIN_CONTENT;REWRITE_FOR_CUSTOMER
/entruempelung-abensberg,/entruempelung-rottenburg-an-der-laaber,service,service,0.143,1.000,1.000,1.000,0,9,no,HIGH_OVERLAP,REVIEW_SHARED_FAQ;DIFFERENTIATE_MAIN_CONTENT;REWRITE_FOR_CUSTOMER
/entruempelung-abensberg,/entruempelung-saal-an-der-donau,service,service,0.143,1.000,1.000,1.000,0,9,no,HIGH_OVERLAP,REVIEW_SHARED_FAQ;DIFFERENTIATE_MAIN_CONTENT;REWRITE_FOR_CUSTOMER
/entruempelung-abensberg,/entruempelung-schierling,service,service,0.143,1.000,1.000,1.000,0,9,no,HIGH_OVERLAP,REVIEW_SHARED_FAQ;DIFFERENTIATE_MAIN_CONTENT;REWRITE_FOR_CUSTOMER
/entruempelung-abensberg,/entruempelung-schnaittenbach,service,service,1.000,1.000,1.000,1.000,0,9,no,HIGH_OVERLAP,REVIEW_SHARED_FAQ;DIFFERENTIATE_MAIN_CONTENT;REWRITE_FOR_CUSTOMER
/entruempelung-abensberg,/entruempelung-schwabach,service,service,0.143,1.000,1.000,1.000,0,9,no,HIGH_OVERLAP,REVIEW_SHARED_FAQ;DIFFERENTIATE_MAIN_CONTENT;REWRITE_FOR_CUSTOMER
/entruempelung-abensberg,/entruempelung-schwandorf,service,service,1.000,1.000,1.000,0.899,0,6,no,HIGH_OVERLAP,REVIEW_SHARED_FAQ;DIFFERENTIATE_MAIN_CONTENT;REWRITE_FOR_CUSTOMER
/entruempelung-abensberg,/entruempelung-schwarzenfeld,service,service,0.143,1.000,1.000,1.000,0,9,no,HIGH_OVERLAP,REVIEW_SHARED_FAQ;DIFFERENTIATE_MAIN_CONTENT;REWRITE_FOR_CUSTOMER
/entruempelung-abensberg,/entruempelung-schweinfurt,service,service,0.125,1.000,1.000,1.000,0,9,no,HIGH_OVERLAP,REVIEW_SHARED_FAQ;DIFFERENTIATE_MAIN_CONTENT;REWRITE_FOR_CUSTOMER
/entruempelung-abensberg,/entruempelung-seubersdorf,service,service,0.143,1.000,1.000,1.000,0,9,no,HIGH_OVERLAP,REVIEW_SHARED_FAQ;DIFFERENTIATE_MAIN_CONTENT;REWRITE_FOR_CUSTOMER
/entruempelung-abensberg,/entruempelung-simbach-am-inn,service,service,0.125,1.000,1.000,1.000,0,9,no,HIGH_OVERLAP,REVIEW_SHARED_FAQ;DIFFERENTIATE_MAIN_CONTENT;REWRITE_FOR_CUSTOMER
/entruempelung-abensberg,/entruempelung-sinzing,service,service,0.125,1.000,1.000,1.000,0,9,no,HIGH_OVERLAP,REVIEW_SHARED_FAQ;DIFFERENTIATE_MAIN_CONTENT;REWRITE_FOR_CUSTOMER
/entruempelung-abensberg,/entruempelung-starnberg,service,service,0.125,1.000,1.000,0.906,0,6,no,HIGH_OVERLAP,REVIEW_SHARED_FAQ;DIFFERENTIATE_MAIN_CONTENT;REWRITE_FOR_CUSTOMER
/entruempelung-abensberg,/entruempelung-steinberg-am-see,service,service,0.125,1.000,1.000,1.000,0,9,no,HIGH_OVERLAP,REVIEW_SHARED_FAQ;DIFFERENTIATE_MAIN_CONTENT;REWRITE_FOR_CUSTOMER
/entruempelung-abensberg,/entruempelung-straubing,service,service,1.000,1.000,1.000,0.908,0,6,no,HIGH_OVERLAP,REVIEW_SHARED_FAQ;DIFFERENTIATE_MAIN_CONTENT;REWRITE_FOR_CUSTOMER
/entruempelung-abensberg,/entruempelung-suenching,service,service,0.143,1.000,1.000,1.000,0,9,no,HIGH_OVERLAP,REVIEW_SHARED_FAQ;DIFFERENTIATE_MAIN_CONTENT;REWRITE_FOR_CUSTOMER
/entruempelung-abensberg,/entruempelung-sulzbach-rosenberg,service,service,0.125,1.000,1.000,1.000,0,9,no,HIGH_OVERLAP,REVIEW_SHARED_FAQ;DIFFERENTIATE_MAIN_CONTENT;REWRITE_FOR_CUSTOMER
/entruempelung-abensberg,/entruempelung-tegernheim,service,service,0.143,1.000,1.000,1.000,0,9,no,HIGH_OVERLAP,REVIEW_SHARED_FAQ;DIFFERENTIATE_MAIN_CONTENT;REWRITE_FOR_CUSTOMER
/entruempelung-abensberg,/entruempelung-teublitz,service,service,0.143,1.000,1.000,1.000,0,9,no,HIGH_OVERLAP,REVIEW_SHARED_FAQ;DIFFERENTIATE_MAIN_CONTENT;REWRITE_FOR_CUSTOMER
/entruempelung-abensberg,/entruempelung-thalmassing,service,service,0.143,1.000,1.000,1.000,0,9,no,HIGH_OVERLAP,REVIEW_SHARED_FAQ;DIFFERENTIATE_MAIN_CONTENT;REWRITE_FOR_CUSTOMER
/entruempelung-abensberg,/entruempelung-tirschenreuth,service,service,0.143,1.000,1.000,1.000,0,9,no,HIGH_OVERLAP,REVIEW_SHARED_FAQ;DIFFERENTIATE_MAIN_CONTENT;REWRITE_FOR_CUSTOMER
/entruempelung-abensberg,/entruempelung-unterhaching,service,service,0.143,1.000,1.000,1.000,0,9,no,HIGH_OVERLAP,REVIEW_SHARED_FAQ;DIFFERENTIATE_MAIN_CONTENT;REWRITE_FOR_CUSTOMER
/entruempelung-abensberg,/entruempelung-velburg,service,service,1.000,1.000,1.000,1.000,0,9,no,HIGH_OVERLAP,REVIEW_SHARED_FAQ;DIFFERENTIATE_MAIN_CONTENT;REWRITE_FOR_CUSTOMER
/entruempelung-abensberg,/entruempelung-viechtach,service,service,1.000,1.000,1.000,1.000,0,9,no,HIGH_OVERLAP,REVIEW_SHARED_FAQ;DIFFERENTIATE_MAIN_CONTENT;REWRITE_FOR_CUSTOMER
/entruempelung-abensberg,/entruempelung-vilsbiburg,service,service,0.143,1.000,1.000,1.000,0,9,no,HIGH_OVERLAP,REVIEW_SHARED_FAQ;DIFFERENTIATE_MAIN_CONTENT;REWRITE_FOR_CUSTOMER
/entruempelung-abensberg,/entruempelung-vilseck,service,service,0.143,1.000,1.000,1.000,0,9,no,HIGH_OVERLAP,REVIEW_SHARED_FAQ;DIFFERENTIATE_MAIN_CONTENT;REWRITE_FOR_CUSTOMER
/entruempelung-abensberg,/entruempelung-vilshofen,service,service,0.143,1.000,1.000,1.000,0,9,no,HIGH_OVERLAP,REVIEW_SHARED_FAQ;DIFFERENTIATE_MAIN_CONTENT;REWRITE_FOR_CUSTOMER
/entruempelung-abensberg,/entruempelung-vohburg,service,service,0.143,1.000,1.000,1.000,0,9,no,HIGH_OVERLAP,REVIEW_SHARED_FAQ;DIFFERENTIATE_MAIN_CONTENT;REWRITE_FOR_CUSTOMER
/entruempelung-abensberg,/entruempelung-vohenstrauss,service,service,0.143,1.000,1.000,1.000,0,9,no,HIGH_OVERLAP,REVIEW_SHARED_FAQ;DIFFERENTIATE_MAIN_CONTENT;REWRITE_FOR_CUSTOMER
/entruempelung-abensberg,/entruempelung-wackersdorf,service,service,0.143,1.000,1.000,1.000,0,9,no,HIGH_OVERLAP,REVIEW_SHARED_FAQ;DIFFERENTIATE_MAIN_CONTENT;REWRITE_FOR_CUSTOMER
/entruempelung-abensberg,/entruempelung-waldkirchen,service,service,0.125,1.000,1.000,1.000,0,9,no,HIGH_OVERLAP,REVIEW_SHARED_FAQ;DIFFERENTIATE_MAIN_CONTENT;REWRITE_FOR_CUSTOMER
/entruempelung-abensberg,/entruempelung-waldmuenchen,service,service,0.143,1.000,1.000,0.906,0,6,no,HIGH_OVERLAP,REVIEW_SHARED_FAQ;DIFFERENTIATE_MAIN_CONTENT;REWRITE_FOR_CUSTOMER
/entruempelung-abensberg,/entruempelung-weiden,service,service,0.125,1.000,1.000,0.899,0,6,no,HIGH_OVERLAP,REVIEW_SHARED_FAQ;DIFFERENTIATE_MAIN_CONTENT;REWRITE_FOR_CUSTOMER
/entruempelung-abensberg,/entruempelung-weilheim-in-oberbayern,service,service,0.143,1.000,1.000,0.988,0,9,no,HIGH_OVERLAP,REVIEW_SHARED_FAQ;DIFFERENTIATE_MAIN_CONTENT;REWRITE_FOR_CUSTOMER
/entruempelung-abensberg,/entruempelung-wendelstein,service,service,0.143,1.000,1.000,1.000,0,9,no,HIGH_OVERLAP,REVIEW_SHARED_FAQ;DIFFERENTIATE_MAIN_CONTENT;REWRITE_FOR_CUSTOMER
/entruempelung-abensberg,/entruempelung-wenzenbach,service,service,1.000,1.000,1.000,1.000,0,9,no,HIGH_OVERLAP,REVIEW_SHARED_FAQ;DIFFERENTIATE_MAIN_CONTENT;REWRITE_FOR_CUSTOMER
/entruempelung-abensberg,/entruempelung-wernberg-koeblitz,service,service,0.143,1.000,1.000,1.000,0,9,no,HIGH_OVERLAP,REVIEW_SHARED_FAQ;DIFFERENTIATE_MAIN_CONTENT;REWRITE_FOR_CUSTOMER
/entruempelung-abensberg,/entruempelung-wiesent,service,service,0.143,1.000,1.000,1.000,0,9,no,HIGH_OVERLAP,REVIEW_SHARED_FAQ;DIFFERENTIATE_MAIN_CONTENT;REWRITE_FOR_CUSTOMER
/entruempelung-abensberg,/entruempelung-windischeschenbach,service,service,1.000,1.000,1.000,1.000,0,9,no,HIGH_OVERLAP,REVIEW_SHARED_FAQ;DIFFERENTIATE_MAIN_CONTENT;REWRITE_FOR_CUSTOMER
/entruempelung-abensberg,/entruempelung-woerth-an-der-donau,service,service,0.143,1.000,1.000,1.000,0,9,no,HIGH_OVERLAP,REVIEW_SHARED_FAQ;DIFFERENTIATE_MAIN_CONTENT;REWRITE_FOR_CUSTOMER
/entruempelung-abensberg,/entruempelung-wolfsegg,service,service,0.143,1.000,1.000,1.000,0,9,no,HIGH_OVERLAP,REVIEW_SHARED_FAQ;DIFFERENTIATE_MAIN_CONTENT;REWRITE_FOR_CUSTOMER
/entruempelung-abensberg,/entruempelung-wolnzach,service,service,0.125,1.000,1.000,1.000,0,9,no,HIGH_OVERLAP,REVIEW_SHARED_FAQ;DIFFERENTIATE_MAIN_CONTENT;REWRITE_FOR_CUSTOMER
/entruempelung-abensberg,/entruempelung-zeitlarn,service,service,1.000,1.000,1.000,1.000,0,9,no,HIGH_OVERLAP,REVIEW_SHARED_FAQ;DIFFERENTIATE_MAIN_CONTENT;REWRITE_FOR_CUSTOMER
/entruempelung-abensberg,/entruempelung-zirndorf,service,service,0.125,1.000,1.000,1.000,0,9,no,HIGH_OVERLAP,REVIEW_SHARED_FAQ;DIFFERENTIATE_MAIN_CONTENT;REWRITE_FOR_CUSTOMER
/entruempelung-abensberg,/entruempelung-zwiesel,service,service,1.000,1.000,1.000,1.000,0,9,no,HIGH_OVERLAP,REVIEW_SHARED_FAQ;DIFFERENTIATE_MAIN_CONTENT;REWRITE_FOR_CUSTOMER
/entruempelung-abensberg,/wohnungsaufloesung-abensberg,service,service,0.125,0.600,1.000,0.984,0,9,no,HIGH_OVERLAP,REVIEW_SHARED_FAQ;DIFFERENTIATE_MAIN_CONTENT;REWRITE_FOR_CUSTOMER
/entruempelung-abensberg,/wohnungsaufloesung-altdorf-bei-nuernberg,service,service,0.167,0.600,1.000,0.984,0,9,no,HIGH_OVERLAP,REVIEW_SHARED_FAQ;DIFFERENTIATE_MAIN_CONTENT;REWRITE_FOR_CUSTOMER
/entruempelung-abensberg,/wohnungsaufloesung-alteglofsheim,service,service,0.143,0.600,1.000,0.984,0,9,no,HIGH_OVERLAP,REVIEW_SHARED_FAQ;DIFFERENTIATE_MAIN_CONTENT;REWRITE_FOR_CUSTOMER
/entruempelung-abensberg,/wohnungsaufloesung-altenthann,service,service,0.143,0.600,1.000,0.984,0,9,no,HIGH_OVERLAP,REVIEW_SHARED_FAQ;DIFFERENTIATE_MAIN_CONTENT;REWRITE_FOR_CUSTOMER
/entruempelung-abensberg,/wohnungsaufloesung-amberg,service,service,0.143,0.600,1.000,0.904,0,6,no,HIGH_OVERLAP,REVIEW_SHARED_FAQ;DIFFERENTIATE_MAIN_CONTENT;REWRITE_FOR_CUSTOMER
/entruempelung-abensberg,/wohnungsaufloesung-ansbach,service,service,0.167,0.600,1.000,0.984,0,9,no,HIGH_OVERLAP,REVIEW_SHARED_FAQ;DIFFERENTIATE_MAIN_CONTENT;REWRITE_FOR_CUSTOMER
/entruempelung-abensberg,/wohnungsaufloesung-auerbach-in-der-oberpfalz,service,service,0.125,0.600,1.000,0.984,0,9,no,HIGH_OVERLAP,REVIEW_SHARED_FAQ;DIFFERENTIATE_MAIN_CONTENT;REWRITE_FOR_CUSTOMER
/entruempelung-abensberg,/wohnungsaufloesung-aufhausen,service,service,0.167,0.600,1.000,0.984,0,9,no,HIGH_OVERLAP,REVIEW_SHARED_FAQ;DIFFERENTIATE_MAIN_CONTENT;REWRITE_FOR_CUSTOMER
/entruempelung-abensberg,/wohnungsaufloesung-augsburg,service,service,0.143,0.600,1.000,0.893,0,6,no,HIGH_OVERLAP,REVIEW_SHARED_FAQ;DIFFERENTIATE_MAIN_CONTENT;REWRITE_FOR_CUSTOMER
/entruempelung-abensberg,/wohnungsaufloesung-bad-abbach,service,service,0.125,0.600,1.000,0.984,0,9,no,HIGH_OVERLAP,REVIEW_SHARED_FAQ;DIFFERENTIATE_MAIN_CONTENT;REWRITE_FOR_CUSTOMER
/entruempelung-abensberg,/wohnungsaufloesung-bad-koetzting,service,service,0.125,0.600,1.000,0.984,0,9,no,HIGH_OVERLAP,REVIEW_SHARED_FAQ;DIFFERENTIATE_MAIN_CONTENT;REWRITE_FOR_CUSTOMER
/entruempelung-abensberg,/wohnungsaufloesung-bad-toelz,service,service,0.143,0.600,1.000,0.984,0,9,no,HIGH_OVERLAP,REVIEW_SHARED_FAQ;DIFFERENTIATE_MAIN_CONTENT;REWRITE_FOR_CUSTOMER
/entruempelung-abensberg,/wohnungsaufloesung-bamberg,service,service,0.167,0.600,1.000,0.912,0,6,no,HIGH_OVERLAP,REVIEW_SHARED_FAQ;DIFFERENTIATE_MAIN_CONTENT;REWRITE_FOR_CUSTOMER
/entruempelung-abensberg,/wohnungsaufloesung-barbing,service,service,0.143,0.600,1.000,0.984,0,9,no,HIGH_OVERLAP,REVIEW_SHARED_FAQ;DIFFERENTIATE_MAIN_CONTENT;REWRITE_FOR_CUSTOMER
/entruempelung-abensberg,/wohnungsaufloesung-bayreuth,service,service,0.143,0.600,1.000,0.912,0,6,no,HIGH_OVERLAP,REVIEW_SHARED_FAQ;DIFFERENTIATE_MAIN_CONTENT;REWRITE_FOR_CUSTOMER
/entruempelung-abensberg,/wohnungsaufloesung-beilngries,service,service,0.143,0.600,1.000,0.984,0,9,no,HIGH_OVERLAP,REVIEW_SHARED_FAQ;DIFFERENTIATE_MAIN_CONTENT;REWRITE_FOR_CUSTOMER
/entruempelung-abensberg,/wohnungsaufloesung-beratzhausen,service,service,0.143,0.600,1.000,0.984,0,9,no,HIGH_OVERLAP,REVIEW_SHARED_FAQ;DIFFERENTIATE_MAIN_CONTENT;REWRITE_FOR_CUSTOMER
/entruempelung-abensberg,/wohnungsaufloesung-berching,service,service,0.167,0.600,1.000,0.984,0,9,no,HIGH_OVERLAP,REVIEW_SHARED_FAQ;DIFFERENTIATE_MAIN_CONTENT;REWRITE_FOR_CUSTOMER
/entruempelung-abensberg,/wohnungsaufloesung-bernhardswald,service,service,0.143,0.600,1.000,0.984,0,9,no,HIGH_OVERLAP,REVIEW_SHARED_FAQ;DIFFERENTIATE_MAIN_CONTENT;REWRITE_FOR_CUSTOMER
/entruempelung-abensberg,/wohnungsaufloesung-bogen,service,service,0.143,0.600,1.000,0.984,0,9,no,HIGH_OVERLAP,REVIEW_SHARED_FAQ;DIFFERENTIATE_MAIN_CONTENT;REWRITE_FOR_CUSTOMER
/entruempelung-abensberg,/wohnungsaufloesung-brennberg,service,service,0.125,0.600,1.000,0.984,0,9,no,HIGH_OVERLAP,REVIEW_SHARED_FAQ;DIFFERENTIATE_MAIN_CONTENT;REWRITE_FOR_CUSTOMER
/entruempelung-abensberg,/wohnungsaufloesung-brunn,service,service,0.125,0.600,1.000,0.984,0,9,no,HIGH_OVERLAP,REVIEW_SHARED_FAQ;DIFFERENTIATE_MAIN_CONTENT;REWRITE_FOR_CUSTOMER
/entruempelung-abensberg,/wohnungsaufloesung-burglengenfeld,service,service,0.167,0.600,1.000,0.984,0,9,no,HIGH_OVERLAP,REVIEW_SHARED_FAQ;DIFFERENTIATE_MAIN_CONTENT;REWRITE_FOR_CUSTOMER
/entruempelung-abensberg,/wohnungsaufloesung-cham,service,service,0.125,0.600,1.000,0.904,0,6,no,HIGH_OVERLAP,REVIEW_SHARED_FAQ;DIFFERENTIATE_MAIN_CONTENT;REWRITE_FOR_CUSTOMER
/entruempelung-abensberg,/wohnungsaufloesung-coburg,service,service,0.143,0.600,1.000,0.984,0,9,no,HIGH_OVERLAP,REVIEW_SHARED_FAQ;DIFFERENTIATE_MAIN_CONTENT;REWRITE_FOR_CUSTOMER
/entruempelung-abensberg,/wohnungsaufloesung-dachau,service,service,0.167,0.600,1.000,0.984,0,9,no,HIGH_OVERLAP,REVIEW_SHARED_FAQ;DIFFERENTIATE_MAIN_CONTENT;REWRITE_FOR_CUSTOMER
/entruempelung-abensberg,/wohnungsaufloesung-deggendorf,service,service,0.125,0.600,1.000,0.984,0,9,no,HIGH_OVERLAP,REVIEW_SHARED_FAQ;DIFFERENTIATE_MAIN_CONTENT;REWRITE_FOR_CUSTOMER
/entruempelung-abensberg,/wohnungsaufloesung-deuerling,service,service,0.143,0.600,1.000,0.984,0,9,no,HIGH_OVERLAP,REVIEW_SHARED_FAQ;DIFFERENTIATE_MAIN_CONTENT;REWRITE_FOR_CUSTOMER
/entruempelung-abensberg,/wohnungsaufloesung-dietfurt,service,service,0.125,0.600,1.000,0.984,0,9,no,HIGH_OVERLAP,REVIEW_SHARED_FAQ;DIFFERENTIATE_MAIN_CONTENT;REWRITE_FOR_CUSTOMER
/entruempelung-abensberg,/wohnungsaufloesung-dingolfing,service,service,0.143,0.600,1.000,0.984,0,9,no,HIGH_OVERLAP,REVIEW_SHARED_FAQ;DIFFERENTIATE_MAIN_CONTENT;REWRITE_FOR_CUSTOMER
/entruempelung-abensberg,/wohnungsaufloesung-donaustauf,service,service,0.167,0.600,1.000,0.984,0,9,no,HIGH_OVERLAP,REVIEW_SHARED_FAQ;DIFFERENTIATE_MAIN_CONTENT;REWRITE_FOR_CUSTOMER
/entruempelung-abensberg,/wohnungsaufloesung-duggendorf,service,service,0.125,0.600,1.000,0.984,0,9,no,HIGH_OVERLAP,REVIEW_SHARED_FAQ;DIFFERENTIATE_MAIN_CONTENT;REWRITE_FOR_CUSTOMER
/entruempelung-abensberg,/wohnungsaufloesung-eggenfelden,service,service,0.167,0.600,1.000,0.984,0,9,no,HIGH_OVERLAP,REVIEW_SHARED_FAQ;DIFFERENTIATE_MAIN_CONTENT;REWRITE_FOR_CUSTOMER
/entruempelung-abensberg,/wohnungsaufloesung-eichstaett,service,service,0.167,0.600,1.000,0.984,0,9,no,HIGH_OVERLAP,REVIEW_SHARED_FAQ;DIFFERENTIATE_MAIN_CONTENT;REWRITE_FOR_CUSTOMER
/entruempelung-abensberg,/wohnungsaufloesung-erding,service,service,0.143,0.600,1.000,0.984,0,9,no,HIGH_OVERLAP,REVIEW_SHARED_FAQ;DIFFERENTIATE_MAIN_CONTENT;REWRITE_FOR_CUSTOMER
/entruempelung-abensberg,/wohnungsaufloesung-ergoldsbach,service,service,0.167,0.600,1.000,0.984,0,9,no,HIGH_OVERLAP,REVIEW_SHARED_FAQ;DIFFERENTIATE_MAIN_CONTENT;REWRITE_FOR_CUSTOMER
/entruempelung-abensberg,/wohnungsaufloesung-erlangen,service,service,0.143,0.600,1.000,0.912,0,6,no,HIGH_OVERLAP,REVIEW_SHARED_FAQ;DIFFERENTIATE_MAIN_CONTENT;REWRITE_FOR_CUSTOMER
/entruempelung-abensberg,/wohnungsaufloesung-eschenbach-in-der-oberpfalz,service,service,0.167,0.600,1.000,0.984,0,9,no,HIGH_OVERLAP,REVIEW_SHARED_FAQ;DIFFERENTIATE_MAIN_CONTENT;REWRITE_FOR_CUSTOMER
/entruempelung-abensberg,/wohnungsaufloesung-feucht,service,service,0.125,0.600,1.000,0.984,0,9,no,HIGH_OVERLAP,REVIEW_SHARED_FAQ;DIFFERENTIATE_MAIN_CONTENT;REWRITE_FOR_CUSTOMER
/entruempelung-abensberg,/wohnungsaufloesung-freising,service,service,0.143,0.600,1.000,0.984,0,9,no,HIGH_OVERLAP,REVIEW_SHARED_FAQ;DIFFERENTIATE_MAIN_CONTENT;REWRITE_FOR_CUSTOMER
/entruempelung-abensberg,/wohnungsaufloesung-freystadt,service,service,0.143,0.600,1.000,0.984,0,9,no,HIGH_OVERLAP,REVIEW_SHARED_FAQ;DIFFERENTIATE_MAIN_CONTENT;REWRITE_FOR_CUSTOMER
/entruempelung-abensberg,/wohnungsaufloesung-freyung,service,service,0.167,0.600,1.000,0.984,0,9,no,HIGH_OVERLAP,REVIEW_SHARED_FAQ;DIFFERENTIATE_MAIN_CONTENT;REWRITE_FOR_CUSTOMER
/entruempelung-abensberg,/wohnungsaufloesung-fuerstenfeldbruck,service,service,0.143,0.600,1.000,0.984,0,9,no,HIGH_OVERLAP,REVIEW_SHARED_FAQ;DIFFERENTIATE_MAIN_CONTENT;REWRITE_FOR_CUSTOMER
/entruempelung-abensberg,/wohnungsaufloesung-fuerth,service,service,0.143,0.600,1.000,0.984,0,9,no,HIGH_OVERLAP,REVIEW_SHARED_FAQ;DIFFERENTIATE_MAIN_CONTENT;REWRITE_FOR_CUSTOMER
/entruempelung-abensberg,/wohnungsaufloesung-furth-im-wald,service,service,0.125,0.600,1.000,0.984,0,9,no,HIGH_OVERLAP,REVIEW_SHARED_FAQ;DIFFERENTIATE_MAIN_CONTENT;REWRITE_FOR_CUSTOMER
/entruempelung-abensberg,/wohnungsaufloesung-garching,service,service,0.125,0.600,1.000,0.984,0,9,no,HIGH_OVERLAP,REVIEW_SHARED_FAQ;DIFFERENTIATE_MAIN_CONTENT;REWRITE_FOR_CUSTOMER
/entruempelung-abensberg,/wohnungsaufloesung-geiselhoering,service,service,0.143,0.600,1.000,0.984,0,9,no,HIGH_OVERLAP,REVIEW_SHARED_FAQ;DIFFERENTIATE_MAIN_CONTENT;REWRITE_FOR_CUSTOMER
/entruempelung-abensberg,/wohnungsaufloesung-geisenfeld,service,service,0.143,0.600,1.000,0.984,0,9,no,HIGH_OVERLAP,REVIEW_SHARED_FAQ;DIFFERENTIATE_MAIN_CONTENT;REWRITE_FOR_CUSTOMER
/entruempelung-abensberg,/wohnungsaufloesung-germering,service,service,0.143,0.600,1.000,0.984,0,9,no,HIGH_OVERLAP,REVIEW_SHARED_FAQ;DIFFERENTIATE_MAIN_CONTENT;REWRITE_FOR_CUSTOMER
/entruempelung-abensberg,/wohnungsaufloesung-gersthofen,service,service,0.143,0.600,1.000,0.984,0,9,no,HIGH_OVERLAP,REVIEW_SHARED_FAQ;DIFFERENTIATE_MAIN_CONTENT;REWRITE_FOR_CUSTOMER
/entruempelung-abensberg,/wohnungsaufloesung-grafenau,service,service,0.125,0.600,1.000,0.984,0,9,no,HIGH_OVERLAP,REVIEW_SHARED_FAQ;DIFFERENTIATE_MAIN_CONTENT;REWRITE_FOR_CUSTOMER
/entruempelung-abensberg,/wohnungsaufloesung-grafenwoehr,service,service,0.167,0.600,1.000,0.984,0,9,no,HIGH_OVERLAP,REVIEW_SHARED_FAQ;DIFFERENTIATE_MAIN_CONTENT;REWRITE_FOR_CUSTOMER
/entruempelung-abensberg,/wohnungsaufloesung-guenzburg,service,service,0.143,0.600,1.000,0.903,0,6,no,HIGH_OVERLAP,REVIEW_SHARED_FAQ;DIFFERENTIATE_MAIN_CONTENT;REWRITE_FOR_CUSTOMER
/entruempelung-abensberg,/wohnungsaufloesung-hagelstadt,service,service,0.143,0.600,1.000,0.984,0,9,no,HIGH_OVERLAP,REVIEW_SHARED_FAQ;DIFFERENTIATE_MAIN_CONTENT;REWRITE_FOR_CUSTOMER
/entruempelung-abensberg,/wohnungsaufloesung-hausen,service,service,0.143,0.600,1.000,0.984,0,9,no,HIGH_OVERLAP,REVIEW_SHARED_FAQ;DIFFERENTIATE_MAIN_CONTENT;REWRITE_FOR_CUSTOMER
/entruempelung-abensberg,/wohnungsaufloesung-hemau,service,service,0.143,0.600,1.000,0.984,0,9,no,HIGH_OVERLAP,REVIEW_SHARED_FAQ;DIFFERENTIATE_MAIN_CONTENT;REWRITE_FOR_CUSTOMER
/entruempelung-abensberg,/wohnungsaufloesung-herzogenaurach,service,service,0.167,0.600,1.000,0.984,0,9,no,HIGH_OVERLAP,REVIEW_SHARED_FAQ;DIFFERENTIATE_MAIN_CONTENT;REWRITE_FOR_CUSTOMER
/entruempelung-abensberg,/wohnungsaufloesung-hirschau,service,service,0.143,0.600,1.000,0.984,0,9,no,HIGH_OVERLAP,REVIEW_SHARED_FAQ;DIFFERENTIATE_MAIN_CONTENT;REWRITE_FOR_CUSTOMER
/entruempelung-abensberg,/wohnungsaufloesung-hohenfels,service,service,0.143,0.600,1.000,0.984,0,9,no,HIGH_OVERLAP,REVIEW_SHARED_FAQ;DIFFERENTIATE_MAIN_CONTENT;REWRITE_FOR_CUSTOMER
/entruempelung-abensberg,/wohnungsaufloesung-holzheim-am-forst,service,service,0.143,0.600,1.000,0.984,0,9,no,HIGH_OVERLAP,REVIEW_SHARED_FAQ;DIFFERENTIATE_MAIN_CONTENT;REWRITE_FOR_CUSTOMER
/entruempelung-abensberg,/wohnungsaufloesung-ingolstadt,service,service,0.125,0.600,1.000,0.892,0,6,no,HIGH_OVERLAP,REVIEW_SHARED_FAQ;DIFFERENTIATE_MAIN_CONTENT;REWRITE_FOR_CUSTOMER
/entruempelung-abensberg,/wohnungsaufloesung-kallmuenz,service,service,0.143,0.600,1.000,0.984,0,9,no,HIGH_OVERLAP,REVIEW_SHARED_FAQ;DIFFERENTIATE_MAIN_CONTENT;REWRITE_FOR_CUSTOMER
/entruempelung-abensberg,/wohnungsaufloesung-kelheim,service,service,0.143,0.600,1.000,0.984,0,9,no,HIGH_OVERLAP,REVIEW_SHARED_FAQ;DIFFERENTIATE_MAIN_CONTENT;REWRITE_FOR_CUSTOMER
/entruempelung-abensberg,/wohnungsaufloesung-kissing,service,service,0.143,0.600,1.000,0.984,0,9,no,HIGH_OVERLAP,REVIEW_SHARED_FAQ;DIFFERENTIATE_MAIN_CONTENT;REWRITE_FOR_CUSTOMER
/entruempelung-abensberg,/wohnungsaufloesung-koefering,service,service,0.143,0.600,1.000,0.984,0,9,no,HIGH_OVERLAP,REVIEW_SHARED_FAQ;DIFFERENTIATE_MAIN_CONTENT;REWRITE_FOR_CUSTOMER
/entruempelung-abensberg,/wohnungsaufloesung-koenigsbrunn,service,service,0.125,0.600,1.000,0.984,0,9,no,HIGH_OVERLAP,REVIEW_SHARED_FAQ;DIFFERENTIATE_MAIN_CONTENT;REWRITE_FOR_CUSTOMER
/entruempelung-abensberg,/wohnungsaufloesung-koetzting,service,service,0.125,0.600,1.000,0.984,0,9,no,HIGH_OVERLAP,REVIEW_SHARED_FAQ;DIFFERENTIATE_MAIN_CONTENT;REWRITE_FOR_CUSTOMER
/entruempelung-abensberg,/wohnungsaufloesung-laaber,service,service,0.143,0.600,1.000,0.984,0,9,no,HIGH_OVERLAP,REVIEW_SHARED_FAQ;DIFFERENTIATE_MAIN_CONTENT;REWRITE_FOR_CUSTOMER
/entruempelung-abensberg,/wohnungsaufloesung-landau-an-der-isar,service,service,0.125,0.600,1.000,0.984,0,9,no,HIGH_OVERLAP,REVIEW_SHARED_FAQ;DIFFERENTIATE_MAIN_CONTENT;REWRITE_FOR_CUSTOMER
/entruempelung-abensberg,/wohnungsaufloesung-landsberg-am-lech,service,service,0.167,0.600,1.000,0.984,0,9,no,HIGH_OVERLAP,REVIEW_SHARED_FAQ;DIFFERENTIATE_MAIN_CONTENT;REWRITE_FOR_CUSTOMER
/entruempelung-abensberg,/wohnungsaufloesung-landshut,service,service,0.143,0.600,1.000,0.912,0,6,no,HIGH_OVERLAP,REVIEW_SHARED_FAQ;DIFFERENTIATE_MAIN_CONTENT;REWRITE_FOR_CUSTOMER
/entruempelung-abensberg,/wohnungsaufloesung-langquaid,service,service,0.167,0.600,1.000,0.984,0,9,no,HIGH_OVERLAP,REVIEW_SHARED_FAQ;DIFFERENTIATE_MAIN_CONTENT;REWRITE_FOR_CUSTOMER
/entruempelung-abensberg,/wohnungsaufloesung-lappersdorf,service,service,0.143,0.600,1.000,0.984,0,9,no,HIGH_OVERLAP,REVIEW_SHARED_FAQ;DIFFERENTIATE_MAIN_CONTENT;REWRITE_FOR_CUSTOMER
/entruempelung-abensberg,/wohnungsaufloesung-lauf-an-der-pegnitz,service,service,0.167,0.600,1.000,0.984,0,9,no,HIGH_OVERLAP,REVIEW_SHARED_FAQ;DIFFERENTIATE_MAIN_CONTENT;REWRITE_FOR_CUSTOMER
/entruempelung-abensberg,/wohnungsaufloesung-lupburg,service,service,0.143,0.600,1.000,0.984,0,9,no,HIGH_OVERLAP,REVIEW_SHARED_FAQ;DIFFERENTIATE_MAIN_CONTENT;REWRITE_FOR_CUSTOMER
/entruempelung-abensberg,/wohnungsaufloesung-mainburg,service,service,0.125,0.600,1.000,0.984,0,9,no,HIGH_OVERLAP,REVIEW_SHARED_FAQ;DIFFERENTIATE_MAIN_CONTENT;REWRITE_FOR_CUSTOMER
/entruempelung-abensberg,/wohnungsaufloesung-mallersdorf-pfaffenberg,service,service,0.143,0.600,1.000,0.984,0,9,no,HIGH_OVERLAP,REVIEW_SHARED_FAQ;DIFFERENTIATE_MAIN_CONTENT;REWRITE_FOR_CUSTOMER
/entruempelung-abensberg,/wohnungsaufloesung-mammendorf,service,service,0.143,0.600,1.000,0.984,0,9,no,HIGH_OVERLAP,REVIEW_SHARED_FAQ;DIFFERENTIATE_MAIN_CONTENT;REWRITE_FOR_CUSTOMER
/entruempelung-abensberg,/wohnungsaufloesung-maxhuette-haidhof,service,service,0.143,0.600,1.000,0.984,0,9,no,HIGH_OVERLAP,REVIEW_SHARED_FAQ;DIFFERENTIATE_MAIN_CONTENT;REWRITE_FOR_CUSTOMER
/entruempelung-abensberg,/wohnungsaufloesung-mering,service,service,0.143,0.600,1.000,0.984,0,9,no,HIGH_OVERLAP,REVIEW_SHARED_FAQ;DIFFERENTIATE_MAIN_CONTENT;REWRITE_FOR_CUSTOMER
/entruempelung-abensberg,/wohnungsaufloesung-mintraching,service,service,0.143,0.600,1.000,0.984,0,9,no,HIGH_OVERLAP,REVIEW_SHARED_FAQ;DIFFERENTIATE_MAIN_CONTENT;REWRITE_FOR_CUSTOMER
/entruempelung-abensberg,/wohnungsaufloesung-moetzing,service,service,0.125,0.600,1.000,0.984,0,9,no,HIGH_OVERLAP,REVIEW_SHARED_FAQ;DIFFERENTIATE_MAIN_CONTENT;REWRITE_FOR_CUSTOMER
/entruempelung-abensberg,/wohnungsaufloesung-moosburg,service,service,0.167,0.600,1.000,0.984,0,9,no,HIGH_OVERLAP,REVIEW_SHARED_FAQ;DIFFERENTIATE_MAIN_CONTENT;REWRITE_FOR_CUSTOMER
/entruempelung-abensberg,/wohnungsaufloesung-muenchen,service,service,0.143,0.600,1.000,0.964,0,9,no,HIGH_OVERLAP,REVIEW_SHARED_FAQ;DIFFERENTIATE_MAIN_CONTENT;REWRITE_FOR_CUSTOMER
/entruempelung-abensberg,/wohnungsaufloesung-nabburg,service,service,0.143,0.600,1.000,0.984,0,9,no,HIGH_OVERLAP,REVIEW_SHARED_FAQ;DIFFERENTIATE_MAIN_CONTENT;REWRITE_FOR_CUSTOMER
/entruempelung-abensberg,/wohnungsaufloesung-neu-ulm,service,service,0.143,0.600,1.000,0.984,0,9,no,HIGH_OVERLAP,REVIEW_SHARED_FAQ;DIFFERENTIATE_MAIN_CONTENT;REWRITE_FOR_CUSTOMER
/entruempelung-abensberg,/wohnungsaufloesung-neufahrn-in-niederbayern,service,service,0.143,0.600,1.000,0.984,0,9,no,HIGH_OVERLAP,REVIEW_SHARED_FAQ;DIFFERENTIATE_MAIN_CONTENT;REWRITE_FOR_CUSTOMER
/entruempelung-abensberg,/wohnungsaufloesung-neumarkt,service,service,0.125,0.600,1.000,0.904,0,6,no,HIGH_OVERLAP,REVIEW_SHARED_FAQ;DIFFERENTIATE_MAIN_CONTENT;REWRITE_FOR_CUSTOMER
/entruempelung-abensberg,/wohnungsaufloesung-neunburg-vorm-wald,service,service,0.167,0.600,1.000,0.984,0,9,no,HIGH_OVERLAP,REVIEW_SHARED_FAQ;DIFFERENTIATE_MAIN_CONTENT;REWRITE_FOR_CUSTOMER
/entruempelung-abensberg,/wohnungsaufloesung-neusaess,service,service,0.125,0.600,1.000,0.984,0,9,no,HIGH_OVERLAP,REVIEW_SHARED_FAQ;DIFFERENTIATE_MAIN_CONTENT;REWRITE_FOR_CUSTOMER
/entruempelung-abensberg,/wohnungsaufloesung-neustadt-an-der-donau,service,service,0.167,0.600,1.000,0.984,0,9,no,HIGH_OVERLAP,REVIEW_SHARED_FAQ;DIFFERENTIATE_MAIN_CONTENT;REWRITE_FOR_CUSTOMER
/entruempelung-abensberg,/wohnungsaufloesung-neustadt-an-der-waldnaab,service,service,0.143,0.600,1.000,0.984,0,9,no,HIGH_OVERLAP,REVIEW_SHARED_FAQ;DIFFERENTIATE_MAIN_CONTENT;REWRITE_FOR_CUSTOMER
/entruempelung-abensberg,/wohnungsaufloesung-neutraubling,service,service,0.143,0.600,1.000,0.984,0,9,no,HIGH_OVERLAP,REVIEW_SHARED_FAQ;DIFFERENTIATE_MAIN_CONTENT;REWRITE_FOR_CUSTOMER
/entruempelung-abensberg,/wohnungsaufloesung-nittenau,service,service,0.143,0.600,1.000,0.984,0,9,no,HIGH_OVERLAP,REVIEW_SHARED_FAQ;DIFFERENTIATE_MAIN_CONTENT;REWRITE_FOR_CUSTOMER
/entruempelung-abensberg,/wohnungsaufloesung-nittendorf,service,service,0.143,0.600,1.000,0.984,0,9,no,HIGH_OVERLAP,REVIEW_SHARED_FAQ;DIFFERENTIATE_MAIN_CONTENT;REWRITE_FOR_CUSTOMER
/entruempelung-abensberg,/wohnungsaufloesung-nuernberg,service,service,0.167,0.600,1.000,0.895,0,9,no,HIGH_OVERLAP,REVIEW_SHARED_FAQ;DIFFERENTIATE_MAIN_CONTENT;REWRITE_FOR_CUSTOMER
/entruempelung-abensberg,/wohnungsaufloesung-oberasbach,service,service,0.167,0.600,1.000,0.984,0,9,no,HIGH_OVERLAP,REVIEW_SHARED_FAQ;DIFFERENTIATE_MAIN_CONTENT;REWRITE_FOR_CUSTOMER
/entruempelung-abensberg,/wohnungsaufloesung-obertraubling,service,service,0.167,0.600,1.000,0.984,0,9,no,HIGH_OVERLAP,REVIEW_SHARED_FAQ;DIFFERENTIATE_MAIN_CONTENT;REWRITE_FOR_CUSTOMER
/entruempelung-abensberg,/wohnungsaufloesung-oberviechtach,service,service,0.125,0.600,1.000,0.984,0,9,no,HIGH_OVERLAP,REVIEW_SHARED_FAQ;DIFFERENTIATE_MAIN_CONTENT;REWRITE_FOR_CUSTOMER
/entruempelung-abensberg,/wohnungsaufloesung-olching,service,service,0.143,0.600,1.000,0.984,0,9,no,HIGH_OVERLAP,REVIEW_SHARED_FAQ;DIFFERENTIATE_MAIN_CONTENT;REWRITE_FOR_CUSTOMER
/entruempelung-abensberg,/wohnungsaufloesung-osterhofen,service,service,0.143,0.600,1.000,0.984,0,9,no,HIGH_OVERLAP,REVIEW_SHARED_FAQ;DIFFERENTIATE_MAIN_CONTENT;REWRITE_FOR_CUSTOMER
/entruempelung-abensberg,/wohnungsaufloesung-painten,service,service,0.143,0.600,1.000,0.984,0,9,no,HIGH_OVERLAP,REVIEW_SHARED_FAQ;DIFFERENTIATE_MAIN_CONTENT;REWRITE_FOR_CUSTOMER
/entruempelung-abensberg,/wohnungsaufloesung-parsberg,service,service,0.167,0.600,1.000,0.984,0,9,no,HIGH_OVERLAP,REVIEW_SHARED_FAQ;DIFFERENTIATE_MAIN_CONTENT;REWRITE_FOR_CUSTOMER
/entruempelung-abensberg,/wohnungsaufloesung-passau,service,service,0.125,0.600,1.000,0.912,0,6,no,HIGH_OVERLAP,REVIEW_SHARED_FAQ;DIFFERENTIATE_MAIN_CONTENT;REWRITE_FOR_CUSTOMER
/entruempelung-abensberg,/wohnungsaufloesung-pentling,service,service,0.125,0.600,1.000,0.984,0,9,no,HIGH_OVERLAP,REVIEW_SHARED_FAQ;DIFFERENTIATE_MAIN_CONTENT;REWRITE_FOR_CUSTOMER
/entruempelung-abensberg,/wohnungsaufloesung-pettendorf,service,service,0.125,0.600,1.000,0.984,0,9,no,HIGH_OVERLAP,REVIEW_SHARED_FAQ;DIFFERENTIATE_MAIN_CONTENT;REWRITE_FOR_CUSTOMER
/entruempelung-abensberg,/wohnungsaufloesung-pfaffenhofen,service,service,0.143,0.600,1.000,0.984,0,9,no,HIGH_OVERLAP,REVIEW_SHARED_FAQ;DIFFERENTIATE_MAIN_CONTENT;REWRITE_FOR_CUSTOMER
/entruempelung-abensberg,/wohnungsaufloesung-pfarrkirchen,service,service,0.143,0.600,1.000,0.984,0,9,no,HIGH_OVERLAP,REVIEW_SHARED_FAQ;DIFFERENTIATE_MAIN_CONTENT;REWRITE_FOR_CUSTOMER
/entruempelung-abensberg,/wohnungsaufloesung-pfatter,service,service,0.143,0.600,1.000,0.984,0,9,no,HIGH_OVERLAP,REVIEW_SHARED_FAQ;DIFFERENTIATE_MAIN_CONTENT;REWRITE_FOR_CUSTOMER
/entruempelung-abensberg,/wohnungsaufloesung-pfeffenhausen,service,service,0.143,0.600,1.000,0.984,0,9,no,HIGH_OVERLAP,REVIEW_SHARED_FAQ;DIFFERENTIATE_MAIN_CONTENT;REWRITE_FOR_CUSTOMER
/entruempelung-abensberg,/wohnungsaufloesung-pfreimd,service,service,0.143,0.600,1.000,0.984,0,9,no,HIGH_OVERLAP,REVIEW_SHARED_FAQ;DIFFERENTIATE_MAIN_CONTENT;REWRITE_FOR_CUSTOMER
/entruempelung-abensberg,/wohnungsaufloesung-pielenhofen,service,service,0.143,0.600,1.000,0.984,0,9,no,HIGH_OVERLAP,REVIEW_SHARED_FAQ;DIFFERENTIATE_MAIN_CONTENT;REWRITE_FOR_CUSTOMER
/entruempelung-abensberg,/wohnungsaufloesung-plattling,service,service,0.143,0.600,1.000,0.984,0,9,no,HIGH_OVERLAP,REVIEW_SHARED_FAQ;DIFFERENTIATE_MAIN_CONTENT;REWRITE_FOR_CUSTOMER
/entruempelung-abensberg,/wohnungsaufloesung-pocking,service,service,0.143,0.600,1.000,0.984,0,9,no,HIGH_OVERLAP,REVIEW_SHARED_FAQ;DIFFERENTIATE_MAIN_CONTENT;REWRITE_FOR_CUSTOMER
/entruempelung-abensberg,/wohnungsaufloesung-postbauer-heng,service,service,0.143,0.600,1.000,0.984,0,9,no,HIGH_OVERLAP,REVIEW_SHARED_FAQ;DIFFERENTIATE_MAIN_CONTENT;REWRITE_FOR_CUSTOMER
/entruempelung-abensberg,/wohnungsaufloesung-regen,service,service,0.125,0.600,1.000,0.984,0,9,no,HIGH_OVERLAP,REVIEW_SHARED_FAQ;DIFFERENTIATE_MAIN_CONTENT;REWRITE_FOR_CUSTOMER
/entruempelung-abensberg,/wohnungsaufloesung-regenstauf,service,service,0.143,0.600,1.000,0.984,0,9,no,HIGH_OVERLAP,REVIEW_SHARED_FAQ;DIFFERENTIATE_MAIN_CONTENT;REWRITE_FOR_CUSTOMER
/entruempelung-abensberg,/wohnungsaufloesung-riedenburg,service,service,0.143,0.600,1.000,0.984,0,9,no,HIGH_OVERLAP,REVIEW_SHARED_FAQ;DIFFERENTIATE_MAIN_CONTENT;REWRITE_FOR_CUSTOMER
/entruempelung-abensberg,/wohnungsaufloesung-riekofen,service,service,0.125,0.600,1.000,0.984,0,9,no,HIGH_OVERLAP,REVIEW_SHARED_FAQ;DIFFERENTIATE_MAIN_CONTENT;REWRITE_FOR_CUSTOMER
/entruempelung-abensberg,/wohnungsaufloesung-roding,service,service,0.143,0.600,1.000,0.984,0,9,no,HIGH_OVERLAP,REVIEW_SHARED_FAQ;DIFFERENTIATE_MAIN_CONTENT;REWRITE_FOR_CUSTOMER
/entruempelung-abensberg,/wohnungsaufloesung-rosenheim,service,service,0.143,0.600,1.000,0.892,0,6,no,HIGH_OVERLAP,REVIEW_SHARED_FAQ;DIFFERENTIATE_MAIN_CONTENT;REWRITE_FOR_CUSTOMER
/entruempelung-abensberg,/wohnungsaufloesung-roth,service,service,0.125,0.600,1.000,0.984,0,9,no,HIGH_OVERLAP,REVIEW_SHARED_FAQ;DIFFERENTIATE_MAIN_CONTENT;REWRITE_FOR_CUSTOMER
/entruempelung-abensberg,/wohnungsaufloesung-rottenburg-an-der-laaber,service,service,0.143,0.600,1.000,0.984,0,9,no,HIGH_OVERLAP,REVIEW_SHARED_FAQ;DIFFERENTIATE_MAIN_CONTENT;REWRITE_FOR_CUSTOMER
/entruempelung-abensberg,/wohnungsaufloesung-saal-an-der-donau,service,service,0.143,0.600,1.000,0.984,0,9,no,HIGH_OVERLAP,REVIEW_SHARED_FAQ;DIFFERENTIATE_MAIN_CONTENT;REWRITE_FOR_CUSTOMER
/entruempelung-abensberg,/wohnungsaufloesung-schierling,service,service,0.143,0.600,1.000,0.984,0,9,no,HIGH_OVERLAP,REVIEW_SHARED_FAQ;DIFFERENTIATE_MAIN_CONTENT;REWRITE_FOR_CUSTOMER
/entruempelung-abensberg,/wohnungsaufloesung-schnaittenbach,service,service,0.143,0.600,1.000,0.984,0,9,no,HIGH_OVERLAP,REVIEW_SHARED_FAQ;DIFFERENTIATE_MAIN_CONTENT;REWRITE_FOR_CUSTOMER
/entruempelung-abensberg,/wohnungsaufloesung-schwabach,service,service,0.167,0.600,1.000,0.984,0,9,no,HIGH_OVERLAP,REVIEW_SHARED_FAQ;DIFFERENTIATE_MAIN_CONTENT;REWRITE_FOR_CUSTOMER
/entruempelung-abensberg,/wohnungsaufloesung-schwandorf,service,service,0.143,0.600,1.000,0.904,0,6,no,HIGH_OVERLAP,REVIEW_SHARED_FAQ;DIFFERENTIATE_MAIN_CONTENT;REWRITE_FOR_CUSTOMER
/entruempelung-abensberg,/wohnungsaufloesung-schwarzenfeld,service,service,0.167,0.600,1.000,0.984,0,9,no,HIGH_OVERLAP,REVIEW_SHARED_FAQ;DIFFERENTIATE_MAIN_CONTENT;REWRITE_FOR_CUSTOMER
/entruempelung-abensberg,/wohnungsaufloesung-schweinfurt,service,service,0.143,0.600,1.000,0.984,0,9,no,HIGH_OVERLAP,REVIEW_SHARED_FAQ;DIFFERENTIATE_MAIN_CONTENT;REWRITE_FOR_CUSTOMER
/entruempelung-abensberg,/wohnungsaufloesung-seubersdorf,service,service,0.167,0.600,1.000,0.984,0,9,no,HIGH_OVERLAP,REVIEW_SHARED_FAQ;DIFFERENTIATE_MAIN_CONTENT;REWRITE_FOR_CUSTOMER
/entruempelung-abensberg,/wohnungsaufloesung-simbach-am-inn,service,service,0.167,0.600,1.000,0.984,0,9,no,HIGH_OVERLAP,REVIEW_SHARED_FAQ;DIFFERENTIATE_MAIN_CONTENT;REWRITE_FOR_CUSTOMER
/entruempelung-abensberg,/wohnungsaufloesung-sinzing,service,service,0.143,0.600,1.000,0.984,0,9,no,HIGH_OVERLAP,REVIEW_SHARED_FAQ;DIFFERENTIATE_MAIN_CONTENT;REWRITE_FOR_CUSTOMER
/entruempelung-abensberg,/wohnungsaufloesung-starnberg,service,service,0.143,0.600,1.000,0.892,0,6,no,HIGH_OVERLAP,REVIEW_SHARED_FAQ;DIFFERENTIATE_MAIN_CONTENT;REWRITE_FOR_CUSTOMER
/entruempelung-abensberg,/wohnungsaufloesung-steinberg-am-see,service,service,0.167,0.600,1.000,0.984,0,9,no,HIGH_OVERLAP,REVIEW_SHARED_FAQ;DIFFERENTIATE_MAIN_CONTENT;REWRITE_FOR_CUSTOMER
/entruempelung-abensberg,/wohnungsaufloesung-straubing,service,service,0.125,0.600,1.000,0.912,0,6,no,HIGH_OVERLAP,REVIEW_SHARED_FAQ;DIFFERENTIATE_MAIN_CONTENT;REWRITE_FOR_CUSTOMER
/entruempelung-abensberg,/wohnungsaufloesung-suenching,service,service,0.167,0.600,1.000,0.984,0,9,no,HIGH_OVERLAP,REVIEW_SHARED_FAQ;DIFFERENTIATE_MAIN_CONTENT;REWRITE_FOR_CUSTOMER
/entruempelung-abensberg,/wohnungsaufloesung-sulzbach-rosenberg,service,service,0.167,0.600,1.000,0.984,0,9,no,HIGH_OVERLAP,REVIEW_SHARED_FAQ;DIFFERENTIATE_MAIN_CONTENT;REWRITE_FOR_CUSTOMER
/entruempelung-abensberg,/wohnungsaufloesung-tegernheim,service,service,0.143,0.600,1.000,0.984,0,9,no,HIGH_OVERLAP,REVIEW_SHARED_FAQ;DIFFERENTIATE_MAIN_CONTENT;REWRITE_FOR_CUSTOMER
/entruempelung-abensberg,/wohnungsaufloesung-teublitz,service,service,0.125,0.600,1.000,0.984,0,9,no,HIGH_OVERLAP,REVIEW_SHARED_FAQ;DIFFERENTIATE_MAIN_CONTENT;REWRITE_FOR_CUSTOMER
/entruempelung-abensberg,/wohnungsaufloesung-thalmassing,service,service,0.143,0.600,1.000,0.984,0,9,no,HIGH_OVERLAP,REVIEW_SHARED_FAQ;DIFFERENTIATE_MAIN_CONTENT;REWRITE_FOR_CUSTOMER
/entruempelung-abensberg,/wohnungsaufloesung-tirschenreuth,service,service,0.167,0.600,1.000,0.984,0,9,no,HIGH_OVERLAP,REVIEW_SHARED_FAQ;DIFFERENTIATE_MAIN_CONTENT;REWRITE_FOR_CUSTOMER
/entruempelung-abensberg,/wohnungsaufloesung-unterhaching,service,service,0.143,0.600,1.000,0.984,0,9,no,HIGH_OVERLAP,REVIEW_SHARED_FAQ;DIFFERENTIATE_MAIN_CONTENT;REWRITE_FOR_CUSTOMER
/entruempelung-abensberg,/wohnungsaufloesung-velburg,service,service,0.125,0.600,1.000,0.984,0,9,no,HIGH_OVERLAP,REVIEW_SHARED_FAQ;DIFFERENTIATE_MAIN_CONTENT;REWRITE_FOR_CUSTOMER
/entruempelung-abensberg,/wohnungsaufloesung-viechtach,service,service,0.125,0.600,1.000,0.984,0,9,no,HIGH_OVERLAP,REVIEW_SHARED_FAQ;DIFFERENTIATE_MAIN_CONTENT;REWRITE_FOR_CUSTOMER
/entruempelung-abensberg,/wohnungsaufloesung-vilsbiburg,service,service,0.125,0.600,1.000,0.984,0,9,no,HIGH_OVERLAP,REVIEW_SHARED_FAQ;DIFFERENTIATE_MAIN_CONTENT;REWRITE_FOR_CUSTOMER
/entruempelung-abensberg,/wohnungsaufloesung-vilseck,service,service,0.143,0.600,1.000,0.984,0,9,no,HIGH_OVERLAP,REVIEW_SHARED_FAQ;DIFFERENTIATE_MAIN_CONTENT;REWRITE_FOR_CUSTOMER
/entruempelung-abensberg,/wohnungsaufloesung-vilshofen,service,service,0.167,0.600,1.000,0.984,0,9,no,HIGH_OVERLAP,REVIEW_SHARED_FAQ;DIFFERENTIATE_MAIN_CONTENT;REWRITE_FOR_CUSTOMER
/entruempelung-abensberg,/wohnungsaufloesung-vohburg,service,service,0.143,0.600,1.000,0.984,0,9,no,HIGH_OVERLAP,REVIEW_SHARED_FAQ;DIFFERENTIATE_MAIN_CONTENT;REWRITE_FOR_CUSTOMER
/entruempelung-abensberg,/wohnungsaufloesung-vohenstrauss,service,service,0.125,0.600,1.000,0.984,0,9,no,HIGH_OVERLAP,REVIEW_SHARED_FAQ;DIFFERENTIATE_MAIN_CONTENT;REWRITE_FOR_CUSTOMER
/entruempelung-abensberg,/wohnungsaufloesung-wackersdorf,service,service,0.143,0.600,1.000,0.984,0,9,no,HIGH_OVERLAP,REVIEW_SHARED_FAQ;DIFFERENTIATE_MAIN_CONTENT;REWRITE_FOR_CUSTOMER
/entruempelung-abensberg,/wohnungsaufloesung-waldkirchen,service,service,0.143,0.600,1.000,0.984,0,9,no,HIGH_OVERLAP,REVIEW_SHARED_FAQ;DIFFERENTIATE_MAIN_CONTENT;REWRITE_FOR_CUSTOMER
/entruempelung-abensberg,/wohnungsaufloesung-waldmuenchen,service,service,0.125,0.600,1.000,0.892,0,6,no,HIGH_OVERLAP,REVIEW_SHARED_FAQ;DIFFERENTIATE_MAIN_CONTENT;REWRITE_FOR_CUSTOMER
/entruempelung-abensberg,/wohnungsaufloesung-weiden,service,service,0.167,0.600,1.000,0.904,0,6,no,HIGH_OVERLAP,REVIEW_SHARED_FAQ;DIFFERENTIATE_MAIN_CONTENT;REWRITE_FOR_CUSTOMER
/entruempelung-abensberg,/wohnungsaufloesung-weilheim-in-oberbayern,service,service,0.143,0.600,1.000,0.984,0,9,no,HIGH_OVERLAP,REVIEW_SHARED_FAQ;DIFFERENTIATE_MAIN_CONTENT;REWRITE_FOR_CUSTOMER
/entruempelung-abensberg,/wohnungsaufloesung-wendelstein,service,service,0.167,0.600,1.000,0.984,0,9,no,HIGH_OVERLAP,REVIEW_SHARED_FAQ;DIFFERENTIATE_MAIN_CONTENT;REWRITE_FOR_CUSTOMER
/entruempelung-abensberg,/wohnungsaufloesung-wenzenbach,service,service,0.143,0.600,1.000,0.984,0,9,no,HIGH_OVERLAP,REVIEW_SHARED_FAQ;DIFFERENTIATE_MAIN_CONTENT;REWRITE_FOR_CUSTOMER
/entruempelung-abensberg,/wohnungsaufloesung-wernberg-koeblitz,service,service,0.143,0.600,1.000,0.984,0,9,no,HIGH_OVERLAP,REVIEW_SHARED_FAQ;DIFFERENTIATE_MAIN_CONTENT;REWRITE_FOR_CUSTOMER
/entruempelung-abensberg,/wohnungsaufloesung-wiesent,service,service,0.143,0.600,1.000,0.984,0,9,no,HIGH_OVERLAP,REVIEW_SHARED_FAQ;DIFFERENTIATE_MAIN_CONTENT;REWRITE_FOR_CUSTOMER
/entruempelung-abensberg,/wohnungsaufloesung-windischeschenbach,service,service,0.143,0.600,1.000,0.984,0,9,no,HIGH_OVERLAP,REVIEW_SHARED_FAQ;DIFFERENTIATE_MAIN_CONTENT;REWRITE_FOR_CUSTOMER
/entruempelung-abensberg,/wohnungsaufloesung-woerth-an-der-donau,service,service,0.143,0.600,1.000,0.984,0,9,no,HIGH_OVERLAP,REVIEW_SHARED_FAQ;DIFFERENTIATE_MAIN_CONTENT;REWRITE_FOR_CUSTOMER
/entruempelung-abensberg,/wohnungsaufloesung-wolfsegg,service,service,0.143,0.600,1.000,0.984,0,9,no,HIGH_OVERLAP,REVIEW_SHARED_FAQ;DIFFERENTIATE_MAIN_CONTENT;REWRITE_FOR_CUSTOMER
/entruempelung-abensberg,/wohnungsaufloesung-wolnzach,service,service,0.167,0.600,1.000,0.984,0,9,no,HIGH_OVERLAP,REVIEW_SHARED_FAQ;DIFFERENTIATE_MAIN_CONTENT;REWRITE_FOR_CUSTOMER
/entruempelung-abensberg,/wohnungsaufloesung-zeitlarn,service,service,0.143,0.600,1.000,0.984,0,9,no,HIGH_OVERLAP,REVIEW_SHARED_FAQ;DIFFERENTIATE_MAIN_CONTENT;REWRITE_FOR_CUSTOMER
/entruempelung-abensberg,/wohnungsaufloesung-zirndorf,service,service,0.167,0.600,1.000,0.984,0,9,no,HIGH_OVERLAP,REVIEW_SHARED_FAQ;DIFFERENTIATE_MAIN_CONTENT;REWRITE_FOR_CUSTOMER
/entruempelung-abensberg,/wohnungsaufloesung-zwiesel,service,service,0.125,0.600,1.000,0.984,0,9,no,HIGH_OVERLAP,REVIEW_SHARED_FAQ;DIFFERENTIATE_MAIN_CONTENT;REWRITE_FOR_CUSTOMER
/entruempelung-altdorf-bei-nuernberg,/entruempelung-alteglofsheim,service,service,0.125,1.000,1.000,1.000,0,9,no,HIGH_OVERLAP,REVIEW_SHARED_FAQ;DIFFERENTIATE_MAIN_CONTENT;REWRITE_FOR_CUSTOMER
/entruempelung-altdorf-bei-nuernberg,/entruempelung-altenthann,service,service,0.143,1.000,1.000,1.000,0,9,no,HIGH_OVERLAP,REVIEW_SHARED_FAQ;DIFFERENTIATE_MAIN_CONTENT;REWRITE_FOR_CUSTOMER
/entruempelung-altdorf-bei-nuernberg,/entruempelung-amberg,service,service,1.000,1.000,1.000,0.899,0,6,no,HIGH_OVERLAP,REVIEW_SHARED_FAQ;DIFFERENTIATE_MAIN_CONTENT;REWRITE_FOR_CUSTOMER
/entruempelung-altdorf-bei-nuernberg,/entruempelung-ansbach,service,service,1.000,1.000,1.000,1.000,0,9,no,HIGH_OVERLAP,REVIEW_SHARED_FAQ;DIFFERENTIATE_MAIN_CONTENT;REWRITE_FOR_CUSTOMER
/entruempelung-altdorf-bei-nuernberg,/entruempelung-auerbach-in-der-oberpfalz,service,service,0.143,1.000,1.000,1.000,0,9,no,HIGH_OVERLAP,REVIEW_SHARED_FAQ;DIFFERENTIATE_MAIN_CONTENT;REWRITE_FOR_CUSTOMER
/entruempelung-altdorf-bei-nuernberg,/entruempelung-aufhausen,service,service,1.000,1.000,1.000,1.000,0,9,no,HIGH_OVERLAP,REVIEW_SHARED_FAQ;DIFFERENTIATE_MAIN_CONTENT;REWRITE_FOR_CUSTOMER
/entruempelung-altdorf-bei-nuernberg,/entruempelung-augsburg,service,service,1.000,1.000,1.000,0.908,0,6,no,HIGH_OVERLAP,REVIEW_SHARED_FAQ;DIFFERENTIATE_MAIN_CONTENT;REWRITE_FOR_CUSTOMER
/entruempelung-alteglofsheim,/entruempelung-altenthann,service,service,0.125,1.000,1.000,1.000,0,9,no,HIGH_OVERLAP,REVIEW_SHARED_FAQ;DIFFERENTIATE_MAIN_CONTENT;REWRITE_FOR_CUSTOMER
/entruempelung-alteglofsheim,/entruempelung-amberg,service,service,0.125,1.000,1.000,0.899,0,6,no,HIGH_OVERLAP,REVIEW_SHARED_FAQ;DIFFERENTIATE_MAIN_CONTENT;REWRITE_FOR_CUSTOMER
/entruempelung-alteglofsheim,/entruempelung-ansbach,service,service,0.125,1.000,1.000,1.000,0,9,no,HIGH_OVERLAP,REVIEW_SHARED_FAQ;DIFFERENTIATE_MAIN_CONTENT;REWRITE_FOR_CUSTOMER
/entruempelung-alteglofsheim,/entruempelung-auerbach-in-der-oberpfalz,service,service,0.125,1.000,1.000,1.000,0,9,no,HIGH_OVERLAP,REVIEW_SHARED_FAQ;DIFFERENTIATE_MAIN_CONTENT;REWRITE_FOR_CUSTOMER
/entruempelung-alteglofsheim,/entruempelung-aufhausen,service,service,0.125,1.000,1.000,1.000,0,9,no,HIGH_OVERLAP,REVIEW_SHARED_FAQ;DIFFERENTIATE_MAIN_CONTENT;REWRITE_FOR_CUSTOMER
/entruempelung-alteglofsheim,/entruempelung-augsburg,service,service,0.125,1.000,1.000,0.908,0,6,no,HIGH_OVERLAP,REVIEW_SHARED_FAQ;DIFFERENTIATE_MAIN_CONTENT;REWRITE_FOR_CUSTOMER
/entruempelung-altenthann,/entruempelung-amberg,service,service,0.143,1.000,1.000,0.899,0,6,no,HIGH_OVERLAP,REVIEW_SHARED_FAQ;DIFFERENTIATE_MAIN_CONTENT;REWRITE_FOR_CUSTOMER
/entruempelung-altenthann,/entruempelung-ansbach,service,service,0.143,1.000,1.000,1.000,0,9,no,HIGH_OVERLAP,REVIEW_SHARED_FAQ;DIFFERENTIATE_MAIN_CONTENT;REWRITE_FOR_CUSTOMER
/entruempelung-altenthann,/entruempelung-auerbach-in-der-oberpfalz,service,service,1.000,1.000,1.000,1.000,0,9,no,HIGH_OVERLAP,REVIEW_SHARED_FAQ;DIFFERENTIATE_MAIN_CONTENT;REWRITE_FOR_CUSTOMER
/entruempelung-altenthann,/entruempelung-aufhausen,service,service,0.143,1.000,1.000,1.000,0,9,no,HIGH_OVERLAP,REVIEW_SHARED_FAQ;DIFFERENTIATE_MAIN_CONTENT;REWRITE_FOR_CUSTOMER
/entruempelung-altenthann,/entruempelung-augsburg,service,service,0.143,1.000,1.000,0.908,0,6,no,HIGH_OVERLAP,REVIEW_SHARED_FAQ;DIFFERENTIATE_MAIN_CONTENT;REWRITE_FOR_CUSTOMER
/entruempelung-amberg,/entruempelung-ansbach,service,service,1.000,1.000,1.000,0.899,0,6,no,HIGH_OVERLAP,REVIEW_SHARED_FAQ;DIFFERENTIATE_MAIN_CONTENT;REWRITE_FOR_CUSTOMER
/entruempelung-amberg,/entruempelung-auerbach-in-der-oberpfalz,service,service,0.143,1.000,1.000,0.899,0,6,no,HIGH_OVERLAP,REVIEW_SHARED_FAQ;DIFFERENTIATE_MAIN_CONTENT;REWRITE_FOR_CUSTOMER
/entruempelung-amberg,/entruempelung-aufhausen,service,service,1.000,1.000,1.000,0.899,0,6,no,HIGH_OVERLAP,REVIEW_SHARED_FAQ;DIFFERENTIATE_MAIN_CONTENT;REWRITE_FOR_CUSTOMER
/entruempelung-amberg,/entruempelung-augsburg,service,service,1.000,1.000,1.000,0.920,0,6,no,HIGH_OVERLAP,REVIEW_SHARED_FAQ;DIFFERENTIATE_MAIN_CONTENT;REWRITE_FOR_CUSTOMER
/entruempelung-ansbach,/entruempelung-auerbach-in-der-oberpfalz,service,service,0.143,1.000,1.000,1.000,0,9,no,HIGH_OVERLAP,REVIEW_SHARED_FAQ;DIFFERENTIATE_MAIN_CONTENT;REWRITE_FOR_CUSTOMER
/entruempelung-ansbach,/entruempelung-aufhausen,service,service,1.000,1.000,1.000,1.000,0,9,no,HIGH_OVERLAP,REVIEW_SHARED_FAQ;DIFFERENTIATE_MAIN_CONTENT;REWRITE_FOR_CUSTOMER
/entruempelung-ansbach,/entruempelung-augsburg,service,service,1.000,1.000,1.000,0.908,0,6,no,HIGH_OVERLAP,REVIEW_SHARED_FAQ;DIFFERENTIATE_MAIN_CONTENT;REWRITE_FOR_CUSTOMER
/entruempelung-auerbach-in-der-oberpfalz,/entruempelung-aufhausen,service,service,0.143,1.000,1.000,1.000,0,9,no,HIGH_OVERLAP,REVIEW_SHARED_FAQ;DIFFERENTIATE_MAIN_CONTENT;REWRITE_FOR_CUSTOMER
/entruempelung-auerbach-in-der-oberpfalz,/entruempelung-augsburg,service,service,0.143,1.000,1.000,0.908,0,6,no,HIGH_OVERLAP,REVIEW_SHARED_FAQ;DIFFERENTIATE_MAIN_CONTENT;REWRITE_FOR_CUSTOMER
/entruempelung-aufhausen,/entruempelung-augsburg,service,service,1.000,1.000,1.000,0.908,0,6,no,HIGH_OVERLAP,REVIEW_SHARED_FAQ;DIFFERENTIATE_MAIN_CONTENT;REWRITE_FOR_CUSTOMER
/entruempelung-bad-abbach,/entruempelung-bad-koetzting,service,service,0.143,1.000,1.000,1.000,0,9,no,HIGH_OVERLAP,REVIEW_SHARED_FAQ;DIFFERENTIATE_MAIN_CONTENT;REWRITE_FOR_CUSTOMER
/entruempelung-bad-abbach,/entruempelung-bad-toelz,service,service,0.286,1.000,1.000,1.000,0,9,no,HIGH_OVERLAP,REVIEW_SHARED_FAQ;DIFFERENTIATE_MAIN_CONTENT;REWRITE_FOR_CUSTOMER
/entruempelung-bad-abbach,/entruempelung-bamberg,service,service,0.143,1.000,1.000,0.927,0,6,no,HIGH_OVERLAP,REVIEW_SHARED_FAQ;DIFFERENTIATE_MAIN_CONTENT;REWRITE_FOR_CUSTOMER
/entruempelung-bad-abbach,/entruempelung-barbing,service,service,1.000,1.000,1.000,1.000,0,9,no,HIGH_OVERLAP,REVIEW_SHARED_FAQ;DIFFERENTIATE_MAIN_CONTENT;REWRITE_FOR_CUSTOMER
/entruempelung-bad-abbach,/entruempelung-bayreuth,service,service,0.143,1.000,1.000,0.927,0,6,no,HIGH_OVERLAP,REVIEW_SHARED_FAQ;DIFFERENTIATE_MAIN_CONTENT;REWRITE_FOR_CUSTOMER
/entruempelung-bad-abbach,/entruempelung-beilngries,service,service,0.143,1.000,1.000,1.000,0,9,no,HIGH_OVERLAP,REVIEW_SHARED_FAQ;DIFFERENTIATE_MAIN_CONTENT;REWRITE_FOR_CUSTOMER
/entruempelung-bad-abbach,/entruempelung-beratzhausen,service,service,0.143,1.000,1.000,1.000,0,9,no,HIGH_OVERLAP,REVIEW_SHARED_FAQ;DIFFERENTIATE_MAIN_CONTENT;REWRITE_FOR_CUSTOMER
/entruempelung-bad-koetzting,/entruempelung-bad-toelz,service,service,0.125,1.000,1.000,1.000,0,9,no,HIGH_OVERLAP,REVIEW_SHARED_FAQ;DIFFERENTIATE_MAIN_CONTENT;REWRITE_FOR_CUSTOMER
/entruempelung-bad-koetzting,/entruempelung-bamberg,service,service,0.143,1.000,1.000,0.927,0,6,no,HIGH_OVERLAP,REVIEW_SHARED_FAQ;DIFFERENTIATE_MAIN_CONTENT;REWRITE_FOR_CUSTOMER
/entruempelung-bad-koetzting,/entruempelung-barbing,service,service,0.143,1.000,1.000,1.000,0,9,no,HIGH_OVERLAP,REVIEW_SHARED_FAQ;DIFFERENTIATE_MAIN_CONTENT;REWRITE_FOR_CUSTOMER
/entruempelung-bad-koetzting,/entruempelung-bayreuth,service,service,0.143,1.000,1.000,0.927,0,6,no,HIGH_OVERLAP,REVIEW_SHARED_FAQ;DIFFERENTIATE_MAIN_CONTENT;REWRITE_FOR_CUSTOMER
/entruempelung-bad-koetzting,/entruempelung-beilngries,service,service,0.143,1.000,1.000,1.000,0,9,no,HIGH_OVERLAP,REVIEW_SHARED_FAQ;DIFFERENTIATE_MAIN_CONTENT;REWRITE_FOR_CUSTOMER
/entruempelung-bad-koetzting,/entruempelung-beratzhausen,service,service,0.143,1.000,1.000,1.000,0,9,no,HIGH_OVERLAP,REVIEW_SHARED_FAQ;DIFFERENTIATE_MAIN_CONTENT;REWRITE_FOR_CUSTOMER
/entruempelung-bad-toelz,/entruempelung-bamberg,service,service,0.125,1.000,1.000,0.927,0,6,no,HIGH_OVERLAP,REVIEW_SHARED_FAQ;DIFFERENTIATE_MAIN_CONTENT;REWRITE_FOR_CUSTOMER
/entruempelung-bad-toelz,/entruempelung-barbing,service,service,0.286,1.000,1.000,1.000,0,9,no,HIGH_OVERLAP,REVIEW_SHARED_FAQ;DIFFERENTIATE_MAIN_CONTENT;REWRITE_FOR_CUSTOMER
/entruempelung-bad-toelz,/entruempelung-bayreuth,service,service,0.125,1.000,1.000,0.927,0,6,no,HIGH_OVERLAP,REVIEW_SHARED_FAQ;DIFFERENTIATE_MAIN_CONTENT;REWRITE_FOR_CUSTOMER
/entruempelung-bad-toelz,/entruempelung-beilngries,service,service,0.125,1.000,1.000,1.000,0,9,no,HIGH_OVERLAP,REVIEW_SHARED_FAQ;DIFFERENTIATE_MAIN_CONTENT;REWRITE_FOR_CUSTOMER
/entruempelung-bad-toelz,/entruempelung-beratzhausen,service,service,0.125,1.000,1.000,1.000,0,9,no,HIGH_OVERLAP,REVIEW_SHARED_FAQ;DIFFERENTIATE_MAIN_CONTENT;REWRITE_FOR_CUSTOMER
/entruempelung-bamberg,/entruempelung-barbing,service,service,0.143,1.000,1.000,0.927,0,6,no,HIGH_OVERLAP,REVIEW_SHARED_FAQ;DIFFERENTIATE_MAIN_CONTENT;REWRITE_FOR_CUSTOMER
/entruempelung-bamberg,/entruempelung-bayreuth,service,service,1.000,1.000,1.000,1.000,0,9,no,HIGH_OVERLAP,REVIEW_SHARED_FAQ;DIFFERENTIATE_MAIN_CONTENT;REWRITE_FOR_CUSTOMER
/entruempelung-bamberg,/entruempelung-beilngries,service,service,1.000,1.000,1.000,0.927,0,6,no,HIGH_OVERLAP,REVIEW_SHARED_FAQ;DIFFERENTIATE_MAIN_CONTENT;REWRITE_FOR_CUSTOMER
/entruempelung-bamberg,/entruempelung-beratzhausen,service,service,1.000,1.000,1.000,0.927,0,6,no,HIGH_OVERLAP,REVIEW_SHARED_FAQ;DIFFERENTIATE_MAIN_CONTENT;REWRITE_FOR_CUSTOMER
/entruempelung-barbing,/entruempelung-bayreuth,service,service,0.143,1.000,1.000,0.927,0,6,no,HIGH_OVERLAP,REVIEW_SHARED_FAQ;DIFFERENTIATE_MAIN_CONTENT;REWRITE_FOR_CUSTOMER
/entruempelung-barbing,/entruempelung-beilngries,service,service,0.143,1.000,1.000,1.000,0,9,no,HIGH_OVERLAP,REVIEW_SHARED_FAQ;DIFFERENTIATE_MAIN_CONTENT;REWRITE_FOR_CUSTOMER
/entruempelung-barbing,/entruempelung-beratzhausen,service,service,0.143,1.000,1.000,1.000,0,9,no,HIGH_OVERLAP,REVIEW_SHARED_FAQ;DIFFERENTIATE_MAIN_CONTENT;REWRITE_FOR_CUSTOMER
/entruempelung-bayreuth,/entruempelung-beilngries,service,service,1.000,1.000,1.000,0.927,0,6,no,HIGH_OVERLAP,REVIEW_SHARED_FAQ;DIFFERENTIATE_MAIN_CONTENT;REWRITE_FOR_CUSTOMER
/entruempelung-bayreuth,/entruempelung-beratzhausen,service,service,1.000,1.000,1.000,0.927,0,6,no,HIGH_OVERLAP,REVIEW_SHARED_FAQ;DIFFERENTIATE_MAIN_CONTENT;REWRITE_FOR_CUSTOMER
/entruempelung-beilngries,/entruempelung-beratzhausen,service,service,1.000,1.000,1.000,1.000,0,9,no,HIGH_OVERLAP,REVIEW_SHARED_FAQ;DIFFERENTIATE_MAIN_CONTENT;REWRITE_FOR_CUSTOMER
/entruempelung-berching,/entruempelung-bernhardswald,service,service,0.286,1.000,1.000,1.000,0,9,no,HIGH_OVERLAP,REVIEW_SHARED_FAQ;DIFFERENTIATE_MAIN_CONTENT;REWRITE_FOR_CUSTOMER
/entruempelung-berching,/entruempelung-bogen,service,service,0.286,1.000,1.000,1.000,0,9,no,HIGH_OVERLAP,REVIEW_SHARED_FAQ;DIFFERENTIATE_MAIN_CONTENT;REWRITE_FOR_CUSTOMER
/entruempelung-berching,/entruempelung-brennberg,service,service,0.125,1.000,1.000,1.000,0,9,no,HIGH_OVERLAP,REVIEW_SHARED_FAQ;DIFFERENTIATE_MAIN_CONTENT;REWRITE_FOR_CUSTOMER
/entruempelung-berching,/entruempelung-brunn,service,service,0.125,1.000,1.000,1.000,0,9,no,HIGH_OVERLAP,REVIEW_SHARED_FAQ;DIFFERENTIATE_MAIN_CONTENT;REWRITE_FOR_CUSTOMER
/entruempelung-berching,/entruempelung-burglengenfeld,service,service,1.000,1.000,1.000,1.000,0,9,no,HIGH_OVERLAP,REVIEW_SHARED_FAQ;DIFFERENTIATE_MAIN_CONTENT;REWRITE_FOR_CUSTOMER
/entruempelung-berching,/entruempelung-cham,service,service,0.286,1.000,1.000,0.918,0,6,no,HIGH_OVERLAP,REVIEW_SHARED_FAQ;DIFFERENTIATE_MAIN_CONTENT;REWRITE_FOR_CUSTOMER
/entruempelung-berching,/entruempelung-coburg,service,service,0.125,1.000,1.000,1.000,0,9,no,HIGH_OVERLAP,REVIEW_SHARED_FAQ;DIFFERENTIATE_MAIN_CONTENT;REWRITE_FOR_CUSTOMER
/entruempelung-bernhardswald,/entruempelung-bogen,service,service,1.000,1.000,1.000,1.000,0,9,no,HIGH_OVERLAP,REVIEW_SHARED_FAQ;DIFFERENTIATE_MAIN_CONTENT;REWRITE_FOR_CUSTOMER
/entruempelung-bernhardswald,/entruempelung-brennberg,service,service,0.143,1.000,1.000,1.000,0,9,no,HIGH_OVERLAP,REVIEW_SHARED_FAQ;DIFFERENTIATE_MAIN_CONTENT;REWRITE_FOR_CUSTOMER
/entruempelung-bernhardswald,/entruempelung-brunn,service,service,0.143,1.000,1.000,1.000,0,9,no,HIGH_OVERLAP,REVIEW_SHARED_FAQ;DIFFERENTIATE_MAIN_CONTENT;REWRITE_FOR_CUSTOMER
/entruempelung-bernhardswald,/entruempelung-burglengenfeld,service,service,0.286,1.000,1.000,1.000,0,9,no,HIGH_OVERLAP,REVIEW_SHARED_FAQ;DIFFERENTIATE_MAIN_CONTENT;REWRITE_FOR_CUSTOMER
/entruempelung-bernhardswald,/entruempelung-cham,service,service,1.000,1.000,1.000,0.918,0,6,no,HIGH_OVERLAP,REVIEW_SHARED_FAQ;DIFFERENTIATE_MAIN_CONTENT;REWRITE_FOR_CUSTOMER
/entruempelung-bernhardswald,/entruempelung-coburg,service,service,0.143,1.000,1.000,1.000,0,9,no,HIGH_OVERLAP,REVIEW_SHARED_FAQ;DIFFERENTIATE_MAIN_CONTENT;REWRITE_FOR_CUSTOMER
/entruempelung-bogen,/entruempelung-brennberg,service,service,0.143,1.000,1.000,1.000,0,9,no,HIGH_OVERLAP,REVIEW_SHARED_FAQ;DIFFERENTIATE_MAIN_CONTENT;REWRITE_FOR_CUSTOMER
/entruempelung-bogen,/entruempelung-brunn,service,service,0.143,1.000,1.000,1.000,0,9,no,HIGH_OVERLAP,REVIEW_SHARED_FAQ;DIFFERENTIATE_MAIN_CONTENT;REWRITE_FOR_CUSTOMER
/entruempelung-bogen,/entruempelung-burglengenfeld,service,service,0.286,1.000,1.000,1.000,0,9,no,HIGH_OVERLAP,REVIEW_SHARED_FAQ;DIFFERENTIATE_MAIN_CONTENT;REWRITE_FOR_CUSTOMER
/entruempelung-bogen,/entruempelung-cham,service,service,1.000,1.000,1.000,0.918,0,6,no,HIGH_OVERLAP,REVIEW_SHARED_FAQ;DIFFERENTIATE_MAIN_CONTENT;REWRITE_FOR_CUSTOMER
/entruempelung-bogen,/entruempelung-coburg,service,service,0.143,1.000,1.000,1.000,0,9,no,HIGH_OVERLAP,REVIEW_SHARED_FAQ;DIFFERENTIATE_MAIN_CONTENT;REWRITE_FOR_CUSTOMER
/entruempelung-brennberg,/entruempelung-brunn,service,service,1.000,1.000,1.000,1.000,0,9,no,HIGH_OVERLAP,REVIEW_SHARED_FAQ;DIFFERENTIATE_MAIN_CONTENT;REWRITE_FOR_CUSTOMER
/entruempelung-brennberg,/entruempelung-burglengenfeld,service,service,0.125,1.000,1.000,1.000,0,9,no,HIGH_OVERLAP,REVIEW_SHARED_FAQ;DIFFERENTIATE_MAIN_CONTENT;REWRITE_FOR_CUSTOMER
/entruempelung-brennberg,/entruempelung-cham,service,service,0.143,1.000,1.000,0.918,0,6,no,HIGH_OVERLAP,REVIEW_SHARED_FAQ;DIFFERENTIATE_MAIN_CONTENT;REWRITE_FOR_CUSTOMER
/entruempelung-brennberg,/entruempelung-coburg,service,service,0.143,1.000,1.000,1.000,0,9,no,HIGH_OVERLAP,REVIEW_SHARED_FAQ;DIFFERENTIATE_MAIN_CONTENT;REWRITE_FOR_CUSTOMER
/entruempelung-brunn,/entruempelung-burglengenfeld,service,service,0.125,1.000,1.000,1.000,0,9,no,HIGH_OVERLAP,REVIEW_SHARED_FAQ;DIFFERENTIATE_MAIN_CONTENT;REWRITE_FOR_CUSTOMER
/entruempelung-brunn,/entruempelung-cham,service,service,0.143,1.000,1.000,0.918,0,6,no,HIGH_OVERLAP,REVIEW_SHARED_FAQ;DIFFERENTIATE_MAIN_CONTENT;REWRITE_FOR_CUSTOMER
/entruempelung-brunn,/entruempelung-coburg,service,service,0.143,1.000,1.000,1.000,0,9,no,HIGH_OVERLAP,REVIEW_SHARED_FAQ;DIFFERENTIATE_MAIN_CONTENT;REWRITE_FOR_CUSTOMER
/entruempelung-burglengenfeld,/entruempelung-cham,service,service,0.286,1.000,1.000,0.918,0,6,no,HIGH_OVERLAP,REVIEW_SHARED_FAQ;DIFFERENTIATE_MAIN_CONTENT;REWRITE_FOR_CUSTOMER
/entruempelung-burglengenfeld,/entruempelung-coburg,service,service,0.125,1.000,1.000,1.000,0,9,no,HIGH_OVERLAP,REVIEW_SHARED_FAQ;DIFFERENTIATE_MAIN_CONTENT;REWRITE_FOR_CUSTOMER
/entruempelung-cham,/entruempelung-coburg,service,service,0.143,1.000,1.000,0.918,0,6,no,HIGH_OVERLAP,REVIEW_SHARED_FAQ;DIFFERENTIATE_MAIN_CONTENT;REWRITE_FOR_CUSTOMER
/entruempelung-dachau,/entruempelung-deggendorf,service,service,0.286,1.000,1.000,0.980,0,9,no,HIGH_OVERLAP,REVIEW_SHARED_FAQ;DIFFERENTIATE_MAIN_CONTENT;REWRITE_FOR_CUSTOMER
/entruempelung-dachau,/entruempelung-deuerling,service,service,0.286,1.000,1.000,1.000,0,9,no,HIGH_OVERLAP,REVIEW_SHARED_FAQ;DIFFERENTIATE_MAIN_CONTENT;REWRITE_FOR_CUSTOMER
/entruempelung-dachau,/entruempelung-dietfurt,service,service,0.286,1.000,1.000,1.000,0,9,no,HIGH_OVERLAP,REVIEW_SHARED_FAQ;DIFFERENTIATE_MAIN_CONTENT;REWRITE_FOR_CUSTOMER
/entruempelung-dachau,/entruempelung-dingolfing,service,service,0.125,1.000,1.000,1.000,0,9,no,HIGH_OVERLAP,REVIEW_SHARED_FAQ;DIFFERENTIATE_MAIN_CONTENT;REWRITE_FOR_CUSTOMER
/entruempelung-dachau,/entruempelung-donaustauf,service,service,1.000,1.000,1.000,1.000,0,9,no,HIGH_OVERLAP,REVIEW_SHARED_FAQ;DIFFERENTIATE_MAIN_CONTENT;REWRITE_FOR_CUSTOMER
/entruempelung-dachau,/entruempelung-duggendorf,service,service,0.286,1.000,1.000,1.000,0,9,no,HIGH_OVERLAP,REVIEW_SHARED_FAQ;DIFFERENTIATE_MAIN_CONTENT;REWRITE_FOR_CUSTOMER
/entruempelung-dachau,/entruempelung-eggenfelden,service,service,0.125,1.000,1.000,1.000,0,9,no,HIGH_OVERLAP,REVIEW_SHARED_FAQ;DIFFERENTIATE_MAIN_CONTENT;REWRITE_FOR_CUSTOMER
/entruempelung-deggendorf,/entruempelung-deuerling,service,service,1.000,1.000,1.000,0.980,0,9,no,HIGH_OVERLAP,REVIEW_SHARED_FAQ;DIFFERENTIATE_MAIN_CONTENT;REWRITE_FOR_CUSTOMER
/entruempelung-deggendorf,/entruempelung-dietfurt,service,service,1.000,1.000,1.000,0.980,0,9,no,HIGH_OVERLAP,REVIEW_SHARED_FAQ;DIFFERENTIATE_MAIN_CONTENT;REWRITE_FOR_CUSTOMER
/entruempelung-deggendorf,/entruempelung-dingolfing,service,service,0.143,1.000,1.000,0.980,0,9,no,HIGH_OVERLAP,REVIEW_SHARED_FAQ;DIFFERENTIATE_MAIN_CONTENT;REWRITE_FOR_CUSTOMER
/entruempelung-deggendorf,/entruempelung-donaustauf,service,service,0.286,1.000,1.000,0.980,0,9,no,HIGH_OVERLAP,REVIEW_SHARED_FAQ;DIFFERENTIATE_MAIN_CONTENT;REWRITE_FOR_CUSTOMER
/entruempelung-deggendorf,/entruempelung-duggendorf,service,service,1.000,1.000,1.000,0.980,0,9,no,HIGH_OVERLAP,REVIEW_SHARED_FAQ;DIFFERENTIATE_MAIN_CONTENT;REWRITE_FOR_CUSTOMER
/entruempelung-deggendorf,/entruempelung-eggenfelden,service,service,0.143,1.000,1.000,0.980,0,9,no,HIGH_OVERLAP,REVIEW_SHARED_FAQ;DIFFERENTIATE_MAIN_CONTENT;REWRITE_FOR_CUSTOMER
/entruempelung-deuerling,/entruempelung-dietfurt,service,service,1.000,1.000,1.000,1.000,0,9,no,HIGH_OVERLAP,REVIEW_SHARED_FAQ;DIFFERENTIATE_MAIN_CONTENT;REWRITE_FOR_CUSTOMER
/entruempelung-deuerling,/entruempelung-dingolfing,service,service,0.143,1.000,1.000,1.000,0,9,no,HIGH_OVERLAP,REVIEW_SHARED_FAQ;DIFFERENTIATE_MAIN_CONTENT;REWRITE_FOR_CUSTOMER
/entruempelung-deuerling,/entruempelung-donaustauf,service,service,0.286,1.000,1.000,1.000,0,9,no,HIGH_OVERLAP,REVIEW_SHARED_FAQ;DIFFERENTIATE_MAIN_CONTENT;REWRITE_FOR_CUSTOMER
/entruempelung-deuerling,/entruempelung-duggendorf,service,service,1.000,1.000,1.000,1.000,0,9,no,HIGH_OVERLAP,REVIEW_SHARED_FAQ;DIFFERENTIATE_MAIN_CONTENT;REWRITE_FOR_CUSTOMER
/entruempelung-deuerling,/entruempelung-eggenfelden,service,service,0.143,1.000,1.000,1.000,0,9,no,HIGH_OVERLAP,REVIEW_SHARED_FAQ;DIFFERENTIATE_MAIN_CONTENT;REWRITE_FOR_CUSTOMER
/entruempelung-dietfurt,/entruempelung-dingolfing,service,service,0.143,1.000,1.000,1.000,0,9,no,HIGH_OVERLAP,REVIEW_SHARED_FAQ;DIFFERENTIATE_MAIN_CONTENT;REWRITE_FOR_CUSTOMER
/entruempelung-dietfurt,/entruempelung-donaustauf,service,service,0.286,1.000,1.000,1.000,0,9,no,HIGH_OVERLAP,REVIEW_SHARED_FAQ;DIFFERENTIATE_MAIN_CONTENT;REWRITE_FOR_CUSTOMER
/entruempelung-dietfurt,/entruempelung-duggendorf,service,service,1.000,1.000,1.000,1.000,0,9,no,HIGH_OVERLAP,REVIEW_SHARED_FAQ;DIFFERENTIATE_MAIN_CONTENT;REWRITE_FOR_CUSTOMER
/entruempelung-dietfurt,/entruempelung-eggenfelden,service,service,0.143,1.000,1.000,1.000,0,9,no,HIGH_OVERLAP,REVIEW_SHARED_FAQ;DIFFERENTIATE_MAIN_CONTENT;REWRITE_FOR_CUSTOMER
/entruempelung-dingolfing,/entruempelung-donaustauf,service,service,0.125,1.000,1.000,1.000,0,9,no,HIGH_OVERLAP,REVIEW_SHARED_FAQ;DIFFERENTIATE_MAIN_CONTENT;REWRITE_FOR_CUSTOMER
/entruempelung-dingolfing,/entruempelung-duggendorf,service,service,0.143,1.000,1.000,1.000,0,9,no,HIGH_OVERLAP,REVIEW_SHARED_FAQ;DIFFERENTIATE_MAIN_CONTENT;REWRITE_FOR_CUSTOMER
/entruempelung-dingolfing,/entruempelung-eggenfelden,service,service,0.143,1.000,1.000,1.000,0,9,no,HIGH_OVERLAP,REVIEW_SHARED_FAQ;DIFFERENTIATE_MAIN_CONTENT;REWRITE_FOR_CUSTOMER
/entruempelung-donaustauf,/entruempelung-duggendorf,service,service,0.286,1.000,1.000,1.000,0,9,no,HIGH_OVERLAP,REVIEW_SHARED_FAQ;DIFFERENTIATE_MAIN_CONTENT;REWRITE_FOR_CUSTOMER
/entruempelung-donaustauf,/entruempelung-eggenfelden,service,service,0.125,1.000,1.000,1.000,0,9,no,HIGH_OVERLAP,REVIEW_SHARED_FAQ;DIFFERENTIATE_MAIN_CONTENT;REWRITE_FOR_CUSTOMER
/entruempelung-duggendorf,/entruempelung-eggenfelden,service,service,0.143,1.000,1.000,1.000,0,9,no,HIGH_OVERLAP,REVIEW_SHARED_FAQ;DIFFERENTIATE_MAIN_CONTENT;REWRITE_FOR_CUSTOMER
/entruempelung-eichstaett,/entruempelung-erding,service,service,0.125,1.000,1.000,1.000,0,9,no,HIGH_OVERLAP,REVIEW_SHARED_FAQ;DIFFERENTIATE_MAIN_CONTENT;REWRITE_FOR_CUSTOMER
/entruempelung-eichstaett,/entruempelung-ergoldsbach,service,service,0.125,1.000,1.000,1.000,0,9,no,HIGH_OVERLAP,REVIEW_SHARED_FAQ;DIFFERENTIATE_MAIN_CONTENT;REWRITE_FOR_CUSTOMER
/entruempelung-eichstaett,/entruempelung-erlangen,service,service,0.125,1.000,1.000,0.927,0,6,no,HIGH_OVERLAP,REVIEW_SHARED_FAQ;DIFFERENTIATE_MAIN_CONTENT;REWRITE_FOR_CUSTOMER
/entruempelung-eichstaett,/entruempelung-eschenbach-in-der-oberpfalz,service,service,0.125,1.000,1.000,1.000,0,9,no,HIGH_OVERLAP,REVIEW_SHARED_FAQ;DIFFERENTIATE_MAIN_CONTENT;REWRITE_FOR_CUSTOMER
/entruempelung-eichstaett,/entruempelung-feucht,service,service,0.286,1.000,1.000,1.000,0,9,no,HIGH_OVERLAP,REVIEW_SHARED_FAQ;DIFFERENTIATE_MAIN_CONTENT;REWRITE_FOR_CUSTOMER
/entruempelung-eichstaett,/entruempelung-freising,service,service,0.125,1.000,1.000,1.000,0,9,no,HIGH_OVERLAP,REVIEW_SHARED_FAQ;DIFFERENTIATE_MAIN_CONTENT;REWRITE_FOR_CUSTOMER
/entruempelung-eichstaett,/entruempelung-freystadt,service,service,1.000,1.000,1.000,1.000,0,9,no,HIGH_OVERLAP,REVIEW_SHARED_FAQ;DIFFERENTIATE_MAIN_CONTENT;REWRITE_FOR_CUSTOMER
/entruempelung-erding,/entruempelung-ergoldsbach,service,service,0.143,1.000,1.000,1.000,0,9,no,HIGH_OVERLAP,REVIEW_SHARED_FAQ;DIFFERENTIATE_MAIN_CONTENT;REWRITE_FOR_CUSTOMER
/entruempelung-erding,/entruempelung-erlangen,service,service,0.143,1.000,1.000,0.927,0,6,no,HIGH_OVERLAP,REVIEW_SHARED_FAQ;DIFFERENTIATE_MAIN_CONTENT;REWRITE_FOR_CUSTOMER
/entruempelung-erding,/entruempelung-eschenbach-in-der-oberpfalz,service,service,0.143,1.000,1.000,1.000,0,9,no,HIGH_OVERLAP,REVIEW_SHARED_FAQ;DIFFERENTIATE_MAIN_CONTENT;REWRITE_FOR_CUSTOMER
/entruempelung-erding,/entruempelung-feucht,service,service,0.143,1.000,1.000,1.000,0,9,no,HIGH_OVERLAP,REVIEW_SHARED_FAQ;DIFFERENTIATE_MAIN_CONTENT;REWRITE_FOR_CUSTOMER
/entruempelung-erding,/entruempelung-freising,service,service,1.000,1.000,1.000,1.000,0,9,no,HIGH_OVERLAP,REVIEW_SHARED_FAQ;DIFFERENTIATE_MAIN_CONTENT;REWRITE_FOR_CUSTOMER
/entruempelung-erding,/entruempelung-freystadt,service,service,0.125,1.000,1.000,1.000,0,9,no,HIGH_OVERLAP,REVIEW_SHARED_FAQ;DIFFERENTIATE_MAIN_CONTENT;REWRITE_FOR_CUSTOMER
/entruempelung-ergoldsbach,/entruempelung-erlangen,service,service,1.000,1.000,1.000,0.927,0,6,no,HIGH_OVERLAP,REVIEW_SHARED_FAQ;DIFFERENTIATE_MAIN_CONTENT;REWRITE_FOR_CUSTOMER
/entruempelung-ergoldsbach,/entruempelung-eschenbach-in-der-oberpfalz,service,service,1.000,1.000,1.000,1.000,0,9,no,HIGH_OVERLAP,REVIEW_SHARED_FAQ;DIFFERENTIATE_MAIN_CONTENT;REWRITE_FOR_CUSTOMER
/entruempelung-ergoldsbach,/entruempelung-feucht,service,service,0.143,1.000,1.000,1.000,0,9,no,HIGH_OVERLAP,REVIEW_SHARED_FAQ;DIFFERENTIATE_MAIN_CONTENT;REWRITE_FOR_CUSTOMER
/entruempelung-ergoldsbach,/entruempelung-freising,service,service,0.143,1.000,1.000,1.000,0,9,no,HIGH_OVERLAP,REVIEW_SHARED_FAQ;DIFFERENTIATE_MAIN_CONTENT;REWRITE_FOR_CUSTOMER
/entruempelung-ergoldsbach,/entruempelung-freystadt,service,service,0.125,1.000,1.000,1.000,0,9,no,HIGH_OVERLAP,REVIEW_SHARED_FAQ;DIFFERENTIATE_MAIN_CONTENT;REWRITE_FOR_CUSTOMER
/entruempelung-erlangen,/entruempelung-eschenbach-in-der-oberpfalz,service,service,1.000,1.000,1.000,0.927,0,6,no,HIGH_OVERLAP,REVIEW_SHARED_FAQ;DIFFERENTIATE_MAIN_CONTENT;REWRITE_FOR_CUSTOMER
/entruempelung-erlangen,/entruempelung-feucht,service,service,0.143,1.000,1.000,0.927,0,6,no,HIGH_OVERLAP,REVIEW_SHARED_FAQ;DIFFERENTIATE_MAIN_CONTENT;REWRITE_FOR_CUSTOMER
/entruempelung-erlangen,/entruempelung-freising,service,service,0.143,1.000,1.000,0.927,0,6,no,HIGH_OVERLAP,REVIEW_SHARED_FAQ;DIFFERENTIATE_MAIN_CONTENT;REWRITE_FOR_CUSTOMER
/entruempelung-erlangen,/entruempelung-freystadt,service,service,0.125,1.000,1.000,0.927,0,6,no,HIGH_OVERLAP,REVIEW_SHARED_FAQ;DIFFERENTIATE_MAIN_CONTENT;REWRITE_FOR_CUSTOMER
/entruempelung-eschenbach-in-der-oberpfalz,/entruempelung-feucht,service,service,0.143,1.000,1.000,1.000,0,9,no,HIGH_OVERLAP,REVIEW_SHARED_FAQ;DIFFERENTIATE_MAIN_CONTENT;REWRITE_FOR_CUSTOMER
/entruempelung-eschenbach-in-der-oberpfalz,/entruempelung-freising,service,service,0.143,1.000,1.000,1.000,0,9,no,HIGH_OVERLAP,REVIEW_SHARED_FAQ;DIFFERENTIATE_MAIN_CONTENT;REWRITE_FOR_CUSTOMER
/entruempelung-eschenbach-in-der-oberpfalz,/entruempelung-freystadt,service,service,0.125,1.000,1.000,1.000,0,9,no,HIGH_OVERLAP,REVIEW_SHARED_FAQ;DIFFERENTIATE_MAIN_CONTENT;REWRITE_FOR_CUSTOMER
/entruempelung-feucht,/entruempelung-freising,service,service,0.143,1.000,1.000,1.000,0,9,no,HIGH_OVERLAP,REVIEW_SHARED_FAQ;DIFFERENTIATE_MAIN_CONTENT;REWRITE_FOR_CUSTOMER
/entruempelung-feucht,/entruempelung-freystadt,service,service,0.286,1.000,1.000,1.000,0,9,no,HIGH_OVERLAP,REVIEW_SHARED_FAQ;DIFFERENTIATE_MAIN_CONTENT;REWRITE_FOR_CUSTOMER
/entruempelung-freising,/entruempelung-freystadt,service,service,0.125,1.000,1.000,1.000,0,9,no,HIGH_OVERLAP,REVIEW_SHARED_FAQ;DIFFERENTIATE_MAIN_CONTENT;REWRITE_FOR_CUSTOMER
/entruempelung-freyung,/entruempelung-fuerstenfeldbruck,service,service,0.125,1.000,1.000,1.000,0,9,no,HIGH_OVERLAP,REVIEW_SHARED_FAQ;DIFFERENTIATE_MAIN_CONTENT;REWRITE_FOR_CUSTOMER
/entruempelung-freyung,/entruempelung-fuerth,service,service,1.000,1.000,1.000,1.000,0,9,no,HIGH_OVERLAP,REVIEW_SHARED_FAQ;DIFFERENTIATE_MAIN_CONTENT;REWRITE_FOR_CUSTOMER
/entruempelung-freyung,/entruempelung-furth-im-wald,service,service,0.143,1.000,1.000,1.000,0,9,no,HIGH_OVERLAP,REVIEW_SHARED_FAQ;DIFFERENTIATE_MAIN_CONTENT;REWRITE_FOR_CUSTOMER
/entruempelung-freyung,/entruempelung-garching,service,service,0.143,1.000,1.000,1.000,0,9,no,HIGH_OVERLAP,REVIEW_SHARED_FAQ;DIFFERENTIATE_MAIN_CONTENT;REWRITE_FOR_CUSTOMER
/entruempelung-freyung,/entruempelung-geiselhoering,service,service,0.143,1.000,1.000,1.000,0,9,no,HIGH_OVERLAP,REVIEW_SHARED_FAQ;DIFFERENTIATE_MAIN_CONTENT;REWRITE_FOR_CUSTOMER
/entruempelung-freyung,/entruempelung-geisenfeld,service,service,1.000,1.000,1.000,1.000,0,9,no,HIGH_OVERLAP,REVIEW_SHARED_FAQ;DIFFERENTIATE_MAIN_CONTENT;REWRITE_FOR_CUSTOMER
/entruempelung-freyung,/entruempelung-germering,service,service,0.125,1.000,1.000,1.000,0,9,no,HIGH_OVERLAP,REVIEW_SHARED_FAQ;DIFFERENTIATE_MAIN_CONTENT;REWRITE_FOR_CUSTOMER
/entruempelung-fuerstenfeldbruck,/entruempelung-fuerth,service,service,0.125,1.000,1.000,1.000,0,9,no,HIGH_OVERLAP,REVIEW_SHARED_FAQ;DIFFERENTIATE_MAIN_CONTENT;REWRITE_FOR_CUSTOMER
/entruempelung-fuerstenfeldbruck,/entruempelung-furth-im-wald,service,service,0.125,1.000,1.000,1.000,0,9,no,HIGH_OVERLAP,REVIEW_SHARED_FAQ;DIFFERENTIATE_MAIN_CONTENT;REWRITE_FOR_CUSTOMER
/entruempelung-fuerstenfeldbruck,/entruempelung-garching,service,service,0.286,1.000,1.000,1.000,0,9,no,HIGH_OVERLAP,REVIEW_SHARED_FAQ;DIFFERENTIATE_MAIN_CONTENT;REWRITE_FOR_CUSTOMER
/entruempelung-fuerstenfeldbruck,/entruempelung-geiselhoering,service,service,0.286,1.000,1.000,1.000,0,9,no,HIGH_OVERLAP,REVIEW_SHARED_FAQ;DIFFERENTIATE_MAIN_CONTENT;REWRITE_FOR_CUSTOMER
/entruempelung-fuerstenfeldbruck,/entruempelung-geisenfeld,service,service,0.125,1.000,1.000,1.000,0,9,no,HIGH_OVERLAP,REVIEW_SHARED_FAQ;DIFFERENTIATE_MAIN_CONTENT;REWRITE_FOR_CUSTOMER
/entruempelung-fuerstenfeldbruck,/entruempelung-germering,service,service,1.000,1.000,1.000,1.000,0,9,no,HIGH_OVERLAP,REVIEW_SHARED_FAQ;DIFFERENTIATE_MAIN_CONTENT;REWRITE_FOR_CUSTOMER
/entruempelung-fuerth,/entruempelung-furth-im-wald,service,service,0.143,1.000,1.000,1.000,0,9,no,HIGH_OVERLAP,REVIEW_SHARED_FAQ;DIFFERENTIATE_MAIN_CONTENT;REWRITE_FOR_CUSTOMER
/entruempelung-fuerth,/entruempelung-garching,service,service,0.143,1.000,1.000,1.000,0,9,no,HIGH_OVERLAP,REVIEW_SHARED_FAQ;DIFFERENTIATE_MAIN_CONTENT;REWRITE_FOR_CUSTOMER
/entruempelung-fuerth,/entruempelung-geiselhoering,service,service,0.143,1.000,1.000,1.000,0,9,no,HIGH_OVERLAP,REVIEW_SHARED_FAQ;DIFFERENTIATE_MAIN_CONTENT;REWRITE_FOR_CUSTOMER
/entruempelung-fuerth,/entruempelung-geisenfeld,service,service,1.000,1.000,1.000,1.000,0,9,no,HIGH_OVERLAP,REVIEW_SHARED_FAQ;DIFFERENTIATE_MAIN_CONTENT;REWRITE_FOR_CUSTOMER
/entruempelung-fuerth,/entruempelung-germering,service,service,0.125,1.000,1.000,1.000,0,9,no,HIGH_OVERLAP,REVIEW_SHARED_FAQ;DIFFERENTIATE_MAIN_CONTENT;REWRITE_FOR_CUSTOMER
/entruempelung-furth-im-wald,/entruempelung-garching,service,service,0.143,1.000,1.000,1.000,0,9,no,HIGH_OVERLAP,REVIEW_SHARED_FAQ;DIFFERENTIATE_MAIN_CONTENT;REWRITE_FOR_CUSTOMER
/entruempelung-furth-im-wald,/entruempelung-geiselhoering,service,service,0.143,1.000,1.000,1.000,0,9,no,HIGH_OVERLAP,REVIEW_SHARED_FAQ;DIFFERENTIATE_MAIN_CONTENT;REWRITE_FOR_CUSTOMER
/entruempelung-furth-im-wald,/entruempelung-geisenfeld,service,service,0.143,1.000,1.000,1.000,0,9,no,HIGH_OVERLAP,REVIEW_SHARED_FAQ;DIFFERENTIATE_MAIN_CONTENT;REWRITE_FOR_CUSTOMER
/entruempelung-furth-im-wald,/entruempelung-germering,service,service,0.125,1.000,1.000,1.000,0,9,no,HIGH_OVERLAP,REVIEW_SHARED_FAQ;DIFFERENTIATE_MAIN_CONTENT;REWRITE_FOR_CUSTOMER
/entruempelung-garching,/entruempelung-geiselhoering,service,service,1.000,1.000,1.000,1.000,0,9,no,HIGH_OVERLAP,REVIEW_SHARED_FAQ;DIFFERENTIATE_MAIN_CONTENT;REWRITE_FOR_CUSTOMER
/entruempelung-garching,/entruempelung-geisenfeld,service,service,0.143,1.000,1.000,1.000,0,9,no,HIGH_OVERLAP,REVIEW_SHARED_FAQ;DIFFERENTIATE_MAIN_CONTENT;REWRITE_FOR_CUSTOMER
/entruempelung-garching,/entruempelung-germering,service,service,0.286,1.000,1.000,1.000,0,9,no,HIGH_OVERLAP,REVIEW_SHARED_FAQ;DIFFERENTIATE_MAIN_CONTENT;REWRITE_FOR_CUSTOMER
/entruempelung-geiselhoering,/entruempelung-geisenfeld,service,service,0.143,1.000,1.000,1.000,0,9,no,HIGH_OVERLAP,REVIEW_SHARED_FAQ;DIFFERENTIATE_MAIN_CONTENT;REWRITE_FOR_CUSTOMER
/entruempelung-geiselhoering,/entruempelung-germering,service,service,0.286,1.000,1.000,1.000,0,9,no,HIGH_OVERLAP,REVIEW_SHARED_FAQ;DIFFERENTIATE_MAIN_CONTENT;REWRITE_FOR_CUSTOMER
/entruempelung-geisenfeld,/entruempelung-germering,service,service,0.125,1.000,1.000,1.000,0,9,no,HIGH_OVERLAP,REVIEW_SHARED_FAQ;DIFFERENTIATE_MAIN_CONTENT;REWRITE_FOR_CUSTOMER
/entruempelung-gersthofen,/entruempelung-grafenau,service,service,0.143,1.000,1.000,1.000,0,9,no,HIGH_OVERLAP,REVIEW_SHARED_FAQ;DIFFERENTIATE_MAIN_CONTENT;REWRITE_FOR_CUSTOMER
/entruempelung-gersthofen,/entruempelung-grafenwoehr,service,service,0.143,1.000,1.000,1.000,0,9,no,HIGH_OVERLAP,REVIEW_SHARED_FAQ;DIFFERENTIATE_MAIN_CONTENT;REWRITE_FOR_CUSTOMER
/entruempelung-gersthofen,/entruempelung-guenzburg,service,service,0.143,1.000,1.000,0.917,0,6,no,HIGH_OVERLAP,REVIEW_SHARED_FAQ;DIFFERENTIATE_MAIN_CONTENT;REWRITE_FOR_CUSTOMER
/entruempelung-gersthofen,/entruempelung-hagelstadt,service,service,1.000,1.000,1.000,1.000,0,9,no,HIGH_OVERLAP,REVIEW_SHARED_FAQ;DIFFERENTIATE_MAIN_CONTENT;REWRITE_FOR_CUSTOMER
/entruempelung-gersthofen,/entruempelung-hausen,service,service,0.143,1.000,1.000,1.000,0,9,no,HIGH_OVERLAP,REVIEW_SHARED_FAQ;DIFFERENTIATE_MAIN_CONTENT;REWRITE_FOR_CUSTOMER
/entruempelung-gersthofen,/entruempelung-hemau,service,service,0.125,1.000,1.000,1.000,0,9,no,HIGH_OVERLAP,REVIEW_SHARED_FAQ;DIFFERENTIATE_MAIN_CONTENT;REWRITE_FOR_CUSTOMER
/entruempelung-gersthofen,/entruempelung-herzogenaurach,service,service,0.125,1.000,1.000,1.000,0,9,no,HIGH_OVERLAP,REVIEW_SHARED_FAQ;DIFFERENTIATE_MAIN_CONTENT;REWRITE_FOR_CUSTOMER
/entruempelung-grafenau,/entruempelung-grafenwoehr,service,service,0.143,1.000,1.000,1.000,0,9,no,HIGH_OVERLAP,REVIEW_SHARED_FAQ;DIFFERENTIATE_MAIN_CONTENT;REWRITE_FOR_CUSTOMER
/entruempelung-grafenau,/entruempelung-guenzburg,service,service,1.000,1.000,1.000,0.917,0,6,no,HIGH_OVERLAP,REVIEW_SHARED_FAQ;DIFFERENTIATE_MAIN_CONTENT;REWRITE_FOR_CUSTOMER
/entruempelung-grafenau,/entruempelung-hagelstadt,service,service,0.143,1.000,1.000,1.000,0,9,no,HIGH_OVERLAP,REVIEW_SHARED_FAQ;DIFFERENTIATE_MAIN_CONTENT;REWRITE_FOR_CUSTOMER
/entruempelung-grafenau,/entruempelung-hausen,service,service,0.143,1.000,1.000,1.000,0,9,no,HIGH_OVERLAP,REVIEW_SHARED_FAQ;DIFFERENTIATE_MAIN_CONTENT;REWRITE_FOR_CUSTOMER
/entruempelung-grafenau,/entruempelung-hemau,service,service,0.286,1.000,1.000,1.000,0,9,no,HIGH_OVERLAP,REVIEW_SHARED_FAQ;DIFFERENTIATE_MAIN_CONTENT;REWRITE_FOR_CUSTOMER
/entruempelung-grafenau,/entruempelung-herzogenaurach,service,service,0.286,1.000,1.000,1.000,0,9,no,HIGH_OVERLAP,REVIEW_SHARED_FAQ;DIFFERENTIATE_MAIN_CONTENT;REWRITE_FOR_CUSTOMER
/entruempelung-grafenwoehr,/entruempelung-guenzburg,service,service,0.143,1.000,1.000,0.917,0,6,no,HIGH_OVERLAP,REVIEW_SHARED_FAQ;DIFFERENTIATE_MAIN_CONTENT;REWRITE_FOR_CUSTOMER
/entruempelung-grafenwoehr,/entruempelung-hagelstadt,service,service,0.143,1.000,1.000,1.000,0,9,no,HIGH_OVERLAP,REVIEW_SHARED_FAQ;DIFFERENTIATE_MAIN_CONTENT;REWRITE_FOR_CUSTOMER
/entruempelung-grafenwoehr,/entruempelung-hausen,service,service,1.000,1.000,1.000,1.000,0,9,no,HIGH_OVERLAP,REVIEW_SHARED_FAQ;DIFFERENTIATE_MAIN_CONTENT;REWRITE_FOR_CUSTOMER
/entruempelung-grafenwoehr,/entruempelung-hemau,service,service,0.125,1.000,1.000,1.000,0,9,no,HIGH_OVERLAP,REVIEW_SHARED_FAQ;DIFFERENTIATE_MAIN_CONTENT;REWRITE_FOR_CUSTOMER
/entruempelung-grafenwoehr,/entruempelung-herzogenaurach,service,service,0.125,1.000,1.000,1.000,0,9,no,HIGH_OVERLAP,REVIEW_SHARED_FAQ;DIFFERENTIATE_MAIN_CONTENT;REWRITE_FOR_CUSTOMER
/entruempelung-guenzburg,/entruempelung-hagelstadt,service,service,0.143,1.000,1.000,0.917,0,6,no,HIGH_OVERLAP,REVIEW_SHARED_FAQ;DIFFERENTIATE_MAIN_CONTENT;REWRITE_FOR_CUSTOMER
/entruempelung-guenzburg,/entruempelung-hausen,service,service,0.143,1.000,1.000,0.917,0,6,no,HIGH_OVERLAP,REVIEW_SHARED_FAQ;DIFFERENTIATE_MAIN_CONTENT;REWRITE_FOR_CUSTOMER
/entruempelung-guenzburg,/entruempelung-hemau,service,service,0.286,1.000,1.000,0.917,0,6,no,HIGH_OVERLAP,REVIEW_SHARED_FAQ;DIFFERENTIATE_MAIN_CONTENT;REWRITE_FOR_CUSTOMER
/entruempelung-guenzburg,/entruempelung-herzogenaurach,service,service,0.286,1.000,1.000,0.917,0,6,no,HIGH_OVERLAP,REVIEW_SHARED_FAQ;DIFFERENTIATE_MAIN_CONTENT;REWRITE_FOR_CUSTOMER
/entruempelung-hagelstadt,/entruempelung-hausen,service,service,0.143,1.000,1.000,1.000,0,9,no,HIGH_OVERLAP,REVIEW_SHARED_FAQ;DIFFERENTIATE_MAIN_CONTENT;REWRITE_FOR_CUSTOMER
/entruempelung-hagelstadt,/entruempelung-hemau,service,service,0.125,1.000,1.000,1.000,0,9,no,HIGH_OVERLAP,REVIEW_SHARED_FAQ;DIFFERENTIATE_MAIN_CONTENT;REWRITE_FOR_CUSTOMER
/entruempelung-hagelstadt,/entruempelung-herzogenaurach,service,service,0.125,1.000,1.000,1.000,0,9,no,HIGH_OVERLAP,REVIEW_SHARED_FAQ;DIFFERENTIATE_MAIN_CONTENT;REWRITE_FOR_CUSTOMER
/entruempelung-hausen,/entruempelung-hemau,service,service,0.125,1.000,1.000,1.000,0,9,no,HIGH_OVERLAP,REVIEW_SHARED_FAQ;DIFFERENTIATE_MAIN_CONTENT;REWRITE_FOR_CUSTOMER
/entruempelung-hausen,/entruempelung-herzogenaurach,service,service,0.125,1.000,1.000,1.000,0,9,no,HIGH_OVERLAP,REVIEW_SHARED_FAQ;DIFFERENTIATE_MAIN_CONTENT;REWRITE_FOR_CUSTOMER
/entruempelung-hemau,/entruempelung-herzogenaurach,service,service,1.000,1.000,1.000,1.000,0,9,no,HIGH_OVERLAP,REVIEW_SHARED_FAQ;DIFFERENTIATE_MAIN_CONTENT;REWRITE_FOR_CUSTOMER
/entruempelung-hirschau,/entruempelung-hohenfels,service,service,0.125,1.000,1.000,1.000,0,9,no,HIGH_OVERLAP,REVIEW_SHARED_FAQ;DIFFERENTIATE_MAIN_CONTENT;REWRITE_FOR_CUSTOMER
/entruempelung-hirschau,/entruempelung-holzheim-am-forst,service,service,0.125,1.000,1.000,1.000,0,9,no,HIGH_OVERLAP,REVIEW_SHARED_FAQ;DIFFERENTIATE_MAIN_CONTENT;REWRITE_FOR_CUSTOMER
/entruempelung-hirschau,/entruempelung-ingolstadt,service,service,0.143,1.000,1.000,0.887,0,6,no,HIGH_OVERLAP,REVIEW_SHARED_FAQ;DIFFERENTIATE_MAIN_CONTENT;REWRITE_FOR_CUSTOMER
/entruempelung-hirschau,/entruempelung-kallmuenz,service,service,0.143,1.000,1.000,1.000,0,9,no,HIGH_OVERLAP,REVIEW_SHARED_FAQ;DIFFERENTIATE_MAIN_CONTENT;REWRITE_FOR_CUSTOMER
/entruempelung-hirschau,/entruempelung-kelheim,service,service,0.143,1.000,1.000,0.980,0,9,no,HIGH_OVERLAP,REVIEW_SHARED_FAQ;DIFFERENTIATE_MAIN_CONTENT;REWRITE_FOR_CUSTOMER
/entruempelung-hirschau,/entruempelung-kissing,service,service,0.125,1.000,1.000,1.000,0,9,no,HIGH_OVERLAP,REVIEW_SHARED_FAQ;DIFFERENTIATE_MAIN_CONTENT;REWRITE_FOR_CUSTOMER
/entruempelung-hirschau,/entruempelung-koefering,service,service,0.125,1.000,1.000,1.000,0,9,no,HIGH_OVERLAP,REVIEW_SHARED_FAQ;DIFFERENTIATE_MAIN_CONTENT;REWRITE_FOR_CUSTOMER
/entruempelung-hohenfels,/entruempelung-holzheim-am-forst,service,service,1.000,1.000,1.000,1.000,0,9,no,HIGH_OVERLAP,REVIEW_SHARED_FAQ;DIFFERENTIATE_MAIN_CONTENT;REWRITE_FOR_CUSTOMER
/entruempelung-hohenfels,/entruempelung-ingolstadt,service,service,0.286,1.000,1.000,0.887,0,6,no,HIGH_OVERLAP,REVIEW_SHARED_FAQ;DIFFERENTIATE_MAIN_CONTENT;REWRITE_FOR_CUSTOMER
/entruempelung-hohenfels,/entruempelung-kallmuenz,service,service,0.286,1.000,1.000,1.000,0,9,no,HIGH_OVERLAP,REVIEW_SHARED_FAQ;DIFFERENTIATE_MAIN_CONTENT;REWRITE_FOR_CUSTOMER
/entruempelung-hohenfels,/entruempelung-kelheim,service,service,0.286,1.000,1.000,0.980,0,9,no,HIGH_OVERLAP,REVIEW_SHARED_FAQ;DIFFERENTIATE_MAIN_CONTENT;REWRITE_FOR_CUSTOMER
/entruempelung-hohenfels,/entruempelung-kissing,service,service,1.000,1.000,1.000,1.000,0,9,no,HIGH_OVERLAP,REVIEW_SHARED_FAQ;DIFFERENTIATE_MAIN_CONTENT;REWRITE_FOR_CUSTOMER
/entruempelung-hohenfels,/entruempelung-koefering,service,service,1.000,1.000,1.000,1.000,0,9,no,HIGH_OVERLAP,REVIEW_SHARED_FAQ;DIFFERENTIATE_MAIN_CONTENT;REWRITE_FOR_CUSTOMER
/entruempelung-holzheim-am-forst,/entruempelung-ingolstadt,service,service,0.286,1.000,1.000,0.887,0,6,no,HIGH_OVERLAP,REVIEW_SHARED_FAQ;DIFFERENTIATE_MAIN_CONTENT;REWRITE_FOR_CUSTOMER
/entruempelung-holzheim-am-forst,/entruempelung-kallmuenz,service,service,0.286,1.000,1.000,1.000,0,9,no,HIGH_OVERLAP,REVIEW_SHARED_FAQ;DIFFERENTIATE_MAIN_CONTENT;REWRITE_FOR_CUSTOMER
/entruempelung-holzheim-am-forst,/entruempelung-kelheim,service,service,0.286,1.000,1.000,0.980,0,9,no,HIGH_OVERLAP,REVIEW_SHARED_FAQ;DIFFERENTIATE_MAIN_CONTENT;REWRITE_FOR_CUSTOMER
/entruempelung-holzheim-am-forst,/entruempelung-kissing,service,service,1.000,1.000,1.000,1.000,0,9,no,HIGH_OVERLAP,REVIEW_SHARED_FAQ;DIFFERENTIATE_MAIN_CONTENT;REWRITE_FOR_CUSTOMER
/entruempelung-holzheim-am-forst,/entruempelung-koefering,service,service,1.000,1.000,1.000,1.000,0,9,no,HIGH_OVERLAP,REVIEW_SHARED_FAQ;DIFFERENTIATE_MAIN_CONTENT;REWRITE_FOR_CUSTOMER
/entruempelung-ingolstadt,/entruempelung-kallmuenz,service,service,1.000,1.000,1.000,0.887,0,6,no,HIGH_OVERLAP,REVIEW_SHARED_FAQ;DIFFERENTIATE_MAIN_CONTENT;REWRITE_FOR_CUSTOMER
/entruempelung-ingolstadt,/entruempelung-kelheim,service,service,1.000,1.000,1.000,0.905,0,6,no,HIGH_OVERLAP,REVIEW_SHARED_FAQ;DIFFERENTIATE_MAIN_CONTENT;REWRITE_FOR_CUSTOMER
/entruempelung-ingolstadt,/entruempelung-kissing,service,service,0.286,1.000,1.000,0.887,0,6,no,HIGH_OVERLAP,REVIEW_SHARED_FAQ;DIFFERENTIATE_MAIN_CONTENT;REWRITE_FOR_CUSTOMER
/entruempelung-ingolstadt,/entruempelung-koefering,service,service,0.286,1.000,1.000,0.887,0,6,no,HIGH_OVERLAP,REVIEW_SHARED_FAQ;DIFFERENTIATE_MAIN_CONTENT;REWRITE_FOR_CUSTOMER
/entruempelung-kallmuenz,/entruempelung-kelheim,service,service,1.000,1.000,1.000,0.980,0,9,no,HIGH_OVERLAP,REVIEW_SHARED_FAQ;DIFFERENTIATE_MAIN_CONTENT;REWRITE_FOR_CUSTOMER
/entruempelung-kallmuenz,/entruempelung-kissing,service,service,0.286,1.000,1.000,1.000,0,9,no,HIGH_OVERLAP,REVIEW_SHARED_FAQ;DIFFERENTIATE_MAIN_CONTENT;REWRITE_FOR_CUSTOMER
/entruempelung-kallmuenz,/entruempelung-koefering,service,service,0.286,1.000,1.000,1.000,0,9,no,HIGH_OVERLAP,REVIEW_SHARED_FAQ;DIFFERENTIATE_MAIN_CONTENT;REWRITE_FOR_CUSTOMER
/entruempelung-kelheim,/entruempelung-kissing,service,service,0.286,1.000,1.000,0.980,0,9,no,HIGH_OVERLAP,REVIEW_SHARED_FAQ;DIFFERENTIATE_MAIN_CONTENT;REWRITE_FOR_CUSTOMER
/entruempelung-kelheim,/entruempelung-koefering,service,service,0.286,1.000,1.000,0.980,0,9,no,HIGH_OVERLAP,REVIEW_SHARED_FAQ;DIFFERENTIATE_MAIN_CONTENT;REWRITE_FOR_CUSTOMER
/entruempelung-kissing,/entruempelung-koefering,service,service,1.000,1.000,1.000,1.000,0,9,no,HIGH_OVERLAP,REVIEW_SHARED_FAQ;DIFFERENTIATE_MAIN_CONTENT;REWRITE_FOR_CUSTOMER
/entruempelung-koenigsbrunn,/entruempelung-koetzting,service,service,0.143,1.000,1.000,1.000,0,9,no,HIGH_OVERLAP,REVIEW_SHARED_FAQ;DIFFERENTIATE_MAIN_CONTENT;REWRITE_FOR_CUSTOMER
/entruempelung-koenigsbrunn,/entruempelung-laaber,service,service,0.143,1.000,1.000,1.000,0,9,no,HIGH_OVERLAP,REVIEW_SHARED_FAQ;DIFFERENTIATE_MAIN_CONTENT;REWRITE_FOR_CUSTOMER
/entruempelung-koenigsbrunn,/entruempelung-landau-an-der-isar,service,service,1.000,1.000,1.000,1.000,0,9,no,HIGH_OVERLAP,REVIEW_SHARED_FAQ;DIFFERENTIATE_MAIN_CONTENT;REWRITE_FOR_CUSTOMER
/entruempelung-koenigsbrunn,/entruempelung-landsberg-am-lech,service,service,0.143,1.000,1.000,1.000,0,9,no,HIGH_OVERLAP,REVIEW_SHARED_FAQ;DIFFERENTIATE_MAIN_CONTENT;REWRITE_FOR_CUSTOMER
/entruempelung-koenigsbrunn,/entruempelung-landshut,service,service,0.286,1.000,1.000,0.850,0,6,no,HIGH_OVERLAP,REVIEW_SHARED_FAQ;DIFFERENTIATE_MAIN_CONTENT;REWRITE_FOR_CUSTOMER
/entruempelung-koenigsbrunn,/entruempelung-langquaid,service,service,0.143,1.000,1.000,1.000,0,9,no,HIGH_OVERLAP,REVIEW_SHARED_FAQ;DIFFERENTIATE_MAIN_CONTENT;REWRITE_FOR_CUSTOMER
/entruempelung-koenigsbrunn,/entruempelung-lappersdorf,service,service,0.286,1.000,1.000,0.980,0,9,no,HIGH_OVERLAP,REVIEW_SHARED_FAQ;DIFFERENTIATE_MAIN_CONTENT;REWRITE_FOR_CUSTOMER
/entruempelung-koetzting,/entruempelung-laaber,service,service,1.000,1.000,1.000,1.000,0,9,no,HIGH_OVERLAP,REVIEW_SHARED_FAQ;DIFFERENTIATE_MAIN_CONTENT;REWRITE_FOR_CUSTOMER
/entruempelung-koetzting,/entruempelung-landau-an-der-isar,service,service,0.143,1.000,1.000,1.000,0,9,no,HIGH_OVERLAP,REVIEW_SHARED_FAQ;DIFFERENTIATE_MAIN_CONTENT;REWRITE_FOR_CUSTOMER
/entruempelung-koetzting,/entruempelung-landsberg-am-lech,service,service,0.143,1.000,1.000,1.000,0,9,no,HIGH_OVERLAP,REVIEW_SHARED_FAQ;DIFFERENTIATE_MAIN_CONTENT;REWRITE_FOR_CUSTOMER
/entruempelung-koetzting,/entruempelung-landshut,service,service,0.125,1.000,1.000,0.850,0,6,no,HIGH_OVERLAP,REVIEW_SHARED_FAQ;DIFFERENTIATE_MAIN_CONTENT;REWRITE_FOR_CUSTOMER
/entruempelung-koetzting,/entruempelung-langquaid,service,service,0.143,1.000,1.000,1.000,0,9,no,HIGH_OVERLAP,REVIEW_SHARED_FAQ;DIFFERENTIATE_MAIN_CONTENT;REWRITE_FOR_CUSTOMER
/entruempelung-koetzting,/entruempelung-lappersdorf,service,service,0.125,1.000,1.000,0.980,0,9,no,HIGH_OVERLAP,REVIEW_SHARED_FAQ;DIFFERENTIATE_MAIN_CONTENT;REWRITE_FOR_CUSTOMER
/entruempelung-laaber,/entruempelung-landau-an-der-isar,service,service,0.143,1.000,1.000,1.000,0,9,no,HIGH_OVERLAP,REVIEW_SHARED_FAQ;DIFFERENTIATE_MAIN_CONTENT;REWRITE_FOR_CUSTOMER
/entruempelung-laaber,/entruempelung-landsberg-am-lech,service,service,0.143,1.000,1.000,1.000,0,9,no,HIGH_OVERLAP,REVIEW_SHARED_FAQ;DIFFERENTIATE_MAIN_CONTENT;REWRITE_FOR_CUSTOMER
/entruempelung-laaber,/entruempelung-landshut,service,service,0.125,1.000,1.000,0.850,0,6,no,HIGH_OVERLAP,REVIEW_SHARED_FAQ;DIFFERENTIATE_MAIN_CONTENT;REWRITE_FOR_CUSTOMER
/entruempelung-laaber,/entruempelung-langquaid,service,service,0.143,1.000,1.000,1.000,0,9,no,HIGH_OVERLAP,REVIEW_SHARED_FAQ;DIFFERENTIATE_MAIN_CONTENT;REWRITE_FOR_CUSTOMER
/entruempelung-laaber,/entruempelung-lappersdorf,service,service,0.125,1.000,1.000,0.980,0,9,no,HIGH_OVERLAP,REVIEW_SHARED_FAQ;DIFFERENTIATE_MAIN_CONTENT;REWRITE_FOR_CUSTOMER
/entruempelung-landau-an-der-isar,/entruempelung-landsberg-am-lech,service,service,0.143,1.000,1.000,1.000,0,9,no,HIGH_OVERLAP,REVIEW_SHARED_FAQ;DIFFERENTIATE_MAIN_CONTENT;REWRITE_FOR_CUSTOMER
/entruempelung-landau-an-der-isar,/entruempelung-landshut,service,service,0.286,1.000,1.000,0.850,0,6,no,HIGH_OVERLAP,REVIEW_SHARED_FAQ;DIFFERENTIATE_MAIN_CONTENT;REWRITE_FOR_CUSTOMER
/entruempelung-landau-an-der-isar,/entruempelung-langquaid,service,service,0.143,1.000,1.000,1.000,0,9,no,HIGH_OVERLAP,REVIEW_SHARED_FAQ;DIFFERENTIATE_MAIN_CONTENT;REWRITE_FOR_CUSTOMER
/entruempelung-landau-an-der-isar,/entruempelung-lappersdorf,service,service,0.286,1.000,1.000,0.980,0,9,no,HIGH_OVERLAP,REVIEW_SHARED_FAQ;DIFFERENTIATE_MAIN_CONTENT;REWRITE_FOR_CUSTOMER
/entruempelung-landsberg-am-lech,/entruempelung-landshut,service,service,0.125,1.000,1.000,0.850,0,6,no,HIGH_OVERLAP,REVIEW_SHARED_FAQ;DIFFERENTIATE_MAIN_CONTENT;REWRITE_FOR_CUSTOMER
/entruempelung-landsberg-am-lech,/entruempelung-langquaid,service,service,1.000,1.000,1.000,1.000,0,9,no,HIGH_OVERLAP,REVIEW_SHARED_FAQ;DIFFERENTIATE_MAIN_CONTENT;REWRITE_FOR_CUSTOMER
/entruempelung-landsberg-am-lech,/entruempelung-lappersdorf,service,service,0.125,1.000,1.000,0.980,0,9,no,HIGH_OVERLAP,REVIEW_SHARED_FAQ;DIFFERENTIATE_MAIN_CONTENT;REWRITE_FOR_CUSTOMER
/entruempelung-landshut,/entruempelung-langquaid,service,service,0.125,1.000,1.000,0.850,0,6,no,HIGH_OVERLAP,REVIEW_SHARED_FAQ;DIFFERENTIATE_MAIN_CONTENT;REWRITE_FOR_CUSTOMER
/entruempelung-landshut,/entruempelung-lappersdorf,service,service,0.111,1.000,1.000,0.835,0,6,no,HIGH_OVERLAP,REVIEW_SHARED_FAQ;DIFFERENTIATE_MAIN_CONTENT;REWRITE_FOR_CUSTOMER
/entruempelung-langquaid,/entruempelung-lappersdorf,service,service,0.125,1.000,1.000,0.980,0,9,no,HIGH_OVERLAP,REVIEW_SHARED_FAQ;DIFFERENTIATE_MAIN_CONTENT;REWRITE_FOR_CUSTOMER
/entruempelung-lauf-an-der-pegnitz,/entruempelung-lupburg,service,service,0.143,1.000,1.000,1.000,0,9,no,HIGH_OVERLAP,REVIEW_SHARED_FAQ;DIFFERENTIATE_MAIN_CONTENT;REWRITE_FOR_CUSTOMER
/entruempelung-lauf-an-der-pegnitz,/entruempelung-mainburg,service,service,0.143,1.000,1.000,1.000,0,9,no,HIGH_OVERLAP,REVIEW_SHARED_FAQ;DIFFERENTIATE_MAIN_CONTENT;REWRITE_FOR_CUSTOMER
/entruempelung-lauf-an-der-pegnitz,/entruempelung-mallersdorf-pfaffenberg,service,service,0.125,1.000,1.000,1.000,0,9,no,HIGH_OVERLAP,REVIEW_SHARED_FAQ;DIFFERENTIATE_MAIN_CONTENT;REWRITE_FOR_CUSTOMER
/entruempelung-lauf-an-der-pegnitz,/entruempelung-mammendorf,service,service,1.000,1.000,1.000,1.000,0,9,no,HIGH_OVERLAP,REVIEW_SHARED_FAQ;DIFFERENTIATE_MAIN_CONTENT;REWRITE_FOR_CUSTOMER
/entruempelung-lauf-an-der-pegnitz,/entruempelung-maxhuette-haidhof,service,service,0.143,1.000,1.000,1.000,0,9,no,HIGH_OVERLAP,REVIEW_SHARED_FAQ;DIFFERENTIATE_MAIN_CONTENT;REWRITE_FOR_CUSTOMER
/entruempelung-lauf-an-der-pegnitz,/entruempelung-mering,service,service,1.000,1.000,1.000,1.000,0,9,no,HIGH_OVERLAP,REVIEW_SHARED_FAQ;DIFFERENTIATE_MAIN_CONTENT;REWRITE_FOR_CUSTOMER
/entruempelung-lauf-an-der-pegnitz,/entruempelung-mintraching,service,service,0.125,1.000,1.000,1.000,0,9,no,HIGH_OVERLAP,REVIEW_SHARED_FAQ;DIFFERENTIATE_MAIN_CONTENT;REWRITE_FOR_CUSTOMER
/entruempelung-lupburg,/entruempelung-mainburg,service,service,1.000,1.000,1.000,1.000,0,9,no,HIGH_OVERLAP,REVIEW_SHARED_FAQ;DIFFERENTIATE_MAIN_CONTENT;REWRITE_FOR_CUSTOMER
/entruempelung-lupburg,/entruempelung-mallersdorf-pfaffenberg,service,service,0.286,1.000,1.000,1.000,0,9,no,HIGH_OVERLAP,REVIEW_SHARED_FAQ;DIFFERENTIATE_MAIN_CONTENT;REWRITE_FOR_CUSTOMER
/entruempelung-lupburg,/entruempelung-mammendorf,service,service,0.143,1.000,1.000,1.000,0,9,no,HIGH_OVERLAP,REVIEW_SHARED_FAQ;DIFFERENTIATE_MAIN_CONTENT;REWRITE_FOR_CUSTOMER
/entruempelung-lupburg,/entruempelung-maxhuette-haidhof,service,service,1.000,1.000,1.000,1.000,0,9,no,HIGH_OVERLAP,REVIEW_SHARED_FAQ;DIFFERENTIATE_MAIN_CONTENT;REWRITE_FOR_CUSTOMER
/entruempelung-lupburg,/entruempelung-mering,service,service,0.143,1.000,1.000,1.000,0,9,no,HIGH_OVERLAP,REVIEW_SHARED_FAQ;DIFFERENTIATE_MAIN_CONTENT;REWRITE_FOR_CUSTOMER
/entruempelung-lupburg,/entruempelung-mintraching,service,service,0.286,1.000,1.000,1.000,0,9,no,HIGH_OVERLAP,REVIEW_SHARED_FAQ;DIFFERENTIATE_MAIN_CONTENT;REWRITE_FOR_CUSTOMER
/entruempelung-mainburg,/entruempelung-mallersdorf-pfaffenberg,service,service,0.286,1.000,1.000,1.000,0,9,no,HIGH_OVERLAP,REVIEW_SHARED_FAQ;DIFFERENTIATE_MAIN_CONTENT;REWRITE_FOR_CUSTOMER
/entruempelung-mainburg,/entruempelung-mammendorf,service,service,0.143,1.000,1.000,1.000,0,9,no,HIGH_OVERLAP,REVIEW_SHARED_FAQ;DIFFERENTIATE_MAIN_CONTENT;REWRITE_FOR_CUSTOMER
/entruempelung-mainburg,/entruempelung-maxhuette-haidhof,service,service,1.000,1.000,1.000,1.000,0,9,no,HIGH_OVERLAP,REVIEW_SHARED_FAQ;DIFFERENTIATE_MAIN_CONTENT;REWRITE_FOR_CUSTOMER
/entruempelung-mainburg,/entruempelung-mering,service,service,0.143,1.000,1.000,1.000,0,9,no,HIGH_OVERLAP,REVIEW_SHARED_FAQ;DIFFERENTIATE_MAIN_CONTENT;REWRITE_FOR_CUSTOMER
/entruempelung-mainburg,/entruempelung-mintraching,service,service,0.286,1.000,1.000,1.000,0,9,no,HIGH_OVERLAP,REVIEW_SHARED_FAQ;DIFFERENTIATE_MAIN_CONTENT;REWRITE_FOR_CUSTOMER
/entruempelung-mallersdorf-pfaffenberg,/entruempelung-mammendorf,service,service,0.125,1.000,1.000,1.000,0,9,no,HIGH_OVERLAP,REVIEW_SHARED_FAQ;DIFFERENTIATE_MAIN_CONTENT;REWRITE_FOR_CUSTOMER
/entruempelung-mallersdorf-pfaffenberg,/entruempelung-maxhuette-haidhof,service,service,0.286,1.000,1.000,1.000,0,9,no,HIGH_OVERLAP,REVIEW_SHARED_FAQ;DIFFERENTIATE_MAIN_CONTENT;REWRITE_FOR_CUSTOMER
/entruempelung-mallersdorf-pfaffenberg,/entruempelung-mering,service,service,0.125,1.000,1.000,1.000,0,9,no,HIGH_OVERLAP,REVIEW_SHARED_FAQ;DIFFERENTIATE_MAIN_CONTENT;REWRITE_FOR_CUSTOMER
/entruempelung-mallersdorf-pfaffenberg,/entruempelung-mintraching,service,service,1.000,1.000,1.000,1.000,0,9,no,HIGH_OVERLAP,REVIEW_SHARED_FAQ;DIFFERENTIATE_MAIN_CONTENT;REWRITE_FOR_CUSTOMER
/entruempelung-mammendorf,/entruempelung-maxhuette-haidhof,service,service,0.143,1.000,1.000,1.000,0,9,no,HIGH_OVERLAP,REVIEW_SHARED_FAQ;DIFFERENTIATE_MAIN_CONTENT;REWRITE_FOR_CUSTOMER
/entruempelung-mammendorf,/entruempelung-mering,service,service,1.000,1.000,1.000,1.000,0,9,no,HIGH_OVERLAP,REVIEW_SHARED_FAQ;DIFFERENTIATE_MAIN_CONTENT;REWRITE_FOR_CUSTOMER
/entruempelung-mammendorf,/entruempelung-mintraching,service,service,0.125,1.000,1.000,1.000,0,9,no,HIGH_OVERLAP,REVIEW_SHARED_FAQ;DIFFERENTIATE_MAIN_CONTENT;REWRITE_FOR_CUSTOMER
/entruempelung-maxhuette-haidhof,/entruempelung-mering,service,service,0.143,1.000,1.000,1.000,0,9,no,HIGH_OVERLAP,REVIEW_SHARED_FAQ;DIFFERENTIATE_MAIN_CONTENT;REWRITE_FOR_CUSTOMER
/entruempelung-maxhuette-haidhof,/entruempelung-mintraching,service,service,0.286,1.000,1.000,1.000,0,9,no,HIGH_OVERLAP,REVIEW_SHARED_FAQ;DIFFERENTIATE_MAIN_CONTENT;REWRITE_FOR_CUSTOMER
/entruempelung-mering,/entruempelung-mintraching,service,service,0.125,1.000,1.000,1.000,0,9,no,HIGH_OVERLAP,REVIEW_SHARED_FAQ;DIFFERENTIATE_MAIN_CONTENT;REWRITE_FOR_CUSTOMER
/entruempelung-moetzing,/entruempelung-moosburg,service,service,0.286,1.000,1.000,1.000,0,9,no,HIGH_OVERLAP,REVIEW_SHARED_FAQ;DIFFERENTIATE_MAIN_CONTENT;REWRITE_FOR_CUSTOMER
/entruempelung-moetzing,/entruempelung-muenchen,service,service,0.143,1.000,1.000,0.980,0,9,no,HIGH_OVERLAP,REVIEW_SHARED_FAQ;DIFFERENTIATE_MAIN_CONTENT;REWRITE_FOR_CUSTOMER
/entruempelung-moetzing,/entruempelung-nabburg,service,service,1.000,1.000,1.000,1.000,0,9,no,HIGH_OVERLAP,REVIEW_SHARED_FAQ;DIFFERENTIATE_MAIN_CONTENT;REWRITE_FOR_CUSTOMER
/entruempelung-moetzing,/entruempelung-neu-ulm,service,service,1.000,1.000,1.000,1.000,0,9,no,HIGH_OVERLAP,REVIEW_SHARED_FAQ;DIFFERENTIATE_MAIN_CONTENT;REWRITE_FOR_CUSTOMER
/entruempelung-moetzing,/entruempelung-neufahrn-in-niederbayern,service,service,0.143,1.000,1.000,0.988,0,9,no,HIGH_OVERLAP,REVIEW_SHARED_FAQ;DIFFERENTIATE_MAIN_CONTENT;REWRITE_FOR_CUSTOMER
/entruempelung-moetzing,/entruempelung-neumarkt,service,service,1.000,1.000,1.000,0.918,0,6,no,HIGH_OVERLAP,REVIEW_SHARED_FAQ;DIFFERENTIATE_MAIN_CONTENT;REWRITE_FOR_CUSTOMER
/entruempelung-moetzing,/entruempelung-neunburg-vorm-wald,service,service,0.286,1.000,1.000,1.000,0,9,no,HIGH_OVERLAP,REVIEW_SHARED_FAQ;DIFFERENTIATE_MAIN_CONTENT;REWRITE_FOR_CUSTOMER
/entruempelung-moosburg,/entruempelung-muenchen,service,service,0.125,1.000,1.000,0.980,0,9,no,HIGH_OVERLAP,REVIEW_SHARED_FAQ;DIFFERENTIATE_MAIN_CONTENT;REWRITE_FOR_CUSTOMER
/entruempelung-moosburg,/entruempelung-nabburg,service,service,0.286,1.000,1.000,1.000,0,9,no,HIGH_OVERLAP,REVIEW_SHARED_FAQ;DIFFERENTIATE_MAIN_CONTENT;REWRITE_FOR_CUSTOMER
/entruempelung-moosburg,/entruempelung-neu-ulm,service,service,0.286,1.000,1.000,1.000,0,9,no,HIGH_OVERLAP,REVIEW_SHARED_FAQ;DIFFERENTIATE_MAIN_CONTENT;REWRITE_FOR_CUSTOMER
/entruempelung-moosburg,/entruempelung-neufahrn-in-niederbayern,service,service,0.125,1.000,1.000,0.988,0,9,no,HIGH_OVERLAP,REVIEW_SHARED_FAQ;DIFFERENTIATE_MAIN_CONTENT;REWRITE_FOR_CUSTOMER
/entruempelung-moosburg,/entruempelung-neumarkt,service,service,0.286,1.000,1.000,0.918,0,6,no,HIGH_OVERLAP,REVIEW_SHARED_FAQ;DIFFERENTIATE_MAIN_CONTENT;REWRITE_FOR_CUSTOMER
/entruempelung-moosburg,/entruempelung-neunburg-vorm-wald,service,service,1.000,1.000,1.000,1.000,0,9,no,HIGH_OVERLAP,REVIEW_SHARED_FAQ;DIFFERENTIATE_MAIN_CONTENT;REWRITE_FOR_CUSTOMER
/entruempelung-muenchen,/entruempelung-nabburg,service,service,0.143,1.000,1.000,0.980,0,9,no,HIGH_OVERLAP,REVIEW_SHARED_FAQ;DIFFERENTIATE_MAIN_CONTENT;REWRITE_FOR_CUSTOMER
/entruempelung-muenchen,/entruempelung-neu-ulm,service,service,0.143,1.000,1.000,0.980,0,9,no,HIGH_OVERLAP,REVIEW_SHARED_FAQ;DIFFERENTIATE_MAIN_CONTENT;REWRITE_FOR_CUSTOMER
/entruempelung-muenchen,/entruempelung-neufahrn-in-niederbayern,service,service,0.143,1.000,1.000,0.969,0,9,no,HIGH_OVERLAP,REVIEW_SHARED_FAQ;DIFFERENTIATE_MAIN_CONTENT;REWRITE_FOR_CUSTOMER
/entruempelung-muenchen,/entruempelung-neumarkt,service,service,0.143,1.000,1.000,0.899,0,6,no,HIGH_OVERLAP,REVIEW_SHARED_FAQ;DIFFERENTIATE_MAIN_CONTENT;REWRITE_FOR_CUSTOMER
/entruempelung-muenchen,/entruempelung-neunburg-vorm-wald,service,service,0.125,1.000,1.000,0.980,0,9,no,HIGH_OVERLAP,REVIEW_SHARED_FAQ;DIFFERENTIATE_MAIN_CONTENT;REWRITE_FOR_CUSTOMER
/entruempelung-nabburg,/entruempelung-neu-ulm,service,service,1.000,1.000,1.000,1.000,0,9,no,HIGH_OVERLAP,REVIEW_SHARED_FAQ;DIFFERENTIATE_MAIN_CONTENT;REWRITE_FOR_CUSTOMER
/entruempelung-nabburg,/entruempelung-neufahrn-in-niederbayern,service,service,0.143,1.000,1.000,0.988,0,9,no,HIGH_OVERLAP,REVIEW_SHARED_FAQ;DIFFERENTIATE_MAIN_CONTENT;REWRITE_FOR_CUSTOMER
/entruempelung-nabburg,/entruempelung-neumarkt,service,service,1.000,1.000,1.000,0.918,0,6,no,HIGH_OVERLAP,REVIEW_SHARED_FAQ;DIFFERENTIATE_MAIN_CONTENT;REWRITE_FOR_CUSTOMER
/entruempelung-nabburg,/entruempelung-neunburg-vorm-wald,service,service,0.286,1.000,1.000,1.000,0,9,no,HIGH_OVERLAP,REVIEW_SHARED_FAQ;DIFFERENTIATE_MAIN_CONTENT;REWRITE_FOR_CUSTOMER
/entruempelung-neu-ulm,/entruempelung-neufahrn-in-niederbayern,service,service,0.143,1.000,1.000,0.988,0,9,no,HIGH_OVERLAP,REVIEW_SHARED_FAQ;DIFFERENTIATE_MAIN_CONTENT;REWRITE_FOR_CUSTOMER
/entruempelung-neu-ulm,/entruempelung-neumarkt,service,service,1.000,1.000,1.000,0.918,0,6,no,HIGH_OVERLAP,REVIEW_SHARED_FAQ;DIFFERENTIATE_MAIN_CONTENT;REWRITE_FOR_CUSTOMER
/entruempelung-neu-ulm,/entruempelung-neunburg-vorm-wald,service,service,0.286,1.000,1.000,1.000,0,9,no,HIGH_OVERLAP,REVIEW_SHARED_FAQ;DIFFERENTIATE_MAIN_CONTENT;REWRITE_FOR_CUSTOMER
/entruempelung-neufahrn-in-niederbayern,/entruempelung-neumarkt,service,service,0.143,1.000,1.000,0.908,0,6,no,HIGH_OVERLAP,REVIEW_SHARED_FAQ;DIFFERENTIATE_MAIN_CONTENT;REWRITE_FOR_CUSTOMER
/entruempelung-neufahrn-in-niederbayern,/entruempelung-neunburg-vorm-wald,service,service,0.125,1.000,1.000,0.988,0,9,no,HIGH_OVERLAP,REVIEW_SHARED_FAQ;DIFFERENTIATE_MAIN_CONTENT;REWRITE_FOR_CUSTOMER
/entruempelung-neumarkt,/entruempelung-neunburg-vorm-wald,service,service,0.286,1.000,1.000,0.918,0,6,no,HIGH_OVERLAP,REVIEW_SHARED_FAQ;DIFFERENTIATE_MAIN_CONTENT;REWRITE_FOR_CUSTOMER
/entruempelung-neusaess,/entruempelung-neustadt-an-der-donau,service,service,0.143,1.000,1.000,1.000,0,9,no,HIGH_OVERLAP,REVIEW_SHARED_FAQ;DIFFERENTIATE_MAIN_CONTENT;REWRITE_FOR_CUSTOMER
/entruempelung-neusaess,/entruempelung-neustadt-an-der-waldnaab,service,service,0.143,1.000,1.000,1.000,0,9,no,HIGH_OVERLAP,REVIEW_SHARED_FAQ;DIFFERENTIATE_MAIN_CONTENT;REWRITE_FOR_CUSTOMER
/entruempelung-neusaess,/entruempelung-neutraubling,service,service,0.143,1.000,1.000,0.980,0,9,no,HIGH_OVERLAP,REVIEW_SHARED_FAQ;DIFFERENTIATE_MAIN_CONTENT;REWRITE_FOR_CUSTOMER
/entruempelung-neusaess,/entruempelung-nittenau,service,service,0.143,1.000,1.000,1.000,0,9,no,HIGH_OVERLAP,REVIEW_SHARED_FAQ;DIFFERENTIATE_MAIN_CONTENT;REWRITE_FOR_CUSTOMER
/entruempelung-neusaess,/entruempelung-nittendorf,service,service,0.143,1.000,1.000,1.000,0,9,no,HIGH_OVERLAP,REVIEW_SHARED_FAQ;DIFFERENTIATE_MAIN_CONTENT;REWRITE_FOR_CUSTOMER
/entruempelung-neusaess,/entruempelung-nuernberg,service,service,0.286,1.000,1.000,0.974,0,9,no,HIGH_OVERLAP,REVIEW_SHARED_FAQ;DIFFERENTIATE_MAIN_CONTENT;REWRITE_FOR_CUSTOMER
/entruempelung-neusaess,/entruempelung-oberasbach,service,service,0.286,1.000,1.000,1.000,0,9,no,HIGH_OVERLAP,REVIEW_SHARED_FAQ;DIFFERENTIATE_MAIN_CONTENT;REWRITE_FOR_CUSTOMER
/entruempelung-neustadt-an-der-donau,/entruempelung-neustadt-an-der-waldnaab,service,service,0.143,1.000,1.000,1.000,0,9,no,HIGH_OVERLAP,REVIEW_SHARED_FAQ;DIFFERENTIATE_MAIN_CONTENT;REWRITE_FOR_CUSTOMER
/entruempelung-neustadt-an-der-donau,/entruempelung-neutraubling,service,service,1.000,1.000,1.000,0.980,0,9,no,HIGH_OVERLAP,REVIEW_SHARED_FAQ;DIFFERENTIATE_MAIN_CONTENT;REWRITE_FOR_CUSTOMER
/entruempelung-neustadt-an-der-donau,/entruempelung-nittenau,service,service,1.000,1.000,1.000,1.000,0,9,no,HIGH_OVERLAP,REVIEW_SHARED_FAQ;DIFFERENTIATE_MAIN_CONTENT;REWRITE_FOR_CUSTOMER
/entruempelung-neustadt-an-der-donau,/entruempelung-nittendorf,service,service,0.143,1.000,1.000,1.000,0,9,no,HIGH_OVERLAP,REVIEW_SHARED_FAQ;DIFFERENTIATE_MAIN_CONTENT;REWRITE_FOR_CUSTOMER
/entruempelung-neustadt-an-der-donau,/entruempelung-nuernberg,service,service,0.125,1.000,1.000,0.974,0,9,no,HIGH_OVERLAP,REVIEW_SHARED_FAQ;DIFFERENTIATE_MAIN_CONTENT;REWRITE_FOR_CUSTOMER
/entruempelung-neustadt-an-der-donau,/entruempelung-oberasbach,service,service,0.125,1.000,1.000,1.000,0,9,no,HIGH_OVERLAP,REVIEW_SHARED_FAQ;DIFFERENTIATE_MAIN_CONTENT;REWRITE_FOR_CUSTOMER
/entruempelung-neustadt-an-der-waldnaab,/entruempelung-neutraubling,service,service,0.143,1.000,1.000,0.980,0,9,no,HIGH_OVERLAP,REVIEW_SHARED_FAQ;DIFFERENTIATE_MAIN_CONTENT;REWRITE_FOR_CUSTOMER
/entruempelung-neustadt-an-der-waldnaab,/entruempelung-nittenau,service,service,0.143,1.000,1.000,1.000,0,9,no,HIGH_OVERLAP,REVIEW_SHARED_FAQ;DIFFERENTIATE_MAIN_CONTENT;REWRITE_FOR_CUSTOMER
/entruempelung-neustadt-an-der-waldnaab,/entruempelung-nittendorf,service,service,1.000,1.000,1.000,1.000,0,9,no,HIGH_OVERLAP,REVIEW_SHARED_FAQ;DIFFERENTIATE_MAIN_CONTENT;REWRITE_FOR_CUSTOMER
/entruempelung-neustadt-an-der-waldnaab,/entruempelung-nuernberg,service,service,0.125,1.000,1.000,0.974,0,9,no,HIGH_OVERLAP,REVIEW_SHARED_FAQ;DIFFERENTIATE_MAIN_CONTENT;REWRITE_FOR_CUSTOMER
/entruempelung-neustadt-an-der-waldnaab,/entruempelung-oberasbach,service,service,0.125,1.000,1.000,1.000,0,9,no,HIGH_OVERLAP,REVIEW_SHARED_FAQ;DIFFERENTIATE_MAIN_CONTENT;REWRITE_FOR_CUSTOMER
/entruempelung-neutraubling,/entruempelung-nittenau,service,service,1.000,1.000,1.000,0.980,0,9,no,HIGH_OVERLAP,REVIEW_SHARED_FAQ;DIFFERENTIATE_MAIN_CONTENT;REWRITE_FOR_CUSTOMER
/entruempelung-neutraubling,/entruempelung-nittendorf,service,service,0.143,1.000,1.000,0.980,0,9,no,HIGH_OVERLAP,REVIEW_SHARED_FAQ;DIFFERENTIATE_MAIN_CONTENT;REWRITE_FOR_CUSTOMER
/entruempelung-neutraubling,/entruempelung-nuernberg,service,service,0.125,1.000,1.000,0.958,0,9,no,HIGH_OVERLAP,REVIEW_SHARED_FAQ;DIFFERENTIATE_MAIN_CONTENT;REWRITE_FOR_CUSTOMER
/entruempelung-neutraubling,/entruempelung-oberasbach,service,service,0.125,1.000,1.000,0.980,0,9,no,HIGH_OVERLAP,REVIEW_SHARED_FAQ;DIFFERENTIATE_MAIN_CONTENT;REWRITE_FOR_CUSTOMER
/entruempelung-nittenau,/entruempelung-nittendorf,service,service,0.143,1.000,1.000,1.000,0,9,no,HIGH_OVERLAP,REVIEW_SHARED_FAQ;DIFFERENTIATE_MAIN_CONTENT;REWRITE_FOR_CUSTOMER
/entruempelung-nittenau,/entruempelung-nuernberg,service,service,0.125,1.000,1.000,0.974,0,9,no,HIGH_OVERLAP,REVIEW_SHARED_FAQ;DIFFERENTIATE_MAIN_CONTENT;REWRITE_FOR_CUSTOMER
/entruempelung-nittenau,/entruempelung-oberasbach,service,service,0.125,1.000,1.000,1.000,0,9,no,HIGH_OVERLAP,REVIEW_SHARED_FAQ;DIFFERENTIATE_MAIN_CONTENT;REWRITE_FOR_CUSTOMER
/entruempelung-nittendorf,/entruempelung-nuernberg,service,service,0.125,1.000,1.000,0.974,0,9,no,HIGH_OVERLAP,REVIEW_SHARED_FAQ;DIFFERENTIATE_MAIN_CONTENT;REWRITE_FOR_CUSTOMER
/entruempelung-nittendorf,/entruempelung-oberasbach,service,service,0.125,1.000,1.000,1.000,0,9,no,HIGH_OVERLAP,REVIEW_SHARED_FAQ;DIFFERENTIATE_MAIN_CONTENT;REWRITE_FOR_CUSTOMER
/entruempelung-nuernberg,/entruempelung-oberasbach,service,service,0.111,1.000,1.000,0.974,0,9,no,HIGH_OVERLAP,REVIEW_SHARED_FAQ;DIFFERENTIATE_MAIN_CONTENT;REWRITE_FOR_CUSTOMER
/entruempelung-obertraubling,/entruempelung-oberviechtach,service,service,0.143,1.000,1.000,0.980,0,9,no,HIGH_OVERLAP,REVIEW_SHARED_FAQ;DIFFERENTIATE_MAIN_CONTENT;REWRITE_FOR_CUSTOMER
/entruempelung-obertraubling,/entruempelung-olching,service,service,0.125,1.000,1.000,0.980,0,9,no,HIGH_OVERLAP,REVIEW_SHARED_FAQ;DIFFERENTIATE_MAIN_CONTENT;REWRITE_FOR_CUSTOMER
/entruempelung-obertraubling,/entruempelung-osterhofen,service,service,0.143,1.000,1.000,0.980,0,9,no,HIGH_OVERLAP,REVIEW_SHARED_FAQ;DIFFERENTIATE_MAIN_CONTENT;REWRITE_FOR_CUSTOMER
/entruempelung-obertraubling,/entruempelung-painten,service,service,0.143,1.000,1.000,0.980,0,9,no,HIGH_OVERLAP,REVIEW_SHARED_FAQ;DIFFERENTIATE_MAIN_CONTENT;REWRITE_FOR_CUSTOMER
/entruempelung-obertraubling,/entruempelung-parsberg,service,service,0.125,1.000,1.000,0.980,0,9,no,HIGH_OVERLAP,REVIEW_SHARED_FAQ;DIFFERENTIATE_MAIN_CONTENT;REWRITE_FOR_CUSTOMER
/entruempelung-obertraubling,/entruempelung-passau,service,service,0.143,1.000,1.000,0.925,0,6,no,HIGH_OVERLAP,REVIEW_SHARED_FAQ;DIFFERENTIATE_MAIN_CONTENT;REWRITE_FOR_CUSTOMER
/entruempelung-obertraubling,/entruempelung-pentling,service,service,0.143,1.000,1.000,1.000,0,9,no,HIGH_OVERLAP,REVIEW_SHARED_FAQ;DIFFERENTIATE_MAIN_CONTENT;REWRITE_FOR_CUSTOMER
/entruempelung-oberviechtach,/entruempelung-olching,service,service,0.125,1.000,1.000,1.000,0,9,no,HIGH_OVERLAP,REVIEW_SHARED_FAQ;DIFFERENTIATE_MAIN_CONTENT;REWRITE_FOR_CUSTOMER
/entruempelung-oberviechtach,/entruempelung-osterhofen,service,service,1.000,1.000,1.000,1.000,0,9,no,HIGH_OVERLAP,REVIEW_SHARED_FAQ;DIFFERENTIATE_MAIN_CONTENT;REWRITE_FOR_CUSTOMER
/entruempelung-oberviechtach,/entruempelung-painten,service,service,0.143,1.000,1.000,1.000,0,9,no,HIGH_OVERLAP,REVIEW_SHARED_FAQ;DIFFERENTIATE_MAIN_CONTENT;REWRITE_FOR_CUSTOMER
/entruempelung-oberviechtach,/entruempelung-parsberg,service,service,0.125,1.000,1.000,1.000,0,9,no,HIGH_OVERLAP,REVIEW_SHARED_FAQ;DIFFERENTIATE_MAIN_CONTENT;REWRITE_FOR_CUSTOMER
/entruempelung-oberviechtach,/entruempelung-passau,service,service,0.143,1.000,1.000,0.908,0,6,no,HIGH_OVERLAP,REVIEW_SHARED_FAQ;DIFFERENTIATE_MAIN_CONTENT;REWRITE_FOR_CUSTOMER
/entruempelung-oberviechtach,/entruempelung-pentling,service,service,0.143,1.000,1.000,0.980,0,9,no,HIGH_OVERLAP,REVIEW_SHARED_FAQ;DIFFERENTIATE_MAIN_CONTENT;REWRITE_FOR_CUSTOMER
/entruempelung-olching,/entruempelung-osterhofen,service,service,0.125,1.000,1.000,1.000,0,9,no,HIGH_OVERLAP,REVIEW_SHARED_FAQ;DIFFERENTIATE_MAIN_CONTENT;REWRITE_FOR_CUSTOMER
/entruempelung-olching,/entruempelung-painten,service,service,0.286,1.000,1.000,1.000,0,9,no,HIGH_OVERLAP,REVIEW_SHARED_FAQ;DIFFERENTIATE_MAIN_CONTENT;REWRITE_FOR_CUSTOMER
/entruempelung-olching,/entruempelung-parsberg,service,service,1.000,1.000,1.000,1.000,0,9,no,HIGH_OVERLAP,REVIEW_SHARED_FAQ;DIFFERENTIATE_MAIN_CONTENT;REWRITE_FOR_CUSTOMER
/entruempelung-olching,/entruempelung-passau,service,service,0.286,1.000,1.000,0.908,0,6,no,HIGH_OVERLAP,REVIEW_SHARED_FAQ;DIFFERENTIATE_MAIN_CONTENT;REWRITE_FOR_CUSTOMER
/entruempelung-olching,/entruempelung-pentling,service,service,0.286,1.000,1.000,0.980,0,9,no,HIGH_OVERLAP,REVIEW_SHARED_FAQ;DIFFERENTIATE_MAIN_CONTENT;REWRITE_FOR_CUSTOMER
/entruempelung-osterhofen,/entruempelung-painten,service,service,0.143,1.000,1.000,1.000,0,9,no,HIGH_OVERLAP,REVIEW_SHARED_FAQ;DIFFERENTIATE_MAIN_CONTENT;REWRITE_FOR_CUSTOMER
/entruempelung-osterhofen,/entruempelung-parsberg,service,service,0.125,1.000,1.000,1.000,0,9,no,HIGH_OVERLAP,REVIEW_SHARED_FAQ;DIFFERENTIATE_MAIN_CONTENT;REWRITE_FOR_CUSTOMER
/entruempelung-osterhofen,/entruempelung-passau,service,service,0.143,1.000,1.000,0.908,0,6,no,HIGH_OVERLAP,REVIEW_SHARED_FAQ;DIFFERENTIATE_MAIN_CONTENT;REWRITE_FOR_CUSTOMER
/entruempelung-osterhofen,/entruempelung-pentling,service,service,0.143,1.000,1.000,0.980,0,9,no,HIGH_OVERLAP,REVIEW_SHARED_FAQ;DIFFERENTIATE_MAIN_CONTENT;REWRITE_FOR_CUSTOMER
/entruempelung-painten,/entruempelung-parsberg,service,service,0.286,1.000,1.000,1.000,0,9,no,HIGH_OVERLAP,REVIEW_SHARED_FAQ;DIFFERENTIATE_MAIN_CONTENT;REWRITE_FOR_CUSTOMER
/entruempelung-painten,/entruempelung-passau,service,service,1.000,1.000,1.000,0.908,0,6,no,HIGH_OVERLAP,REVIEW_SHARED_FAQ;DIFFERENTIATE_MAIN_CONTENT;REWRITE_FOR_CUSTOMER
/entruempelung-painten,/entruempelung-pentling,service,service,1.000,1.000,1.000,0.980,0,9,no,HIGH_OVERLAP,REVIEW_SHARED_FAQ;DIFFERENTIATE_MAIN_CONTENT;REWRITE_FOR_CUSTOMER
/entruempelung-parsberg,/entruempelung-passau,service,service,0.286,1.000,1.000,0.908,0,6,no,HIGH_OVERLAP,REVIEW_SHARED_FAQ;DIFFERENTIATE_MAIN_CONTENT;REWRITE_FOR_CUSTOMER
/entruempelung-parsberg,/entruempelung-pentling,service,service,0.286,1.000,1.000,0.980,0,9,no,HIGH_OVERLAP,REVIEW_SHARED_FAQ;DIFFERENTIATE_MAIN_CONTENT;REWRITE_FOR_CUSTOMER
/entruempelung-passau,/entruempelung-pentling,service,service,1.000,1.000,1.000,0.925,0,6,no,HIGH_OVERLAP,REVIEW_SHARED_FAQ;DIFFERENTIATE_MAIN_CONTENT;REWRITE_FOR_CUSTOMER
/entruempelung-pettendorf,/entruempelung-pfaffenhofen,service,service,0.143,1.000,1.000,1.000,0,9,no,HIGH_OVERLAP,REVIEW_SHARED_FAQ;DIFFERENTIATE_MAIN_CONTENT;REWRITE_FOR_CUSTOMER
/entruempelung-pettendorf,/entruempelung-pfarrkirchen,service,service,0.143,1.000,1.000,1.000,0,9,no,HIGH_OVERLAP,REVIEW_SHARED_FAQ;DIFFERENTIATE_MAIN_CONTENT;REWRITE_FOR_CUSTOMER
/entruempelung-pettendorf,/entruempelung-pfatter,service,service,0.286,1.000,1.000,1.000,0,9,no,HIGH_OVERLAP,REVIEW_SHARED_FAQ;DIFFERENTIATE_MAIN_CONTENT;REWRITE_FOR_CUSTOMER
/entruempelung-pettendorf,/entruempelung-pfeffenhausen,service,service,0.286,1.000,1.000,1.000,0,9,no,HIGH_OVERLAP,REVIEW_SHARED_FAQ;DIFFERENTIATE_MAIN_CONTENT;REWRITE_FOR_CUSTOMER
/entruempelung-pettendorf,/entruempelung-pfreimd,service,service,1.000,1.000,1.000,1.000,0,9,no,HIGH_OVERLAP,REVIEW_SHARED_FAQ;DIFFERENTIATE_MAIN_CONTENT;REWRITE_FOR_CUSTOMER
/entruempelung-pettendorf,/entruempelung-pielenhofen,service,service,1.000,1.000,1.000,1.000,0,9,no,HIGH_OVERLAP,REVIEW_SHARED_FAQ;DIFFERENTIATE_MAIN_CONTENT;REWRITE_FOR_CUSTOMER
/entruempelung-pettendorf,/entruempelung-plattling,service,service,1.000,1.000,1.000,1.000,0,9,no,HIGH_OVERLAP,REVIEW_SHARED_FAQ;DIFFERENTIATE_MAIN_CONTENT;REWRITE_FOR_CUSTOMER
/entruempelung-pfaffenhofen,/entruempelung-pfarrkirchen,service,service,0.143,1.000,1.000,1.000,0,9,no,HIGH_OVERLAP,REVIEW_SHARED_FAQ;DIFFERENTIATE_MAIN_CONTENT;REWRITE_FOR_CUSTOMER
/entruempelung-pfaffenhofen,/entruempelung-pfatter,service,service,0.125,1.000,1.000,1.000,0,9,no,HIGH_OVERLAP,REVIEW_SHARED_FAQ;DIFFERENTIATE_MAIN_CONTENT;REWRITE_FOR_CUSTOMER
/entruempelung-pfaffenhofen,/entruempelung-pfeffenhausen,service,service,0.125,1.000,1.000,1.000,0,9,no,HIGH_OVERLAP,REVIEW_SHARED_FAQ;DIFFERENTIATE_MAIN_CONTENT;REWRITE_FOR_CUSTOMER
/entruempelung-pfaffenhofen,/entruempelung-pfreimd,service,service,0.143,1.000,1.000,1.000,0,9,no,HIGH_OVERLAP,REVIEW_SHARED_FAQ;DIFFERENTIATE_MAIN_CONTENT;REWRITE_FOR_CUSTOMER
/entruempelung-pfaffenhofen,/entruempelung-pielenhofen,service,service,0.143,1.000,1.000,1.000,0,9,no,HIGH_OVERLAP,REVIEW_SHARED_FAQ;DIFFERENTIATE_MAIN_CONTENT;REWRITE_FOR_CUSTOMER
/entruempelung-pfaffenhofen,/entruempelung-plattling,service,service,0.143,1.000,1.000,1.000,0,9,no,HIGH_OVERLAP,REVIEW_SHARED_FAQ;DIFFERENTIATE_MAIN_CONTENT;REWRITE_FOR_CUSTOMER
/entruempelung-pfarrkirchen,/entruempelung-pfatter,service,service,0.125,1.000,1.000,1.000,0,9,no,HIGH_OVERLAP,REVIEW_SHARED_FAQ;DIFFERENTIATE_MAIN_CONTENT;REWRITE_FOR_CUSTOMER
/entruempelung-pfarrkirchen,/entruempelung-pfeffenhausen,service,service,0.125,1.000,1.000,1.000,0,9,no,HIGH_OVERLAP,REVIEW_SHARED_FAQ;DIFFERENTIATE_MAIN_CONTENT;REWRITE_FOR_CUSTOMER
/entruempelung-pfarrkirchen,/entruempelung-pfreimd,service,service,0.143,1.000,1.000,1.000,0,9,no,HIGH_OVERLAP,REVIEW_SHARED_FAQ;DIFFERENTIATE_MAIN_CONTENT;REWRITE_FOR_CUSTOMER
/entruempelung-pfarrkirchen,/entruempelung-pielenhofen,service,service,0.143,1.000,1.000,1.000,0,9,no,HIGH_OVERLAP,REVIEW_SHARED_FAQ;DIFFERENTIATE_MAIN_CONTENT;REWRITE_FOR_CUSTOMER
/entruempelung-pfarrkirchen,/entruempelung-plattling,service,service,0.143,1.000,1.000,1.000,0,9,no,HIGH_OVERLAP,REVIEW_SHARED_FAQ;DIFFERENTIATE_MAIN_CONTENT;REWRITE_FOR_CUSTOMER
/entruempelung-pfatter,/entruempelung-pfeffenhausen,service,service,1.000,1.000,1.000,1.000,0,9,no,HIGH_OVERLAP,REVIEW_SHARED_FAQ;DIFFERENTIATE_MAIN_CONTENT;REWRITE_FOR_CUSTOMER
/entruempelung-pfatter,/entruempelung-pfreimd,service,service,0.286,1.000,1.000,1.000,0,9,no,HIGH_OVERLAP,REVIEW_SHARED_FAQ;DIFFERENTIATE_MAIN_CONTENT;REWRITE_FOR_CUSTOMER
/entruempelung-pfatter,/entruempelung-pielenhofen,service,service,0.286,1.000,1.000,1.000,0,9,no,HIGH_OVERLAP,REVIEW_SHARED_FAQ;DIFFERENTIATE_MAIN_CONTENT;REWRITE_FOR_CUSTOMER
/entruempelung-pfatter,/entruempelung-plattling,service,service,0.286,1.000,1.000,1.000,0,9,no,HIGH_OVERLAP,REVIEW_SHARED_FAQ;DIFFERENTIATE_MAIN_CONTENT;REWRITE_FOR_CUSTOMER
/entruempelung-pfeffenhausen,/entruempelung-pfreimd,service,service,0.286,1.000,1.000,1.000,0,9,no,HIGH_OVERLAP,REVIEW_SHARED_FAQ;DIFFERENTIATE_MAIN_CONTENT;REWRITE_FOR_CUSTOMER
/entruempelung-pfeffenhausen,/entruempelung-pielenhofen,service,service,0.286,1.000,1.000,1.000,0,9,no,HIGH_OVERLAP,REVIEW_SHARED_FAQ;DIFFERENTIATE_MAIN_CONTENT;REWRITE_FOR_CUSTOMER
/entruempelung-pfeffenhausen,/entruempelung-plattling,service,service,0.286,1.000,1.000,1.000,0,9,no,HIGH_OVERLAP,REVIEW_SHARED_FAQ;DIFFERENTIATE_MAIN_CONTENT;REWRITE_FOR_CUSTOMER
/entruempelung-pfreimd,/entruempelung-pielenhofen,service,service,1.000,1.000,1.000,1.000,0,9,no,HIGH_OVERLAP,REVIEW_SHARED_FAQ;DIFFERENTIATE_MAIN_CONTENT;REWRITE_FOR_CUSTOMER
/entruempelung-pfreimd,/entruempelung-plattling,service,service,1.000,1.000,1.000,1.000,0,9,no,HIGH_OVERLAP,REVIEW_SHARED_FAQ;DIFFERENTIATE_MAIN_CONTENT;REWRITE_FOR_CUSTOMER
/entruempelung-pielenhofen,/entruempelung-plattling,service,service,1.000,1.000,1.000,1.000,0,9,no,HIGH_OVERLAP,REVIEW_SHARED_FAQ;DIFFERENTIATE_MAIN_CONTENT;REWRITE_FOR_CUSTOMER
/entruempelung-pocking,/entruempelung-postbauer-heng,service,service,0.143,1.000,1.000,1.000,0,9,no,HIGH_OVERLAP,REVIEW_SHARED_FAQ;DIFFERENTIATE_MAIN_CONTENT;REWRITE_FOR_CUSTOMER
/entruempelung-pocking,/entruempelung-regen,service,service,0.143,1.000,1.000,1.000,0,9,no,HIGH_OVERLAP,REVIEW_SHARED_FAQ;DIFFERENTIATE_MAIN_CONTENT;REWRITE_FOR_CUSTOMER
/entruempelung-pocking,/entruempelung-regenstauf,service,service,0.143,1.000,1.000,0.980,0,9,no,HIGH_OVERLAP,REVIEW_SHARED_FAQ;DIFFERENTIATE_MAIN_CONTENT;REWRITE_FOR_CUSTOMER
/entruempelung-pocking,/entruempelung-riedenburg,service,service,0.143,1.000,1.000,1.000,0,9,no,HIGH_OVERLAP,REVIEW_SHARED_FAQ;DIFFERENTIATE_MAIN_CONTENT;REWRITE_FOR_CUSTOMER
/entruempelung-pocking,/entruempelung-riekofen,service,service,1.000,1.000,1.000,1.000,0,9,no,HIGH_OVERLAP,REVIEW_SHARED_FAQ;DIFFERENTIATE_MAIN_CONTENT;REWRITE_FOR_CUSTOMER
/entruempelung-pocking,/entruempelung-roding,service,service,0.143,1.000,1.000,1.000,0,9,no,HIGH_OVERLAP,REVIEW_SHARED_FAQ;DIFFERENTIATE_MAIN_CONTENT;REWRITE_FOR_CUSTOMER
/entruempelung-pocking,/entruempelung-rosenheim,service,service,0.286,1.000,1.000,0.887,0,6,no,HIGH_OVERLAP,REVIEW_SHARED_FAQ;DIFFERENTIATE_MAIN_CONTENT;REWRITE_FOR_CUSTOMER
/entruempelung-postbauer-heng,/entruempelung-regen,service,service,0.143,1.000,1.000,1.000,0,9,no,HIGH_OVERLAP,REVIEW_SHARED_FAQ;DIFFERENTIATE_MAIN_CONTENT;REWRITE_FOR_CUSTOMER
/entruempelung-postbauer-heng,/entruempelung-regenstauf,service,service,1.000,1.000,1.000,0.980,0,9,no,HIGH_OVERLAP,REVIEW_SHARED_FAQ;DIFFERENTIATE_MAIN_CONTENT;REWRITE_FOR_CUSTOMER
/entruempelung-postbauer-heng,/entruempelung-riedenburg,service,service,0.143,1.000,1.000,1.000,0,9,no,HIGH_OVERLAP,REVIEW_SHARED_FAQ;DIFFERENTIATE_MAIN_CONTENT;REWRITE_FOR_CUSTOMER
/entruempelung-postbauer-heng,/entruempelung-riekofen,service,service,0.143,1.000,1.000,1.000,0,9,no,HIGH_OVERLAP,REVIEW_SHARED_FAQ;DIFFERENTIATE_MAIN_CONTENT;REWRITE_FOR_CUSTOMER
/entruempelung-postbauer-heng,/entruempelung-roding,service,service,0.143,1.000,1.000,1.000,0,9,no,HIGH_OVERLAP,REVIEW_SHARED_FAQ;DIFFERENTIATE_MAIN_CONTENT;REWRITE_FOR_CUSTOMER
/entruempelung-postbauer-heng,/entruempelung-rosenheim,service,service,0.125,1.000,1.000,0.887,0,6,no,HIGH_OVERLAP,REVIEW_SHARED_FAQ;DIFFERENTIATE_MAIN_CONTENT;REWRITE_FOR_CUSTOMER
/entruempelung-regen,/entruempelung-regenstauf,service,service,0.143,1.000,1.000,0.980,0,9,no,HIGH_OVERLAP,REVIEW_SHARED_FAQ;DIFFERENTIATE_MAIN_CONTENT;REWRITE_FOR_CUSTOMER
/entruempelung-regen,/entruempelung-riedenburg,service,service,1.000,1.000,1.000,1.000,0,9,no,HIGH_OVERLAP,REVIEW_SHARED_FAQ;DIFFERENTIATE_MAIN_CONTENT;REWRITE_FOR_CUSTOMER
/entruempelung-regen,/entruempelung-riekofen,service,service,0.143,1.000,1.000,1.000,0,9,no,HIGH_OVERLAP,REVIEW_SHARED_FAQ;DIFFERENTIATE_MAIN_CONTENT;REWRITE_FOR_CUSTOMER
/entruempelung-regen,/entruempelung-roding,service,service,1.000,1.000,1.000,1.000,0,9,no,HIGH_OVERLAP,REVIEW_SHARED_FAQ;DIFFERENTIATE_MAIN_CONTENT;REWRITE_FOR_CUSTOMER
/entruempelung-regen,/entruempelung-rosenheim,service,service,0.125,1.000,1.000,0.887,0,6,no,HIGH_OVERLAP,REVIEW_SHARED_FAQ;DIFFERENTIATE_MAIN_CONTENT;REWRITE_FOR_CUSTOMER
/entruempelung-regenstauf,/entruempelung-riedenburg,service,service,0.143,1.000,1.000,0.980,0,9,no,HIGH_OVERLAP,REVIEW_SHARED_FAQ;DIFFERENTIATE_MAIN_CONTENT;REWRITE_FOR_CUSTOMER
/entruempelung-regenstauf,/entruempelung-riekofen,service,service,0.143,1.000,1.000,0.980,0,9,no,HIGH_OVERLAP,REVIEW_SHARED_FAQ;DIFFERENTIATE_MAIN_CONTENT;REWRITE_FOR_CUSTOMER
/entruempelung-regenstauf,/entruempelung-roding,service,service,0.143,1.000,1.000,0.980,0,9,no,HIGH_OVERLAP,REVIEW_SHARED_FAQ;DIFFERENTIATE_MAIN_CONTENT;REWRITE_FOR_CUSTOMER
/entruempelung-regenstauf,/entruempelung-rosenheim,service,service,0.125,1.000,1.000,0.905,0,6,no,HIGH_OVERLAP,REVIEW_SHARED_FAQ;DIFFERENTIATE_MAIN_CONTENT;REWRITE_FOR_CUSTOMER
/entruempelung-riedenburg,/entruempelung-riekofen,service,service,0.143,1.000,1.000,1.000,0,9,no,HIGH_OVERLAP,REVIEW_SHARED_FAQ;DIFFERENTIATE_MAIN_CONTENT;REWRITE_FOR_CUSTOMER
/entruempelung-riedenburg,/entruempelung-roding,service,service,1.000,1.000,1.000,1.000,0,9,no,HIGH_OVERLAP,REVIEW_SHARED_FAQ;DIFFERENTIATE_MAIN_CONTENT;REWRITE_FOR_CUSTOMER
/entruempelung-riedenburg,/entruempelung-rosenheim,service,service,0.125,1.000,1.000,0.887,0,6,no,HIGH_OVERLAP,REVIEW_SHARED_FAQ;DIFFERENTIATE_MAIN_CONTENT;REWRITE_FOR_CUSTOMER
/entruempelung-riekofen,/entruempelung-roding,service,service,0.143,1.000,1.000,1.000,0,9,no,HIGH_OVERLAP,REVIEW_SHARED_FAQ;DIFFERENTIATE_MAIN_CONTENT;REWRITE_FOR_CUSTOMER
/entruempelung-riekofen,/entruempelung-rosenheim,service,service,0.286,1.000,1.000,0.887,0,6,no,HIGH_OVERLAP,REVIEW_SHARED_FAQ;DIFFERENTIATE_MAIN_CONTENT;REWRITE_FOR_CUSTOMER
/entruempelung-roding,/entruempelung-rosenheim,service,service,0.125,1.000,1.000,0.887,0,6,no,HIGH_OVERLAP,REVIEW_SHARED_FAQ;DIFFERENTIATE_MAIN_CONTENT;REWRITE_FOR_CUSTOMER
/entruempelung-roth,/entruempelung-rottenburg-an-der-laaber,service,service,0.143,1.000,1.000,1.000,0,9,no,HIGH_OVERLAP,REVIEW_SHARED_FAQ;DIFFERENTIATE_MAIN_CONTENT;REWRITE_FOR_CUSTOMER
/entruempelung-roth,/entruempelung-saal-an-der-donau,service,service,1.000,1.000,1.000,1.000,0,9,no,HIGH_OVERLAP,REVIEW_SHARED_FAQ;DIFFERENTIATE_MAIN_CONTENT;REWRITE_FOR_CUSTOMER
/entruempelung-roth,/entruempelung-schierling,service,service,0.143,1.000,1.000,1.000,0,9,no,HIGH_OVERLAP,REVIEW_SHARED_FAQ;DIFFERENTIATE_MAIN_CONTENT;REWRITE_FOR_CUSTOMER
/entruempelung-roth,/entruempelung-schnaittenbach,service,service,0.143,1.000,1.000,1.000,0,9,no,HIGH_OVERLAP,REVIEW_SHARED_FAQ;DIFFERENTIATE_MAIN_CONTENT;REWRITE_FOR_CUSTOMER
/entruempelung-roth,/entruempelung-schwabach,service,service,0.143,1.000,1.000,1.000,0,9,no,HIGH_OVERLAP,REVIEW_SHARED_FAQ;DIFFERENTIATE_MAIN_CONTENT;REWRITE_FOR_CUSTOMER
/entruempelung-roth,/entruempelung-schwandorf,service,service,0.143,1.000,1.000,0.899,0,6,no,HIGH_OVERLAP,REVIEW_SHARED_FAQ;DIFFERENTIATE_MAIN_CONTENT;REWRITE_FOR_CUSTOMER
/entruempelung-roth,/entruempelung-schwarzenfeld,service,service,0.143,1.000,1.000,1.000,0,9,no,HIGH_OVERLAP,REVIEW_SHARED_FAQ;DIFFERENTIATE_MAIN_CONTENT;REWRITE_FOR_CUSTOMER
/entruempelung-rottenburg-an-der-laaber,/entruempelung-saal-an-der-donau,service,service,0.143,1.000,1.000,1.000,0,9,no,HIGH_OVERLAP,REVIEW_SHARED_FAQ;DIFFERENTIATE_MAIN_CONTENT;REWRITE_FOR_CUSTOMER
/entruempelung-rottenburg-an-der-laaber,/entruempelung-schierling,service,service,1.000,1.000,1.000,1.000,0,9,no,HIGH_OVERLAP,REVIEW_SHARED_FAQ;DIFFERENTIATE_MAIN_CONTENT;REWRITE_FOR_CUSTOMER
/entruempelung-rottenburg-an-der-laaber,/entruempelung-schnaittenbach,service,service,0.143,1.000,1.000,1.000,0,9,no,HIGH_OVERLAP,REVIEW_SHARED_FAQ;DIFFERENTIATE_MAIN_CONTENT;REWRITE_FOR_CUSTOMER
/entruempelung-rottenburg-an-der-laaber,/entruempelung-schwabach,service,service,1.000,1.000,1.000,1.000,0,9,no,HIGH_OVERLAP,REVIEW_SHARED_FAQ;DIFFERENTIATE_MAIN_CONTENT;REWRITE_FOR_CUSTOMER
/entruempelung-rottenburg-an-der-laaber,/entruempelung-schwandorf,service,service,0.143,1.000,1.000,0.899,0,6,no,HIGH_OVERLAP,REVIEW_SHARED_FAQ;DIFFERENTIATE_MAIN_CONTENT;REWRITE_FOR_CUSTOMER
/entruempelung-rottenburg-an-der-laaber,/entruempelung-schwarzenfeld,service,service,1.000,1.000,1.000,1.000,0,9,no,HIGH_OVERLAP,REVIEW_SHARED_FAQ;DIFFERENTIATE_MAIN_CONTENT;REWRITE_FOR_CUSTOMER
/entruempelung-saal-an-der-donau,/entruempelung-schierling,service,service,0.143,1.000,1.000,1.000,0,9,no,HIGH_OVERLAP,REVIEW_SHARED_FAQ;DIFFERENTIATE_MAIN_CONTENT;REWRITE_FOR_CUSTOMER
/entruempelung-saal-an-der-donau,/entruempelung-schnaittenbach,service,service,0.143,1.000,1.000,1.000,0,9,no,HIGH_OVERLAP,REVIEW_SHARED_FAQ;DIFFERENTIATE_MAIN_CONTENT;REWRITE_FOR_CUSTOMER
/entruempelung-saal-an-der-donau,/entruempelung-schwabach,service,service,0.143,1.000,1.000,1.000,0,9,no,HIGH_OVERLAP,REVIEW_SHARED_FAQ;DIFFERENTIATE_MAIN_CONTENT;REWRITE_FOR_CUSTOMER
/entruempelung-saal-an-der-donau,/entruempelung-schwandorf,service,service,0.143,1.000,1.000,0.899,0,6,no,HIGH_OVERLAP,REVIEW_SHARED_FAQ;DIFFERENTIATE_MAIN_CONTENT;REWRITE_FOR_CUSTOMER
/entruempelung-saal-an-der-donau,/entruempelung-schwarzenfeld,service,service,0.143,1.000,1.000,1.000,0,9,no,HIGH_OVERLAP,REVIEW_SHARED_FAQ;DIFFERENTIATE_MAIN_CONTENT;REWRITE_FOR_CUSTOMER
/entruempelung-schierling,/entruempelung-schnaittenbach,service,service,0.143,1.000,1.000,1.000,0,9,no,HIGH_OVERLAP,REVIEW_SHARED_FAQ;DIFFERENTIATE_MAIN_CONTENT;REWRITE_FOR_CUSTOMER
/entruempelung-schierling,/entruempelung-schwabach,service,service,1.000,1.000,1.000,1.000,0,9,no,HIGH_OVERLAP,REVIEW_SHARED_FAQ;DIFFERENTIATE_MAIN_CONTENT;REWRITE_FOR_CUSTOMER
/entruempelung-schierling,/entruempelung-schwandorf,service,service,0.143,1.000,1.000,0.899,0,6,no,HIGH_OVERLAP,REVIEW_SHARED_FAQ;DIFFERENTIATE_MAIN_CONTENT;REWRITE_FOR_CUSTOMER
/entruempelung-schierling,/entruempelung-schwarzenfeld,service,service,1.000,1.000,1.000,1.000,0,9,no,HIGH_OVERLAP,REVIEW_SHARED_FAQ;DIFFERENTIATE_MAIN_CONTENT;REWRITE_FOR_CUSTOMER
/entruempelung-schnaittenbach,/entruempelung-schwabach,service,service,0.143,1.000,1.000,1.000,0,9,no,HIGH_OVERLAP,REVIEW_SHARED_FAQ;DIFFERENTIATE_MAIN_CONTENT;REWRITE_FOR_CUSTOMER
/entruempelung-schnaittenbach,/entruempelung-schwandorf,service,service,1.000,1.000,1.000,0.899,0,6,no,HIGH_OVERLAP,REVIEW_SHARED_FAQ;DIFFERENTIATE_MAIN_CONTENT;REWRITE_FOR_CUSTOMER
/entruempelung-schnaittenbach,/entruempelung-schwarzenfeld,service,service,0.143,1.000,1.000,1.000,0,9,no,HIGH_OVERLAP,REVIEW_SHARED_FAQ;DIFFERENTIATE_MAIN_CONTENT;REWRITE_FOR_CUSTOMER
/entruempelung-schwabach,/entruempelung-schwandorf,service,service,0.143,1.000,1.000,0.899,0,6,no,HIGH_OVERLAP,REVIEW_SHARED_FAQ;DIFFERENTIATE_MAIN_CONTENT;REWRITE_FOR_CUSTOMER
/entruempelung-schwabach,/entruempelung-schwarzenfeld,service,service,1.000,1.000,1.000,1.000,0,9,no,HIGH_OVERLAP,REVIEW_SHARED_FAQ;DIFFERENTIATE_MAIN_CONTENT;REWRITE_FOR_CUSTOMER
/entruempelung-schwandorf,/entruempelung-schwarzenfeld,service,service,0.143,1.000,1.000,0.899,0,6,no,HIGH_OVERLAP,REVIEW_SHARED_FAQ;DIFFERENTIATE_MAIN_CONTENT;REWRITE_FOR_CUSTOMER
/entruempelung-schweinfurt,/entruempelung-seubersdorf,service,service,0.125,1.000,1.000,1.000,0,9,no,HIGH_OVERLAP,REVIEW_SHARED_FAQ;DIFFERENTIATE_MAIN_CONTENT;REWRITE_FOR_CUSTOMER
/entruempelung-schweinfurt,/entruempelung-simbach-am-inn,service,service,1.000,1.000,1.000,1.000,0,9,no,HIGH_OVERLAP,REVIEW_SHARED_FAQ;DIFFERENTIATE_MAIN_CONTENT;REWRITE_FOR_CUSTOMER
/entruempelung-schweinfurt,/entruempelung-sinzing,service,service,1.000,1.000,1.000,1.000,0,9,no,HIGH_OVERLAP,REVIEW_SHARED_FAQ;DIFFERENTIATE_MAIN_CONTENT;REWRITE_FOR_CUSTOMER
/entruempelung-schweinfurt,/entruempelung-starnberg,service,service,1.000,1.000,1.000,0.906,0,6,no,HIGH_OVERLAP,REVIEW_SHARED_FAQ;DIFFERENTIATE_MAIN_CONTENT;REWRITE_FOR_CUSTOMER
/entruempelung-schweinfurt,/entruempelung-steinberg-am-see,service,service,1.000,1.000,1.000,1.000,0,9,no,HIGH_OVERLAP,REVIEW_SHARED_FAQ;DIFFERENTIATE_MAIN_CONTENT;REWRITE_FOR_CUSTOMER
/entruempelung-schweinfurt,/entruempelung-straubing,service,service,0.125,1.000,1.000,0.908,0,6,no,HIGH_OVERLAP,REVIEW_SHARED_FAQ;DIFFERENTIATE_MAIN_CONTENT;REWRITE_FOR_CUSTOMER
/entruempelung-schweinfurt,/entruempelung-suenching,service,service,0.125,1.000,1.000,1.000,0,9,no,HIGH_OVERLAP,REVIEW_SHARED_FAQ;DIFFERENTIATE_MAIN_CONTENT;REWRITE_FOR_CUSTOMER
/entruempelung-seubersdorf,/entruempelung-simbach-am-inn,service,service,0.125,1.000,1.000,1.000,0,9,no,HIGH_OVERLAP,REVIEW_SHARED_FAQ;DIFFERENTIATE_MAIN_CONTENT;REWRITE_FOR_CUSTOMER
/entruempelung-seubersdorf,/entruempelung-sinzing,service,service,0.125,1.000,1.000,1.000,0,9,no,HIGH_OVERLAP,REVIEW_SHARED_FAQ;DIFFERENTIATE_MAIN_CONTENT;REWRITE_FOR_CUSTOMER
/entruempelung-seubersdorf,/entruempelung-starnberg,service,service,0.125,1.000,1.000,0.906,0,6,no,HIGH_OVERLAP,REVIEW_SHARED_FAQ;DIFFERENTIATE_MAIN_CONTENT;REWRITE_FOR_CUSTOMER
/entruempelung-seubersdorf,/entruempelung-steinberg-am-see,service,service,0.125,1.000,1.000,1.000,0,9,no,HIGH_OVERLAP,REVIEW_SHARED_FAQ;DIFFERENTIATE_MAIN_CONTENT;REWRITE_FOR_CUSTOMER
/entruempelung-seubersdorf,/entruempelung-straubing,service,service,0.143,1.000,1.000,0.908,0,6,no,HIGH_OVERLAP,REVIEW_SHARED_FAQ;DIFFERENTIATE_MAIN_CONTENT;REWRITE_FOR_CUSTOMER
/entruempelung-seubersdorf,/entruempelung-suenching,service,service,1.000,1.000,1.000,1.000,0,9,no,HIGH_OVERLAP,REVIEW_SHARED_FAQ;DIFFERENTIATE_MAIN_CONTENT;REWRITE_FOR_CUSTOMER
/entruempelung-simbach-am-inn,/entruempelung-sinzing,service,service,1.000,1.000,1.000,1.000,0,9,no,HIGH_OVERLAP,REVIEW_SHARED_FAQ;DIFFERENTIATE_MAIN_CONTENT;REWRITE_FOR_CUSTOMER
/entruempelung-simbach-am-inn,/entruempelung-starnberg,service,service,1.000,1.000,1.000,0.906,0,6,no,HIGH_OVERLAP,REVIEW_SHARED_FAQ;DIFFERENTIATE_MAIN_CONTENT;REWRITE_FOR_CUSTOMER
/entruempelung-simbach-am-inn,/entruempelung-steinberg-am-see,service,service,1.000,1.000,1.000,1.000,0,9,no,HIGH_OVERLAP,REVIEW_SHARED_FAQ;DIFFERENTIATE_MAIN_CONTENT;REWRITE_FOR_CUSTOMER
/entruempelung-simbach-am-inn,/entruempelung-straubing,service,service,0.125,1.000,1.000,0.908,0,6,no,HIGH_OVERLAP,REVIEW_SHARED_FAQ;DIFFERENTIATE_MAIN_CONTENT;REWRITE_FOR_CUSTOMER
/entruempelung-simbach-am-inn,/entruempelung-suenching,service,service,0.125,1.000,1.000,1.000,0,9,no,HIGH_OVERLAP,REVIEW_SHARED_FAQ;DIFFERENTIATE_MAIN_CONTENT;REWRITE_FOR_CUSTOMER
/entruempelung-sinzing,/entruempelung-starnberg,service,service,1.000,1.000,1.000,0.906,0,6,no,HIGH_OVERLAP,REVIEW_SHARED_FAQ;DIFFERENTIATE_MAIN_CONTENT;REWRITE_FOR_CUSTOMER
/entruempelung-sinzing,/entruempelung-steinberg-am-see,service,service,1.000,1.000,1.000,1.000,0,9,no,HIGH_OVERLAP,REVIEW_SHARED_FAQ;DIFFERENTIATE_MAIN_CONTENT;REWRITE_FOR_CUSTOMER
/entruempelung-sinzing,/entruempelung-straubing,service,service,0.125,1.000,1.000,0.908,0,6,no,HIGH_OVERLAP,REVIEW_SHARED_FAQ;DIFFERENTIATE_MAIN_CONTENT;REWRITE_FOR_CUSTOMER
/entruempelung-sinzing,/entruempelung-suenching,service,service,0.125,1.000,1.000,1.000,0,9,no,HIGH_OVERLAP,REVIEW_SHARED_FAQ;DIFFERENTIATE_MAIN_CONTENT;REWRITE_FOR_CUSTOMER
/entruempelung-starnberg,/entruempelung-steinberg-am-see,service,service,1.000,1.000,1.000,0.906,0,6,no,HIGH_OVERLAP,REVIEW_SHARED_FAQ;DIFFERENTIATE_MAIN_CONTENT;REWRITE_FOR_CUSTOMER
/entruempelung-starnberg,/entruempelung-straubing,service,service,0.125,1.000,1.000,0.918,0,6,no,HIGH_OVERLAP,REVIEW_SHARED_FAQ;DIFFERENTIATE_MAIN_CONTENT;REWRITE_FOR_CUSTOMER
/entruempelung-starnberg,/entruempelung-suenching,service,service,0.125,1.000,1.000,0.906,0,6,no,HIGH_OVERLAP,REVIEW_SHARED_FAQ;DIFFERENTIATE_MAIN_CONTENT;REWRITE_FOR_CUSTOMER
/entruempelung-steinberg-am-see,/entruempelung-straubing,service,service,0.125,1.000,1.000,0.908,0,6,no,HIGH_OVERLAP,REVIEW_SHARED_FAQ;DIFFERENTIATE_MAIN_CONTENT;REWRITE_FOR_CUSTOMER
/entruempelung-steinberg-am-see,/entruempelung-suenching,service,service,0.125,1.000,1.000,1.000,0,9,no,HIGH_OVERLAP,REVIEW_SHARED_FAQ;DIFFERENTIATE_MAIN_CONTENT;REWRITE_FOR_CUSTOMER
/entruempelung-straubing,/entruempelung-suenching,service,service,0.143,1.000,1.000,0.908,0,6,no,HIGH_OVERLAP,REVIEW_SHARED_FAQ;DIFFERENTIATE_MAIN_CONTENT;REWRITE_FOR_CUSTOMER
/entruempelung-sulzbach-rosenberg,/entruempelung-tegernheim,service,service,0.125,1.000,1.000,1.000,0,9,no,HIGH_OVERLAP,REVIEW_SHARED_FAQ;DIFFERENTIATE_MAIN_CONTENT;REWRITE_FOR_CUSTOMER
/entruempelung-sulzbach-rosenberg,/entruempelung-teublitz,service,service,0.286,1.000,1.000,1.000,0,9,no,HIGH_OVERLAP,REVIEW_SHARED_FAQ;DIFFERENTIATE_MAIN_CONTENT;REWRITE_FOR_CUSTOMER
/entruempelung-sulzbach-rosenberg,/entruempelung-thalmassing,service,service,0.286,1.000,1.000,1.000,0,9,no,HIGH_OVERLAP,REVIEW_SHARED_FAQ;DIFFERENTIATE_MAIN_CONTENT;REWRITE_FOR_CUSTOMER
/entruempelung-sulzbach-rosenberg,/entruempelung-tirschenreuth,service,service,0.125,1.000,1.000,1.000,0,9,no,HIGH_OVERLAP,REVIEW_SHARED_FAQ;DIFFERENTIATE_MAIN_CONTENT;REWRITE_FOR_CUSTOMER
/entruempelung-sulzbach-rosenberg,/entruempelung-unterhaching,service,service,0.125,1.000,1.000,1.000,0,9,no,HIGH_OVERLAP,REVIEW_SHARED_FAQ;DIFFERENTIATE_MAIN_CONTENT;REWRITE_FOR_CUSTOMER
/entruempelung-sulzbach-rosenberg,/entruempelung-velburg,service,service,0.125,1.000,1.000,1.000,0,9,no,HIGH_OVERLAP,REVIEW_SHARED_FAQ;DIFFERENTIATE_MAIN_CONTENT;REWRITE_FOR_CUSTOMER
/entruempelung-sulzbach-rosenberg,/entruempelung-viechtach,service,service,0.125,1.000,1.000,1.000,0,9,no,HIGH_OVERLAP,REVIEW_SHARED_FAQ;DIFFERENTIATE_MAIN_CONTENT;REWRITE_FOR_CUSTOMER
/entruempelung-tegernheim,/entruempelung-teublitz,service,service,0.143,1.000,1.000,1.000,0,9,no,HIGH_OVERLAP,REVIEW_SHARED_FAQ;DIFFERENTIATE_MAIN_CONTENT;REWRITE_FOR_CUSTOMER
/entruempelung-tegernheim,/entruempelung-thalmassing,service,service,0.143,1.000,1.000,1.000,0,9,no,HIGH_OVERLAP,REVIEW_SHARED_FAQ;DIFFERENTIATE_MAIN_CONTENT;REWRITE_FOR_CUSTOMER
/entruempelung-tegernheim,/entruempelung-tirschenreuth,service,service,1.000,1.000,1.000,1.000,0,9,no,HIGH_OVERLAP,REVIEW_SHARED_FAQ;DIFFERENTIATE_MAIN_CONTENT;REWRITE_FOR_CUSTOMER
/entruempelung-tegernheim,/entruempelung-unterhaching,service,service,1.000,1.000,1.000,1.000,0,9,no,HIGH_OVERLAP,REVIEW_SHARED_FAQ;DIFFERENTIATE_MAIN_CONTENT;REWRITE_FOR_CUSTOMER
/entruempelung-tegernheim,/entruempelung-velburg,service,service,0.143,1.000,1.000,1.000,0,9,no,HIGH_OVERLAP,REVIEW_SHARED_FAQ;DIFFERENTIATE_MAIN_CONTENT;REWRITE_FOR_CUSTOMER
/entruempelung-tegernheim,/entruempelung-viechtach,service,service,0.143,1.000,1.000,1.000,0,9,no,HIGH_OVERLAP,REVIEW_SHARED_FAQ;DIFFERENTIATE_MAIN_CONTENT;REWRITE_FOR_CUSTOMER
/entruempelung-teublitz,/entruempelung-thalmassing,service,service,1.000,1.000,1.000,1.000,0,9,no,HIGH_OVERLAP,REVIEW_SHARED_FAQ;DIFFERENTIATE_MAIN_CONTENT;REWRITE_FOR_CUSTOMER
/entruempelung-teublitz,/entruempelung-tirschenreuth,service,service,0.143,1.000,1.000,1.000,0,9,no,HIGH_OVERLAP,REVIEW_SHARED_FAQ;DIFFERENTIATE_MAIN_CONTENT;REWRITE_FOR_CUSTOMER
/entruempelung-teublitz,/entruempelung-unterhaching,service,service,0.143,1.000,1.000,1.000,0,9,no,HIGH_OVERLAP,REVIEW_SHARED_FAQ;DIFFERENTIATE_MAIN_CONTENT;REWRITE_FOR_CUSTOMER
/entruempelung-teublitz,/entruempelung-velburg,service,service,0.143,1.000,1.000,1.000,0,9,no,HIGH_OVERLAP,REVIEW_SHARED_FAQ;DIFFERENTIATE_MAIN_CONTENT;REWRITE_FOR_CUSTOMER
/entruempelung-teublitz,/entruempelung-viechtach,service,service,0.143,1.000,1.000,1.000,0,9,no,HIGH_OVERLAP,REVIEW_SHARED_FAQ;DIFFERENTIATE_MAIN_CONTENT;REWRITE_FOR_CUSTOMER
/entruempelung-thalmassing,/entruempelung-tirschenreuth,service,service,0.143,1.000,1.000,1.000,0,9,no,HIGH_OVERLAP,REVIEW_SHARED_FAQ;DIFFERENTIATE_MAIN_CONTENT;REWRITE_FOR_CUSTOMER
/entruempelung-thalmassing,/entruempelung-unterhaching,service,service,0.143,1.000,1.000,1.000,0,9,no,HIGH_OVERLAP,REVIEW_SHARED_FAQ;DIFFERENTIATE_MAIN_CONTENT;REWRITE_FOR_CUSTOMER
/entruempelung-thalmassing,/entruempelung-velburg,service,service,0.143,1.000,1.000,1.000,0,9,no,HIGH_OVERLAP,REVIEW_SHARED_FAQ;DIFFERENTIATE_MAIN_CONTENT;REWRITE_FOR_CUSTOMER
/entruempelung-thalmassing,/entruempelung-viechtach,service,service,0.143,1.000,1.000,1.000,0,9,no,HIGH_OVERLAP,REVIEW_SHARED_FAQ;DIFFERENTIATE_MAIN_CONTENT;REWRITE_FOR_CUSTOMER
/entruempelung-tirschenreuth,/entruempelung-unterhaching,service,service,1.000,1.000,1.000,1.000,0,9,no,HIGH_OVERLAP,REVIEW_SHARED_FAQ;DIFFERENTIATE_MAIN_CONTENT;REWRITE_FOR_CUSTOMER
/entruempelung-tirschenreuth,/entruempelung-velburg,service,service,0.143,1.000,1.000,1.000,0,9,no,HIGH_OVERLAP,REVIEW_SHARED_FAQ;DIFFERENTIATE_MAIN_CONTENT;REWRITE_FOR_CUSTOMER
/entruempelung-tirschenreuth,/entruempelung-viechtach,service,service,0.143,1.000,1.000,1.000,0,9,no,HIGH_OVERLAP,REVIEW_SHARED_FAQ;DIFFERENTIATE_MAIN_CONTENT;REWRITE_FOR_CUSTOMER
/entruempelung-unterhaching,/entruempelung-velburg,service,service,0.143,1.000,1.000,1.000,0,9,no,HIGH_OVERLAP,REVIEW_SHARED_FAQ;DIFFERENTIATE_MAIN_CONTENT;REWRITE_FOR_CUSTOMER
/entruempelung-unterhaching,/entruempelung-viechtach,service,service,0.143,1.000,1.000,1.000,0,9,no,HIGH_OVERLAP,REVIEW_SHARED_FAQ;DIFFERENTIATE_MAIN_CONTENT;REWRITE_FOR_CUSTOMER
/entruempelung-velburg,/entruempelung-viechtach,service,service,1.000,1.000,1.000,1.000,0,9,no,HIGH_OVERLAP,REVIEW_SHARED_FAQ;DIFFERENTIATE_MAIN_CONTENT;REWRITE_FOR_CUSTOMER
/entruempelung-vilsbiburg,/entruempelung-vilseck,service,service,1.000,1.000,1.000,1.000,0,9,no,HIGH_OVERLAP,REVIEW_SHARED_FAQ;DIFFERENTIATE_MAIN_CONTENT;REWRITE_FOR_CUSTOMER
/entruempelung-vilsbiburg,/entruempelung-vilshofen,service,service,0.143,1.000,1.000,1.000,0,9,no,HIGH_OVERLAP,REVIEW_SHARED_FAQ;DIFFERENTIATE_MAIN_CONTENT;REWRITE_FOR_CUSTOMER
/entruempelung-vilsbiburg,/entruempelung-vohburg,service,service,1.000,1.000,1.000,1.000,0,9,no,HIGH_OVERLAP,REVIEW_SHARED_FAQ;DIFFERENTIATE_MAIN_CONTENT;REWRITE_FOR_CUSTOMER
/entruempelung-vilsbiburg,/entruempelung-vohenstrauss,service,service,1.000,1.000,1.000,1.000,0,9,no,HIGH_OVERLAP,REVIEW_SHARED_FAQ;DIFFERENTIATE_MAIN_CONTENT;REWRITE_FOR_CUSTOMER
/entruempelung-vilsbiburg,/entruempelung-wackersdorf,service,service,1.000,1.000,1.000,1.000,0,9,no,HIGH_OVERLAP,REVIEW_SHARED_FAQ;DIFFERENTIATE_MAIN_CONTENT;REWRITE_FOR_CUSTOMER
/entruempelung-vilsbiburg,/entruempelung-waldkirchen,service,service,0.286,1.000,1.000,1.000,0,9,no,HIGH_OVERLAP,REVIEW_SHARED_FAQ;DIFFERENTIATE_MAIN_CONTENT;REWRITE_FOR_CUSTOMER
/entruempelung-vilsbiburg,/entruempelung-waldmuenchen,service,service,1.000,1.000,1.000,0.906,0,6,no,HIGH_OVERLAP,REVIEW_SHARED_FAQ;DIFFERENTIATE_MAIN_CONTENT;REWRITE_FOR_CUSTOMER
/entruempelung-vilseck,/entruempelung-vilshofen,service,service,0.143,1.000,1.000,1.000,0,9,no,HIGH_OVERLAP,REVIEW_SHARED_FAQ;DIFFERENTIATE_MAIN_CONTENT;REWRITE_FOR_CUSTOMER
/entruempelung-vilseck,/entruempelung-vohburg,service,service,1.000,1.000,1.000,1.000,0,9,no,HIGH_OVERLAP,REVIEW_SHARED_FAQ;DIFFERENTIATE_MAIN_CONTENT;REWRITE_FOR_CUSTOMER
/entruempelung-vilseck,/entruempelung-vohenstrauss,service,service,1.000,1.000,1.000,1.000,0,9,no,HIGH_OVERLAP,REVIEW_SHARED_FAQ;DIFFERENTIATE_MAIN_CONTENT;REWRITE_FOR_CUSTOMER
/entruempelung-vilseck,/entruempelung-wackersdorf,service,service,1.000,1.000,1.000,1.000,0,9,no,HIGH_OVERLAP,REVIEW_SHARED_FAQ;DIFFERENTIATE_MAIN_CONTENT;REWRITE_FOR_CUSTOMER
/entruempelung-vilseck,/entruempelung-waldkirchen,service,service,0.286,1.000,1.000,1.000,0,9,no,HIGH_OVERLAP,REVIEW_SHARED_FAQ;DIFFERENTIATE_MAIN_CONTENT;REWRITE_FOR_CUSTOMER
/entruempelung-vilseck,/entruempelung-waldmuenchen,service,service,1.000,1.000,1.000,0.906,0,6,no,HIGH_OVERLAP,REVIEW_SHARED_FAQ;DIFFERENTIATE_MAIN_CONTENT;REWRITE_FOR_CUSTOMER
/entruempelung-vilshofen,/entruempelung-vohburg,service,service,0.143,1.000,1.000,1.000,0,9,no,HIGH_OVERLAP,REVIEW_SHARED_FAQ;DIFFERENTIATE_MAIN_CONTENT;REWRITE_FOR_CUSTOMER
/entruempelung-vilshofen,/entruempelung-vohenstrauss,service,service,0.143,1.000,1.000,1.000,0,9,no,HIGH_OVERLAP,REVIEW_SHARED_FAQ;DIFFERENTIATE_MAIN_CONTENT;REWRITE_FOR_CUSTOMER
/entruempelung-vilshofen,/entruempelung-wackersdorf,service,service,0.143,1.000,1.000,1.000,0,9,no,HIGH_OVERLAP,REVIEW_SHARED_FAQ;DIFFERENTIATE_MAIN_CONTENT;REWRITE_FOR_CUSTOMER
/entruempelung-vilshofen,/entruempelung-waldkirchen,service,service,0.125,1.000,1.000,1.000,0,9,no,HIGH_OVERLAP,REVIEW_SHARED_FAQ;DIFFERENTIATE_MAIN_CONTENT;REWRITE_FOR_CUSTOMER
/entruempelung-vilshofen,/entruempelung-waldmuenchen,service,service,0.143,1.000,1.000,0.906,0,6,no,HIGH_OVERLAP,REVIEW_SHARED_FAQ;DIFFERENTIATE_MAIN_CONTENT;REWRITE_FOR_CUSTOMER
/entruempelung-vohburg,/entruempelung-vohenstrauss,service,service,1.000,1.000,1.000,1.000,0,9,no,HIGH_OVERLAP,REVIEW_SHARED_FAQ;DIFFERENTIATE_MAIN_CONTENT;REWRITE_FOR_CUSTOMER
/entruempelung-vohburg,/entruempelung-wackersdorf,service,service,1.000,1.000,1.000,1.000,0,9,no,HIGH_OVERLAP,REVIEW_SHARED_FAQ;DIFFERENTIATE_MAIN_CONTENT;REWRITE_FOR_CUSTOMER
/entruempelung-vohburg,/entruempelung-waldkirchen,service,service,0.286,1.000,1.000,1.000,0,9,no,HIGH_OVERLAP,REVIEW_SHARED_FAQ;DIFFERENTIATE_MAIN_CONTENT;REWRITE_FOR_CUSTOMER
/entruempelung-vohburg,/entruempelung-waldmuenchen,service,service,1.000,1.000,1.000,0.906,0,6,no,HIGH_OVERLAP,REVIEW_SHARED_FAQ;DIFFERENTIATE_MAIN_CONTENT;REWRITE_FOR_CUSTOMER
/entruempelung-vohenstrauss,/entruempelung-wackersdorf,service,service,1.000,1.000,1.000,1.000,0,9,no,HIGH_OVERLAP,REVIEW_SHARED_FAQ;DIFFERENTIATE_MAIN_CONTENT;REWRITE_FOR_CUSTOMER
/entruempelung-vohenstrauss,/entruempelung-waldkirchen,service,service,0.286,1.000,1.000,1.000,0,9,no,HIGH_OVERLAP,REVIEW_SHARED_FAQ;DIFFERENTIATE_MAIN_CONTENT;REWRITE_FOR_CUSTOMER
/entruempelung-vohenstrauss,/entruempelung-waldmuenchen,service,service,1.000,1.000,1.000,0.906,0,6,no,HIGH_OVERLAP,REVIEW_SHARED_FAQ;DIFFERENTIATE_MAIN_CONTENT;REWRITE_FOR_CUSTOMER
/entruempelung-wackersdorf,/entruempelung-waldkirchen,service,service,0.286,1.000,1.000,1.000,0,9,no,HIGH_OVERLAP,REVIEW_SHARED_FAQ;DIFFERENTIATE_MAIN_CONTENT;REWRITE_FOR_CUSTOMER
/entruempelung-wackersdorf,/entruempelung-waldmuenchen,service,service,1.000,1.000,1.000,0.906,0,6,no,HIGH_OVERLAP,REVIEW_SHARED_FAQ;DIFFERENTIATE_MAIN_CONTENT;REWRITE_FOR_CUSTOMER
/entruempelung-waldkirchen,/entruempelung-waldmuenchen,service,service,0.286,1.000,1.000,0.906,0,6,no,HIGH_OVERLAP,REVIEW_SHARED_FAQ;DIFFERENTIATE_MAIN_CONTENT;REWRITE_FOR_CUSTOMER
/entruempelung-weiden,/entruempelung-weilheim-in-oberbayern,service,service,0.125,1.000,1.000,0.889,0,6,no,HIGH_OVERLAP,REVIEW_SHARED_FAQ;DIFFERENTIATE_MAIN_CONTENT;REWRITE_FOR_CUSTOMER
/entruempelung-weiden,/entruempelung-wendelstein,service,service,0.125,1.000,1.000,0.899,0,6,no,HIGH_OVERLAP,REVIEW_SHARED_FAQ;DIFFERENTIATE_MAIN_CONTENT;REWRITE_FOR_CUSTOMER
/entruempelung-weiden,/entruempelung-wenzenbach,service,service,0.125,1.000,1.000,0.899,0,6,no,HIGH_OVERLAP,REVIEW_SHARED_FAQ;DIFFERENTIATE_MAIN_CONTENT;REWRITE_FOR_CUSTOMER
/entruempelung-weiden,/entruempelung-wernberg-koeblitz,service,service,0.286,1.000,1.000,0.899,0,6,no,HIGH_OVERLAP,REVIEW_SHARED_FAQ;DIFFERENTIATE_MAIN_CONTENT;REWRITE_FOR_CUSTOMER
/entruempelung-weiden,/entruempelung-wiesent,service,service,0.286,1.000,1.000,0.899,0,6,no,HIGH_OVERLAP,REVIEW_SHARED_FAQ;DIFFERENTIATE_MAIN_CONTENT;REWRITE_FOR_CUSTOMER
/entruempelung-weiden,/entruempelung-windischeschenbach,service,service,0.125,1.000,1.000,0.899,0,6,no,HIGH_OVERLAP,REVIEW_SHARED_FAQ;DIFFERENTIATE_MAIN_CONTENT;REWRITE_FOR_CUSTOMER
/entruempelung-weiden,/entruempelung-woerth-an-der-donau,service,service,0.286,1.000,1.000,0.899,0,6,no,HIGH_OVERLAP,REVIEW_SHARED_FAQ;DIFFERENTIATE_MAIN_CONTENT;REWRITE_FOR_CUSTOMER
/entruempelung-weilheim-in-oberbayern,/entruempelung-wendelstein,service,service,1.000,1.000,1.000,0.988,0,9,no,HIGH_OVERLAP,REVIEW_SHARED_FAQ;DIFFERENTIATE_MAIN_CONTENT;REWRITE_FOR_CUSTOMER
/entruempelung-weilheim-in-oberbayern,/entruempelung-wenzenbach,service,service,0.143,1.000,1.000,0.988,0,9,no,HIGH_OVERLAP,REVIEW_SHARED_FAQ;DIFFERENTIATE_MAIN_CONTENT;REWRITE_FOR_CUSTOMER
/entruempelung-weilheim-in-oberbayern,/entruempelung-wernberg-koeblitz,service,service,0.143,1.000,1.000,0.988,0,9,no,HIGH_OVERLAP,REVIEW_SHARED_FAQ;DIFFERENTIATE_MAIN_CONTENT;REWRITE_FOR_CUSTOMER
/entruempelung-weilheim-in-oberbayern,/entruempelung-wiesent,service,service,0.143,1.000,1.000,0.988,0,9,no,HIGH_OVERLAP,REVIEW_SHARED_FAQ;DIFFERENTIATE_MAIN_CONTENT;REWRITE_FOR_CUSTOMER
/entruempelung-weilheim-in-oberbayern,/entruempelung-windischeschenbach,service,service,0.143,1.000,1.000,0.988,0,9,no,HIGH_OVERLAP,REVIEW_SHARED_FAQ;DIFFERENTIATE_MAIN_CONTENT;REWRITE_FOR_CUSTOMER
/entruempelung-weilheim-in-oberbayern,/entruempelung-woerth-an-der-donau,service,service,0.143,1.000,1.000,0.988,0,9,no,HIGH_OVERLAP,REVIEW_SHARED_FAQ;DIFFERENTIATE_MAIN_CONTENT;REWRITE_FOR_CUSTOMER
/entruempelung-wendelstein,/entruempelung-wenzenbach,service,service,0.143,1.000,1.000,1.000,0,9,no,HIGH_OVERLAP,REVIEW_SHARED_FAQ;DIFFERENTIATE_MAIN_CONTENT;REWRITE_FOR_CUSTOMER
/entruempelung-wendelstein,/entruempelung-wernberg-koeblitz,service,service,0.143,1.000,1.000,1.000,0,9,no,HIGH_OVERLAP,REVIEW_SHARED_FAQ;DIFFERENTIATE_MAIN_CONTENT;REWRITE_FOR_CUSTOMER
/entruempelung-wendelstein,/entruempelung-wiesent,service,service,0.143,1.000,1.000,1.000,0,9,no,HIGH_OVERLAP,REVIEW_SHARED_FAQ;DIFFERENTIATE_MAIN_CONTENT;REWRITE_FOR_CUSTOMER
/entruempelung-wendelstein,/entruempelung-windischeschenbach,service,service,0.143,1.000,1.000,1.000,0,9,no,HIGH_OVERLAP,REVIEW_SHARED_FAQ;DIFFERENTIATE_MAIN_CONTENT;REWRITE_FOR_CUSTOMER
/entruempelung-wendelstein,/entruempelung-woerth-an-der-donau,service,service,0.143,1.000,1.000,1.000,0,9,no,HIGH_OVERLAP,REVIEW_SHARED_FAQ;DIFFERENTIATE_MAIN_CONTENT;REWRITE_FOR_CUSTOMER
/entruempelung-wenzenbach,/entruempelung-wernberg-koeblitz,service,service,0.143,1.000,1.000,1.000,0,9,no,HIGH_OVERLAP,REVIEW_SHARED_FAQ;DIFFERENTIATE_MAIN_CONTENT;REWRITE_FOR_CUSTOMER
/entruempelung-wenzenbach,/entruempelung-wiesent,service,service,0.143,1.000,1.000,1.000,0,9,no,HIGH_OVERLAP,REVIEW_SHARED_FAQ;DIFFERENTIATE_MAIN_CONTENT;REWRITE_FOR_CUSTOMER
/entruempelung-wenzenbach,/entruempelung-windischeschenbach,service,service,1.000,1.000,1.000,1.000,0,9,no,HIGH_OVERLAP,REVIEW_SHARED_FAQ;DIFFERENTIATE_MAIN_CONTENT;REWRITE_FOR_CUSTOMER
/entruempelung-wenzenbach,/entruempelung-woerth-an-der-donau,service,service,0.143,1.000,1.000,1.000,0,9,no,HIGH_OVERLAP,REVIEW_SHARED_FAQ;DIFFERENTIATE_MAIN_CONTENT;REWRITE_FOR_CUSTOMER
/entruempelung-wernberg-koeblitz,/entruempelung-wiesent,service,service,1.000,1.000,1.000,1.000,0,9,no,HIGH_OVERLAP,REVIEW_SHARED_FAQ;DIFFERENTIATE_MAIN_CONTENT;REWRITE_FOR_CUSTOMER
/entruempelung-wernberg-koeblitz,/entruempelung-windischeschenbach,service,service,0.143,1.000,1.000,1.000,0,9,no,HIGH_OVERLAP,REVIEW_SHARED_FAQ;DIFFERENTIATE_MAIN_CONTENT;REWRITE_FOR_CUSTOMER
/entruempelung-wernberg-koeblitz,/entruempelung-woerth-an-der-donau,service,service,1.000,1.000,1.000,1.000,0,9,no,HIGH_OVERLAP,REVIEW_SHARED_FAQ;DIFFERENTIATE_MAIN_CONTENT;REWRITE_FOR_CUSTOMER
/entruempelung-wiesent,/entruempelung-windischeschenbach,service,service,0.143,1.000,1.000,1.000,0,9,no,HIGH_OVERLAP,REVIEW_SHARED_FAQ;DIFFERENTIATE_MAIN_CONTENT;REWRITE_FOR_CUSTOMER
/entruempelung-wiesent,/entruempelung-woerth-an-der-donau,service,service,1.000,1.000,1.000,1.000,0,9,no,HIGH_OVERLAP,REVIEW_SHARED_FAQ;DIFFERENTIATE_MAIN_CONTENT;REWRITE_FOR_CUSTOMER
/entruempelung-windischeschenbach,/entruempelung-woerth-an-der-donau,service,service,0.143,1.000,1.000,1.000,0,9,no,HIGH_OVERLAP,REVIEW_SHARED_FAQ;DIFFERENTIATE_MAIN_CONTENT;REWRITE_FOR_CUSTOMER
/entruempelung-wolfsegg,/entruempelung-wolnzach,service,service,0.125,1.000,1.000,1.000,0,9,no,HIGH_OVERLAP,REVIEW_SHARED_FAQ;DIFFERENTIATE_MAIN_CONTENT;REWRITE_FOR_CUSTOMER
/entruempelung-wolfsegg,/entruempelung-zeitlarn,service,service,0.143,1.000,1.000,1.000,0,9,no,HIGH_OVERLAP,REVIEW_SHARED_FAQ;DIFFERENTIATE_MAIN_CONTENT;REWRITE_FOR_CUSTOMER
/entruempelung-wolfsegg,/entruempelung-zirndorf,service,service,0.125,1.000,1.000,1.000,0,9,no,HIGH_OVERLAP,REVIEW_SHARED_FAQ;DIFFERENTIATE_MAIN_CONTENT;REWRITE_FOR_CUSTOMER
/entruempelung-wolfsegg,/entruempelung-zwiesel,service,service,0.143,1.000,1.000,1.000,0,9,no,HIGH_OVERLAP,REVIEW_SHARED_FAQ;DIFFERENTIATE_MAIN_CONTENT;REWRITE_FOR_CUSTOMER
/entruempelung-wolfsegg,/wohnungsaufloesung-abensberg,service,service,0.125,0.600,1.000,0.984,0,9,no,HIGH_OVERLAP,REVIEW_SHARED_FAQ;DIFFERENTIATE_MAIN_CONTENT;REWRITE_FOR_CUSTOMER
/entruempelung-wolfsegg,/wohnungsaufloesung-altdorf-bei-nuernberg,service,service,0.167,0.600,1.000,0.984,0,9,no,HIGH_OVERLAP,REVIEW_SHARED_FAQ;DIFFERENTIATE_MAIN_CONTENT;REWRITE_FOR_CUSTOMER
/entruempelung-wolfsegg,/wohnungsaufloesung-alteglofsheim,service,service,0.143,0.600,1.000,0.984,0,9,no,HIGH_OVERLAP,REVIEW_SHARED_FAQ;DIFFERENTIATE_MAIN_CONTENT;REWRITE_FOR_CUSTOMER
/entruempelung-wolnzach,/entruempelung-zeitlarn,service,service,0.125,1.000,1.000,1.000,0,9,no,HIGH_OVERLAP,REVIEW_SHARED_FAQ;DIFFERENTIATE_MAIN_CONTENT;REWRITE_FOR_CUSTOMER
/entruempelung-wolnzach,/entruempelung-zirndorf,service,service,1.000,1.000,1.000,1.000,0,9,no,HIGH_OVERLAP,REVIEW_SHARED_FAQ;DIFFERENTIATE_MAIN_CONTENT;REWRITE_FOR_CUSTOMER
/entruempelung-wolnzach,/entruempelung-zwiesel,service,service,0.125,1.000,1.000,1.000,0,9,no,HIGH_OVERLAP,REVIEW_SHARED_FAQ;DIFFERENTIATE_MAIN_CONTENT;REWRITE_FOR_CUSTOMER
/entruempelung-wolnzach,/wohnungsaufloesung-abensberg,service,service,0.250,0.600,1.000,0.984,0,9,no,HIGH_OVERLAP,REVIEW_SHARED_FAQ;DIFFERENTIATE_MAIN_CONTENT;REWRITE_FOR_CUSTOMER
/entruempelung-wolnzach,/wohnungsaufloesung-altdorf-bei-nuernberg,service,service,0.143,0.600,1.000,0.984,0,9,no,HIGH_OVERLAP,REVIEW_SHARED_FAQ;DIFFERENTIATE_MAIN_CONTENT;REWRITE_FOR_CUSTOMER
/entruempelung-wolnzach,/wohnungsaufloesung-alteglofsheim,service,service,0.286,0.600,1.000,0.984,0,9,no,HIGH_OVERLAP,REVIEW_SHARED_FAQ;DIFFERENTIATE_MAIN_CONTENT;REWRITE_FOR_CUSTOMER
/entruempelung-zeitlarn,/entruempelung-zirndorf,service,service,0.125,1.000,1.000,1.000,0,9,no,HIGH_OVERLAP,REVIEW_SHARED_FAQ;DIFFERENTIATE_MAIN_CONTENT;REWRITE_FOR_CUSTOMER
/entruempelung-zeitlarn,/entruempelung-zwiesel,service,service,1.000,1.000,1.000,1.000,0,9,no,HIGH_OVERLAP,REVIEW_SHARED_FAQ;DIFFERENTIATE_MAIN_CONTENT;REWRITE_FOR_CUSTOMER
/entruempelung-zeitlarn,/wohnungsaufloesung-abensberg,service,service,0.125,0.600,1.000,0.984,0,9,no,HIGH_OVERLAP,REVIEW_SHARED_FAQ;DIFFERENTIATE_MAIN_CONTENT;REWRITE_FOR_CUSTOMER
/entruempelung-zeitlarn,/wohnungsaufloesung-altdorf-bei-nuernberg,service,service,0.167,0.600,1.000,0.984,0,9,no,HIGH_OVERLAP,REVIEW_SHARED_FAQ;DIFFERENTIATE_MAIN_CONTENT;REWRITE_FOR_CUSTOMER
/entruempelung-zeitlarn,/wohnungsaufloesung-alteglofsheim,service,service,0.143,0.600,1.000,0.984,0,9,no,HIGH_OVERLAP,REVIEW_SHARED_FAQ;DIFFERENTIATE_MAIN_CONTENT;REWRITE_FOR_CUSTOMER
/entruempelung-zirndorf,/entruempelung-zwiesel,service,service,0.125,1.000,1.000,1.000,0,9,no,HIGH_OVERLAP,REVIEW_SHARED_FAQ;DIFFERENTIATE_MAIN_CONTENT;REWRITE_FOR_CUSTOMER
/entruempelung-zirndorf,/wohnungsaufloesung-abensberg,service,service,0.250,0.600,1.000,0.984,0,9,no,HIGH_OVERLAP,REVIEW_SHARED_FAQ;DIFFERENTIATE_MAIN_CONTENT;REWRITE_FOR_CUSTOMER
/entruempelung-zirndorf,/wohnungsaufloesung-altdorf-bei-nuernberg,service,service,0.143,0.600,1.000,0.984,0,9,no,HIGH_OVERLAP,REVIEW_SHARED_FAQ;DIFFERENTIATE_MAIN_CONTENT;REWRITE_FOR_CUSTOMER
/entruempelung-zirndorf,/wohnungsaufloesung-alteglofsheim,service,service,0.286,0.600,1.000,0.984,0,9,no,HIGH_OVERLAP,REVIEW_SHARED_FAQ;DIFFERENTIATE_MAIN_CONTENT;REWRITE_FOR_CUSTOMER
/entruempelung-zwiesel,/wohnungsaufloesung-abensberg,service,service,0.125,0.600,1.000,0.984,0,9,no,HIGH_OVERLAP,REVIEW_SHARED_FAQ;DIFFERENTIATE_MAIN_CONTENT;REWRITE_FOR_CUSTOMER
/entruempelung-zwiesel,/wohnungsaufloesung-altdorf-bei-nuernberg,service,service,0.167,0.600,1.000,0.984,0,9,no,HIGH_OVERLAP,REVIEW_SHARED_FAQ;DIFFERENTIATE_MAIN_CONTENT;REWRITE_FOR_CUSTOMER
/entruempelung-zwiesel,/wohnungsaufloesung-alteglofsheim,service,service,0.143,0.600,1.000,0.984,0,9,no,HIGH_OVERLAP,REVIEW_SHARED_FAQ;DIFFERENTIATE_MAIN_CONTENT;REWRITE_FOR_CUSTOMER
/klaviertransport-abensberg,/klaviertransport-altdorf-bei-nuernberg,service,service,0.167,1.000,1.000,1.000,0,9,no,HIGH_OVERLAP,REVIEW_SHARED_FAQ;DIFFERENTIATE_MAIN_CONTENT;REWRITE_FOR_CUSTOMER
/klaviertransport-abensberg,/klaviertransport-alteglofsheim,service,service,0.286,1.000,1.000,1.000,0,9,no,HIGH_OVERLAP,REVIEW_SHARED_FAQ;DIFFERENTIATE_MAIN_CONTENT;REWRITE_FOR_CUSTOMER
/klaviertransport-abensberg,/klaviertransport-altenthann,service,service,1.000,1.000,1.000,1.000,0,9,no,HIGH_OVERLAP,REVIEW_SHARED_FAQ;DIFFERENTIATE_MAIN_CONTENT;REWRITE_FOR_CUSTOMER
/klaviertransport-abensberg,/klaviertransport-amberg,service,service,0.167,0.750,1.000,0.917,0,9,no,HIGH_OVERLAP,REVIEW_SHARED_FAQ;DIFFERENTIATE_MAIN_CONTENT;REWRITE_FOR_CUSTOMER
/klaviertransport-abensberg,/klaviertransport-ansbach,service,service,0.167,1.000,1.000,1.000,0,9,no,HIGH_OVERLAP,REVIEW_SHARED_FAQ;DIFFERENTIATE_MAIN_CONTENT;REWRITE_FOR_CUSTOMER
/klaviertransport-abensberg,/klaviertransport-auerbach-in-der-oberpfalz,service,service,1.000,1.000,1.000,1.000,0,9,no,HIGH_OVERLAP,REVIEW_SHARED_FAQ;DIFFERENTIATE_MAIN_CONTENT;REWRITE_FOR_CUSTOMER
/klaviertransport-abensberg,/klaviertransport-aufhausen,service,service,0.167,1.000,1.000,1.000,0,9,no,HIGH_OVERLAP,REVIEW_SHARED_FAQ;DIFFERENTIATE_MAIN_CONTENT;REWRITE_FOR_CUSTOMER
/klaviertransport-abensberg,/klaviertransport-augsburg,service,service,0.167,1.000,1.000,0.947,0,9,no,HIGH_OVERLAP,REVIEW_SHARED_FAQ;DIFFERENTIATE_MAIN_CONTENT;REWRITE_FOR_CUSTOMER
/klaviertransport-abensberg,/klaviertransport-bad-abbach,service,service,0.125,1.000,1.000,1.000,0,9,no,HIGH_OVERLAP,REVIEW_SHARED_FAQ;DIFFERENTIATE_MAIN_CONTENT;REWRITE_FOR_CUSTOMER
/klaviertransport-abensberg,/klaviertransport-bad-koetzting,service,service,1.000,1.000,1.000,1.000,0,9,no,HIGH_OVERLAP,REVIEW_SHARED_FAQ;DIFFERENTIATE_MAIN_CONTENT;REWRITE_FOR_CUSTOMER
/klaviertransport-abensberg,/klaviertransport-bad-toelz,service,service,0.286,1.000,1.000,1.000,0,9,no,HIGH_OVERLAP,REVIEW_SHARED_FAQ;DIFFERENTIATE_MAIN_CONTENT;REWRITE_FOR_CUSTOMER
/klaviertransport-abensberg,/klaviertransport-bamberg,service,service,0.167,1.000,1.000,0.947,0,9,no,HIGH_OVERLAP,REVIEW_SHARED_FAQ;DIFFERENTIATE_MAIN_CONTENT;REWRITE_FOR_CUSTOMER
/klaviertransport-abensberg,/klaviertransport-barbing,service,service,0.125,1.000,1.000,1.000,0,9,no,HIGH_OVERLAP,REVIEW_SHARED_FAQ;DIFFERENTIATE_MAIN_CONTENT;REWRITE_FOR_CUSTOMER
/klaviertransport-abensberg,/klaviertransport-bayreuth,service,service,0.167,1.000,1.000,0.947,0,9,no,HIGH_OVERLAP,REVIEW_SHARED_FAQ;DIFFERENTIATE_MAIN_CONTENT;REWRITE_FOR_CUSTOMER
/klaviertransport-abensberg,/klaviertransport-beilngries,service,service,0.167,1.000,1.000,1.000,0,9,no,HIGH_OVERLAP,REVIEW_SHARED_FAQ;DIFFERENTIATE_MAIN_CONTENT;REWRITE_FOR_CUSTOMER
/klaviertransport-abensberg,/klaviertransport-beratzhausen,service,service,0.167,1.000,1.000,1.000,0,9,no,HIGH_OVERLAP,REVIEW_SHARED_FAQ;DIFFERENTIATE_MAIN_CONTENT;REWRITE_FOR_CUSTOMER
/klaviertransport-abensberg,/klaviertransport-berching,service,service,0.286,1.000,1.000,1.000,0,9,no,HIGH_OVERLAP,REVIEW_SHARED_FAQ;DIFFERENTIATE_MAIN_CONTENT;REWRITE_FOR_CUSTOMER
/klaviertransport-abensberg,/klaviertransport-bernhardswald,service,service,0.125,1.000,1.000,1.000,0,9,no,HIGH_OVERLAP,REVIEW_SHARED_FAQ;DIFFERENTIATE_MAIN_CONTENT;REWRITE_FOR_CUSTOMER
/klaviertransport-abensberg,/klaviertransport-bogen,service,service,0.125,1.000,1.000,1.000,0,9,no,HIGH_OVERLAP,REVIEW_SHARED_FAQ;DIFFERENTIATE_MAIN_CONTENT;REWRITE_FOR_CUSTOMER
/klaviertransport-abensberg,/klaviertransport-brennberg,service,service,1.000,1.000,1.000,1.000,0,9,no,HIGH_OVERLAP,REVIEW_SHARED_FAQ;DIFFERENTIATE_MAIN_CONTENT;REWRITE_FOR_CUSTOMER
/klaviertransport-abensberg,/klaviertransport-brunn,service,service,1.000,1.000,1.000,1.000,0,9,no,HIGH_OVERLAP,REVIEW_SHARED_FAQ;DIFFERENTIATE_MAIN_CONTENT;REWRITE_FOR_CUSTOMER
/klaviertransport-abensberg,/klaviertransport-burglengenfeld,service,service,0.286,1.000,1.000,1.000,0,9,no,HIGH_OVERLAP,REVIEW_SHARED_FAQ;DIFFERENTIATE_MAIN_CONTENT;REWRITE_FOR_CUSTOMER
/klaviertransport-abensberg,/klaviertransport-cham,service,service,0.125,1.000,1.000,0.938,0,9,no,HIGH_OVERLAP,REVIEW_SHARED_FAQ;DIFFERENTIATE_MAIN_CONTENT;REWRITE_FOR_CUSTOMER
/klaviertransport-abensberg,/klaviertransport-coburg,service,service,0.167,1.000,1.000,1.000,0,9,no,HIGH_OVERLAP,REVIEW_SHARED_FAQ;DIFFERENTIATE_MAIN_CONTENT;REWRITE_FOR_CUSTOMER
/klaviertransport-abensberg,/klaviertransport-dachau,service,service,0.286,0.750,1.000,0.977,0,9,no,HIGH_OVERLAP,REVIEW_SHARED_FAQ;DIFFERENTIATE_MAIN_CONTENT;REWRITE_FOR_CUSTOMER
/klaviertransport-abensberg,/klaviertransport-deggendorf,service,service,0.125,1.000,1.000,1.000,0,9,no,HIGH_OVERLAP,REVIEW_SHARED_FAQ;DIFFERENTIATE_MAIN_CONTENT;REWRITE_FOR_CUSTOMER
/klaviertransport-abensberg,/klaviertransport-deuerling,service,service,0.125,1.000,1.000,1.000,0,9,no,HIGH_OVERLAP,REVIEW_SHARED_FAQ;DIFFERENTIATE_MAIN_CONTENT;REWRITE_FOR_CUSTOMER
/klaviertransport-abensberg,/klaviertransport-dietfurt,service,service,0.125,1.000,1.000,1.000,0,9,no,HIGH_OVERLAP,REVIEW_SHARED_FAQ;DIFFERENTIATE_MAIN_CONTENT;REWRITE_FOR_CUSTOMER
/klaviertransport-abensberg,/klaviertransport-dingolfing,service,service,1.000,1.000,1.000,1.000,0,9,no,HIGH_OVERLAP,REVIEW_SHARED_FAQ;DIFFERENTIATE_MAIN_CONTENT;REWRITE_FOR_CUSTOMER
/klaviertransport-abensberg,/klaviertransport-donaustauf,service,service,0.286,1.000,1.000,1.000,0,9,no,HIGH_OVERLAP,REVIEW_SHARED_FAQ;DIFFERENTIATE_MAIN_CONTENT;REWRITE_FOR_CUSTOMER
/klaviertransport-abensberg,/klaviertransport-duggendorf,service,service,0.125,1.000,1.000,1.000,0,9,no,HIGH_OVERLAP,REVIEW_SHARED_FAQ;DIFFERENTIATE_MAIN_CONTENT;REWRITE_FOR_CUSTOMER
/klaviertransport-abensberg,/klaviertransport-eggenfelden,service,service,0.167,1.000,1.000,1.000,0,9,no,HIGH_OVERLAP,REVIEW_SHARED_FAQ;DIFFERENTIATE_MAIN_CONTENT;REWRITE_FOR_CUSTOMER
/klaviertransport-abensberg,/klaviertransport-eichstaett,service,service,0.286,1.000,1.000,1.000,0,9,no,HIGH_OVERLAP,REVIEW_SHARED_FAQ;DIFFERENTIATE_MAIN_CONTENT;REWRITE_FOR_CUSTOMER
/klaviertransport-abensberg,/klaviertransport-erding,service,service,1.000,1.000,1.000,1.000,0,9,no,HIGH_OVERLAP,REVIEW_SHARED_FAQ;DIFFERENTIATE_MAIN_CONTENT;REWRITE_FOR_CUSTOMER
/klaviertransport-abensberg,/klaviertransport-ergoldsbach,service,service,0.167,1.000,1.000,1.000,0,9,no,HIGH_OVERLAP,REVIEW_SHARED_FAQ;DIFFERENTIATE_MAIN_CONTENT;REWRITE_FOR_CUSTOMER
/klaviertransport-abensberg,/klaviertransport-erlangen,service,service,0.167,1.000,1.000,0.947,0,9,no,HIGH_OVERLAP,REVIEW_SHARED_FAQ;DIFFERENTIATE_MAIN_CONTENT;REWRITE_FOR_CUSTOMER
/klaviertransport-abensberg,/klaviertransport-eschenbach-in-der-oberpfalz,service,service,0.167,1.000,1.000,1.000,0,9,no,HIGH_OVERLAP,REVIEW_SHARED_FAQ;DIFFERENTIATE_MAIN_CONTENT;REWRITE_FOR_CUSTOMER
/klaviertransport-abensberg,/klaviertransport-feucht,service,service,0.125,1.000,1.000,1.000,0,9,no,HIGH_OVERLAP,REVIEW_SHARED_FAQ;DIFFERENTIATE_MAIN_CONTENT;REWRITE_FOR_CUSTOMER
/klaviertransport-abensberg,/klaviertransport-freising,service,service,1.000,0.750,1.000,0.977,0,9,no,HIGH_OVERLAP,REVIEW_SHARED_FAQ;DIFFERENTIATE_MAIN_CONTENT;REWRITE_FOR_CUSTOMER
/klaviertransport-abensberg,/klaviertransport-freystadt,service,service,0.286,1.000,1.000,1.000,0,9,no,HIGH_OVERLAP,REVIEW_SHARED_FAQ;DIFFERENTIATE_MAIN_CONTENT;REWRITE_FOR_CUSTOMER
/klaviertransport-abensberg,/klaviertransport-freyung,service,service,0.167,1.000,1.000,1.000,0,9,no,HIGH_OVERLAP,REVIEW_SHARED_FAQ;DIFFERENTIATE_MAIN_CONTENT;REWRITE_FOR_CUSTOMER
/klaviertransport-abensberg,/klaviertransport-fuerstenfeldbruck,service,service,0.286,1.000,1.000,1.000,0,9,no,HIGH_OVERLAP,REVIEW_SHARED_FAQ;DIFFERENTIATE_MAIN_CONTENT;REWRITE_FOR_CUSTOMER
/klaviertransport-abensberg,/klaviertransport-fuerth,service,service,0.167,1.000,1.000,1.000,0,9,no,HIGH_OVERLAP,REVIEW_SHARED_FAQ;DIFFERENTIATE_MAIN_CONTENT;REWRITE_FOR_CUSTOMER
/klaviertransport-abensberg,/klaviertransport-furth-im-wald,service,service,1.000,1.000,1.000,1.000,0,9,no,HIGH_OVERLAP,REVIEW_SHARED_FAQ;DIFFERENTIATE_MAIN_CONTENT;REWRITE_FOR_CUSTOMER
/klaviertransport-abensberg,/klaviertransport-garching,service,service,0.125,1.000,1.000,1.000,0,9,no,HIGH_OVERLAP,REVIEW_SHARED_FAQ;DIFFERENTIATE_MAIN_CONTENT;REWRITE_FOR_CUSTOMER
/klaviertransport-abensberg,/klaviertransport-geiselhoering,service,service,0.125,1.000,1.000,1.000,0,9,no,HIGH_OVERLAP,REVIEW_SHARED_FAQ;DIFFERENTIATE_MAIN_CONTENT;REWRITE_FOR_CUSTOMER
/klaviertransport-abensberg,/klaviertransport-geisenfeld,service,service,0.167,1.000,1.000,1.000,0,9,no,HIGH_OVERLAP,REVIEW_SHARED_FAQ;DIFFERENTIATE_MAIN_CONTENT;REWRITE_FOR_CUSTOMER
/klaviertransport-abensberg,/klaviertransport-germering,service,service,0.286,1.000,1.000,1.000,0,9,no,HIGH_OVERLAP,REVIEW_SHARED_FAQ;DIFFERENTIATE_MAIN_CONTENT;REWRITE_FOR_CUSTOMER
/klaviertransport-abensberg,/klaviertransport-gersthofen,service,service,1.000,1.000,1.000,1.000,0,9,no,HIGH_OVERLAP,REVIEW_SHARED_FAQ;DIFFERENTIATE_MAIN_CONTENT;REWRITE_FOR_CUSTOMER
/klaviertransport-abensberg,/klaviertransport-grafenau,service,service,0.125,1.000,1.000,1.000,0,9,no,HIGH_OVERLAP,REVIEW_SHARED_FAQ;DIFFERENTIATE_MAIN_CONTENT;REWRITE_FOR_CUSTOMER
/klaviertransport-abensberg,/klaviertransport-grafenwoehr,service,service,0.167,1.000,1.000,1.000,0,9,no,HIGH_OVERLAP,REVIEW_SHARED_FAQ;DIFFERENTIATE_MAIN_CONTENT;REWRITE_FOR_CUSTOMER
/klaviertransport-abensberg,/klaviertransport-guenzburg,service,service,0.125,1.000,1.000,0.938,0,9,no,HIGH_OVERLAP,REVIEW_SHARED_FAQ;DIFFERENTIATE_MAIN_CONTENT;REWRITE_FOR_CUSTOMER
/klaviertransport-abensberg,/klaviertransport-hagelstadt,service,service,1.000,1.000,1.000,1.000,0,9,no,HIGH_OVERLAP,REVIEW_SHARED_FAQ;DIFFERENTIATE_MAIN_CONTENT;REWRITE_FOR_CUSTOMER
/klaviertransport-abensberg,/klaviertransport-hausen,service,service,0.167,1.000,1.000,1.000,0,9,no,HIGH_OVERLAP,REVIEW_SHARED_FAQ;DIFFERENTIATE_MAIN_CONTENT;REWRITE_FOR_CUSTOMER
/klaviertransport-abensberg,/klaviertransport-hemau,service,service,0.286,1.000,1.000,1.000,0,9,no,HIGH_OVERLAP,REVIEW_SHARED_FAQ;DIFFERENTIATE_MAIN_CONTENT;REWRITE_FOR_CUSTOMER
/klaviertransport-abensberg,/klaviertransport-herzogenaurach,service,service,0.286,1.000,1.000,1.000,0,9,no,HIGH_OVERLAP,REVIEW_SHARED_FAQ;DIFFERENTIATE_MAIN_CONTENT;REWRITE_FOR_CUSTOMER
/klaviertransport-abensberg,/klaviertransport-hirschau,service,service,1.000,1.000,1.000,1.000,0,9,no,HIGH_OVERLAP,REVIEW_SHARED_FAQ;DIFFERENTIATE_MAIN_CONTENT;REWRITE_FOR_CUSTOMER
/klaviertransport-abensberg,/klaviertransport-hohenfels,service,service,0.286,1.000,1.000,1.000,0,9,no,HIGH_OVERLAP,REVIEW_SHARED_FAQ;DIFFERENTIATE_MAIN_CONTENT;REWRITE_FOR_CUSTOMER
/klaviertransport-abensberg,/klaviertransport-holzheim-am-forst,service,service,0.286,1.000,1.000,1.000,0,9,no,HIGH_OVERLAP,REVIEW_SHARED_FAQ;DIFFERENTIATE_MAIN_CONTENT;REWRITE_FOR_CUSTOMER
/klaviertransport-abensberg,/klaviertransport-ingolstadt,service,service,0.125,1.000,1.000,0.927,0,9,no,HIGH_OVERLAP,REVIEW_SHARED_FAQ;DIFFERENTIATE_MAIN_CONTENT;REWRITE_FOR_CUSTOMER
/klaviertransport-abensberg,/klaviertransport-kallmuenz,service,service,0.125,1.000,1.000,1.000,0,9,no,HIGH_OVERLAP,REVIEW_SHARED_FAQ;DIFFERENTIATE_MAIN_CONTENT;REWRITE_FOR_CUSTOMER
/klaviertransport-abensberg,/klaviertransport-kelheim,service,service,0.125,1.000,1.000,1.000,0,9,no,HIGH_OVERLAP,REVIEW_SHARED_FAQ;DIFFERENTIATE_MAIN_CONTENT;REWRITE_FOR_CUSTOMER
/klaviertransport-abensberg,/klaviertransport-kissing,service,service,0.286,1.000,1.000,1.000,0,9,no,HIGH_OVERLAP,REVIEW_SHARED_FAQ;DIFFERENTIATE_MAIN_CONTENT;REWRITE_FOR_CUSTOMER
/klaviertransport-abensberg,/klaviertransport-koefering,service,service,0.286,1.000,1.000,1.000,0,9,no,HIGH_OVERLAP,REVIEW_SHARED_FAQ;DIFFERENTIATE_MAIN_CONTENT;REWRITE_FOR_CUSTOMER
/klaviertransport-abensberg,/klaviertransport-koenigsbrunn,service,service,0.125,1.000,1.000,1.000,0,9,no,HIGH_OVERLAP,REVIEW_SHARED_FAQ;DIFFERENTIATE_MAIN_CONTENT;REWRITE_FOR_CUSTOMER
/klaviertransport-abensberg,/klaviertransport-koetzting,service,service,1.000,1.000,1.000,1.000,0,9,no,HIGH_OVERLAP,REVIEW_SHARED_FAQ;DIFFERENTIATE_MAIN_CONTENT;REWRITE_FOR_CUSTOMER
/klaviertransport-abensberg,/klaviertransport-laaber,service,service,1.000,1.000,1.000,1.000,0,9,no,HIGH_OVERLAP,REVIEW_SHARED_FAQ;DIFFERENTIATE_MAIN_CONTENT;REWRITE_FOR_CUSTOMER
/klaviertransport-abensberg,/klaviertransport-landau-an-der-isar,service,service,0.125,1.000,1.000,1.000,0,9,no,HIGH_OVERLAP,REVIEW_SHARED_FAQ;DIFFERENTIATE_MAIN_CONTENT;REWRITE_FOR_CUSTOMER
/klaviertransport-abensberg,/klaviertransport-landsberg-am-lech,service,service,0.167,1.000,1.000,1.000,0,9,no,HIGH_OVERLAP,REVIEW_SHARED_FAQ;DIFFERENTIATE_MAIN_CONTENT;REWRITE_FOR_CUSTOMER
/klaviertransport-abensberg,/klaviertransport-landshut,service,service,1.000,1.000,1.000,0.947,0,9,no,HIGH_OVERLAP,REVIEW_SHARED_FAQ;DIFFERENTIATE_MAIN_CONTENT;REWRITE_FOR_CUSTOMER
/klaviertransport-abensberg,/klaviertransport-langquaid,service,service,0.167,1.000,1.000,1.000,0,9,no,HIGH_OVERLAP,REVIEW_SHARED_FAQ;DIFFERENTIATE_MAIN_CONTENT;REWRITE_FOR_CUSTOMER
/klaviertransport-abensberg,/klaviertransport-lappersdorf,service,service,0.286,1.000,1.000,1.000,0,9,no,HIGH_OVERLAP,REVIEW_SHARED_FAQ;DIFFERENTIATE_MAIN_CONTENT;REWRITE_FOR_CUSTOMER
/klaviertransport-abensberg,/klaviertransport-lauf-an-der-pegnitz,service,service,0.167,1.000,1.000,1.000,0,9,no,HIGH_OVERLAP,REVIEW_SHARED_FAQ;DIFFERENTIATE_MAIN_CONTENT;REWRITE_FOR_CUSTOMER
/klaviertransport-abensberg,/klaviertransport-lupburg,service,service,0.125,1.000,1.000,1.000,0,9,no,HIGH_OVERLAP,REVIEW_SHARED_FAQ;DIFFERENTIATE_MAIN_CONTENT;REWRITE_FOR_CUSTOMER
/klaviertransport-abensberg,/klaviertransport-mainburg,service,service,0.125,1.000,1.000,1.000,0,9,no,HIGH_OVERLAP,REVIEW_SHARED_FAQ;DIFFERENTIATE_MAIN_CONTENT;REWRITE_FOR_CUSTOMER
/klaviertransport-abensberg,/klaviertransport-mallersdorf-pfaffenberg,service,service,0.286,1.000,1.000,1.000,0,9,no,HIGH_OVERLAP,REVIEW_SHARED_FAQ;DIFFERENTIATE_MAIN_CONTENT;REWRITE_FOR_CUSTOMER
/klaviertransport-abensberg,/klaviertransport-mammendorf,service,service,0.167,1.000,1.000,1.000,0,9,no,HIGH_OVERLAP,REVIEW_SHARED_FAQ;DIFFERENTIATE_MAIN_CONTENT;REWRITE_FOR_CUSTOMER
/klaviertransport-abensberg,/klaviertransport-maxhuette-haidhof,service,service,0.125,1.000,1.000,1.000,0,9,no,HIGH_OVERLAP,REVIEW_SHARED_FAQ;DIFFERENTIATE_MAIN_CONTENT;REWRITE_FOR_CUSTOMER
/klaviertransport-abensberg,/klaviertransport-mering,service,service,0.167,1.000,1.000,1.000,0,9,no,HIGH_OVERLAP,REVIEW_SHARED_FAQ;DIFFERENTIATE_MAIN_CONTENT;REWRITE_FOR_CUSTOMER
/klaviertransport-abensberg,/klaviertransport-mintraching,service,service,0.286,1.000,1.000,1.000,0,9,no,HIGH_OVERLAP,REVIEW_SHARED_FAQ;DIFFERENTIATE_MAIN_CONTENT;REWRITE_FOR_CUSTOMER
/klaviertransport-abensberg,/klaviertransport-moetzing,service,service,0.125,1.000,1.000,1.000,0,9,no,HIGH_OVERLAP,REVIEW_SHARED_FAQ;DIFFERENTIATE_MAIN_CONTENT;REWRITE_FOR_CUSTOMER
/klaviertransport-abensberg,/klaviertransport-moosburg,service,service,0.286,1.000,1.000,1.000,0,9,no,HIGH_OVERLAP,REVIEW_SHARED_FAQ;DIFFERENTIATE_MAIN_CONTENT;REWRITE_FOR_CUSTOMER
/klaviertransport-abensberg,/klaviertransport-muenchen,service,service,0.500,0.750,1.000,0.966,0,9,no,HIGH_OVERLAP,REVIEW_SHARED_FAQ;DIFFERENTIATE_MAIN_CONTENT;REWRITE_FOR_CUSTOMER
/klaviertransport-abensberg,/klaviertransport-nabburg,service,service,0.125,1.000,1.000,1.000,0,9,no,HIGH_OVERLAP,REVIEW_SHARED_FAQ;DIFFERENTIATE_MAIN_CONTENT;REWRITE_FOR_CUSTOMER
/klaviertransport-abensberg,/klaviertransport-neu-ulm,service,service,0.125,1.000,1.000,1.000,0,9,no,HIGH_OVERLAP,REVIEW_SHARED_FAQ;DIFFERENTIATE_MAIN_CONTENT;REWRITE_FOR_CUSTOMER
/klaviertransport-abensberg,/klaviertransport-neufahrn-in-niederbayern,service,service,0.167,1.000,1.000,0.988,0,9,no,HIGH_OVERLAP,REVIEW_SHARED_FAQ;DIFFERENTIATE_MAIN_CONTENT;REWRITE_FOR_CUSTOMER
/klaviertransport-abensberg,/klaviertransport-neumarkt,service,service,0.125,1.000,1.000,0.938,0,9,no,HIGH_OVERLAP,REVIEW_SHARED_FAQ;DIFFERENTIATE_MAIN_CONTENT;REWRITE_FOR_CUSTOMER
/klaviertransport-abensberg,/klaviertransport-neunburg-vorm-wald,service,service,0.286,1.000,1.000,1.000,0,9,no,HIGH_OVERLAP,REVIEW_SHARED_FAQ;DIFFERENTIATE_MAIN_CONTENT;REWRITE_FOR_CUSTOMER
/klaviertransport-abensberg,/klaviertransport-neusaess,service,service,0.125,1.000,1.000,1.000,0,9,no,HIGH_OVERLAP,REVIEW_SHARED_FAQ;DIFFERENTIATE_MAIN_CONTENT;REWRITE_FOR_CUSTOMER
/klaviertransport-abensberg,/klaviertransport-neustadt-an-der-donau,service,service,0.167,1.000,1.000,1.000,0,9,no,HIGH_OVERLAP,REVIEW_SHARED_FAQ;DIFFERENTIATE_MAIN_CONTENT;REWRITE_FOR_CUSTOMER
/klaviertransport-abensberg,/klaviertransport-neustadt-an-der-waldnaab,service,service,1.000,1.000,1.000,1.000,0,9,no,HIGH_OVERLAP,REVIEW_SHARED_FAQ;DIFFERENTIATE_MAIN_CONTENT;REWRITE_FOR_CUSTOMER
/klaviertransport-abensberg,/klaviertransport-neutraubling,service,service,0.167,1.000,1.000,1.000,0,9,no,HIGH_OVERLAP,REVIEW_SHARED_FAQ;DIFFERENTIATE_MAIN_CONTENT;REWRITE_FOR_CUSTOMER
/klaviertransport-abensberg,/klaviertransport-nittenau,service,service,0.167,1.000,1.000,1.000,0,9,no,HIGH_OVERLAP,REVIEW_SHARED_FAQ;DIFFERENTIATE_MAIN_CONTENT;REWRITE_FOR_CUSTOMER
/klaviertransport-abensberg,/klaviertransport-nittendorf,service,service,1.000,1.000,1.000,1.000,0,9,no,HIGH_OVERLAP,REVIEW_SHARED_FAQ;DIFFERENTIATE_MAIN_CONTENT;REWRITE_FOR_CUSTOMER
/klaviertransport-abensberg,/klaviertransport-nuernberg,service,service,0.500,0.750,1.000,0.984,0,9,no,HIGH_OVERLAP,REVIEW_SHARED_FAQ;DIFFERENTIATE_MAIN_CONTENT;REWRITE_FOR_CUSTOMER
/klaviertransport-abensberg,/klaviertransport-oberasbach,service,service,0.286,1.000,1.000,1.000,0,9,no,HIGH_OVERLAP,REVIEW_SHARED_FAQ;DIFFERENTIATE_MAIN_CONTENT;REWRITE_FOR_CUSTOMER
/klaviertransport-abensberg,/klaviertransport-obertraubling,service,service,0.167,1.000,1.000,1.000,0,9,no,HIGH_OVERLAP,REVIEW_SHARED_FAQ;DIFFERENTIATE_MAIN_CONTENT;REWRITE_FOR_CUSTOMER
/klaviertransport-abensberg,/klaviertransport-oberviechtach,service,service,1.000,1.000,1.000,1.000,0,9,no,HIGH_OVERLAP,REVIEW_SHARED_FAQ;DIFFERENTIATE_MAIN_CONTENT;REWRITE_FOR_CUSTOMER
/klaviertransport-abensberg,/klaviertransport-olching,service,service,0.286,1.000,1.000,1.000,0,9,no,HIGH_OVERLAP,REVIEW_SHARED_FAQ;DIFFERENTIATE_MAIN_CONTENT;REWRITE_FOR_CUSTOMER
/klaviertransport-abensberg,/klaviertransport-osterhofen,service,service,1.000,1.000,1.000,1.000,0,9,no,HIGH_OVERLAP,REVIEW_SHARED_FAQ;DIFFERENTIATE_MAIN_CONTENT;REWRITE_FOR_CUSTOMER
/klaviertransport-abensberg,/klaviertransport-painten,service,service,0.125,1.000,1.000,1.000,0,9,no,HIGH_OVERLAP,REVIEW_SHARED_FAQ;DIFFERENTIATE_MAIN_CONTENT;REWRITE_FOR_CUSTOMER
/klaviertransport-abensberg,/klaviertransport-parsberg,service,service,0.286,1.000,1.000,1.000,0,9,no,HIGH_OVERLAP,REVIEW_SHARED_FAQ;DIFFERENTIATE_MAIN_CONTENT;REWRITE_FOR_CUSTOMER
/klaviertransport-abensberg,/klaviertransport-passau,service,service,0.125,0.750,1.000,0.926,0,9,no,HIGH_OVERLAP,REVIEW_SHARED_FAQ;DIFFERENTIATE_MAIN_CONTENT;REWRITE_FOR_CUSTOMER
/klaviertransport-abensberg,/klaviertransport-pentling,service,service,0.125,1.000,1.000,1.000,0,9,no,HIGH_OVERLAP,REVIEW_SHARED_FAQ;DIFFERENTIATE_MAIN_CONTENT;REWRITE_FOR_CUSTOMER
/klaviertransport-abensberg,/klaviertransport-pettendorf,service,service,0.125,1.000,1.000,1.000,0,9,no,HIGH_OVERLAP,REVIEW_SHARED_FAQ;DIFFERENTIATE_MAIN_CONTENT;REWRITE_FOR_CUSTOMER
/klaviertransport-abensberg,/klaviertransport-pfaffenhofen,service,service,0.167,1.000,1.000,1.000,0,9,no,HIGH_OVERLAP,REVIEW_SHARED_FAQ;DIFFERENTIATE_MAIN_CONTENT;REWRITE_FOR_CUSTOMER
/klaviertransport-abensberg,/klaviertransport-pfarrkirchen,service,service,1.000,1.000,1.000,1.000,0,9,no,HIGH_OVERLAP,REVIEW_SHARED_FAQ;DIFFERENTIATE_MAIN_CONTENT;REWRITE_FOR_CUSTOMER
/klaviertransport-abensberg,/klaviertransport-pfatter,service,service,0.286,1.000,1.000,1.000,0,9,no,HIGH_OVERLAP,REVIEW_SHARED_FAQ;DIFFERENTIATE_MAIN_CONTENT;REWRITE_FOR_CUSTOMER
/klaviertransport-abensberg,/klaviertransport-pfeffenhausen,service,service,0.286,1.000,1.000,1.000,0,9,no,HIGH_OVERLAP,REVIEW_SHARED_FAQ;DIFFERENTIATE_MAIN_CONTENT;REWRITE_FOR_CUSTOMER
/klaviertransport-abensberg,/klaviertransport-pfreimd,service,service,0.125,1.000,1.000,1.000,0,9,no,HIGH_OVERLAP,REVIEW_SHARED_FAQ;DIFFERENTIATE_MAIN_CONTENT;REWRITE_FOR_CUSTOMER
/klaviertransport-abensberg,/klaviertransport-pielenhofen,service,service,0.125,1.000,1.000,1.000,0,9,no,HIGH_OVERLAP,REVIEW_SHARED_FAQ;DIFFERENTIATE_MAIN_CONTENT;REWRITE_FOR_CUSTOMER
/klaviertransport-abensberg,/klaviertransport-plattling,service,service,0.125,1.000,1.000,1.000,0,9,no,HIGH_OVERLAP,REVIEW_SHARED_FAQ;DIFFERENTIATE_MAIN_CONTENT;REWRITE_FOR_CUSTOMER
/klaviertransport-abensberg,/klaviertransport-pocking,service,service,0.125,1.000,1.000,1.000,0,9,no,HIGH_OVERLAP,REVIEW_SHARED_FAQ;DIFFERENTIATE_MAIN_CONTENT;REWRITE_FOR_CUSTOMER
/klaviertransport-abensberg,/klaviertransport-postbauer-heng,service,service,0.167,1.000,1.000,1.000,0,9,no,HIGH_OVERLAP,REVIEW_SHARED_FAQ;DIFFERENTIATE_MAIN_CONTENT;REWRITE_FOR_CUSTOMER
/klaviertransport-abensberg,/klaviertransport-regen,service,service,1.000,1.000,1.000,1.000,0,9,no,HIGH_OVERLAP,REVIEW_SHARED_FAQ;DIFFERENTIATE_MAIN_CONTENT;REWRITE_FOR_CUSTOMER
/klaviertransport-abensberg,/klaviertransport-regenstauf,service,service,0.167,1.000,1.000,1.000,0,9,no,HIGH_OVERLAP,REVIEW_SHARED_FAQ;DIFFERENTIATE_MAIN_CONTENT;REWRITE_FOR_CUSTOMER
/klaviertransport-abensberg,/klaviertransport-riedenburg,service,service,1.000,1.000,1.000,1.000,0,9,no,HIGH_OVERLAP,REVIEW_SHARED_FAQ;DIFFERENTIATE_MAIN_CONTENT;REWRITE_FOR_CUSTOMER
/klaviertransport-abensberg,/klaviertransport-riekofen,service,service,0.125,1.000,1.000,1.000,0,9,no,HIGH_OVERLAP,REVIEW_SHARED_FAQ;DIFFERENTIATE_MAIN_CONTENT;REWRITE_FOR_CUSTOMER
/klaviertransport-abensberg,/klaviertransport-roding,service,service,1.000,1.000,1.000,1.000,0,9,no,HIGH_OVERLAP,REVIEW_SHARED_FAQ;DIFFERENTIATE_MAIN_CONTENT;REWRITE_FOR_CUSTOMER
/klaviertransport-abensberg,/klaviertransport-rosenheim,service,service,0.286,0.750,1.000,0.906,0,9,no,HIGH_OVERLAP,REVIEW_SHARED_FAQ;DIFFERENTIATE_MAIN_CONTENT;REWRITE_FOR_CUSTOMER
/klaviertransport-abensberg,/klaviertransport-roth,service,service,0.125,1.000,1.000,1.000,0,9,no,HIGH_OVERLAP,REVIEW_SHARED_FAQ;DIFFERENTIATE_MAIN_CONTENT;REWRITE_FOR_CUSTOMER
/klaviertransport-abensberg,/klaviertransport-rottenburg-an-der-laaber,service,service,0.167,1.000,1.000,1.000,0,9,no,HIGH_OVERLAP,REVIEW_SHARED_FAQ;DIFFERENTIATE_MAIN_CONTENT;REWRITE_FOR_CUSTOMER
/klaviertransport-abensberg,/klaviertransport-saal-an-der-donau,service,service,0.125,1.000,1.000,1.000,0,9,no,HIGH_OVERLAP,REVIEW_SHARED_FAQ;DIFFERENTIATE_MAIN_CONTENT;REWRITE_FOR_CUSTOMER
/klaviertransport-abensberg,/klaviertransport-schierling,service,service,0.167,1.000,1.000,1.000,0,9,no,HIGH_OVERLAP,REVIEW_SHARED_FAQ;DIFFERENTIATE_MAIN_CONTENT;REWRITE_FOR_CUSTOMER
/klaviertransport-abensberg,/klaviertransport-schnaittenbach,service,service,1.000,1.000,1.000,1.000,0,9,no,HIGH_OVERLAP,REVIEW_SHARED_FAQ;DIFFERENTIATE_MAIN_CONTENT;REWRITE_FOR_CUSTOMER
/klaviertransport-abensberg,/klaviertransport-schwabach,service,service,0.167,1.000,1.000,1.000,0,9,no,HIGH_OVERLAP,REVIEW_SHARED_FAQ;DIFFERENTIATE_MAIN_CONTENT;REWRITE_FOR_CUSTOMER
/klaviertransport-abensberg,/klaviertransport-schwandorf,service,service,1.000,1.000,1.000,0.938,0,9,no,HIGH_OVERLAP,REVIEW_SHARED_FAQ;DIFFERENTIATE_MAIN_CONTENT;REWRITE_FOR_CUSTOMER
/klaviertransport-abensberg,/klaviertransport-schwarzenfeld,service,service,0.167,1.000,1.000,1.000,0,9,no,HIGH_OVERLAP,REVIEW_SHARED_FAQ;DIFFERENTIATE_MAIN_CONTENT;REWRITE_FOR_CUSTOMER
/klaviertransport-abensberg,/klaviertransport-schweinfurt,service,service,0.286,1.000,1.000,1.000,0,9,no,HIGH_OVERLAP,REVIEW_SHARED_FAQ;DIFFERENTIATE_MAIN_CONTENT;REWRITE_FOR_CUSTOMER
/klaviertransport-abensberg,/klaviertransport-seubersdorf,service,service,0.167,1.000,1.000,1.000,0,9,no,HIGH_OVERLAP,REVIEW_SHARED_FAQ;DIFFERENTIATE_MAIN_CONTENT;REWRITE_FOR_CUSTOMER
/klaviertransport-abensberg,/klaviertransport-simbach-am-inn,service,service,0.286,1.000,1.000,1.000,0,9,no,HIGH_OVERLAP,REVIEW_SHARED_FAQ;DIFFERENTIATE_MAIN_CONTENT;REWRITE_FOR_CUSTOMER
/klaviertransport-abensberg,/klaviertransport-sinzing,service,service,0.286,1.000,1.000,1.000,0,9,no,HIGH_OVERLAP,REVIEW_SHARED_FAQ;DIFFERENTIATE_MAIN_CONTENT;REWRITE_FOR_CUSTOMER
/klaviertransport-abensberg,/klaviertransport-starnberg,service,service,0.286,1.000,1.000,0.927,0,9,no,HIGH_OVERLAP,REVIEW_SHARED_FAQ;DIFFERENTIATE_MAIN_CONTENT;REWRITE_FOR_CUSTOMER
/klaviertransport-abensberg,/klaviertransport-steinberg-am-see,service,service,0.286,1.000,1.000,1.000,0,9,no,HIGH_OVERLAP,REVIEW_SHARED_FAQ;DIFFERENTIATE_MAIN_CONTENT;REWRITE_FOR_CUSTOMER
/klaviertransport-abensberg,/klaviertransport-straubing,service,service,1.000,0.750,1.000,0.926,0,9,no,HIGH_OVERLAP,REVIEW_SHARED_FAQ;DIFFERENTIATE_MAIN_CONTENT;REWRITE_FOR_CUSTOMER
/klaviertransport-abensberg,/klaviertransport-suenching,service,service,0.167,1.000,1.000,1.000,0,9,no,HIGH_OVERLAP,REVIEW_SHARED_FAQ;DIFFERENTIATE_MAIN_CONTENT;REWRITE_FOR_CUSTOMER
/klaviertransport-abensberg,/klaviertransport-sulzbach-rosenberg,service,service,0.286,1.000,1.000,1.000,0,9,no,HIGH_OVERLAP,REVIEW_SHARED_FAQ;DIFFERENTIATE_MAIN_CONTENT;REWRITE_FOR_CUSTOMER
/klaviertransport-abensberg,/klaviertransport-tegernheim,service,service,0.167,1.000,1.000,1.000,0,9,no,HIGH_OVERLAP,REVIEW_SHARED_FAQ;DIFFERENTIATE_MAIN_CONTENT;REWRITE_FOR_CUSTOMER
/klaviertransport-abensberg,/klaviertransport-teublitz,service,service,0.125,1.000,1.000,1.000,0,9,no,HIGH_OVERLAP,REVIEW_SHARED_FAQ;DIFFERENTIATE_MAIN_CONTENT;REWRITE_FOR_CUSTOMER
/klaviertransport-abensberg,/klaviertransport-thalmassing,service,service,0.125,1.000,1.000,1.000,0,9,no,HIGH_OVERLAP,REVIEW_SHARED_FAQ;DIFFERENTIATE_MAIN_CONTENT;REWRITE_FOR_CUSTOMER
/klaviertransport-abensberg,/klaviertransport-tirschenreuth,service,service,0.167,1.000,1.000,1.000,0,9,no,HIGH_OVERLAP,REVIEW_SHARED_FAQ;DIFFERENTIATE_MAIN_CONTENT;REWRITE_FOR_CUSTOMER
/klaviertransport-abensberg,/klaviertransport-unterhaching,service,service,0.167,1.000,1.000,1.000,0,9,no,HIGH_OVERLAP,REVIEW_SHARED_FAQ;DIFFERENTIATE_MAIN_CONTENT;REWRITE_FOR_CUSTOMER
/klaviertransport-abensberg,/klaviertransport-velburg,service,service,1.000,1.000,1.000,1.000,0,9,no,HIGH_OVERLAP,REVIEW_SHARED_FAQ;DIFFERENTIATE_MAIN_CONTENT;REWRITE_FOR_CUSTOMER
/klaviertransport-abensberg,/klaviertransport-viechtach,service,service,1.000,1.000,1.000,1.000,0,9,no,HIGH_OVERLAP,REVIEW_SHARED_FAQ;DIFFERENTIATE_MAIN_CONTENT;REWRITE_FOR_CUSTOMER
/klaviertransport-abensberg,/klaviertransport-vilsbiburg,service,service,0.125,1.000,1.000,1.000,0,9,no,HIGH_OVERLAP,REVIEW_SHARED_FAQ;DIFFERENTIATE_MAIN_CONTENT;REWRITE_FOR_CUSTOMER
/klaviertransport-abensberg,/klaviertransport-vilseck,service,service,0.125,1.000,1.000,1.000,0,9,no,HIGH_OVERLAP,REVIEW_SHARED_FAQ;DIFFERENTIATE_MAIN_CONTENT;REWRITE_FOR_CUSTOMER
/klaviertransport-abensberg,/klaviertransport-vilshofen,service,service,0.167,1.000,1.000,1.000,0,9,no,HIGH_OVERLAP,REVIEW_SHARED_FAQ;DIFFERENTIATE_MAIN_CONTENT;REWRITE_FOR_CUSTOMER
/klaviertransport-abensberg,/klaviertransport-vohburg,service,service,0.125,1.000,1.000,1.000,0,9,no,HIGH_OVERLAP,REVIEW_SHARED_FAQ;DIFFERENTIATE_MAIN_CONTENT;REWRITE_FOR_CUSTOMER
/klaviertransport-abensberg,/klaviertransport-vohenstrauss,service,service,0.125,1.000,1.000,1.000,0,9,no,HIGH_OVERLAP,REVIEW_SHARED_FAQ;DIFFERENTIATE_MAIN_CONTENT;REWRITE_FOR_CUSTOMER
/klaviertransport-abensberg,/klaviertransport-wackersdorf,service,service,0.125,1.000,1.000,1.000,0,9,no,HIGH_OVERLAP,REVIEW_SHARED_FAQ;DIFFERENTIATE_MAIN_CONTENT;REWRITE_FOR_CUSTOMER
/klaviertransport-abensberg,/klaviertransport-waldkirchen,service,service,0.286,1.000,1.000,1.000,0,9,no,HIGH_OVERLAP,REVIEW_SHARED_FAQ;DIFFERENTIATE_MAIN_CONTENT;REWRITE_FOR_CUSTOMER
/klaviertransport-abensberg,/klaviertransport-waldmuenchen,service,service,0.125,1.000,1.000,0.927,0,9,no,HIGH_OVERLAP,REVIEW_SHARED_FAQ;DIFFERENTIATE_MAIN_CONTENT;REWRITE_FOR_CUSTOMER
/klaviertransport-abensberg,/klaviertransport-weiden,service,service,0.286,0.750,1.000,0.917,0,9,no,HIGH_OVERLAP,REVIEW_SHARED_FAQ;DIFFERENTIATE_MAIN_CONTENT;REWRITE_FOR_CUSTOMER
/klaviertransport-abensberg,/klaviertransport-weilheim-in-oberbayern,service,service,0.167,1.000,1.000,0.988,0,9,no,HIGH_OVERLAP,REVIEW_SHARED_FAQ;DIFFERENTIATE_MAIN_CONTENT;REWRITE_FOR_CUSTOMER
/klaviertransport-abensberg,/klaviertransport-wendelstein,service,service,0.167,1.000,1.000,1.000,0,9,no,HIGH_OVERLAP,REVIEW_SHARED_FAQ;DIFFERENTIATE_MAIN_CONTENT;REWRITE_FOR_CUSTOMER
/klaviertransport-abensberg,/klaviertransport-wenzenbach,service,service,1.000,1.000,1.000,1.000,0,9,no,HIGH_OVERLAP,REVIEW_SHARED_FAQ;DIFFERENTIATE_MAIN_CONTENT;REWRITE_FOR_CUSTOMER
/klaviertransport-abensberg,/klaviertransport-wernberg-koeblitz,service,service,0.125,1.000,1.000,1.000,0,9,no,HIGH_OVERLAP,REVIEW_SHARED_FAQ;DIFFERENTIATE_MAIN_CONTENT;REWRITE_FOR_CUSTOMER
/klaviertransport-abensberg,/klaviertransport-wiesent,service,service,0.125,1.000,1.000,1.000,0,9,no,HIGH_OVERLAP,REVIEW_SHARED_FAQ;DIFFERENTIATE_MAIN_CONTENT;REWRITE_FOR_CUSTOMER
/klaviertransport-abensberg,/klaviertransport-windischeschenbach,service,service,1.000,1.000,1.000,1.000,0,9,no,HIGH_OVERLAP,REVIEW_SHARED_FAQ;DIFFERENTIATE_MAIN_CONTENT;REWRITE_FOR_CUSTOMER
/klaviertransport-abensberg,/klaviertransport-woerth-an-der-donau,service,service,0.125,1.000,1.000,1.000,0,9,no,HIGH_OVERLAP,REVIEW_SHARED_FAQ;DIFFERENTIATE_MAIN_CONTENT;REWRITE_FOR_CUSTOMER
/klaviertransport-abensberg,/klaviertransport-wolfsegg,service,service,0.167,1.000,1.000,1.000,0,9,no,HIGH_OVERLAP,REVIEW_SHARED_FAQ;DIFFERENTIATE_MAIN_CONTENT;REWRITE_FOR_CUSTOMER
/klaviertransport-abensberg,/klaviertransport-wolnzach,service,service,0.286,1.000,1.000,1.000,0,9,no,HIGH_OVERLAP,REVIEW_SHARED_FAQ;DIFFERENTIATE_MAIN_CONTENT;REWRITE_FOR_CUSTOMER
/klaviertransport-abensberg,/klaviertransport-zeitlarn,service,service,1.000,1.000,1.000,1.000,0,9,no,HIGH_OVERLAP,REVIEW_SHARED_FAQ;DIFFERENTIATE_MAIN_CONTENT;REWRITE_FOR_CUSTOMER
/klaviertransport-abensberg,/klaviertransport-zirndorf,service,service,0.286,1.000,1.000,1.000,0,9,no,HIGH_OVERLAP,REVIEW_SHARED_FAQ;DIFFERENTIATE_MAIN_CONTENT;REWRITE_FOR_CUSTOMER
/klaviertransport-abensberg,/klaviertransport-zwiesel,service,service,1.000,1.000,1.000,1.000,0,9,no,HIGH_OVERLAP,REVIEW_SHARED_FAQ;DIFFERENTIATE_MAIN_CONTENT;REWRITE_FOR_CUSTOMER
/klaviertransport-altdorf-bei-nuernberg,/klaviertransport-alteglofsheim,service,service,0.143,1.000,1.000,1.000,0,9,no,HIGH_OVERLAP,REVIEW_SHARED_FAQ;DIFFERENTIATE_MAIN_CONTENT;REWRITE_FOR_CUSTOMER
/klaviertransport-altdorf-bei-nuernberg,/klaviertransport-altenthann,service,service,0.167,1.000,1.000,1.000,0,9,no,HIGH_OVERLAP,REVIEW_SHARED_FAQ;DIFFERENTIATE_MAIN_CONTENT;REWRITE_FOR_CUSTOMER
/klaviertransport-altdorf-bei-nuernberg,/klaviertransport-amberg,service,service,1.000,0.750,1.000,0.917,0,9,no,HIGH_OVERLAP,REVIEW_SHARED_FAQ;DIFFERENTIATE_MAIN_CONTENT;REWRITE_FOR_CUSTOMER
/klaviertransport-altdorf-bei-nuernberg,/klaviertransport-ansbach,service,service,1.000,1.000,1.000,1.000,0,9,no,HIGH_OVERLAP,REVIEW_SHARED_FAQ;DIFFERENTIATE_MAIN_CONTENT;REWRITE_FOR_CUSTOMER
/klaviertransport-altdorf-bei-nuernberg,/klaviertransport-auerbach-in-der-oberpfalz,service,service,0.167,1.000,1.000,1.000,0,9,no,HIGH_OVERLAP,REVIEW_SHARED_FAQ;DIFFERENTIATE_MAIN_CONTENT;REWRITE_FOR_CUSTOMER
/klaviertransport-altdorf-bei-nuernberg,/klaviertransport-aufhausen,service,service,1.000,1.000,1.000,1.000,0,9,no,HIGH_OVERLAP,REVIEW_SHARED_FAQ;DIFFERENTIATE_MAIN_CONTENT;REWRITE_FOR_CUSTOMER
/klaviertransport-altdorf-bei-nuernberg,/klaviertransport-augsburg,service,service,1.000,1.000,1.000,0.947,0,9,no,HIGH_OVERLAP,REVIEW_SHARED_FAQ;DIFFERENTIATE_MAIN_CONTENT;REWRITE_FOR_CUSTOMER
/klaviertransport-alteglofsheim,/klaviertransport-altenthann,service,service,0.286,1.000,1.000,1.000,0,9,no,HIGH_OVERLAP,REVIEW_SHARED_FAQ;DIFFERENTIATE_MAIN_CONTENT;REWRITE_FOR_CUSTOMER
/klaviertransport-alteglofsheim,/klaviertransport-amberg,service,service,0.143,0.750,1.000,0.917,0,9,no,HIGH_OVERLAP,REVIEW_SHARED_FAQ;DIFFERENTIATE_MAIN_CONTENT;REWRITE_FOR_CUSTOMER
/klaviertransport-alteglofsheim,/klaviertransport-ansbach,service,service,0.143,1.000,1.000,1.000,0,9,no,HIGH_OVERLAP,REVIEW_SHARED_FAQ;DIFFERENTIATE_MAIN_CONTENT;REWRITE_FOR_CUSTOMER
/klaviertransport-alteglofsheim,/klaviertransport-auerbach-in-der-oberpfalz,service,service,0.286,1.000,1.000,1.000,0,9,no,HIGH_OVERLAP,REVIEW_SHARED_FAQ;DIFFERENTIATE_MAIN_CONTENT;REWRITE_FOR_CUSTOMER
/klaviertransport-alteglofsheim,/klaviertransport-aufhausen,service,service,0.143,1.000,1.000,1.000,0,9,no,HIGH_OVERLAP,REVIEW_SHARED_FAQ;DIFFERENTIATE_MAIN_CONTENT;REWRITE_FOR_CUSTOMER
/klaviertransport-alteglofsheim,/klaviertransport-augsburg,service,service,0.143,1.000,1.000,0.947,0,9,no,HIGH_OVERLAP,REVIEW_SHARED_FAQ;DIFFERENTIATE_MAIN_CONTENT;REWRITE_FOR_CUSTOMER
/klaviertransport-altenthann,/klaviertransport-amberg,service,service,0.167,0.750,1.000,0.917,0,9,no,HIGH_OVERLAP,REVIEW_SHARED_FAQ;DIFFERENTIATE_MAIN_CONTENT;REWRITE_FOR_CUSTOMER
/klaviertransport-altenthann,/klaviertransport-ansbach,service,service,0.167,1.000,1.000,1.000,0,9,no,HIGH_OVERLAP,REVIEW_SHARED_FAQ;DIFFERENTIATE_MAIN_CONTENT;REWRITE_FOR_CUSTOMER
/klaviertransport-altenthann,/klaviertransport-auerbach-in-der-oberpfalz,service,service,1.000,1.000,1.000,1.000,0,9,no,HIGH_OVERLAP,REVIEW_SHARED_FAQ;DIFFERENTIATE_MAIN_CONTENT;REWRITE_FOR_CUSTOMER
/klaviertransport-altenthann,/klaviertransport-aufhausen,service,service,0.167,1.000,1.000,1.000,0,9,no,HIGH_OVERLAP,REVIEW_SHARED_FAQ;DIFFERENTIATE_MAIN_CONTENT;REWRITE_FOR_CUSTOMER
/klaviertransport-altenthann,/klaviertransport-augsburg,service,service,0.167,1.000,1.000,0.947,0,9,no,HIGH_OVERLAP,REVIEW_SHARED_FAQ;DIFFERENTIATE_MAIN_CONTENT;REWRITE_FOR_CUSTOMER
/klaviertransport-amberg,/klaviertransport-ansbach,service,service,1.000,0.750,1.000,0.917,0,9,no,HIGH_OVERLAP,REVIEW_SHARED_FAQ;DIFFERENTIATE_MAIN_CONTENT;REWRITE_FOR_CUSTOMER
/klaviertransport-amberg,/klaviertransport-auerbach-in-der-oberpfalz,service,service,0.167,0.750,1.000,0.917,0,9,no,HIGH_OVERLAP,REVIEW_SHARED_FAQ;DIFFERENTIATE_MAIN_CONTENT;REWRITE_FOR_CUSTOMER
/klaviertransport-amberg,/klaviertransport-aufhausen,service,service,1.000,0.750,1.000,0.917,0,9,no,HIGH_OVERLAP,REVIEW_SHARED_FAQ;DIFFERENTIATE_MAIN_CONTENT;REWRITE_FOR_CUSTOMER
/klaviertransport-amberg,/klaviertransport-augsburg,service,service,1.000,0.750,1.000,0.921,0,9,no,HIGH_OVERLAP,REVIEW_SHARED_FAQ;DIFFERENTIATE_MAIN_CONTENT;REWRITE_FOR_CUSTOMER
/klaviertransport-ansbach,/klaviertransport-auerbach-in-der-oberpfalz,service,service,0.167,1.000,1.000,1.000,0,9,no,HIGH_OVERLAP,REVIEW_SHARED_FAQ;DIFFERENTIATE_MAIN_CONTENT;REWRITE_FOR_CUSTOMER
/klaviertransport-ansbach,/klaviertransport-aufhausen,service,service,1.000,1.000,1.000,1.000,0,9,no,HIGH_OVERLAP,REVIEW_SHARED_FAQ;DIFFERENTIATE_MAIN_CONTENT;REWRITE_FOR_CUSTOMER
/klaviertransport-ansbach,/klaviertransport-augsburg,service,service,1.000,1.000,1.000,0.947,0,9,no,HIGH_OVERLAP,REVIEW_SHARED_FAQ;DIFFERENTIATE_MAIN_CONTENT;REWRITE_FOR_CUSTOMER
/klaviertransport-auerbach-in-der-oberpfalz,/klaviertransport-aufhausen,service,service,0.167,1.000,1.000,1.000,0,9,no,HIGH_OVERLAP,REVIEW_SHARED_FAQ;DIFFERENTIATE_MAIN_CONTENT;REWRITE_FOR_CUSTOMER
/klaviertransport-auerbach-in-der-oberpfalz,/klaviertransport-augsburg,service,service,0.167,1.000,1.000,0.947,0,9,no,HIGH_OVERLAP,REVIEW_SHARED_FAQ;DIFFERENTIATE_MAIN_CONTENT;REWRITE_FOR_CUSTOMER
/klaviertransport-aufhausen,/klaviertransport-augsburg,service,service,1.000,1.000,1.000,0.947,0,9,no,HIGH_OVERLAP,REVIEW_SHARED_FAQ;DIFFERENTIATE_MAIN_CONTENT;REWRITE_FOR_CUSTOMER
/klaviertransport-bad-abbach,/klaviertransport-bad-koetzting,service,service,0.125,1.000,1.000,1.000,0,9,no,HIGH_OVERLAP,REVIEW_SHARED_FAQ;DIFFERENTIATE_MAIN_CONTENT;REWRITE_FOR_CUSTOMER
/klaviertransport-bad-abbach,/klaviertransport-bad-toelz,service,service,0.111,1.000,1.000,1.000,0,9,no,HIGH_OVERLAP,REVIEW_SHARED_FAQ;DIFFERENTIATE_MAIN_CONTENT;REWRITE_FOR_CUSTOMER
/klaviertransport-bad-abbach,/klaviertransport-bamberg,service,service,0.143,1.000,1.000,0.947,0,9,no,HIGH_OVERLAP,REVIEW_SHARED_FAQ;DIFFERENTIATE_MAIN_CONTENT;REWRITE_FOR_CUSTOMER
/klaviertransport-bad-abbach,/klaviertransport-barbing,service,service,1.000,1.000,1.000,1.000,0,9,no,HIGH_OVERLAP,REVIEW_SHARED_FAQ;DIFFERENTIATE_MAIN_CONTENT;REWRITE_FOR_CUSTOMER
/klaviertransport-bad-abbach,/klaviertransport-bayreuth,service,service,0.143,1.000,1.000,0.947,0,9,no,HIGH_OVERLAP,REVIEW_SHARED_FAQ;DIFFERENTIATE_MAIN_CONTENT;REWRITE_FOR_CUSTOMER
/klaviertransport-bad-abbach,/klaviertransport-beilngries,service,service,0.143,1.000,1.000,1.000,0,9,no,HIGH_OVERLAP,REVIEW_SHARED_FAQ;DIFFERENTIATE_MAIN_CONTENT;REWRITE_FOR_CUSTOMER
/klaviertransport-bad-abbach,/klaviertransport-beratzhausen,service,service,0.143,1.000,1.000,1.000,0,9,no,HIGH_OVERLAP,REVIEW_SHARED_FAQ;DIFFERENTIATE_MAIN_CONTENT;REWRITE_FOR_CUSTOMER
/klaviertransport-bad-koetzting,/klaviertransport-bad-toelz,service,service,0.286,1.000,1.000,1.000,0,9,no,HIGH_OVERLAP,REVIEW_SHARED_FAQ;DIFFERENTIATE_MAIN_CONTENT;REWRITE_FOR_CUSTOMER
/klaviertransport-bad-koetzting,/klaviertransport-bamberg,service,service,0.167,1.000,1.000,0.947,0,9,no,HIGH_OVERLAP,REVIEW_SHARED_FAQ;DIFFERENTIATE_MAIN_CONTENT;REWRITE_FOR_CUSTOMER
/klaviertransport-bad-koetzting,/klaviertransport-barbing,service,service,0.125,1.000,1.000,1.000,0,9,no,HIGH_OVERLAP,REVIEW_SHARED_FAQ;DIFFERENTIATE_MAIN_CONTENT;REWRITE_FOR_CUSTOMER
/klaviertransport-bad-koetzting,/klaviertransport-bayreuth,service,service,0.167,1.000,1.000,0.947,0,9,no,HIGH_OVERLAP,REVIEW_SHARED_FAQ;DIFFERENTIATE_MAIN_CONTENT;REWRITE_FOR_CUSTOMER
/klaviertransport-bad-koetzting,/klaviertransport-beilngries,service,service,0.167,1.000,1.000,1.000,0,9,no,HIGH_OVERLAP,REVIEW_SHARED_FAQ;DIFFERENTIATE_MAIN_CONTENT;REWRITE_FOR_CUSTOMER
/klaviertransport-bad-koetzting,/klaviertransport-beratzhausen,service,service,0.167,1.000,1.000,1.000,0,9,no,HIGH_OVERLAP,REVIEW_SHARED_FAQ;DIFFERENTIATE_MAIN_CONTENT;REWRITE_FOR_CUSTOMER
/klaviertransport-bad-toelz,/klaviertransport-bamberg,service,service,0.143,1.000,1.000,0.947,0,9,no,HIGH_OVERLAP,REVIEW_SHARED_FAQ;DIFFERENTIATE_MAIN_CONTENT;REWRITE_FOR_CUSTOMER
/klaviertransport-bad-toelz,/klaviertransport-barbing,service,service,0.111,1.000,1.000,1.000,0,9,no,HIGH_OVERLAP,REVIEW_SHARED_FAQ;DIFFERENTIATE_MAIN_CONTENT;REWRITE_FOR_CUSTOMER
/klaviertransport-bad-toelz,/klaviertransport-bayreuth,service,service,0.143,1.000,1.000,0.947,0,9,no,HIGH_OVERLAP,REVIEW_SHARED_FAQ;DIFFERENTIATE_MAIN_CONTENT;REWRITE_FOR_CUSTOMER
/klaviertransport-bad-toelz,/klaviertransport-beilngries,service,service,0.143,1.000,1.000,1.000,0,9,no,HIGH_OVERLAP,REVIEW_SHARED_FAQ;DIFFERENTIATE_MAIN_CONTENT;REWRITE_FOR_CUSTOMER
/klaviertransport-bad-toelz,/klaviertransport-beratzhausen,service,service,0.143,1.000,1.000,1.000,0,9,no,HIGH_OVERLAP,REVIEW_SHARED_FAQ;DIFFERENTIATE_MAIN_CONTENT;REWRITE_FOR_CUSTOMER
/klaviertransport-bamberg,/klaviertransport-barbing,service,service,0.143,1.000,1.000,0.947,0,9,no,HIGH_OVERLAP,REVIEW_SHARED_FAQ;DIFFERENTIATE_MAIN_CONTENT;REWRITE_FOR_CUSTOMER
/klaviertransport-bamberg,/klaviertransport-bayreuth,service,service,1.000,1.000,1.000,1.000,0,9,no,HIGH_OVERLAP,REVIEW_SHARED_FAQ;DIFFERENTIATE_MAIN_CONTENT;REWRITE_FOR_CUSTOMER
/klaviertransport-bamberg,/klaviertransport-beilngries,service,service,1.000,1.000,1.000,0.947,0,9,no,HIGH_OVERLAP,REVIEW_SHARED_FAQ;DIFFERENTIATE_MAIN_CONTENT;REWRITE_FOR_CUSTOMER
/klaviertransport-bamberg,/klaviertransport-beratzhausen,service,service,1.000,1.000,1.000,0.947,0,9,no,HIGH_OVERLAP,REVIEW_SHARED_FAQ;DIFFERENTIATE_MAIN_CONTENT;REWRITE_FOR_CUSTOMER
/klaviertransport-barbing,/klaviertransport-bayreuth,service,service,0.143,1.000,1.000,0.947,0,9,no,HIGH_OVERLAP,REVIEW_SHARED_FAQ;DIFFERENTIATE_MAIN_CONTENT;REWRITE_FOR_CUSTOMER
/klaviertransport-barbing,/klaviertransport-beilngries,service,service,0.143,1.000,1.000,1.000,0,9,no,HIGH_OVERLAP,REVIEW_SHARED_FAQ;DIFFERENTIATE_MAIN_CONTENT;REWRITE_FOR_CUSTOMER
/klaviertransport-barbing,/klaviertransport-beratzhausen,service,service,0.143,1.000,1.000,1.000,0,9,no,HIGH_OVERLAP,REVIEW_SHARED_FAQ;DIFFERENTIATE_MAIN_CONTENT;REWRITE_FOR_CUSTOMER
/klaviertransport-bayreuth,/klaviertransport-beilngries,service,service,1.000,1.000,1.000,0.947,0,9,no,HIGH_OVERLAP,REVIEW_SHARED_FAQ;DIFFERENTIATE_MAIN_CONTENT;REWRITE_FOR_CUSTOMER
/klaviertransport-bayreuth,/klaviertransport-beratzhausen,service,service,1.000,1.000,1.000,0.947,0,9,no,HIGH_OVERLAP,REVIEW_SHARED_FAQ;DIFFERENTIATE_MAIN_CONTENT;REWRITE_FOR_CUSTOMER
/klaviertransport-beilngries,/klaviertransport-beratzhausen,service,service,1.000,1.000,1.000,1.000,0,9,no,HIGH_OVERLAP,REVIEW_SHARED_FAQ;DIFFERENTIATE_MAIN_CONTENT;REWRITE_FOR_CUSTOMER
/klaviertransport-berching,/klaviertransport-bernhardswald,service,service,0.111,1.000,1.000,1.000,0,9,no,HIGH_OVERLAP,REVIEW_SHARED_FAQ;DIFFERENTIATE_MAIN_CONTENT;REWRITE_FOR_CUSTOMER
/klaviertransport-berching,/klaviertransport-bogen,service,service,0.111,1.000,1.000,1.000,0,9,no,HIGH_OVERLAP,REVIEW_SHARED_FAQ;DIFFERENTIATE_MAIN_CONTENT;REWRITE_FOR_CUSTOMER
/klaviertransport-berching,/klaviertransport-brennberg,service,service,0.286,1.000,1.000,1.000,0,9,no,HIGH_OVERLAP,REVIEW_SHARED_FAQ;DIFFERENTIATE_MAIN_CONTENT;REWRITE_FOR_CUSTOMER
/klaviertransport-berching,/klaviertransport-brunn,service,service,0.286,1.000,1.000,1.000,0,9,no,HIGH_OVERLAP,REVIEW_SHARED_FAQ;DIFFERENTIATE_MAIN_CONTENT;REWRITE_FOR_CUSTOMER
/klaviertransport-berching,/klaviertransport-burglengenfeld,service,service,1.000,1.000,1.000,1.000,0,9,no,HIGH_OVERLAP,REVIEW_SHARED_FAQ;DIFFERENTIATE_MAIN_CONTENT;REWRITE_FOR_CUSTOMER
/klaviertransport-berching,/klaviertransport-cham,service,service,0.111,1.000,1.000,0.938,0,9,no,HIGH_OVERLAP,REVIEW_SHARED_FAQ;DIFFERENTIATE_MAIN_CONTENT;REWRITE_FOR_CUSTOMER
/klaviertransport-berching,/klaviertransport-coburg,service,service,0.143,1.000,1.000,1.000,0,9,no,HIGH_OVERLAP,REVIEW_SHARED_FAQ;DIFFERENTIATE_MAIN_CONTENT;REWRITE_FOR_CUSTOMER
/klaviertransport-bernhardswald,/klaviertransport-bogen,service,service,1.000,1.000,1.000,1.000,0,9,no,HIGH_OVERLAP,REVIEW_SHARED_FAQ;DIFFERENTIATE_MAIN_CONTENT;REWRITE_FOR_CUSTOMER
/klaviertransport-bernhardswald,/klaviertransport-brennberg,service,service,0.125,1.000,1.000,1.000,0,9,no,HIGH_OVERLAP,REVIEW_SHARED_FAQ;DIFFERENTIATE_MAIN_CONTENT;REWRITE_FOR_CUSTOMER
/klaviertransport-bernhardswald,/klaviertransport-brunn,service,service,0.125,1.000,1.000,1.000,0,9,no,HIGH_OVERLAP,REVIEW_SHARED_FAQ;DIFFERENTIATE_MAIN_CONTENT;REWRITE_FOR_CUSTOMER
/klaviertransport-bernhardswald,/klaviertransport-burglengenfeld,service,service,0.111,1.000,1.000,1.000,0,9,no,HIGH_OVERLAP,REVIEW_SHARED_FAQ;DIFFERENTIATE_MAIN_CONTENT;REWRITE_FOR_CUSTOMER
/klaviertransport-bernhardswald,/klaviertransport-cham,service,service,1.000,1.000,1.000,0.938,0,9,no,HIGH_OVERLAP,REVIEW_SHARED_FAQ;DIFFERENTIATE_MAIN_CONTENT;REWRITE_FOR_CUSTOMER
/klaviertransport-bernhardswald,/klaviertransport-coburg,service,service,0.143,1.000,1.000,1.000,0,9,no,HIGH_OVERLAP,REVIEW_SHARED_FAQ;DIFFERENTIATE_MAIN_CONTENT;REWRITE_FOR_CUSTOMER
/klaviertransport-bogen,/klaviertransport-brennberg,service,service,0.125,1.000,1.000,1.000,0,9,no,HIGH_OVERLAP,REVIEW_SHARED_FAQ;DIFFERENTIATE_MAIN_CONTENT;REWRITE_FOR_CUSTOMER
/klaviertransport-bogen,/klaviertransport-brunn,service,service,0.125,1.000,1.000,1.000,0,9,no,HIGH_OVERLAP,REVIEW_SHARED_FAQ;DIFFERENTIATE_MAIN_CONTENT;REWRITE_FOR_CUSTOMER
/klaviertransport-bogen,/klaviertransport-burglengenfeld,service,service,0.111,1.000,1.000,1.000,0,9,no,HIGH_OVERLAP,REVIEW_SHARED_FAQ;DIFFERENTIATE_MAIN_CONTENT;REWRITE_FOR_CUSTOMER
/klaviertransport-bogen,/klaviertransport-cham,service,service,1.000,1.000,1.000,0.938,0,9,no,HIGH_OVERLAP,REVIEW_SHARED_FAQ;DIFFERENTIATE_MAIN_CONTENT;REWRITE_FOR_CUSTOMER
/klaviertransport-bogen,/klaviertransport-coburg,service,service,0.143,1.000,1.000,1.000,0,9,no,HIGH_OVERLAP,REVIEW_SHARED_FAQ;DIFFERENTIATE_MAIN_CONTENT;REWRITE_FOR_CUSTOMER
/klaviertransport-brennberg,/klaviertransport-brunn,service,service,1.000,1.000,1.000,1.000,0,9,no,HIGH_OVERLAP,REVIEW_SHARED_FAQ;DIFFERENTIATE_MAIN_CONTENT;REWRITE_FOR_CUSTOMER
/klaviertransport-brennberg,/klaviertransport-burglengenfeld,service,service,0.286,1.000,1.000,1.000,0,9,no,HIGH_OVERLAP,REVIEW_SHARED_FAQ;DIFFERENTIATE_MAIN_CONTENT;REWRITE_FOR_CUSTOMER
/klaviertransport-brennberg,/klaviertransport-cham,service,service,0.125,1.000,1.000,0.938,0,9,no,HIGH_OVERLAP,REVIEW_SHARED_FAQ;DIFFERENTIATE_MAIN_CONTENT;REWRITE_FOR_CUSTOMER
/klaviertransport-brennberg,/klaviertransport-coburg,service,service,0.167,1.000,1.000,1.000,0,9,no,HIGH_OVERLAP,REVIEW_SHARED_FAQ;DIFFERENTIATE_MAIN_CONTENT;REWRITE_FOR_CUSTOMER
/klaviertransport-brunn,/klaviertransport-burglengenfeld,service,service,0.286,1.000,1.000,1.000,0,9,no,HIGH_OVERLAP,REVIEW_SHARED_FAQ;DIFFERENTIATE_MAIN_CONTENT;REWRITE_FOR_CUSTOMER
/klaviertransport-brunn,/klaviertransport-cham,service,service,0.125,1.000,1.000,0.938,0,9,no,HIGH_OVERLAP,REVIEW_SHARED_FAQ;DIFFERENTIATE_MAIN_CONTENT;REWRITE_FOR_CUSTOMER
/klaviertransport-brunn,/klaviertransport-coburg,service,service,0.167,1.000,1.000,1.000,0,9,no,HIGH_OVERLAP,REVIEW_SHARED_FAQ;DIFFERENTIATE_MAIN_CONTENT;REWRITE_FOR_CUSTOMER
/klaviertransport-burglengenfeld,/klaviertransport-cham,service,service,0.111,1.000,1.000,0.938,0,9,no,HIGH_OVERLAP,REVIEW_SHARED_FAQ;DIFFERENTIATE_MAIN_CONTENT;REWRITE_FOR_CUSTOMER
/klaviertransport-burglengenfeld,/klaviertransport-coburg,service,service,0.143,1.000,1.000,1.000,0,9,no,HIGH_OVERLAP,REVIEW_SHARED_FAQ;DIFFERENTIATE_MAIN_CONTENT;REWRITE_FOR_CUSTOMER
/klaviertransport-cham,/klaviertransport-coburg,service,service,0.143,1.000,1.000,0.938,0,9,no,HIGH_OVERLAP,REVIEW_SHARED_FAQ;DIFFERENTIATE_MAIN_CONTENT;REWRITE_FOR_CUSTOMER
/klaviertransport-dachau,/klaviertransport-deggendorf,service,service,0.111,0.750,1.000,0.977,0,9,no,HIGH_OVERLAP,REVIEW_SHARED_FAQ;DIFFERENTIATE_MAIN_CONTENT;REWRITE_FOR_CUSTOMER
/klaviertransport-dachau,/klaviertransport-deuerling,service,service,0.111,0.750,1.000,0.977,0,9,no,HIGH_OVERLAP,REVIEW_SHARED_FAQ;DIFFERENTIATE_MAIN_CONTENT;REWRITE_FOR_CUSTOMER
/klaviertransport-dachau,/klaviertransport-dietfurt,service,service,0.111,0.750,1.000,0.977,0,9,no,HIGH_OVERLAP,REVIEW_SHARED_FAQ;DIFFERENTIATE_MAIN_CONTENT;REWRITE_FOR_CUSTOMER
/klaviertransport-dachau,/klaviertransport-dingolfing,service,service,0.286,0.750,1.000,0.977,0,9,no,HIGH_OVERLAP,REVIEW_SHARED_FAQ;DIFFERENTIATE_MAIN_CONTENT;REWRITE_FOR_CUSTOMER
/klaviertransport-dachau,/klaviertransport-donaustauf,service,service,1.000,0.750,1.000,0.977,0,9,no,HIGH_OVERLAP,REVIEW_SHARED_FAQ;DIFFERENTIATE_MAIN_CONTENT;REWRITE_FOR_CUSTOMER
/klaviertransport-dachau,/klaviertransport-duggendorf,service,service,0.111,0.750,1.000,0.977,0,9,no,HIGH_OVERLAP,REVIEW_SHARED_FAQ;DIFFERENTIATE_MAIN_CONTENT;REWRITE_FOR_CUSTOMER
/klaviertransport-dachau,/klaviertransport-eggenfelden,service,service,0.143,0.750,1.000,0.977,0,9,no,HIGH_OVERLAP,REVIEW_SHARED_FAQ;DIFFERENTIATE_MAIN_CONTENT;REWRITE_FOR_CUSTOMER
/klaviertransport-deggendorf,/klaviertransport-deuerling,service,service,1.000,1.000,1.000,1.000,0,9,no,HIGH_OVERLAP,REVIEW_SHARED_FAQ;DIFFERENTIATE_MAIN_CONTENT;REWRITE_FOR_CUSTOMER
/klaviertransport-deggendorf,/klaviertransport-dietfurt,service,service,1.000,1.000,1.000,1.000,0,9,no,HIGH_OVERLAP,REVIEW_SHARED_FAQ;DIFFERENTIATE_MAIN_CONTENT;REWRITE_FOR_CUSTOMER
/klaviertransport-deggendorf,/klaviertransport-dingolfing,service,service,0.125,1.000,1.000,1.000,0,9,no,HIGH_OVERLAP,REVIEW_SHARED_FAQ;DIFFERENTIATE_MAIN_CONTENT;REWRITE_FOR_CUSTOMER
/klaviertransport-deggendorf,/klaviertransport-donaustauf,service,service,0.111,1.000,1.000,1.000,0,9,no,HIGH_OVERLAP,REVIEW_SHARED_FAQ;DIFFERENTIATE_MAIN_CONTENT;REWRITE_FOR_CUSTOMER
/klaviertransport-deggendorf,/klaviertransport-duggendorf,service,service,1.000,1.000,1.000,1.000,0,9,no,HIGH_OVERLAP,REVIEW_SHARED_FAQ;DIFFERENTIATE_MAIN_CONTENT;REWRITE_FOR_CUSTOMER
/klaviertransport-deggendorf,/klaviertransport-eggenfelden,service,service,0.143,1.000,1.000,1.000,0,9,no,HIGH_OVERLAP,REVIEW_SHARED_FAQ;DIFFERENTIATE_MAIN_CONTENT;REWRITE_FOR_CUSTOMER
/klaviertransport-deuerling,/klaviertransport-dietfurt,service,service,1.000,1.000,1.000,1.000,0,9,no,HIGH_OVERLAP,REVIEW_SHARED_FAQ;DIFFERENTIATE_MAIN_CONTENT;REWRITE_FOR_CUSTOMER
/klaviertransport-deuerling,/klaviertransport-dingolfing,service,service,0.125,1.000,1.000,1.000,0,9,no,HIGH_OVERLAP,REVIEW_SHARED_FAQ;DIFFERENTIATE_MAIN_CONTENT;REWRITE_FOR_CUSTOMER
/klaviertransport-deuerling,/klaviertransport-donaustauf,service,service,0.111,1.000,1.000,1.000,0,9,no,HIGH_OVERLAP,REVIEW_SHARED_FAQ;DIFFERENTIATE_MAIN_CONTENT;REWRITE_FOR_CUSTOMER
/klaviertransport-deuerling,/klaviertransport-duggendorf,service,service,1.000,1.000,1.000,1.000,0,9,no,HIGH_OVERLAP,REVIEW_SHARED_FAQ;DIFFERENTIATE_MAIN_CONTENT;REWRITE_FOR_CUSTOMER
/klaviertransport-deuerling,/klaviertransport-eggenfelden,service,service,0.143,1.000,1.000,1.000,0,9,no,HIGH_OVERLAP,REVIEW_SHARED_FAQ;DIFFERENTIATE_MAIN_CONTENT;REWRITE_FOR_CUSTOMER
/klaviertransport-dietfurt,/klaviertransport-dingolfing,service,service,0.125,1.000,1.000,1.000,0,9,no,HIGH_OVERLAP,REVIEW_SHARED_FAQ;DIFFERENTIATE_MAIN_CONTENT;REWRITE_FOR_CUSTOMER
/klaviertransport-dietfurt,/klaviertransport-donaustauf,service,service,0.111,1.000,1.000,1.000,0,9,no,HIGH_OVERLAP,REVIEW_SHARED_FAQ;DIFFERENTIATE_MAIN_CONTENT;REWRITE_FOR_CUSTOMER
/klaviertransport-dietfurt,/klaviertransport-duggendorf,service,service,1.000,1.000,1.000,1.000,0,9,no,HIGH_OVERLAP,REVIEW_SHARED_FAQ;DIFFERENTIATE_MAIN_CONTENT;REWRITE_FOR_CUSTOMER
/klaviertransport-dietfurt,/klaviertransport-eggenfelden,service,service,0.143,1.000,1.000,1.000,0,9,no,HIGH_OVERLAP,REVIEW_SHARED_FAQ;DIFFERENTIATE_MAIN_CONTENT;REWRITE_FOR_CUSTOMER
/klaviertransport-dingolfing,/klaviertransport-donaustauf,service,service,0.286,1.000,1.000,1.000,0,9,no,HIGH_OVERLAP,REVIEW_SHARED_FAQ;DIFFERENTIATE_MAIN_CONTENT;REWRITE_FOR_CUSTOMER
/klaviertransport-dingolfing,/klaviertransport-duggendorf,service,service,0.125,1.000,1.000,1.000,0,9,no,HIGH_OVERLAP,REVIEW_SHARED_FAQ;DIFFERENTIATE_MAIN_CONTENT;REWRITE_FOR_CUSTOMER
/klaviertransport-dingolfing,/klaviertransport-eggenfelden,service,service,0.167,1.000,1.000,1.000,0,9,no,HIGH_OVERLAP,REVIEW_SHARED_FAQ;DIFFERENTIATE_MAIN_CONTENT;REWRITE_FOR_CUSTOMER
/klaviertransport-donaustauf,/klaviertransport-duggendorf,service,service,0.111,1.000,1.000,1.000,0,9,no,HIGH_OVERLAP,REVIEW_SHARED_FAQ;DIFFERENTIATE_MAIN_CONTENT;REWRITE_FOR_CUSTOMER
/klaviertransport-donaustauf,/klaviertransport-eggenfelden,service,service,0.143,1.000,1.000,1.000,0,9,no,HIGH_OVERLAP,REVIEW_SHARED_FAQ;DIFFERENTIATE_MAIN_CONTENT;REWRITE_FOR_CUSTOMER
/klaviertransport-duggendorf,/klaviertransport-eggenfelden,service,service,0.143,1.000,1.000,1.000,0,9,no,HIGH_OVERLAP,REVIEW_SHARED_FAQ;DIFFERENTIATE_MAIN_CONTENT;REWRITE_FOR_CUSTOMER
/klaviertransport-eichstaett,/klaviertransport-erding,service,service,0.286,1.000,1.000,1.000,0,9,no,HIGH_OVERLAP,REVIEW_SHARED_FAQ;DIFFERENTIATE_MAIN_CONTENT;REWRITE_FOR_CUSTOMER
/klaviertransport-eichstaett,/klaviertransport-ergoldsbach,service,service,0.143,1.000,1.000,1.000,0,9,no,HIGH_OVERLAP,REVIEW_SHARED_FAQ;DIFFERENTIATE_MAIN_CONTENT;REWRITE_FOR_CUSTOMER
/klaviertransport-eichstaett,/klaviertransport-erlangen,service,service,0.143,1.000,1.000,0.947,0,9,no,HIGH_OVERLAP,REVIEW_SHARED_FAQ;DIFFERENTIATE_MAIN_CONTENT;REWRITE_FOR_CUSTOMER
/klaviertransport-eichstaett,/klaviertransport-eschenbach-in-der-oberpfalz,service,service,0.143,1.000,1.000,1.000,0,9,no,HIGH_OVERLAP,REVIEW_SHARED_FAQ;DIFFERENTIATE_MAIN_CONTENT;REWRITE_FOR_CUSTOMER
/klaviertransport-eichstaett,/klaviertransport-feucht,service,service,0.111,1.000,1.000,1.000,0,9,no,HIGH_OVERLAP,REVIEW_SHARED_FAQ;DIFFERENTIATE_MAIN_CONTENT;REWRITE_FOR_CUSTOMER
/klaviertransport-eichstaett,/klaviertransport-freising,service,service,0.286,0.750,1.000,0.977,0,9,no,HIGH_OVERLAP,REVIEW_SHARED_FAQ;DIFFERENTIATE_MAIN_CONTENT;REWRITE_FOR_CUSTOMER
/klaviertransport-eichstaett,/klaviertransport-freystadt,service,service,1.000,1.000,1.000,1.000,0,9,no,HIGH_OVERLAP,REVIEW_SHARED_FAQ;DIFFERENTIATE_MAIN_CONTENT;REWRITE_FOR_CUSTOMER
/klaviertransport-erding,/klaviertransport-ergoldsbach,service,service,0.167,1.000,1.000,1.000,0,9,no,HIGH_OVERLAP,REVIEW_SHARED_FAQ;DIFFERENTIATE_MAIN_CONTENT;REWRITE_FOR_CUSTOMER
/klaviertransport-erding,/klaviertransport-erlangen,service,service,0.167,1.000,1.000,0.947,0,9,no,HIGH_OVERLAP,REVIEW_SHARED_FAQ;DIFFERENTIATE_MAIN_CONTENT;REWRITE_FOR_CUSTOMER
/klaviertransport-erding,/klaviertransport-eschenbach-in-der-oberpfalz,service,service,0.167,1.000,1.000,1.000,0,9,no,HIGH_OVERLAP,REVIEW_SHARED_FAQ;DIFFERENTIATE_MAIN_CONTENT;REWRITE_FOR_CUSTOMER
/klaviertransport-erding,/klaviertransport-feucht,service,service,0.125,1.000,1.000,1.000,0,9,no,HIGH_OVERLAP,REVIEW_SHARED_FAQ;DIFFERENTIATE_MAIN_CONTENT;REWRITE_FOR_CUSTOMER
/klaviertransport-erding,/klaviertransport-freising,service,service,1.000,0.750,1.000,0.977,0,9,no,HIGH_OVERLAP,REVIEW_SHARED_FAQ;DIFFERENTIATE_MAIN_CONTENT;REWRITE_FOR_CUSTOMER
/klaviertransport-erding,/klaviertransport-freystadt,service,service,0.286,1.000,1.000,1.000,0,9,no,HIGH_OVERLAP,REVIEW_SHARED_FAQ;DIFFERENTIATE_MAIN_CONTENT;REWRITE_FOR_CUSTOMER
/klaviertransport-ergoldsbach,/klaviertransport-erlangen,service,service,1.000,1.000,1.000,0.947,0,9,no,HIGH_OVERLAP,REVIEW_SHARED_FAQ;DIFFERENTIATE_MAIN_CONTENT;REWRITE_FOR_CUSTOMER
/klaviertransport-ergoldsbach,/klaviertransport-eschenbach-in-der-oberpfalz,service,service,1.000,1.000,1.000,1.000,0,9,no,HIGH_OVERLAP,REVIEW_SHARED_FAQ;DIFFERENTIATE_MAIN_CONTENT;REWRITE_FOR_CUSTOMER
/klaviertransport-ergoldsbach,/klaviertransport-feucht,service,service,0.143,1.000,1.000,1.000,0,9,no,HIGH_OVERLAP,REVIEW_SHARED_FAQ;DIFFERENTIATE_MAIN_CONTENT;REWRITE_FOR_CUSTOMER
/klaviertransport-ergoldsbach,/klaviertransport-freising,service,service,0.167,0.750,1.000,0.977,0,9,no,HIGH_OVERLAP,REVIEW_SHARED_FAQ;DIFFERENTIATE_MAIN_CONTENT;REWRITE_FOR_CUSTOMER
/klaviertransport-ergoldsbach,/klaviertransport-freystadt,service,service,0.143,1.000,1.000,1.000,0,9,no,HIGH_OVERLAP,REVIEW_SHARED_FAQ;DIFFERENTIATE_MAIN_CONTENT;REWRITE_FOR_CUSTOMER
/klaviertransport-erlangen,/klaviertransport-eschenbach-in-der-oberpfalz,service,service,1.000,1.000,1.000,0.947,0,9,no,HIGH_OVERLAP,REVIEW_SHARED_FAQ;DIFFERENTIATE_MAIN_CONTENT;REWRITE_FOR_CUSTOMER
/klaviertransport-erlangen,/klaviertransport-feucht,service,service,0.143,1.000,1.000,0.947,0,9,no,HIGH_OVERLAP,REVIEW_SHARED_FAQ;DIFFERENTIATE_MAIN_CONTENT;REWRITE_FOR_CUSTOMER
/klaviertransport-erlangen,/klaviertransport-freising,service,service,0.167,0.750,1.000,0.926,0,9,no,HIGH_OVERLAP,REVIEW_SHARED_FAQ;DIFFERENTIATE_MAIN_CONTENT;REWRITE_FOR_CUSTOMER
/klaviertransport-erlangen,/klaviertransport-freystadt,service,service,0.143,1.000,1.000,0.947,0,9,no,HIGH_OVERLAP,REVIEW_SHARED_FAQ;DIFFERENTIATE_MAIN_CONTENT;REWRITE_FOR_CUSTOMER
/klaviertransport-eschenbach-in-der-oberpfalz,/klaviertransport-feucht,service,service,0.143,1.000,1.000,1.000,0,9,no,HIGH_OVERLAP,REVIEW_SHARED_FAQ;DIFFERENTIATE_MAIN_CONTENT;REWRITE_FOR_CUSTOMER
/klaviertransport-eschenbach-in-der-oberpfalz,/klaviertransport-freising,service,service,0.167,0.750,1.000,0.977,0,9,no,HIGH_OVERLAP,REVIEW_SHARED_FAQ;DIFFERENTIATE_MAIN_CONTENT;REWRITE_FOR_CUSTOMER
/klaviertransport-eschenbach-in-der-oberpfalz,/klaviertransport-freystadt,service,service,0.143,1.000,1.000,1.000,0,9,no,HIGH_OVERLAP,REVIEW_SHARED_FAQ;DIFFERENTIATE_MAIN_CONTENT;REWRITE_FOR_CUSTOMER
/klaviertransport-feucht,/klaviertransport-freising,service,service,0.125,0.750,1.000,0.977,0,9,no,HIGH_OVERLAP,REVIEW_SHARED_FAQ;DIFFERENTIATE_MAIN_CONTENT;REWRITE_FOR_CUSTOMER
/klaviertransport-feucht,/klaviertransport-freystadt,service,service,0.111,1.000,1.000,1.000,0,9,no,HIGH_OVERLAP,REVIEW_SHARED_FAQ;DIFFERENTIATE_MAIN_CONTENT;REWRITE_FOR_CUSTOMER
/klaviertransport-freising,/klaviertransport-freystadt,service,service,0.286,0.750,1.000,0.977,0,9,no,HIGH_OVERLAP,REVIEW_SHARED_FAQ;DIFFERENTIATE_MAIN_CONTENT;REWRITE_FOR_CUSTOMER
/klaviertransport-freyung,/klaviertransport-fuerstenfeldbruck,service,service,0.143,1.000,1.000,1.000,0,9,no,HIGH_OVERLAP,REVIEW_SHARED_FAQ;DIFFERENTIATE_MAIN_CONTENT;REWRITE_FOR_CUSTOMER
/klaviertransport-freyung,/klaviertransport-fuerth,service,service,1.000,1.000,1.000,1.000,0,9,no,HIGH_OVERLAP,REVIEW_SHARED_FAQ;DIFFERENTIATE_MAIN_CONTENT;REWRITE_FOR_CUSTOMER
/klaviertransport-freyung,/klaviertransport-furth-im-wald,service,service,0.167,1.000,1.000,1.000,0,9,no,HIGH_OVERLAP,REVIEW_SHARED_FAQ;DIFFERENTIATE_MAIN_CONTENT;REWRITE_FOR_CUSTOMER
/klaviertransport-freyung,/klaviertransport-garching,service,service,0.143,1.000,1.000,1.000,0,9,no,HIGH_OVERLAP,REVIEW_SHARED_FAQ;DIFFERENTIATE_MAIN_CONTENT;REWRITE_FOR_CUSTOMER
/klaviertransport-freyung,/klaviertransport-geiselhoering,service,service,0.143,1.000,1.000,1.000,0,9,no,HIGH_OVERLAP,REVIEW_SHARED_FAQ;DIFFERENTIATE_MAIN_CONTENT;REWRITE_FOR_CUSTOMER
/klaviertransport-freyung,/klaviertransport-geisenfeld,service,service,1.000,1.000,1.000,1.000,0,9,no,HIGH_OVERLAP,REVIEW_SHARED_FAQ;DIFFERENTIATE_MAIN_CONTENT;REWRITE_FOR_CUSTOMER
/klaviertransport-freyung,/klaviertransport-germering,service,service,0.143,1.000,1.000,1.000,0,9,no,HIGH_OVERLAP,REVIEW_SHARED_FAQ;DIFFERENTIATE_MAIN_CONTENT;REWRITE_FOR_CUSTOMER
/klaviertransport-fuerstenfeldbruck,/klaviertransport-fuerth,service,service,0.143,1.000,1.000,1.000,0,9,no,HIGH_OVERLAP,REVIEW_SHARED_FAQ;DIFFERENTIATE_MAIN_CONTENT;REWRITE_FOR_CUSTOMER
/klaviertransport-fuerstenfeldbruck,/klaviertransport-furth-im-wald,service,service,0.286,1.000,1.000,1.000,0,9,no,HIGH_OVERLAP,REVIEW_SHARED_FAQ;DIFFERENTIATE_MAIN_CONTENT;REWRITE_FOR_CUSTOMER
/klaviertransport-fuerstenfeldbruck,/klaviertransport-garching,service,service,0.111,1.000,1.000,1.000,0,9,no,HIGH_OVERLAP,REVIEW_SHARED_FAQ;DIFFERENTIATE_MAIN_CONTENT;REWRITE_FOR_CUSTOMER
/klaviertransport-fuerstenfeldbruck,/klaviertransport-geiselhoering,service,service,0.111,1.000,1.000,1.000,0,9,no,HIGH_OVERLAP,REVIEW_SHARED_FAQ;DIFFERENTIATE_MAIN_CONTENT;REWRITE_FOR_CUSTOMER
/klaviertransport-fuerstenfeldbruck,/klaviertransport-geisenfeld,service,service,0.143,1.000,1.000,1.000,0,9,no,HIGH_OVERLAP,REVIEW_SHARED_FAQ;DIFFERENTIATE_MAIN_CONTENT;REWRITE_FOR_CUSTOMER
/klaviertransport-fuerstenfeldbruck,/klaviertransport-germering,service,service,1.000,1.000,1.000,1.000,0,9,no,HIGH_OVERLAP,REVIEW_SHARED_FAQ;DIFFERENTIATE_MAIN_CONTENT;REWRITE_FOR_CUSTOMER
/klaviertransport-fuerth,/klaviertransport-furth-im-wald,service,service,0.167,1.000,1.000,1.000,0,9,no,HIGH_OVERLAP,REVIEW_SHARED_FAQ;DIFFERENTIATE_MAIN_CONTENT;REWRITE_FOR_CUSTOMER
/klaviertransport-fuerth,/klaviertransport-garching,service,service,0.143,1.000,1.000,1.000,0,9,no,HIGH_OVERLAP,REVIEW_SHARED_FAQ;DIFFERENTIATE_MAIN_CONTENT;REWRITE_FOR_CUSTOMER
/klaviertransport-fuerth,/klaviertransport-geiselhoering,service,service,0.143,1.000,1.000,1.000,0,9,no,HIGH_OVERLAP,REVIEW_SHARED_FAQ;DIFFERENTIATE_MAIN_CONTENT;REWRITE_FOR_CUSTOMER
/klaviertransport-fuerth,/klaviertransport-geisenfeld,service,service,1.000,1.000,1.000,1.000,0,9,no,HIGH_OVERLAP,REVIEW_SHARED_FAQ;DIFFERENTIATE_MAIN_CONTENT;REWRITE_FOR_CUSTOMER
/klaviertransport-fuerth,/klaviertransport-germering,service,service,0.143,1.000,1.000,1.000,0,9,no,HIGH_OVERLAP,REVIEW_SHARED_FAQ;DIFFERENTIATE_MAIN_CONTENT;REWRITE_FOR_CUSTOMER
/klaviertransport-furth-im-wald,/klaviertransport-garching,service,service,0.125,1.000,1.000,1.000,0,9,no,HIGH_OVERLAP,REVIEW_SHARED_FAQ;DIFFERENTIATE_MAIN_CONTENT;REWRITE_FOR_CUSTOMER
/klaviertransport-furth-im-wald,/klaviertransport-geiselhoering,service,service,0.125,1.000,1.000,1.000,0,9,no,HIGH_OVERLAP,REVIEW_SHARED_FAQ;DIFFERENTIATE_MAIN_CONTENT;REWRITE_FOR_CUSTOMER
/klaviertransport-furth-im-wald,/klaviertransport-geisenfeld,service,service,0.167,1.000,1.000,1.000,0,9,no,HIGH_OVERLAP,REVIEW_SHARED_FAQ;DIFFERENTIATE_MAIN_CONTENT;REWRITE_FOR_CUSTOMER
/klaviertransport-furth-im-wald,/klaviertransport-germering,service,service,0.286,1.000,1.000,1.000,0,9,no,HIGH_OVERLAP,REVIEW_SHARED_FAQ;DIFFERENTIATE_MAIN_CONTENT;REWRITE_FOR_CUSTOMER
/klaviertransport-garching,/klaviertransport-geiselhoering,service,service,1.000,1.000,1.000,1.000,0,9,no,HIGH_OVERLAP,REVIEW_SHARED_FAQ;DIFFERENTIATE_MAIN_CONTENT;REWRITE_FOR_CUSTOMER
/klaviertransport-garching,/klaviertransport-geisenfeld,service,service,0.143,1.000,1.000,1.000,0,9,no,HIGH_OVERLAP,REVIEW_SHARED_FAQ;DIFFERENTIATE_MAIN_CONTENT;REWRITE_FOR_CUSTOMER
/klaviertransport-garching,/klaviertransport-germering,service,service,0.111,1.000,1.000,1.000,0,9,no,HIGH_OVERLAP,REVIEW_SHARED_FAQ;DIFFERENTIATE_MAIN_CONTENT;REWRITE_FOR_CUSTOMER
/klaviertransport-geiselhoering,/klaviertransport-geisenfeld,service,service,0.143,1.000,1.000,1.000,0,9,no,HIGH_OVERLAP,REVIEW_SHARED_FAQ;DIFFERENTIATE_MAIN_CONTENT;REWRITE_FOR_CUSTOMER
/klaviertransport-geiselhoering,/klaviertransport-germering,service,service,0.111,1.000,1.000,1.000,0,9,no,HIGH_OVERLAP,REVIEW_SHARED_FAQ;DIFFERENTIATE_MAIN_CONTENT;REWRITE_FOR_CUSTOMER
/klaviertransport-geisenfeld,/klaviertransport-germering,service,service,0.143,1.000,1.000,1.000,0,9,no,HIGH_OVERLAP,REVIEW_SHARED_FAQ;DIFFERENTIATE_MAIN_CONTENT;REWRITE_FOR_CUSTOMER
/klaviertransport-gersthofen,/klaviertransport-grafenau,service,service,0.125,1.000,1.000,1.000,0,9,no,HIGH_OVERLAP,REVIEW_SHARED_FAQ;DIFFERENTIATE_MAIN_CONTENT;REWRITE_FOR_CUSTOMER
/klaviertransport-gersthofen,/klaviertransport-grafenwoehr,service,service,0.167,1.000,1.000,1.000,0,9,no,HIGH_OVERLAP,REVIEW_SHARED_FAQ;DIFFERENTIATE_MAIN_CONTENT;REWRITE_FOR_CUSTOMER
/klaviertransport-gersthofen,/klaviertransport-guenzburg,service,service,0.125,1.000,1.000,0.938,0,9,no,HIGH_OVERLAP,REVIEW_SHARED_FAQ;DIFFERENTIATE_MAIN_CONTENT;REWRITE_FOR_CUSTOMER
/klaviertransport-gersthofen,/klaviertransport-hagelstadt,service,service,1.000,1.000,1.000,1.000,0,9,no,HIGH_OVERLAP,REVIEW_SHARED_FAQ;DIFFERENTIATE_MAIN_CONTENT;REWRITE_FOR_CUSTOMER
/klaviertransport-gersthofen,/klaviertransport-hausen,service,service,0.167,1.000,1.000,1.000,0,9,no,HIGH_OVERLAP,REVIEW_SHARED_FAQ;DIFFERENTIATE_MAIN_CONTENT;REWRITE_FOR_CUSTOMER
/klaviertransport-gersthofen,/klaviertransport-hemau,service,service,0.286,1.000,1.000,1.000,0,9,no,HIGH_OVERLAP,REVIEW_SHARED_FAQ;DIFFERENTIATE_MAIN_CONTENT;REWRITE_FOR_CUSTOMER
/klaviertransport-gersthofen,/klaviertransport-herzogenaurach,service,service,0.286,1.000,1.000,1.000,0,9,no,HIGH_OVERLAP,REVIEW_SHARED_FAQ;DIFFERENTIATE_MAIN_CONTENT;REWRITE_FOR_CUSTOMER
/klaviertransport-grafenau,/klaviertransport-grafenwoehr,service,service,0.143,1.000,1.000,1.000,0,9,no,HIGH_OVERLAP,REVIEW_SHARED_FAQ;DIFFERENTIATE_MAIN_CONTENT;REWRITE_FOR_CUSTOMER
/klaviertransport-grafenau,/klaviertransport-guenzburg,service,service,1.000,1.000,1.000,0.938,0,9,no,HIGH_OVERLAP,REVIEW_SHARED_FAQ;DIFFERENTIATE_MAIN_CONTENT;REWRITE_FOR_CUSTOMER
/klaviertransport-grafenau,/klaviertransport-hagelstadt,service,service,0.125,1.000,1.000,1.000,0,9,no,HIGH_OVERLAP,REVIEW_SHARED_FAQ;DIFFERENTIATE_MAIN_CONTENT;REWRITE_FOR_CUSTOMER
/klaviertransport-grafenau,/klaviertransport-hausen,service,service,0.143,1.000,1.000,1.000,0,9,no,HIGH_OVERLAP,REVIEW_SHARED_FAQ;DIFFERENTIATE_MAIN_CONTENT;REWRITE_FOR_CUSTOMER
/klaviertransport-grafenau,/klaviertransport-hemau,service,service,0.111,1.000,1.000,1.000,0,9,no,HIGH_OVERLAP,REVIEW_SHARED_FAQ;DIFFERENTIATE_MAIN_CONTENT;REWRITE_FOR_CUSTOMER
/klaviertransport-grafenau,/klaviertransport-herzogenaurach,service,service,0.111,1.000,1.000,1.000,0,9,no,HIGH_OVERLAP,REVIEW_SHARED_FAQ;DIFFERENTIATE_MAIN_CONTENT;REWRITE_FOR_CUSTOMER
/klaviertransport-grafenwoehr,/klaviertransport-guenzburg,service,service,0.143,1.000,1.000,0.938,0,9,no,HIGH_OVERLAP,REVIEW_SHARED_FAQ;DIFFERENTIATE_MAIN_CONTENT;REWRITE_FOR_CUSTOMER
/klaviertransport-grafenwoehr,/klaviertransport-hagelstadt,service,service,0.167,1.000,1.000,1.000,0,9,no,HIGH_OVERLAP,REVIEW_SHARED_FAQ;DIFFERENTIATE_MAIN_CONTENT;REWRITE_FOR_CUSTOMER
/klaviertransport-grafenwoehr,/klaviertransport-hausen,service,service,1.000,1.000,1.000,1.000,0,9,no,HIGH_OVERLAP,REVIEW_SHARED_FAQ;DIFFERENTIATE_MAIN_CONTENT;REWRITE_FOR_CUSTOMER
/klaviertransport-grafenwoehr,/klaviertransport-hemau,service,service,0.143,1.000,1.000,1.000,0,9,no,HIGH_OVERLAP,REVIEW_SHARED_FAQ;DIFFERENTIATE_MAIN_CONTENT;REWRITE_FOR_CUSTOMER
/klaviertransport-grafenwoehr,/klaviertransport-herzogenaurach,service,service,0.143,1.000,1.000,1.000,0,9,no,HIGH_OVERLAP,REVIEW_SHARED_FAQ;DIFFERENTIATE_MAIN_CONTENT;REWRITE_FOR_CUSTOMER
/klaviertransport-guenzburg,/klaviertransport-hagelstadt,service,service,0.125,1.000,1.000,0.938,0,9,no,HIGH_OVERLAP,REVIEW_SHARED_FAQ;DIFFERENTIATE_MAIN_CONTENT;REWRITE_FOR_CUSTOMER
/klaviertransport-guenzburg,/klaviertransport-hausen,service,service,0.143,1.000,1.000,0.938,0,9,no,HIGH_OVERLAP,REVIEW_SHARED_FAQ;DIFFERENTIATE_MAIN_CONTENT;REWRITE_FOR_CUSTOMER
/klaviertransport-guenzburg,/klaviertransport-hemau,service,service,0.111,1.000,1.000,0.938,0,9,no,HIGH_OVERLAP,REVIEW_SHARED_FAQ;DIFFERENTIATE_MAIN_CONTENT;REWRITE_FOR_CUSTOMER
/klaviertransport-guenzburg,/klaviertransport-herzogenaurach,service,service,0.111,1.000,1.000,0.938,0,9,no,HIGH_OVERLAP,REVIEW_SHARED_FAQ;DIFFERENTIATE_MAIN_CONTENT;REWRITE_FOR_CUSTOMER
/klaviertransport-hagelstadt,/klaviertransport-hausen,service,service,0.167,1.000,1.000,1.000,0,9,no,HIGH_OVERLAP,REVIEW_SHARED_FAQ;DIFFERENTIATE_MAIN_CONTENT;REWRITE_FOR_CUSTOMER
/klaviertransport-hagelstadt,/klaviertransport-hemau,service,service,0.286,1.000,1.000,1.000,0,9,no,HIGH_OVERLAP,REVIEW_SHARED_FAQ;DIFFERENTIATE_MAIN_CONTENT;REWRITE_FOR_CUSTOMER
/klaviertransport-hagelstadt,/klaviertransport-herzogenaurach,service,service,0.286,1.000,1.000,1.000,0,9,no,HIGH_OVERLAP,REVIEW_SHARED_FAQ;DIFFERENTIATE_MAIN_CONTENT;REWRITE_FOR_CUSTOMER
/klaviertransport-hausen,/klaviertransport-hemau,service,service,0.143,1.000,1.000,1.000,0,9,no,HIGH_OVERLAP,REVIEW_SHARED_FAQ;DIFFERENTIATE_MAIN_CONTENT;REWRITE_FOR_CUSTOMER
/klaviertransport-hausen,/klaviertransport-herzogenaurach,service,service,0.143,1.000,1.000,1.000,0,9,no,HIGH_OVERLAP,REVIEW_SHARED_FAQ;DIFFERENTIATE_MAIN_CONTENT;REWRITE_FOR_CUSTOMER
/klaviertransport-hemau,/klaviertransport-herzogenaurach,service,service,1.000,1.000,1.000,1.000,0,9,no,HIGH_OVERLAP,REVIEW_SHARED_FAQ;DIFFERENTIATE_MAIN_CONTENT;REWRITE_FOR_CUSTOMER
/klaviertransport-hirschau,/klaviertransport-hohenfels,service,service,0.286,1.000,1.000,1.000,0,9,no,HIGH_OVERLAP,REVIEW_SHARED_FAQ;DIFFERENTIATE_MAIN_CONTENT;REWRITE_FOR_CUSTOMER
/klaviertransport-hirschau,/klaviertransport-holzheim-am-forst,service,service,0.286,1.000,1.000,1.000,0,9,no,HIGH_OVERLAP,REVIEW_SHARED_FAQ;DIFFERENTIATE_MAIN_CONTENT;REWRITE_FOR_CUSTOMER
/klaviertransport-hirschau,/klaviertransport-ingolstadt,service,service,0.125,1.000,1.000,0.927,0,9,no,HIGH_OVERLAP,REVIEW_SHARED_FAQ;DIFFERENTIATE_MAIN_CONTENT;REWRITE_FOR_CUSTOMER
/klaviertransport-hirschau,/klaviertransport-kallmuenz,service,service,0.125,1.000,1.000,1.000,0,9,no,HIGH_OVERLAP,REVIEW_SHARED_FAQ;DIFFERENTIATE_MAIN_CONTENT;REWRITE_FOR_CUSTOMER
/klaviertransport-hirschau,/klaviertransport-kelheim,service,service,0.125,1.000,1.000,1.000,0,9,no,HIGH_OVERLAP,REVIEW_SHARED_FAQ;DIFFERENTIATE_MAIN_CONTENT;REWRITE_FOR_CUSTOMER
/klaviertransport-hirschau,/klaviertransport-kissing,service,service,0.286,1.000,1.000,1.000,0,9,no,HIGH_OVERLAP,REVIEW_SHARED_FAQ;DIFFERENTIATE_MAIN_CONTENT;REWRITE_FOR_CUSTOMER
/klaviertransport-hirschau,/klaviertransport-koefering,service,service,0.286,1.000,1.000,1.000,0,9,no,HIGH_OVERLAP,REVIEW_SHARED_FAQ;DIFFERENTIATE_MAIN_CONTENT;REWRITE_FOR_CUSTOMER
/klaviertransport-hohenfels,/klaviertransport-holzheim-am-forst,service,service,1.000,1.000,1.000,1.000,0,9,no,HIGH_OVERLAP,REVIEW_SHARED_FAQ;DIFFERENTIATE_MAIN_CONTENT;REWRITE_FOR_CUSTOMER
/klaviertransport-hohenfels,/klaviertransport-ingolstadt,service,service,0.111,1.000,1.000,0.927,0,9,no,HIGH_OVERLAP,REVIEW_SHARED_FAQ;DIFFERENTIATE_MAIN_CONTENT;REWRITE_FOR_CUSTOMER
/klaviertransport-hohenfels,/klaviertransport-kallmuenz,service,service,0.111,1.000,1.000,1.000,0,9,no,HIGH_OVERLAP,REVIEW_SHARED_FAQ;DIFFERENTIATE_MAIN_CONTENT;REWRITE_FOR_CUSTOMER
/klaviertransport-hohenfels,/klaviertransport-kelheim,service,service,0.111,1.000,1.000,1.000,0,9,no,HIGH_OVERLAP,REVIEW_SHARED_FAQ;DIFFERENTIATE_MAIN_CONTENT;REWRITE_FOR_CUSTOMER
/klaviertransport-hohenfels,/klaviertransport-kissing,service,service,1.000,1.000,1.000,1.000,0,9,no,HIGH_OVERLAP,REVIEW_SHARED_FAQ;DIFFERENTIATE_MAIN_CONTENT;REWRITE_FOR_CUSTOMER
/klaviertransport-hohenfels,/klaviertransport-koefering,service,service,1.000,1.000,1.000,1.000,0,9,no,HIGH_OVERLAP,REVIEW_SHARED_FAQ;DIFFERENTIATE_MAIN_CONTENT;REWRITE_FOR_CUSTOMER
/klaviertransport-holzheim-am-forst,/klaviertransport-ingolstadt,service,service,0.111,1.000,1.000,0.927,0,9,no,HIGH_OVERLAP,REVIEW_SHARED_FAQ;DIFFERENTIATE_MAIN_CONTENT;REWRITE_FOR_CUSTOMER
/klaviertransport-holzheim-am-forst,/klaviertransport-kallmuenz,service,service,0.111,1.000,1.000,1.000,0,9,no,HIGH_OVERLAP,REVIEW_SHARED_FAQ;DIFFERENTIATE_MAIN_CONTENT;REWRITE_FOR_CUSTOMER
/klaviertransport-holzheim-am-forst,/klaviertransport-kelheim,service,service,0.111,1.000,1.000,1.000,0,9,no,HIGH_OVERLAP,REVIEW_SHARED_FAQ;DIFFERENTIATE_MAIN_CONTENT;REWRITE_FOR_CUSTOMER
/klaviertransport-holzheim-am-forst,/klaviertransport-kissing,service,service,1.000,1.000,1.000,1.000,0,9,no,HIGH_OVERLAP,REVIEW_SHARED_FAQ;DIFFERENTIATE_MAIN_CONTENT;REWRITE_FOR_CUSTOMER
/klaviertransport-holzheim-am-forst,/klaviertransport-koefering,service,service,1.000,1.000,1.000,1.000,0,9,no,HIGH_OVERLAP,REVIEW_SHARED_FAQ;DIFFERENTIATE_MAIN_CONTENT;REWRITE_FOR_CUSTOMER
/klaviertransport-ingolstadt,/klaviertransport-kallmuenz,service,service,1.000,1.000,1.000,0.927,0,9,no,HIGH_OVERLAP,REVIEW_SHARED_FAQ;DIFFERENTIATE_MAIN_CONTENT;REWRITE_FOR_CUSTOMER
/klaviertransport-ingolstadt,/klaviertransport-kelheim,service,service,1.000,1.000,1.000,0.927,0,9,no,HIGH_OVERLAP,REVIEW_SHARED_FAQ;DIFFERENTIATE_MAIN_CONTENT;REWRITE_FOR_CUSTOMER
/klaviertransport-ingolstadt,/klaviertransport-kissing,service,service,0.111,1.000,1.000,0.927,0,9,no,HIGH_OVERLAP,REVIEW_SHARED_FAQ;DIFFERENTIATE_MAIN_CONTENT;REWRITE_FOR_CUSTOMER
/klaviertransport-ingolstadt,/klaviertransport-koefering,service,service,0.111,1.000,1.000,0.927,0,9,no,HIGH_OVERLAP,REVIEW_SHARED_FAQ;DIFFERENTIATE_MAIN_CONTENT;REWRITE_FOR_CUSTOMER
/klaviertransport-kallmuenz,/klaviertransport-kelheim,service,service,1.000,1.000,1.000,1.000,0,9,no,HIGH_OVERLAP,REVIEW_SHARED_FAQ;DIFFERENTIATE_MAIN_CONTENT;REWRITE_FOR_CUSTOMER
/klaviertransport-kallmuenz,/klaviertransport-kissing,service,service,0.111,1.000,1.000,1.000,0,9,no,HIGH_OVERLAP,REVIEW_SHARED_FAQ;DIFFERENTIATE_MAIN_CONTENT;REWRITE_FOR_CUSTOMER
/klaviertransport-kallmuenz,/klaviertransport-koefering,service,service,0.111,1.000,1.000,1.000,0,9,no,HIGH_OVERLAP,REVIEW_SHARED_FAQ;DIFFERENTIATE_MAIN_CONTENT;REWRITE_FOR_CUSTOMER
/klaviertransport-kelheim,/klaviertransport-kissing,service,service,0.111,1.000,1.000,1.000,0,9,no,HIGH_OVERLAP,REVIEW_SHARED_FAQ;DIFFERENTIATE_MAIN_CONTENT;REWRITE_FOR_CUSTOMER
/klaviertransport-kelheim,/klaviertransport-koefering,service,service,0.111,1.000,1.000,1.000,0,9,no,HIGH_OVERLAP,REVIEW_SHARED_FAQ;DIFFERENTIATE_MAIN_CONTENT;REWRITE_FOR_CUSTOMER
/klaviertransport-kissing,/klaviertransport-koefering,service,service,1.000,1.000,1.000,1.000,0,9,no,HIGH_OVERLAP,REVIEW_SHARED_FAQ;DIFFERENTIATE_MAIN_CONTENT;REWRITE_FOR_CUSTOMER
/klaviertransport-koenigsbrunn,/klaviertransport-koetzting,service,service,0.125,1.000,1.000,1.000,0,9,no,HIGH_OVERLAP,REVIEW_SHARED_FAQ;DIFFERENTIATE_MAIN_CONTENT;REWRITE_FOR_CUSTOMER
/klaviertransport-koenigsbrunn,/klaviertransport-laaber,service,service,0.125,1.000,1.000,1.000,0,9,no,HIGH_OVERLAP,REVIEW_SHARED_FAQ;DIFFERENTIATE_MAIN_CONTENT;REWRITE_FOR_CUSTOMER
/klaviertransport-koenigsbrunn,/klaviertransport-landau-an-der-isar,service,service,1.000,1.000,1.000,1.000,0,9,no,HIGH_OVERLAP,REVIEW_SHARED_FAQ;DIFFERENTIATE_MAIN_CONTENT;REWRITE_FOR_CUSTOMER
/klaviertransport-koenigsbrunn,/klaviertransport-landsberg-am-lech,service,service,0.143,1.000,1.000,1.000,0,9,no,HIGH_OVERLAP,REVIEW_SHARED_FAQ;DIFFERENTIATE_MAIN_CONTENT;REWRITE_FOR_CUSTOMER
/klaviertransport-koenigsbrunn,/klaviertransport-landshut,service,service,0.125,1.000,1.000,0.947,0,9,no,HIGH_OVERLAP,REVIEW_SHARED_FAQ;DIFFERENTIATE_MAIN_CONTENT;REWRITE_FOR_CUSTOMER
/klaviertransport-koenigsbrunn,/klaviertransport-langquaid,service,service,0.143,1.000,1.000,1.000,0,9,no,HIGH_OVERLAP,REVIEW_SHARED_FAQ;DIFFERENTIATE_MAIN_CONTENT;REWRITE_FOR_CUSTOMER
/klaviertransport-koenigsbrunn,/klaviertransport-lappersdorf,service,service,0.111,1.000,1.000,1.000,0,9,no,HIGH_OVERLAP,REVIEW_SHARED_FAQ;DIFFERENTIATE_MAIN_CONTENT;REWRITE_FOR_CUSTOMER
/klaviertransport-koetzting,/klaviertransport-laaber,service,service,1.000,1.000,1.000,1.000,0,9,no,HIGH_OVERLAP,REVIEW_SHARED_FAQ;DIFFERENTIATE_MAIN_CONTENT;REWRITE_FOR_CUSTOMER
/klaviertransport-koetzting,/klaviertransport-landau-an-der-isar,service,service,0.125,1.000,1.000,1.000,0,9,no,HIGH_OVERLAP,REVIEW_SHARED_FAQ;DIFFERENTIATE_MAIN_CONTENT;REWRITE_FOR_CUSTOMER
/klaviertransport-koetzting,/klaviertransport-landsberg-am-lech,service,service,0.167,1.000,1.000,1.000,0,9,no,HIGH_OVERLAP,REVIEW_SHARED_FAQ;DIFFERENTIATE_MAIN_CONTENT;REWRITE_FOR_CUSTOMER
/klaviertransport-koetzting,/klaviertransport-landshut,service,service,1.000,1.000,1.000,0.947,0,9,no,HIGH_OVERLAP,REVIEW_SHARED_FAQ;DIFFERENTIATE_MAIN_CONTENT;REWRITE_FOR_CUSTOMER
/klaviertransport-koetzting,/klaviertransport-langquaid,service,service,0.167,1.000,1.000,1.000,0,9,no,HIGH_OVERLAP,REVIEW_SHARED_FAQ;DIFFERENTIATE_MAIN_CONTENT;REWRITE_FOR_CUSTOMER
/klaviertransport-koetzting,/klaviertransport-lappersdorf,service,service,0.286,1.000,1.000,1.000,0,9,no,HIGH_OVERLAP,REVIEW_SHARED_FAQ;DIFFERENTIATE_MAIN_CONTENT;REWRITE_FOR_CUSTOMER
/klaviertransport-laaber,/klaviertransport-landau-an-der-isar,service,service,0.125,1.000,1.000,1.000,0,9,no,HIGH_OVERLAP,REVIEW_SHARED_FAQ;DIFFERENTIATE_MAIN_CONTENT;REWRITE_FOR_CUSTOMER
/klaviertransport-laaber,/klaviertransport-landsberg-am-lech,service,service,0.167,1.000,1.000,1.000,0,9,no,HIGH_OVERLAP,REVIEW_SHARED_FAQ;DIFFERENTIATE_MAIN_CONTENT;REWRITE_FOR_CUSTOMER
/klaviertransport-laaber,/klaviertransport-landshut,service,service,1.000,1.000,1.000,0.947,0,9,no,HIGH_OVERLAP,REVIEW_SHARED_FAQ;DIFFERENTIATE_MAIN_CONTENT;REWRITE_FOR_CUSTOMER
/klaviertransport-laaber,/klaviertransport-langquaid,service,service,0.167,1.000,1.000,1.000,0,9,no,HIGH_OVERLAP,REVIEW_SHARED_FAQ;DIFFERENTIATE_MAIN_CONTENT;REWRITE_FOR_CUSTOMER
/klaviertransport-laaber,/klaviertransport-lappersdorf,service,service,0.286,1.000,1.000,1.000,0,9,no,HIGH_OVERLAP,REVIEW_SHARED_FAQ;DIFFERENTIATE_MAIN_CONTENT;REWRITE_FOR_CUSTOMER
/klaviertransport-landau-an-der-isar,/klaviertransport-landsberg-am-lech,service,service,0.143,1.000,1.000,1.000,0,9,no,HIGH_OVERLAP,REVIEW_SHARED_FAQ;DIFFERENTIATE_MAIN_CONTENT;REWRITE_FOR_CUSTOMER
/klaviertransport-landau-an-der-isar,/klaviertransport-landshut,service,service,0.125,1.000,1.000,0.947,0,9,no,HIGH_OVERLAP,REVIEW_SHARED_FAQ;DIFFERENTIATE_MAIN_CONTENT;REWRITE_FOR_CUSTOMER
/klaviertransport-landau-an-der-isar,/klaviertransport-langquaid,service,service,0.143,1.000,1.000,1.000,0,9,no,HIGH_OVERLAP,REVIEW_SHARED_FAQ;DIFFERENTIATE_MAIN_CONTENT;REWRITE_FOR_CUSTOMER
/klaviertransport-landau-an-der-isar,/klaviertransport-lappersdorf,service,service,0.111,1.000,1.000,1.000,0,9,no,HIGH_OVERLAP,REVIEW_SHARED_FAQ;DIFFERENTIATE_MAIN_CONTENT;REWRITE_FOR_CUSTOMER
/klaviertransport-landsberg-am-lech,/klaviertransport-landshut,service,service,0.167,1.000,1.000,0.947,0,9,no,HIGH_OVERLAP,REVIEW_SHARED_FAQ;DIFFERENTIATE_MAIN_CONTENT;REWRITE_FOR_CUSTOMER
/klaviertransport-landsberg-am-lech,/klaviertransport-langquaid,service,service,1.000,1.000,1.000,1.000,0,9,no,HIGH_OVERLAP,REVIEW_SHARED_FAQ;DIFFERENTIATE_MAIN_CONTENT;REWRITE_FOR_CUSTOMER
/klaviertransport-landsberg-am-lech,/klaviertransport-lappersdorf,service,service,0.143,1.000,1.000,1.000,0,9,no,HIGH_OVERLAP,REVIEW_SHARED_FAQ;DIFFERENTIATE_MAIN_CONTENT;REWRITE_FOR_CUSTOMER
/klaviertransport-landshut,/klaviertransport-langquaid,service,service,0.167,1.000,1.000,0.947,0,9,no,HIGH_OVERLAP,REVIEW_SHARED_FAQ;DIFFERENTIATE_MAIN_CONTENT;REWRITE_FOR_CUSTOMER
/klaviertransport-landshut,/klaviertransport-lappersdorf,service,service,0.286,1.000,1.000,0.947,0,9,no,HIGH_OVERLAP,REVIEW_SHARED_FAQ;DIFFERENTIATE_MAIN_CONTENT;REWRITE_FOR_CUSTOMER
/klaviertransport-langquaid,/klaviertransport-lappersdorf,service,service,0.143,1.000,1.000,1.000,0,9,no,HIGH_OVERLAP,REVIEW_SHARED_FAQ;DIFFERENTIATE_MAIN_CONTENT;REWRITE_FOR_CUSTOMER
/klaviertransport-lauf-an-der-pegnitz,/klaviertransport-lupburg,service,service,0.143,1.000,1.000,1.000,0,9,no,HIGH_OVERLAP,REVIEW_SHARED_FAQ;DIFFERENTIATE_MAIN_CONTENT;REWRITE_FOR_CUSTOMER
/klaviertransport-lauf-an-der-pegnitz,/klaviertransport-mainburg,service,service,0.143,1.000,1.000,1.000,0,9,no,HIGH_OVERLAP,REVIEW_SHARED_FAQ;DIFFERENTIATE_MAIN_CONTENT;REWRITE_FOR_CUSTOMER
/klaviertransport-lauf-an-der-pegnitz,/klaviertransport-mallersdorf-pfaffenberg,service,service,0.143,1.000,1.000,1.000,0,9,no,HIGH_OVERLAP,REVIEW_SHARED_FAQ;DIFFERENTIATE_MAIN_CONTENT;REWRITE_FOR_CUSTOMER
/klaviertransport-lauf-an-der-pegnitz,/klaviertransport-mammendorf,service,service,1.000,1.000,1.000,1.000,0,9,no,HIGH_OVERLAP,REVIEW_SHARED_FAQ;DIFFERENTIATE_MAIN_CONTENT;REWRITE_FOR_CUSTOMER
/klaviertransport-lauf-an-der-pegnitz,/klaviertransport-maxhuette-haidhof,service,service,0.143,1.000,1.000,1.000,0,9,no,HIGH_OVERLAP,REVIEW_SHARED_FAQ;DIFFERENTIATE_MAIN_CONTENT;REWRITE_FOR_CUSTOMER
/klaviertransport-lauf-an-der-pegnitz,/klaviertransport-mering,service,service,1.000,1.000,1.000,1.000,0,9,no,HIGH_OVERLAP,REVIEW_SHARED_FAQ;DIFFERENTIATE_MAIN_CONTENT;REWRITE_FOR_CUSTOMER
/klaviertransport-lauf-an-der-pegnitz,/klaviertransport-mintraching,service,service,0.143,1.000,1.000,1.000,0,9,no,HIGH_OVERLAP,REVIEW_SHARED_FAQ;DIFFERENTIATE_MAIN_CONTENT;REWRITE_FOR_CUSTOMER
/klaviertransport-lupburg,/klaviertransport-mainburg,service,service,1.000,1.000,1.000,1.000,0,9,no,HIGH_OVERLAP,REVIEW_SHARED_FAQ;DIFFERENTIATE_MAIN_CONTENT;REWRITE_FOR_CUSTOMER
/klaviertransport-lupburg,/klaviertransport-mallersdorf-pfaffenberg,service,service,0.111,1.000,1.000,1.000,0,9,no,HIGH_OVERLAP,REVIEW_SHARED_FAQ;DIFFERENTIATE_MAIN_CONTENT;REWRITE_FOR_CUSTOMER
/klaviertransport-lupburg,/klaviertransport-mammendorf,service,service,0.143,1.000,1.000,1.000,0,9,no,HIGH_OVERLAP,REVIEW_SHARED_FAQ;DIFFERENTIATE_MAIN_CONTENT;REWRITE_FOR_CUSTOMER
/klaviertransport-lupburg,/klaviertransport-maxhuette-haidhof,service,service,1.000,1.000,1.000,1.000,0,9,no,HIGH_OVERLAP,REVIEW_SHARED_FAQ;DIFFERENTIATE_MAIN_CONTENT;REWRITE_FOR_CUSTOMER
/klaviertransport-lupburg,/klaviertransport-mering,service,service,0.143,1.000,1.000,1.000,0,9,no,HIGH_OVERLAP,REVIEW_SHARED_FAQ;DIFFERENTIATE_MAIN_CONTENT;REWRITE_FOR_CUSTOMER
/klaviertransport-lupburg,/klaviertransport-mintraching,service,service,0.111,1.000,1.000,1.000,0,9,no,HIGH_OVERLAP,REVIEW_SHARED_FAQ;DIFFERENTIATE_MAIN_CONTENT;REWRITE_FOR_CUSTOMER
/klaviertransport-mainburg,/klaviertransport-mallersdorf-pfaffenberg,service,service,0.111,1.000,1.000,1.000,0,9,no,HIGH_OVERLAP,REVIEW_SHARED_FAQ;DIFFERENTIATE_MAIN_CONTENT;REWRITE_FOR_CUSTOMER
/klaviertransport-mainburg,/klaviertransport-mammendorf,service,service,0.143,1.000,1.000,1.000,0,9,no,HIGH_OVERLAP,REVIEW_SHARED_FAQ;DIFFERENTIATE_MAIN_CONTENT;REWRITE_FOR_CUSTOMER
/klaviertransport-mainburg,/klaviertransport-maxhuette-haidhof,service,service,1.000,1.000,1.000,1.000,0,9,no,HIGH_OVERLAP,REVIEW_SHARED_FAQ;DIFFERENTIATE_MAIN_CONTENT;REWRITE_FOR_CUSTOMER
/klaviertransport-mainburg,/klaviertransport-mering,service,service,0.143,1.000,1.000,1.000,0,9,no,HIGH_OVERLAP,REVIEW_SHARED_FAQ;DIFFERENTIATE_MAIN_CONTENT;REWRITE_FOR_CUSTOMER
/klaviertransport-mainburg,/klaviertransport-mintraching,service,service,0.111,1.000,1.000,1.000,0,9,no,HIGH_OVERLAP,REVIEW_SHARED_FAQ;DIFFERENTIATE_MAIN_CONTENT;REWRITE_FOR_CUSTOMER
/klaviertransport-mallersdorf-pfaffenberg,/klaviertransport-mammendorf,service,service,0.143,1.000,1.000,1.000,0,9,no,HIGH_OVERLAP,REVIEW_SHARED_FAQ;DIFFERENTIATE_MAIN_CONTENT;REWRITE_FOR_CUSTOMER
/klaviertransport-mallersdorf-pfaffenberg,/klaviertransport-maxhuette-haidhof,service,service,0.111,1.000,1.000,1.000,0,9,no,HIGH_OVERLAP,REVIEW_SHARED_FAQ;DIFFERENTIATE_MAIN_CONTENT;REWRITE_FOR_CUSTOMER
/klaviertransport-mallersdorf-pfaffenberg,/klaviertransport-mering,service,service,0.143,1.000,1.000,1.000,0,9,no,HIGH_OVERLAP,REVIEW_SHARED_FAQ;DIFFERENTIATE_MAIN_CONTENT;REWRITE_FOR_CUSTOMER
/klaviertransport-mallersdorf-pfaffenberg,/klaviertransport-mintraching,service,service,1.000,1.000,1.000,1.000,0,9,no,HIGH_OVERLAP,REVIEW_SHARED_FAQ;DIFFERENTIATE_MAIN_CONTENT;REWRITE_FOR_CUSTOMER
/klaviertransport-mammendorf,/klaviertransport-maxhuette-haidhof,service,service,0.143,1.000,1.000,1.000,0,9,no,HIGH_OVERLAP,REVIEW_SHARED_FAQ;DIFFERENTIATE_MAIN_CONTENT;REWRITE_FOR_CUSTOMER
/klaviertransport-mammendorf,/klaviertransport-mering,service,service,1.000,1.000,1.000,1.000,0,9,no,HIGH_OVERLAP,REVIEW_SHARED_FAQ;DIFFERENTIATE_MAIN_CONTENT;REWRITE_FOR_CUSTOMER
/klaviertransport-mammendorf,/klaviertransport-mintraching,service,service,0.143,1.000,1.000,1.000,0,9,no,HIGH_OVERLAP,REVIEW_SHARED_FAQ;DIFFERENTIATE_MAIN_CONTENT;REWRITE_FOR_CUSTOMER
/klaviertransport-maxhuette-haidhof,/klaviertransport-mering,service,service,0.143,1.000,1.000,1.000,0,9,no,HIGH_OVERLAP,REVIEW_SHARED_FAQ;DIFFERENTIATE_MAIN_CONTENT;REWRITE_FOR_CUSTOMER
/klaviertransport-maxhuette-haidhof,/klaviertransport-mintraching,service,service,0.111,1.000,1.000,1.000,0,9,no,HIGH_OVERLAP,REVIEW_SHARED_FAQ;DIFFERENTIATE_MAIN_CONTENT;REWRITE_FOR_CUSTOMER
/klaviertransport-mering,/klaviertransport-mintraching,service,service,0.143,1.000,1.000,1.000,0,9,no,HIGH_OVERLAP,REVIEW_SHARED_FAQ;DIFFERENTIATE_MAIN_CONTENT;REWRITE_FOR_CUSTOMER
/klaviertransport-moetzing,/klaviertransport-moosburg,service,service,0.111,1.000,1.000,1.000,0,9,no,HIGH_OVERLAP,REVIEW_SHARED_FAQ;DIFFERENTIATE_MAIN_CONTENT;REWRITE_FOR_CUSTOMER
/klaviertransport-moetzing,/klaviertransport-muenchen,service,service,0.111,0.750,1.000,0.966,0,9,no,HIGH_OVERLAP,REVIEW_SHARED_FAQ;DIFFERENTIATE_MAIN_CONTENT;REWRITE_FOR_CUSTOMER
/klaviertransport-moetzing,/klaviertransport-nabburg,service,service,1.000,1.000,1.000,1.000,0,9,no,HIGH_OVERLAP,REVIEW_SHARED_FAQ;DIFFERENTIATE_MAIN_CONTENT;REWRITE_FOR_CUSTOMER
/klaviertransport-moetzing,/klaviertransport-neu-ulm,service,service,1.000,1.000,1.000,1.000,0,9,no,HIGH_OVERLAP,REVIEW_SHARED_FAQ;DIFFERENTIATE_MAIN_CONTENT;REWRITE_FOR_CUSTOMER
/klaviertransport-moetzing,/klaviertransport-neufahrn-in-niederbayern,service,service,0.143,1.000,1.000,0.988,0,9,no,HIGH_OVERLAP,REVIEW_SHARED_FAQ;DIFFERENTIATE_MAIN_CONTENT;REWRITE_FOR_CUSTOMER
/klaviertransport-moetzing,/klaviertransport-neumarkt,service,service,1.000,1.000,1.000,0.938,0,9,no,HIGH_OVERLAP,REVIEW_SHARED_FAQ;DIFFERENTIATE_MAIN_CONTENT;REWRITE_FOR_CUSTOMER
/klaviertransport-moetzing,/klaviertransport-neunburg-vorm-wald,service,service,0.111,1.000,1.000,1.000,0,9,no,HIGH_OVERLAP,REVIEW_SHARED_FAQ;DIFFERENTIATE_MAIN_CONTENT;REWRITE_FOR_CUSTOMER
/klaviertransport-moosburg,/klaviertransport-muenchen,service,service,0.250,0.750,1.000,0.966,0,9,no,HIGH_OVERLAP,REVIEW_SHARED_FAQ;DIFFERENTIATE_MAIN_CONTENT;REWRITE_FOR_CUSTOMER
/klaviertransport-moosburg,/klaviertransport-nabburg,service,service,0.111,1.000,1.000,1.000,0,9,no,HIGH_OVERLAP,REVIEW_SHARED_FAQ;DIFFERENTIATE_MAIN_CONTENT;REWRITE_FOR_CUSTOMER
/klaviertransport-moosburg,/klaviertransport-neu-ulm,service,service,0.111,1.000,1.000,1.000,0,9,no,HIGH_OVERLAP,REVIEW_SHARED_FAQ;DIFFERENTIATE_MAIN_CONTENT;REWRITE_FOR_CUSTOMER
/klaviertransport-moosburg,/klaviertransport-neufahrn-in-niederbayern,service,service,0.143,1.000,1.000,0.988,0,9,no,HIGH_OVERLAP,REVIEW_SHARED_FAQ;DIFFERENTIATE_MAIN_CONTENT;REWRITE_FOR_CUSTOMER
/klaviertransport-moosburg,/klaviertransport-neumarkt,service,service,0.111,1.000,1.000,0.938,0,9,no,HIGH_OVERLAP,REVIEW_SHARED_FAQ;DIFFERENTIATE_MAIN_CONTENT;REWRITE_FOR_CUSTOMER
/klaviertransport-moosburg,/klaviertransport-neunburg-vorm-wald,service,service,1.000,1.000,1.000,1.000,0,9,no,HIGH_OVERLAP,REVIEW_SHARED_FAQ;DIFFERENTIATE_MAIN_CONTENT;REWRITE_FOR_CUSTOMER
/klaviertransport-muenchen,/klaviertransport-nabburg,service,service,0.111,0.750,1.000,0.966,0,9,no,HIGH_OVERLAP,REVIEW_SHARED_FAQ;DIFFERENTIATE_MAIN_CONTENT;REWRITE_FOR_CUSTOMER
/klaviertransport-muenchen,/klaviertransport-neu-ulm,service,service,0.111,0.750,1.000,0.966,0,9,no,HIGH_OVERLAP,REVIEW_SHARED_FAQ;DIFFERENTIATE_MAIN_CONTENT;REWRITE_FOR_CUSTOMER
/klaviertransport-muenchen,/klaviertransport-neufahrn-in-niederbayern,service,service,0.143,0.750,1.000,0.978,0,9,no,HIGH_OVERLAP,REVIEW_SHARED_FAQ;DIFFERENTIATE_MAIN_CONTENT;REWRITE_FOR_CUSTOMER
/klaviertransport-muenchen,/klaviertransport-neumarkt,service,service,0.111,0.750,1.000,0.906,0,9,no,HIGH_OVERLAP,REVIEW_SHARED_FAQ;DIFFERENTIATE_MAIN_CONTENT;REWRITE_FOR_CUSTOMER
/klaviertransport-muenchen,/klaviertransport-neunburg-vorm-wald,service,service,0.250,0.750,1.000,0.966,0,9,no,HIGH_OVERLAP,REVIEW_SHARED_FAQ;DIFFERENTIATE_MAIN_CONTENT;REWRITE_FOR_CUSTOMER
/klaviertransport-nabburg,/klaviertransport-neu-ulm,service,service,1.000,1.000,1.000,1.000,0,9,no,HIGH_OVERLAP,REVIEW_SHARED_FAQ;DIFFERENTIATE_MAIN_CONTENT;REWRITE_FOR_CUSTOMER
/klaviertransport-nabburg,/klaviertransport-neufahrn-in-niederbayern,service,service,0.143,1.000,1.000,0.988,0,9,no,HIGH_OVERLAP,REVIEW_SHARED_FAQ;DIFFERENTIATE_MAIN_CONTENT;REWRITE_FOR_CUSTOMER
/klaviertransport-nabburg,/klaviertransport-neumarkt,service,service,1.000,1.000,1.000,0.938,0,9,no,HIGH_OVERLAP,REVIEW_SHARED_FAQ;DIFFERENTIATE_MAIN_CONTENT;REWRITE_FOR_CUSTOMER
/klaviertransport-nabburg,/klaviertransport-neunburg-vorm-wald,service,service,0.111,1.000,1.000,1.000,0,9,no,HIGH_OVERLAP,REVIEW_SHARED_FAQ;DIFFERENTIATE_MAIN_CONTENT;REWRITE_FOR_CUSTOMER
/klaviertransport-neu-ulm,/klaviertransport-neufahrn-in-niederbayern,service,service,0.143,1.000,1.000,0.988,0,9,no,HIGH_OVERLAP,REVIEW_SHARED_FAQ;DIFFERENTIATE_MAIN_CONTENT;REWRITE_FOR_CUSTOMER
/klaviertransport-neu-ulm,/klaviertransport-neumarkt,service,service,1.000,1.000,1.000,0.938,0,9,no,HIGH_OVERLAP,REVIEW_SHARED_FAQ;DIFFERENTIATE_MAIN_CONTENT;REWRITE_FOR_CUSTOMER
/klaviertransport-neu-ulm,/klaviertransport-neunburg-vorm-wald,service,service,0.111,1.000,1.000,1.000,0,9,no,HIGH_OVERLAP,REVIEW_SHARED_FAQ;DIFFERENTIATE_MAIN_CONTENT;REWRITE_FOR_CUSTOMER
/klaviertransport-neufahrn-in-niederbayern,/klaviertransport-neumarkt,service,service,0.143,1.000,1.000,0.927,0,9,no,HIGH_OVERLAP,REVIEW_SHARED_FAQ;DIFFERENTIATE_MAIN_CONTENT;REWRITE_FOR_CUSTOMER
/klaviertransport-neufahrn-in-niederbayern,/klaviertransport-neunburg-vorm-wald,service,service,0.143,1.000,1.000,0.988,0,9,no,HIGH_OVERLAP,REVIEW_SHARED_FAQ;DIFFERENTIATE_MAIN_CONTENT;REWRITE_FOR_CUSTOMER
/klaviertransport-neumarkt,/klaviertransport-neunburg-vorm-wald,service,service,0.111,1.000,1.000,0.938,0,9,no,HIGH_OVERLAP,REVIEW_SHARED_FAQ;DIFFERENTIATE_MAIN_CONTENT;REWRITE_FOR_CUSTOMER
/klaviertransport-neusaess,/klaviertransport-neustadt-an-der-donau,service,service,0.143,1.000,1.000,1.000,0,9,no,HIGH_OVERLAP,REVIEW_SHARED_FAQ;DIFFERENTIATE_MAIN_CONTENT;REWRITE_FOR_CUSTOMER
/klaviertransport-neusaess,/klaviertransport-neustadt-an-der-waldnaab,service,service,0.125,1.000,1.000,1.000,0,9,no,HIGH_OVERLAP,REVIEW_SHARED_FAQ;DIFFERENTIATE_MAIN_CONTENT;REWRITE_FOR_CUSTOMER
/klaviertransport-neusaess,/klaviertransport-neutraubling,service,service,0.143,1.000,1.000,1.000,0,9,no,HIGH_OVERLAP,REVIEW_SHARED_FAQ;DIFFERENTIATE_MAIN_CONTENT;REWRITE_FOR_CUSTOMER
/klaviertransport-neusaess,/klaviertransport-nittenau,service,service,0.143,1.000,1.000,1.000,0,9,no,HIGH_OVERLAP,REVIEW_SHARED_FAQ;DIFFERENTIATE_MAIN_CONTENT;REWRITE_FOR_CUSTOMER
/klaviertransport-neusaess,/klaviertransport-nittendorf,service,service,0.125,1.000,1.000,1.000,0,9,no,HIGH_OVERLAP,REVIEW_SHARED_FAQ;DIFFERENTIATE_MAIN_CONTENT;REWRITE_FOR_CUSTOMER
/klaviertransport-neusaess,/klaviertransport-nuernberg,service,service,0.111,0.750,1.000,0.984,0,9,no,HIGH_OVERLAP,REVIEW_SHARED_FAQ;DIFFERENTIATE_MAIN_CONTENT;REWRITE_FOR_CUSTOMER
/klaviertransport-neusaess,/klaviertransport-oberasbach,service,service,0.111,1.000,1.000,1.000,0,9,no,HIGH_OVERLAP,REVIEW_SHARED_FAQ;DIFFERENTIATE_MAIN_CONTENT;REWRITE_FOR_CUSTOMER
/klaviertransport-neustadt-an-der-donau,/klaviertransport-neustadt-an-der-waldnaab,service,service,0.167,1.000,1.000,1.000,0,9,no,HIGH_OVERLAP,REVIEW_SHARED_FAQ;DIFFERENTIATE_MAIN_CONTENT;REWRITE_FOR_CUSTOMER
/klaviertransport-neustadt-an-der-donau,/klaviertransport-neutraubling,service,service,1.000,1.000,1.000,1.000,0,9,no,HIGH_OVERLAP,REVIEW_SHARED_FAQ;DIFFERENTIATE_MAIN_CONTENT;REWRITE_FOR_CUSTOMER
/klaviertransport-neustadt-an-der-donau,/klaviertransport-nittenau,service,service,1.000,1.000,1.000,1.000,0,9,no,HIGH_OVERLAP,REVIEW_SHARED_FAQ;DIFFERENTIATE_MAIN_CONTENT;REWRITE_FOR_CUSTOMER
/klaviertransport-neustadt-an-der-donau,/klaviertransport-nittendorf,service,service,0.167,1.000,1.000,1.000,0,9,no,HIGH_OVERLAP,REVIEW_SHARED_FAQ;DIFFERENTIATE_MAIN_CONTENT;REWRITE_FOR_CUSTOMER
/klaviertransport-neustadt-an-der-donau,/klaviertransport-nuernberg,service,service,0.143,0.750,1.000,0.984,0,9,no,HIGH_OVERLAP,REVIEW_SHARED_FAQ;DIFFERENTIATE_MAIN_CONTENT;REWRITE_FOR_CUSTOMER
/klaviertransport-neustadt-an-der-donau,/klaviertransport-oberasbach,service,service,0.143,1.000,1.000,1.000,0,9,no,HIGH_OVERLAP,REVIEW_SHARED_FAQ;DIFFERENTIATE_MAIN_CONTENT;REWRITE_FOR_CUSTOMER
/klaviertransport-neustadt-an-der-waldnaab,/klaviertransport-neutraubling,service,service,0.167,1.000,1.000,1.000,0,9,no,HIGH_OVERLAP,REVIEW_SHARED_FAQ;DIFFERENTIATE_MAIN_CONTENT;REWRITE_FOR_CUSTOMER
/klaviertransport-neustadt-an-der-waldnaab,/klaviertransport-nittenau,service,service,0.167,1.000,1.000,1.000,0,9,no,HIGH_OVERLAP,REVIEW_SHARED_FAQ;DIFFERENTIATE_MAIN_CONTENT;REWRITE_FOR_CUSTOMER
/klaviertransport-neustadt-an-der-waldnaab,/klaviertransport-nittendorf,service,service,1.000,1.000,1.000,1.000,0,9,no,HIGH_OVERLAP,REVIEW_SHARED_FAQ;DIFFERENTIATE_MAIN_CONTENT;REWRITE_FOR_CUSTOMER
/klaviertransport-neustadt-an-der-waldnaab,/klaviertransport-nuernberg,service,service,0.500,0.750,1.000,0.984,0,9,no,HIGH_OVERLAP,REVIEW_SHARED_FAQ;DIFFERENTIATE_MAIN_CONTENT;REWRITE_FOR_CUSTOMER
/klaviertransport-neustadt-an-der-waldnaab,/klaviertransport-oberasbach,service,service,0.286,1.000,1.000,1.000,0,9,no,HIGH_OVERLAP,REVIEW_SHARED_FAQ;DIFFERENTIATE_MAIN_CONTENT;REWRITE_FOR_CUSTOMER
/klaviertransport-neutraubling,/klaviertransport-nittenau,service,service,1.000,1.000,1.000,1.000,0,9,no,HIGH_OVERLAP,REVIEW_SHARED_FAQ;DIFFERENTIATE_MAIN_CONTENT;REWRITE_FOR_CUSTOMER
/klaviertransport-neutraubling,/klaviertransport-nittendorf,service,service,0.167,1.000,1.000,1.000,0,9,no,HIGH_OVERLAP,REVIEW_SHARED_FAQ;DIFFERENTIATE_MAIN_CONTENT;REWRITE_FOR_CUSTOMER
/klaviertransport-neutraubling,/klaviertransport-nuernberg,service,service,0.143,0.750,1.000,0.984,0,9,no,HIGH_OVERLAP,REVIEW_SHARED_FAQ;DIFFERENTIATE_MAIN_CONTENT;REWRITE_FOR_CUSTOMER
/klaviertransport-neutraubling,/klaviertransport-oberasbach,service,service,0.143,1.000,1.000,1.000,0,9,no,HIGH_OVERLAP,REVIEW_SHARED_FAQ;DIFFERENTIATE_MAIN_CONTENT;REWRITE_FOR_CUSTOMER
/klaviertransport-nittenau,/klaviertransport-nittendorf,service,service,0.167,1.000,1.000,1.000,0,9,no,HIGH_OVERLAP,REVIEW_SHARED_FAQ;DIFFERENTIATE_MAIN_CONTENT;REWRITE_FOR_CUSTOMER
/klaviertransport-nittenau,/klaviertransport-nuernberg,service,service,0.143,0.750,1.000,0.984,0,9,no,HIGH_OVERLAP,REVIEW_SHARED_FAQ;DIFFERENTIATE_MAIN_CONTENT;REWRITE_FOR_CUSTOMER
/klaviertransport-nittenau,/klaviertransport-oberasbach,service,service,0.143,1.000,1.000,1.000,0,9,no,HIGH_OVERLAP,REVIEW_SHARED_FAQ;DIFFERENTIATE_MAIN_CONTENT;REWRITE_FOR_CUSTOMER
/klaviertransport-nittendorf,/klaviertransport-nuernberg,service,service,0.500,0.750,1.000,0.984,0,9,no,HIGH_OVERLAP,REVIEW_SHARED_FAQ;DIFFERENTIATE_MAIN_CONTENT;REWRITE_FOR_CUSTOMER
/klaviertransport-nittendorf,/klaviertransport-oberasbach,service,service,0.286,1.000,1.000,1.000,0,9,no,HIGH_OVERLAP,REVIEW_SHARED_FAQ;DIFFERENTIATE_MAIN_CONTENT;REWRITE_FOR_CUSTOMER
/klaviertransport-nuernberg,/klaviertransport-oberasbach,service,service,0.111,0.750,1.000,0.984,0,9,no,HIGH_OVERLAP,REVIEW_SHARED_FAQ;DIFFERENTIATE_MAIN_CONTENT;REWRITE_FOR_CUSTOMER
/klaviertransport-obertraubling,/klaviertransport-oberviechtach,service,service,0.167,1.000,1.000,1.000,0,9,no,HIGH_OVERLAP,REVIEW_SHARED_FAQ;DIFFERENTIATE_MAIN_CONTENT;REWRITE_FOR_CUSTOMER
/klaviertransport-obertraubling,/klaviertransport-olching,service,service,0.143,1.000,1.000,1.000,0,9,no,HIGH_OVERLAP,REVIEW_SHARED_FAQ;DIFFERENTIATE_MAIN_CONTENT;REWRITE_FOR_CUSTOMER
/klaviertransport-obertraubling,/klaviertransport-osterhofen,service,service,0.167,1.000,1.000,1.000,0,9,no,HIGH_OVERLAP,REVIEW_SHARED_FAQ;DIFFERENTIATE_MAIN_CONTENT;REWRITE_FOR_CUSTOMER
/klaviertransport-obertraubling,/klaviertransport-painten,service,service,0.143,1.000,1.000,1.000,0,9,no,HIGH_OVERLAP,REVIEW_SHARED_FAQ;DIFFERENTIATE_MAIN_CONTENT;REWRITE_FOR_CUSTOMER
/klaviertransport-obertraubling,/klaviertransport-parsberg,service,service,0.143,1.000,1.000,1.000,0,9,no,HIGH_OVERLAP,REVIEW_SHARED_FAQ;DIFFERENTIATE_MAIN_CONTENT;REWRITE_FOR_CUSTOMER
/klaviertransport-obertraubling,/klaviertransport-passau,service,service,0.143,0.750,1.000,0.926,0,9,no,HIGH_OVERLAP,REVIEW_SHARED_FAQ;DIFFERENTIATE_MAIN_CONTENT;REWRITE_FOR_CUSTOMER
/klaviertransport-obertraubling,/klaviertransport-pentling,service,service,0.143,1.000,1.000,1.000,0,9,no,HIGH_OVERLAP,REVIEW_SHARED_FAQ;DIFFERENTIATE_MAIN_CONTENT;REWRITE_FOR_CUSTOMER
/klaviertransport-oberviechtach,/klaviertransport-olching,service,service,0.286,1.000,1.000,1.000,0,9,no,HIGH_OVERLAP,REVIEW_SHARED_FAQ;DIFFERENTIATE_MAIN_CONTENT;REWRITE_FOR_CUSTOMER
/klaviertransport-oberviechtach,/klaviertransport-osterhofen,service,service,1.000,1.000,1.000,1.000,0,9,no,HIGH_OVERLAP,REVIEW_SHARED_FAQ;DIFFERENTIATE_MAIN_CONTENT;REWRITE_FOR_CUSTOMER
/klaviertransport-oberviechtach,/klaviertransport-painten,service,service,0.125,1.000,1.000,1.000,0,9,no,HIGH_OVERLAP,REVIEW_SHARED_FAQ;DIFFERENTIATE_MAIN_CONTENT;REWRITE_FOR_CUSTOMER
/klaviertransport-oberviechtach,/klaviertransport-parsberg,service,service,0.286,1.000,1.000,1.000,0,9,no,HIGH_OVERLAP,REVIEW_SHARED_FAQ;DIFFERENTIATE_MAIN_CONTENT;REWRITE_FOR_CUSTOMER
/klaviertransport-oberviechtach,/klaviertransport-passau,service,service,0.125,0.750,1.000,0.926,0,9,no,HIGH_OVERLAP,REVIEW_SHARED_FAQ;DIFFERENTIATE_MAIN_CONTENT;REWRITE_FOR_CUSTOMER
/klaviertransport-oberviechtach,/klaviertransport-pentling,service,service,0.125,1.000,1.000,1.000,0,9,no,HIGH_OVERLAP,REVIEW_SHARED_FAQ;DIFFERENTIATE_MAIN_CONTENT;REWRITE_FOR_CUSTOMER
/klaviertransport-olching,/klaviertransport-osterhofen,service,service,0.286,1.000,1.000,1.000,0,9,no,HIGH_OVERLAP,REVIEW_SHARED_FAQ;DIFFERENTIATE_MAIN_CONTENT;REWRITE_FOR_CUSTOMER
/klaviertransport-olching,/klaviertransport-painten,service,service,0.111,1.000,1.000,1.000,0,9,no,HIGH_OVERLAP,REVIEW_SHARED_FAQ;DIFFERENTIATE_MAIN_CONTENT;REWRITE_FOR_CUSTOMER
/klaviertransport-olching,/klaviertransport-parsberg,service,service,1.000,1.000,1.000,1.000,0,9,no,HIGH_OVERLAP,REVIEW_SHARED_FAQ;DIFFERENTIATE_MAIN_CONTENT;REWRITE_FOR_CUSTOMER
/klaviertransport-olching,/klaviertransport-passau,service,service,0.111,0.750,1.000,0.926,0,9,no,HIGH_OVERLAP,REVIEW_SHARED_FAQ;DIFFERENTIATE_MAIN_CONTENT;REWRITE_FOR_CUSTOMER
/klaviertransport-olching,/klaviertransport-pentling,service,service,0.111,1.000,1.000,1.000,0,9,no,HIGH_OVERLAP,REVIEW_SHARED_FAQ;DIFFERENTIATE_MAIN_CONTENT;REWRITE_FOR_CUSTOMER
/klaviertransport-osterhofen,/klaviertransport-painten,service,service,0.125,1.000,1.000,1.000,0,9,no,HIGH_OVERLAP,REVIEW_SHARED_FAQ;DIFFERENTIATE_MAIN_CONTENT;REWRITE_FOR_CUSTOMER
/klaviertransport-osterhofen,/klaviertransport-parsberg,service,service,0.286,1.000,1.000,1.000,0,9,no,HIGH_OVERLAP,REVIEW_SHARED_FAQ;DIFFERENTIATE_MAIN_CONTENT;REWRITE_FOR_CUSTOMER
/klaviertransport-osterhofen,/klaviertransport-passau,service,service,0.125,0.750,1.000,0.926,0,9,no,HIGH_OVERLAP,REVIEW_SHARED_FAQ;DIFFERENTIATE_MAIN_CONTENT;REWRITE_FOR_CUSTOMER
/klaviertransport-osterhofen,/klaviertransport-pentling,service,service,0.125,1.000,1.000,1.000,0,9,no,HIGH_OVERLAP,REVIEW_SHARED_FAQ;DIFFERENTIATE_MAIN_CONTENT;REWRITE_FOR_CUSTOMER
/klaviertransport-painten,/klaviertransport-parsberg,service,service,0.111,1.000,1.000,1.000,0,9,no,HIGH_OVERLAP,REVIEW_SHARED_FAQ;DIFFERENTIATE_MAIN_CONTENT;REWRITE_FOR_CUSTOMER
/klaviertransport-painten,/klaviertransport-passau,service,service,1.000,0.750,1.000,0.926,0,9,no,HIGH_OVERLAP,REVIEW_SHARED_FAQ;DIFFERENTIATE_MAIN_CONTENT;REWRITE_FOR_CUSTOMER
/klaviertransport-painten,/klaviertransport-pentling,service,service,1.000,1.000,1.000,1.000,0,9,no,HIGH_OVERLAP,REVIEW_SHARED_FAQ;DIFFERENTIATE_MAIN_CONTENT;REWRITE_FOR_CUSTOMER
/klaviertransport-parsberg,/klaviertransport-passau,service,service,0.111,0.750,1.000,0.926,0,9,no,HIGH_OVERLAP,REVIEW_SHARED_FAQ;DIFFERENTIATE_MAIN_CONTENT;REWRITE_FOR_CUSTOMER
/klaviertransport-parsberg,/klaviertransport-pentling,service,service,0.111,1.000,1.000,1.000,0,9,no,HIGH_OVERLAP,REVIEW_SHARED_FAQ;DIFFERENTIATE_MAIN_CONTENT;REWRITE_FOR_CUSTOMER
/klaviertransport-passau,/klaviertransport-pentling,service,service,1.000,0.750,1.000,0.926,0,9,no,HIGH_OVERLAP,REVIEW_SHARED_FAQ;DIFFERENTIATE_MAIN_CONTENT;REWRITE_FOR_CUSTOMER
/klaviertransport-pettendorf,/klaviertransport-pfaffenhofen,service,service,0.143,1.000,1.000,1.000,0,9,no,HIGH_OVERLAP,REVIEW_SHARED_FAQ;DIFFERENTIATE_MAIN_CONTENT;REWRITE_FOR_CUSTOMER
/klaviertransport-pettendorf,/klaviertransport-pfarrkirchen,service,service,0.125,1.000,1.000,1.000,0,9,no,HIGH_OVERLAP,REVIEW_SHARED_FAQ;DIFFERENTIATE_MAIN_CONTENT;REWRITE_FOR_CUSTOMER
/klaviertransport-pettendorf,/klaviertransport-pfatter,service,service,0.111,1.000,1.000,1.000,0,9,no,HIGH_OVERLAP,REVIEW_SHARED_FAQ;DIFFERENTIATE_MAIN_CONTENT;REWRITE_FOR_CUSTOMER
/klaviertransport-pettendorf,/klaviertransport-pfeffenhausen,service,service,0.111,1.000,1.000,1.000,0,9,no,HIGH_OVERLAP,REVIEW_SHARED_FAQ;DIFFERENTIATE_MAIN_CONTENT;REWRITE_FOR_CUSTOMER
/klaviertransport-pettendorf,/klaviertransport-pfreimd,service,service,1.000,1.000,1.000,1.000,0,9,no,HIGH_OVERLAP,REVIEW_SHARED_FAQ;DIFFERENTIATE_MAIN_CONTENT;REWRITE_FOR_CUSTOMER
/klaviertransport-pettendorf,/klaviertransport-pielenhofen,service,service,1.000,1.000,1.000,1.000,0,9,no,HIGH_OVERLAP,REVIEW_SHARED_FAQ;DIFFERENTIATE_MAIN_CONTENT;REWRITE_FOR_CUSTOMER
/klaviertransport-pettendorf,/klaviertransport-plattling,service,service,1.000,1.000,1.000,1.000,0,9,no,HIGH_OVERLAP,REVIEW_SHARED_FAQ;DIFFERENTIATE_MAIN_CONTENT;REWRITE_FOR_CUSTOMER
/klaviertransport-pfaffenhofen,/klaviertransport-pfarrkirchen,service,service,0.167,1.000,1.000,1.000,0,9,no,HIGH_OVERLAP,REVIEW_SHARED_FAQ;DIFFERENTIATE_MAIN_CONTENT;REWRITE_FOR_CUSTOMER
/klaviertransport-pfaffenhofen,/klaviertransport-pfatter,service,service,0.143,1.000,1.000,1.000,0,9,no,HIGH_OVERLAP,REVIEW_SHARED_FAQ;DIFFERENTIATE_MAIN_CONTENT;REWRITE_FOR_CUSTOMER
/klaviertransport-pfaffenhofen,/klaviertransport-pfeffenhausen,service,service,0.143,1.000,1.000,1.000,0,9,no,HIGH_OVERLAP,REVIEW_SHARED_FAQ;DIFFERENTIATE_MAIN_CONTENT;REWRITE_FOR_CUSTOMER
/klaviertransport-pfaffenhofen,/klaviertransport-pfreimd,service,service,0.143,1.000,1.000,1.000,0,9,no,HIGH_OVERLAP,REVIEW_SHARED_FAQ;DIFFERENTIATE_MAIN_CONTENT;REWRITE_FOR_CUSTOMER
/klaviertransport-pfaffenhofen,/klaviertransport-pielenhofen,service,service,0.143,1.000,1.000,1.000,0,9,no,HIGH_OVERLAP,REVIEW_SHARED_FAQ;DIFFERENTIATE_MAIN_CONTENT;REWRITE_FOR_CUSTOMER
/klaviertransport-pfaffenhofen,/klaviertransport-plattling,service,service,0.143,1.000,1.000,1.000,0,9,no,HIGH_OVERLAP,REVIEW_SHARED_FAQ;DIFFERENTIATE_MAIN_CONTENT;REWRITE_FOR_CUSTOMER
/klaviertransport-pfarrkirchen,/klaviertransport-pfatter,service,service,0.286,1.000,1.000,1.000,0,9,no,HIGH_OVERLAP,REVIEW_SHARED_FAQ;DIFFERENTIATE_MAIN_CONTENT;REWRITE_FOR_CUSTOMER
/klaviertransport-pfarrkirchen,/klaviertransport-pfeffenhausen,service,service,0.286,1.000,1.000,1.000,0,9,no,HIGH_OVERLAP,REVIEW_SHARED_FAQ;DIFFERENTIATE_MAIN_CONTENT;REWRITE_FOR_CUSTOMER
/klaviertransport-pfarrkirchen,/klaviertransport-pfreimd,service,service,0.125,1.000,1.000,1.000,0,9,no,HIGH_OVERLAP,REVIEW_SHARED_FAQ;DIFFERENTIATE_MAIN_CONTENT;REWRITE_FOR_CUSTOMER
/klaviertransport-pfarrkirchen,/klaviertransport-pielenhofen,service,service,0.125,1.000,1.000,1.000,0,9,no,HIGH_OVERLAP,REVIEW_SHARED_FAQ;DIFFERENTIATE_MAIN_CONTENT;REWRITE_FOR_CUSTOMER
/klaviertransport-pfarrkirchen,/klaviertransport-plattling,service,service,0.125,1.000,1.000,1.000,0,9,no,HIGH_OVERLAP,REVIEW_SHARED_FAQ;DIFFERENTIATE_MAIN_CONTENT;REWRITE_FOR_CUSTOMER
/klaviertransport-pfatter,/klaviertransport-pfeffenhausen,service,service,1.000,1.000,1.000,1.000,0,9,no,HIGH_OVERLAP,REVIEW_SHARED_FAQ;DIFFERENTIATE_MAIN_CONTENT;REWRITE_FOR_CUSTOMER
/klaviertransport-pfatter,/klaviertransport-pfreimd,service,service,0.111,1.000,1.000,1.000,0,9,no,HIGH_OVERLAP,REVIEW_SHARED_FAQ;DIFFERENTIATE_MAIN_CONTENT;REWRITE_FOR_CUSTOMER
/klaviertransport-pfatter,/klaviertransport-pielenhofen,service,service,0.111,1.000,1.000,1.000,0,9,no,HIGH_OVERLAP,REVIEW_SHARED_FAQ;DIFFERENTIATE_MAIN_CONTENT;REWRITE_FOR_CUSTOMER
/klaviertransport-pfatter,/klaviertransport-plattling,service,service,0.111,1.000,1.000,1.000,0,9,no,HIGH_OVERLAP,REVIEW_SHARED_FAQ;DIFFERENTIATE_MAIN_CONTENT;REWRITE_FOR_CUSTOMER
/klaviertransport-pfeffenhausen,/klaviertransport-pfreimd,service,service,0.111,1.000,1.000,1.000,0,9,no,HIGH_OVERLAP,REVIEW_SHARED_FAQ;DIFFERENTIATE_MAIN_CONTENT;REWRITE_FOR_CUSTOMER
/klaviertransport-pfeffenhausen,/klaviertransport-pielenhofen,service,service,0.111,1.000,1.000,1.000,0,9,no,HIGH_OVERLAP,REVIEW_SHARED_FAQ;DIFFERENTIATE_MAIN_CONTENT;REWRITE_FOR_CUSTOMER
/klaviertransport-pfeffenhausen,/klaviertransport-plattling,service,service,0.111,1.000,1.000,1.000,0,9,no,HIGH_OVERLAP,REVIEW_SHARED_FAQ;DIFFERENTIATE_MAIN_CONTENT;REWRITE_FOR_CUSTOMER
/klaviertransport-pfreimd,/klaviertransport-pielenhofen,service,service,1.000,1.000,1.000,1.000,0,9,no,HIGH_OVERLAP,REVIEW_SHARED_FAQ;DIFFERENTIATE_MAIN_CONTENT;REWRITE_FOR_CUSTOMER
/klaviertransport-pfreimd,/klaviertransport-plattling,service,service,1.000,1.000,1.000,1.000,0,9,no,HIGH_OVERLAP,REVIEW_SHARED_FAQ;DIFFERENTIATE_MAIN_CONTENT;REWRITE_FOR_CUSTOMER
/klaviertransport-pielenhofen,/klaviertransport-plattling,service,service,1.000,1.000,1.000,1.000,0,9,no,HIGH_OVERLAP,REVIEW_SHARED_FAQ;DIFFERENTIATE_MAIN_CONTENT;REWRITE_FOR_CUSTOMER
/klaviertransport-pocking,/klaviertransport-postbauer-heng,service,service,0.143,1.000,1.000,1.000,0,9,no,HIGH_OVERLAP,REVIEW_SHARED_FAQ;DIFFERENTIATE_MAIN_CONTENT;REWRITE_FOR_CUSTOMER
/klaviertransport-pocking,/klaviertransport-regen,service,service,0.125,1.000,1.000,1.000,0,9,no,HIGH_OVERLAP,REVIEW_SHARED_FAQ;DIFFERENTIATE_MAIN_CONTENT;REWRITE_FOR_CUSTOMER
/klaviertransport-pocking,/klaviertransport-regenstauf,service,service,0.143,1.000,1.000,1.000,0,9,no,HIGH_OVERLAP,REVIEW_SHARED_FAQ;DIFFERENTIATE_MAIN_CONTENT;REWRITE_FOR_CUSTOMER
/klaviertransport-pocking,/klaviertransport-riedenburg,service,service,0.125,1.000,1.000,1.000,0,9,no,HIGH_OVERLAP,REVIEW_SHARED_FAQ;DIFFERENTIATE_MAIN_CONTENT;REWRITE_FOR_CUSTOMER
/klaviertransport-pocking,/klaviertransport-riekofen,service,service,1.000,1.000,1.000,1.000,0,9,no,HIGH_OVERLAP,REVIEW_SHARED_FAQ;DIFFERENTIATE_MAIN_CONTENT;REWRITE_FOR_CUSTOMER
/klaviertransport-pocking,/klaviertransport-roding,service,service,0.125,1.000,1.000,1.000,0,9,no,HIGH_OVERLAP,REVIEW_SHARED_FAQ;DIFFERENTIATE_MAIN_CONTENT;REWRITE_FOR_CUSTOMER
/klaviertransport-pocking,/klaviertransport-rosenheim,service,service,0.111,0.750,1.000,0.906,0,9,no,HIGH_OVERLAP,REVIEW_SHARED_FAQ;DIFFERENTIATE_MAIN_CONTENT;REWRITE_FOR_CUSTOMER
/klaviertransport-postbauer-heng,/klaviertransport-regen,service,service,0.167,1.000,1.000,1.000,0,9,no,HIGH_OVERLAP,REVIEW_SHARED_FAQ;DIFFERENTIATE_MAIN_CONTENT;REWRITE_FOR_CUSTOMER
/klaviertransport-postbauer-heng,/klaviertransport-regenstauf,service,service,1.000,1.000,1.000,1.000,0,9,no,HIGH_OVERLAP,REVIEW_SHARED_FAQ;DIFFERENTIATE_MAIN_CONTENT;REWRITE_FOR_CUSTOMER
/klaviertransport-postbauer-heng,/klaviertransport-riedenburg,service,service,0.167,1.000,1.000,1.000,0,9,no,HIGH_OVERLAP,REVIEW_SHARED_FAQ;DIFFERENTIATE_MAIN_CONTENT;REWRITE_FOR_CUSTOMER
/klaviertransport-postbauer-heng,/klaviertransport-riekofen,service,service,0.143,1.000,1.000,1.000,0,9,no,HIGH_OVERLAP,REVIEW_SHARED_FAQ;DIFFERENTIATE_MAIN_CONTENT;REWRITE_FOR_CUSTOMER
/klaviertransport-postbauer-heng,/klaviertransport-roding,service,service,0.167,1.000,1.000,1.000,0,9,no,HIGH_OVERLAP,REVIEW_SHARED_FAQ;DIFFERENTIATE_MAIN_CONTENT;REWRITE_FOR_CUSTOMER
/klaviertransport-postbauer-heng,/klaviertransport-rosenheim,service,service,0.143,0.750,1.000,0.906,0,9,no,HIGH_OVERLAP,REVIEW_SHARED_FAQ;DIFFERENTIATE_MAIN_CONTENT;REWRITE_FOR_CUSTOMER
/klaviertransport-regen,/klaviertransport-regenstauf,service,service,0.167,1.000,1.000,1.000,0,9,no,HIGH_OVERLAP,REVIEW_SHARED_FAQ;DIFFERENTIATE_MAIN_CONTENT;REWRITE_FOR_CUSTOMER
/klaviertransport-regen,/klaviertransport-riedenburg,service,service,1.000,1.000,1.000,1.000,0,9,no,HIGH_OVERLAP,REVIEW_SHARED_FAQ;DIFFERENTIATE_MAIN_CONTENT;REWRITE_FOR_CUSTOMER
/klaviertransport-regen,/klaviertransport-riekofen,service,service,0.125,1.000,1.000,1.000,0,9,no,HIGH_OVERLAP,REVIEW_SHARED_FAQ;DIFFERENTIATE_MAIN_CONTENT;REWRITE_FOR_CUSTOMER
/klaviertransport-regen,/klaviertransport-roding,service,service,1.000,1.000,1.000,1.000,0,9,no,HIGH_OVERLAP,REVIEW_SHARED_FAQ;DIFFERENTIATE_MAIN_CONTENT;REWRITE_FOR_CUSTOMER
/klaviertransport-regen,/klaviertransport-rosenheim,service,service,0.286,0.750,1.000,0.906,0,9,no,HIGH_OVERLAP,REVIEW_SHARED_FAQ;DIFFERENTIATE_MAIN_CONTENT;REWRITE_FOR_CUSTOMER
/klaviertransport-regenstauf,/klaviertransport-riedenburg,service,service,0.167,1.000,1.000,1.000,0,9,no,HIGH_OVERLAP,REVIEW_SHARED_FAQ;DIFFERENTIATE_MAIN_CONTENT;REWRITE_FOR_CUSTOMER
/klaviertransport-regenstauf,/klaviertransport-riekofen,service,service,0.143,1.000,1.000,1.000,0,9,no,HIGH_OVERLAP,REVIEW_SHARED_FAQ;DIFFERENTIATE_MAIN_CONTENT;REWRITE_FOR_CUSTOMER
/klaviertransport-regenstauf,/klaviertransport-roding,service,service,0.167,1.000,1.000,1.000,0,9,no,HIGH_OVERLAP,REVIEW_SHARED_FAQ;DIFFERENTIATE_MAIN_CONTENT;REWRITE_FOR_CUSTOMER
/klaviertransport-regenstauf,/klaviertransport-rosenheim,service,service,0.143,0.750,1.000,0.906,0,9,no,HIGH_OVERLAP,REVIEW_SHARED_FAQ;DIFFERENTIATE_MAIN_CONTENT;REWRITE_FOR_CUSTOMER
/klaviertransport-riedenburg,/klaviertransport-riekofen,service,service,0.125,1.000,1.000,1.000,0,9,no,HIGH_OVERLAP,REVIEW_SHARED_FAQ;DIFFERENTIATE_MAIN_CONTENT;REWRITE_FOR_CUSTOMER
/klaviertransport-riedenburg,/klaviertransport-roding,service,service,1.000,1.000,1.000,1.000,0,9,no,HIGH_OVERLAP,REVIEW_SHARED_FAQ;DIFFERENTIATE_MAIN_CONTENT;REWRITE_FOR_CUSTOMER
/klaviertransport-riedenburg,/klaviertransport-rosenheim,service,service,0.286,0.750,1.000,0.906,0,9,no,HIGH_OVERLAP,REVIEW_SHARED_FAQ;DIFFERENTIATE_MAIN_CONTENT;REWRITE_FOR_CUSTOMER
/klaviertransport-riekofen,/klaviertransport-roding,service,service,0.125,1.000,1.000,1.000,0,9,no,HIGH_OVERLAP,REVIEW_SHARED_FAQ;DIFFERENTIATE_MAIN_CONTENT;REWRITE_FOR_CUSTOMER
/klaviertransport-riekofen,/klaviertransport-rosenheim,service,service,0.111,0.750,1.000,0.906,0,9,no,HIGH_OVERLAP,REVIEW_SHARED_FAQ;DIFFERENTIATE_MAIN_CONTENT;REWRITE_FOR_CUSTOMER
/klaviertransport-roding,/klaviertransport-rosenheim,service,service,0.286,0.750,1.000,0.906,0,9,no,HIGH_OVERLAP,REVIEW_SHARED_FAQ;DIFFERENTIATE_MAIN_CONTENT;REWRITE_FOR_CUSTOMER
/klaviertransport-roth,/klaviertransport-rottenburg-an-der-laaber,service,service,0.143,1.000,1.000,1.000,0,9,no,HIGH_OVERLAP,REVIEW_SHARED_FAQ;DIFFERENTIATE_MAIN_CONTENT;REWRITE_FOR_CUSTOMER
/klaviertransport-roth,/klaviertransport-saal-an-der-donau,service,service,1.000,1.000,1.000,1.000,0,9,no,HIGH_OVERLAP,REVIEW_SHARED_FAQ;DIFFERENTIATE_MAIN_CONTENT;REWRITE_FOR_CUSTOMER
/klaviertransport-roth,/klaviertransport-schierling,service,service,0.143,1.000,1.000,1.000,0,9,no,HIGH_OVERLAP,REVIEW_SHARED_FAQ;DIFFERENTIATE_MAIN_CONTENT;REWRITE_FOR_CUSTOMER
/klaviertransport-roth,/klaviertransport-schnaittenbach,service,service,0.125,1.000,1.000,1.000,0,9,no,HIGH_OVERLAP,REVIEW_SHARED_FAQ;DIFFERENTIATE_MAIN_CONTENT;REWRITE_FOR_CUSTOMER
/klaviertransport-roth,/klaviertransport-schwabach,service,service,0.143,1.000,1.000,1.000,0,9,no,HIGH_OVERLAP,REVIEW_SHARED_FAQ;DIFFERENTIATE_MAIN_CONTENT;REWRITE_FOR_CUSTOMER
/klaviertransport-roth,/klaviertransport-schwandorf,service,service,0.125,1.000,1.000,0.938,0,9,no,HIGH_OVERLAP,REVIEW_SHARED_FAQ;DIFFERENTIATE_MAIN_CONTENT;REWRITE_FOR_CUSTOMER
/klaviertransport-roth,/klaviertransport-schwarzenfeld,service,service,0.143,1.000,1.000,1.000,0,9,no,HIGH_OVERLAP,REVIEW_SHARED_FAQ;DIFFERENTIATE_MAIN_CONTENT;REWRITE_FOR_CUSTOMER
/klaviertransport-rottenburg-an-der-laaber,/klaviertransport-saal-an-der-donau,service,service,0.143,1.000,1.000,1.000,0,9,no,HIGH_OVERLAP,REVIEW_SHARED_FAQ;DIFFERENTIATE_MAIN_CONTENT;REWRITE_FOR_CUSTOMER
/klaviertransport-rottenburg-an-der-laaber,/klaviertransport-schierling,service,service,1.000,1.000,1.000,1.000,0,9,no,HIGH_OVERLAP,REVIEW_SHARED_FAQ;DIFFERENTIATE_MAIN_CONTENT;REWRITE_FOR_CUSTOMER
/klaviertransport-rottenburg-an-der-laaber,/klaviertransport-schnaittenbach,service,service,0.167,1.000,1.000,1.000,0,9,no,HIGH_OVERLAP,REVIEW_SHARED_FAQ;DIFFERENTIATE_MAIN_CONTENT;REWRITE_FOR_CUSTOMER
/klaviertransport-rottenburg-an-der-laaber,/klaviertransport-schwabach,service,service,1.000,1.000,1.000,1.000,0,9,no,HIGH_OVERLAP,REVIEW_SHARED_FAQ;DIFFERENTIATE_MAIN_CONTENT;REWRITE_FOR_CUSTOMER
/klaviertransport-rottenburg-an-der-laaber,/klaviertransport-schwandorf,service,service,0.167,1.000,1.000,0.938,0,9,no,HIGH_OVERLAP,REVIEW_SHARED_FAQ;DIFFERENTIATE_MAIN_CONTENT;REWRITE_FOR_CUSTOMER
/klaviertransport-rottenburg-an-der-laaber,/klaviertransport-schwarzenfeld,service,service,1.000,1.000,1.000,1.000,0,9,no,HIGH_OVERLAP,REVIEW_SHARED_FAQ;DIFFERENTIATE_MAIN_CONTENT;REWRITE_FOR_CUSTOMER
/klaviertransport-saal-an-der-donau,/klaviertransport-schierling,service,service,0.143,1.000,1.000,1.000,0,9,no,HIGH_OVERLAP,REVIEW_SHARED_FAQ;DIFFERENTIATE_MAIN_CONTENT;REWRITE_FOR_CUSTOMER
/klaviertransport-saal-an-der-donau,/klaviertransport-schnaittenbach,service,service,0.125,1.000,1.000,1.000,0,9,no,HIGH_OVERLAP,REVIEW_SHARED_FAQ;DIFFERENTIATE_MAIN_CONTENT;REWRITE_FOR_CUSTOMER
/klaviertransport-saal-an-der-donau,/klaviertransport-schwabach,service,service,0.143,1.000,1.000,1.000,0,9,no,HIGH_OVERLAP,REVIEW_SHARED_FAQ;DIFFERENTIATE_MAIN_CONTENT;REWRITE_FOR_CUSTOMER
/klaviertransport-saal-an-der-donau,/klaviertransport-schwandorf,service,service,0.125,1.000,1.000,0.938,0,9,no,HIGH_OVERLAP,REVIEW_SHARED_FAQ;DIFFERENTIATE_MAIN_CONTENT;REWRITE_FOR_CUSTOMER
/klaviertransport-saal-an-der-donau,/klaviertransport-schwarzenfeld,service,service,0.143,1.000,1.000,1.000,0,9,no,HIGH_OVERLAP,REVIEW_SHARED_FAQ;DIFFERENTIATE_MAIN_CONTENT;REWRITE_FOR_CUSTOMER
/klaviertransport-schierling,/klaviertransport-schnaittenbach,service,service,0.167,1.000,1.000,1.000,0,9,no,HIGH_OVERLAP,REVIEW_SHARED_FAQ;DIFFERENTIATE_MAIN_CONTENT;REWRITE_FOR_CUSTOMER
/klaviertransport-schierling,/klaviertransport-schwabach,service,service,1.000,1.000,1.000,1.000,0,9,no,HIGH_OVERLAP,REVIEW_SHARED_FAQ;DIFFERENTIATE_MAIN_CONTENT;REWRITE_FOR_CUSTOMER
/klaviertransport-schierling,/klaviertransport-schwandorf,service,service,0.167,1.000,1.000,0.938,0,9,no,HIGH_OVERLAP,REVIEW_SHARED_FAQ;DIFFERENTIATE_MAIN_CONTENT;REWRITE_FOR_CUSTOMER
/klaviertransport-schierling,/klaviertransport-schwarzenfeld,service,service,1.000,1.000,1.000,1.000,0,9,no,HIGH_OVERLAP,REVIEW_SHARED_FAQ;DIFFERENTIATE_MAIN_CONTENT;REWRITE_FOR_CUSTOMER
/klaviertransport-schnaittenbach,/klaviertransport-schwabach,service,service,0.167,1.000,1.000,1.000,0,9,no,HIGH_OVERLAP,REVIEW_SHARED_FAQ;DIFFERENTIATE_MAIN_CONTENT;REWRITE_FOR_CUSTOMER
/klaviertransport-schnaittenbach,/klaviertransport-schwandorf,service,service,1.000,1.000,1.000,0.938,0,9,no,HIGH_OVERLAP,REVIEW_SHARED_FAQ;DIFFERENTIATE_MAIN_CONTENT;REWRITE_FOR_CUSTOMER
/klaviertransport-schnaittenbach,/klaviertransport-schwarzenfeld,service,service,0.167,1.000,1.000,1.000,0,9,no,HIGH_OVERLAP,REVIEW_SHARED_FAQ;DIFFERENTIATE_MAIN_CONTENT;REWRITE_FOR_CUSTOMER
/klaviertransport-schwabach,/klaviertransport-schwandorf,service,service,0.167,1.000,1.000,0.938,0,9,no,HIGH_OVERLAP,REVIEW_SHARED_FAQ;DIFFERENTIATE_MAIN_CONTENT;REWRITE_FOR_CUSTOMER
/klaviertransport-schwabach,/klaviertransport-schwarzenfeld,service,service,1.000,1.000,1.000,1.000,0,9,no,HIGH_OVERLAP,REVIEW_SHARED_FAQ;DIFFERENTIATE_MAIN_CONTENT;REWRITE_FOR_CUSTOMER
/klaviertransport-schwandorf,/klaviertransport-schwarzenfeld,service,service,0.167,1.000,1.000,0.938,0,9,no,HIGH_OVERLAP,REVIEW_SHARED_FAQ;DIFFERENTIATE_MAIN_CONTENT;REWRITE_FOR_CUSTOMER
/klaviertransport-schweinfurt,/klaviertransport-seubersdorf,service,service,0.143,1.000,1.000,1.000,0,9,no,HIGH_OVERLAP,REVIEW_SHARED_FAQ;DIFFERENTIATE_MAIN_CONTENT;REWRITE_FOR_CUSTOMER
/klaviertransport-schweinfurt,/klaviertransport-simbach-am-inn,service,service,1.000,1.000,1.000,1.000,0,9,no,HIGH_OVERLAP,REVIEW_SHARED_FAQ;DIFFERENTIATE_MAIN_CONTENT;REWRITE_FOR_CUSTOMER
/klaviertransport-schweinfurt,/klaviertransport-sinzing,service,service,1.000,1.000,1.000,1.000,0,9,no,HIGH_OVERLAP,REVIEW_SHARED_FAQ;DIFFERENTIATE_MAIN_CONTENT;REWRITE_FOR_CUSTOMER
/klaviertransport-schweinfurt,/klaviertransport-starnberg,service,service,1.000,1.000,1.000,0.927,0,9,no,HIGH_OVERLAP,REVIEW_SHARED_FAQ;DIFFERENTIATE_MAIN_CONTENT;REWRITE_FOR_CUSTOMER
/klaviertransport-schweinfurt,/klaviertransport-steinberg-am-see,service,service,1.000,1.000,1.000,1.000,0,9,no,HIGH_OVERLAP,REVIEW_SHARED_FAQ;DIFFERENTIATE_MAIN_CONTENT;REWRITE_FOR_CUSTOMER
/klaviertransport-schweinfurt,/klaviertransport-straubing,service,service,0.286,0.750,1.000,0.926,0,9,no,HIGH_OVERLAP,REVIEW_SHARED_FAQ;DIFFERENTIATE_MAIN_CONTENT;REWRITE_FOR_CUSTOMER
/klaviertransport-schweinfurt,/klaviertransport-suenching,service,service,0.143,1.000,1.000,1.000,0,9,no,HIGH_OVERLAP,REVIEW_SHARED_FAQ;DIFFERENTIATE_MAIN_CONTENT;REWRITE_FOR_CUSTOMER
/klaviertransport-seubersdorf,/klaviertransport-simbach-am-inn,service,service,0.143,1.000,1.000,1.000,0,9,no,HIGH_OVERLAP,REVIEW_SHARED_FAQ;DIFFERENTIATE_MAIN_CONTENT;REWRITE_FOR_CUSTOMER
/klaviertransport-seubersdorf,/klaviertransport-sinzing,service,service,0.143,1.000,1.000,1.000,0,9,no,HIGH_OVERLAP,REVIEW_SHARED_FAQ;DIFFERENTIATE_MAIN_CONTENT;REWRITE_FOR_CUSTOMER
/klaviertransport-seubersdorf,/klaviertransport-starnberg,service,service,0.143,1.000,1.000,0.927,0,9,no,HIGH_OVERLAP,REVIEW_SHARED_FAQ;DIFFERENTIATE_MAIN_CONTENT;REWRITE_FOR_CUSTOMER
/klaviertransport-seubersdorf,/klaviertransport-steinberg-am-see,service,service,0.143,1.000,1.000,1.000,0,9,no,HIGH_OVERLAP,REVIEW_SHARED_FAQ;DIFFERENTIATE_MAIN_CONTENT;REWRITE_FOR_CUSTOMER
/klaviertransport-seubersdorf,/klaviertransport-straubing,service,service,0.167,0.750,1.000,0.926,0,9,no,HIGH_OVERLAP,REVIEW_SHARED_FAQ;DIFFERENTIATE_MAIN_CONTENT;REWRITE_FOR_CUSTOMER
/klaviertransport-seubersdorf,/klaviertransport-suenching,service,service,1.000,1.000,1.000,1.000,0,9,no,HIGH_OVERLAP,REVIEW_SHARED_FAQ;DIFFERENTIATE_MAIN_CONTENT;REWRITE_FOR_CUSTOMER
/klaviertransport-simbach-am-inn,/klaviertransport-sinzing,service,service,1.000,1.000,1.000,1.000,0,9,no,HIGH_OVERLAP,REVIEW_SHARED_FAQ;DIFFERENTIATE_MAIN_CONTENT;REWRITE_FOR_CUSTOMER
/klaviertransport-simbach-am-inn,/klaviertransport-starnberg,service,service,1.000,1.000,1.000,0.927,0,9,no,HIGH_OVERLAP,REVIEW_SHARED_FAQ;DIFFERENTIATE_MAIN_CONTENT;REWRITE_FOR_CUSTOMER
/klaviertransport-simbach-am-inn,/klaviertransport-steinberg-am-see,service,service,1.000,1.000,1.000,1.000,0,9,no,HIGH_OVERLAP,REVIEW_SHARED_FAQ;DIFFERENTIATE_MAIN_CONTENT;REWRITE_FOR_CUSTOMER
/klaviertransport-simbach-am-inn,/klaviertransport-straubing,service,service,0.286,0.750,1.000,0.926,0,9,no,HIGH_OVERLAP,REVIEW_SHARED_FAQ;DIFFERENTIATE_MAIN_CONTENT;REWRITE_FOR_CUSTOMER
/klaviertransport-simbach-am-inn,/klaviertransport-suenching,service,service,0.143,1.000,1.000,1.000,0,9,no,HIGH_OVERLAP,REVIEW_SHARED_FAQ;DIFFERENTIATE_MAIN_CONTENT;REWRITE_FOR_CUSTOMER
/klaviertransport-sinzing,/klaviertransport-starnberg,service,service,1.000,1.000,1.000,0.927,0,9,no,HIGH_OVERLAP,REVIEW_SHARED_FAQ;DIFFERENTIATE_MAIN_CONTENT;REWRITE_FOR_CUSTOMER
/klaviertransport-sinzing,/klaviertransport-steinberg-am-see,service,service,1.000,1.000,1.000,1.000,0,9,no,HIGH_OVERLAP,REVIEW_SHARED_FAQ;DIFFERENTIATE_MAIN_CONTENT;REWRITE_FOR_CUSTOMER
/klaviertransport-sinzing,/klaviertransport-straubing,service,service,0.286,0.750,1.000,0.926,0,9,no,HIGH_OVERLAP,REVIEW_SHARED_FAQ;DIFFERENTIATE_MAIN_CONTENT;REWRITE_FOR_CUSTOMER
/klaviertransport-sinzing,/klaviertransport-suenching,service,service,0.143,1.000,1.000,1.000,0,9,no,HIGH_OVERLAP,REVIEW_SHARED_FAQ;DIFFERENTIATE_MAIN_CONTENT;REWRITE_FOR_CUSTOMER
/klaviertransport-starnberg,/klaviertransport-steinberg-am-see,service,service,1.000,1.000,1.000,0.927,0,9,no,HIGH_OVERLAP,REVIEW_SHARED_FAQ;DIFFERENTIATE_MAIN_CONTENT;REWRITE_FOR_CUSTOMER
/klaviertransport-starnberg,/klaviertransport-straubing,service,service,0.286,0.750,1.000,0.932,0,9,no,HIGH_OVERLAP,REVIEW_SHARED_FAQ;DIFFERENTIATE_MAIN_CONTENT;REWRITE_FOR_CUSTOMER
/klaviertransport-starnberg,/klaviertransport-suenching,service,service,0.143,1.000,1.000,0.927,0,9,no,HIGH_OVERLAP,REVIEW_SHARED_FAQ;DIFFERENTIATE_MAIN_CONTENT;REWRITE_FOR_CUSTOMER
/klaviertransport-steinberg-am-see,/klaviertransport-straubing,service,service,0.286,0.750,1.000,0.926,0,9,no,HIGH_OVERLAP,REVIEW_SHARED_FAQ;DIFFERENTIATE_MAIN_CONTENT;REWRITE_FOR_CUSTOMER
/klaviertransport-steinberg-am-see,/klaviertransport-suenching,service,service,0.143,1.000,1.000,1.000,0,9,no,HIGH_OVERLAP,REVIEW_SHARED_FAQ;DIFFERENTIATE_MAIN_CONTENT;REWRITE_FOR_CUSTOMER
/klaviertransport-straubing,/klaviertransport-suenching,service,service,0.167,0.750,1.000,0.926,0,9,no,HIGH_OVERLAP,REVIEW_SHARED_FAQ;DIFFERENTIATE_MAIN_CONTENT;REWRITE_FOR_CUSTOMER
/klaviertransport-sulzbach-rosenberg,/klaviertransport-tegernheim,service,service,0.143,1.000,1.000,1.000,0,9,no,HIGH_OVERLAP,REVIEW_SHARED_FAQ;DIFFERENTIATE_MAIN_CONTENT;REWRITE_FOR_CUSTOMER
/klaviertransport-sulzbach-rosenberg,/klaviertransport-teublitz,service,service,0.111,1.000,1.000,1.000,0,9,no,HIGH_OVERLAP,REVIEW_SHARED_FAQ;DIFFERENTIATE_MAIN_CONTENT;REWRITE_FOR_CUSTOMER
/klaviertransport-sulzbach-rosenberg,/klaviertransport-thalmassing,service,service,0.111,1.000,1.000,1.000,0,9,no,HIGH_OVERLAP,REVIEW_SHARED_FAQ;DIFFERENTIATE_MAIN_CONTENT;REWRITE_FOR_CUSTOMER
/klaviertransport-sulzbach-rosenberg,/klaviertransport-tirschenreuth,service,service,0.143,1.000,1.000,1.000,0,9,no,HIGH_OVERLAP,REVIEW_SHARED_FAQ;DIFFERENTIATE_MAIN_CONTENT;REWRITE_FOR_CUSTOMER
/klaviertransport-sulzbach-rosenberg,/klaviertransport-unterhaching,service,service,0.143,1.000,1.000,1.000,0,9,no,HIGH_OVERLAP,REVIEW_SHARED_FAQ;DIFFERENTIATE_MAIN_CONTENT;REWRITE_FOR_CUSTOMER
/klaviertransport-sulzbach-rosenberg,/klaviertransport-velburg,service,service,0.286,1.000,1.000,1.000,0,9,no,HIGH_OVERLAP,REVIEW_SHARED_FAQ;DIFFERENTIATE_MAIN_CONTENT;REWRITE_FOR_CUSTOMER
/klaviertransport-sulzbach-rosenberg,/klaviertransport-viechtach,service,service,0.286,1.000,1.000,1.000,0,9,no,HIGH_OVERLAP,REVIEW_SHARED_FAQ;DIFFERENTIATE_MAIN_CONTENT;REWRITE_FOR_CUSTOMER
/klaviertransport-tegernheim,/klaviertransport-teublitz,service,service,0.143,1.000,1.000,1.000,0,9,no,HIGH_OVERLAP,REVIEW_SHARED_FAQ;DIFFERENTIATE_MAIN_CONTENT;REWRITE_FOR_CUSTOMER
/klaviertransport-tegernheim,/klaviertransport-thalmassing,service,service,0.143,1.000,1.000,1.000,0,9,no,HIGH_OVERLAP,REVIEW_SHARED_FAQ;DIFFERENTIATE_MAIN_CONTENT;REWRITE_FOR_CUSTOMER
/klaviertransport-tegernheim,/klaviertransport-tirschenreuth,service,service,1.000,1.000,1.000,1.000,0,9,no,HIGH_OVERLAP,REVIEW_SHARED_FAQ;DIFFERENTIATE_MAIN_CONTENT;REWRITE_FOR_CUSTOMER
/klaviertransport-tegernheim,/klaviertransport-unterhaching,service,service,1.000,1.000,1.000,1.000,0,9,no,HIGH_OVERLAP,REVIEW_SHARED_FAQ;DIFFERENTIATE_MAIN_CONTENT;REWRITE_FOR_CUSTOMER
/klaviertransport-tegernheim,/klaviertransport-velburg,service,service,0.167,1.000,1.000,1.000,0,9,no,HIGH_OVERLAP,REVIEW_SHARED_FAQ;DIFFERENTIATE_MAIN_CONTENT;REWRITE_FOR_CUSTOMER
/klaviertransport-tegernheim,/klaviertransport-viechtach,service,service,0.167,1.000,1.000,1.000,0,9,no,HIGH_OVERLAP,REVIEW_SHARED_FAQ;DIFFERENTIATE_MAIN_CONTENT;REWRITE_FOR_CUSTOMER
/klaviertransport-teublitz,/klaviertransport-thalmassing,service,service,1.000,1.000,1.000,1.000,0,9,no,HIGH_OVERLAP,REVIEW_SHARED_FAQ;DIFFERENTIATE_MAIN_CONTENT;REWRITE_FOR_CUSTOMER
/klaviertransport-teublitz,/klaviertransport-tirschenreuth,service,service,0.143,1.000,1.000,1.000,0,9,no,HIGH_OVERLAP,REVIEW_SHARED_FAQ;DIFFERENTIATE_MAIN_CONTENT;REWRITE_FOR_CUSTOMER
/klaviertransport-teublitz,/klaviertransport-unterhaching,service,service,0.143,1.000,1.000,1.000,0,9,no,HIGH_OVERLAP,REVIEW_SHARED_FAQ;DIFFERENTIATE_MAIN_CONTENT;REWRITE_FOR_CUSTOMER
/klaviertransport-teublitz,/klaviertransport-velburg,service,service,0.125,1.000,1.000,1.000,0,9,no,HIGH_OVERLAP,REVIEW_SHARED_FAQ;DIFFERENTIATE_MAIN_CONTENT;REWRITE_FOR_CUSTOMER
/klaviertransport-teublitz,/klaviertransport-viechtach,service,service,0.125,1.000,1.000,1.000,0,9,no,HIGH_OVERLAP,REVIEW_SHARED_FAQ;DIFFERENTIATE_MAIN_CONTENT;REWRITE_FOR_CUSTOMER
/klaviertransport-thalmassing,/klaviertransport-tirschenreuth,service,service,0.143,1.000,1.000,1.000,0,9,no,HIGH_OVERLAP,REVIEW_SHARED_FAQ;DIFFERENTIATE_MAIN_CONTENT;REWRITE_FOR_CUSTOMER
/klaviertransport-thalmassing,/klaviertransport-unterhaching,service,service,0.143,1.000,1.000,1.000,0,9,no,HIGH_OVERLAP,REVIEW_SHARED_FAQ;DIFFERENTIATE_MAIN_CONTENT;REWRITE_FOR_CUSTOMER
/klaviertransport-thalmassing,/klaviertransport-velburg,service,service,0.125,1.000,1.000,1.000,0,9,no,HIGH_OVERLAP,REVIEW_SHARED_FAQ;DIFFERENTIATE_MAIN_CONTENT;REWRITE_FOR_CUSTOMER
/klaviertransport-thalmassing,/klaviertransport-viechtach,service,service,0.125,1.000,1.000,1.000,0,9,no,HIGH_OVERLAP,REVIEW_SHARED_FAQ;DIFFERENTIATE_MAIN_CONTENT;REWRITE_FOR_CUSTOMER
/klaviertransport-tirschenreuth,/klaviertransport-unterhaching,service,service,1.000,1.000,1.000,1.000,0,9,no,HIGH_OVERLAP,REVIEW_SHARED_FAQ;DIFFERENTIATE_MAIN_CONTENT;REWRITE_FOR_CUSTOMER
/klaviertransport-tirschenreuth,/klaviertransport-velburg,service,service,0.167,1.000,1.000,1.000,0,9,no,HIGH_OVERLAP,REVIEW_SHARED_FAQ;DIFFERENTIATE_MAIN_CONTENT;REWRITE_FOR_CUSTOMER
/klaviertransport-tirschenreuth,/klaviertransport-viechtach,service,service,0.167,1.000,1.000,1.000,0,9,no,HIGH_OVERLAP,REVIEW_SHARED_FAQ;DIFFERENTIATE_MAIN_CONTENT;REWRITE_FOR_CUSTOMER
/klaviertransport-unterhaching,/klaviertransport-velburg,service,service,0.167,1.000,1.000,1.000,0,9,no,HIGH_OVERLAP,REVIEW_SHARED_FAQ;DIFFERENTIATE_MAIN_CONTENT;REWRITE_FOR_CUSTOMER
/klaviertransport-unterhaching,/klaviertransport-viechtach,service,service,0.167,1.000,1.000,1.000,0,9,no,HIGH_OVERLAP,REVIEW_SHARED_FAQ;DIFFERENTIATE_MAIN_CONTENT;REWRITE_FOR_CUSTOMER
/klaviertransport-velburg,/klaviertransport-viechtach,service,service,1.000,1.000,1.000,1.000,0,9,no,HIGH_OVERLAP,REVIEW_SHARED_FAQ;DIFFERENTIATE_MAIN_CONTENT;REWRITE_FOR_CUSTOMER
/klaviertransport-vilsbiburg,/klaviertransport-vilseck,service,service,1.000,1.000,1.000,1.000,0,9,no,HIGH_OVERLAP,REVIEW_SHARED_FAQ;DIFFERENTIATE_MAIN_CONTENT;REWRITE_FOR_CUSTOMER
/klaviertransport-vilsbiburg,/klaviertransport-vilshofen,service,service,0.143,1.000,1.000,1.000,0,9,no,HIGH_OVERLAP,REVIEW_SHARED_FAQ;DIFFERENTIATE_MAIN_CONTENT;REWRITE_FOR_CUSTOMER
/klaviertransport-vilsbiburg,/klaviertransport-vohburg,service,service,1.000,1.000,1.000,1.000,0,9,no,HIGH_OVERLAP,REVIEW_SHARED_FAQ;DIFFERENTIATE_MAIN_CONTENT;REWRITE_FOR_CUSTOMER
/klaviertransport-vilsbiburg,/klaviertransport-vohenstrauss,service,service,1.000,1.000,1.000,1.000,0,9,no,HIGH_OVERLAP,REVIEW_SHARED_FAQ;DIFFERENTIATE_MAIN_CONTENT;REWRITE_FOR_CUSTOMER
/klaviertransport-vilsbiburg,/klaviertransport-wackersdorf,service,service,1.000,1.000,1.000,1.000,0,9,no,HIGH_OVERLAP,REVIEW_SHARED_FAQ;DIFFERENTIATE_MAIN_CONTENT;REWRITE_FOR_CUSTOMER
/klaviertransport-vilsbiburg,/klaviertransport-waldkirchen,service,service,0.111,1.000,1.000,1.000,0,9,no,HIGH_OVERLAP,REVIEW_SHARED_FAQ;DIFFERENTIATE_MAIN_CONTENT;REWRITE_FOR_CUSTOMER
/klaviertransport-vilsbiburg,/klaviertransport-waldmuenchen,service,service,1.000,1.000,1.000,0.927,0,9,no,HIGH_OVERLAP,REVIEW_SHARED_FAQ;DIFFERENTIATE_MAIN_CONTENT;REWRITE_FOR_CUSTOMER
/klaviertransport-vilseck,/klaviertransport-vilshofen,service,service,0.143,1.000,1.000,1.000,0,9,no,HIGH_OVERLAP,REVIEW_SHARED_FAQ;DIFFERENTIATE_MAIN_CONTENT;REWRITE_FOR_CUSTOMER
/klaviertransport-vilseck,/klaviertransport-vohburg,service,service,1.000,1.000,1.000,1.000,0,9,no,HIGH_OVERLAP,REVIEW_SHARED_FAQ;DIFFERENTIATE_MAIN_CONTENT;REWRITE_FOR_CUSTOMER
/klaviertransport-vilseck,/klaviertransport-vohenstrauss,service,service,1.000,1.000,1.000,1.000,0,9,no,HIGH_OVERLAP,REVIEW_SHARED_FAQ;DIFFERENTIATE_MAIN_CONTENT;REWRITE_FOR_CUSTOMER
/klaviertransport-vilseck,/klaviertransport-wackersdorf,service,service,1.000,1.000,1.000,1.000,0,9,no,HIGH_OVERLAP,REVIEW_SHARED_FAQ;DIFFERENTIATE_MAIN_CONTENT;REWRITE_FOR_CUSTOMER
/klaviertransport-vilseck,/klaviertransport-waldkirchen,service,service,0.111,1.000,1.000,1.000,0,9,no,HIGH_OVERLAP,REVIEW_SHARED_FAQ;DIFFERENTIATE_MAIN_CONTENT;REWRITE_FOR_CUSTOMER
/klaviertransport-vilseck,/klaviertransport-waldmuenchen,service,service,1.000,1.000,1.000,0.927,0,9,no,HIGH_OVERLAP,REVIEW_SHARED_FAQ;DIFFERENTIATE_MAIN_CONTENT;REWRITE_FOR_CUSTOMER
/klaviertransport-vilshofen,/klaviertransport-vohburg,service,service,0.143,1.000,1.000,1.000,0,9,no,HIGH_OVERLAP,REVIEW_SHARED_FAQ;DIFFERENTIATE_MAIN_CONTENT;REWRITE_FOR_CUSTOMER
/klaviertransport-vilshofen,/klaviertransport-vohenstrauss,service,service,0.143,1.000,1.000,1.000,0,9,no,HIGH_OVERLAP,REVIEW_SHARED_FAQ;DIFFERENTIATE_MAIN_CONTENT;REWRITE_FOR_CUSTOMER
/klaviertransport-vilshofen,/klaviertransport-wackersdorf,service,service,0.143,1.000,1.000,1.000,0,9,no,HIGH_OVERLAP,REVIEW_SHARED_FAQ;DIFFERENTIATE_MAIN_CONTENT;REWRITE_FOR_CUSTOMER
/klaviertransport-vilshofen,/klaviertransport-waldkirchen,service,service,0.143,1.000,1.000,1.000,0,9,no,HIGH_OVERLAP,REVIEW_SHARED_FAQ;DIFFERENTIATE_MAIN_CONTENT;REWRITE_FOR_CUSTOMER
/klaviertransport-vilshofen,/klaviertransport-waldmuenchen,service,service,0.143,1.000,1.000,0.927,0,9,no,HIGH_OVERLAP,REVIEW_SHARED_FAQ;DIFFERENTIATE_MAIN_CONTENT;REWRITE_FOR_CUSTOMER
/klaviertransport-vohburg,/klaviertransport-vohenstrauss,service,service,1.000,1.000,1.000,1.000,0,9,no,HIGH_OVERLAP,REVIEW_SHARED_FAQ;DIFFERENTIATE_MAIN_CONTENT;REWRITE_FOR_CUSTOMER
/klaviertransport-vohburg,/klaviertransport-wackersdorf,service,service,1.000,1.000,1.000,1.000,0,9,no,HIGH_OVERLAP,REVIEW_SHARED_FAQ;DIFFERENTIATE_MAIN_CONTENT;REWRITE_FOR_CUSTOMER
/klaviertransport-vohburg,/klaviertransport-waldkirchen,service,service,0.111,1.000,1.000,1.000,0,9,no,HIGH_OVERLAP,REVIEW_SHARED_FAQ;DIFFERENTIATE_MAIN_CONTENT;REWRITE_FOR_CUSTOMER
/klaviertransport-vohburg,/klaviertransport-waldmuenchen,service,service,1.000,1.000,1.000,0.927,0,9,no,HIGH_OVERLAP,REVIEW_SHARED_FAQ;DIFFERENTIATE_MAIN_CONTENT;REWRITE_FOR_CUSTOMER
/klaviertransport-vohenstrauss,/klaviertransport-wackersdorf,service,service,1.000,1.000,1.000,1.000,0,9,no,HIGH_OVERLAP,REVIEW_SHARED_FAQ;DIFFERENTIATE_MAIN_CONTENT;REWRITE_FOR_CUSTOMER
/klaviertransport-vohenstrauss,/klaviertransport-waldkirchen,service,service,0.111,1.000,1.000,1.000,0,9,no,HIGH_OVERLAP,REVIEW_SHARED_FAQ;DIFFERENTIATE_MAIN_CONTENT;REWRITE_FOR_CUSTOMER
/klaviertransport-vohenstrauss,/klaviertransport-waldmuenchen,service,service,1.000,1.000,1.000,0.927,0,9,no,HIGH_OVERLAP,REVIEW_SHARED_FAQ;DIFFERENTIATE_MAIN_CONTENT;REWRITE_FOR_CUSTOMER
/klaviertransport-wackersdorf,/klaviertransport-waldkirchen,service,service,0.111,1.000,1.000,1.000,0,9,no,HIGH_OVERLAP,REVIEW_SHARED_FAQ;DIFFERENTIATE_MAIN_CONTENT;REWRITE_FOR_CUSTOMER
/klaviertransport-wackersdorf,/klaviertransport-waldmuenchen,service,service,1.000,1.000,1.000,0.927,0,9,no,HIGH_OVERLAP,REVIEW_SHARED_FAQ;DIFFERENTIATE_MAIN_CONTENT;REWRITE_FOR_CUSTOMER
/klaviertransport-waldkirchen,/klaviertransport-waldmuenchen,service,service,0.111,1.000,1.000,0.927,0,9,no,HIGH_OVERLAP,REVIEW_SHARED_FAQ;DIFFERENTIATE_MAIN_CONTENT;REWRITE_FOR_CUSTOMER
/klaviertransport-weiden,/klaviertransport-weilheim-in-oberbayern,service,service,0.143,0.750,1.000,0.906,0,9,no,HIGH_OVERLAP,REVIEW_SHARED_FAQ;DIFFERENTIATE_MAIN_CONTENT;REWRITE_FOR_CUSTOMER
/klaviertransport-weiden,/klaviertransport-wendelstein,service,service,0.143,0.750,1.000,0.917,0,9,no,HIGH_OVERLAP,REVIEW_SHARED_FAQ;DIFFERENTIATE_MAIN_CONTENT;REWRITE_FOR_CUSTOMER
/klaviertransport-weiden,/klaviertransport-wenzenbach,service,service,0.286,0.750,1.000,0.917,0,9,no,HIGH_OVERLAP,REVIEW_SHARED_FAQ;DIFFERENTIATE_MAIN_CONTENT;REWRITE_FOR_CUSTOMER
/klaviertransport-weiden,/klaviertransport-wernberg-koeblitz,service,service,0.111,0.750,1.000,0.917,0,9,no,HIGH_OVERLAP,REVIEW_SHARED_FAQ;DIFFERENTIATE_MAIN_CONTENT;REWRITE_FOR_CUSTOMER
/klaviertransport-weiden,/klaviertransport-wiesent,service,service,0.111,0.750,1.000,0.917,0,9,no,HIGH_OVERLAP,REVIEW_SHARED_FAQ;DIFFERENTIATE_MAIN_CONTENT;REWRITE_FOR_CUSTOMER
/klaviertransport-weiden,/klaviertransport-windischeschenbach,service,service,0.286,0.750,1.000,0.917,0,9,no,HIGH_OVERLAP,REVIEW_SHARED_FAQ;DIFFERENTIATE_MAIN_CONTENT;REWRITE_FOR_CUSTOMER
/klaviertransport-weiden,/klaviertransport-woerth-an-der-donau,service,service,0.111,0.750,1.000,0.917,0,9,no,HIGH_OVERLAP,REVIEW_SHARED_FAQ;DIFFERENTIATE_MAIN_CONTENT;REWRITE_FOR_CUSTOMER
/klaviertransport-weilheim-in-oberbayern,/klaviertransport-wendelstein,service,service,1.000,1.000,1.000,0.988,0,9,no,HIGH_OVERLAP,REVIEW_SHARED_FAQ;DIFFERENTIATE_MAIN_CONTENT;REWRITE_FOR_CUSTOMER
/klaviertransport-weilheim-in-oberbayern,/klaviertransport-wenzenbach,service,service,0.167,1.000,1.000,0.988,0,9,no,HIGH_OVERLAP,REVIEW_SHARED_FAQ;DIFFERENTIATE_MAIN_CONTENT;REWRITE_FOR_CUSTOMER
/klaviertransport-weilheim-in-oberbayern,/klaviertransport-wernberg-koeblitz,service,service,0.143,1.000,1.000,0.988,0,9,no,HIGH_OVERLAP,REVIEW_SHARED_FAQ;DIFFERENTIATE_MAIN_CONTENT;REWRITE_FOR_CUSTOMER
/klaviertransport-weilheim-in-oberbayern,/klaviertransport-wiesent,service,service,0.143,1.000,1.000,0.988,0,9,no,HIGH_OVERLAP,REVIEW_SHARED_FAQ;DIFFERENTIATE_MAIN_CONTENT;REWRITE_FOR_CUSTOMER
/klaviertransport-weilheim-in-oberbayern,/klaviertransport-windischeschenbach,service,service,0.167,1.000,1.000,0.988,0,9,no,HIGH_OVERLAP,REVIEW_SHARED_FAQ;DIFFERENTIATE_MAIN_CONTENT;REWRITE_FOR_CUSTOMER
/klaviertransport-weilheim-in-oberbayern,/klaviertransport-woerth-an-der-donau,service,service,0.143,1.000,1.000,0.988,0,9,no,HIGH_OVERLAP,REVIEW_SHARED_FAQ;DIFFERENTIATE_MAIN_CONTENT;REWRITE_FOR_CUSTOMER
/klaviertransport-wendelstein,/klaviertransport-wenzenbach,service,service,0.167,1.000,1.000,1.000,0,9,no,HIGH_OVERLAP,REVIEW_SHARED_FAQ;DIFFERENTIATE_MAIN_CONTENT;REWRITE_FOR_CUSTOMER
/klaviertransport-wendelstein,/klaviertransport-wernberg-koeblitz,service,service,0.143,1.000,1.000,1.000,0,9,no,HIGH_OVERLAP,REVIEW_SHARED_FAQ;DIFFERENTIATE_MAIN_CONTENT;REWRITE_FOR_CUSTOMER
/klaviertransport-wendelstein,/klaviertransport-wiesent,service,service,0.143,1.000,1.000,1.000,0,9,no,HIGH_OVERLAP,REVIEW_SHARED_FAQ;DIFFERENTIATE_MAIN_CONTENT;REWRITE_FOR_CUSTOMER
/klaviertransport-wendelstein,/klaviertransport-windischeschenbach,service,service,0.167,1.000,1.000,1.000,0,9,no,HIGH_OVERLAP,REVIEW_SHARED_FAQ;DIFFERENTIATE_MAIN_CONTENT;REWRITE_FOR_CUSTOMER
/klaviertransport-wendelstein,/klaviertransport-woerth-an-der-donau,service,service,0.143,1.000,1.000,1.000,0,9,no,HIGH_OVERLAP,REVIEW_SHARED_FAQ;DIFFERENTIATE_MAIN_CONTENT;REWRITE_FOR_CUSTOMER
/klaviertransport-wenzenbach,/klaviertransport-wernberg-koeblitz,service,service,0.125,1.000,1.000,1.000,0,9,no,HIGH_OVERLAP,REVIEW_SHARED_FAQ;DIFFERENTIATE_MAIN_CONTENT;REWRITE_FOR_CUSTOMER
/klaviertransport-wenzenbach,/klaviertransport-wiesent,service,service,0.125,1.000,1.000,1.000,0,9,no,HIGH_OVERLAP,REVIEW_SHARED_FAQ;DIFFERENTIATE_MAIN_CONTENT;REWRITE_FOR_CUSTOMER
/klaviertransport-wenzenbach,/klaviertransport-windischeschenbach,service,service,1.000,1.000,1.000,1.000,0,9,no,HIGH_OVERLAP,REVIEW_SHARED_FAQ;DIFFERENTIATE_MAIN_CONTENT;REWRITE_FOR_CUSTOMER
/klaviertransport-wenzenbach,/klaviertransport-woerth-an-der-donau,service,service,0.125,1.000,1.000,1.000,0,9,no,HIGH_OVERLAP,REVIEW_SHARED_FAQ;DIFFERENTIATE_MAIN_CONTENT;REWRITE_FOR_CUSTOMER
/klaviertransport-wernberg-koeblitz,/klaviertransport-wiesent,service,service,1.000,1.000,1.000,1.000,0,9,no,HIGH_OVERLAP,REVIEW_SHARED_FAQ;DIFFERENTIATE_MAIN_CONTENT;REWRITE_FOR_CUSTOMER
/klaviertransport-wernberg-koeblitz,/klaviertransport-windischeschenbach,service,service,0.125,1.000,1.000,1.000,0,9,no,HIGH_OVERLAP,REVIEW_SHARED_FAQ;DIFFERENTIATE_MAIN_CONTENT;REWRITE_FOR_CUSTOMER
/klaviertransport-wernberg-koeblitz,/klaviertransport-woerth-an-der-donau,service,service,1.000,1.000,1.000,1.000,0,9,no,HIGH_OVERLAP,REVIEW_SHARED_FAQ;DIFFERENTIATE_MAIN_CONTENT;REWRITE_FOR_CUSTOMER
/klaviertransport-wiesent,/klaviertransport-windischeschenbach,service,service,0.125,1.000,1.000,1.000,0,9,no,HIGH_OVERLAP,REVIEW_SHARED_FAQ;DIFFERENTIATE_MAIN_CONTENT;REWRITE_FOR_CUSTOMER
/klaviertransport-wiesent,/klaviertransport-woerth-an-der-donau,service,service,1.000,1.000,1.000,1.000,0,9,no,HIGH_OVERLAP,REVIEW_SHARED_FAQ;DIFFERENTIATE_MAIN_CONTENT;REWRITE_FOR_CUSTOMER
/klaviertransport-windischeschenbach,/klaviertransport-woerth-an-der-donau,service,service,0.125,1.000,1.000,1.000,0,9,no,HIGH_OVERLAP,REVIEW_SHARED_FAQ;DIFFERENTIATE_MAIN_CONTENT;REWRITE_FOR_CUSTOMER
/klaviertransport-wolfsegg,/klaviertransport-wolnzach,service,service,0.143,1.000,1.000,1.000,0,9,no,HIGH_OVERLAP,REVIEW_SHARED_FAQ;DIFFERENTIATE_MAIN_CONTENT;REWRITE_FOR_CUSTOMER
/klaviertransport-wolfsegg,/klaviertransport-zeitlarn,service,service,0.167,1.000,1.000,1.000,0,9,no,HIGH_OVERLAP,REVIEW_SHARED_FAQ;DIFFERENTIATE_MAIN_CONTENT;REWRITE_FOR_CUSTOMER
/klaviertransport-wolfsegg,/klaviertransport-zirndorf,service,service,0.143,1.000,1.000,1.000,0,9,no,HIGH_OVERLAP,REVIEW_SHARED_FAQ;DIFFERENTIATE_MAIN_CONTENT;REWRITE_FOR_CUSTOMER
/klaviertransport-wolfsegg,/klaviertransport-zwiesel,service,service,0.167,1.000,1.000,1.000,0,9,no,HIGH_OVERLAP,REVIEW_SHARED_FAQ;DIFFERENTIATE_MAIN_CONTENT;REWRITE_FOR_CUSTOMER
/klaviertransport-wolnzach,/klaviertransport-zeitlarn,service,service,0.286,1.000,1.000,1.000,0,9,no,HIGH_OVERLAP,REVIEW_SHARED_FAQ;DIFFERENTIATE_MAIN_CONTENT;REWRITE_FOR_CUSTOMER
/klaviertransport-wolnzach,/klaviertransport-zirndorf,service,service,1.000,1.000,1.000,1.000,0,9,no,HIGH_OVERLAP,REVIEW_SHARED_FAQ;DIFFERENTIATE_MAIN_CONTENT;REWRITE_FOR_CUSTOMER
/klaviertransport-wolnzach,/klaviertransport-zwiesel,service,service,0.286,1.000,1.000,1.000,0,9,no,HIGH_OVERLAP,REVIEW_SHARED_FAQ;DIFFERENTIATE_MAIN_CONTENT;REWRITE_FOR_CUSTOMER
/klaviertransport-zeitlarn,/klaviertransport-zirndorf,service,service,0.286,1.000,1.000,1.000,0,9,no,HIGH_OVERLAP,REVIEW_SHARED_FAQ;DIFFERENTIATE_MAIN_CONTENT;REWRITE_FOR_CUSTOMER
/klaviertransport-zeitlarn,/klaviertransport-zwiesel,service,service,1.000,1.000,1.000,1.000,0,9,no,HIGH_OVERLAP,REVIEW_SHARED_FAQ;DIFFERENTIATE_MAIN_CONTENT;REWRITE_FOR_CUSTOMER
/klaviertransport-zirndorf,/klaviertransport-zwiesel,service,service,0.286,1.000,1.000,1.000,0,9,no,HIGH_OVERLAP,REVIEW_SHARED_FAQ;DIFFERENTIATE_MAIN_CONTENT;REWRITE_FOR_CUSTOMER
/kleintransport-regensburg,/kleintransporte,service,service,0.125,0.100,1.000,0.728,0,6,no,HIGH_OVERLAP,REVIEW_SHARED_FAQ;DIFFERENTIATE_MAIN_CONTENT;REWRITE_FOR_CUSTOMER
/regensburg/angebot-vergleichen,/regensburg/reinigung-nach-umzug,service,service,0.333,0.286,0.750,0.219,0,0,no,HIGH_OVERLAP,REWRITE_FOR_CUSTOMER
/regensburg/angebot-vergleichen,/regensburg/seniorenumzug,service,service,0.091,0.063,0.857,0.229,0,0,no,HIGH_OVERLAP,REWRITE_FOR_CUSTOMER
/regensburg/angebot-vergleichen,/regensburg/umzug-kosten,service,service,0.375,0.231,0.857,0.228,0,0,no,HIGH_OVERLAP,REWRITE_FOR_CUSTOMER
/regensburg/angebot-vergleichen,/regensburg/umzugsservice,service,service,0.375,0.143,0.857,0.229,0,0,no,HIGH_OVERLAP,REWRITE_FOR_CUSTOMER
/regensburg/reinigung-nach-umzug,/regensburg/seniorenumzug,service,service,0.091,0.214,0.750,0.215,0,0,no,HIGH_OVERLAP,REWRITE_FOR_CUSTOMER
/regensburg/reinigung-nach-umzug,/regensburg/umzug-kosten,service,service,0.100,0.143,0.750,0.208,0,0,no,HIGH_OVERLAP,REWRITE_FOR_CUSTOMER
/regensburg/reinigung-nach-umzug,/regensburg/umzugsservice,service,service,0.222,0.231,0.750,0.215,0,0,no,HIGH_OVERLAP,REWRITE_FOR_CUSTOMER
/regensburg/seniorenumzug,/regensburg/umzug-kosten,service,service,0.100,0.154,0.857,0.681,0,0,no,HIGH_OVERLAP,DIFFERENTIATE_MAIN_CONTENT;REWRITE_FOR_CUSTOMER
/regensburg/seniorenumzug,/regensburg/umzugsservice,service,service,0.100,0.154,0.857,0.922,0,0,no,HIGH_OVERLAP,DIFFERENTIATE_MAIN_CONTENT;REWRITE_FOR_CUSTOMER
/regensburg/umzug-kosten,/regensburg/umzugsservice,service,service,0.250,0.167,0.857,0.682,0,0,no,HIGH_OVERLAP,DIFFERENTIATE_MAIN_CONTENT;REWRITE_FOR_CUSTOMER
/reinigung-abensberg,/reinigung-alteglofsheim,service,service,0.111,1.000,1.000,1.000,0,9,no,HIGH_OVERLAP,REVIEW_SHARED_FAQ;DIFFERENTIATE_MAIN_CONTENT;REWRITE_FOR_CUSTOMER
/reinigung-abensberg,/reinigung-altenthann,service,service,0.143,1.000,1.000,1.000,0,9,no,HIGH_OVERLAP,REVIEW_SHARED_FAQ;DIFFERENTIATE_MAIN_CONTENT;REWRITE_FOR_CUSTOMER
/reinigung-abensberg,/reinigung-aufhausen,service,service,0.111,1.000,1.000,1.000,0,9,no,HIGH_OVERLAP,REVIEW_SHARED_FAQ;DIFFERENTIATE_MAIN_CONTENT;REWRITE_FOR_CUSTOMER
/reinigung-abensberg,/reinigung-bad-abbach,service,service,1.000,1.000,1.000,1.000,0,9,no,HIGH_OVERLAP,REVIEW_SHARED_FAQ;DIFFERENTIATE_MAIN_CONTENT;REWRITE_FOR_CUSTOMER
/reinigung-abensberg,/reinigung-barbing,service,service,0.143,1.000,1.000,1.000,0,9,no,HIGH_OVERLAP,REVIEW_SHARED_FAQ;DIFFERENTIATE_MAIN_CONTENT;REWRITE_FOR_CUSTOMER
/reinigung-abensberg,/reinigung-beratzhausen,service,service,0.111,1.000,1.000,1.000,0,9,no,HIGH_OVERLAP,REVIEW_SHARED_FAQ;DIFFERENTIATE_MAIN_CONTENT;REWRITE_FOR_CUSTOMER
/reinigung-abensberg,/reinigung-bernhardswald,service,service,0.143,1.000,1.000,1.000,0,9,no,HIGH_OVERLAP,REVIEW_SHARED_FAQ;DIFFERENTIATE_MAIN_CONTENT;REWRITE_FOR_CUSTOMER
/reinigung-abensberg,/reinigung-brennberg,service,service,1.000,1.000,1.000,1.000,0,9,no,HIGH_OVERLAP,REVIEW_SHARED_FAQ;DIFFERENTIATE_MAIN_CONTENT;REWRITE_FOR_CUSTOMER
/reinigung-abensberg,/reinigung-brunn,service,service,1.000,1.000,1.000,1.000,0,9,no,HIGH_OVERLAP,REVIEW_SHARED_FAQ;DIFFERENTIATE_MAIN_CONTENT;REWRITE_FOR_CUSTOMER
/reinigung-abensberg,/reinigung-burglengenfeld,service,service,0.111,1.000,1.000,1.000,0,9,no,HIGH_OVERLAP,REVIEW_SHARED_FAQ;DIFFERENTIATE_MAIN_CONTENT;REWRITE_FOR_CUSTOMER
/reinigung-abensberg,/reinigung-deuerling,service,service,0.143,1.000,1.000,1.000,0,9,no,HIGH_OVERLAP,REVIEW_SHARED_FAQ;DIFFERENTIATE_MAIN_CONTENT;REWRITE_FOR_CUSTOMER
/reinigung-abensberg,/reinigung-donaustauf,service,service,0.111,1.000,1.000,1.000,0,9,no,HIGH_OVERLAP,REVIEW_SHARED_FAQ;DIFFERENTIATE_MAIN_CONTENT;REWRITE_FOR_CUSTOMER
/reinigung-abensberg,/reinigung-duggendorf,service,service,1.000,1.000,1.000,1.000,0,9,no,HIGH_OVERLAP,REVIEW_SHARED_FAQ;DIFFERENTIATE_MAIN_CONTENT;REWRITE_FOR_CUSTOMER
/reinigung-abensberg,/reinigung-geiselhoering,service,service,0.143,1.000,1.000,1.000,0,9,no,HIGH_OVERLAP,REVIEW_SHARED_FAQ;DIFFERENTIATE_MAIN_CONTENT;REWRITE_FOR_CUSTOMER
/reinigung-abensberg,/reinigung-hagelstadt,service,service,0.143,1.000,1.000,1.000,0,9,no,HIGH_OVERLAP,REVIEW_SHARED_FAQ;DIFFERENTIATE_MAIN_CONTENT;REWRITE_FOR_CUSTOMER
/reinigung-abensberg,/reinigung-hausen,service,service,0.111,1.000,1.000,1.000,0,9,no,HIGH_OVERLAP,REVIEW_SHARED_FAQ;DIFFERENTIATE_MAIN_CONTENT;REWRITE_FOR_CUSTOMER
/reinigung-abensberg,/reinigung-hemau,service,service,0.111,1.000,1.000,1.000,0,9,no,HIGH_OVERLAP,REVIEW_SHARED_FAQ;DIFFERENTIATE_MAIN_CONTENT;REWRITE_FOR_CUSTOMER
/reinigung-abensberg,/reinigung-holzheim-am-forst,service,service,0.111,1.000,1.000,1.000,0,9,no,HIGH_OVERLAP,REVIEW_SHARED_FAQ;DIFFERENTIATE_MAIN_CONTENT;REWRITE_FOR_CUSTOMER
/reinigung-abensberg,/reinigung-kallmuenz,service,service,0.143,1.000,1.000,1.000,0,9,no,HIGH_OVERLAP,REVIEW_SHARED_FAQ;DIFFERENTIATE_MAIN_CONTENT;REWRITE_FOR_CUSTOMER
/reinigung-abensberg,/reinigung-kelheim,service,service,0.143,1.000,1.000,0.980,0,9,no,HIGH_OVERLAP,REVIEW_SHARED_FAQ;DIFFERENTIATE_MAIN_CONTENT;REWRITE_FOR_CUSTOMER
/reinigung-abensberg,/reinigung-koefering,service,service,0.111,1.000,1.000,1.000,0,9,no,HIGH_OVERLAP,REVIEW_SHARED_FAQ;DIFFERENTIATE_MAIN_CONTENT;REWRITE_FOR_CUSTOMER
/reinigung-abensberg,/reinigung-laaber,service,service,0.143,1.000,1.000,1.000,0,9,no,HIGH_OVERLAP,REVIEW_SHARED_FAQ;DIFFERENTIATE_MAIN_CONTENT;REWRITE_FOR_CUSTOMER
/reinigung-abensberg,/reinigung-langquaid,service,service,0.111,1.000,1.000,1.000,0,9,no,HIGH_OVERLAP,REVIEW_SHARED_FAQ;DIFFERENTIATE_MAIN_CONTENT;REWRITE_FOR_CUSTOMER
/reinigung-abensberg,/reinigung-lappersdorf,service,service,0.111,1.000,1.000,0.980,0,9,no,HIGH_OVERLAP,REVIEW_SHARED_FAQ;DIFFERENTIATE_MAIN_CONTENT;REWRITE_FOR_CUSTOMER
/reinigung-abensberg,/reinigung-mainburg,service,service,1.000,1.000,1.000,1.000,0,9,no,HIGH_OVERLAP,REVIEW_SHARED_FAQ;DIFFERENTIATE_MAIN_CONTENT;REWRITE_FOR_CUSTOMER
/reinigung-abensberg,/reinigung-mallersdorf-pfaffenberg,service,service,0.111,1.000,1.000,1.000,0,9,no,HIGH_OVERLAP,REVIEW_SHARED_FAQ;DIFFERENTIATE_MAIN_CONTENT;REWRITE_FOR_CUSTOMER
/reinigung-abensberg,/reinigung-maxhuette-haidhof,service,service,0.143,1.000,1.000,1.000,0,9,no,HIGH_OVERLAP,REVIEW_SHARED_FAQ;DIFFERENTIATE_MAIN_CONTENT;REWRITE_FOR_CUSTOMER
/reinigung-abensberg,/reinigung-mintraching,service,service,0.111,1.000,1.000,1.000,0,9,no,HIGH_OVERLAP,REVIEW_SHARED_FAQ;DIFFERENTIATE_MAIN_CONTENT;REWRITE_FOR_CUSTOMER
/reinigung-abensberg,/reinigung-moetzing,service,service,1.000,1.000,1.000,1.000,0,9,no,HIGH_OVERLAP,REVIEW_SHARED_FAQ;DIFFERENTIATE_MAIN_CONTENT;REWRITE_FOR_CUSTOMER
/reinigung-abensberg,/reinigung-neutraubling,service,service,0.111,1.000,1.000,0.980,0,9,no,HIGH_OVERLAP,REVIEW_SHARED_FAQ;DIFFERENTIATE_MAIN_CONTENT;REWRITE_FOR_CUSTOMER
/reinigung-abensberg,/reinigung-nittenau,service,service,0.111,1.000,1.000,1.000,0,9,no,HIGH_OVERLAP,REVIEW_SHARED_FAQ;DIFFERENTIATE_MAIN_CONTENT;REWRITE_FOR_CUSTOMER
/reinigung-abensberg,/reinigung-nittendorf,service,service,0.143,1.000,1.000,1.000,0,9,no,HIGH_OVERLAP,REVIEW_SHARED_FAQ;DIFFERENTIATE_MAIN_CONTENT;REWRITE_FOR_CUSTOMER
/reinigung-abensberg,/reinigung-obertraubling,service,service,0.111,1.000,1.000,0.980,0,9,no,HIGH_OVERLAP,REVIEW_SHARED_FAQ;DIFFERENTIATE_MAIN_CONTENT;REWRITE_FOR_CUSTOMER
/reinigung-abensberg,/reinigung-painten,service,service,0.143,1.000,1.000,1.000,0,9,no,HIGH_OVERLAP,REVIEW_SHARED_FAQ;DIFFERENTIATE_MAIN_CONTENT;REWRITE_FOR_CUSTOMER
/reinigung-abensberg,/reinigung-pentling,service,service,1.000,1.000,1.000,0.980,0,9,no,HIGH_OVERLAP,REVIEW_SHARED_FAQ;DIFFERENTIATE_MAIN_CONTENT;REWRITE_FOR_CUSTOMER
/reinigung-abensberg,/reinigung-pettendorf,service,service,1.000,1.000,1.000,1.000,0,9,no,HIGH_OVERLAP,REVIEW_SHARED_FAQ;DIFFERENTIATE_MAIN_CONTENT;REWRITE_FOR_CUSTOMER
/reinigung-abensberg,/reinigung-pfatter,service,service,0.111,1.000,1.000,1.000,0,9,no,HIGH_OVERLAP,REVIEW_SHARED_FAQ;DIFFERENTIATE_MAIN_CONTENT;REWRITE_FOR_CUSTOMER
/reinigung-abensberg,/reinigung-pielenhofen,service,service,0.143,1.000,1.000,1.000,0,9,no,HIGH_OVERLAP,REVIEW_SHARED_FAQ;DIFFERENTIATE_MAIN_CONTENT;REWRITE_FOR_CUSTOMER
/reinigung-abensberg,/reinigung-regenstauf,service,service,0.111,1.000,1.000,0.980,0,9,no,HIGH_OVERLAP,REVIEW_SHARED_FAQ;DIFFERENTIATE_MAIN_CONTENT;REWRITE_FOR_CUSTOMER
/reinigung-abensberg,/reinigung-riedenburg,service,service,0.143,1.000,1.000,1.000,0,9,no,HIGH_OVERLAP,REVIEW_SHARED_FAQ;DIFFERENTIATE_MAIN_CONTENT;REWRITE_FOR_CUSTOMER
/reinigung-abensberg,/reinigung-riekofen,service,service,1.000,1.000,1.000,1.000,0,9,no,HIGH_OVERLAP,REVIEW_SHARED_FAQ;DIFFERENTIATE_MAIN_CONTENT;REWRITE_FOR_CUSTOMER
/reinigung-abensberg,/reinigung-roding,service,service,0.143,1.000,1.000,1.000,0,9,no,HIGH_OVERLAP,REVIEW_SHARED_FAQ;DIFFERENTIATE_MAIN_CONTENT;REWRITE_FOR_CUSTOMER
/reinigung-abensberg,/reinigung-saal-an-der-donau,service,service,0.143,1.000,1.000,1.000,0,9,no,HIGH_OVERLAP,REVIEW_SHARED_FAQ;DIFFERENTIATE_MAIN_CONTENT;REWRITE_FOR_CUSTOMER
/reinigung-abensberg,/reinigung-schierling,service,service,0.111,1.000,1.000,1.000,0,9,no,HIGH_OVERLAP,REVIEW_SHARED_FAQ;DIFFERENTIATE_MAIN_CONTENT;REWRITE_FOR_CUSTOMER
/reinigung-abensberg,/reinigung-schwandorf,service,service,0.143,1.000,1.000,0.900,0,6,no,HIGH_OVERLAP,REVIEW_SHARED_FAQ;DIFFERENTIATE_MAIN_CONTENT;REWRITE_FOR_CUSTOMER
/reinigung-abensberg,/reinigung-sinzing,service,service,0.111,1.000,1.000,1.000,0,9,no,HIGH_OVERLAP,REVIEW_SHARED_FAQ;DIFFERENTIATE_MAIN_CONTENT;REWRITE_FOR_CUSTOMER
/reinigung-abensberg,/reinigung-straubing,service,service,1.000,1.000,1.000,0.908,0,6,no,HIGH_OVERLAP,REVIEW_SHARED_FAQ;DIFFERENTIATE_MAIN_CONTENT;REWRITE_FOR_CUSTOMER
/reinigung-abensberg,/reinigung-suenching,service,service,0.111,1.000,1.000,1.000,0,9,no,HIGH_OVERLAP,REVIEW_SHARED_FAQ;DIFFERENTIATE_MAIN_CONTENT;REWRITE_FOR_CUSTOMER
/reinigung-abensberg,/reinigung-tegernheim,service,service,0.111,1.000,1.000,1.000,0,9,no,HIGH_OVERLAP,REVIEW_SHARED_FAQ;DIFFERENTIATE_MAIN_CONTENT;REWRITE_FOR_CUSTOMER
/reinigung-abensberg,/reinigung-teublitz,service,service,1.000,1.000,1.000,1.000,0,9,no,HIGH_OVERLAP,REVIEW_SHARED_FAQ;DIFFERENTIATE_MAIN_CONTENT;REWRITE_FOR_CUSTOMER
/reinigung-abensberg,/reinigung-thalmassing,service,service,0.143,1.000,1.000,1.000,0,9,no,HIGH_OVERLAP,REVIEW_SHARED_FAQ;DIFFERENTIATE_MAIN_CONTENT;REWRITE_FOR_CUSTOMER
/reinigung-abensberg,/reinigung-wenzenbach,service,service,0.143,1.000,1.000,1.000,0,9,no,HIGH_OVERLAP,REVIEW_SHARED_FAQ;DIFFERENTIATE_MAIN_CONTENT;REWRITE_FOR_CUSTOMER
/reinigung-abensberg,/reinigung-wiesent,service,service,0.143,1.000,1.000,1.000,0,9,no,HIGH_OVERLAP,REVIEW_SHARED_FAQ;DIFFERENTIATE_MAIN_CONTENT;REWRITE_FOR_CUSTOMER
/reinigung-abensberg,/reinigung-woerth-an-der-donau,service,service,0.143,1.000,1.000,1.000,0,9,no,HIGH_OVERLAP,REVIEW_SHARED_FAQ;DIFFERENTIATE_MAIN_CONTENT;REWRITE_FOR_CUSTOMER
/reinigung-abensberg,/reinigung-wolfsegg,service,service,0.111,1.000,1.000,1.000,0,9,no,HIGH_OVERLAP,REVIEW_SHARED_FAQ;DIFFERENTIATE_MAIN_CONTENT;REWRITE_FOR_CUSTOMER
/reinigung-abensberg,/reinigung-zeitlarn,service,service,0.143,1.000,1.000,1.000,0,9,no,HIGH_OVERLAP,REVIEW_SHARED_FAQ;DIFFERENTIATE_MAIN_CONTENT;REWRITE_FOR_CUSTOMER
/reinigung-alteglofsheim,/reinigung-altenthann,service,service,0.143,1.000,1.000,1.000,0,9,no,HIGH_OVERLAP,REVIEW_SHARED_FAQ;DIFFERENTIATE_MAIN_CONTENT;REWRITE_FOR_CUSTOMER
/reinigung-alteglofsheim,/reinigung-aufhausen,service,service,0.111,1.000,1.000,1.000,0,9,no,HIGH_OVERLAP,REVIEW_SHARED_FAQ;DIFFERENTIATE_MAIN_CONTENT;REWRITE_FOR_CUSTOMER
/reinigung-alteglofsheim,/reinigung-bad-abbach,service,service,0.111,1.000,1.000,1.000,0,9,no,HIGH_OVERLAP,REVIEW_SHARED_FAQ;DIFFERENTIATE_MAIN_CONTENT;REWRITE_FOR_CUSTOMER
/reinigung-alteglofsheim,/reinigung-barbing,service,service,0.143,1.000,1.000,1.000,0,9,no,HIGH_OVERLAP,REVIEW_SHARED_FAQ;DIFFERENTIATE_MAIN_CONTENT;REWRITE_FOR_CUSTOMER
/reinigung-alteglofsheim,/reinigung-beratzhausen,service,service,1.000,1.000,1.000,1.000,0,9,no,HIGH_OVERLAP,REVIEW_SHARED_FAQ;DIFFERENTIATE_MAIN_CONTENT;REWRITE_FOR_CUSTOMER
/reinigung-alteglofsheim,/reinigung-bernhardswald,service,service,0.143,1.000,1.000,1.000,0,9,no,HIGH_OVERLAP,REVIEW_SHARED_FAQ;DIFFERENTIATE_MAIN_CONTENT;REWRITE_FOR_CUSTOMER
/reinigung-alteglofsheim,/reinigung-brennberg,service,service,0.111,1.000,1.000,1.000,0,9,no,HIGH_OVERLAP,REVIEW_SHARED_FAQ;DIFFERENTIATE_MAIN_CONTENT;REWRITE_FOR_CUSTOMER
/reinigung-altenthann,/reinigung-aufhausen,service,service,0.143,1.000,1.000,1.000,0,9,no,HIGH_OVERLAP,REVIEW_SHARED_FAQ;DIFFERENTIATE_MAIN_CONTENT;REWRITE_FOR_CUSTOMER
/reinigung-altenthann,/reinigung-bad-abbach,service,service,0.143,1.000,1.000,1.000,0,9,no,HIGH_OVERLAP,REVIEW_SHARED_FAQ;DIFFERENTIATE_MAIN_CONTENT;REWRITE_FOR_CUSTOMER
/reinigung-altenthann,/reinigung-barbing,service,service,1.000,1.000,1.000,1.000,0,9,no,HIGH_OVERLAP,REVIEW_SHARED_FAQ;DIFFERENTIATE_MAIN_CONTENT;REWRITE_FOR_CUSTOMER
/reinigung-altenthann,/reinigung-beratzhausen,service,service,0.143,1.000,1.000,1.000,0,9,no,HIGH_OVERLAP,REVIEW_SHARED_FAQ;DIFFERENTIATE_MAIN_CONTENT;REWRITE_FOR_CUSTOMER
/reinigung-altenthann,/reinigung-bernhardswald,service,service,1.000,1.000,1.000,1.000,0,9,no,HIGH_OVERLAP,REVIEW_SHARED_FAQ;DIFFERENTIATE_MAIN_CONTENT;REWRITE_FOR_CUSTOMER
/reinigung-altenthann,/reinigung-brennberg,service,service,0.143,1.000,1.000,1.000,0,9,no,HIGH_OVERLAP,REVIEW_SHARED_FAQ;DIFFERENTIATE_MAIN_CONTENT;REWRITE_FOR_CUSTOMER
/reinigung-aufhausen,/reinigung-bad-abbach,service,service,0.111,1.000,1.000,1.000,0,9,no,HIGH_OVERLAP,REVIEW_SHARED_FAQ;DIFFERENTIATE_MAIN_CONTENT;REWRITE_FOR_CUSTOMER
/reinigung-aufhausen,/reinigung-barbing,service,service,0.143,1.000,1.000,1.000,0,9,no,HIGH_OVERLAP,REVIEW_SHARED_FAQ;DIFFERENTIATE_MAIN_CONTENT;REWRITE_FOR_CUSTOMER
/reinigung-aufhausen,/reinigung-beratzhausen,service,service,0.111,1.000,1.000,1.000,0,9,no,HIGH_OVERLAP,REVIEW_SHARED_FAQ;DIFFERENTIATE_MAIN_CONTENT;REWRITE_FOR_CUSTOMER
/reinigung-aufhausen,/reinigung-bernhardswald,service,service,0.143,1.000,1.000,1.000,0,9,no,HIGH_OVERLAP,REVIEW_SHARED_FAQ;DIFFERENTIATE_MAIN_CONTENT;REWRITE_FOR_CUSTOMER
/reinigung-aufhausen,/reinigung-brennberg,service,service,0.111,1.000,1.000,1.000,0,9,no,HIGH_OVERLAP,REVIEW_SHARED_FAQ;DIFFERENTIATE_MAIN_CONTENT;REWRITE_FOR_CUSTOMER
/reinigung-bad-abbach,/reinigung-barbing,service,service,0.143,1.000,1.000,1.000,0,9,no,HIGH_OVERLAP,REVIEW_SHARED_FAQ;DIFFERENTIATE_MAIN_CONTENT;REWRITE_FOR_CUSTOMER
/reinigung-bad-abbach,/reinigung-beratzhausen,service,service,0.111,1.000,1.000,1.000,0,9,no,HIGH_OVERLAP,REVIEW_SHARED_FAQ;DIFFERENTIATE_MAIN_CONTENT;REWRITE_FOR_CUSTOMER
/reinigung-bad-abbach,/reinigung-bernhardswald,service,service,0.143,1.000,1.000,1.000,0,9,no,HIGH_OVERLAP,REVIEW_SHARED_FAQ;DIFFERENTIATE_MAIN_CONTENT;REWRITE_FOR_CUSTOMER
/reinigung-bad-abbach,/reinigung-brennberg,service,service,1.000,1.000,1.000,1.000,0,9,no,HIGH_OVERLAP,REVIEW_SHARED_FAQ;DIFFERENTIATE_MAIN_CONTENT;REWRITE_FOR_CUSTOMER
/reinigung-barbing,/reinigung-beratzhausen,service,service,0.143,1.000,1.000,1.000,0,9,no,HIGH_OVERLAP,REVIEW_SHARED_FAQ;DIFFERENTIATE_MAIN_CONTENT;REWRITE_FOR_CUSTOMER
/reinigung-barbing,/reinigung-bernhardswald,service,service,1.000,1.000,1.000,1.000,0,9,no,HIGH_OVERLAP,REVIEW_SHARED_FAQ;DIFFERENTIATE_MAIN_CONTENT;REWRITE_FOR_CUSTOMER
/reinigung-barbing,/reinigung-brennberg,service,service,0.143,1.000,1.000,1.000,0,9,no,HIGH_OVERLAP,REVIEW_SHARED_FAQ;DIFFERENTIATE_MAIN_CONTENT;REWRITE_FOR_CUSTOMER
/reinigung-beratzhausen,/reinigung-bernhardswald,service,service,0.143,1.000,1.000,1.000,0,9,no,HIGH_OVERLAP,REVIEW_SHARED_FAQ;DIFFERENTIATE_MAIN_CONTENT;REWRITE_FOR_CUSTOMER
/reinigung-beratzhausen,/reinigung-brennberg,service,service,0.111,1.000,1.000,1.000,0,9,no,HIGH_OVERLAP,REVIEW_SHARED_FAQ;DIFFERENTIATE_MAIN_CONTENT;REWRITE_FOR_CUSTOMER
/reinigung-bernhardswald,/reinigung-brennberg,service,service,0.143,1.000,1.000,1.000,0,9,no,HIGH_OVERLAP,REVIEW_SHARED_FAQ;DIFFERENTIATE_MAIN_CONTENT;REWRITE_FOR_CUSTOMER
/reinigung-brunn,/reinigung-burglengenfeld,service,service,0.111,1.000,1.000,1.000,0,9,no,HIGH_OVERLAP,REVIEW_SHARED_FAQ;DIFFERENTIATE_MAIN_CONTENT;REWRITE_FOR_CUSTOMER
/reinigung-brunn,/reinigung-deuerling,service,service,0.143,1.000,1.000,1.000,0,9,no,HIGH_OVERLAP,REVIEW_SHARED_FAQ;DIFFERENTIATE_MAIN_CONTENT;REWRITE_FOR_CUSTOMER
/reinigung-brunn,/reinigung-donaustauf,service,service,0.111,1.000,1.000,1.000,0,9,no,HIGH_OVERLAP,REVIEW_SHARED_FAQ;DIFFERENTIATE_MAIN_CONTENT;REWRITE_FOR_CUSTOMER
/reinigung-brunn,/reinigung-duggendorf,service,service,1.000,1.000,1.000,1.000,0,9,no,HIGH_OVERLAP,REVIEW_SHARED_FAQ;DIFFERENTIATE_MAIN_CONTENT;REWRITE_FOR_CUSTOMER
/reinigung-brunn,/reinigung-geiselhoering,service,service,0.143,1.000,1.000,1.000,0,9,no,HIGH_OVERLAP,REVIEW_SHARED_FAQ;DIFFERENTIATE_MAIN_CONTENT;REWRITE_FOR_CUSTOMER
/reinigung-brunn,/reinigung-hagelstadt,service,service,0.143,1.000,1.000,1.000,0,9,no,HIGH_OVERLAP,REVIEW_SHARED_FAQ;DIFFERENTIATE_MAIN_CONTENT;REWRITE_FOR_CUSTOMER
/reinigung-brunn,/reinigung-hausen,service,service,0.111,1.000,1.000,1.000,0,9,no,HIGH_OVERLAP,REVIEW_SHARED_FAQ;DIFFERENTIATE_MAIN_CONTENT;REWRITE_FOR_CUSTOMER
/reinigung-burglengenfeld,/reinigung-deuerling,service,service,0.143,1.000,1.000,1.000,0,9,no,HIGH_OVERLAP,REVIEW_SHARED_FAQ;DIFFERENTIATE_MAIN_CONTENT;REWRITE_FOR_CUSTOMER
/reinigung-burglengenfeld,/reinigung-donaustauf,service,service,1.000,1.000,1.000,1.000,0,9,no,HIGH_OVERLAP,REVIEW_SHARED_FAQ;DIFFERENTIATE_MAIN_CONTENT;REWRITE_FOR_CUSTOMER
/reinigung-burglengenfeld,/reinigung-duggendorf,service,service,0.111,1.000,1.000,1.000,0,9,no,HIGH_OVERLAP,REVIEW_SHARED_FAQ;DIFFERENTIATE_MAIN_CONTENT;REWRITE_FOR_CUSTOMER
/reinigung-burglengenfeld,/reinigung-geiselhoering,service,service,0.143,1.000,1.000,1.000,0,9,no,HIGH_OVERLAP,REVIEW_SHARED_FAQ;DIFFERENTIATE_MAIN_CONTENT;REWRITE_FOR_CUSTOMER
/reinigung-burglengenfeld,/reinigung-hagelstadt,service,service,0.143,1.000,1.000,1.000,0,9,no,HIGH_OVERLAP,REVIEW_SHARED_FAQ;DIFFERENTIATE_MAIN_CONTENT;REWRITE_FOR_CUSTOMER
/reinigung-burglengenfeld,/reinigung-hausen,service,service,0.111,1.000,1.000,1.000,0,9,no,HIGH_OVERLAP,REVIEW_SHARED_FAQ;DIFFERENTIATE_MAIN_CONTENT;REWRITE_FOR_CUSTOMER
/reinigung-deuerling,/reinigung-donaustauf,service,service,0.143,1.000,1.000,1.000,0,9,no,HIGH_OVERLAP,REVIEW_SHARED_FAQ;DIFFERENTIATE_MAIN_CONTENT;REWRITE_FOR_CUSTOMER
/reinigung-deuerling,/reinigung-duggendorf,service,service,0.143,1.000,1.000,1.000,0,9,no,HIGH_OVERLAP,REVIEW_SHARED_FAQ;DIFFERENTIATE_MAIN_CONTENT;REWRITE_FOR_CUSTOMER
/reinigung-deuerling,/reinigung-geiselhoering,service,service,1.000,1.000,1.000,1.000,0,9,no,HIGH_OVERLAP,REVIEW_SHARED_FAQ;DIFFERENTIATE_MAIN_CONTENT;REWRITE_FOR_CUSTOMER
/reinigung-deuerling,/reinigung-hagelstadt,service,service,1.000,1.000,1.000,1.000,0,9,no,HIGH_OVERLAP,REVIEW_SHARED_FAQ;DIFFERENTIATE_MAIN_CONTENT;REWRITE_FOR_CUSTOMER
/reinigung-deuerling,/reinigung-hausen,service,service,0.143,1.000,1.000,1.000,0,9,no,HIGH_OVERLAP,REVIEW_SHARED_FAQ;DIFFERENTIATE_MAIN_CONTENT;REWRITE_FOR_CUSTOMER
/reinigung-donaustauf,/reinigung-duggendorf,service,service,0.111,1.000,1.000,1.000,0,9,no,HIGH_OVERLAP,REVIEW_SHARED_FAQ;DIFFERENTIATE_MAIN_CONTENT;REWRITE_FOR_CUSTOMER
/reinigung-donaustauf,/reinigung-geiselhoering,service,service,0.143,1.000,1.000,1.000,0,9,no,HIGH_OVERLAP,REVIEW_SHARED_FAQ;DIFFERENTIATE_MAIN_CONTENT;REWRITE_FOR_CUSTOMER
/reinigung-donaustauf,/reinigung-hagelstadt,service,service,0.143,1.000,1.000,1.000,0,9,no,HIGH_OVERLAP,REVIEW_SHARED_FAQ;DIFFERENTIATE_MAIN_CONTENT;REWRITE_FOR_CUSTOMER
/reinigung-donaustauf,/reinigung-hausen,service,service,0.111,1.000,1.000,1.000,0,9,no,HIGH_OVERLAP,REVIEW_SHARED_FAQ;DIFFERENTIATE_MAIN_CONTENT;REWRITE_FOR_CUSTOMER
/reinigung-duggendorf,/reinigung-geiselhoering,service,service,0.143,1.000,1.000,1.000,0,9,no,HIGH_OVERLAP,REVIEW_SHARED_FAQ;DIFFERENTIATE_MAIN_CONTENT;REWRITE_FOR_CUSTOMER
/reinigung-duggendorf,/reinigung-hagelstadt,service,service,0.143,1.000,1.000,1.000,0,9,no,HIGH_OVERLAP,REVIEW_SHARED_FAQ;DIFFERENTIATE_MAIN_CONTENT;REWRITE_FOR_CUSTOMER
/reinigung-duggendorf,/reinigung-hausen,service,service,0.111,1.000,1.000,1.000,0,9,no,HIGH_OVERLAP,REVIEW_SHARED_FAQ;DIFFERENTIATE_MAIN_CONTENT;REWRITE_FOR_CUSTOMER
/reinigung-geiselhoering,/reinigung-hagelstadt,service,service,1.000,1.000,1.000,1.000,0,9,no,HIGH_OVERLAP,REVIEW_SHARED_FAQ;DIFFERENTIATE_MAIN_CONTENT;REWRITE_FOR_CUSTOMER
/reinigung-geiselhoering,/reinigung-hausen,service,service,0.143,1.000,1.000,1.000,0,9,no,HIGH_OVERLAP,REVIEW_SHARED_FAQ;DIFFERENTIATE_MAIN_CONTENT;REWRITE_FOR_CUSTOMER
/reinigung-hagelstadt,/reinigung-hausen,service,service,0.143,1.000,1.000,1.000,0,9,no,HIGH_OVERLAP,REVIEW_SHARED_FAQ;DIFFERENTIATE_MAIN_CONTENT;REWRITE_FOR_CUSTOMER
/reinigung-hemau,/reinigung-holzheim-am-forst,service,service,1.000,1.000,1.000,1.000,0,9,no,HIGH_OVERLAP,REVIEW_SHARED_FAQ;DIFFERENTIATE_MAIN_CONTENT;REWRITE_FOR_CUSTOMER
/reinigung-hemau,/reinigung-kallmuenz,service,service,0.143,1.000,1.000,1.000,0,9,no,HIGH_OVERLAP,REVIEW_SHARED_FAQ;DIFFERENTIATE_MAIN_CONTENT;REWRITE_FOR_CUSTOMER
/reinigung-hemau,/reinigung-kelheim,service,service,0.143,1.000,1.000,0.980,0,9,no,HIGH_OVERLAP,REVIEW_SHARED_FAQ;DIFFERENTIATE_MAIN_CONTENT;REWRITE_FOR_CUSTOMER
/reinigung-hemau,/reinigung-koefering,service,service,1.000,1.000,1.000,1.000,0,9,no,HIGH_OVERLAP,REVIEW_SHARED_FAQ;DIFFERENTIATE_MAIN_CONTENT;REWRITE_FOR_CUSTOMER
/reinigung-hemau,/reinigung-laaber,service,service,0.143,1.000,1.000,1.000,0,9,no,HIGH_OVERLAP,REVIEW_SHARED_FAQ;DIFFERENTIATE_MAIN_CONTENT;REWRITE_FOR_CUSTOMER
/reinigung-hemau,/reinigung-langquaid,service,service,0.111,1.000,1.000,1.000,0,9,no,HIGH_OVERLAP,REVIEW_SHARED_FAQ;DIFFERENTIATE_MAIN_CONTENT;REWRITE_FOR_CUSTOMER
/reinigung-hemau,/reinigung-lappersdorf,service,service,1.000,1.000,1.000,0.980,0,9,no,HIGH_OVERLAP,REVIEW_SHARED_FAQ;DIFFERENTIATE_MAIN_CONTENT;REWRITE_FOR_CUSTOMER
/reinigung-holzheim-am-forst,/reinigung-kallmuenz,service,service,0.143,1.000,1.000,1.000,0,9,no,HIGH_OVERLAP,REVIEW_SHARED_FAQ;DIFFERENTIATE_MAIN_CONTENT;REWRITE_FOR_CUSTOMER
/reinigung-holzheim-am-forst,/reinigung-kelheim,service,service,0.143,1.000,1.000,0.980,0,9,no,HIGH_OVERLAP,REVIEW_SHARED_FAQ;DIFFERENTIATE_MAIN_CONTENT;REWRITE_FOR_CUSTOMER
/reinigung-holzheim-am-forst,/reinigung-koefering,service,service,1.000,1.000,1.000,1.000,0,9,no,HIGH_OVERLAP,REVIEW_SHARED_FAQ;DIFFERENTIATE_MAIN_CONTENT;REWRITE_FOR_CUSTOMER
/reinigung-holzheim-am-forst,/reinigung-laaber,service,service,0.143,1.000,1.000,1.000,0,9,no,HIGH_OVERLAP,REVIEW_SHARED_FAQ;DIFFERENTIATE_MAIN_CONTENT;REWRITE_FOR_CUSTOMER
/reinigung-holzheim-am-forst,/reinigung-langquaid,service,service,0.111,1.000,1.000,1.000,0,9,no,HIGH_OVERLAP,REVIEW_SHARED_FAQ;DIFFERENTIATE_MAIN_CONTENT;REWRITE_FOR_CUSTOMER
/reinigung-holzheim-am-forst,/reinigung-lappersdorf,service,service,1.000,1.000,1.000,0.980,0,9,no,HIGH_OVERLAP,REVIEW_SHARED_FAQ;DIFFERENTIATE_MAIN_CONTENT;REWRITE_FOR_CUSTOMER
/reinigung-kallmuenz,/reinigung-kelheim,service,service,1.000,1.000,1.000,0.980,0,9,no,HIGH_OVERLAP,REVIEW_SHARED_FAQ;DIFFERENTIATE_MAIN_CONTENT;REWRITE_FOR_CUSTOMER
/reinigung-kallmuenz,/reinigung-koefering,service,service,0.143,1.000,1.000,1.000,0,9,no,HIGH_OVERLAP,REVIEW_SHARED_FAQ;DIFFERENTIATE_MAIN_CONTENT;REWRITE_FOR_CUSTOMER
/reinigung-kallmuenz,/reinigung-laaber,service,service,1.000,1.000,1.000,1.000,0,9,no,HIGH_OVERLAP,REVIEW_SHARED_FAQ;DIFFERENTIATE_MAIN_CONTENT;REWRITE_FOR_CUSTOMER
/reinigung-kallmuenz,/reinigung-langquaid,service,service,0.143,1.000,1.000,1.000,0,9,no,HIGH_OVERLAP,REVIEW_SHARED_FAQ;DIFFERENTIATE_MAIN_CONTENT;REWRITE_FOR_CUSTOMER
/reinigung-kallmuenz,/reinigung-lappersdorf,service,service,0.143,1.000,1.000,0.980,0,9,no,HIGH_OVERLAP,REVIEW_SHARED_FAQ;DIFFERENTIATE_MAIN_CONTENT;REWRITE_FOR_CUSTOMER
/reinigung-kelheim,/reinigung-koefering,service,service,0.143,1.000,1.000,0.980,0,9,no,HIGH_OVERLAP,REVIEW_SHARED_FAQ;DIFFERENTIATE_MAIN_CONTENT;REWRITE_FOR_CUSTOMER
/reinigung-kelheim,/reinigung-laaber,service,service,1.000,1.000,1.000,0.980,0,9,no,HIGH_OVERLAP,REVIEW_SHARED_FAQ;DIFFERENTIATE_MAIN_CONTENT;REWRITE_FOR_CUSTOMER
/reinigung-kelheim,/reinigung-langquaid,service,service,0.143,1.000,1.000,0.980,0,9,no,HIGH_OVERLAP,REVIEW_SHARED_FAQ;DIFFERENTIATE_MAIN_CONTENT;REWRITE_FOR_CUSTOMER
/reinigung-kelheim,/reinigung-lappersdorf,service,service,0.143,1.000,1.000,1.000,0,9,no,HIGH_OVERLAP,REVIEW_SHARED_FAQ;DIFFERENTIATE_MAIN_CONTENT;REWRITE_FOR_CUSTOMER
/reinigung-koefering,/reinigung-laaber,service,service,0.143,1.000,1.000,1.000,0,9,no,HIGH_OVERLAP,REVIEW_SHARED_FAQ;DIFFERENTIATE_MAIN_CONTENT;REWRITE_FOR_CUSTOMER
/reinigung-koefering,/reinigung-langquaid,service,service,0.111,1.000,1.000,1.000,0,9,no,HIGH_OVERLAP,REVIEW_SHARED_FAQ;DIFFERENTIATE_MAIN_CONTENT;REWRITE_FOR_CUSTOMER
/reinigung-koefering,/reinigung-lappersdorf,service,service,1.000,1.000,1.000,0.980,0,9,no,HIGH_OVERLAP,REVIEW_SHARED_FAQ;DIFFERENTIATE_MAIN_CONTENT;REWRITE_FOR_CUSTOMER
/reinigung-laaber,/reinigung-langquaid,service,service,0.143,1.000,1.000,1.000,0,9,no,HIGH_OVERLAP,REVIEW_SHARED_FAQ;DIFFERENTIATE_MAIN_CONTENT;REWRITE_FOR_CUSTOMER
/reinigung-laaber,/reinigung-lappersdorf,service,service,0.143,1.000,1.000,0.980,0,9,no,HIGH_OVERLAP,REVIEW_SHARED_FAQ;DIFFERENTIATE_MAIN_CONTENT;REWRITE_FOR_CUSTOMER
/reinigung-langquaid,/reinigung-lappersdorf,service,service,0.111,1.000,1.000,0.980,0,9,no,HIGH_OVERLAP,REVIEW_SHARED_FAQ;DIFFERENTIATE_MAIN_CONTENT;REWRITE_FOR_CUSTOMER
/reinigung-mainburg,/reinigung-mallersdorf-pfaffenberg,service,service,0.111,1.000,1.000,1.000,0,9,no,HIGH_OVERLAP,REVIEW_SHARED_FAQ;DIFFERENTIATE_MAIN_CONTENT;REWRITE_FOR_CUSTOMER
/reinigung-mainburg,/reinigung-maxhuette-haidhof,service,service,0.143,1.000,1.000,1.000,0,9,no,HIGH_OVERLAP,REVIEW_SHARED_FAQ;DIFFERENTIATE_MAIN_CONTENT;REWRITE_FOR_CUSTOMER
/reinigung-mainburg,/reinigung-mintraching,service,service,0.111,1.000,1.000,1.000,0,9,no,HIGH_OVERLAP,REVIEW_SHARED_FAQ;DIFFERENTIATE_MAIN_CONTENT;REWRITE_FOR_CUSTOMER
/reinigung-mainburg,/reinigung-moetzing,service,service,1.000,1.000,1.000,1.000,0,9,no,HIGH_OVERLAP,REVIEW_SHARED_FAQ;DIFFERENTIATE_MAIN_CONTENT;REWRITE_FOR_CUSTOMER
/reinigung-mainburg,/reinigung-neutraubling,service,service,0.111,1.000,1.000,0.980,0,9,no,HIGH_OVERLAP,REVIEW_SHARED_FAQ;DIFFERENTIATE_MAIN_CONTENT;REWRITE_FOR_CUSTOMER
/reinigung-mainburg,/reinigung-nittenau,service,service,0.111,1.000,1.000,1.000,0,9,no,HIGH_OVERLAP,REVIEW_SHARED_FAQ;DIFFERENTIATE_MAIN_CONTENT;REWRITE_FOR_CUSTOMER
/reinigung-mainburg,/reinigung-nittendorf,service,service,0.143,1.000,1.000,1.000,0,9,no,HIGH_OVERLAP,REVIEW_SHARED_FAQ;DIFFERENTIATE_MAIN_CONTENT;REWRITE_FOR_CUSTOMER
/reinigung-mallersdorf-pfaffenberg,/reinigung-maxhuette-haidhof,service,service,0.143,1.000,1.000,1.000,0,9,no,HIGH_OVERLAP,REVIEW_SHARED_FAQ;DIFFERENTIATE_MAIN_CONTENT;REWRITE_FOR_CUSTOMER
/reinigung-mallersdorf-pfaffenberg,/reinigung-mintraching,service,service,1.000,1.000,1.000,1.000,0,9,no,HIGH_OVERLAP,REVIEW_SHARED_FAQ;DIFFERENTIATE_MAIN_CONTENT;REWRITE_FOR_CUSTOMER
/reinigung-mallersdorf-pfaffenberg,/reinigung-moetzing,service,service,0.111,1.000,1.000,1.000,0,9,no,HIGH_OVERLAP,REVIEW_SHARED_FAQ;DIFFERENTIATE_MAIN_CONTENT;REWRITE_FOR_CUSTOMER
/reinigung-mallersdorf-pfaffenberg,/reinigung-neutraubling,service,service,1.000,1.000,1.000,0.980,0,9,no,HIGH_OVERLAP,REVIEW_SHARED_FAQ;DIFFERENTIATE_MAIN_CONTENT;REWRITE_FOR_CUSTOMER
/reinigung-mallersdorf-pfaffenberg,/reinigung-nittenau,service,service,1.000,1.000,1.000,1.000,0,9,no,HIGH_OVERLAP,REVIEW_SHARED_FAQ;DIFFERENTIATE_MAIN_CONTENT;REWRITE_FOR_CUSTOMER
/reinigung-mallersdorf-pfaffenberg,/reinigung-nittendorf,service,service,0.143,1.000,1.000,1.000,0,9,no,HIGH_OVERLAP,REVIEW_SHARED_FAQ;DIFFERENTIATE_MAIN_CONTENT;REWRITE_FOR_CUSTOMER
/reinigung-maxhuette-haidhof,/reinigung-mintraching,service,service,0.143,1.000,1.000,1.000,0,9,no,HIGH_OVERLAP,REVIEW_SHARED_FAQ;DIFFERENTIATE_MAIN_CONTENT;REWRITE_FOR_CUSTOMER
/reinigung-maxhuette-haidhof,/reinigung-moetzing,service,service,0.143,1.000,1.000,1.000,0,9,no,HIGH_OVERLAP,REVIEW_SHARED_FAQ;DIFFERENTIATE_MAIN_CONTENT;REWRITE_FOR_CUSTOMER
/reinigung-maxhuette-haidhof,/reinigung-neutraubling,service,service,0.143,1.000,1.000,0.980,0,9,no,HIGH_OVERLAP,REVIEW_SHARED_FAQ;DIFFERENTIATE_MAIN_CONTENT;REWRITE_FOR_CUSTOMER
/reinigung-maxhuette-haidhof,/reinigung-nittenau,service,service,0.143,1.000,1.000,1.000,0,9,no,HIGH_OVERLAP,REVIEW_SHARED_FAQ;DIFFERENTIATE_MAIN_CONTENT;REWRITE_FOR_CUSTOMER
/reinigung-maxhuette-haidhof,/reinigung-nittendorf,service,service,1.000,1.000,1.000,1.000,0,9,no,HIGH_OVERLAP,REVIEW_SHARED_FAQ;DIFFERENTIATE_MAIN_CONTENT;REWRITE_FOR_CUSTOMER
/reinigung-mintraching,/reinigung-moetzing,service,service,0.111,1.000,1.000,1.000,0,9,no,HIGH_OVERLAP,REVIEW_SHARED_FAQ;DIFFERENTIATE_MAIN_CONTENT;REWRITE_FOR_CUSTOMER
/reinigung-mintraching,/reinigung-neutraubling,service,service,1.000,1.000,1.000,0.980,0,9,no,HIGH_OVERLAP,REVIEW_SHARED_FAQ;DIFFERENTIATE_MAIN_CONTENT;REWRITE_FOR_CUSTOMER
/reinigung-mintraching,/reinigung-nittenau,service,service,1.000,1.000,1.000,1.000,0,9,no,HIGH_OVERLAP,REVIEW_SHARED_FAQ;DIFFERENTIATE_MAIN_CONTENT;REWRITE_FOR_CUSTOMER
/reinigung-mintraching,/reinigung-nittendorf,service,service,0.143,1.000,1.000,1.000,0,9,no,HIGH_OVERLAP,REVIEW_SHARED_FAQ;DIFFERENTIATE_MAIN_CONTENT;REWRITE_FOR_CUSTOMER
/reinigung-moetzing,/reinigung-neutraubling,service,service,0.111,1.000,1.000,0.980,0,9,no,HIGH_OVERLAP,REVIEW_SHARED_FAQ;DIFFERENTIATE_MAIN_CONTENT;REWRITE_FOR_CUSTOMER
/reinigung-moetzing,/reinigung-nittenau,service,service,0.111,1.000,1.000,1.000,0,9,no,HIGH_OVERLAP,REVIEW_SHARED_FAQ;DIFFERENTIATE_MAIN_CONTENT;REWRITE_FOR_CUSTOMER
/reinigung-moetzing,/reinigung-nittendorf,service,service,0.143,1.000,1.000,1.000,0,9,no,HIGH_OVERLAP,REVIEW_SHARED_FAQ;DIFFERENTIATE_MAIN_CONTENT;REWRITE_FOR_CUSTOMER
/reinigung-neutraubling,/reinigung-nittenau,service,service,1.000,1.000,1.000,0.980,0,9,no,HIGH_OVERLAP,REVIEW_SHARED_FAQ;DIFFERENTIATE_MAIN_CONTENT;REWRITE_FOR_CUSTOMER
/reinigung-neutraubling,/reinigung-nittendorf,service,service,0.143,1.000,1.000,0.980,0,9,no,HIGH_OVERLAP,REVIEW_SHARED_FAQ;DIFFERENTIATE_MAIN_CONTENT;REWRITE_FOR_CUSTOMER
/reinigung-nittenau,/reinigung-nittendorf,service,service,0.143,1.000,1.000,1.000,0,9,no,HIGH_OVERLAP,REVIEW_SHARED_FAQ;DIFFERENTIATE_MAIN_CONTENT;REWRITE_FOR_CUSTOMER
/reinigung-obertraubling,/reinigung-painten,service,service,0.143,1.000,1.000,0.980,0,9,no,HIGH_OVERLAP,REVIEW_SHARED_FAQ;DIFFERENTIATE_MAIN_CONTENT;REWRITE_FOR_CUSTOMER
/reinigung-obertraubling,/reinigung-pentling,service,service,0.111,1.000,1.000,1.000,0,9,no,HIGH_OVERLAP,REVIEW_SHARED_FAQ;DIFFERENTIATE_MAIN_CONTENT;REWRITE_FOR_CUSTOMER
/reinigung-obertraubling,/reinigung-pettendorf,service,service,0.111,1.000,1.000,0.980,0,9,no,HIGH_OVERLAP,REVIEW_SHARED_FAQ;DIFFERENTIATE_MAIN_CONTENT;REWRITE_FOR_CUSTOMER
/reinigung-obertraubling,/reinigung-pfatter,service,service,0.111,1.000,1.000,0.980,0,9,no,HIGH_OVERLAP,REVIEW_SHARED_FAQ;DIFFERENTIATE_MAIN_CONTENT;REWRITE_FOR_CUSTOMER
/reinigung-obertraubling,/reinigung-pielenhofen,service,service,0.143,1.000,1.000,0.980,0,9,no,HIGH_OVERLAP,REVIEW_SHARED_FAQ;DIFFERENTIATE_MAIN_CONTENT;REWRITE_FOR_CUSTOMER
/reinigung-obertraubling,/reinigung-regenstauf,service,service,0.111,1.000,1.000,1.000,0,9,no,HIGH_OVERLAP,REVIEW_SHARED_FAQ;DIFFERENTIATE_MAIN_CONTENT;REWRITE_FOR_CUSTOMER
/reinigung-obertraubling,/reinigung-riedenburg,service,service,0.143,1.000,1.000,0.980,0,9,no,HIGH_OVERLAP,REVIEW_SHARED_FAQ;DIFFERENTIATE_MAIN_CONTENT;REWRITE_FOR_CUSTOMER
/reinigung-painten,/reinigung-pentling,service,service,0.143,1.000,1.000,0.980,0,9,no,HIGH_OVERLAP,REVIEW_SHARED_FAQ;DIFFERENTIATE_MAIN_CONTENT;REWRITE_FOR_CUSTOMER
/reinigung-painten,/reinigung-pettendorf,service,service,0.143,1.000,1.000,1.000,0,9,no,HIGH_OVERLAP,REVIEW_SHARED_FAQ;DIFFERENTIATE_MAIN_CONTENT;REWRITE_FOR_CUSTOMER
/reinigung-painten,/reinigung-pfatter,service,service,0.143,1.000,1.000,1.000,0,9,no,HIGH_OVERLAP,REVIEW_SHARED_FAQ;DIFFERENTIATE_MAIN_CONTENT;REWRITE_FOR_CUSTOMER
/reinigung-painten,/reinigung-pielenhofen,service,service,1.000,1.000,1.000,1.000,0,9,no,HIGH_OVERLAP,REVIEW_SHARED_FAQ;DIFFERENTIATE_MAIN_CONTENT;REWRITE_FOR_CUSTOMER
/reinigung-painten,/reinigung-regenstauf,service,service,0.143,1.000,1.000,0.980,0,9,no,HIGH_OVERLAP,REVIEW_SHARED_FAQ;DIFFERENTIATE_MAIN_CONTENT;REWRITE_FOR_CUSTOMER
/reinigung-painten,/reinigung-riedenburg,service,service,1.000,1.000,1.000,1.000,0,9,no,HIGH_OVERLAP,REVIEW_SHARED_FAQ;DIFFERENTIATE_MAIN_CONTENT;REWRITE_FOR_CUSTOMER
/reinigung-pentling,/reinigung-pettendorf,service,service,1.000,1.000,1.000,0.980,0,9,no,HIGH_OVERLAP,REVIEW_SHARED_FAQ;DIFFERENTIATE_MAIN_CONTENT;REWRITE_FOR_CUSTOMER
/reinigung-pentling,/reinigung-pfatter,service,service,0.111,1.000,1.000,0.980,0,9,no,HIGH_OVERLAP,REVIEW_SHARED_FAQ;DIFFERENTIATE_MAIN_CONTENT;REWRITE_FOR_CUSTOMER
/reinigung-pentling,/reinigung-pielenhofen,service,service,0.143,1.000,1.000,0.980,0,9,no,HIGH_OVERLAP,REVIEW_SHARED_FAQ;DIFFERENTIATE_MAIN_CONTENT;REWRITE_FOR_CUSTOMER
/reinigung-pentling,/reinigung-regenstauf,service,service,0.111,1.000,1.000,1.000,0,9,no,HIGH_OVERLAP,REVIEW_SHARED_FAQ;DIFFERENTIATE_MAIN_CONTENT;REWRITE_FOR_CUSTOMER
/reinigung-pentling,/reinigung-riedenburg,service,service,0.143,1.000,1.000,0.980,0,9,no,HIGH_OVERLAP,REVIEW_SHARED_FAQ;DIFFERENTIATE_MAIN_CONTENT;REWRITE_FOR_CUSTOMER
/reinigung-pettendorf,/reinigung-pfatter,service,service,0.111,1.000,1.000,1.000,0,9,no,HIGH_OVERLAP,REVIEW_SHARED_FAQ;DIFFERENTIATE_MAIN_CONTENT;REWRITE_FOR_CUSTOMER
/reinigung-pettendorf,/reinigung-pielenhofen,service,service,0.143,1.000,1.000,1.000,0,9,no,HIGH_OVERLAP,REVIEW_SHARED_FAQ;DIFFERENTIATE_MAIN_CONTENT;REWRITE_FOR_CUSTOMER
/reinigung-pettendorf,/reinigung-regenstauf,service,service,0.111,1.000,1.000,0.980,0,9,no,HIGH_OVERLAP,REVIEW_SHARED_FAQ;DIFFERENTIATE_MAIN_CONTENT;REWRITE_FOR_CUSTOMER
/reinigung-pettendorf,/reinigung-riedenburg,service,service,0.143,1.000,1.000,1.000,0,9,no,HIGH_OVERLAP,REVIEW_SHARED_FAQ;DIFFERENTIATE_MAIN_CONTENT;REWRITE_FOR_CUSTOMER
/reinigung-pfatter,/reinigung-pielenhofen,service,service,0.143,1.000,1.000,1.000,0,9,no,HIGH_OVERLAP,REVIEW_SHARED_FAQ;DIFFERENTIATE_MAIN_CONTENT;REWRITE_FOR_CUSTOMER
/reinigung-pfatter,/reinigung-regenstauf,service,service,1.000,1.000,1.000,0.980,0,9,no,HIGH_OVERLAP,REVIEW_SHARED_FAQ;DIFFERENTIATE_MAIN_CONTENT;REWRITE_FOR_CUSTOMER
/reinigung-pfatter,/reinigung-riedenburg,service,service,0.143,1.000,1.000,1.000,0,9,no,HIGH_OVERLAP,REVIEW_SHARED_FAQ;DIFFERENTIATE_MAIN_CONTENT;REWRITE_FOR_CUSTOMER
/reinigung-pielenhofen,/reinigung-regenstauf,service,service,0.143,1.000,1.000,0.980,0,9,no,HIGH_OVERLAP,REVIEW_SHARED_FAQ;DIFFERENTIATE_MAIN_CONTENT;REWRITE_FOR_CUSTOMER
/reinigung-pielenhofen,/reinigung-riedenburg,service,service,1.000,1.000,1.000,1.000,0,9,no,HIGH_OVERLAP,REVIEW_SHARED_FAQ;DIFFERENTIATE_MAIN_CONTENT;REWRITE_FOR_CUSTOMER
/reinigung-preis-rechner,/umzug-kosten-rechner,tool,tool,0.111,0.000,1.000,0.162,0,0,no,HIGH_OVERLAP,REWRITE_FOR_CUSTOMER
/reinigung-regenstauf,/reinigung-riedenburg,service,service,0.143,1.000,1.000,0.980,0,9,no,HIGH_OVERLAP,REVIEW_SHARED_FAQ;DIFFERENTIATE_MAIN_CONTENT;REWRITE_FOR_CUSTOMER
/reinigung-riekofen,/reinigung-roding,service,service,0.143,1.000,1.000,1.000,0,9,no,HIGH_OVERLAP,REVIEW_SHARED_FAQ;DIFFERENTIATE_MAIN_CONTENT;REWRITE_FOR_CUSTOMER
/reinigung-riekofen,/reinigung-saal-an-der-donau,service,service,0.143,1.000,1.000,1.000,0,9,no,HIGH_OVERLAP,REVIEW_SHARED_FAQ;DIFFERENTIATE_MAIN_CONTENT;REWRITE_FOR_CUSTOMER
/reinigung-riekofen,/reinigung-schierling,service,service,0.111,1.000,1.000,1.000,0,9,no,HIGH_OVERLAP,REVIEW_SHARED_FAQ;DIFFERENTIATE_MAIN_CONTENT;REWRITE_FOR_CUSTOMER
/reinigung-riekofen,/reinigung-schwandorf,service,service,0.143,1.000,1.000,0.900,0,6,no,HIGH_OVERLAP,REVIEW_SHARED_FAQ;DIFFERENTIATE_MAIN_CONTENT;REWRITE_FOR_CUSTOMER
/reinigung-riekofen,/reinigung-sinzing,service,service,0.111,1.000,1.000,1.000,0,9,no,HIGH_OVERLAP,REVIEW_SHARED_FAQ;DIFFERENTIATE_MAIN_CONTENT;REWRITE_FOR_CUSTOMER
/reinigung-riekofen,/reinigung-straubing,service,service,1.000,1.000,1.000,0.908,0,6,no,HIGH_OVERLAP,REVIEW_SHARED_FAQ;DIFFERENTIATE_MAIN_CONTENT;REWRITE_FOR_CUSTOMER
/reinigung-riekofen,/reinigung-suenching,service,service,0.111,1.000,1.000,1.000,0,9,no,HIGH_OVERLAP,REVIEW_SHARED_FAQ;DIFFERENTIATE_MAIN_CONTENT;REWRITE_FOR_CUSTOMER
/reinigung-roding,/reinigung-saal-an-der-donau,service,service,1.000,1.000,1.000,1.000,0,9,no,HIGH_OVERLAP,REVIEW_SHARED_FAQ;DIFFERENTIATE_MAIN_CONTENT;REWRITE_FOR_CUSTOMER
/reinigung-roding,/reinigung-schierling,service,service,0.143,1.000,1.000,1.000,0,9,no,HIGH_OVERLAP,REVIEW_SHARED_FAQ;DIFFERENTIATE_MAIN_CONTENT;REWRITE_FOR_CUSTOMER
/reinigung-roding,/reinigung-schwandorf,service,service,1.000,1.000,1.000,0.900,0,6,no,HIGH_OVERLAP,REVIEW_SHARED_FAQ;DIFFERENTIATE_MAIN_CONTENT;REWRITE_FOR_CUSTOMER
/reinigung-roding,/reinigung-sinzing,service,service,0.143,1.000,1.000,1.000,0,9,no,HIGH_OVERLAP,REVIEW_SHARED_FAQ;DIFFERENTIATE_MAIN_CONTENT;REWRITE_FOR_CUSTOMER
/reinigung-roding,/reinigung-straubing,service,service,0.143,1.000,1.000,0.908,0,6,no,HIGH_OVERLAP,REVIEW_SHARED_FAQ;DIFFERENTIATE_MAIN_CONTENT;REWRITE_FOR_CUSTOMER
/reinigung-roding,/reinigung-suenching,service,service,0.143,1.000,1.000,1.000,0,9,no,HIGH_OVERLAP,REVIEW_SHARED_FAQ;DIFFERENTIATE_MAIN_CONTENT;REWRITE_FOR_CUSTOMER
/reinigung-saal-an-der-donau,/reinigung-schierling,service,service,0.143,1.000,1.000,1.000,0,9,no,HIGH_OVERLAP,REVIEW_SHARED_FAQ;DIFFERENTIATE_MAIN_CONTENT;REWRITE_FOR_CUSTOMER
/reinigung-saal-an-der-donau,/reinigung-schwandorf,service,service,1.000,1.000,1.000,0.900,0,6,no,HIGH_OVERLAP,REVIEW_SHARED_FAQ;DIFFERENTIATE_MAIN_CONTENT;REWRITE_FOR_CUSTOMER
/reinigung-saal-an-der-donau,/reinigung-sinzing,service,service,0.143,1.000,1.000,1.000,0,9,no,HIGH_OVERLAP,REVIEW_SHARED_FAQ;DIFFERENTIATE_MAIN_CONTENT;REWRITE_FOR_CUSTOMER
/reinigung-saal-an-der-donau,/reinigung-straubing,service,service,0.143,1.000,1.000,0.908,0,6,no,HIGH_OVERLAP,REVIEW_SHARED_FAQ;DIFFERENTIATE_MAIN_CONTENT;REWRITE_FOR_CUSTOMER
/reinigung-saal-an-der-donau,/reinigung-suenching,service,service,0.143,1.000,1.000,1.000,0,9,no,HIGH_OVERLAP,REVIEW_SHARED_FAQ;DIFFERENTIATE_MAIN_CONTENT;REWRITE_FOR_CUSTOMER
/reinigung-schierling,/reinigung-schwandorf,service,service,0.143,1.000,1.000,0.900,0,6,no,HIGH_OVERLAP,REVIEW_SHARED_FAQ;DIFFERENTIATE_MAIN_CONTENT;REWRITE_FOR_CUSTOMER
/reinigung-schierling,/reinigung-sinzing,service,service,1.000,1.000,1.000,1.000,0,9,no,HIGH_OVERLAP,REVIEW_SHARED_FAQ;DIFFERENTIATE_MAIN_CONTENT;REWRITE_FOR_CUSTOMER
/reinigung-schierling,/reinigung-straubing,service,service,0.111,1.000,1.000,0.908,0,6,no,HIGH_OVERLAP,REVIEW_SHARED_FAQ;DIFFERENTIATE_MAIN_CONTENT;REWRITE_FOR_CUSTOMER
/reinigung-schierling,/reinigung-suenching,service,service,0.111,1.000,1.000,1.000,0,9,no,HIGH_OVERLAP,REVIEW_SHARED_FAQ;DIFFERENTIATE_MAIN_CONTENT;REWRITE_FOR_CUSTOMER
/reinigung-schwandorf,/reinigung-sinzing,service,service,0.143,1.000,1.000,0.900,0,6,no,HIGH_OVERLAP,REVIEW_SHARED_FAQ;DIFFERENTIATE_MAIN_CONTENT;REWRITE_FOR_CUSTOMER
/reinigung-schwandorf,/reinigung-straubing,service,service,0.143,1.000,1.000,0.945,0,6,no,HIGH_OVERLAP,REVIEW_SHARED_FAQ;DIFFERENTIATE_MAIN_CONTENT;REWRITE_FOR_CUSTOMER
/reinigung-schwandorf,/reinigung-suenching,service,service,0.143,1.000,1.000,0.900,0,6,no,HIGH_OVERLAP,REVIEW_SHARED_FAQ;DIFFERENTIATE_MAIN_CONTENT;REWRITE_FOR_CUSTOMER
/reinigung-sinzing,/reinigung-straubing,service,service,0.111,1.000,1.000,0.908,0,6,no,HIGH_OVERLAP,REVIEW_SHARED_FAQ;DIFFERENTIATE_MAIN_CONTENT;REWRITE_FOR_CUSTOMER
/reinigung-sinzing,/reinigung-suenching,service,service,0.111,1.000,1.000,1.000,0,9,no,HIGH_OVERLAP,REVIEW_SHARED_FAQ;DIFFERENTIATE_MAIN_CONTENT;REWRITE_FOR_CUSTOMER
/reinigung-straubing,/reinigung-suenching,service,service,0.111,1.000,1.000,0.908,0,6,no,HIGH_OVERLAP,REVIEW_SHARED_FAQ;DIFFERENTIATE_MAIN_CONTENT;REWRITE_FOR_CUSTOMER
/reinigung-tegernheim,/reinigung-teublitz,service,service,0.111,1.000,1.000,1.000,0,9,no,HIGH_OVERLAP,REVIEW_SHARED_FAQ;DIFFERENTIATE_MAIN_CONTENT;REWRITE_FOR_CUSTOMER
/reinigung-tegernheim,/reinigung-thalmassing,service,service,0.143,1.000,1.000,1.000,0,9,no,HIGH_OVERLAP,REVIEW_SHARED_FAQ;DIFFERENTIATE_MAIN_CONTENT;REWRITE_FOR_CUSTOMER
/reinigung-tegernheim,/reinigung-wenzenbach,service,service,0.143,1.000,1.000,1.000,0,9,no,HIGH_OVERLAP,REVIEW_SHARED_FAQ;DIFFERENTIATE_MAIN_CONTENT;REWRITE_FOR_CUSTOMER
/reinigung-tegernheim,/reinigung-wiesent,service,service,0.143,1.000,1.000,1.000,0,9,no,HIGH_OVERLAP,REVIEW_SHARED_FAQ;DIFFERENTIATE_MAIN_CONTENT;REWRITE_FOR_CUSTOMER
/reinigung-tegernheim,/reinigung-woerth-an-der-donau,service,service,0.143,1.000,1.000,1.000,0,9,no,HIGH_OVERLAP,REVIEW_SHARED_FAQ;DIFFERENTIATE_MAIN_CONTENT;REWRITE_FOR_CUSTOMER
/reinigung-tegernheim,/reinigung-wolfsegg,service,service,1.000,1.000,1.000,1.000,0,9,no,HIGH_OVERLAP,REVIEW_SHARED_FAQ;DIFFERENTIATE_MAIN_CONTENT;REWRITE_FOR_CUSTOMER
/reinigung-tegernheim,/reinigung-zeitlarn,service,service,0.143,1.000,1.000,1.000,0,9,no,HIGH_OVERLAP,REVIEW_SHARED_FAQ;DIFFERENTIATE_MAIN_CONTENT;REWRITE_FOR_CUSTOMER
/reinigung-teublitz,/reinigung-thalmassing,service,service,0.143,1.000,1.000,1.000,0,9,no,HIGH_OVERLAP,REVIEW_SHARED_FAQ;DIFFERENTIATE_MAIN_CONTENT;REWRITE_FOR_CUSTOMER
/reinigung-teublitz,/reinigung-wenzenbach,service,service,0.143,1.000,1.000,1.000,0,9,no,HIGH_OVERLAP,REVIEW_SHARED_FAQ;DIFFERENTIATE_MAIN_CONTENT;REWRITE_FOR_CUSTOMER
/reinigung-teublitz,/reinigung-wiesent,service,service,0.143,1.000,1.000,1.000,0,9,no,HIGH_OVERLAP,REVIEW_SHARED_FAQ;DIFFERENTIATE_MAIN_CONTENT;REWRITE_FOR_CUSTOMER
/reinigung-teublitz,/reinigung-woerth-an-der-donau,service,service,0.143,1.000,1.000,1.000,0,9,no,HIGH_OVERLAP,REVIEW_SHARED_FAQ;DIFFERENTIATE_MAIN_CONTENT;REWRITE_FOR_CUSTOMER
/reinigung-teublitz,/reinigung-wolfsegg,service,service,0.111,1.000,1.000,1.000,0,9,no,HIGH_OVERLAP,REVIEW_SHARED_FAQ;DIFFERENTIATE_MAIN_CONTENT;REWRITE_FOR_CUSTOMER
/reinigung-teublitz,/reinigung-zeitlarn,service,service,0.143,1.000,1.000,1.000,0,9,no,HIGH_OVERLAP,REVIEW_SHARED_FAQ;DIFFERENTIATE_MAIN_CONTENT;REWRITE_FOR_CUSTOMER
/reinigung-thalmassing,/reinigung-wenzenbach,service,service,1.000,1.000,1.000,1.000,0,9,no,HIGH_OVERLAP,REVIEW_SHARED_FAQ;DIFFERENTIATE_MAIN_CONTENT;REWRITE_FOR_CUSTOMER
/reinigung-thalmassing,/reinigung-wiesent,service,service,1.000,1.000,1.000,1.000,0,9,no,HIGH_OVERLAP,REVIEW_SHARED_FAQ;DIFFERENTIATE_MAIN_CONTENT;REWRITE_FOR_CUSTOMER
/reinigung-thalmassing,/reinigung-woerth-an-der-donau,service,service,1.000,1.000,1.000,1.000,0,9,no,HIGH_OVERLAP,REVIEW_SHARED_FAQ;DIFFERENTIATE_MAIN_CONTENT;REWRITE_FOR_CUSTOMER
/reinigung-thalmassing,/reinigung-wolfsegg,service,service,0.143,1.000,1.000,1.000,0,9,no,HIGH_OVERLAP,REVIEW_SHARED_FAQ;DIFFERENTIATE_MAIN_CONTENT;REWRITE_FOR_CUSTOMER
/reinigung-thalmassing,/reinigung-zeitlarn,service,service,1.000,1.000,1.000,1.000,0,9,no,HIGH_OVERLAP,REVIEW_SHARED_FAQ;DIFFERENTIATE_MAIN_CONTENT;REWRITE_FOR_CUSTOMER
/reinigung-wenzenbach,/reinigung-wiesent,service,service,1.000,1.000,1.000,1.000,0,9,no,HIGH_OVERLAP,REVIEW_SHARED_FAQ;DIFFERENTIATE_MAIN_CONTENT;REWRITE_FOR_CUSTOMER
/reinigung-wenzenbach,/reinigung-woerth-an-der-donau,service,service,1.000,1.000,1.000,1.000,0,9,no,HIGH_OVERLAP,REVIEW_SHARED_FAQ;DIFFERENTIATE_MAIN_CONTENT;REWRITE_FOR_CUSTOMER
/reinigung-wenzenbach,/reinigung-wolfsegg,service,service,0.143,1.000,1.000,1.000,0,9,no,HIGH_OVERLAP,REVIEW_SHARED_FAQ;DIFFERENTIATE_MAIN_CONTENT;REWRITE_FOR_CUSTOMER
/reinigung-wenzenbach,/reinigung-zeitlarn,service,service,1.000,1.000,1.000,1.000,0,9,no,HIGH_OVERLAP,REVIEW_SHARED_FAQ;DIFFERENTIATE_MAIN_CONTENT;REWRITE_FOR_CUSTOMER
/reinigung-wiesent,/reinigung-woerth-an-der-donau,service,service,1.000,1.000,1.000,1.000,0,9,no,HIGH_OVERLAP,REVIEW_SHARED_FAQ;DIFFERENTIATE_MAIN_CONTENT;REWRITE_FOR_CUSTOMER
/reinigung-wiesent,/reinigung-wolfsegg,service,service,0.143,1.000,1.000,1.000,0,9,no,HIGH_OVERLAP,REVIEW_SHARED_FAQ;DIFFERENTIATE_MAIN_CONTENT;REWRITE_FOR_CUSTOMER
/reinigung-wiesent,/reinigung-zeitlarn,service,service,1.000,1.000,1.000,1.000,0,9,no,HIGH_OVERLAP,REVIEW_SHARED_FAQ;DIFFERENTIATE_MAIN_CONTENT;REWRITE_FOR_CUSTOMER
/reinigung-woerth-an-der-donau,/reinigung-wolfsegg,service,service,0.143,1.000,1.000,1.000,0,9,no,HIGH_OVERLAP,REVIEW_SHARED_FAQ;DIFFERENTIATE_MAIN_CONTENT;REWRITE_FOR_CUSTOMER
/reinigung-woerth-an-der-donau,/reinigung-zeitlarn,service,service,1.000,1.000,1.000,1.000,0,9,no,HIGH_OVERLAP,REVIEW_SHARED_FAQ;DIFFERENTIATE_MAIN_CONTENT;REWRITE_FOR_CUSTOMER
/reinigung-wolfsegg,/reinigung-zeitlarn,service,service,0.143,1.000,1.000,1.000,0,9,no,HIGH_OVERLAP,REVIEW_SHARED_FAQ;DIFFERENTIATE_MAIN_CONTENT;REWRITE_FOR_CUSTOMER
/seniorenumzug-abensberg,/seniorenumzug-altdorf-bei-nuernberg,service,service,0.143,1.000,1.000,1.000,0,9,no,HIGH_OVERLAP,REVIEW_SHARED_FAQ;DIFFERENTIATE_MAIN_CONTENT;REWRITE_FOR_CUSTOMER
/seniorenumzug-abensberg,/seniorenumzug-alteglofsheim,service,service,0.286,1.000,1.000,1.000,0,9,no,HIGH_OVERLAP,REVIEW_SHARED_FAQ;DIFFERENTIATE_MAIN_CONTENT;REWRITE_FOR_CUSTOMER
/seniorenumzug-abensberg,/seniorenumzug-altenthann,service,service,1.000,1.000,1.000,1.000,0,9,no,HIGH_OVERLAP,REVIEW_SHARED_FAQ;DIFFERENTIATE_MAIN_CONTENT;REWRITE_FOR_CUSTOMER
/seniorenumzug-abensberg,/seniorenumzug-amberg,service,service,0.143,1.000,1.000,0.920,0,6,no,HIGH_OVERLAP,REVIEW_SHARED_FAQ;DIFFERENTIATE_MAIN_CONTENT;REWRITE_FOR_CUSTOMER
/seniorenumzug-abensberg,/seniorenumzug-ansbach,service,service,0.143,1.000,1.000,1.000,0,9,no,HIGH_OVERLAP,REVIEW_SHARED_FAQ;DIFFERENTIATE_MAIN_CONTENT;REWRITE_FOR_CUSTOMER
/seniorenumzug-abensberg,/seniorenumzug-auerbach-in-der-oberpfalz,service,service,1.000,1.000,1.000,1.000,0,9,no,HIGH_OVERLAP,REVIEW_SHARED_FAQ;DIFFERENTIATE_MAIN_CONTENT;REWRITE_FOR_CUSTOMER
/seniorenumzug-abensberg,/seniorenumzug-aufhausen,service,service,0.143,1.000,1.000,0.991,0,9,no,HIGH_OVERLAP,REVIEW_SHARED_FAQ;DIFFERENTIATE_MAIN_CONTENT;REWRITE_FOR_CUSTOMER
/seniorenumzug-abensberg,/seniorenumzug-augsburg,service,service,0.143,0.750,1.000,0.907,0,6,no,HIGH_OVERLAP,REVIEW_SHARED_FAQ;DIFFERENTIATE_MAIN_CONTENT;REWRITE_FOR_CUSTOMER
/seniorenumzug-abensberg,/seniorenumzug-bad-abbach,service,service,0.125,1.000,1.000,1.000,0,9,no,HIGH_OVERLAP,REVIEW_SHARED_FAQ;DIFFERENTIATE_MAIN_CONTENT;REWRITE_FOR_CUSTOMER
/seniorenumzug-abensberg,/seniorenumzug-bad-koetzting,service,service,1.000,1.000,1.000,1.000,0,9,no,HIGH_OVERLAP,REVIEW_SHARED_FAQ;DIFFERENTIATE_MAIN_CONTENT;REWRITE_FOR_CUSTOMER
/seniorenumzug-abensberg,/seniorenumzug-bad-toelz,service,service,0.286,1.000,1.000,1.000,0,9,no,HIGH_OVERLAP,REVIEW_SHARED_FAQ;DIFFERENTIATE_MAIN_CONTENT;REWRITE_FOR_CUSTOMER
/seniorenumzug-abensberg,/seniorenumzug-bamberg,service,service,0.111,1.000,1.000,0.863,0,6,no,HIGH_OVERLAP,REVIEW_SHARED_FAQ;DIFFERENTIATE_MAIN_CONTENT;REWRITE_FOR_CUSTOMER
/seniorenumzug-abensberg,/seniorenumzug-barbing,service,service,0.125,1.000,1.000,1.000,0,9,no,HIGH_OVERLAP,REVIEW_SHARED_FAQ;DIFFERENTIATE_MAIN_CONTENT;REWRITE_FOR_CUSTOMER
/seniorenumzug-abensberg,/seniorenumzug-bayreuth,service,service,0.143,1.000,1.000,0.929,0,6,no,HIGH_OVERLAP,REVIEW_SHARED_FAQ;DIFFERENTIATE_MAIN_CONTENT;REWRITE_FOR_CUSTOMER
/seniorenumzug-abensberg,/seniorenumzug-beilngries,service,service,0.143,1.000,1.000,1.000,0,9,no,HIGH_OVERLAP,REVIEW_SHARED_FAQ;DIFFERENTIATE_MAIN_CONTENT;REWRITE_FOR_CUSTOMER
/seniorenumzug-abensberg,/seniorenumzug-beratzhausen,service,service,0.143,1.000,1.000,1.000,0,9,no,HIGH_OVERLAP,REVIEW_SHARED_FAQ;DIFFERENTIATE_MAIN_CONTENT;REWRITE_FOR_CUSTOMER
/seniorenumzug-abensberg,/seniorenumzug-berching,service,service,0.286,1.000,1.000,1.000,0,9,no,HIGH_OVERLAP,REVIEW_SHARED_FAQ;DIFFERENTIATE_MAIN_CONTENT;REWRITE_FOR_CUSTOMER
/seniorenumzug-abensberg,/seniorenumzug-bernhardswald,service,service,0.125,1.000,1.000,1.000,0,9,no,HIGH_OVERLAP,REVIEW_SHARED_FAQ;DIFFERENTIATE_MAIN_CONTENT;REWRITE_FOR_CUSTOMER
/seniorenumzug-abensberg,/seniorenumzug-bogen,service,service,0.125,1.000,1.000,1.000,0,9,no,HIGH_OVERLAP,REVIEW_SHARED_FAQ;DIFFERENTIATE_MAIN_CONTENT;REWRITE_FOR_CUSTOMER
/seniorenumzug-abensberg,/seniorenumzug-brennberg,service,service,1.000,1.000,1.000,1.000,0,9,no,HIGH_OVERLAP,REVIEW_SHARED_FAQ;DIFFERENTIATE_MAIN_CONTENT;REWRITE_FOR_CUSTOMER
/seniorenumzug-abensberg,/seniorenumzug-brunn,service,service,1.000,1.000,1.000,1.000,0,9,no,HIGH_OVERLAP,REVIEW_SHARED_FAQ;DIFFERENTIATE_MAIN_CONTENT;REWRITE_FOR_CUSTOMER
/seniorenumzug-abensberg,/seniorenumzug-burglengenfeld,service,service,0.286,1.000,1.000,1.000,0,9,no,HIGH_OVERLAP,REVIEW_SHARED_FAQ;DIFFERENTIATE_MAIN_CONTENT;REWRITE_FOR_CUSTOMER
/seniorenumzug-abensberg,/seniorenumzug-cham,service,service,0.125,1.000,1.000,0.920,0,6,no,HIGH_OVERLAP,REVIEW_SHARED_FAQ;DIFFERENTIATE_MAIN_CONTENT;REWRITE_FOR_CUSTOMER
/seniorenumzug-abensberg,/seniorenumzug-coburg,service,service,0.143,1.000,1.000,1.000,0,9,no,HIGH_OVERLAP,REVIEW_SHARED_FAQ;DIFFERENTIATE_MAIN_CONTENT;REWRITE_FOR_CUSTOMER
/seniorenumzug-abensberg,/seniorenumzug-dachau,service,service,0.286,1.000,1.000,1.000,0,9,no,HIGH_OVERLAP,REVIEW_SHARED_FAQ;DIFFERENTIATE_MAIN_CONTENT;REWRITE_FOR_CUSTOMER
/seniorenumzug-abensberg,/seniorenumzug-deggendorf,service,service,0.125,1.000,1.000,1.000,0,9,no,HIGH_OVERLAP,REVIEW_SHARED_FAQ;DIFFERENTIATE_MAIN_CONTENT;REWRITE_FOR_CUSTOMER
/seniorenumzug-abensberg,/seniorenumzug-deuerling,service,service,0.125,1.000,1.000,1.000,0,9,no,HIGH_OVERLAP,REVIEW_SHARED_FAQ;DIFFERENTIATE_MAIN_CONTENT;REWRITE_FOR_CUSTOMER
/seniorenumzug-abensberg,/seniorenumzug-dietfurt,service,service,0.125,1.000,1.000,1.000,0,9,no,HIGH_OVERLAP,REVIEW_SHARED_FAQ;DIFFERENTIATE_MAIN_CONTENT;REWRITE_FOR_CUSTOMER
/seniorenumzug-abensberg,/seniorenumzug-dingolfing,service,service,1.000,1.000,1.000,1.000,0,9,no,HIGH_OVERLAP,REVIEW_SHARED_FAQ;DIFFERENTIATE_MAIN_CONTENT;REWRITE_FOR_CUSTOMER
/seniorenumzug-abensberg,/seniorenumzug-donaustauf,service,service,0.286,1.000,1.000,1.000,0,9,no,HIGH_OVERLAP,REVIEW_SHARED_FAQ;DIFFERENTIATE_MAIN_CONTENT;REWRITE_FOR_CUSTOMER
/seniorenumzug-abensberg,/seniorenumzug-duggendorf,service,service,0.125,1.000,1.000,1.000,0,9,no,HIGH_OVERLAP,REVIEW_SHARED_FAQ;DIFFERENTIATE_MAIN_CONTENT;REWRITE_FOR_CUSTOMER
/seniorenumzug-abensberg,/seniorenumzug-eggenfelden,service,service,0.143,1.000,1.000,1.000,0,9,no,HIGH_OVERLAP,REVIEW_SHARED_FAQ;DIFFERENTIATE_MAIN_CONTENT;REWRITE_FOR_CUSTOMER
/seniorenumzug-abensberg,/seniorenumzug-eichstaett,service,service,0.286,1.000,1.000,1.000,0,9,no,HIGH_OVERLAP,REVIEW_SHARED_FAQ;DIFFERENTIATE_MAIN_CONTENT;REWRITE_FOR_CUSTOMER
/seniorenumzug-abensberg,/seniorenumzug-erding,service,service,1.000,1.000,1.000,1.000,0,9,no,HIGH_OVERLAP,REVIEW_SHARED_FAQ;DIFFERENTIATE_MAIN_CONTENT;REWRITE_FOR_CUSTOMER
/seniorenumzug-abensberg,/seniorenumzug-ergoldsbach,service,service,0.143,1.000,1.000,1.000,0,9,no,HIGH_OVERLAP,REVIEW_SHARED_FAQ;DIFFERENTIATE_MAIN_CONTENT;REWRITE_FOR_CUSTOMER
/seniorenumzug-abensberg,/seniorenumzug-erlangen,service,service,0.111,1.000,1.000,0.863,0,6,no,HIGH_OVERLAP,REVIEW_SHARED_FAQ;DIFFERENTIATE_MAIN_CONTENT;REWRITE_FOR_CUSTOMER
/seniorenumzug-abensberg,/seniorenumzug-eschenbach-in-der-oberpfalz,service,service,0.143,1.000,1.000,1.000,0,9,no,HIGH_OVERLAP,REVIEW_SHARED_FAQ;DIFFERENTIATE_MAIN_CONTENT;REWRITE_FOR_CUSTOMER
/seniorenumzug-abensberg,/seniorenumzug-feucht,service,service,0.125,1.000,1.000,1.000,0,9,no,HIGH_OVERLAP,REVIEW_SHARED_FAQ;DIFFERENTIATE_MAIN_CONTENT;REWRITE_FOR_CUSTOMER
/seniorenumzug-abensberg,/seniorenumzug-freising,service,service,1.000,1.000,1.000,1.000,0,9,no,HIGH_OVERLAP,REVIEW_SHARED_FAQ;DIFFERENTIATE_MAIN_CONTENT;REWRITE_FOR_CUSTOMER
/seniorenumzug-abensberg,/seniorenumzug-freystadt,service,service,0.286,1.000,1.000,1.000,0,9,no,HIGH_OVERLAP,REVIEW_SHARED_FAQ;DIFFERENTIATE_MAIN_CONTENT;REWRITE_FOR_CUSTOMER
/seniorenumzug-abensberg,/seniorenumzug-freyung,service,service,0.143,1.000,1.000,1.000,0,9,no,HIGH_OVERLAP,REVIEW_SHARED_FAQ;DIFFERENTIATE_MAIN_CONTENT;REWRITE_FOR_CUSTOMER
/seniorenumzug-abensberg,/seniorenumzug-fuerstenfeldbruck,service,service,0.286,1.000,1.000,1.000,0,9,no,HIGH_OVERLAP,REVIEW_SHARED_FAQ;DIFFERENTIATE_MAIN_CONTENT;REWRITE_FOR_CUSTOMER
/seniorenumzug-abensberg,/seniorenumzug-fuerth,service,service,0.143,1.000,1.000,1.000,0,9,no,HIGH_OVERLAP,REVIEW_SHARED_FAQ;DIFFERENTIATE_MAIN_CONTENT;REWRITE_FOR_CUSTOMER
/seniorenumzug-abensberg,/seniorenumzug-furth-im-wald,service,service,1.000,1.000,1.000,1.000,0,9,no,HIGH_OVERLAP,REVIEW_SHARED_FAQ;DIFFERENTIATE_MAIN_CONTENT;REWRITE_FOR_CUSTOMER
/seniorenumzug-abensberg,/seniorenumzug-garching,service,service,0.125,1.000,1.000,1.000,0,9,no,HIGH_OVERLAP,REVIEW_SHARED_FAQ;DIFFERENTIATE_MAIN_CONTENT;REWRITE_FOR_CUSTOMER
/seniorenumzug-abensberg,/seniorenumzug-geiselhoering,service,service,0.125,1.000,1.000,1.000,0,9,no,HIGH_OVERLAP,REVIEW_SHARED_FAQ;DIFFERENTIATE_MAIN_CONTENT;REWRITE_FOR_CUSTOMER
/seniorenumzug-abensberg,/seniorenumzug-geisenfeld,service,service,0.143,1.000,1.000,1.000,0,9,no,HIGH_OVERLAP,REVIEW_SHARED_FAQ;DIFFERENTIATE_MAIN_CONTENT;REWRITE_FOR_CUSTOMER
/seniorenumzug-abensberg,/seniorenumzug-germering,service,service,0.286,1.000,1.000,1.000,0,9,no,HIGH_OVERLAP,REVIEW_SHARED_FAQ;DIFFERENTIATE_MAIN_CONTENT;REWRITE_FOR_CUSTOMER
/seniorenumzug-abensberg,/seniorenumzug-gersthofen,service,service,1.000,1.000,1.000,1.000,0,9,no,HIGH_OVERLAP,REVIEW_SHARED_FAQ;DIFFERENTIATE_MAIN_CONTENT;REWRITE_FOR_CUSTOMER
/seniorenumzug-abensberg,/seniorenumzug-grafenau,service,service,0.125,1.000,1.000,1.000,0,9,no,HIGH_OVERLAP,REVIEW_SHARED_FAQ;DIFFERENTIATE_MAIN_CONTENT;REWRITE_FOR_CUSTOMER
/seniorenumzug-abensberg,/seniorenumzug-grafenwoehr,service,service,0.143,1.000,1.000,1.000,0,9,no,HIGH_OVERLAP,REVIEW_SHARED_FAQ;DIFFERENTIATE_MAIN_CONTENT;REWRITE_FOR_CUSTOMER
/seniorenumzug-abensberg,/seniorenumzug-guenzburg,service,service,0.125,1.000,1.000,0.920,0,6,no,HIGH_OVERLAP,REVIEW_SHARED_FAQ;DIFFERENTIATE_MAIN_CONTENT;REWRITE_FOR_CUSTOMER
/seniorenumzug-abensberg,/seniorenumzug-hagelstadt,service,service,1.000,1.000,1.000,1.000,0,9,no,HIGH_OVERLAP,REVIEW_SHARED_FAQ;DIFFERENTIATE_MAIN_CONTENT;REWRITE_FOR_CUSTOMER
/seniorenumzug-abensberg,/seniorenumzug-hausen,service,service,0.143,1.000,1.000,1.000,0,9,no,HIGH_OVERLAP,REVIEW_SHARED_FAQ;DIFFERENTIATE_MAIN_CONTENT;REWRITE_FOR_CUSTOMER
/seniorenumzug-abensberg,/seniorenumzug-hemau,service,service,0.286,1.000,1.000,1.000,0,9,no,HIGH_OVERLAP,REVIEW_SHARED_FAQ;DIFFERENTIATE_MAIN_CONTENT;REWRITE_FOR_CUSTOMER
/seniorenumzug-abensberg,/seniorenumzug-herzogenaurach,service,service,0.286,1.000,1.000,1.000,0,9,no,HIGH_OVERLAP,REVIEW_SHARED_FAQ;DIFFERENTIATE_MAIN_CONTENT;REWRITE_FOR_CUSTOMER
/seniorenumzug-abensberg,/seniorenumzug-hirschau,service,service,1.000,1.000,1.000,1.000,0,9,no,HIGH_OVERLAP,REVIEW_SHARED_FAQ;DIFFERENTIATE_MAIN_CONTENT;REWRITE_FOR_CUSTOMER
/seniorenumzug-abensberg,/seniorenumzug-hohenfels,service,service,0.286,1.000,1.000,1.000,0,9,no,HIGH_OVERLAP,REVIEW_SHARED_FAQ;DIFFERENTIATE_MAIN_CONTENT;REWRITE_FOR_CUSTOMER
/seniorenumzug-abensberg,/seniorenumzug-holzheim-am-forst,service,service,0.286,1.000,1.000,1.000,0,9,no,HIGH_OVERLAP,REVIEW_SHARED_FAQ;DIFFERENTIATE_MAIN_CONTENT;REWRITE_FOR_CUSTOMER
/seniorenumzug-abensberg,/seniorenumzug-ingolstadt,service,service,0.125,0.750,1.000,0.881,0,6,no,HIGH_OVERLAP,REVIEW_SHARED_FAQ;DIFFERENTIATE_MAIN_CONTENT;REWRITE_FOR_CUSTOMER
/seniorenumzug-abensberg,/seniorenumzug-kallmuenz,service,service,0.125,1.000,1.000,1.000,0,9,no,HIGH_OVERLAP,REVIEW_SHARED_FAQ;DIFFERENTIATE_MAIN_CONTENT;REWRITE_FOR_CUSTOMER
/seniorenumzug-abensberg,/seniorenumzug-kelheim,service,service,0.125,1.000,1.000,1.000,0,9,no,HIGH_OVERLAP,REVIEW_SHARED_FAQ;DIFFERENTIATE_MAIN_CONTENT;REWRITE_FOR_CUSTOMER
/seniorenumzug-abensberg,/seniorenumzug-kissing,service,service,0.286,1.000,1.000,1.000,0,9,no,HIGH_OVERLAP,REVIEW_SHARED_FAQ;DIFFERENTIATE_MAIN_CONTENT;REWRITE_FOR_CUSTOMER
/seniorenumzug-abensberg,/seniorenumzug-koefering,service,service,0.286,1.000,1.000,1.000,0,9,no,HIGH_OVERLAP,REVIEW_SHARED_FAQ;DIFFERENTIATE_MAIN_CONTENT;REWRITE_FOR_CUSTOMER
/seniorenumzug-abensberg,/seniorenumzug-koenigsbrunn,service,service,0.125,1.000,1.000,1.000,0,9,no,HIGH_OVERLAP,REVIEW_SHARED_FAQ;DIFFERENTIATE_MAIN_CONTENT;REWRITE_FOR_CUSTOMER
/seniorenumzug-abensberg,/seniorenumzug-koetzting,service,service,1.000,1.000,1.000,1.000,0,9,no,HIGH_OVERLAP,REVIEW_SHARED_FAQ;DIFFERENTIATE_MAIN_CONTENT;REWRITE_FOR_CUSTOMER
/seniorenumzug-abensberg,/seniorenumzug-laaber,service,service,1.000,1.000,1.000,1.000,0,9,no,HIGH_OVERLAP,REVIEW_SHARED_FAQ;DIFFERENTIATE_MAIN_CONTENT;REWRITE_FOR_CUSTOMER
/seniorenumzug-abensberg,/seniorenumzug-landau-an-der-isar,service,service,0.125,1.000,1.000,1.000,0,9,no,HIGH_OVERLAP,REVIEW_SHARED_FAQ;DIFFERENTIATE_MAIN_CONTENT;REWRITE_FOR_CUSTOMER
/seniorenumzug-abensberg,/seniorenumzug-landsberg-am-lech,service,service,0.143,1.000,1.000,1.000,0,9,no,HIGH_OVERLAP,REVIEW_SHARED_FAQ;DIFFERENTIATE_MAIN_CONTENT;REWRITE_FOR_CUSTOMER
/seniorenumzug-abensberg,/seniorenumzug-landshut,service,service,1.000,0.750,1.000,0.867,0,6,no,HIGH_OVERLAP,REVIEW_SHARED_FAQ;DIFFERENTIATE_MAIN_CONTENT;REWRITE_FOR_CUSTOMER
/seniorenumzug-abensberg,/seniorenumzug-langquaid,service,service,0.143,1.000,1.000,1.000,0,9,no,HIGH_OVERLAP,REVIEW_SHARED_FAQ;DIFFERENTIATE_MAIN_CONTENT;REWRITE_FOR_CUSTOMER
/seniorenumzug-abensberg,/seniorenumzug-lappersdorf,service,service,0.286,1.000,1.000,1.000,0,9,no,HIGH_OVERLAP,REVIEW_SHARED_FAQ;DIFFERENTIATE_MAIN_CONTENT;REWRITE_FOR_CUSTOMER
/seniorenumzug-abensberg,/seniorenumzug-lauf-an-der-pegnitz,service,service,0.143,1.000,1.000,1.000,0,9,no,HIGH_OVERLAP,REVIEW_SHARED_FAQ;DIFFERENTIATE_MAIN_CONTENT;REWRITE_FOR_CUSTOMER
/seniorenumzug-abensberg,/seniorenumzug-lupburg,service,service,0.125,1.000,1.000,1.000,0,9,no,HIGH_OVERLAP,REVIEW_SHARED_FAQ;DIFFERENTIATE_MAIN_CONTENT;REWRITE_FOR_CUSTOMER
/seniorenumzug-abensberg,/seniorenumzug-mainburg,service,service,0.125,1.000,1.000,1.000,0,9,no,HIGH_OVERLAP,REVIEW_SHARED_FAQ;DIFFERENTIATE_MAIN_CONTENT;REWRITE_FOR_CUSTOMER
/seniorenumzug-abensberg,/seniorenumzug-mallersdorf-pfaffenberg,service,service,0.286,1.000,1.000,1.000,0,9,no,HIGH_OVERLAP,REVIEW_SHARED_FAQ;DIFFERENTIATE_MAIN_CONTENT;REWRITE_FOR_CUSTOMER
/seniorenumzug-abensberg,/seniorenumzug-mammendorf,service,service,0.143,1.000,1.000,1.000,0,9,no,HIGH_OVERLAP,REVIEW_SHARED_FAQ;DIFFERENTIATE_MAIN_CONTENT;REWRITE_FOR_CUSTOMER
/seniorenumzug-abensberg,/seniorenumzug-maxhuette-haidhof,service,service,0.125,1.000,1.000,1.000,0,9,no,HIGH_OVERLAP,REVIEW_SHARED_FAQ;DIFFERENTIATE_MAIN_CONTENT;REWRITE_FOR_CUSTOMER
/seniorenumzug-abensberg,/seniorenumzug-mering,service,service,0.143,1.000,1.000,1.000,0,9,no,HIGH_OVERLAP,REVIEW_SHARED_FAQ;DIFFERENTIATE_MAIN_CONTENT;REWRITE_FOR_CUSTOMER
/seniorenumzug-abensberg,/seniorenumzug-mintraching,service,service,0.286,1.000,1.000,1.000,0,9,no,HIGH_OVERLAP,REVIEW_SHARED_FAQ;DIFFERENTIATE_MAIN_CONTENT;REWRITE_FOR_CUSTOMER
/seniorenumzug-abensberg,/seniorenumzug-moetzing,service,service,0.125,1.000,1.000,1.000,0,9,no,HIGH_OVERLAP,REVIEW_SHARED_FAQ;DIFFERENTIATE_MAIN_CONTENT;REWRITE_FOR_CUSTOMER
/seniorenumzug-abensberg,/seniorenumzug-moosburg,service,service,0.286,1.000,1.000,1.000,0,9,no,HIGH_OVERLAP,REVIEW_SHARED_FAQ;DIFFERENTIATE_MAIN_CONTENT;REWRITE_FOR_CUSTOMER
/seniorenumzug-abensberg,/seniorenumzug-muenchen,service,service,1.000,0.750,1.000,0.965,0,9,no,HIGH_OVERLAP,REVIEW_SHARED_FAQ;DIFFERENTIATE_MAIN_CONTENT;REWRITE_FOR_CUSTOMER
/seniorenumzug-abensberg,/seniorenumzug-nabburg,service,service,0.125,1.000,1.000,1.000,0,9,no,HIGH_OVERLAP,REVIEW_SHARED_FAQ;DIFFERENTIATE_MAIN_CONTENT;REWRITE_FOR_CUSTOMER
/seniorenumzug-abensberg,/seniorenumzug-neu-ulm,service,service,0.125,1.000,1.000,1.000,0,9,no,HIGH_OVERLAP,REVIEW_SHARED_FAQ;DIFFERENTIATE_MAIN_CONTENT;REWRITE_FOR_CUSTOMER
/seniorenumzug-abensberg,/seniorenumzug-neufahrn-in-niederbayern,service,service,0.143,1.000,1.000,1.000,0,9,no,HIGH_OVERLAP,REVIEW_SHARED_FAQ;DIFFERENTIATE_MAIN_CONTENT;REWRITE_FOR_CUSTOMER
/seniorenumzug-abensberg,/seniorenumzug-neumarkt,service,service,0.125,1.000,1.000,0.913,0,6,no,HIGH_OVERLAP,REVIEW_SHARED_FAQ;DIFFERENTIATE_MAIN_CONTENT;REWRITE_FOR_CUSTOMER
/seniorenumzug-abensberg,/seniorenumzug-neunburg-vorm-wald,service,service,0.286,1.000,1.000,1.000,0,9,no,HIGH_OVERLAP,REVIEW_SHARED_FAQ;DIFFERENTIATE_MAIN_CONTENT;REWRITE_FOR_CUSTOMER
/seniorenumzug-abensberg,/seniorenumzug-neusaess,service,service,0.125,1.000,1.000,1.000,0,9,no,HIGH_OVERLAP,REVIEW_SHARED_FAQ;DIFFERENTIATE_MAIN_CONTENT;REWRITE_FOR_CUSTOMER
/seniorenumzug-abensberg,/seniorenumzug-neustadt-an-der-donau,service,service,0.143,1.000,1.000,1.000,0,9,no,HIGH_OVERLAP,REVIEW_SHARED_FAQ;DIFFERENTIATE_MAIN_CONTENT;REWRITE_FOR_CUSTOMER
/seniorenumzug-abensberg,/seniorenumzug-neustadt-an-der-waldnaab,service,service,1.000,1.000,1.000,1.000,0,9,no,HIGH_OVERLAP,REVIEW_SHARED_FAQ;DIFFERENTIATE_MAIN_CONTENT;REWRITE_FOR_CUSTOMER
/seniorenumzug-abensberg,/seniorenumzug-neutraubling,service,service,0.143,1.000,1.000,1.000,0,9,no,HIGH_OVERLAP,REVIEW_SHARED_FAQ;DIFFERENTIATE_MAIN_CONTENT;REWRITE_FOR_CUSTOMER
/seniorenumzug-abensberg,/seniorenumzug-nittenau,service,service,0.143,1.000,1.000,1.000,0,9,no,HIGH_OVERLAP,REVIEW_SHARED_FAQ;DIFFERENTIATE_MAIN_CONTENT;REWRITE_FOR_CUSTOMER
/seniorenumzug-abensberg,/seniorenumzug-nittendorf,service,service,1.000,1.000,1.000,1.000,0,9,no,HIGH_OVERLAP,REVIEW_SHARED_FAQ;DIFFERENTIATE_MAIN_CONTENT;REWRITE_FOR_CUSTOMER
/seniorenumzug-abensberg,/seniorenumzug-nuernberg,service,service,0.250,0.750,1.000,0.870,0,9,no,HIGH_OVERLAP,REVIEW_SHARED_FAQ;DIFFERENTIATE_MAIN_CONTENT;REWRITE_FOR_CUSTOMER
/seniorenumzug-abensberg,/seniorenumzug-oberasbach,service,service,0.286,1.000,1.000,1.000,0,9,no,HIGH_OVERLAP,REVIEW_SHARED_FAQ;DIFFERENTIATE_MAIN_CONTENT;REWRITE_FOR_CUSTOMER
/seniorenumzug-abensberg,/seniorenumzug-obertraubling,service,service,0.143,1.000,1.000,1.000,0,9,no,HIGH_OVERLAP,REVIEW_SHARED_FAQ;DIFFERENTIATE_MAIN_CONTENT;REWRITE_FOR_CUSTOMER
/seniorenumzug-abensberg,/seniorenumzug-oberviechtach,service,service,1.000,1.000,1.000,1.000,0,9,no,HIGH_OVERLAP,REVIEW_SHARED_FAQ;DIFFERENTIATE_MAIN_CONTENT;REWRITE_FOR_CUSTOMER
/seniorenumzug-abensberg,/seniorenumzug-olching,service,service,0.286,1.000,1.000,1.000,0,9,no,HIGH_OVERLAP,REVIEW_SHARED_FAQ;DIFFERENTIATE_MAIN_CONTENT;REWRITE_FOR_CUSTOMER
/seniorenumzug-abensberg,/seniorenumzug-osterhofen,service,service,1.000,1.000,1.000,1.000,0,9,no,HIGH_OVERLAP,REVIEW_SHARED_FAQ;DIFFERENTIATE_MAIN_CONTENT;REWRITE_FOR_CUSTOMER
/seniorenumzug-abensberg,/seniorenumzug-painten,service,service,0.125,1.000,1.000,1.000,0,9,no,HIGH_OVERLAP,REVIEW_SHARED_FAQ;DIFFERENTIATE_MAIN_CONTENT;REWRITE_FOR_CUSTOMER
/seniorenumzug-abensberg,/seniorenumzug-parsberg,service,service,0.286,1.000,1.000,1.000,0,9,no,HIGH_OVERLAP,REVIEW_SHARED_FAQ;DIFFERENTIATE_MAIN_CONTENT;REWRITE_FOR_CUSTOMER
/seniorenumzug-abensberg,/seniorenumzug-passau,service,service,0.125,0.750,1.000,0.907,0,6,no,HIGH_OVERLAP,REVIEW_SHARED_FAQ;DIFFERENTIATE_MAIN_CONTENT;REWRITE_FOR_CUSTOMER
/seniorenumzug-abensberg,/seniorenumzug-pentling,service,service,0.125,1.000,1.000,1.000,0,9,no,HIGH_OVERLAP,REVIEW_SHARED_FAQ;DIFFERENTIATE_MAIN_CONTENT;REWRITE_FOR_CUSTOMER
/seniorenumzug-abensberg,/seniorenumzug-pettendorf,service,service,0.125,1.000,1.000,1.000,0,9,no,HIGH_OVERLAP,REVIEW_SHARED_FAQ;DIFFERENTIATE_MAIN_CONTENT;REWRITE_FOR_CUSTOMER
/seniorenumzug-abensberg,/seniorenumzug-pfaffenhofen,service,service,0.143,1.000,1.000,1.000,0,9,no,HIGH_OVERLAP,REVIEW_SHARED_FAQ;DIFFERENTIATE_MAIN_CONTENT;REWRITE_FOR_CUSTOMER
/seniorenumzug-abensberg,/seniorenumzug-pfarrkirchen,service,service,1.000,1.000,1.000,1.000,0,9,no,HIGH_OVERLAP,REVIEW_SHARED_FAQ;DIFFERENTIATE_MAIN_CONTENT;REWRITE_FOR_CUSTOMER
/seniorenumzug-abensberg,/seniorenumzug-pfatter,service,service,0.286,1.000,1.000,1.000,0,9,no,HIGH_OVERLAP,REVIEW_SHARED_FAQ;DIFFERENTIATE_MAIN_CONTENT;REWRITE_FOR_CUSTOMER
/seniorenumzug-abensberg,/seniorenumzug-pfeffenhausen,service,service,0.286,1.000,1.000,1.000,0,9,no,HIGH_OVERLAP,REVIEW_SHARED_FAQ;DIFFERENTIATE_MAIN_CONTENT;REWRITE_FOR_CUSTOMER
/seniorenumzug-abensberg,/seniorenumzug-pfreimd,service,service,0.125,1.000,1.000,1.000,0,9,no,HIGH_OVERLAP,REVIEW_SHARED_FAQ;DIFFERENTIATE_MAIN_CONTENT;REWRITE_FOR_CUSTOMER
/seniorenumzug-abensberg,/seniorenumzug-pielenhofen,service,service,0.125,1.000,1.000,1.000,0,9,no,HIGH_OVERLAP,REVIEW_SHARED_FAQ;DIFFERENTIATE_MAIN_CONTENT;REWRITE_FOR_CUSTOMER
/seniorenumzug-abensberg,/seniorenumzug-plattling,service,service,0.125,1.000,1.000,1.000,0,9,no,HIGH_OVERLAP,REVIEW_SHARED_FAQ;DIFFERENTIATE_MAIN_CONTENT;REWRITE_FOR_CUSTOMER
/seniorenumzug-abensberg,/seniorenumzug-pocking,service,service,0.125,1.000,1.000,1.000,0,9,no,HIGH_OVERLAP,REVIEW_SHARED_FAQ;DIFFERENTIATE_MAIN_CONTENT;REWRITE_FOR_CUSTOMER
/seniorenumzug-abensberg,/seniorenumzug-postbauer-heng,service,service,0.143,1.000,1.000,1.000,0,9,no,HIGH_OVERLAP,REVIEW_SHARED_FAQ;DIFFERENTIATE_MAIN_CONTENT;REWRITE_FOR_CUSTOMER
/seniorenumzug-abensberg,/seniorenumzug-regen,service,service,1.000,1.000,1.000,1.000,0,9,no,HIGH_OVERLAP,REVIEW_SHARED_FAQ;DIFFERENTIATE_MAIN_CONTENT;REWRITE_FOR_CUSTOMER
/seniorenumzug-abensberg,/seniorenumzug-regenstauf,service,service,0.143,1.000,1.000,1.000,0,9,no,HIGH_OVERLAP,REVIEW_SHARED_FAQ;DIFFERENTIATE_MAIN_CONTENT;REWRITE_FOR_CUSTOMER
/seniorenumzug-abensberg,/seniorenumzug-riedenburg,service,service,1.000,1.000,1.000,1.000,0,9,no,HIGH_OVERLAP,REVIEW_SHARED_FAQ;DIFFERENTIATE_MAIN_CONTENT;REWRITE_FOR_CUSTOMER
/seniorenumzug-abensberg,/seniorenumzug-riekofen,service,service,0.125,1.000,1.000,1.000,0,9,no,HIGH_OVERLAP,REVIEW_SHARED_FAQ;DIFFERENTIATE_MAIN_CONTENT;REWRITE_FOR_CUSTOMER
/seniorenumzug-abensberg,/seniorenumzug-roding,service,service,1.000,1.000,1.000,1.000,0,9,no,HIGH_OVERLAP,REVIEW_SHARED_FAQ;DIFFERENTIATE_MAIN_CONTENT;REWRITE_FOR_CUSTOMER
/seniorenumzug-abensberg,/seniorenumzug-rosenheim,service,service,0.286,1.000,1.000,0.909,0,6,no,HIGH_OVERLAP,REVIEW_SHARED_FAQ;DIFFERENTIATE_MAIN_CONTENT;REWRITE_FOR_CUSTOMER
/seniorenumzug-abensberg,/seniorenumzug-roth,service,service,0.125,1.000,1.000,1.000,0,9,no,HIGH_OVERLAP,REVIEW_SHARED_FAQ;DIFFERENTIATE_MAIN_CONTENT;REWRITE_FOR_CUSTOMER
/seniorenumzug-abensberg,/seniorenumzug-rottenburg-an-der-laaber,service,service,0.143,1.000,1.000,1.000,0,9,no,HIGH_OVERLAP,REVIEW_SHARED_FAQ;DIFFERENTIATE_MAIN_CONTENT;REWRITE_FOR_CUSTOMER
/seniorenumzug-abensberg,/seniorenumzug-saal-an-der-donau,service,service,0.125,1.000,1.000,1.000,0,9,no,HIGH_OVERLAP,REVIEW_SHARED_FAQ;DIFFERENTIATE_MAIN_CONTENT;REWRITE_FOR_CUSTOMER
/seniorenumzug-abensberg,/seniorenumzug-schierling,service,service,0.143,1.000,1.000,1.000,0,9,no,HIGH_OVERLAP,REVIEW_SHARED_FAQ;DIFFERENTIATE_MAIN_CONTENT;REWRITE_FOR_CUSTOMER
/seniorenumzug-abensberg,/seniorenumzug-schnaittenbach,service,service,1.000,1.000,1.000,1.000,0,9,no,HIGH_OVERLAP,REVIEW_SHARED_FAQ;DIFFERENTIATE_MAIN_CONTENT;REWRITE_FOR_CUSTOMER
/seniorenumzug-abensberg,/seniorenumzug-schwabach,service,service,0.143,1.000,1.000,1.000,0,9,no,HIGH_OVERLAP,REVIEW_SHARED_FAQ;DIFFERENTIATE_MAIN_CONTENT;REWRITE_FOR_CUSTOMER
/seniorenumzug-abensberg,/seniorenumzug-schwandorf,service,service,1.000,1.000,1.000,0.920,0,6,no,HIGH_OVERLAP,REVIEW_SHARED_FAQ;DIFFERENTIATE_MAIN_CONTENT;REWRITE_FOR_CUSTOMER
/seniorenumzug-abensberg,/seniorenumzug-schwarzenfeld,service,service,0.143,1.000,1.000,1.000,0,9,no,HIGH_OVERLAP,REVIEW_SHARED_FAQ;DIFFERENTIATE_MAIN_CONTENT;REWRITE_FOR_CUSTOMER
/seniorenumzug-abensberg,/seniorenumzug-schweinfurt,service,service,0.286,1.000,1.000,1.000,0,9,no,HIGH_OVERLAP,REVIEW_SHARED_FAQ;DIFFERENTIATE_MAIN_CONTENT;REWRITE_FOR_CUSTOMER
/seniorenumzug-abensberg,/seniorenumzug-seubersdorf,service,service,0.143,1.000,1.000,1.000,0,9,no,HIGH_OVERLAP,REVIEW_SHARED_FAQ;DIFFERENTIATE_MAIN_CONTENT;REWRITE_FOR_CUSTOMER
/seniorenumzug-abensberg,/seniorenumzug-simbach-am-inn,service,service,0.286,1.000,1.000,1.000,0,9,no,HIGH_OVERLAP,REVIEW_SHARED_FAQ;DIFFERENTIATE_MAIN_CONTENT;REWRITE_FOR_CUSTOMER
/seniorenumzug-abensberg,/seniorenumzug-sinzing,service,service,0.286,1.000,1.000,1.000,0,9,no,HIGH_OVERLAP,REVIEW_SHARED_FAQ;DIFFERENTIATE_MAIN_CONTENT;REWRITE_FOR_CUSTOMER
/seniorenumzug-abensberg,/seniorenumzug-starnberg,service,service,0.286,1.000,1.000,0.909,0,6,no,HIGH_OVERLAP,REVIEW_SHARED_FAQ;DIFFERENTIATE_MAIN_CONTENT;REWRITE_FOR_CUSTOMER
/seniorenumzug-abensberg,/seniorenumzug-steinberg-am-see,service,service,0.286,1.000,1.000,1.000,0,9,no,HIGH_OVERLAP,REVIEW_SHARED_FAQ;DIFFERENTIATE_MAIN_CONTENT;REWRITE_FOR_CUSTOMER
/seniorenumzug-abensberg,/seniorenumzug-straubing,service,service,1.000,1.000,1.000,0.929,0,6,no,HIGH_OVERLAP,REVIEW_SHARED_FAQ;DIFFERENTIATE_MAIN_CONTENT;REWRITE_FOR_CUSTOMER
/seniorenumzug-abensberg,/seniorenumzug-suenching,service,service,0.143,1.000,1.000,1.000,0,9,no,HIGH_OVERLAP,REVIEW_SHARED_FAQ;DIFFERENTIATE_MAIN_CONTENT;REWRITE_FOR_CUSTOMER
/seniorenumzug-abensberg,/seniorenumzug-sulzbach-rosenberg,service,service,0.286,1.000,1.000,1.000,0,9,no,HIGH_OVERLAP,REVIEW_SHARED_FAQ;DIFFERENTIATE_MAIN_CONTENT;REWRITE_FOR_CUSTOMER
/seniorenumzug-abensberg,/seniorenumzug-tegernheim,service,service,0.143,1.000,1.000,1.000,0,9,no,HIGH_OVERLAP,REVIEW_SHARED_FAQ;DIFFERENTIATE_MAIN_CONTENT;REWRITE_FOR_CUSTOMER
/seniorenumzug-abensberg,/seniorenumzug-teublitz,service,service,0.125,1.000,1.000,1.000,0,9,no,HIGH_OVERLAP,REVIEW_SHARED_FAQ;DIFFERENTIATE_MAIN_CONTENT;REWRITE_FOR_CUSTOMER
/seniorenumzug-abensberg,/seniorenumzug-thalmassing,service,service,0.125,1.000,1.000,1.000,0,9,no,HIGH_OVERLAP,REVIEW_SHARED_FAQ;DIFFERENTIATE_MAIN_CONTENT;REWRITE_FOR_CUSTOMER
/seniorenumzug-abensberg,/seniorenumzug-tirschenreuth,service,service,0.143,1.000,1.000,1.000,0,9,no,HIGH_OVERLAP,REVIEW_SHARED_FAQ;DIFFERENTIATE_MAIN_CONTENT;REWRITE_FOR_CUSTOMER
/seniorenumzug-abensberg,/seniorenumzug-unterhaching,service,service,0.143,1.000,1.000,1.000,0,9,no,HIGH_OVERLAP,REVIEW_SHARED_FAQ;DIFFERENTIATE_MAIN_CONTENT;REWRITE_FOR_CUSTOMER
/seniorenumzug-abensberg,/seniorenumzug-velburg,service,service,1.000,1.000,1.000,1.000,0,9,no,HIGH_OVERLAP,REVIEW_SHARED_FAQ;DIFFERENTIATE_MAIN_CONTENT;REWRITE_FOR_CUSTOMER
/seniorenumzug-abensberg,/seniorenumzug-viechtach,service,service,1.000,1.000,1.000,1.000,0,9,no,HIGH_OVERLAP,REVIEW_SHARED_FAQ;DIFFERENTIATE_MAIN_CONTENT;REWRITE_FOR_CUSTOMER
/seniorenumzug-abensberg,/seniorenumzug-vilsbiburg,service,service,0.125,1.000,1.000,1.000,0,9,no,HIGH_OVERLAP,REVIEW_SHARED_FAQ;DIFFERENTIATE_MAIN_CONTENT;REWRITE_FOR_CUSTOMER
/seniorenumzug-abensberg,/seniorenumzug-vilseck,service,service,0.125,1.000,1.000,1.000,0,9,no,HIGH_OVERLAP,REVIEW_SHARED_FAQ;DIFFERENTIATE_MAIN_CONTENT;REWRITE_FOR_CUSTOMER
/seniorenumzug-abensberg,/seniorenumzug-vilshofen,service,service,0.143,1.000,1.000,1.000,0,9,no,HIGH_OVERLAP,REVIEW_SHARED_FAQ;DIFFERENTIATE_MAIN_CONTENT;REWRITE_FOR_CUSTOMER
/seniorenumzug-abensberg,/seniorenumzug-vohburg,service,service,0.125,1.000,1.000,1.000,0,9,no,HIGH_OVERLAP,REVIEW_SHARED_FAQ;DIFFERENTIATE_MAIN_CONTENT;REWRITE_FOR_CUSTOMER
/seniorenumzug-abensberg,/seniorenumzug-vohenstrauss,service,service,0.125,1.000,1.000,1.000,0,9,no,HIGH_OVERLAP,REVIEW_SHARED_FAQ;DIFFERENTIATE_MAIN_CONTENT;REWRITE_FOR_CUSTOMER
/seniorenumzug-abensberg,/seniorenumzug-wackersdorf,service,service,0.125,1.000,1.000,1.000,0,9,no,HIGH_OVERLAP,REVIEW_SHARED_FAQ;DIFFERENTIATE_MAIN_CONTENT;REWRITE_FOR_CUSTOMER
/seniorenumzug-abensberg,/seniorenumzug-waldkirchen,service,service,0.286,1.000,1.000,1.000,0,9,no,HIGH_OVERLAP,REVIEW_SHARED_FAQ;DIFFERENTIATE_MAIN_CONTENT;REWRITE_FOR_CUSTOMER
/seniorenumzug-abensberg,/seniorenumzug-waldmuenchen,service,service,0.125,1.000,1.000,0.909,0,6,no,HIGH_OVERLAP,REVIEW_SHARED_FAQ;DIFFERENTIATE_MAIN_CONTENT;REWRITE_FOR_CUSTOMER
/seniorenumzug-abensberg,/seniorenumzug-weiden,service,service,0.286,1.000,1.000,0.913,0,6,no,HIGH_OVERLAP,REVIEW_SHARED_FAQ;DIFFERENTIATE_MAIN_CONTENT;REWRITE_FOR_CUSTOMER
/seniorenumzug-abensberg,/seniorenumzug-weilheim-in-oberbayern,service,service,0.143,1.000,1.000,1.000,0,9,no,HIGH_OVERLAP,REVIEW_SHARED_FAQ;DIFFERENTIATE_MAIN_CONTENT;REWRITE_FOR_CUSTOMER
/seniorenumzug-abensberg,/seniorenumzug-wendelstein,service,service,0.143,1.000,1.000,1.000,0,9,no,HIGH_OVERLAP,REVIEW_SHARED_FAQ;DIFFERENTIATE_MAIN_CONTENT;REWRITE_FOR_CUSTOMER
/seniorenumzug-abensberg,/seniorenumzug-wenzenbach,service,service,1.000,1.000,1.000,1.000,0,9,no,HIGH_OVERLAP,REVIEW_SHARED_FAQ;DIFFERENTIATE_MAIN_CONTENT;REWRITE_FOR_CUSTOMER
/seniorenumzug-abensberg,/seniorenumzug-wernberg-koeblitz,service,service,0.125,1.000,1.000,1.000,0,9,no,HIGH_OVERLAP,REVIEW_SHARED_FAQ;DIFFERENTIATE_MAIN_CONTENT;REWRITE_FOR_CUSTOMER
/seniorenumzug-abensberg,/seniorenumzug-wiesent,service,service,0.125,1.000,1.000,1.000,0,9,no,HIGH_OVERLAP,REVIEW_SHARED_FAQ;DIFFERENTIATE_MAIN_CONTENT;REWRITE_FOR_CUSTOMER
/seniorenumzug-abensberg,/seniorenumzug-windischeschenbach,service,service,1.000,1.000,1.000,1.000,0,9,no,HIGH_OVERLAP,REVIEW_SHARED_FAQ;DIFFERENTIATE_MAIN_CONTENT;REWRITE_FOR_CUSTOMER
/seniorenumzug-abensberg,/seniorenumzug-woerth-an-der-donau,service,service,0.125,1.000,1.000,1.000,0,9,no,HIGH_OVERLAP,REVIEW_SHARED_FAQ;DIFFERENTIATE_MAIN_CONTENT;REWRITE_FOR_CUSTOMER
/seniorenumzug-abensberg,/seniorenumzug-wolfsegg,service,service,0.143,1.000,1.000,1.000,0,9,no,HIGH_OVERLAP,REVIEW_SHARED_FAQ;DIFFERENTIATE_MAIN_CONTENT;REWRITE_FOR_CUSTOMER
/seniorenumzug-abensberg,/seniorenumzug-wolnzach,service,service,0.286,1.000,1.000,1.000,0,9,no,HIGH_OVERLAP,REVIEW_SHARED_FAQ;DIFFERENTIATE_MAIN_CONTENT;REWRITE_FOR_CUSTOMER
/seniorenumzug-abensberg,/seniorenumzug-zeitlarn,service,service,1.000,1.000,1.000,1.000,0,9,no,HIGH_OVERLAP,REVIEW_SHARED_FAQ;DIFFERENTIATE_MAIN_CONTENT;REWRITE_FOR_CUSTOMER
/seniorenumzug-abensberg,/seniorenumzug-zirndorf,service,service,0.286,1.000,1.000,1.000,0,9,no,HIGH_OVERLAP,REVIEW_SHARED_FAQ;DIFFERENTIATE_MAIN_CONTENT;REWRITE_FOR_CUSTOMER
/seniorenumzug-abensberg,/seniorenumzug-zwiesel,service,service,1.000,1.000,1.000,1.000,0,9,no,HIGH_OVERLAP,REVIEW_SHARED_FAQ;DIFFERENTIATE_MAIN_CONTENT;REWRITE_FOR_CUSTOMER
/seniorenumzug-altdorf-bei-nuernberg,/seniorenumzug-alteglofsheim,service,service,0.125,1.000,1.000,1.000,0,9,no,HIGH_OVERLAP,REVIEW_SHARED_FAQ;DIFFERENTIATE_MAIN_CONTENT;REWRITE_FOR_CUSTOMER
/seniorenumzug-altdorf-bei-nuernberg,/seniorenumzug-altenthann,service,service,0.143,1.000,1.000,1.000,0,9,no,HIGH_OVERLAP,REVIEW_SHARED_FAQ;DIFFERENTIATE_MAIN_CONTENT;REWRITE_FOR_CUSTOMER
/seniorenumzug-altdorf-bei-nuernberg,/seniorenumzug-amberg,service,service,1.000,1.000,1.000,0.920,0,6,no,HIGH_OVERLAP,REVIEW_SHARED_FAQ;DIFFERENTIATE_MAIN_CONTENT;REWRITE_FOR_CUSTOMER
/seniorenumzug-altdorf-bei-nuernberg,/seniorenumzug-ansbach,service,service,1.000,1.000,1.000,1.000,0,9,no,HIGH_OVERLAP,REVIEW_SHARED_FAQ;DIFFERENTIATE_MAIN_CONTENT;REWRITE_FOR_CUSTOMER
/seniorenumzug-altdorf-bei-nuernberg,/seniorenumzug-auerbach-in-der-oberpfalz,service,service,0.143,1.000,1.000,1.000,0,9,no,HIGH_OVERLAP,REVIEW_SHARED_FAQ;DIFFERENTIATE_MAIN_CONTENT;REWRITE_FOR_CUSTOMER
/seniorenumzug-altdorf-bei-nuernberg,/seniorenumzug-aufhausen,service,service,1.000,1.000,1.000,0.991,0,9,no,HIGH_OVERLAP,REVIEW_SHARED_FAQ;DIFFERENTIATE_MAIN_CONTENT;REWRITE_FOR_CUSTOMER
/seniorenumzug-altdorf-bei-nuernberg,/seniorenumzug-augsburg,service,service,1.000,0.750,1.000,0.907,0,6,no,HIGH_OVERLAP,REVIEW_SHARED_FAQ;DIFFERENTIATE_MAIN_CONTENT;REWRITE_FOR_CUSTOMER
/seniorenumzug-alteglofsheim,/seniorenumzug-altenthann,service,service,0.286,1.000,1.000,1.000,0,9,no,HIGH_OVERLAP,REVIEW_SHARED_FAQ;DIFFERENTIATE_MAIN_CONTENT;REWRITE_FOR_CUSTOMER
/seniorenumzug-alteglofsheim,/seniorenumzug-amberg,service,service,0.125,1.000,1.000,0.920,0,6,no,HIGH_OVERLAP,REVIEW_SHARED_FAQ;DIFFERENTIATE_MAIN_CONTENT;REWRITE_FOR_CUSTOMER
/seniorenumzug-alteglofsheim,/seniorenumzug-ansbach,service,service,0.125,1.000,1.000,1.000,0,9,no,HIGH_OVERLAP,REVIEW_SHARED_FAQ;DIFFERENTIATE_MAIN_CONTENT;REWRITE_FOR_CUSTOMER
/seniorenumzug-alteglofsheim,/seniorenumzug-auerbach-in-der-oberpfalz,service,service,0.286,1.000,1.000,1.000,0,9,no,HIGH_OVERLAP,REVIEW_SHARED_FAQ;DIFFERENTIATE_MAIN_CONTENT;REWRITE_FOR_CUSTOMER
/seniorenumzug-alteglofsheim,/seniorenumzug-aufhausen,service,service,0.125,1.000,1.000,0.991,0,9,no,HIGH_OVERLAP,REVIEW_SHARED_FAQ;DIFFERENTIATE_MAIN_CONTENT;REWRITE_FOR_CUSTOMER
/seniorenumzug-alteglofsheim,/seniorenumzug-augsburg,service,service,0.125,0.750,1.000,0.907,0,6,no,HIGH_OVERLAP,REVIEW_SHARED_FAQ;DIFFERENTIATE_MAIN_CONTENT;REWRITE_FOR_CUSTOMER
/seniorenumzug-altenthann,/seniorenumzug-amberg,service,service,0.143,1.000,1.000,0.920,0,6,no,HIGH_OVERLAP,REVIEW_SHARED_FAQ;DIFFERENTIATE_MAIN_CONTENT;REWRITE_FOR_CUSTOMER
/seniorenumzug-altenthann,/seniorenumzug-ansbach,service,service,0.143,1.000,1.000,1.000,0,9,no,HIGH_OVERLAP,REVIEW_SHARED_FAQ;DIFFERENTIATE_MAIN_CONTENT;REWRITE_FOR_CUSTOMER
/seniorenumzug-altenthann,/seniorenumzug-auerbach-in-der-oberpfalz,service,service,1.000,1.000,1.000,1.000,0,9,no,HIGH_OVERLAP,REVIEW_SHARED_FAQ;DIFFERENTIATE_MAIN_CONTENT;REWRITE_FOR_CUSTOMER
/seniorenumzug-altenthann,/seniorenumzug-aufhausen,service,service,0.143,1.000,1.000,0.991,0,9,no,HIGH_OVERLAP,REVIEW_SHARED_FAQ;DIFFERENTIATE_MAIN_CONTENT;REWRITE_FOR_CUSTOMER
/seniorenumzug-altenthann,/seniorenumzug-augsburg,service,service,0.143,0.750,1.000,0.907,0,6,no,HIGH_OVERLAP,REVIEW_SHARED_FAQ;DIFFERENTIATE_MAIN_CONTENT;REWRITE_FOR_CUSTOMER
/seniorenumzug-amberg,/seniorenumzug-ansbach,service,service,1.000,1.000,1.000,0.920,0,6,no,HIGH_OVERLAP,REVIEW_SHARED_FAQ;DIFFERENTIATE_MAIN_CONTENT;REWRITE_FOR_CUSTOMER
/seniorenumzug-amberg,/seniorenumzug-auerbach-in-der-oberpfalz,service,service,0.143,1.000,1.000,0.920,0,6,no,HIGH_OVERLAP,REVIEW_SHARED_FAQ;DIFFERENTIATE_MAIN_CONTENT;REWRITE_FOR_CUSTOMER
/seniorenumzug-amberg,/seniorenumzug-aufhausen,service,service,1.000,1.000,1.000,0.912,0,6,no,HIGH_OVERLAP,REVIEW_SHARED_FAQ;DIFFERENTIATE_MAIN_CONTENT;REWRITE_FOR_CUSTOMER
/seniorenumzug-amberg,/seniorenumzug-augsburg,service,service,1.000,0.750,1.000,0.903,0,6,no,HIGH_OVERLAP,REVIEW_SHARED_FAQ;DIFFERENTIATE_MAIN_CONTENT;REWRITE_FOR_CUSTOMER
/seniorenumzug-ansbach,/seniorenumzug-auerbach-in-der-oberpfalz,service,service,0.143,1.000,1.000,1.000,0,9,no,HIGH_OVERLAP,REVIEW_SHARED_FAQ;DIFFERENTIATE_MAIN_CONTENT;REWRITE_FOR_CUSTOMER
/seniorenumzug-ansbach,/seniorenumzug-aufhausen,service,service,1.000,1.000,1.000,0.991,0,9,no,HIGH_OVERLAP,REVIEW_SHARED_FAQ;DIFFERENTIATE_MAIN_CONTENT;REWRITE_FOR_CUSTOMER
/seniorenumzug-ansbach,/seniorenumzug-augsburg,service,service,1.000,0.750,1.000,0.907,0,6,no,HIGH_OVERLAP,REVIEW_SHARED_FAQ;DIFFERENTIATE_MAIN_CONTENT;REWRITE_FOR_CUSTOMER
/seniorenumzug-auerbach-in-der-oberpfalz,/seniorenumzug-aufhausen,service,service,0.143,1.000,1.000,0.991,0,9,no,HIGH_OVERLAP,REVIEW_SHARED_FAQ;DIFFERENTIATE_MAIN_CONTENT;REWRITE_FOR_CUSTOMER
/seniorenumzug-auerbach-in-der-oberpfalz,/seniorenumzug-augsburg,service,service,0.143,0.750,1.000,0.907,0,6,no,HIGH_OVERLAP,REVIEW_SHARED_FAQ;DIFFERENTIATE_MAIN_CONTENT;REWRITE_FOR_CUSTOMER
/seniorenumzug-aufhausen,/seniorenumzug-augsburg,service,service,1.000,0.750,1.000,0.899,0,6,no,HIGH_OVERLAP,REVIEW_SHARED_FAQ;DIFFERENTIATE_MAIN_CONTENT;REWRITE_FOR_CUSTOMER
/seniorenumzug-bad-abbach,/seniorenumzug-bad-koetzting,service,service,0.125,1.000,1.000,1.000,0,9,no,HIGH_OVERLAP,REVIEW_SHARED_FAQ;DIFFERENTIATE_MAIN_CONTENT;REWRITE_FOR_CUSTOMER
/seniorenumzug-bad-abbach,/seniorenumzug-bad-toelz,service,service,0.111,1.000,1.000,1.000,0,9,no,HIGH_OVERLAP,REVIEW_SHARED_FAQ;DIFFERENTIATE_MAIN_CONTENT;REWRITE_FOR_CUSTOMER
/seniorenumzug-bad-abbach,/seniorenumzug-bamberg,service,service,0.375,1.000,1.000,0.863,0,6,no,HIGH_OVERLAP,REVIEW_SHARED_FAQ;DIFFERENTIATE_MAIN_CONTENT;REWRITE_FOR_CUSTOMER
/seniorenumzug-bad-abbach,/seniorenumzug-barbing,service,service,1.000,1.000,1.000,1.000,0,9,no,HIGH_OVERLAP,REVIEW_SHARED_FAQ;DIFFERENTIATE_MAIN_CONTENT;REWRITE_FOR_CUSTOMER
/seniorenumzug-bad-abbach,/seniorenumzug-bayreuth,service,service,0.500,1.000,1.000,0.929,0,6,no,HIGH_OVERLAP,REVIEW_SHARED_FAQ;DIFFERENTIATE_MAIN_CONTENT;REWRITE_FOR_CUSTOMER
/seniorenumzug-bad-abbach,/seniorenumzug-beilngries,service,service,0.500,1.000,1.000,1.000,0,9,no,HIGH_OVERLAP,REVIEW_SHARED_FAQ;DIFFERENTIATE_MAIN_CONTENT;REWRITE_FOR_CUSTOMER
/seniorenumzug-bad-abbach,/seniorenumzug-beratzhausen,service,service,0.500,1.000,1.000,1.000,0,9,no,HIGH_OVERLAP,REVIEW_SHARED_FAQ;DIFFERENTIATE_MAIN_CONTENT;REWRITE_FOR_CUSTOMER
/seniorenumzug-bad-koetzting,/seniorenumzug-bad-toelz,service,service,0.286,1.000,1.000,1.000,0,9,no,HIGH_OVERLAP,REVIEW_SHARED_FAQ;DIFFERENTIATE_MAIN_CONTENT;REWRITE_FOR_CUSTOMER
/seniorenumzug-bad-koetzting,/seniorenumzug-bamberg,service,service,0.111,1.000,1.000,0.863,0,6,no,HIGH_OVERLAP,REVIEW_SHARED_FAQ;DIFFERENTIATE_MAIN_CONTENT;REWRITE_FOR_CUSTOMER
/seniorenumzug-bad-koetzting,/seniorenumzug-barbing,service,service,0.125,1.000,1.000,1.000,0,9,no,HIGH_OVERLAP,REVIEW_SHARED_FAQ;DIFFERENTIATE_MAIN_CONTENT;REWRITE_FOR_CUSTOMER
/seniorenumzug-bad-koetzting,/seniorenumzug-bayreuth,service,service,0.143,1.000,1.000,0.929,0,6,no,HIGH_OVERLAP,REVIEW_SHARED_FAQ;DIFFERENTIATE_MAIN_CONTENT;REWRITE_FOR_CUSTOMER
/seniorenumzug-bad-koetzting,/seniorenumzug-beilngries,service,service,0.143,1.000,1.000,1.000,0,9,no,HIGH_OVERLAP,REVIEW_SHARED_FAQ;DIFFERENTIATE_MAIN_CONTENT;REWRITE_FOR_CUSTOMER
/seniorenumzug-bad-koetzting,/seniorenumzug-beratzhausen,service,service,0.143,1.000,1.000,1.000,0,9,no,HIGH_OVERLAP,REVIEW_SHARED_FAQ;DIFFERENTIATE_MAIN_CONTENT;REWRITE_FOR_CUSTOMER
/seniorenumzug-bad-toelz,/seniorenumzug-bamberg,service,service,0.100,1.000,1.000,0.863,0,6,no,HIGH_OVERLAP,REVIEW_SHARED_FAQ;DIFFERENTIATE_MAIN_CONTENT;REWRITE_FOR_CUSTOMER
/seniorenumzug-bad-toelz,/seniorenumzug-barbing,service,service,0.111,1.000,1.000,1.000,0,9,no,HIGH_OVERLAP,REVIEW_SHARED_FAQ;DIFFERENTIATE_MAIN_CONTENT;REWRITE_FOR_CUSTOMER
/seniorenumzug-bad-toelz,/seniorenumzug-bayreuth,service,service,0.125,1.000,1.000,0.929,0,6,no,HIGH_OVERLAP,REVIEW_SHARED_FAQ;DIFFERENTIATE_MAIN_CONTENT;REWRITE_FOR_CUSTOMER
/seniorenumzug-bad-toelz,/seniorenumzug-beilngries,service,service,0.125,1.000,1.000,1.000,0,9,no,HIGH_OVERLAP,REVIEW_SHARED_FAQ;DIFFERENTIATE_MAIN_CONTENT;REWRITE_FOR_CUSTOMER
/seniorenumzug-bad-toelz,/seniorenumzug-beratzhausen,service,service,0.125,1.000,1.000,1.000,0,9,no,HIGH_OVERLAP,REVIEW_SHARED_FAQ;DIFFERENTIATE_MAIN_CONTENT;REWRITE_FOR_CUSTOMER
/seniorenumzug-bamberg,/seniorenumzug-barbing,service,service,0.375,1.000,1.000,0.863,0,6,no,HIGH_OVERLAP,REVIEW_SHARED_FAQ;DIFFERENTIATE_MAIN_CONTENT;REWRITE_FOR_CUSTOMER
/seniorenumzug-bamberg,/seniorenumzug-bayreuth,service,service,0.429,1.000,1.000,0.928,0,9,no,HIGH_OVERLAP,REVIEW_SHARED_FAQ;DIFFERENTIATE_MAIN_CONTENT;REWRITE_FOR_CUSTOMER
/seniorenumzug-bamberg,/seniorenumzug-beilngries,service,service,0.429,1.000,1.000,0.863,0,6,no,HIGH_OVERLAP,REVIEW_SHARED_FAQ;DIFFERENTIATE_MAIN_CONTENT;REWRITE_FOR_CUSTOMER
/seniorenumzug-bamberg,/seniorenumzug-beratzhausen,service,service,0.429,1.000,1.000,0.863,0,6,no,HIGH_OVERLAP,REVIEW_SHARED_FAQ;DIFFERENTIATE_MAIN_CONTENT;REWRITE_FOR_CUSTOMER
/seniorenumzug-barbing,/seniorenumzug-bayreuth,service,service,0.500,1.000,1.000,0.929,0,6,no,HIGH_OVERLAP,REVIEW_SHARED_FAQ;DIFFERENTIATE_MAIN_CONTENT;REWRITE_FOR_CUSTOMER
/seniorenumzug-barbing,/seniorenumzug-beilngries,service,service,0.500,1.000,1.000,1.000,0,9,no,HIGH_OVERLAP,REVIEW_SHARED_FAQ;DIFFERENTIATE_MAIN_CONTENT;REWRITE_FOR_CUSTOMER
/seniorenumzug-barbing,/seniorenumzug-beratzhausen,service,service,0.500,1.000,1.000,1.000,0,9,no,HIGH_OVERLAP,REVIEW_SHARED_FAQ;DIFFERENTIATE_MAIN_CONTENT;REWRITE_FOR_CUSTOMER
/seniorenumzug-bayreuth,/seniorenumzug-beilngries,service,service,1.000,1.000,1.000,0.929,0,6,no,HIGH_OVERLAP,REVIEW_SHARED_FAQ;DIFFERENTIATE_MAIN_CONTENT;REWRITE_FOR_CUSTOMER
/seniorenumzug-bayreuth,/seniorenumzug-beratzhausen,service,service,1.000,1.000,1.000,0.929,0,6,no,HIGH_OVERLAP,REVIEW_SHARED_FAQ;DIFFERENTIATE_MAIN_CONTENT;REWRITE_FOR_CUSTOMER
/seniorenumzug-beilngries,/seniorenumzug-beratzhausen,service,service,1.000,1.000,1.000,1.000,0,9,no,HIGH_OVERLAP,REVIEW_SHARED_FAQ;DIFFERENTIATE_MAIN_CONTENT;REWRITE_FOR_CUSTOMER
/seniorenumzug-berching,/seniorenumzug-bernhardswald,service,service,0.111,1.000,1.000,1.000,0,9,no,HIGH_OVERLAP,REVIEW_SHARED_FAQ;DIFFERENTIATE_MAIN_CONTENT;REWRITE_FOR_CUSTOMER
/seniorenumzug-berching,/seniorenumzug-bogen,service,service,0.111,1.000,1.000,1.000,0,9,no,HIGH_OVERLAP,REVIEW_SHARED_FAQ;DIFFERENTIATE_MAIN_CONTENT;REWRITE_FOR_CUSTOMER
/seniorenumzug-berching,/seniorenumzug-brennberg,service,service,0.286,1.000,1.000,1.000,0,9,no,HIGH_OVERLAP,REVIEW_SHARED_FAQ;DIFFERENTIATE_MAIN_CONTENT;REWRITE_FOR_CUSTOMER
/seniorenumzug-berching,/seniorenumzug-brunn,service,service,0.286,1.000,1.000,1.000,0,9,no,HIGH_OVERLAP,REVIEW_SHARED_FAQ;DIFFERENTIATE_MAIN_CONTENT;REWRITE_FOR_CUSTOMER
/seniorenumzug-berching,/seniorenumzug-burglengenfeld,service,service,1.000,1.000,1.000,1.000,0,9,no,HIGH_OVERLAP,REVIEW_SHARED_FAQ;DIFFERENTIATE_MAIN_CONTENT;REWRITE_FOR_CUSTOMER
/seniorenumzug-berching,/seniorenumzug-cham,service,service,0.111,1.000,1.000,0.920,0,6,no,HIGH_OVERLAP,REVIEW_SHARED_FAQ;DIFFERENTIATE_MAIN_CONTENT;REWRITE_FOR_CUSTOMER
/seniorenumzug-berching,/seniorenumzug-coburg,service,service,0.125,1.000,1.000,1.000,0,9,no,HIGH_OVERLAP,REVIEW_SHARED_FAQ;DIFFERENTIATE_MAIN_CONTENT;REWRITE_FOR_CUSTOMER
/seniorenumzug-bernhardswald,/seniorenumzug-bogen,service,service,1.000,1.000,1.000,1.000,0,9,no,HIGH_OVERLAP,REVIEW_SHARED_FAQ;DIFFERENTIATE_MAIN_CONTENT;REWRITE_FOR_CUSTOMER
/seniorenumzug-bernhardswald,/seniorenumzug-brennberg,service,service,0.125,1.000,1.000,1.000,0,9,no,HIGH_OVERLAP,REVIEW_SHARED_FAQ;DIFFERENTIATE_MAIN_CONTENT;REWRITE_FOR_CUSTOMER
/seniorenumzug-bernhardswald,/seniorenumzug-brunn,service,service,0.125,1.000,1.000,1.000,0,9,no,HIGH_OVERLAP,REVIEW_SHARED_FAQ;DIFFERENTIATE_MAIN_CONTENT;REWRITE_FOR_CUSTOMER
/seniorenumzug-bernhardswald,/seniorenumzug-burglengenfeld,service,service,0.111,1.000,1.000,1.000,0,9,no,HIGH_OVERLAP,REVIEW_SHARED_FAQ;DIFFERENTIATE_MAIN_CONTENT;REWRITE_FOR_CUSTOMER
/seniorenumzug-bernhardswald,/seniorenumzug-cham,service,service,1.000,1.000,1.000,0.920,0,6,no,HIGH_OVERLAP,REVIEW_SHARED_FAQ;DIFFERENTIATE_MAIN_CONTENT;REWRITE_FOR_CUSTOMER
/seniorenumzug-bernhardswald,/seniorenumzug-coburg,service,service,0.500,1.000,1.000,1.000,0,9,no,HIGH_OVERLAP,REVIEW_SHARED_FAQ;DIFFERENTIATE_MAIN_CONTENT;REWRITE_FOR_CUSTOMER
/seniorenumzug-bogen,/seniorenumzug-brennberg,service,service,0.125,1.000,1.000,1.000,0,9,no,HIGH_OVERLAP,REVIEW_SHARED_FAQ;DIFFERENTIATE_MAIN_CONTENT;REWRITE_FOR_CUSTOMER
/seniorenumzug-bogen,/seniorenumzug-brunn,service,service,0.125,1.000,1.000,1.000,0,9,no,HIGH_OVERLAP,REVIEW_SHARED_FAQ;DIFFERENTIATE_MAIN_CONTENT;REWRITE_FOR_CUSTOMER
/seniorenumzug-bogen,/seniorenumzug-burglengenfeld,service,service,0.111,1.000,1.000,1.000,0,9,no,HIGH_OVERLAP,REVIEW_SHARED_FAQ;DIFFERENTIATE_MAIN_CONTENT;REWRITE_FOR_CUSTOMER
/seniorenumzug-bogen,/seniorenumzug-cham,service,service,1.000,1.000,1.000,0.920,0,6,no,HIGH_OVERLAP,REVIEW_SHARED_FAQ;DIFFERENTIATE_MAIN_CONTENT;REWRITE_FOR_CUSTOMER
/seniorenumzug-bogen,/seniorenumzug-coburg,service,service,0.500,1.000,1.000,1.000,0,9,no,HIGH_OVERLAP,REVIEW_SHARED_FAQ;DIFFERENTIATE_MAIN_CONTENT;REWRITE_FOR_CUSTOMER
/seniorenumzug-brennberg,/seniorenumzug-brunn,service,service,1.000,1.000,1.000,1.000,0,9,no,HIGH_OVERLAP,REVIEW_SHARED_FAQ;DIFFERENTIATE_MAIN_CONTENT;REWRITE_FOR_CUSTOMER
/seniorenumzug-brennberg,/seniorenumzug-burglengenfeld,service,service,0.286,1.000,1.000,1.000,0,9,no,HIGH_OVERLAP,REVIEW_SHARED_FAQ;DIFFERENTIATE_MAIN_CONTENT;REWRITE_FOR_CUSTOMER
/seniorenumzug-brennberg,/seniorenumzug-cham,service,service,0.125,1.000,1.000,0.920,0,6,no,HIGH_OVERLAP,REVIEW_SHARED_FAQ;DIFFERENTIATE_MAIN_CONTENT;REWRITE_FOR_CUSTOMER
/seniorenumzug-brennberg,/seniorenumzug-coburg,service,service,0.143,1.000,1.000,1.000,0,9,no,HIGH_OVERLAP,REVIEW_SHARED_FAQ;DIFFERENTIATE_MAIN_CONTENT;REWRITE_FOR_CUSTOMER
/seniorenumzug-brunn,/seniorenumzug-burglengenfeld,service,service,0.286,1.000,1.000,1.000,0,9,no,HIGH_OVERLAP,REVIEW_SHARED_FAQ;DIFFERENTIATE_MAIN_CONTENT;REWRITE_FOR_CUSTOMER
/seniorenumzug-brunn,/seniorenumzug-cham,service,service,0.125,1.000,1.000,0.920,0,6,no,HIGH_OVERLAP,REVIEW_SHARED_FAQ;DIFFERENTIATE_MAIN_CONTENT;REWRITE_FOR_CUSTOMER
/seniorenumzug-brunn,/seniorenumzug-coburg,service,service,0.143,1.000,1.000,1.000,0,9,no,HIGH_OVERLAP,REVIEW_SHARED_FAQ;DIFFERENTIATE_MAIN_CONTENT;REWRITE_FOR_CUSTOMER
/seniorenumzug-burglengenfeld,/seniorenumzug-cham,service,service,0.111,1.000,1.000,0.920,0,6,no,HIGH_OVERLAP,REVIEW_SHARED_FAQ;DIFFERENTIATE_MAIN_CONTENT;REWRITE_FOR_CUSTOMER
/seniorenumzug-burglengenfeld,/seniorenumzug-coburg,service,service,0.125,1.000,1.000,1.000,0,9,no,HIGH_OVERLAP,REVIEW_SHARED_FAQ;DIFFERENTIATE_MAIN_CONTENT;REWRITE_FOR_CUSTOMER
/seniorenumzug-cham,/seniorenumzug-coburg,service,service,0.500,1.000,1.000,0.920,0,6,no,HIGH_OVERLAP,REVIEW_SHARED_FAQ;DIFFERENTIATE_MAIN_CONTENT;REWRITE_FOR_CUSTOMER
/seniorenumzug-dachau,/seniorenumzug-deggendorf,service,service,0.111,1.000,1.000,1.000,0,9,no,HIGH_OVERLAP,REVIEW_SHARED_FAQ;DIFFERENTIATE_MAIN_CONTENT;REWRITE_FOR_CUSTOMER
/seniorenumzug-dachau,/seniorenumzug-deuerling,service,service,0.111,1.000,1.000,1.000,0,9,no,HIGH_OVERLAP,REVIEW_SHARED_FAQ;DIFFERENTIATE_MAIN_CONTENT;REWRITE_FOR_CUSTOMER
/seniorenumzug-dachau,/seniorenumzug-dietfurt,service,service,0.111,1.000,1.000,1.000,0,9,no,HIGH_OVERLAP,REVIEW_SHARED_FAQ;DIFFERENTIATE_MAIN_CONTENT;REWRITE_FOR_CUSTOMER
/seniorenumzug-dachau,/seniorenumzug-dingolfing,service,service,0.286,1.000,1.000,1.000,0,9,no,HIGH_OVERLAP,REVIEW_SHARED_FAQ;DIFFERENTIATE_MAIN_CONTENT;REWRITE_FOR_CUSTOMER
/seniorenumzug-dachau,/seniorenumzug-donaustauf,service,service,1.000,1.000,1.000,1.000,0,9,no,HIGH_OVERLAP,REVIEW_SHARED_FAQ;DIFFERENTIATE_MAIN_CONTENT;REWRITE_FOR_CUSTOMER
/seniorenumzug-dachau,/seniorenumzug-duggendorf,service,service,0.111,1.000,1.000,1.000,0,9,no,HIGH_OVERLAP,REVIEW_SHARED_FAQ;DIFFERENTIATE_MAIN_CONTENT;REWRITE_FOR_CUSTOMER
/seniorenumzug-dachau,/seniorenumzug-eggenfelden,service,service,0.125,1.000,1.000,1.000,0,9,no,HIGH_OVERLAP,REVIEW_SHARED_FAQ;DIFFERENTIATE_MAIN_CONTENT;REWRITE_FOR_CUSTOMER
/seniorenumzug-deggendorf,/seniorenumzug-deuerling,service,service,1.000,1.000,1.000,1.000,0,9,no,HIGH_OVERLAP,REVIEW_SHARED_FAQ;DIFFERENTIATE_MAIN_CONTENT;REWRITE_FOR_CUSTOMER
/seniorenumzug-deggendorf,/seniorenumzug-dietfurt,service,service,1.000,1.000,1.000,1.000,0,9,no,HIGH_OVERLAP,REVIEW_SHARED_FAQ;DIFFERENTIATE_MAIN_CONTENT;REWRITE_FOR_CUSTOMER
/seniorenumzug-deggendorf,/seniorenumzug-dingolfing,service,service,0.125,1.000,1.000,1.000,0,9,no,HIGH_OVERLAP,REVIEW_SHARED_FAQ;DIFFERENTIATE_MAIN_CONTENT;REWRITE_FOR_CUSTOMER
/seniorenumzug-deggendorf,/seniorenumzug-donaustauf,service,service,0.111,1.000,1.000,1.000,0,9,no,HIGH_OVERLAP,REVIEW_SHARED_FAQ;DIFFERENTIATE_MAIN_CONTENT;REWRITE_FOR_CUSTOMER
/seniorenumzug-deggendorf,/seniorenumzug-duggendorf,service,service,1.000,1.000,1.000,1.000,0,9,no,HIGH_OVERLAP,REVIEW_SHARED_FAQ;DIFFERENTIATE_MAIN_CONTENT;REWRITE_FOR_CUSTOMER
/seniorenumzug-deggendorf,/seniorenumzug-eggenfelden,service,service,0.500,1.000,1.000,1.000,0,9,no,HIGH_OVERLAP,REVIEW_SHARED_FAQ;DIFFERENTIATE_MAIN_CONTENT;REWRITE_FOR_CUSTOMER
/seniorenumzug-deuerling,/seniorenumzug-dietfurt,service,service,1.000,1.000,1.000,1.000,0,9,no,HIGH_OVERLAP,REVIEW_SHARED_FAQ;DIFFERENTIATE_MAIN_CONTENT;REWRITE_FOR_CUSTOMER
/seniorenumzug-deuerling,/seniorenumzug-dingolfing,service,service,0.125,1.000,1.000,1.000,0,9,no,HIGH_OVERLAP,REVIEW_SHARED_FAQ;DIFFERENTIATE_MAIN_CONTENT;REWRITE_FOR_CUSTOMER
/seniorenumzug-deuerling,/seniorenumzug-donaustauf,service,service,0.111,1.000,1.000,1.000,0,9,no,HIGH_OVERLAP,REVIEW_SHARED_FAQ;DIFFERENTIATE_MAIN_CONTENT;REWRITE_FOR_CUSTOMER
/seniorenumzug-deuerling,/seniorenumzug-duggendorf,service,service,1.000,1.000,1.000,1.000,0,9,no,HIGH_OVERLAP,REVIEW_SHARED_FAQ;DIFFERENTIATE_MAIN_CONTENT;REWRITE_FOR_CUSTOMER
/seniorenumzug-deuerling,/seniorenumzug-eggenfelden,service,service,0.500,1.000,1.000,1.000,0,9,no,HIGH_OVERLAP,REVIEW_SHARED_FAQ;DIFFERENTIATE_MAIN_CONTENT;REWRITE_FOR_CUSTOMER
/seniorenumzug-dietfurt,/seniorenumzug-dingolfing,service,service,0.125,1.000,1.000,1.000,0,9,no,HIGH_OVERLAP,REVIEW_SHARED_FAQ;DIFFERENTIATE_MAIN_CONTENT;REWRITE_FOR_CUSTOMER
/seniorenumzug-dietfurt,/seniorenumzug-donaustauf,service,service,0.111,1.000,1.000,1.000,0,9,no,HIGH_OVERLAP,REVIEW_SHARED_FAQ;DIFFERENTIATE_MAIN_CONTENT;REWRITE_FOR_CUSTOMER
/seniorenumzug-dietfurt,/seniorenumzug-duggendorf,service,service,1.000,1.000,1.000,1.000,0,9,no,HIGH_OVERLAP,REVIEW_SHARED_FAQ;DIFFERENTIATE_MAIN_CONTENT;REWRITE_FOR_CUSTOMER
/seniorenumzug-dietfurt,/seniorenumzug-eggenfelden,service,service,0.500,1.000,1.000,1.000,0,9,no,HIGH_OVERLAP,REVIEW_SHARED_FAQ;DIFFERENTIATE_MAIN_CONTENT;REWRITE_FOR_CUSTOMER
/seniorenumzug-dingolfing,/seniorenumzug-donaustauf,service,service,0.286,1.000,1.000,1.000,0,9,no,HIGH_OVERLAP,REVIEW_SHARED_FAQ;DIFFERENTIATE_MAIN_CONTENT;REWRITE_FOR_CUSTOMER
/seniorenumzug-dingolfing,/seniorenumzug-duggendorf,service,service,0.125,1.000,1.000,1.000,0,9,no,HIGH_OVERLAP,REVIEW_SHARED_FAQ;DIFFERENTIATE_MAIN_CONTENT;REWRITE_FOR_CUSTOMER
/seniorenumzug-dingolfing,/seniorenumzug-eggenfelden,service,service,0.143,1.000,1.000,1.000,0,9,no,HIGH_OVERLAP,REVIEW_SHARED_FAQ;DIFFERENTIATE_MAIN_CONTENT;REWRITE_FOR_CUSTOMER
/seniorenumzug-donaustauf,/seniorenumzug-duggendorf,service,service,0.111,1.000,1.000,1.000,0,9,no,HIGH_OVERLAP,REVIEW_SHARED_FAQ;DIFFERENTIATE_MAIN_CONTENT;REWRITE_FOR_CUSTOMER
/seniorenumzug-donaustauf,/seniorenumzug-eggenfelden,service,service,0.125,1.000,1.000,1.000,0,9,no,HIGH_OVERLAP,REVIEW_SHARED_FAQ;DIFFERENTIATE_MAIN_CONTENT;REWRITE_FOR_CUSTOMER
/seniorenumzug-duggendorf,/seniorenumzug-eggenfelden,service,service,0.500,1.000,1.000,1.000,0,9,no,HIGH_OVERLAP,REVIEW_SHARED_FAQ;DIFFERENTIATE_MAIN_CONTENT;REWRITE_FOR_CUSTOMER
/seniorenumzug-eichstaett,/seniorenumzug-erding,service,service,0.286,1.000,1.000,1.000,0,9,no,HIGH_OVERLAP,REVIEW_SHARED_FAQ;DIFFERENTIATE_MAIN_CONTENT;REWRITE_FOR_CUSTOMER
/seniorenumzug-eichstaett,/seniorenumzug-ergoldsbach,service,service,0.125,1.000,1.000,1.000,0,9,no,HIGH_OVERLAP,REVIEW_SHARED_FAQ;DIFFERENTIATE_MAIN_CONTENT;REWRITE_FOR_CUSTOMER
/seniorenumzug-eichstaett,/seniorenumzug-erlangen,service,service,0.100,1.000,1.000,0.863,0,6,no,HIGH_OVERLAP,REVIEW_SHARED_FAQ;DIFFERENTIATE_MAIN_CONTENT;REWRITE_FOR_CUSTOMER
/seniorenumzug-eichstaett,/seniorenumzug-eschenbach-in-der-oberpfalz,service,service,0.125,1.000,1.000,1.000,0,9,no,HIGH_OVERLAP,REVIEW_SHARED_FAQ;DIFFERENTIATE_MAIN_CONTENT;REWRITE_FOR_CUSTOMER
/seniorenumzug-eichstaett,/seniorenumzug-feucht,service,service,0.111,1.000,1.000,1.000,0,9,no,HIGH_OVERLAP,REVIEW_SHARED_FAQ;DIFFERENTIATE_MAIN_CONTENT;REWRITE_FOR_CUSTOMER
/seniorenumzug-eichstaett,/seniorenumzug-freising,service,service,0.286,1.000,1.000,1.000,0,9,no,HIGH_OVERLAP,REVIEW_SHARED_FAQ;DIFFERENTIATE_MAIN_CONTENT;REWRITE_FOR_CUSTOMER
/seniorenumzug-eichstaett,/seniorenumzug-freystadt,service,service,1.000,1.000,1.000,1.000,0,9,no,HIGH_OVERLAP,REVIEW_SHARED_FAQ;DIFFERENTIATE_MAIN_CONTENT;REWRITE_FOR_CUSTOMER
/seniorenumzug-erding,/seniorenumzug-ergoldsbach,service,service,0.143,1.000,1.000,1.000,0,9,no,HIGH_OVERLAP,REVIEW_SHARED_FAQ;DIFFERENTIATE_MAIN_CONTENT;REWRITE_FOR_CUSTOMER
/seniorenumzug-erding,/seniorenumzug-erlangen,service,service,0.111,1.000,1.000,0.863,0,6,no,HIGH_OVERLAP,REVIEW_SHARED_FAQ;DIFFERENTIATE_MAIN_CONTENT;REWRITE_FOR_CUSTOMER
/seniorenumzug-erding,/seniorenumzug-eschenbach-in-der-oberpfalz,service,service,0.143,1.000,1.000,1.000,0,9,no,HIGH_OVERLAP,REVIEW_SHARED_FAQ;DIFFERENTIATE_MAIN_CONTENT;REWRITE_FOR_CUSTOMER
/seniorenumzug-erding,/seniorenumzug-feucht,service,service,0.125,1.000,1.000,1.000,0,9,no,HIGH_OVERLAP,REVIEW_SHARED_FAQ;DIFFERENTIATE_MAIN_CONTENT;REWRITE_FOR_CUSTOMER
/seniorenumzug-erding,/seniorenumzug-freising,service,service,1.000,1.000,1.000,1.000,0,9,no,HIGH_OVERLAP,REVIEW_SHARED_FAQ;DIFFERENTIATE_MAIN_CONTENT;REWRITE_FOR_CUSTOMER
/seniorenumzug-erding,/seniorenumzug-freystadt,service,service,0.286,1.000,1.000,1.000,0,9,no,HIGH_OVERLAP,REVIEW_SHARED_FAQ;DIFFERENTIATE_MAIN_CONTENT;REWRITE_FOR_CUSTOMER
/seniorenumzug-ergoldsbach,/seniorenumzug-erlangen,service,service,0.429,1.000,1.000,0.863,0,6,no,HIGH_OVERLAP,REVIEW_SHARED_FAQ;DIFFERENTIATE_MAIN_CONTENT;REWRITE_FOR_CUSTOMER
/seniorenumzug-ergoldsbach,/seniorenumzug-eschenbach-in-der-oberpfalz,service,service,1.000,1.000,1.000,1.000,0,9,no,HIGH_OVERLAP,REVIEW_SHARED_FAQ;DIFFERENTIATE_MAIN_CONTENT;REWRITE_FOR_CUSTOMER
/seniorenumzug-ergoldsbach,/seniorenumzug-feucht,service,service,0.500,1.000,1.000,1.000,0,9,no,HIGH_OVERLAP,REVIEW_SHARED_FAQ;DIFFERENTIATE_MAIN_CONTENT;REWRITE_FOR_CUSTOMER
/seniorenumzug-ergoldsbach,/seniorenumzug-freising,service,service,0.143,1.000,1.000,1.000,0,9,no,HIGH_OVERLAP,REVIEW_SHARED_FAQ;DIFFERENTIATE_MAIN_CONTENT;REWRITE_FOR_CUSTOMER
/seniorenumzug-ergoldsbach,/seniorenumzug-freystadt,service,service,0.125,1.000,1.000,1.000,0,9,no,HIGH_OVERLAP,REVIEW_SHARED_FAQ;DIFFERENTIATE_MAIN_CONTENT;REWRITE_FOR_CUSTOMER
/seniorenumzug-erlangen,/seniorenumzug-eschenbach-in-der-oberpfalz,service,service,0.429,1.000,1.000,0.863,0,6,no,HIGH_OVERLAP,REVIEW_SHARED_FAQ;DIFFERENTIATE_MAIN_CONTENT;REWRITE_FOR_CUSTOMER
/seniorenumzug-erlangen,/seniorenumzug-feucht,service,service,0.375,1.000,1.000,0.863,0,6,no,HIGH_OVERLAP,REVIEW_SHARED_FAQ;DIFFERENTIATE_MAIN_CONTENT;REWRITE_FOR_CUSTOMER
/seniorenumzug-erlangen,/seniorenumzug-freising,service,service,0.111,1.000,1.000,0.863,0,6,no,HIGH_OVERLAP,REVIEW_SHARED_FAQ;DIFFERENTIATE_MAIN_CONTENT;REWRITE_FOR_CUSTOMER
/seniorenumzug-erlangen,/seniorenumzug-freystadt,service,service,0.100,1.000,1.000,0.863,0,6,no,HIGH_OVERLAP,REVIEW_SHARED_FAQ;DIFFERENTIATE_MAIN_CONTENT;REWRITE_FOR_CUSTOMER
/seniorenumzug-eschenbach-in-der-oberpfalz,/seniorenumzug-feucht,service,service,0.500,1.000,1.000,1.000,0,9,no,HIGH_OVERLAP,REVIEW_SHARED_FAQ;DIFFERENTIATE_MAIN_CONTENT;REWRITE_FOR_CUSTOMER
/seniorenumzug-eschenbach-in-der-oberpfalz,/seniorenumzug-freising,service,service,0.143,1.000,1.000,1.000,0,9,no,HIGH_OVERLAP,REVIEW_SHARED_FAQ;DIFFERENTIATE_MAIN_CONTENT;REWRITE_FOR_CUSTOMER
/seniorenumzug-eschenbach-in-der-oberpfalz,/seniorenumzug-freystadt,service,service,0.125,1.000,1.000,1.000,0,9,no,HIGH_OVERLAP,REVIEW_SHARED_FAQ;DIFFERENTIATE_MAIN_CONTENT;REWRITE_FOR_CUSTOMER
/seniorenumzug-feucht,/seniorenumzug-freising,service,service,0.125,1.000,1.000,1.000,0,9,no,HIGH_OVERLAP,REVIEW_SHARED_FAQ;DIFFERENTIATE_MAIN_CONTENT;REWRITE_FOR_CUSTOMER
/seniorenumzug-feucht,/seniorenumzug-freystadt,service,service,0.111,1.000,1.000,1.000,0,9,no,HIGH_OVERLAP,REVIEW_SHARED_FAQ;DIFFERENTIATE_MAIN_CONTENT;REWRITE_FOR_CUSTOMER
/seniorenumzug-freising,/seniorenumzug-freystadt,service,service,0.286,1.000,1.000,1.000,0,9,no,HIGH_OVERLAP,REVIEW_SHARED_FAQ;DIFFERENTIATE_MAIN_CONTENT;REWRITE_FOR_CUSTOMER
/seniorenumzug-freyung,/seniorenumzug-fuerstenfeldbruck,service,service,0.125,1.000,1.000,1.000,0,9,no,HIGH_OVERLAP,REVIEW_SHARED_FAQ;DIFFERENTIATE_MAIN_CONTENT;REWRITE_FOR_CUSTOMER
/seniorenumzug-freyung,/seniorenumzug-fuerth,service,service,1.000,1.000,1.000,1.000,0,9,no,HIGH_OVERLAP,REVIEW_SHARED_FAQ;DIFFERENTIATE_MAIN_CONTENT;REWRITE_FOR_CUSTOMER
/seniorenumzug-freyung,/seniorenumzug-furth-im-wald,service,service,0.143,1.000,1.000,1.000,0,9,no,HIGH_OVERLAP,REVIEW_SHARED_FAQ;DIFFERENTIATE_MAIN_CONTENT;REWRITE_FOR_CUSTOMER
/seniorenumzug-freyung,/seniorenumzug-garching,service,service,0.500,1.000,1.000,1.000,0,9,no,HIGH_OVERLAP,REVIEW_SHARED_FAQ;DIFFERENTIATE_MAIN_CONTENT;REWRITE_FOR_CUSTOMER
/seniorenumzug-freyung,/seniorenumzug-geiselhoering,service,service,0.500,1.000,1.000,1.000,0,9,no,HIGH_OVERLAP,REVIEW_SHARED_FAQ;DIFFERENTIATE_MAIN_CONTENT;REWRITE_FOR_CUSTOMER
/seniorenumzug-freyung,/seniorenumzug-geisenfeld,service,service,1.000,1.000,1.000,1.000,0,9,no,HIGH_OVERLAP,REVIEW_SHARED_FAQ;DIFFERENTIATE_MAIN_CONTENT;REWRITE_FOR_CUSTOMER
/seniorenumzug-freyung,/seniorenumzug-germering,service,service,0.125,1.000,1.000,1.000,0,9,no,HIGH_OVERLAP,REVIEW_SHARED_FAQ;DIFFERENTIATE_MAIN_CONTENT;REWRITE_FOR_CUSTOMER
/seniorenumzug-fuerstenfeldbruck,/seniorenumzug-fuerth,service,service,0.125,1.000,1.000,1.000,0,9,no,HIGH_OVERLAP,REVIEW_SHARED_FAQ;DIFFERENTIATE_MAIN_CONTENT;REWRITE_FOR_CUSTOMER
/seniorenumzug-fuerstenfeldbruck,/seniorenumzug-furth-im-wald,service,service,0.286,1.000,1.000,1.000,0,9,no,HIGH_OVERLAP,REVIEW_SHARED_FAQ;DIFFERENTIATE_MAIN_CONTENT;REWRITE_FOR_CUSTOMER
/seniorenumzug-fuerstenfeldbruck,/seniorenumzug-garching,service,service,0.111,1.000,1.000,1.000,0,9,no,HIGH_OVERLAP,REVIEW_SHARED_FAQ;DIFFERENTIATE_MAIN_CONTENT;REWRITE_FOR_CUSTOMER
/seniorenumzug-fuerstenfeldbruck,/seniorenumzug-geiselhoering,service,service,0.111,1.000,1.000,1.000,0,9,no,HIGH_OVERLAP,REVIEW_SHARED_FAQ;DIFFERENTIATE_MAIN_CONTENT;REWRITE_FOR_CUSTOMER
/seniorenumzug-fuerstenfeldbruck,/seniorenumzug-geisenfeld,service,service,0.125,1.000,1.000,1.000,0,9,no,HIGH_OVERLAP,REVIEW_SHARED_FAQ;DIFFERENTIATE_MAIN_CONTENT;REWRITE_FOR_CUSTOMER
/seniorenumzug-fuerstenfeldbruck,/seniorenumzug-germering,service,service,1.000,1.000,1.000,1.000,0,9,no,HIGH_OVERLAP,REVIEW_SHARED_FAQ;DIFFERENTIATE_MAIN_CONTENT;REWRITE_FOR_CUSTOMER
/seniorenumzug-fuerth,/seniorenumzug-furth-im-wald,service,service,0.143,1.000,1.000,1.000,0,9,no,HIGH_OVERLAP,REVIEW_SHARED_FAQ;DIFFERENTIATE_MAIN_CONTENT;REWRITE_FOR_CUSTOMER
/seniorenumzug-fuerth,/seniorenumzug-garching,service,service,0.500,1.000,1.000,1.000,0,9,no,HIGH_OVERLAP,REVIEW_SHARED_FAQ;DIFFERENTIATE_MAIN_CONTENT;REWRITE_FOR_CUSTOMER
/seniorenumzug-fuerth,/seniorenumzug-geiselhoering,service,service,0.500,1.000,1.000,1.000,0,9,no,HIGH_OVERLAP,REVIEW_SHARED_FAQ;DIFFERENTIATE_MAIN_CONTENT;REWRITE_FOR_CUSTOMER
/seniorenumzug-fuerth,/seniorenumzug-geisenfeld,service,service,1.000,1.000,1.000,1.000,0,9,no,HIGH_OVERLAP,REVIEW_SHARED_FAQ;DIFFERENTIATE_MAIN_CONTENT;REWRITE_FOR_CUSTOMER
/seniorenumzug-fuerth,/seniorenumzug-germering,service,service,0.125,1.000,1.000,1.000,0,9,no,HIGH_OVERLAP,REVIEW_SHARED_FAQ;DIFFERENTIATE_MAIN_CONTENT;REWRITE_FOR_CUSTOMER
/seniorenumzug-furth-im-wald,/seniorenumzug-garching,service,service,0.125,1.000,1.000,1.000,0,9,no,HIGH_OVERLAP,REVIEW_SHARED_FAQ;DIFFERENTIATE_MAIN_CONTENT;REWRITE_FOR_CUSTOMER
/seniorenumzug-furth-im-wald,/seniorenumzug-geiselhoering,service,service,0.125,1.000,1.000,1.000,0,9,no,HIGH_OVERLAP,REVIEW_SHARED_FAQ;DIFFERENTIATE_MAIN_CONTENT;REWRITE_FOR_CUSTOMER
/seniorenumzug-furth-im-wald,/seniorenumzug-geisenfeld,service,service,0.143,1.000,1.000,1.000,0,9,no,HIGH_OVERLAP,REVIEW_SHARED_FAQ;DIFFERENTIATE_MAIN_CONTENT;REWRITE_FOR_CUSTOMER
/seniorenumzug-furth-im-wald,/seniorenumzug-germering,service,service,0.286,1.000,1.000,1.000,0,9,no,HIGH_OVERLAP,REVIEW_SHARED_FAQ;DIFFERENTIATE_MAIN_CONTENT;REWRITE_FOR_CUSTOMER
/seniorenumzug-garching,/seniorenumzug-geiselhoering,service,service,1.000,1.000,1.000,1.000,0,9,no,HIGH_OVERLAP,REVIEW_SHARED_FAQ;DIFFERENTIATE_MAIN_CONTENT;REWRITE_FOR_CUSTOMER
/seniorenumzug-garching,/seniorenumzug-geisenfeld,service,service,0.500,1.000,1.000,1.000,0,9,no,HIGH_OVERLAP,REVIEW_SHARED_FAQ;DIFFERENTIATE_MAIN_CONTENT;REWRITE_FOR_CUSTOMER
/seniorenumzug-garching,/seniorenumzug-germering,service,service,0.111,1.000,1.000,1.000,0,9,no,HIGH_OVERLAP,REVIEW_SHARED_FAQ;DIFFERENTIATE_MAIN_CONTENT;REWRITE_FOR_CUSTOMER
/seniorenumzug-geiselhoering,/seniorenumzug-geisenfeld,service,service,0.500,1.000,1.000,1.000,0,9,no,HIGH_OVERLAP,REVIEW_SHARED_FAQ;DIFFERENTIATE_MAIN_CONTENT;REWRITE_FOR_CUSTOMER
/seniorenumzug-geiselhoering,/seniorenumzug-germering,service,service,0.111,1.000,1.000,1.000,0,9,no,HIGH_OVERLAP,REVIEW_SHARED_FAQ;DIFFERENTIATE_MAIN_CONTENT;REWRITE_FOR_CUSTOMER
/seniorenumzug-geisenfeld,/seniorenumzug-germering,service,service,0.125,1.000,1.000,1.000,0,9,no,HIGH_OVERLAP,REVIEW_SHARED_FAQ;DIFFERENTIATE_MAIN_CONTENT;REWRITE_FOR_CUSTOMER
/seniorenumzug-gersthofen,/seniorenumzug-grafenau,service,service,0.125,1.000,1.000,1.000,0,9,no,HIGH_OVERLAP,REVIEW_SHARED_FAQ;DIFFERENTIATE_MAIN_CONTENT;REWRITE_FOR_CUSTOMER
/seniorenumzug-gersthofen,/seniorenumzug-grafenwoehr,service,service,0.143,1.000,1.000,1.000,0,9,no,HIGH_OVERLAP,REVIEW_SHARED_FAQ;DIFFERENTIATE_MAIN_CONTENT;REWRITE_FOR_CUSTOMER
/seniorenumzug-gersthofen,/seniorenumzug-guenzburg,service,service,0.125,1.000,1.000,0.920,0,6,no,HIGH_OVERLAP,REVIEW_SHARED_FAQ;DIFFERENTIATE_MAIN_CONTENT;REWRITE_FOR_CUSTOMER
/seniorenumzug-gersthofen,/seniorenumzug-hagelstadt,service,service,1.000,1.000,1.000,1.000,0,9,no,HIGH_OVERLAP,REVIEW_SHARED_FAQ;DIFFERENTIATE_MAIN_CONTENT;REWRITE_FOR_CUSTOMER
/seniorenumzug-gersthofen,/seniorenumzug-hausen,service,service,0.143,1.000,1.000,1.000,0,9,no,HIGH_OVERLAP,REVIEW_SHARED_FAQ;DIFFERENTIATE_MAIN_CONTENT;REWRITE_FOR_CUSTOMER
/seniorenumzug-gersthofen,/seniorenumzug-hemau,service,service,0.286,1.000,1.000,1.000,0,9,no,HIGH_OVERLAP,REVIEW_SHARED_FAQ;DIFFERENTIATE_MAIN_CONTENT;REWRITE_FOR_CUSTOMER
/seniorenumzug-gersthofen,/seniorenumzug-herzogenaurach,service,service,0.286,1.000,1.000,1.000,0,9,no,HIGH_OVERLAP,REVIEW_SHARED_FAQ;DIFFERENTIATE_MAIN_CONTENT;REWRITE_FOR_CUSTOMER
/seniorenumzug-grafenau,/seniorenumzug-grafenwoehr,service,service,0.500,1.000,1.000,1.000,0,9,no,HIGH_OVERLAP,REVIEW_SHARED_FAQ;DIFFERENTIATE_MAIN_CONTENT;REWRITE_FOR_CUSTOMER
/seniorenumzug-grafenau,/seniorenumzug-guenzburg,service,service,1.000,1.000,1.000,0.920,0,6,no,HIGH_OVERLAP,REVIEW_SHARED_FAQ;DIFFERENTIATE_MAIN_CONTENT;REWRITE_FOR_CUSTOMER
/seniorenumzug-grafenau,/seniorenumzug-hagelstadt,service,service,0.125,1.000,1.000,1.000,0,9,no,HIGH_OVERLAP,REVIEW_SHARED_FAQ;DIFFERENTIATE_MAIN_CONTENT;REWRITE_FOR_CUSTOMER
/seniorenumzug-grafenau,/seniorenumzug-hausen,service,service,0.500,1.000,1.000,1.000,0,9,no,HIGH_OVERLAP,REVIEW_SHARED_FAQ;DIFFERENTIATE_MAIN_CONTENT;REWRITE_FOR_CUSTOMER
/seniorenumzug-grafenau,/seniorenumzug-hemau,service,service,0.111,1.000,1.000,1.000,0,9,no,HIGH_OVERLAP,REVIEW_SHARED_FAQ;DIFFERENTIATE_MAIN_CONTENT;REWRITE_FOR_CUSTOMER
/seniorenumzug-grafenau,/seniorenumzug-herzogenaurach,service,service,0.111,1.000,1.000,1.000,0,9,no,HIGH_OVERLAP,REVIEW_SHARED_FAQ;DIFFERENTIATE_MAIN_CONTENT;REWRITE_FOR_CUSTOMER
/seniorenumzug-grafenwoehr,/seniorenumzug-guenzburg,service,service,0.500,1.000,1.000,0.920,0,6,no,HIGH_OVERLAP,REVIEW_SHARED_FAQ;DIFFERENTIATE_MAIN_CONTENT;REWRITE_FOR_CUSTOMER
/seniorenumzug-grafenwoehr,/seniorenumzug-hagelstadt,service,service,0.143,1.000,1.000,1.000,0,9,no,HIGH_OVERLAP,REVIEW_SHARED_FAQ;DIFFERENTIATE_MAIN_CONTENT;REWRITE_FOR_CUSTOMER
/seniorenumzug-grafenwoehr,/seniorenumzug-hausen,service,service,1.000,1.000,1.000,1.000,0,9,no,HIGH_OVERLAP,REVIEW_SHARED_FAQ;DIFFERENTIATE_MAIN_CONTENT;REWRITE_FOR_CUSTOMER
/seniorenumzug-grafenwoehr,/seniorenumzug-hemau,service,service,0.125,1.000,1.000,1.000,0,9,no,HIGH_OVERLAP,REVIEW_SHARED_FAQ;DIFFERENTIATE_MAIN_CONTENT;REWRITE_FOR_CUSTOMER
/seniorenumzug-grafenwoehr,/seniorenumzug-herzogenaurach,service,service,0.125,1.000,1.000,1.000,0,9,no,HIGH_OVERLAP,REVIEW_SHARED_FAQ;DIFFERENTIATE_MAIN_CONTENT;REWRITE_FOR_CUSTOMER
/seniorenumzug-guenzburg,/seniorenumzug-hagelstadt,service,service,0.125,1.000,1.000,0.920,0,6,no,HIGH_OVERLAP,REVIEW_SHARED_FAQ;DIFFERENTIATE_MAIN_CONTENT;REWRITE_FOR_CUSTOMER
/seniorenumzug-guenzburg,/seniorenumzug-hausen,service,service,0.500,1.000,1.000,0.920,0,6,no,HIGH_OVERLAP,REVIEW_SHARED_FAQ;DIFFERENTIATE_MAIN_CONTENT;REWRITE_FOR_CUSTOMER
/seniorenumzug-guenzburg,/seniorenumzug-hemau,service,service,0.111,1.000,1.000,0.920,0,6,no,HIGH_OVERLAP,REVIEW_SHARED_FAQ;DIFFERENTIATE_MAIN_CONTENT;REWRITE_FOR_CUSTOMER
/seniorenumzug-guenzburg,/seniorenumzug-herzogenaurach,service,service,0.111,1.000,1.000,0.920,0,6,no,HIGH_OVERLAP,REVIEW_SHARED_FAQ;DIFFERENTIATE_MAIN_CONTENT;REWRITE_FOR_CUSTOMER
/seniorenumzug-hagelstadt,/seniorenumzug-hausen,service,service,0.143,1.000,1.000,1.000,0,9,no,HIGH_OVERLAP,REVIEW_SHARED_FAQ;DIFFERENTIATE_MAIN_CONTENT;REWRITE_FOR_CUSTOMER
/seniorenumzug-hagelstadt,/seniorenumzug-hemau,service,service,0.286,1.000,1.000,1.000,0,9,no,HIGH_OVERLAP,REVIEW_SHARED_FAQ;DIFFERENTIATE_MAIN_CONTENT;REWRITE_FOR_CUSTOMER
/seniorenumzug-hagelstadt,/seniorenumzug-herzogenaurach,service,service,0.286,1.000,1.000,1.000,0,9,no,HIGH_OVERLAP,REVIEW_SHARED_FAQ;DIFFERENTIATE_MAIN_CONTENT;REWRITE_FOR_CUSTOMER
/seniorenumzug-hausen,/seniorenumzug-hemau,service,service,0.125,1.000,1.000,1.000,0,9,no,HIGH_OVERLAP,REVIEW_SHARED_FAQ;DIFFERENTIATE_MAIN_CONTENT;REWRITE_FOR_CUSTOMER
/seniorenumzug-hausen,/seniorenumzug-herzogenaurach,service,service,0.125,1.000,1.000,1.000,0,9,no,HIGH_OVERLAP,REVIEW_SHARED_FAQ;DIFFERENTIATE_MAIN_CONTENT;REWRITE_FOR_CUSTOMER
/seniorenumzug-hemau,/seniorenumzug-herzogenaurach,service,service,1.000,1.000,1.000,1.000,0,9,no,HIGH_OVERLAP,REVIEW_SHARED_FAQ;DIFFERENTIATE_MAIN_CONTENT;REWRITE_FOR_CUSTOMER
/seniorenumzug-hirschau,/seniorenumzug-hohenfels,service,service,0.286,1.000,1.000,1.000,0,9,no,HIGH_OVERLAP,REVIEW_SHARED_FAQ;DIFFERENTIATE_MAIN_CONTENT;REWRITE_FOR_CUSTOMER
/seniorenumzug-hirschau,/seniorenumzug-holzheim-am-forst,service,service,0.286,1.000,1.000,1.000,0,9,no,HIGH_OVERLAP,REVIEW_SHARED_FAQ;DIFFERENTIATE_MAIN_CONTENT;REWRITE_FOR_CUSTOMER
/seniorenumzug-hirschau,/seniorenumzug-ingolstadt,service,service,0.125,0.750,1.000,0.881,0,6,no,HIGH_OVERLAP,REVIEW_SHARED_FAQ;DIFFERENTIATE_MAIN_CONTENT;REWRITE_FOR_CUSTOMER
/seniorenumzug-hirschau,/seniorenumzug-kallmuenz,service,service,0.125,1.000,1.000,1.000,0,9,no,HIGH_OVERLAP,REVIEW_SHARED_FAQ;DIFFERENTIATE_MAIN_CONTENT;REWRITE_FOR_CUSTOMER
/seniorenumzug-hirschau,/seniorenumzug-kelheim,service,service,0.125,1.000,1.000,1.000,0,9,no,HIGH_OVERLAP,REVIEW_SHARED_FAQ;DIFFERENTIATE_MAIN_CONTENT;REWRITE_FOR_CUSTOMER
/seniorenumzug-hirschau,/seniorenumzug-kissing,service,service,0.286,1.000,1.000,1.000,0,9,no,HIGH_OVERLAP,REVIEW_SHARED_FAQ;DIFFERENTIATE_MAIN_CONTENT;REWRITE_FOR_CUSTOMER
/seniorenumzug-hirschau,/seniorenumzug-koefering,service,service,0.286,1.000,1.000,1.000,0,9,no,HIGH_OVERLAP,REVIEW_SHARED_FAQ;DIFFERENTIATE_MAIN_CONTENT;REWRITE_FOR_CUSTOMER
/seniorenumzug-hohenfels,/seniorenumzug-holzheim-am-forst,service,service,1.000,1.000,1.000,1.000,0,9,no,HIGH_OVERLAP,REVIEW_SHARED_FAQ;DIFFERENTIATE_MAIN_CONTENT;REWRITE_FOR_CUSTOMER
/seniorenumzug-hohenfels,/seniorenumzug-ingolstadt,service,service,0.111,0.750,1.000,0.881,0,6,no,HIGH_OVERLAP,REVIEW_SHARED_FAQ;DIFFERENTIATE_MAIN_CONTENT;REWRITE_FOR_CUSTOMER
/seniorenumzug-hohenfels,/seniorenumzug-kallmuenz,service,service,0.111,1.000,1.000,1.000,0,9,no,HIGH_OVERLAP,REVIEW_SHARED_FAQ;DIFFERENTIATE_MAIN_CONTENT;REWRITE_FOR_CUSTOMER
/seniorenumzug-hohenfels,/seniorenumzug-kelheim,service,service,0.111,1.000,1.000,1.000,0,9,no,HIGH_OVERLAP,REVIEW_SHARED_FAQ;DIFFERENTIATE_MAIN_CONTENT;REWRITE_FOR_CUSTOMER
/seniorenumzug-hohenfels,/seniorenumzug-kissing,service,service,1.000,1.000,1.000,1.000,0,9,no,HIGH_OVERLAP,REVIEW_SHARED_FAQ;DIFFERENTIATE_MAIN_CONTENT;REWRITE_FOR_CUSTOMER
/seniorenumzug-hohenfels,/seniorenumzug-koefering,service,service,1.000,1.000,1.000,1.000,0,9,no,HIGH_OVERLAP,REVIEW_SHARED_FAQ;DIFFERENTIATE_MAIN_CONTENT;REWRITE_FOR_CUSTOMER
/seniorenumzug-holzheim-am-forst,/seniorenumzug-ingolstadt,service,service,0.111,0.750,1.000,0.881,0,6,no,HIGH_OVERLAP,REVIEW_SHARED_FAQ;DIFFERENTIATE_MAIN_CONTENT;REWRITE_FOR_CUSTOMER
/seniorenumzug-holzheim-am-forst,/seniorenumzug-kallmuenz,service,service,0.111,1.000,1.000,1.000,0,9,no,HIGH_OVERLAP,REVIEW_SHARED_FAQ;DIFFERENTIATE_MAIN_CONTENT;REWRITE_FOR_CUSTOMER
/seniorenumzug-holzheim-am-forst,/seniorenumzug-kelheim,service,service,0.111,1.000,1.000,1.000,0,9,no,HIGH_OVERLAP,REVIEW_SHARED_FAQ;DIFFERENTIATE_MAIN_CONTENT;REWRITE_FOR_CUSTOMER
/seniorenumzug-holzheim-am-forst,/seniorenumzug-kissing,service,service,1.000,1.000,1.000,1.000,0,9,no,HIGH_OVERLAP,REVIEW_SHARED_FAQ;DIFFERENTIATE_MAIN_CONTENT;REWRITE_FOR_CUSTOMER
/seniorenumzug-holzheim-am-forst,/seniorenumzug-koefering,service,service,1.000,1.000,1.000,1.000,0,9,no,HIGH_OVERLAP,REVIEW_SHARED_FAQ;DIFFERENTIATE_MAIN_CONTENT;REWRITE_FOR_CUSTOMER
/seniorenumzug-ingolstadt,/seniorenumzug-kallmuenz,service,service,1.000,0.750,1.000,0.881,0,6,no,HIGH_OVERLAP,REVIEW_SHARED_FAQ;DIFFERENTIATE_MAIN_CONTENT;REWRITE_FOR_CUSTOMER
/seniorenumzug-ingolstadt,/seniorenumzug-kelheim,service,service,1.000,0.750,1.000,0.881,0,6,no,HIGH_OVERLAP,REVIEW_SHARED_FAQ;DIFFERENTIATE_MAIN_CONTENT;REWRITE_FOR_CUSTOMER
/seniorenumzug-ingolstadt,/seniorenumzug-kissing,service,service,0.111,0.750,1.000,0.881,0,6,no,HIGH_OVERLAP,REVIEW_SHARED_FAQ;DIFFERENTIATE_MAIN_CONTENT;REWRITE_FOR_CUSTOMER
/seniorenumzug-ingolstadt,/seniorenumzug-koefering,service,service,0.111,0.750,1.000,0.881,0,6,no,HIGH_OVERLAP,REVIEW_SHARED_FAQ;DIFFERENTIATE_MAIN_CONTENT;REWRITE_FOR_CUSTOMER
/seniorenumzug-kallmuenz,/seniorenumzug-kelheim,service,service,1.000,1.000,1.000,1.000,0,9,no,HIGH_OVERLAP,REVIEW_SHARED_FAQ;DIFFERENTIATE_MAIN_CONTENT;REWRITE_FOR_CUSTOMER
/seniorenumzug-kallmuenz,/seniorenumzug-kissing,service,service,0.111,1.000,1.000,1.000,0,9,no,HIGH_OVERLAP,REVIEW_SHARED_FAQ;DIFFERENTIATE_MAIN_CONTENT;REWRITE_FOR_CUSTOMER
/seniorenumzug-kallmuenz,/seniorenumzug-koefering,service,service,0.111,1.000,1.000,1.000,0,9,no,HIGH_OVERLAP,REVIEW_SHARED_FAQ;DIFFERENTIATE_MAIN_CONTENT;REWRITE_FOR_CUSTOMER
/seniorenumzug-kelheim,/seniorenumzug-kissing,service,service,0.111,1.000,1.000,1.000,0,9,no,HIGH_OVERLAP,REVIEW_SHARED_FAQ;DIFFERENTIATE_MAIN_CONTENT;REWRITE_FOR_CUSTOMER
/seniorenumzug-kelheim,/seniorenumzug-koefering,service,service,0.111,1.000,1.000,1.000,0,9,no,HIGH_OVERLAP,REVIEW_SHARED_FAQ;DIFFERENTIATE_MAIN_CONTENT;REWRITE_FOR_CUSTOMER
/seniorenumzug-kissing,/seniorenumzug-koefering,service,service,1.000,1.000,1.000,1.000,0,9,no,HIGH_OVERLAP,REVIEW_SHARED_FAQ;DIFFERENTIATE_MAIN_CONTENT;REWRITE_FOR_CUSTOMER
/seniorenumzug-koenigsbrunn,/seniorenumzug-koetzting,service,service,0.125,1.000,1.000,1.000,0,9,no,HIGH_OVERLAP,REVIEW_SHARED_FAQ;DIFFERENTIATE_MAIN_CONTENT;REWRITE_FOR_CUSTOMER
/seniorenumzug-koenigsbrunn,/seniorenumzug-laaber,service,service,0.125,1.000,1.000,1.000,0,9,no,HIGH_OVERLAP,REVIEW_SHARED_FAQ;DIFFERENTIATE_MAIN_CONTENT;REWRITE_FOR_CUSTOMER
/seniorenumzug-koenigsbrunn,/seniorenumzug-landau-an-der-isar,service,service,1.000,1.000,1.000,1.000,0,9,no,HIGH_OVERLAP,REVIEW_SHARED_FAQ;DIFFERENTIATE_MAIN_CONTENT;REWRITE_FOR_CUSTOMER
/seniorenumzug-koenigsbrunn,/seniorenumzug-landsberg-am-lech,service,service,0.500,1.000,1.000,1.000,0,9,no,HIGH_OVERLAP,REVIEW_SHARED_FAQ;DIFFERENTIATE_MAIN_CONTENT;REWRITE_FOR_CUSTOMER
/seniorenumzug-koenigsbrunn,/seniorenumzug-landshut,service,service,0.125,0.750,1.000,0.867,0,6,no,HIGH_OVERLAP,REVIEW_SHARED_FAQ;DIFFERENTIATE_MAIN_CONTENT;REWRITE_FOR_CUSTOMER
/seniorenumzug-koenigsbrunn,/seniorenumzug-langquaid,service,service,0.500,1.000,1.000,1.000,0,9,no,HIGH_OVERLAP,REVIEW_SHARED_FAQ;DIFFERENTIATE_MAIN_CONTENT;REWRITE_FOR_CUSTOMER
/seniorenumzug-koenigsbrunn,/seniorenumzug-lappersdorf,service,service,0.111,1.000,1.000,1.000,0,9,no,HIGH_OVERLAP,REVIEW_SHARED_FAQ;DIFFERENTIATE_MAIN_CONTENT;REWRITE_FOR_CUSTOMER
/seniorenumzug-koetzting,/seniorenumzug-laaber,service,service,1.000,1.000,1.000,1.000,0,9,no,HIGH_OVERLAP,REVIEW_SHARED_FAQ;DIFFERENTIATE_MAIN_CONTENT;REWRITE_FOR_CUSTOMER
/seniorenumzug-koetzting,/seniorenumzug-landau-an-der-isar,service,service,0.125,1.000,1.000,1.000,0,9,no,HIGH_OVERLAP,REVIEW_SHARED_FAQ;DIFFERENTIATE_MAIN_CONTENT;REWRITE_FOR_CUSTOMER
/seniorenumzug-koetzting,/seniorenumzug-landsberg-am-lech,service,service,0.143,1.000,1.000,1.000,0,9,no,HIGH_OVERLAP,REVIEW_SHARED_FAQ;DIFFERENTIATE_MAIN_CONTENT;REWRITE_FOR_CUSTOMER
/seniorenumzug-koetzting,/seniorenumzug-landshut,service,service,1.000,0.750,1.000,0.867,0,6,no,HIGH_OVERLAP,REVIEW_SHARED_FAQ;DIFFERENTIATE_MAIN_CONTENT;REWRITE_FOR_CUSTOMER
/seniorenumzug-koetzting,/seniorenumzug-langquaid,service,service,0.143,1.000,1.000,1.000,0,9,no,HIGH_OVERLAP,REVIEW_SHARED_FAQ;DIFFERENTIATE_MAIN_CONTENT;REWRITE_FOR_CUSTOMER
/seniorenumzug-koetzting,/seniorenumzug-lappersdorf,service,service,0.286,1.000,1.000,1.000,0,9,no,HIGH_OVERLAP,REVIEW_SHARED_FAQ;DIFFERENTIATE_MAIN_CONTENT;REWRITE_FOR_CUSTOMER
/seniorenumzug-laaber,/seniorenumzug-landau-an-der-isar,service,service,0.125,1.000,1.000,1.000,0,9,no,HIGH_OVERLAP,REVIEW_SHARED_FAQ;DIFFERENTIATE_MAIN_CONTENT;REWRITE_FOR_CUSTOMER
/seniorenumzug-laaber,/seniorenumzug-landsberg-am-lech,service,service,0.143,1.000,1.000,1.000,0,9,no,HIGH_OVERLAP,REVIEW_SHARED_FAQ;DIFFERENTIATE_MAIN_CONTENT;REWRITE_FOR_CUSTOMER
/seniorenumzug-laaber,/seniorenumzug-landshut,service,service,1.000,0.750,1.000,0.867,0,6,no,HIGH_OVERLAP,REVIEW_SHARED_FAQ;DIFFERENTIATE_MAIN_CONTENT;REWRITE_FOR_CUSTOMER
/seniorenumzug-laaber,/seniorenumzug-langquaid,service,service,0.143,1.000,1.000,1.000,0,9,no,HIGH_OVERLAP,REVIEW_SHARED_FAQ;DIFFERENTIATE_MAIN_CONTENT;REWRITE_FOR_CUSTOMER
/seniorenumzug-laaber,/seniorenumzug-lappersdorf,service,service,0.286,1.000,1.000,1.000,0,9,no,HIGH_OVERLAP,REVIEW_SHARED_FAQ;DIFFERENTIATE_MAIN_CONTENT;REWRITE_FOR_CUSTOMER
/seniorenumzug-landau-an-der-isar,/seniorenumzug-landsberg-am-lech,service,service,0.500,1.000,1.000,1.000,0,9,no,HIGH_OVERLAP,REVIEW_SHARED_FAQ;DIFFERENTIATE_MAIN_CONTENT;REWRITE_FOR_CUSTOMER
/seniorenumzug-landau-an-der-isar,/seniorenumzug-landshut,service,service,0.125,0.750,1.000,0.867,0,6,no,HIGH_OVERLAP,REVIEW_SHARED_FAQ;DIFFERENTIATE_MAIN_CONTENT;REWRITE_FOR_CUSTOMER
/seniorenumzug-landau-an-der-isar,/seniorenumzug-langquaid,service,service,0.500,1.000,1.000,1.000,0,9,no,HIGH_OVERLAP,REVIEW_SHARED_FAQ;DIFFERENTIATE_MAIN_CONTENT;REWRITE_FOR_CUSTOMER
/seniorenumzug-landau-an-der-isar,/seniorenumzug-lappersdorf,service,service,0.111,1.000,1.000,1.000,0,9,no,HIGH_OVERLAP,REVIEW_SHARED_FAQ;DIFFERENTIATE_MAIN_CONTENT;REWRITE_FOR_CUSTOMER
/seniorenumzug-landsberg-am-lech,/seniorenumzug-landshut,service,service,0.143,0.750,1.000,0.867,0,6,no,HIGH_OVERLAP,REVIEW_SHARED_FAQ;DIFFERENTIATE_MAIN_CONTENT;REWRITE_FOR_CUSTOMER
/seniorenumzug-landsberg-am-lech,/seniorenumzug-langquaid,service,service,1.000,1.000,1.000,1.000,0,9,no,HIGH_OVERLAP,REVIEW_SHARED_FAQ;DIFFERENTIATE_MAIN_CONTENT;REWRITE_FOR_CUSTOMER
/seniorenumzug-landsberg-am-lech,/seniorenumzug-lappersdorf,service,service,0.125,1.000,1.000,1.000,0,9,no,HIGH_OVERLAP,REVIEW_SHARED_FAQ;DIFFERENTIATE_MAIN_CONTENT;REWRITE_FOR_CUSTOMER
/seniorenumzug-landshut,/seniorenumzug-langquaid,service,service,0.143,0.750,1.000,0.867,0,6,no,HIGH_OVERLAP,REVIEW_SHARED_FAQ;DIFFERENTIATE_MAIN_CONTENT;REWRITE_FOR_CUSTOMER
/seniorenumzug-landshut,/seniorenumzug-lappersdorf,service,service,0.286,0.750,1.000,0.867,0,6,no,HIGH_OVERLAP,REVIEW_SHARED_FAQ;DIFFERENTIATE_MAIN_CONTENT;REWRITE_FOR_CUSTOMER
/seniorenumzug-langquaid,/seniorenumzug-lappersdorf,service,service,0.125,1.000,1.000,1.000,0,9,no,HIGH_OVERLAP,REVIEW_SHARED_FAQ;DIFFERENTIATE_MAIN_CONTENT;REWRITE_FOR_CUSTOMER
/seniorenumzug-lauf-an-der-pegnitz,/seniorenumzug-lupburg,service,service,0.500,1.000,1.000,1.000,0,9,no,HIGH_OVERLAP,REVIEW_SHARED_FAQ;DIFFERENTIATE_MAIN_CONTENT;REWRITE_FOR_CUSTOMER
/seniorenumzug-lauf-an-der-pegnitz,/seniorenumzug-mainburg,service,service,0.500,1.000,1.000,1.000,0,9,no,HIGH_OVERLAP,REVIEW_SHARED_FAQ;DIFFERENTIATE_MAIN_CONTENT;REWRITE_FOR_CUSTOMER
/seniorenumzug-lauf-an-der-pegnitz,/seniorenumzug-mallersdorf-pfaffenberg,service,service,0.125,1.000,1.000,1.000,0,9,no,HIGH_OVERLAP,REVIEW_SHARED_FAQ;DIFFERENTIATE_MAIN_CONTENT;REWRITE_FOR_CUSTOMER
/seniorenumzug-lauf-an-der-pegnitz,/seniorenumzug-mammendorf,service,service,1.000,1.000,1.000,1.000,0,9,no,HIGH_OVERLAP,REVIEW_SHARED_FAQ;DIFFERENTIATE_MAIN_CONTENT;REWRITE_FOR_CUSTOMER
/seniorenumzug-lauf-an-der-pegnitz,/seniorenumzug-maxhuette-haidhof,service,service,0.500,1.000,1.000,1.000,0,9,no,HIGH_OVERLAP,REVIEW_SHARED_FAQ;DIFFERENTIATE_MAIN_CONTENT;REWRITE_FOR_CUSTOMER
/seniorenumzug-lauf-an-der-pegnitz,/seniorenumzug-mering,service,service,1.000,1.000,1.000,1.000,0,9,no,HIGH_OVERLAP,REVIEW_SHARED_FAQ;DIFFERENTIATE_MAIN_CONTENT;REWRITE_FOR_CUSTOMER
/seniorenumzug-lauf-an-der-pegnitz,/seniorenumzug-mintraching,service,service,0.125,1.000,1.000,1.000,0,9,no,HIGH_OVERLAP,REVIEW_SHARED_FAQ;DIFFERENTIATE_MAIN_CONTENT;REWRITE_FOR_CUSTOMER
/seniorenumzug-lupburg,/seniorenumzug-mainburg,service,service,1.000,1.000,1.000,1.000,0,9,no,HIGH_OVERLAP,REVIEW_SHARED_FAQ;DIFFERENTIATE_MAIN_CONTENT;REWRITE_FOR_CUSTOMER
/seniorenumzug-lupburg,/seniorenumzug-mallersdorf-pfaffenberg,service,service,0.111,1.000,1.000,1.000,0,9,no,HIGH_OVERLAP,REVIEW_SHARED_FAQ;DIFFERENTIATE_MAIN_CONTENT;REWRITE_FOR_CUSTOMER
/seniorenumzug-lupburg,/seniorenumzug-mammendorf,service,service,0.500,1.000,1.000,1.000,0,9,no,HIGH_OVERLAP,REVIEW_SHARED_FAQ;DIFFERENTIATE_MAIN_CONTENT;REWRITE_FOR_CUSTOMER
/seniorenumzug-lupburg,/seniorenumzug-maxhuette-haidhof,service,service,1.000,1.000,1.000,1.000,0,9,no,HIGH_OVERLAP,REVIEW_SHARED_FAQ;DIFFERENTIATE_MAIN_CONTENT;REWRITE_FOR_CUSTOMER
/seniorenumzug-lupburg,/seniorenumzug-mering,service,service,0.500,1.000,1.000,1.000,0,9,no,HIGH_OVERLAP,REVIEW_SHARED_FAQ;DIFFERENTIATE_MAIN_CONTENT;REWRITE_FOR_CUSTOMER
/seniorenumzug-lupburg,/seniorenumzug-mintraching,service,service,0.111,1.000,1.000,1.000,0,9,no,HIGH_OVERLAP,REVIEW_SHARED_FAQ;DIFFERENTIATE_MAIN_CONTENT;REWRITE_FOR_CUSTOMER
/seniorenumzug-mainburg,/seniorenumzug-mallersdorf-pfaffenberg,service,service,0.111,1.000,1.000,1.000,0,9,no,HIGH_OVERLAP,REVIEW_SHARED_FAQ;DIFFERENTIATE_MAIN_CONTENT;REWRITE_FOR_CUSTOMER
/seniorenumzug-mainburg,/seniorenumzug-mammendorf,service,service,0.500,1.000,1.000,1.000,0,9,no,HIGH_OVERLAP,REVIEW_SHARED_FAQ;DIFFERENTIATE_MAIN_CONTENT;REWRITE_FOR_CUSTOMER
/seniorenumzug-mainburg,/seniorenumzug-maxhuette-haidhof,service,service,1.000,1.000,1.000,1.000,0,9,no,HIGH_OVERLAP,REVIEW_SHARED_FAQ;DIFFERENTIATE_MAIN_CONTENT;REWRITE_FOR_CUSTOMER
/seniorenumzug-mainburg,/seniorenumzug-mering,service,service,0.500,1.000,1.000,1.000,0,9,no,HIGH_OVERLAP,REVIEW_SHARED_FAQ;DIFFERENTIATE_MAIN_CONTENT;REWRITE_FOR_CUSTOMER
/seniorenumzug-mainburg,/seniorenumzug-mintraching,service,service,0.111,1.000,1.000,1.000,0,9,no,HIGH_OVERLAP,REVIEW_SHARED_FAQ;DIFFERENTIATE_MAIN_CONTENT;REWRITE_FOR_CUSTOMER
/seniorenumzug-mallersdorf-pfaffenberg,/seniorenumzug-mammendorf,service,service,0.125,1.000,1.000,1.000,0,9,no,HIGH_OVERLAP,REVIEW_SHARED_FAQ;DIFFERENTIATE_MAIN_CONTENT;REWRITE_FOR_CUSTOMER
/seniorenumzug-mallersdorf-pfaffenberg,/seniorenumzug-maxhuette-haidhof,service,service,0.111,1.000,1.000,1.000,0,9,no,HIGH_OVERLAP,REVIEW_SHARED_FAQ;DIFFERENTIATE_MAIN_CONTENT;REWRITE_FOR_CUSTOMER
/seniorenumzug-mallersdorf-pfaffenberg,/seniorenumzug-mering,service,service,0.125,1.000,1.000,1.000,0,9,no,HIGH_OVERLAP,REVIEW_SHARED_FAQ;DIFFERENTIATE_MAIN_CONTENT;REWRITE_FOR_CUSTOMER
/seniorenumzug-mallersdorf-pfaffenberg,/seniorenumzug-mintraching,service,service,1.000,1.000,1.000,1.000,0,9,no,HIGH_OVERLAP,REVIEW_SHARED_FAQ;DIFFERENTIATE_MAIN_CONTENT;REWRITE_FOR_CUSTOMER
/seniorenumzug-mammendorf,/seniorenumzug-maxhuette-haidhof,service,service,0.500,1.000,1.000,1.000,0,9,no,HIGH_OVERLAP,REVIEW_SHARED_FAQ;DIFFERENTIATE_MAIN_CONTENT;REWRITE_FOR_CUSTOMER
/seniorenumzug-mammendorf,/seniorenumzug-mering,service,service,1.000,1.000,1.000,1.000,0,9,no,HIGH_OVERLAP,REVIEW_SHARED_FAQ;DIFFERENTIATE_MAIN_CONTENT;REWRITE_FOR_CUSTOMER
/seniorenumzug-mammendorf,/seniorenumzug-mintraching,service,service,0.125,1.000,1.000,1.000,0,9,no,HIGH_OVERLAP,REVIEW_SHARED_FAQ;DIFFERENTIATE_MAIN_CONTENT;REWRITE_FOR_CUSTOMER
/seniorenumzug-maxhuette-haidhof,/seniorenumzug-mering,service,service,0.500,1.000,1.000,1.000,0,9,no,HIGH_OVERLAP,REVIEW_SHARED_FAQ;DIFFERENTIATE_MAIN_CONTENT;REWRITE_FOR_CUSTOMER
/seniorenumzug-maxhuette-haidhof,/seniorenumzug-mintraching,service,service,0.111,1.000,1.000,1.000,0,9,no,HIGH_OVERLAP,REVIEW_SHARED_FAQ;DIFFERENTIATE_MAIN_CONTENT;REWRITE_FOR_CUSTOMER
/seniorenumzug-mering,/seniorenumzug-mintraching,service,service,0.125,1.000,1.000,1.000,0,9,no,HIGH_OVERLAP,REVIEW_SHARED_FAQ;DIFFERENTIATE_MAIN_CONTENT;REWRITE_FOR_CUSTOMER
/seniorenumzug-moetzing,/seniorenumzug-moosburg,service,service,0.111,1.000,1.000,1.000,0,9,no,HIGH_OVERLAP,REVIEW_SHARED_FAQ;DIFFERENTIATE_MAIN_CONTENT;REWRITE_FOR_CUSTOMER
/seniorenumzug-moetzing,/seniorenumzug-muenchen,service,service,0.125,0.750,1.000,0.965,0,9,no,HIGH_OVERLAP,REVIEW_SHARED_FAQ;DIFFERENTIATE_MAIN_CONTENT;REWRITE_FOR_CUSTOMER
/seniorenumzug-moetzing,/seniorenumzug-nabburg,service,service,1.000,1.000,1.000,1.000,0,9,no,HIGH_OVERLAP,REVIEW_SHARED_FAQ;DIFFERENTIATE_MAIN_CONTENT;REWRITE_FOR_CUSTOMER
/seniorenumzug-moetzing,/seniorenumzug-neu-ulm,service,service,1.000,1.000,1.000,1.000,0,9,no,HIGH_OVERLAP,REVIEW_SHARED_FAQ;DIFFERENTIATE_MAIN_CONTENT;REWRITE_FOR_CUSTOMER
/seniorenumzug-moetzing,/seniorenumzug-neufahrn-in-niederbayern,service,service,0.500,1.000,1.000,1.000,0,9,no,HIGH_OVERLAP,REVIEW_SHARED_FAQ;DIFFERENTIATE_MAIN_CONTENT;REWRITE_FOR_CUSTOMER
/seniorenumzug-moetzing,/seniorenumzug-neumarkt,service,service,1.000,1.000,1.000,0.913,0,6,no,HIGH_OVERLAP,REVIEW_SHARED_FAQ;DIFFERENTIATE_MAIN_CONTENT;REWRITE_FOR_CUSTOMER
/seniorenumzug-moetzing,/seniorenumzug-neunburg-vorm-wald,service,service,0.111,1.000,1.000,1.000,0,9,no,HIGH_OVERLAP,REVIEW_SHARED_FAQ;DIFFERENTIATE_MAIN_CONTENT;REWRITE_FOR_CUSTOMER
/seniorenumzug-moosburg,/seniorenumzug-muenchen,service,service,0.286,0.750,1.000,0.965,0,9,no,HIGH_OVERLAP,REVIEW_SHARED_FAQ;DIFFERENTIATE_MAIN_CONTENT;REWRITE_FOR_CUSTOMER
/seniorenumzug-moosburg,/seniorenumzug-nabburg,service,service,0.111,1.000,1.000,1.000,0,9,no,HIGH_OVERLAP,REVIEW_SHARED_FAQ;DIFFERENTIATE_MAIN_CONTENT;REWRITE_FOR_CUSTOMER
/seniorenumzug-moosburg,/seniorenumzug-neu-ulm,service,service,0.111,1.000,1.000,1.000,0,9,no,HIGH_OVERLAP,REVIEW_SHARED_FAQ;DIFFERENTIATE_MAIN_CONTENT;REWRITE_FOR_CUSTOMER
/seniorenumzug-moosburg,/seniorenumzug-neufahrn-in-niederbayern,service,service,0.125,1.000,1.000,1.000,0,9,no,HIGH_OVERLAP,REVIEW_SHARED_FAQ;DIFFERENTIATE_MAIN_CONTENT;REWRITE_FOR_CUSTOMER
/seniorenumzug-moosburg,/seniorenumzug-neumarkt,service,service,0.111,1.000,1.000,0.913,0,6,no,HIGH_OVERLAP,REVIEW_SHARED_FAQ;DIFFERENTIATE_MAIN_CONTENT;REWRITE_FOR_CUSTOMER
/seniorenumzug-moosburg,/seniorenumzug-neunburg-vorm-wald,service,service,1.000,1.000,1.000,1.000,0,9,no,HIGH_OVERLAP,REVIEW_SHARED_FAQ;DIFFERENTIATE_MAIN_CONTENT;REWRITE_FOR_CUSTOMER
/seniorenumzug-muenchen,/seniorenumzug-nabburg,service,service,0.125,0.750,1.000,0.965,0,9,no,HIGH_OVERLAP,REVIEW_SHARED_FAQ;DIFFERENTIATE_MAIN_CONTENT;REWRITE_FOR_CUSTOMER
/seniorenumzug-muenchen,/seniorenumzug-neu-ulm,service,service,0.125,0.750,1.000,0.965,0,9,no,HIGH_OVERLAP,REVIEW_SHARED_FAQ;DIFFERENTIATE_MAIN_CONTENT;REWRITE_FOR_CUSTOMER
/seniorenumzug-muenchen,/seniorenumzug-neufahrn-in-niederbayern,service,service,0.143,0.750,1.000,0.965,0,9,no,HIGH_OVERLAP,REVIEW_SHARED_FAQ;DIFFERENTIATE_MAIN_CONTENT;REWRITE_FOR_CUSTOMER
/seniorenumzug-muenchen,/seniorenumzug-neumarkt,service,service,0.125,0.750,1.000,0.887,0,6,no,HIGH_OVERLAP,REVIEW_SHARED_FAQ;DIFFERENTIATE_MAIN_CONTENT;REWRITE_FOR_CUSTOMER
/seniorenumzug-muenchen,/seniorenumzug-neunburg-vorm-wald,service,service,0.286,0.750,1.000,0.965,0,9,no,HIGH_OVERLAP,REVIEW_SHARED_FAQ;DIFFERENTIATE_MAIN_CONTENT;REWRITE_FOR_CUSTOMER
/seniorenumzug-nabburg,/seniorenumzug-neu-ulm,service,service,1.000,1.000,1.000,1.000,0,9,no,HIGH_OVERLAP,REVIEW_SHARED_FAQ;DIFFERENTIATE_MAIN_CONTENT;REWRITE_FOR_CUSTOMER
/seniorenumzug-nabburg,/seniorenumzug-neufahrn-in-niederbayern,service,service,0.500,1.000,1.000,1.000,0,9,no,HIGH_OVERLAP,REVIEW_SHARED_FAQ;DIFFERENTIATE_MAIN_CONTENT;REWRITE_FOR_CUSTOMER
/seniorenumzug-nabburg,/seniorenumzug-neumarkt,service,service,1.000,1.000,1.000,0.913,0,6,no,HIGH_OVERLAP,REVIEW_SHARED_FAQ;DIFFERENTIATE_MAIN_CONTENT;REWRITE_FOR_CUSTOMER
/seniorenumzug-nabburg,/seniorenumzug-neunburg-vorm-wald,service,service,0.111,1.000,1.000,1.000,0,9,no,HIGH_OVERLAP,REVIEW_SHARED_FAQ;DIFFERENTIATE_MAIN_CONTENT;REWRITE_FOR_CUSTOMER
/seniorenumzug-neu-ulm,/seniorenumzug-neufahrn-in-niederbayern,service,service,0.500,1.000,1.000,1.000,0,9,no,HIGH_OVERLAP,REVIEW_SHARED_FAQ;DIFFERENTIATE_MAIN_CONTENT;REWRITE_FOR_CUSTOMER
/seniorenumzug-neu-ulm,/seniorenumzug-neumarkt,service,service,1.000,1.000,1.000,0.913,0,6,no,HIGH_OVERLAP,REVIEW_SHARED_FAQ;DIFFERENTIATE_MAIN_CONTENT;REWRITE_FOR_CUSTOMER
/seniorenumzug-neu-ulm,/seniorenumzug-neunburg-vorm-wald,service,service,0.111,1.000,1.000,1.000,0,9,no,HIGH_OVERLAP,REVIEW_SHARED_FAQ;DIFFERENTIATE_MAIN_CONTENT;REWRITE_FOR_CUSTOMER
/seniorenumzug-neufahrn-in-niederbayern,/seniorenumzug-neumarkt,service,service,0.500,1.000,1.000,0.913,0,6,no,HIGH_OVERLAP,REVIEW_SHARED_FAQ;DIFFERENTIATE_MAIN_CONTENT;REWRITE_FOR_CUSTOMER
/seniorenumzug-neufahrn-in-niederbayern,/seniorenumzug-neunburg-vorm-wald,service,service,0.125,1.000,1.000,1.000,0,9,no,HIGH_OVERLAP,REVIEW_SHARED_FAQ;DIFFERENTIATE_MAIN_CONTENT;REWRITE_FOR_CUSTOMER
/seniorenumzug-neumarkt,/seniorenumzug-neunburg-vorm-wald,service,service,0.111,1.000,1.000,0.913,0,6,no,HIGH_OVERLAP,REVIEW_SHARED_FAQ;DIFFERENTIATE_MAIN_CONTENT;REWRITE_FOR_CUSTOMER
/seniorenumzug-neusaess,/seniorenumzug-neustadt-an-der-donau,service,service,0.500,1.000,1.000,1.000,0,9,no,HIGH_OVERLAP,REVIEW_SHARED_FAQ;DIFFERENTIATE_MAIN_CONTENT;REWRITE_FOR_CUSTOMER
/seniorenumzug-neusaess,/seniorenumzug-neustadt-an-der-waldnaab,service,service,0.125,1.000,1.000,1.000,0,9,no,HIGH_OVERLAP,REVIEW_SHARED_FAQ;DIFFERENTIATE_MAIN_CONTENT;REWRITE_FOR_CUSTOMER
/seniorenumzug-neusaess,/seniorenumzug-neutraubling,service,service,0.500,1.000,1.000,1.000,0,9,no,HIGH_OVERLAP,REVIEW_SHARED_FAQ;DIFFERENTIATE_MAIN_CONTENT;REWRITE_FOR_CUSTOMER
/seniorenumzug-neusaess,/seniorenumzug-nittenau,service,service,0.500,1.000,1.000,1.000,0,9,no,HIGH_OVERLAP,REVIEW_SHARED_FAQ;DIFFERENTIATE_MAIN_CONTENT;REWRITE_FOR_CUSTOMER
/seniorenumzug-neusaess,/seniorenumzug-nittendorf,service,service,0.125,1.000,1.000,1.000,0,9,no,HIGH_OVERLAP,REVIEW_SHARED_FAQ;DIFFERENTIATE_MAIN_CONTENT;REWRITE_FOR_CUSTOMER
/seniorenumzug-neusaess,/seniorenumzug-nuernberg,service,service,0.222,0.750,1.000,0.870,0,9,no,HIGH_OVERLAP,REVIEW_SHARED_FAQ;DIFFERENTIATE_MAIN_CONTENT;REWRITE_FOR_CUSTOMER
/seniorenumzug-neusaess,/seniorenumzug-oberasbach,service,service,0.111,1.000,1.000,1.000,0,9,no,HIGH_OVERLAP,REVIEW_SHARED_FAQ;DIFFERENTIATE_MAIN_CONTENT;REWRITE_FOR_CUSTOMER
/seniorenumzug-neustadt-an-der-donau,/seniorenumzug-neustadt-an-der-waldnaab,service,service,0.143,1.000,1.000,1.000,0,9,no,HIGH_OVERLAP,REVIEW_SHARED_FAQ;DIFFERENTIATE_MAIN_CONTENT;REWRITE_FOR_CUSTOMER
/seniorenumzug-neustadt-an-der-donau,/seniorenumzug-neutraubling,service,service,1.000,1.000,1.000,1.000,0,9,no,HIGH_OVERLAP,REVIEW_SHARED_FAQ;DIFFERENTIATE_MAIN_CONTENT;REWRITE_FOR_CUSTOMER
/seniorenumzug-neustadt-an-der-donau,/seniorenumzug-nittenau,service,service,1.000,1.000,1.000,1.000,0,9,no,HIGH_OVERLAP,REVIEW_SHARED_FAQ;DIFFERENTIATE_MAIN_CONTENT;REWRITE_FOR_CUSTOMER
/seniorenumzug-neustadt-an-der-donau,/seniorenumzug-nittendorf,service,service,0.143,1.000,1.000,1.000,0,9,no,HIGH_OVERLAP,REVIEW_SHARED_FAQ;DIFFERENTIATE_MAIN_CONTENT;REWRITE_FOR_CUSTOMER
/seniorenumzug-neustadt-an-der-donau,/seniorenumzug-nuernberg,service,service,0.429,0.750,1.000,0.870,0,9,no,HIGH_OVERLAP,REVIEW_SHARED_FAQ;DIFFERENTIATE_MAIN_CONTENT;REWRITE_FOR_CUSTOMER
/seniorenumzug-neustadt-an-der-donau,/seniorenumzug-oberasbach,service,service,0.125,1.000,1.000,1.000,0,9,no,HIGH_OVERLAP,REVIEW_SHARED_FAQ;DIFFERENTIATE_MAIN_CONTENT;REWRITE_FOR_CUSTOMER
/seniorenumzug-neustadt-an-der-waldnaab,/seniorenumzug-neutraubling,service,service,0.143,1.000,1.000,1.000,0,9,no,HIGH_OVERLAP,REVIEW_SHARED_FAQ;DIFFERENTIATE_MAIN_CONTENT;REWRITE_FOR_CUSTOMER
/seniorenumzug-neustadt-an-der-waldnaab,/seniorenumzug-nittenau,service,service,0.143,1.000,1.000,1.000,0,9,no,HIGH_OVERLAP,REVIEW_SHARED_FAQ;DIFFERENTIATE_MAIN_CONTENT;REWRITE_FOR_CUSTOMER
/seniorenumzug-neustadt-an-der-waldnaab,/seniorenumzug-nittendorf,service,service,1.000,1.000,1.000,1.000,0,9,no,HIGH_OVERLAP,REVIEW_SHARED_FAQ;DIFFERENTIATE_MAIN_CONTENT;REWRITE_FOR_CUSTOMER
/seniorenumzug-neustadt-an-der-waldnaab,/seniorenumzug-nuernberg,service,service,0.250,0.750,1.000,0.870,0,9,no,HIGH_OVERLAP,REVIEW_SHARED_FAQ;DIFFERENTIATE_MAIN_CONTENT;REWRITE_FOR_CUSTOMER
/seniorenumzug-neustadt-an-der-waldnaab,/seniorenumzug-oberasbach,service,service,0.286,1.000,1.000,1.000,0,9,no,HIGH_OVERLAP,REVIEW_SHARED_FAQ;DIFFERENTIATE_MAIN_CONTENT;REWRITE_FOR_CUSTOMER
/seniorenumzug-neutraubling,/seniorenumzug-nittenau,service,service,1.000,1.000,1.000,1.000,0,9,no,HIGH_OVERLAP,REVIEW_SHARED_FAQ;DIFFERENTIATE_MAIN_CONTENT;REWRITE_FOR_CUSTOMER
/seniorenumzug-neutraubling,/seniorenumzug-nittendorf,service,service,0.143,1.000,1.000,1.000,0,9,no,HIGH_OVERLAP,REVIEW_SHARED_FAQ;DIFFERENTIATE_MAIN_CONTENT;REWRITE_FOR_CUSTOMER
/seniorenumzug-neutraubling,/seniorenumzug-nuernberg,service,service,0.429,0.750,1.000,0.870,0,9,no,HIGH_OVERLAP,REVIEW_SHARED_FAQ;DIFFERENTIATE_MAIN_CONTENT;REWRITE_FOR_CUSTOMER
/seniorenumzug-neutraubling,/seniorenumzug-oberasbach,service,service,0.125,1.000,1.000,1.000,0,9,no,HIGH_OVERLAP,REVIEW_SHARED_FAQ;DIFFERENTIATE_MAIN_CONTENT;REWRITE_FOR_CUSTOMER
/seniorenumzug-nittenau,/seniorenumzug-nittendorf,service,service,0.143,1.000,1.000,1.000,0,9,no,HIGH_OVERLAP,REVIEW_SHARED_FAQ;DIFFERENTIATE_MAIN_CONTENT;REWRITE_FOR_CUSTOMER
/seniorenumzug-nittenau,/seniorenumzug-nuernberg,service,service,0.429,0.750,1.000,0.870,0,9,no,HIGH_OVERLAP,REVIEW_SHARED_FAQ;DIFFERENTIATE_MAIN_CONTENT;REWRITE_FOR_CUSTOMER
/seniorenumzug-nittenau,/seniorenumzug-oberasbach,service,service,0.125,1.000,1.000,1.000,0,9,no,HIGH_OVERLAP,REVIEW_SHARED_FAQ;DIFFERENTIATE_MAIN_CONTENT;REWRITE_FOR_CUSTOMER
/seniorenumzug-nittendorf,/seniorenumzug-nuernberg,service,service,0.250,0.750,1.000,0.870,0,9,no,HIGH_OVERLAP,REVIEW_SHARED_FAQ;DIFFERENTIATE_MAIN_CONTENT;REWRITE_FOR_CUSTOMER
/seniorenumzug-nittendorf,/seniorenumzug-oberasbach,service,service,0.286,1.000,1.000,1.000,0,9,no,HIGH_OVERLAP,REVIEW_SHARED_FAQ;DIFFERENTIATE_MAIN_CONTENT;REWRITE_FOR_CUSTOMER
/seniorenumzug-nuernberg,/seniorenumzug-oberasbach,service,service,0.100,0.750,1.000,0.870,0,9,no,HIGH_OVERLAP,REVIEW_SHARED_FAQ;DIFFERENTIATE_MAIN_CONTENT;REWRITE_FOR_CUSTOMER
/seniorenumzug-obertraubling,/seniorenumzug-oberviechtach,service,service,0.143,1.000,1.000,1.000,0,9,no,HIGH_OVERLAP,REVIEW_SHARED_FAQ;DIFFERENTIATE_MAIN_CONTENT;REWRITE_FOR_CUSTOMER
/seniorenumzug-obertraubling,/seniorenumzug-olching,service,service,0.125,1.000,1.000,1.000,0,9,no,HIGH_OVERLAP,REVIEW_SHARED_FAQ;DIFFERENTIATE_MAIN_CONTENT;REWRITE_FOR_CUSTOMER
/seniorenumzug-obertraubling,/seniorenumzug-osterhofen,service,service,0.143,1.000,1.000,1.000,0,9,no,HIGH_OVERLAP,REVIEW_SHARED_FAQ;DIFFERENTIATE_MAIN_CONTENT;REWRITE_FOR_CUSTOMER
/seniorenumzug-obertraubling,/seniorenumzug-painten,service,service,0.500,1.000,1.000,1.000,0,9,no,HIGH_OVERLAP,REVIEW_SHARED_FAQ;DIFFERENTIATE_MAIN_CONTENT;REWRITE_FOR_CUSTOMER
/seniorenumzug-obertraubling,/seniorenumzug-parsberg,service,service,0.125,1.000,1.000,1.000,0,9,no,HIGH_OVERLAP,REVIEW_SHARED_FAQ;DIFFERENTIATE_MAIN_CONTENT;REWRITE_FOR_CUSTOMER
/seniorenumzug-obertraubling,/seniorenumzug-passau,service,service,0.500,0.750,1.000,0.907,0,6,no,HIGH_OVERLAP,REVIEW_SHARED_FAQ;DIFFERENTIATE_MAIN_CONTENT;REWRITE_FOR_CUSTOMER
/seniorenumzug-obertraubling,/seniorenumzug-pentling,service,service,0.500,1.000,1.000,1.000,0,9,no,HIGH_OVERLAP,REVIEW_SHARED_FAQ;DIFFERENTIATE_MAIN_CONTENT;REWRITE_FOR_CUSTOMER
/seniorenumzug-oberviechtach,/seniorenumzug-olching,service,service,0.286,1.000,1.000,1.000,0,9,no,HIGH_OVERLAP,REVIEW_SHARED_FAQ;DIFFERENTIATE_MAIN_CONTENT;REWRITE_FOR_CUSTOMER
/seniorenumzug-oberviechtach,/seniorenumzug-osterhofen,service,service,1.000,1.000,1.000,1.000,0,9,no,HIGH_OVERLAP,REVIEW_SHARED_FAQ;DIFFERENTIATE_MAIN_CONTENT;REWRITE_FOR_CUSTOMER
/seniorenumzug-oberviechtach,/seniorenumzug-painten,service,service,0.125,1.000,1.000,1.000,0,9,no,HIGH_OVERLAP,REVIEW_SHARED_FAQ;DIFFERENTIATE_MAIN_CONTENT;REWRITE_FOR_CUSTOMER
/seniorenumzug-oberviechtach,/seniorenumzug-parsberg,service,service,0.286,1.000,1.000,1.000,0,9,no,HIGH_OVERLAP,REVIEW_SHARED_FAQ;DIFFERENTIATE_MAIN_CONTENT;REWRITE_FOR_CUSTOMER
/seniorenumzug-oberviechtach,/seniorenumzug-passau,service,service,0.125,0.750,1.000,0.907,0,6,no,HIGH_OVERLAP,REVIEW_SHARED_FAQ;DIFFERENTIATE_MAIN_CONTENT;REWRITE_FOR_CUSTOMER
/seniorenumzug-oberviechtach,/seniorenumzug-pentling,service,service,0.125,1.000,1.000,1.000,0,9,no,HIGH_OVERLAP,REVIEW_SHARED_FAQ;DIFFERENTIATE_MAIN_CONTENT;REWRITE_FOR_CUSTOMER
/seniorenumzug-olching,/seniorenumzug-osterhofen,service,service,0.286,1.000,1.000,1.000,0,9,no,HIGH_OVERLAP,REVIEW_SHARED_FAQ;DIFFERENTIATE_MAIN_CONTENT;REWRITE_FOR_CUSTOMER
/seniorenumzug-olching,/seniorenumzug-painten,service,service,0.111,1.000,1.000,1.000,0,9,no,HIGH_OVERLAP,REVIEW_SHARED_FAQ;DIFFERENTIATE_MAIN_CONTENT;REWRITE_FOR_CUSTOMER
/seniorenumzug-olching,/seniorenumzug-parsberg,service,service,1.000,1.000,1.000,1.000,0,9,no,HIGH_OVERLAP,REVIEW_SHARED_FAQ;DIFFERENTIATE_MAIN_CONTENT;REWRITE_FOR_CUSTOMER
/seniorenumzug-olching,/seniorenumzug-passau,service,service,0.111,0.750,1.000,0.907,0,6,no,HIGH_OVERLAP,REVIEW_SHARED_FAQ;DIFFERENTIATE_MAIN_CONTENT;REWRITE_FOR_CUSTOMER
/seniorenumzug-olching,/seniorenumzug-pentling,service,service,0.111,1.000,1.000,1.000,0,9,no,HIGH_OVERLAP,REVIEW_SHARED_FAQ;DIFFERENTIATE_MAIN_CONTENT;REWRITE_FOR_CUSTOMER
/seniorenumzug-osterhofen,/seniorenumzug-painten,service,service,0.125,1.000,1.000,1.000,0,9,no,HIGH_OVERLAP,REVIEW_SHARED_FAQ;DIFFERENTIATE_MAIN_CONTENT;REWRITE_FOR_CUSTOMER
/seniorenumzug-osterhofen,/seniorenumzug-parsberg,service,service,0.286,1.000,1.000,1.000,0,9,no,HIGH_OVERLAP,REVIEW_SHARED_FAQ;DIFFERENTIATE_MAIN_CONTENT;REWRITE_FOR_CUSTOMER
/seniorenumzug-osterhofen,/seniorenumzug-passau,service,service,0.125,0.750,1.000,0.907,0,6,no,HIGH_OVERLAP,REVIEW_SHARED_FAQ;DIFFERENTIATE_MAIN_CONTENT;REWRITE_FOR_CUSTOMER
/seniorenumzug-osterhofen,/seniorenumzug-pentling,service,service,0.125,1.000,1.000,1.000,0,9,no,HIGH_OVERLAP,REVIEW_SHARED_FAQ;DIFFERENTIATE_MAIN_CONTENT;REWRITE_FOR_CUSTOMER
/seniorenumzug-painten,/seniorenumzug-parsberg,service,service,0.111,1.000,1.000,1.000,0,9,no,HIGH_OVERLAP,REVIEW_SHARED_FAQ;DIFFERENTIATE_MAIN_CONTENT;REWRITE_FOR_CUSTOMER
/seniorenumzug-painten,/seniorenumzug-passau,service,service,1.000,0.750,1.000,0.907,0,6,no,HIGH_OVERLAP,REVIEW_SHARED_FAQ;DIFFERENTIATE_MAIN_CONTENT;REWRITE_FOR_CUSTOMER
/seniorenumzug-painten,/seniorenumzug-pentling,service,service,1.000,1.000,1.000,1.000,0,9,no,HIGH_OVERLAP,REVIEW_SHARED_FAQ;DIFFERENTIATE_MAIN_CONTENT;REWRITE_FOR_CUSTOMER
/seniorenumzug-parsberg,/seniorenumzug-passau,service,service,0.111,0.750,1.000,0.907,0,6,no,HIGH_OVERLAP,REVIEW_SHARED_FAQ;DIFFERENTIATE_MAIN_CONTENT;REWRITE_FOR_CUSTOMER
/seniorenumzug-parsberg,/seniorenumzug-pentling,service,service,0.111,1.000,1.000,1.000,0,9,no,HIGH_OVERLAP,REVIEW_SHARED_FAQ;DIFFERENTIATE_MAIN_CONTENT;REWRITE_FOR_CUSTOMER
/seniorenumzug-passau,/seniorenumzug-pentling,service,service,1.000,0.750,1.000,0.907,0,6,no,HIGH_OVERLAP,REVIEW_SHARED_FAQ;DIFFERENTIATE_MAIN_CONTENT;REWRITE_FOR_CUSTOMER
/seniorenumzug-pettendorf,/seniorenumzug-pfaffenhofen,service,service,0.500,1.000,1.000,1.000,0,9,no,HIGH_OVERLAP,REVIEW_SHARED_FAQ;DIFFERENTIATE_MAIN_CONTENT;REWRITE_FOR_CUSTOMER
/seniorenumzug-pettendorf,/seniorenumzug-pfarrkirchen,service,service,0.125,1.000,1.000,1.000,0,9,no,HIGH_OVERLAP,REVIEW_SHARED_FAQ;DIFFERENTIATE_MAIN_CONTENT;REWRITE_FOR_CUSTOMER
/seniorenumzug-pettendorf,/seniorenumzug-pfatter,service,service,0.111,1.000,1.000,1.000,0,9,no,HIGH_OVERLAP,REVIEW_SHARED_FAQ;DIFFERENTIATE_MAIN_CONTENT;REWRITE_FOR_CUSTOMER
/seniorenumzug-pettendorf,/seniorenumzug-pfeffenhausen,service,service,0.111,1.000,1.000,1.000,0,9,no,HIGH_OVERLAP,REVIEW_SHARED_FAQ;DIFFERENTIATE_MAIN_CONTENT;REWRITE_FOR_CUSTOMER
/seniorenumzug-pettendorf,/seniorenumzug-pfreimd,service,service,1.000,1.000,1.000,1.000,0,9,no,HIGH_OVERLAP,REVIEW_SHARED_FAQ;DIFFERENTIATE_MAIN_CONTENT;REWRITE_FOR_CUSTOMER
/seniorenumzug-pettendorf,/seniorenumzug-pielenhofen,service,service,1.000,1.000,1.000,1.000,0,9,no,HIGH_OVERLAP,REVIEW_SHARED_FAQ;DIFFERENTIATE_MAIN_CONTENT;REWRITE_FOR_CUSTOMER
/seniorenumzug-pettendorf,/seniorenumzug-plattling,service,service,1.000,1.000,1.000,1.000,0,9,no,HIGH_OVERLAP,REVIEW_SHARED_FAQ;DIFFERENTIATE_MAIN_CONTENT;REWRITE_FOR_CUSTOMER
/seniorenumzug-pfaffenhofen,/seniorenumzug-pfarrkirchen,service,service,0.143,1.000,1.000,1.000,0,9,no,HIGH_OVERLAP,REVIEW_SHARED_FAQ;DIFFERENTIATE_MAIN_CONTENT;REWRITE_FOR_CUSTOMER
/seniorenumzug-pfaffenhofen,/seniorenumzug-pfatter,service,service,0.125,1.000,1.000,1.000,0,9,no,HIGH_OVERLAP,REVIEW_SHARED_FAQ;DIFFERENTIATE_MAIN_CONTENT;REWRITE_FOR_CUSTOMER
/seniorenumzug-pfaffenhofen,/seniorenumzug-pfeffenhausen,service,service,0.125,1.000,1.000,1.000,0,9,no,HIGH_OVERLAP,REVIEW_SHARED_FAQ;DIFFERENTIATE_MAIN_CONTENT;REWRITE_FOR_CUSTOMER
/seniorenumzug-pfaffenhofen,/seniorenumzug-pfreimd,service,service,0.500,1.000,1.000,1.000,0,9,no,HIGH_OVERLAP,REVIEW_SHARED_FAQ;DIFFERENTIATE_MAIN_CONTENT;REWRITE_FOR_CUSTOMER
/seniorenumzug-pfaffenhofen,/seniorenumzug-pielenhofen,service,service,0.500,1.000,1.000,1.000,0,9,no,HIGH_OVERLAP,REVIEW_SHARED_FAQ;DIFFERENTIATE_MAIN_CONTENT;REWRITE_FOR_CUSTOMER
/seniorenumzug-pfaffenhofen,/seniorenumzug-plattling,service,service,0.500,1.000,1.000,1.000,0,9,no,HIGH_OVERLAP,REVIEW_SHARED_FAQ;DIFFERENTIATE_MAIN_CONTENT;REWRITE_FOR_CUSTOMER
/seniorenumzug-pfarrkirchen,/seniorenumzug-pfatter,service,service,0.286,1.000,1.000,1.000,0,9,no,HIGH_OVERLAP,REVIEW_SHARED_FAQ;DIFFERENTIATE_MAIN_CONTENT;REWRITE_FOR_CUSTOMER
/seniorenumzug-pfarrkirchen,/seniorenumzug-pfeffenhausen,service,service,0.286,1.000,1.000,1.000,0,9,no,HIGH_OVERLAP,REVIEW_SHARED_FAQ;DIFFERENTIATE_MAIN_CONTENT;REWRITE_FOR_CUSTOMER
/seniorenumzug-pfarrkirchen,/seniorenumzug-pfreimd,service,service,0.125,1.000,1.000,1.000,0,9,no,HIGH_OVERLAP,REVIEW_SHARED_FAQ;DIFFERENTIATE_MAIN_CONTENT;REWRITE_FOR_CUSTOMER
/seniorenumzug-pfarrkirchen,/seniorenumzug-pielenhofen,service,service,0.125,1.000,1.000,1.000,0,9,no,HIGH_OVERLAP,REVIEW_SHARED_FAQ;DIFFERENTIATE_MAIN_CONTENT;REWRITE_FOR_CUSTOMER
/seniorenumzug-pfarrkirchen,/seniorenumzug-plattling,service,service,0.125,1.000,1.000,1.000,0,9,no,HIGH_OVERLAP,REVIEW_SHARED_FAQ;DIFFERENTIATE_MAIN_CONTENT;REWRITE_FOR_CUSTOMER
/seniorenumzug-pfatter,/seniorenumzug-pfeffenhausen,service,service,1.000,1.000,1.000,1.000,0,9,no,HIGH_OVERLAP,REVIEW_SHARED_FAQ;DIFFERENTIATE_MAIN_CONTENT;REWRITE_FOR_CUSTOMER
/seniorenumzug-pfatter,/seniorenumzug-pfreimd,service,service,0.111,1.000,1.000,1.000,0,9,no,HIGH_OVERLAP,REVIEW_SHARED_FAQ;DIFFERENTIATE_MAIN_CONTENT;REWRITE_FOR_CUSTOMER
/seniorenumzug-pfatter,/seniorenumzug-pielenhofen,service,service,0.111,1.000,1.000,1.000,0,9,no,HIGH_OVERLAP,REVIEW_SHARED_FAQ;DIFFERENTIATE_MAIN_CONTENT;REWRITE_FOR_CUSTOMER
/seniorenumzug-pfatter,/seniorenumzug-plattling,service,service,0.111,1.000,1.000,1.000,0,9,no,HIGH_OVERLAP,REVIEW_SHARED_FAQ;DIFFERENTIATE_MAIN_CONTENT;REWRITE_FOR_CUSTOMER
/seniorenumzug-pfeffenhausen,/seniorenumzug-pfreimd,service,service,0.111,1.000,1.000,1.000,0,9,no,HIGH_OVERLAP,REVIEW_SHARED_FAQ;DIFFERENTIATE_MAIN_CONTENT;REWRITE_FOR_CUSTOMER
/seniorenumzug-pfeffenhausen,/seniorenumzug-pielenhofen,service,service,0.111,1.000,1.000,1.000,0,9,no,HIGH_OVERLAP,REVIEW_SHARED_FAQ;DIFFERENTIATE_MAIN_CONTENT;REWRITE_FOR_CUSTOMER
/seniorenumzug-pfeffenhausen,/seniorenumzug-plattling,service,service,0.111,1.000,1.000,1.000,0,9,no,HIGH_OVERLAP,REVIEW_SHARED_FAQ;DIFFERENTIATE_MAIN_CONTENT;REWRITE_FOR_CUSTOMER
/seniorenumzug-pfreimd,/seniorenumzug-pielenhofen,service,service,1.000,1.000,1.000,1.000,0,9,no,HIGH_OVERLAP,REVIEW_SHARED_FAQ;DIFFERENTIATE_MAIN_CONTENT;REWRITE_FOR_CUSTOMER
/seniorenumzug-pfreimd,/seniorenumzug-plattling,service,service,1.000,1.000,1.000,1.000,0,9,no,HIGH_OVERLAP,REVIEW_SHARED_FAQ;DIFFERENTIATE_MAIN_CONTENT;REWRITE_FOR_CUSTOMER
/seniorenumzug-pielenhofen,/seniorenumzug-plattling,service,service,1.000,1.000,1.000,1.000,0,9,no,HIGH_OVERLAP,REVIEW_SHARED_FAQ;DIFFERENTIATE_MAIN_CONTENT;REWRITE_FOR_CUSTOMER
/seniorenumzug-pocking,/seniorenumzug-postbauer-heng,service,service,0.500,1.000,1.000,1.000,0,9,no,HIGH_OVERLAP,REVIEW_SHARED_FAQ;DIFFERENTIATE_MAIN_CONTENT;REWRITE_FOR_CUSTOMER
/seniorenumzug-pocking,/seniorenumzug-regen,service,service,0.125,1.000,1.000,1.000,0,9,no,HIGH_OVERLAP,REVIEW_SHARED_FAQ;DIFFERENTIATE_MAIN_CONTENT;REWRITE_FOR_CUSTOMER
/seniorenumzug-pocking,/seniorenumzug-regenstauf,service,service,0.500,1.000,1.000,1.000,0,9,no,HIGH_OVERLAP,REVIEW_SHARED_FAQ;DIFFERENTIATE_MAIN_CONTENT;REWRITE_FOR_CUSTOMER
/seniorenumzug-pocking,/seniorenumzug-riedenburg,service,service,0.125,1.000,1.000,1.000,0,9,no,HIGH_OVERLAP,REVIEW_SHARED_FAQ;DIFFERENTIATE_MAIN_CONTENT;REWRITE_FOR_CUSTOMER
/seniorenumzug-pocking,/seniorenumzug-riekofen,service,service,1.000,1.000,1.000,1.000,0,9,no,HIGH_OVERLAP,REVIEW_SHARED_FAQ;DIFFERENTIATE_MAIN_CONTENT;REWRITE_FOR_CUSTOMER
/seniorenumzug-pocking,/seniorenumzug-roding,service,service,0.125,1.000,1.000,1.000,0,9,no,HIGH_OVERLAP,REVIEW_SHARED_FAQ;DIFFERENTIATE_MAIN_CONTENT;REWRITE_FOR_CUSTOMER
/seniorenumzug-pocking,/seniorenumzug-rosenheim,service,service,0.111,1.000,1.000,0.909,0,6,no,HIGH_OVERLAP,REVIEW_SHARED_FAQ;DIFFERENTIATE_MAIN_CONTENT;REWRITE_FOR_CUSTOMER
/seniorenumzug-postbauer-heng,/seniorenumzug-regen,service,service,0.143,1.000,1.000,1.000,0,9,no,HIGH_OVERLAP,REVIEW_SHARED_FAQ;DIFFERENTIATE_MAIN_CONTENT;REWRITE_FOR_CUSTOMER
/seniorenumzug-postbauer-heng,/seniorenumzug-regenstauf,service,service,1.000,1.000,1.000,1.000,0,9,no,HIGH_OVERLAP,REVIEW_SHARED_FAQ;DIFFERENTIATE_MAIN_CONTENT;REWRITE_FOR_CUSTOMER
/seniorenumzug-postbauer-heng,/seniorenumzug-riedenburg,service,service,0.143,1.000,1.000,1.000,0,9,no,HIGH_OVERLAP,REVIEW_SHARED_FAQ;DIFFERENTIATE_MAIN_CONTENT;REWRITE_FOR_CUSTOMER
/seniorenumzug-postbauer-heng,/seniorenumzug-riekofen,service,service,0.500,1.000,1.000,1.000,0,9,no,HIGH_OVERLAP,REVIEW_SHARED_FAQ;DIFFERENTIATE_MAIN_CONTENT;REWRITE_FOR_CUSTOMER
/seniorenumzug-postbauer-heng,/seniorenumzug-roding,service,service,0.143,1.000,1.000,1.000,0,9,no,HIGH_OVERLAP,REVIEW_SHARED_FAQ;DIFFERENTIATE_MAIN_CONTENT;REWRITE_FOR_CUSTOMER
/seniorenumzug-postbauer-heng,/seniorenumzug-rosenheim,service,service,0.125,1.000,1.000,0.909,0,6,no,HIGH_OVERLAP,REVIEW_SHARED_FAQ;DIFFERENTIATE_MAIN_CONTENT;REWRITE_FOR_CUSTOMER
/seniorenumzug-regen,/seniorenumzug-regenstauf,service,service,0.143,1.000,1.000,1.000,0,9,no,HIGH_OVERLAP,REVIEW_SHARED_FAQ;DIFFERENTIATE_MAIN_CONTENT;REWRITE_FOR_CUSTOMER
/seniorenumzug-regen,/seniorenumzug-riedenburg,service,service,1.000,1.000,1.000,1.000,0,9,no,HIGH_OVERLAP,REVIEW_SHARED_FAQ;DIFFERENTIATE_MAIN_CONTENT;REWRITE_FOR_CUSTOMER
/seniorenumzug-regen,/seniorenumzug-riekofen,service,service,0.125,1.000,1.000,1.000,0,9,no,HIGH_OVERLAP,REVIEW_SHARED_FAQ;DIFFERENTIATE_MAIN_CONTENT;REWRITE_FOR_CUSTOMER
/seniorenumzug-regen,/seniorenumzug-roding,service,service,1.000,1.000,1.000,1.000,0,9,no,HIGH_OVERLAP,REVIEW_SHARED_FAQ;DIFFERENTIATE_MAIN_CONTENT;REWRITE_FOR_CUSTOMER
/seniorenumzug-regen,/seniorenumzug-rosenheim,service,service,0.286,1.000,1.000,0.909,0,6,no,HIGH_OVERLAP,REVIEW_SHARED_FAQ;DIFFERENTIATE_MAIN_CONTENT;REWRITE_FOR_CUSTOMER
/seniorenumzug-regenstauf,/seniorenumzug-riedenburg,service,service,0.143,1.000,1.000,1.000,0,9,no,HIGH_OVERLAP,REVIEW_SHARED_FAQ;DIFFERENTIATE_MAIN_CONTENT;REWRITE_FOR_CUSTOMER
/seniorenumzug-regenstauf,/seniorenumzug-riekofen,service,service,0.500,1.000,1.000,1.000,0,9,no,HIGH_OVERLAP,REVIEW_SHARED_FAQ;DIFFERENTIATE_MAIN_CONTENT;REWRITE_FOR_CUSTOMER
/seniorenumzug-regenstauf,/seniorenumzug-roding,service,service,0.143,1.000,1.000,1.000,0,9,no,HIGH_OVERLAP,REVIEW_SHARED_FAQ;DIFFERENTIATE_MAIN_CONTENT;REWRITE_FOR_CUSTOMER
/seniorenumzug-regenstauf,/seniorenumzug-rosenheim,service,service,0.125,1.000,1.000,0.909,0,6,no,HIGH_OVERLAP,REVIEW_SHARED_FAQ;DIFFERENTIATE_MAIN_CONTENT;REWRITE_FOR_CUSTOMER
/seniorenumzug-riedenburg,/seniorenumzug-riekofen,service,service,0.125,1.000,1.000,1.000,0,9,no,HIGH_OVERLAP,REVIEW_SHARED_FAQ;DIFFERENTIATE_MAIN_CONTENT;REWRITE_FOR_CUSTOMER
/seniorenumzug-riedenburg,/seniorenumzug-roding,service,service,1.000,1.000,1.000,1.000,0,9,no,HIGH_OVERLAP,REVIEW_SHARED_FAQ;DIFFERENTIATE_MAIN_CONTENT;REWRITE_FOR_CUSTOMER
/seniorenumzug-riedenburg,/seniorenumzug-rosenheim,service,service,0.286,1.000,1.000,0.909,0,6,no,HIGH_OVERLAP,REVIEW_SHARED_FAQ;DIFFERENTIATE_MAIN_CONTENT;REWRITE_FOR_CUSTOMER
/seniorenumzug-riekofen,/seniorenumzug-roding,service,service,0.125,1.000,1.000,1.000,0,9,no,HIGH_OVERLAP,REVIEW_SHARED_FAQ;DIFFERENTIATE_MAIN_CONTENT;REWRITE_FOR_CUSTOMER
/seniorenumzug-riekofen,/seniorenumzug-rosenheim,service,service,0.111,1.000,1.000,0.909,0,6,no,HIGH_OVERLAP,REVIEW_SHARED_FAQ;DIFFERENTIATE_MAIN_CONTENT;REWRITE_FOR_CUSTOMER
/seniorenumzug-roding,/seniorenumzug-rosenheim,service,service,0.286,1.000,1.000,0.909,0,6,no,HIGH_OVERLAP,REVIEW_SHARED_FAQ;DIFFERENTIATE_MAIN_CONTENT;REWRITE_FOR_CUSTOMER
/seniorenumzug-roth,/seniorenumzug-rottenburg-an-der-laaber,service,service,0.500,1.000,1.000,1.000,0,9,no,HIGH_OVERLAP,REVIEW_SHARED_FAQ;DIFFERENTIATE_MAIN_CONTENT;REWRITE_FOR_CUSTOMER
/seniorenumzug-roth,/seniorenumzug-saal-an-der-donau,service,service,1.000,1.000,1.000,1.000,0,9,no,HIGH_OVERLAP,REVIEW_SHARED_FAQ;DIFFERENTIATE_MAIN_CONTENT;REWRITE_FOR_CUSTOMER
/seniorenumzug-roth,/seniorenumzug-schierling,service,service,0.500,1.000,1.000,1.000,0,9,no,HIGH_OVERLAP,REVIEW_SHARED_FAQ;DIFFERENTIATE_MAIN_CONTENT;REWRITE_FOR_CUSTOMER
/seniorenumzug-roth,/seniorenumzug-schnaittenbach,service,service,0.125,1.000,1.000,1.000,0,9,no,HIGH_OVERLAP,REVIEW_SHARED_FAQ;DIFFERENTIATE_MAIN_CONTENT;REWRITE_FOR_CUSTOMER
/seniorenumzug-roth,/seniorenumzug-schwabach,service,service,0.500,1.000,1.000,1.000,0,9,no,HIGH_OVERLAP,REVIEW_SHARED_FAQ;DIFFERENTIATE_MAIN_CONTENT;REWRITE_FOR_CUSTOMER
/seniorenumzug-roth,/seniorenumzug-schwandorf,service,service,0.125,1.000,1.000,0.920,0,6,no,HIGH_OVERLAP,REVIEW_SHARED_FAQ;DIFFERENTIATE_MAIN_CONTENT;REWRITE_FOR_CUSTOMER
/seniorenumzug-roth,/seniorenumzug-schwarzenfeld,service,service,0.500,1.000,1.000,1.000,0,9,no,HIGH_OVERLAP,REVIEW_SHARED_FAQ;DIFFERENTIATE_MAIN_CONTENT;REWRITE_FOR_CUSTOMER
/seniorenumzug-rottenburg-an-der-laaber,/seniorenumzug-saal-an-der-donau,service,service,0.500,1.000,1.000,1.000,0,9,no,HIGH_OVERLAP,REVIEW_SHARED_FAQ;DIFFERENTIATE_MAIN_CONTENT;REWRITE_FOR_CUSTOMER
/seniorenumzug-rottenburg-an-der-laaber,/seniorenumzug-schierling,service,service,1.000,1.000,1.000,1.000,0,9,no,HIGH_OVERLAP,REVIEW_SHARED_FAQ;DIFFERENTIATE_MAIN_CONTENT;REWRITE_FOR_CUSTOMER
/seniorenumzug-rottenburg-an-der-laaber,/seniorenumzug-schnaittenbach,service,service,0.143,1.000,1.000,1.000,0,9,no,HIGH_OVERLAP,REVIEW_SHARED_FAQ;DIFFERENTIATE_MAIN_CONTENT;REWRITE_FOR_CUSTOMER
/seniorenumzug-rottenburg-an-der-laaber,/seniorenumzug-schwabach,service,service,1.000,1.000,1.000,1.000,0,9,no,HIGH_OVERLAP,REVIEW_SHARED_FAQ;DIFFERENTIATE_MAIN_CONTENT;REWRITE_FOR_CUSTOMER
/seniorenumzug-rottenburg-an-der-laaber,/seniorenumzug-schwandorf,service,service,0.143,1.000,1.000,0.920,0,6,no,HIGH_OVERLAP,REVIEW_SHARED_FAQ;DIFFERENTIATE_MAIN_CONTENT;REWRITE_FOR_CUSTOMER
/seniorenumzug-rottenburg-an-der-laaber,/seniorenumzug-schwarzenfeld,service,service,1.000,1.000,1.000,1.000,0,9,no,HIGH_OVERLAP,REVIEW_SHARED_FAQ;DIFFERENTIATE_MAIN_CONTENT;REWRITE_FOR_CUSTOMER
/seniorenumzug-saal-an-der-donau,/seniorenumzug-schierling,service,service,0.500,1.000,1.000,1.000,0,9,no,HIGH_OVERLAP,REVIEW_SHARED_FAQ;DIFFERENTIATE_MAIN_CONTENT;REWRITE_FOR_CUSTOMER
/seniorenumzug-saal-an-der-donau,/seniorenumzug-schnaittenbach,service,service,0.125,1.000,1.000,1.000,0,9,no,HIGH_OVERLAP,REVIEW_SHARED_FAQ;DIFFERENTIATE_MAIN_CONTENT;REWRITE_FOR_CUSTOMER
/seniorenumzug-saal-an-der-donau,/seniorenumzug-schwabach,service,service,0.500,1.000,1.000,1.000,0,9,no,HIGH_OVERLAP,REVIEW_SHARED_FAQ;DIFFERENTIATE_MAIN_CONTENT;REWRITE_FOR_CUSTOMER
/seniorenumzug-saal-an-der-donau,/seniorenumzug-schwandorf,service,service,0.125,1.000,1.000,0.920,0,6,no,HIGH_OVERLAP,REVIEW_SHARED_FAQ;DIFFERENTIATE_MAIN_CONTENT;REWRITE_FOR_CUSTOMER
/seniorenumzug-saal-an-der-donau,/seniorenumzug-schwarzenfeld,service,service,0.500,1.000,1.000,1.000,0,9,no,HIGH_OVERLAP,REVIEW_SHARED_FAQ;DIFFERENTIATE_MAIN_CONTENT;REWRITE_FOR_CUSTOMER
/seniorenumzug-schierling,/seniorenumzug-schnaittenbach,service,service,0.143,1.000,1.000,1.000,0,9,no,HIGH_OVERLAP,REVIEW_SHARED_FAQ;DIFFERENTIATE_MAIN_CONTENT;REWRITE_FOR_CUSTOMER
/seniorenumzug-schierling,/seniorenumzug-schwabach,service,service,1.000,1.000,1.000,1.000,0,9,no,HIGH_OVERLAP,REVIEW_SHARED_FAQ;DIFFERENTIATE_MAIN_CONTENT;REWRITE_FOR_CUSTOMER
/seniorenumzug-schierling,/seniorenumzug-schwandorf,service,service,0.143,1.000,1.000,0.920,0,6,no,HIGH_OVERLAP,REVIEW_SHARED_FAQ;DIFFERENTIATE_MAIN_CONTENT;REWRITE_FOR_CUSTOMER
/seniorenumzug-schierling,/seniorenumzug-schwarzenfeld,service,service,1.000,1.000,1.000,1.000,0,9,no,HIGH_OVERLAP,REVIEW_SHARED_FAQ;DIFFERENTIATE_MAIN_CONTENT;REWRITE_FOR_CUSTOMER
/seniorenumzug-schnaittenbach,/seniorenumzug-schwabach,service,service,0.143,1.000,1.000,1.000,0,9,no,HIGH_OVERLAP,REVIEW_SHARED_FAQ;DIFFERENTIATE_MAIN_CONTENT;REWRITE_FOR_CUSTOMER
/seniorenumzug-schnaittenbach,/seniorenumzug-schwandorf,service,service,1.000,1.000,1.000,0.920,0,6,no,HIGH_OVERLAP,REVIEW_SHARED_FAQ;DIFFERENTIATE_MAIN_CONTENT;REWRITE_FOR_CUSTOMER
/seniorenumzug-schnaittenbach,/seniorenumzug-schwarzenfeld,service,service,0.143,1.000,1.000,1.000,0,9,no,HIGH_OVERLAP,REVIEW_SHARED_FAQ;DIFFERENTIATE_MAIN_CONTENT;REWRITE_FOR_CUSTOMER
/seniorenumzug-schwabach,/seniorenumzug-schwandorf,service,service,0.143,1.000,1.000,0.920,0,6,no,HIGH_OVERLAP,REVIEW_SHARED_FAQ;DIFFERENTIATE_MAIN_CONTENT;REWRITE_FOR_CUSTOMER
/seniorenumzug-schwabach,/seniorenumzug-schwarzenfeld,service,service,1.000,1.000,1.000,1.000,0,9,no,HIGH_OVERLAP,REVIEW_SHARED_FAQ;DIFFERENTIATE_MAIN_CONTENT;REWRITE_FOR_CUSTOMER
/seniorenumzug-schwandorf,/seniorenumzug-schwarzenfeld,service,service,0.143,1.000,1.000,0.920,0,6,no,HIGH_OVERLAP,REVIEW_SHARED_FAQ;DIFFERENTIATE_MAIN_CONTENT;REWRITE_FOR_CUSTOMER
/seniorenumzug-schweinfurt,/seniorenumzug-seubersdorf,service,service,0.125,1.000,1.000,1.000,0,9,no,HIGH_OVERLAP,REVIEW_SHARED_FAQ;DIFFERENTIATE_MAIN_CONTENT;REWRITE_FOR_CUSTOMER
/seniorenumzug-schweinfurt,/seniorenumzug-simbach-am-inn,service,service,1.000,1.000,1.000,1.000,0,9,no,HIGH_OVERLAP,REVIEW_SHARED_FAQ;DIFFERENTIATE_MAIN_CONTENT;REWRITE_FOR_CUSTOMER
/seniorenumzug-schweinfurt,/seniorenumzug-sinzing,service,service,1.000,1.000,1.000,1.000,0,9,no,HIGH_OVERLAP,REVIEW_SHARED_FAQ;DIFFERENTIATE_MAIN_CONTENT;REWRITE_FOR_CUSTOMER
/seniorenumzug-schweinfurt,/seniorenumzug-starnberg,service,service,1.000,1.000,1.000,0.909,0,6,no,HIGH_OVERLAP,REVIEW_SHARED_FAQ;DIFFERENTIATE_MAIN_CONTENT;REWRITE_FOR_CUSTOMER
/seniorenumzug-schweinfurt,/seniorenumzug-steinberg-am-see,service,service,1.000,1.000,1.000,1.000,0,9,no,HIGH_OVERLAP,REVIEW_SHARED_FAQ;DIFFERENTIATE_MAIN_CONTENT;REWRITE_FOR_CUSTOMER
/seniorenumzug-schweinfurt,/seniorenumzug-straubing,service,service,0.286,1.000,1.000,0.929,0,6,no,HIGH_OVERLAP,REVIEW_SHARED_FAQ;DIFFERENTIATE_MAIN_CONTENT;REWRITE_FOR_CUSTOMER
/seniorenumzug-schweinfurt,/seniorenumzug-suenching,service,service,0.125,1.000,1.000,1.000,0,9,no,HIGH_OVERLAP,REVIEW_SHARED_FAQ;DIFFERENTIATE_MAIN_CONTENT;REWRITE_FOR_CUSTOMER
/seniorenumzug-seubersdorf,/seniorenumzug-simbach-am-inn,service,service,0.125,1.000,1.000,1.000,0,9,no,HIGH_OVERLAP,REVIEW_SHARED_FAQ;DIFFERENTIATE_MAIN_CONTENT;REWRITE_FOR_CUSTOMER
/seniorenumzug-seubersdorf,/seniorenumzug-sinzing,service,service,0.125,1.000,1.000,1.000,0,9,no,HIGH_OVERLAP,REVIEW_SHARED_FAQ;DIFFERENTIATE_MAIN_CONTENT;REWRITE_FOR_CUSTOMER
/seniorenumzug-seubersdorf,/seniorenumzug-starnberg,service,service,0.125,1.000,1.000,0.909,0,6,no,HIGH_OVERLAP,REVIEW_SHARED_FAQ;DIFFERENTIATE_MAIN_CONTENT;REWRITE_FOR_CUSTOMER
/seniorenumzug-seubersdorf,/seniorenumzug-steinberg-am-see,service,service,0.125,1.000,1.000,1.000,0,9,no,HIGH_OVERLAP,REVIEW_SHARED_FAQ;DIFFERENTIATE_MAIN_CONTENT;REWRITE_FOR_CUSTOMER
/seniorenumzug-seubersdorf,/seniorenumzug-straubing,service,service,0.143,1.000,1.000,0.929,0,6,no,HIGH_OVERLAP,REVIEW_SHARED_FAQ;DIFFERENTIATE_MAIN_CONTENT;REWRITE_FOR_CUSTOMER
/seniorenumzug-seubersdorf,/seniorenumzug-suenching,service,service,1.000,1.000,1.000,1.000,0,9,no,HIGH_OVERLAP,REVIEW_SHARED_FAQ;DIFFERENTIATE_MAIN_CONTENT;REWRITE_FOR_CUSTOMER
/seniorenumzug-simbach-am-inn,/seniorenumzug-sinzing,service,service,1.000,1.000,1.000,1.000,0,9,no,HIGH_OVERLAP,REVIEW_SHARED_FAQ;DIFFERENTIATE_MAIN_CONTENT;REWRITE_FOR_CUSTOMER
/seniorenumzug-simbach-am-inn,/seniorenumzug-starnberg,service,service,1.000,1.000,1.000,0.909,0,6,no,HIGH_OVERLAP,REVIEW_SHARED_FAQ;DIFFERENTIATE_MAIN_CONTENT;REWRITE_FOR_CUSTOMER
/seniorenumzug-simbach-am-inn,/seniorenumzug-steinberg-am-see,service,service,1.000,1.000,1.000,1.000,0,9,no,HIGH_OVERLAP,REVIEW_SHARED_FAQ;DIFFERENTIATE_MAIN_CONTENT;REWRITE_FOR_CUSTOMER
/seniorenumzug-simbach-am-inn,/seniorenumzug-straubing,service,service,0.286,1.000,1.000,0.929,0,6,no,HIGH_OVERLAP,REVIEW_SHARED_FAQ;DIFFERENTIATE_MAIN_CONTENT;REWRITE_FOR_CUSTOMER
/seniorenumzug-simbach-am-inn,/seniorenumzug-suenching,service,service,0.125,1.000,1.000,1.000,0,9,no,HIGH_OVERLAP,REVIEW_SHARED_FAQ;DIFFERENTIATE_MAIN_CONTENT;REWRITE_FOR_CUSTOMER
/seniorenumzug-sinzing,/seniorenumzug-starnberg,service,service,1.000,1.000,1.000,0.909,0,6,no,HIGH_OVERLAP,REVIEW_SHARED_FAQ;DIFFERENTIATE_MAIN_CONTENT;REWRITE_FOR_CUSTOMER
/seniorenumzug-sinzing,/seniorenumzug-steinberg-am-see,service,service,1.000,1.000,1.000,1.000,0,9,no,HIGH_OVERLAP,REVIEW_SHARED_FAQ;DIFFERENTIATE_MAIN_CONTENT;REWRITE_FOR_CUSTOMER
/seniorenumzug-sinzing,/seniorenumzug-straubing,service,service,0.286,1.000,1.000,0.929,0,6,no,HIGH_OVERLAP,REVIEW_SHARED_FAQ;DIFFERENTIATE_MAIN_CONTENT;REWRITE_FOR_CUSTOMER
/seniorenumzug-sinzing,/seniorenumzug-suenching,service,service,0.125,1.000,1.000,1.000,0,9,no,HIGH_OVERLAP,REVIEW_SHARED_FAQ;DIFFERENTIATE_MAIN_CONTENT;REWRITE_FOR_CUSTOMER
/seniorenumzug-starnberg,/seniorenumzug-steinberg-am-see,service,service,1.000,1.000,1.000,0.909,0,6,no,HIGH_OVERLAP,REVIEW_SHARED_FAQ;DIFFERENTIATE_MAIN_CONTENT;REWRITE_FOR_CUSTOMER
/seniorenumzug-starnberg,/seniorenumzug-straubing,service,service,0.286,1.000,1.000,0.938,0,6,no,HIGH_OVERLAP,REVIEW_SHARED_FAQ;DIFFERENTIATE_MAIN_CONTENT;REWRITE_FOR_CUSTOMER
/seniorenumzug-starnberg,/seniorenumzug-suenching,service,service,0.125,1.000,1.000,0.909,0,6,no,HIGH_OVERLAP,REVIEW_SHARED_FAQ;DIFFERENTIATE_MAIN_CONTENT;REWRITE_FOR_CUSTOMER
/seniorenumzug-steinberg-am-see,/seniorenumzug-straubing,service,service,0.286,1.000,1.000,0.929,0,6,no,HIGH_OVERLAP,REVIEW_SHARED_FAQ;DIFFERENTIATE_MAIN_CONTENT;REWRITE_FOR_CUSTOMER
/seniorenumzug-steinberg-am-see,/seniorenumzug-suenching,service,service,0.125,1.000,1.000,1.000,0,9,no,HIGH_OVERLAP,REVIEW_SHARED_FAQ;DIFFERENTIATE_MAIN_CONTENT;REWRITE_FOR_CUSTOMER
/seniorenumzug-straubing,/seniorenumzug-suenching,service,service,0.143,1.000,1.000,0.929,0,6,no,HIGH_OVERLAP,REVIEW_SHARED_FAQ;DIFFERENTIATE_MAIN_CONTENT;REWRITE_FOR_CUSTOMER
/seniorenumzug-sulzbach-rosenberg,/seniorenumzug-tegernheim,service,service,0.125,1.000,1.000,1.000,0,9,no,HIGH_OVERLAP,REVIEW_SHARED_FAQ;DIFFERENTIATE_MAIN_CONTENT;REWRITE_FOR_CUSTOMER
/seniorenumzug-sulzbach-rosenberg,/seniorenumzug-teublitz,service,service,0.111,1.000,1.000,1.000,0,9,no,HIGH_OVERLAP,REVIEW_SHARED_FAQ;DIFFERENTIATE_MAIN_CONTENT;REWRITE_FOR_CUSTOMER
/seniorenumzug-sulzbach-rosenberg,/seniorenumzug-thalmassing,service,service,0.111,1.000,1.000,1.000,0,9,no,HIGH_OVERLAP,REVIEW_SHARED_FAQ;DIFFERENTIATE_MAIN_CONTENT;REWRITE_FOR_CUSTOMER
/seniorenumzug-sulzbach-rosenberg,/seniorenumzug-tirschenreuth,service,service,0.125,1.000,1.000,1.000,0,9,no,HIGH_OVERLAP,REVIEW_SHARED_FAQ;DIFFERENTIATE_MAIN_CONTENT;REWRITE_FOR_CUSTOMER
/seniorenumzug-sulzbach-rosenberg,/seniorenumzug-unterhaching,service,service,0.125,1.000,1.000,1.000,0,9,no,HIGH_OVERLAP,REVIEW_SHARED_FAQ;DIFFERENTIATE_MAIN_CONTENT;REWRITE_FOR_CUSTOMER
/seniorenumzug-sulzbach-rosenberg,/seniorenumzug-velburg,service,service,0.286,1.000,1.000,1.000,0,9,no,HIGH_OVERLAP,REVIEW_SHARED_FAQ;DIFFERENTIATE_MAIN_CONTENT;REWRITE_FOR_CUSTOMER
/seniorenumzug-sulzbach-rosenberg,/seniorenumzug-viechtach,service,service,0.286,1.000,1.000,1.000,0,9,no,HIGH_OVERLAP,REVIEW_SHARED_FAQ;DIFFERENTIATE_MAIN_CONTENT;REWRITE_FOR_CUSTOMER
/seniorenumzug-tegernheim,/seniorenumzug-teublitz,service,service,0.500,1.000,1.000,1.000,0,9,no,HIGH_OVERLAP,REVIEW_SHARED_FAQ;DIFFERENTIATE_MAIN_CONTENT;REWRITE_FOR_CUSTOMER
/seniorenumzug-tegernheim,/seniorenumzug-thalmassing,service,service,0.500,1.000,1.000,1.000,0,9,no,HIGH_OVERLAP,REVIEW_SHARED_FAQ;DIFFERENTIATE_MAIN_CONTENT;REWRITE_FOR_CUSTOMER
/seniorenumzug-tegernheim,/seniorenumzug-tirschenreuth,service,service,1.000,1.000,1.000,1.000,0,9,no,HIGH_OVERLAP,REVIEW_SHARED_FAQ;DIFFERENTIATE_MAIN_CONTENT;REWRITE_FOR_CUSTOMER
/seniorenumzug-tegernheim,/seniorenumzug-unterhaching,service,service,1.000,1.000,1.000,1.000,0,9,no,HIGH_OVERLAP,REVIEW_SHARED_FAQ;DIFFERENTIATE_MAIN_CONTENT;REWRITE_FOR_CUSTOMER
/seniorenumzug-tegernheim,/seniorenumzug-velburg,service,service,0.143,1.000,1.000,1.000,0,9,no,HIGH_OVERLAP,REVIEW_SHARED_FAQ;DIFFERENTIATE_MAIN_CONTENT;REWRITE_FOR_CUSTOMER
/seniorenumzug-tegernheim,/seniorenumzug-viechtach,service,service,0.143,1.000,1.000,1.000,0,9,no,HIGH_OVERLAP,REVIEW_SHARED_FAQ;DIFFERENTIATE_MAIN_CONTENT;REWRITE_FOR_CUSTOMER
/seniorenumzug-teublitz,/seniorenumzug-thalmassing,service,service,1.000,1.000,1.000,1.000,0,9,no,HIGH_OVERLAP,REVIEW_SHARED_FAQ;DIFFERENTIATE_MAIN_CONTENT;REWRITE_FOR_CUSTOMER
/seniorenumzug-teublitz,/seniorenumzug-tirschenreuth,service,service,0.500,1.000,1.000,1.000,0,9,no,HIGH_OVERLAP,REVIEW_SHARED_FAQ;DIFFERENTIATE_MAIN_CONTENT;REWRITE_FOR_CUSTOMER
/seniorenumzug-teublitz,/seniorenumzug-unterhaching,service,service,0.500,1.000,1.000,1.000,0,9,no,HIGH_OVERLAP,REVIEW_SHARED_FAQ;DIFFERENTIATE_MAIN_CONTENT;REWRITE_FOR_CUSTOMER
/seniorenumzug-teublitz,/seniorenumzug-velburg,service,service,0.125,1.000,1.000,1.000,0,9,no,HIGH_OVERLAP,REVIEW_SHARED_FAQ;DIFFERENTIATE_MAIN_CONTENT;REWRITE_FOR_CUSTOMER
/seniorenumzug-teublitz,/seniorenumzug-viechtach,service,service,0.125,1.000,1.000,1.000,0,9,no,HIGH_OVERLAP,REVIEW_SHARED_FAQ;DIFFERENTIATE_MAIN_CONTENT;REWRITE_FOR_CUSTOMER
/seniorenumzug-thalmassing,/seniorenumzug-tirschenreuth,service,service,0.500,1.000,1.000,1.000,0,9,no,HIGH_OVERLAP,REVIEW_SHARED_FAQ;DIFFERENTIATE_MAIN_CONTENT;REWRITE_FOR_CUSTOMER
/seniorenumzug-thalmassing,/seniorenumzug-unterhaching,service,service,0.500,1.000,1.000,1.000,0,9,no,HIGH_OVERLAP,REVIEW_SHARED_FAQ;DIFFERENTIATE_MAIN_CONTENT;REWRITE_FOR_CUSTOMER
/seniorenumzug-thalmassing,/seniorenumzug-velburg,service,service,0.125,1.000,1.000,1.000,0,9,no,HIGH_OVERLAP,REVIEW_SHARED_FAQ;DIFFERENTIATE_MAIN_CONTENT;REWRITE_FOR_CUSTOMER
/seniorenumzug-thalmassing,/seniorenumzug-viechtach,service,service,0.125,1.000,1.000,1.000,0,9,no,HIGH_OVERLAP,REVIEW_SHARED_FAQ;DIFFERENTIATE_MAIN_CONTENT;REWRITE_FOR_CUSTOMER
/seniorenumzug-tirschenreuth,/seniorenumzug-unterhaching,service,service,1.000,1.000,1.000,1.000,0,9,no,HIGH_OVERLAP,REVIEW_SHARED_FAQ;DIFFERENTIATE_MAIN_CONTENT;REWRITE_FOR_CUSTOMER
/seniorenumzug-tirschenreuth,/seniorenumzug-velburg,service,service,0.143,1.000,1.000,1.000,0,9,no,HIGH_OVERLAP,REVIEW_SHARED_FAQ;DIFFERENTIATE_MAIN_CONTENT;REWRITE_FOR_CUSTOMER
/seniorenumzug-tirschenreuth,/seniorenumzug-viechtach,service,service,0.143,1.000,1.000,1.000,0,9,no,HIGH_OVERLAP,REVIEW_SHARED_FAQ;DIFFERENTIATE_MAIN_CONTENT;REWRITE_FOR_CUSTOMER
/seniorenumzug-unterhaching,/seniorenumzug-velburg,service,service,0.143,1.000,1.000,1.000,0,9,no,HIGH_OVERLAP,REVIEW_SHARED_FAQ;DIFFERENTIATE_MAIN_CONTENT;REWRITE_FOR_CUSTOMER
/seniorenumzug-unterhaching,/seniorenumzug-viechtach,service,service,0.143,1.000,1.000,1.000,0,9,no,HIGH_OVERLAP,REVIEW_SHARED_FAQ;DIFFERENTIATE_MAIN_CONTENT;REWRITE_FOR_CUSTOMER
/seniorenumzug-velburg,/seniorenumzug-viechtach,service,service,1.000,1.000,1.000,1.000,0,9,no,HIGH_OVERLAP,REVIEW_SHARED_FAQ;DIFFERENTIATE_MAIN_CONTENT;REWRITE_FOR_CUSTOMER
/seniorenumzug-vilsbiburg,/seniorenumzug-vilseck,service,service,1.000,1.000,1.000,1.000,0,9,no,HIGH_OVERLAP,REVIEW_SHARED_FAQ;DIFFERENTIATE_MAIN_CONTENT;REWRITE_FOR_CUSTOMER
/seniorenumzug-vilsbiburg,/seniorenumzug-vilshofen,service,service,0.500,1.000,1.000,1.000,0,9,no,HIGH_OVERLAP,REVIEW_SHARED_FAQ;DIFFERENTIATE_MAIN_CONTENT;REWRITE_FOR_CUSTOMER
/seniorenumzug-vilsbiburg,/seniorenumzug-vohburg,service,service,1.000,1.000,1.000,1.000,0,9,no,HIGH_OVERLAP,REVIEW_SHARED_FAQ;DIFFERENTIATE_MAIN_CONTENT;REWRITE_FOR_CUSTOMER
/seniorenumzug-vilsbiburg,/seniorenumzug-vohenstrauss,service,service,1.000,1.000,1.000,1.000,0,9,no,HIGH_OVERLAP,REVIEW_SHARED_FAQ;DIFFERENTIATE_MAIN_CONTENT;REWRITE_FOR_CUSTOMER
/seniorenumzug-vilsbiburg,/seniorenumzug-wackersdorf,service,service,1.000,1.000,1.000,1.000,0,9,no,HIGH_OVERLAP,REVIEW_SHARED_FAQ;DIFFERENTIATE_MAIN_CONTENT;REWRITE_FOR_CUSTOMER
/seniorenumzug-vilsbiburg,/seniorenumzug-waldkirchen,service,service,0.111,1.000,1.000,1.000,0,9,no,HIGH_OVERLAP,REVIEW_SHARED_FAQ;DIFFERENTIATE_MAIN_CONTENT;REWRITE_FOR_CUSTOMER
/seniorenumzug-vilsbiburg,/seniorenumzug-waldmuenchen,service,service,1.000,1.000,1.000,0.909,0,6,no,HIGH_OVERLAP,REVIEW_SHARED_FAQ;DIFFERENTIATE_MAIN_CONTENT;REWRITE_FOR_CUSTOMER
/seniorenumzug-vilseck,/seniorenumzug-vilshofen,service,service,0.500,1.000,1.000,1.000,0,9,no,HIGH_OVERLAP,REVIEW_SHARED_FAQ;DIFFERENTIATE_MAIN_CONTENT;REWRITE_FOR_CUSTOMER
/seniorenumzug-vilseck,/seniorenumzug-vohburg,service,service,1.000,1.000,1.000,1.000,0,9,no,HIGH_OVERLAP,REVIEW_SHARED_FAQ;DIFFERENTIATE_MAIN_CONTENT;REWRITE_FOR_CUSTOMER
/seniorenumzug-vilseck,/seniorenumzug-vohenstrauss,service,service,1.000,1.000,1.000,1.000,0,9,no,HIGH_OVERLAP,REVIEW_SHARED_FAQ;DIFFERENTIATE_MAIN_CONTENT;REWRITE_FOR_CUSTOMER
/seniorenumzug-vilseck,/seniorenumzug-wackersdorf,service,service,1.000,1.000,1.000,1.000,0,9,no,HIGH_OVERLAP,REVIEW_SHARED_FAQ;DIFFERENTIATE_MAIN_CONTENT;REWRITE_FOR_CUSTOMER
/seniorenumzug-vilseck,/seniorenumzug-waldkirchen,service,service,0.111,1.000,1.000,1.000,0,9,no,HIGH_OVERLAP,REVIEW_SHARED_FAQ;DIFFERENTIATE_MAIN_CONTENT;REWRITE_FOR_CUSTOMER
/seniorenumzug-vilseck,/seniorenumzug-waldmuenchen,service,service,1.000,1.000,1.000,0.909,0,6,no,HIGH_OVERLAP,REVIEW_SHARED_FAQ;DIFFERENTIATE_MAIN_CONTENT;REWRITE_FOR_CUSTOMER
/seniorenumzug-vilshofen,/seniorenumzug-vohburg,service,service,0.500,1.000,1.000,1.000,0,9,no,HIGH_OVERLAP,REVIEW_SHARED_FAQ;DIFFERENTIATE_MAIN_CONTENT;REWRITE_FOR_CUSTOMER
/seniorenumzug-vilshofen,/seniorenumzug-vohenstrauss,service,service,0.500,1.000,1.000,1.000,0,9,no,HIGH_OVERLAP,REVIEW_SHARED_FAQ;DIFFERENTIATE_MAIN_CONTENT;REWRITE_FOR_CUSTOMER
/seniorenumzug-vilshofen,/seniorenumzug-wackersdorf,service,service,0.500,1.000,1.000,1.000,0,9,no,HIGH_OVERLAP,REVIEW_SHARED_FAQ;DIFFERENTIATE_MAIN_CONTENT;REWRITE_FOR_CUSTOMER
/seniorenumzug-vilshofen,/seniorenumzug-waldkirchen,service,service,0.125,1.000,1.000,1.000,0,9,no,HIGH_OVERLAP,REVIEW_SHARED_FAQ;DIFFERENTIATE_MAIN_CONTENT;REWRITE_FOR_CUSTOMER
/seniorenumzug-vilshofen,/seniorenumzug-waldmuenchen,service,service,0.500,1.000,1.000,0.909,0,6,no,HIGH_OVERLAP,REVIEW_SHARED_FAQ;DIFFERENTIATE_MAIN_CONTENT;REWRITE_FOR_CUSTOMER
/seniorenumzug-vohburg,/seniorenumzug-vohenstrauss,service,service,1.000,1.000,1.000,1.000,0,9,no,HIGH_OVERLAP,REVIEW_SHARED_FAQ;DIFFERENTIATE_MAIN_CONTENT;REWRITE_FOR_CUSTOMER
/seniorenumzug-vohburg,/seniorenumzug-wackersdorf,service,service,1.000,1.000,1.000,1.000,0,9,no,HIGH_OVERLAP,REVIEW_SHARED_FAQ;DIFFERENTIATE_MAIN_CONTENT;REWRITE_FOR_CUSTOMER
/seniorenumzug-vohburg,/seniorenumzug-waldkirchen,service,service,0.111,1.000,1.000,1.000,0,9,no,HIGH_OVERLAP,REVIEW_SHARED_FAQ;DIFFERENTIATE_MAIN_CONTENT;REWRITE_FOR_CUSTOMER
/seniorenumzug-vohburg,/seniorenumzug-waldmuenchen,service,service,1.000,1.000,1.000,0.909,0,6,no,HIGH_OVERLAP,REVIEW_SHARED_FAQ;DIFFERENTIATE_MAIN_CONTENT;REWRITE_FOR_CUSTOMER
/seniorenumzug-vohenstrauss,/seniorenumzug-wackersdorf,service,service,1.000,1.000,1.000,1.000,0,9,no,HIGH_OVERLAP,REVIEW_SHARED_FAQ;DIFFERENTIATE_MAIN_CONTENT;REWRITE_FOR_CUSTOMER
/seniorenumzug-vohenstrauss,/seniorenumzug-waldkirchen,service,service,0.111,1.000,1.000,1.000,0,9,no,HIGH_OVERLAP,REVIEW_SHARED_FAQ;DIFFERENTIATE_MAIN_CONTENT;REWRITE_FOR_CUSTOMER
/seniorenumzug-vohenstrauss,/seniorenumzug-waldmuenchen,service,service,1.000,1.000,1.000,0.909,0,6,no,HIGH_OVERLAP,REVIEW_SHARED_FAQ;DIFFERENTIATE_MAIN_CONTENT;REWRITE_FOR_CUSTOMER
/seniorenumzug-wackersdorf,/seniorenumzug-waldkirchen,service,service,0.111,1.000,1.000,1.000,0,9,no,HIGH_OVERLAP,REVIEW_SHARED_FAQ;DIFFERENTIATE_MAIN_CONTENT;REWRITE_FOR_CUSTOMER
/seniorenumzug-wackersdorf,/seniorenumzug-waldmuenchen,service,service,1.000,1.000,1.000,0.909,0,6,no,HIGH_OVERLAP,REVIEW_SHARED_FAQ;DIFFERENTIATE_MAIN_CONTENT;REWRITE_FOR_CUSTOMER
/seniorenumzug-waldkirchen,/seniorenumzug-waldmuenchen,service,service,0.111,1.000,1.000,0.909,0,6,no,HIGH_OVERLAP,REVIEW_SHARED_FAQ;DIFFERENTIATE_MAIN_CONTENT;REWRITE_FOR_CUSTOMER
/seniorenumzug-weiden,/seniorenumzug-weilheim-in-oberbayern,service,service,0.125,1.000,1.000,0.913,0,6,no,HIGH_OVERLAP,REVIEW_SHARED_FAQ;DIFFERENTIATE_MAIN_CONTENT;REWRITE_FOR_CUSTOMER
/seniorenumzug-weiden,/seniorenumzug-wendelstein,service,service,0.125,1.000,1.000,0.913,0,6,no,HIGH_OVERLAP,REVIEW_SHARED_FAQ;DIFFERENTIATE_MAIN_CONTENT;REWRITE_FOR_CUSTOMER
/seniorenumzug-weiden,/seniorenumzug-wenzenbach,service,service,0.286,1.000,1.000,0.913,0,6,no,HIGH_OVERLAP,REVIEW_SHARED_FAQ;DIFFERENTIATE_MAIN_CONTENT;REWRITE_FOR_CUSTOMER
/seniorenumzug-weiden,/seniorenumzug-wernberg-koeblitz,service,service,0.111,1.000,1.000,0.913,0,6,no,HIGH_OVERLAP,REVIEW_SHARED_FAQ;DIFFERENTIATE_MAIN_CONTENT;REWRITE_FOR_CUSTOMER
/seniorenumzug-weiden,/seniorenumzug-wiesent,service,service,0.111,1.000,1.000,0.913,0,6,no,HIGH_OVERLAP,REVIEW_SHARED_FAQ;DIFFERENTIATE_MAIN_CONTENT;REWRITE_FOR_CUSTOMER
/seniorenumzug-weiden,/seniorenumzug-windischeschenbach,service,service,0.286,1.000,1.000,0.913,0,6,no,HIGH_OVERLAP,REVIEW_SHARED_FAQ;DIFFERENTIATE_MAIN_CONTENT;REWRITE_FOR_CUSTOMER
/seniorenumzug-weiden,/seniorenumzug-woerth-an-der-donau,service,service,0.111,1.000,1.000,0.913,0,6,no,HIGH_OVERLAP,REVIEW_SHARED_FAQ;DIFFERENTIATE_MAIN_CONTENT;REWRITE_FOR_CUSTOMER
/seniorenumzug-weilheim-in-oberbayern,/seniorenumzug-wendelstein,service,service,1.000,1.000,1.000,1.000,0,9,no,HIGH_OVERLAP,REVIEW_SHARED_FAQ;DIFFERENTIATE_MAIN_CONTENT;REWRITE_FOR_CUSTOMER
/seniorenumzug-weilheim-in-oberbayern,/seniorenumzug-wenzenbach,service,service,0.143,1.000,1.000,1.000,0,9,no,HIGH_OVERLAP,REVIEW_SHARED_FAQ;DIFFERENTIATE_MAIN_CONTENT;REWRITE_FOR_CUSTOMER
/seniorenumzug-weilheim-in-oberbayern,/seniorenumzug-wernberg-koeblitz,service,service,0.500,1.000,1.000,1.000,0,9,no,HIGH_OVERLAP,REVIEW_SHARED_FAQ;DIFFERENTIATE_MAIN_CONTENT;REWRITE_FOR_CUSTOMER
/seniorenumzug-weilheim-in-oberbayern,/seniorenumzug-wiesent,service,service,0.500,1.000,1.000,1.000,0,9,no,HIGH_OVERLAP,REVIEW_SHARED_FAQ;DIFFERENTIATE_MAIN_CONTENT;REWRITE_FOR_CUSTOMER
/seniorenumzug-weilheim-in-oberbayern,/seniorenumzug-windischeschenbach,service,service,0.143,1.000,1.000,1.000,0,9,no,HIGH_OVERLAP,REVIEW_SHARED_FAQ;DIFFERENTIATE_MAIN_CONTENT;REWRITE_FOR_CUSTOMER
/seniorenumzug-weilheim-in-oberbayern,/seniorenumzug-woerth-an-der-donau,service,service,0.500,1.000,1.000,1.000,0,9,no,HIGH_OVERLAP,REVIEW_SHARED_FAQ;DIFFERENTIATE_MAIN_CONTENT;REWRITE_FOR_CUSTOMER
/seniorenumzug-wendelstein,/seniorenumzug-wenzenbach,service,service,0.143,1.000,1.000,1.000,0,9,no,HIGH_OVERLAP,REVIEW_SHARED_FAQ;DIFFERENTIATE_MAIN_CONTENT;REWRITE_FOR_CUSTOMER
/seniorenumzug-wendelstein,/seniorenumzug-wernberg-koeblitz,service,service,0.500,1.000,1.000,1.000,0,9,no,HIGH_OVERLAP,REVIEW_SHARED_FAQ;DIFFERENTIATE_MAIN_CONTENT;REWRITE_FOR_CUSTOMER
/seniorenumzug-wendelstein,/seniorenumzug-wiesent,service,service,0.500,1.000,1.000,1.000,0,9,no,HIGH_OVERLAP,REVIEW_SHARED_FAQ;DIFFERENTIATE_MAIN_CONTENT;REWRITE_FOR_CUSTOMER
/seniorenumzug-wendelstein,/seniorenumzug-windischeschenbach,service,service,0.143,1.000,1.000,1.000,0,9,no,HIGH_OVERLAP,REVIEW_SHARED_FAQ;DIFFERENTIATE_MAIN_CONTENT;REWRITE_FOR_CUSTOMER
/seniorenumzug-wendelstein,/seniorenumzug-woerth-an-der-donau,service,service,0.500,1.000,1.000,1.000,0,9,no,HIGH_OVERLAP,REVIEW_SHARED_FAQ;DIFFERENTIATE_MAIN_CONTENT;REWRITE_FOR_CUSTOMER
/seniorenumzug-wenzenbach,/seniorenumzug-wernberg-koeblitz,service,service,0.125,1.000,1.000,1.000,0,9,no,HIGH_OVERLAP,REVIEW_SHARED_FAQ;DIFFERENTIATE_MAIN_CONTENT;REWRITE_FOR_CUSTOMER
/seniorenumzug-wenzenbach,/seniorenumzug-wiesent,service,service,0.125,1.000,1.000,1.000,0,9,no,HIGH_OVERLAP,REVIEW_SHARED_FAQ;DIFFERENTIATE_MAIN_CONTENT;REWRITE_FOR_CUSTOMER
/seniorenumzug-wenzenbach,/seniorenumzug-windischeschenbach,service,service,1.000,1.000,1.000,1.000,0,9,no,HIGH_OVERLAP,REVIEW_SHARED_FAQ;DIFFERENTIATE_MAIN_CONTENT;REWRITE_FOR_CUSTOMER
/seniorenumzug-wenzenbach,/seniorenumzug-woerth-an-der-donau,service,service,0.125,1.000,1.000,1.000,0,9,no,HIGH_OVERLAP,REVIEW_SHARED_FAQ;DIFFERENTIATE_MAIN_CONTENT;REWRITE_FOR_CUSTOMER
/seniorenumzug-wernberg-koeblitz,/seniorenumzug-wiesent,service,service,1.000,1.000,1.000,1.000,0,9,no,HIGH_OVERLAP,REVIEW_SHARED_FAQ;DIFFERENTIATE_MAIN_CONTENT;REWRITE_FOR_CUSTOMER
/seniorenumzug-wernberg-koeblitz,/seniorenumzug-windischeschenbach,service,service,0.125,1.000,1.000,1.000,0,9,no,HIGH_OVERLAP,REVIEW_SHARED_FAQ;DIFFERENTIATE_MAIN_CONTENT;REWRITE_FOR_CUSTOMER
/seniorenumzug-wernberg-koeblitz,/seniorenumzug-woerth-an-der-donau,service,service,1.000,1.000,1.000,1.000,0,9,no,HIGH_OVERLAP,REVIEW_SHARED_FAQ;DIFFERENTIATE_MAIN_CONTENT;REWRITE_FOR_CUSTOMER
/seniorenumzug-wiesent,/seniorenumzug-windischeschenbach,service,service,0.125,1.000,1.000,1.000,0,9,no,HIGH_OVERLAP,REVIEW_SHARED_FAQ;DIFFERENTIATE_MAIN_CONTENT;REWRITE_FOR_CUSTOMER
/seniorenumzug-wiesent,/seniorenumzug-woerth-an-der-donau,service,service,1.000,1.000,1.000,1.000,0,9,no,HIGH_OVERLAP,REVIEW_SHARED_FAQ;DIFFERENTIATE_MAIN_CONTENT;REWRITE_FOR_CUSTOMER
/seniorenumzug-windischeschenbach,/seniorenumzug-woerth-an-der-donau,service,service,0.125,1.000,1.000,1.000,0,9,no,HIGH_OVERLAP,REVIEW_SHARED_FAQ;DIFFERENTIATE_MAIN_CONTENT;REWRITE_FOR_CUSTOMER
/seniorenumzug-wolfsegg,/seniorenumzug-wolnzach,service,service,0.125,1.000,1.000,1.000,0,9,no,HIGH_OVERLAP,REVIEW_SHARED_FAQ;DIFFERENTIATE_MAIN_CONTENT;REWRITE_FOR_CUSTOMER
/seniorenumzug-wolfsegg,/seniorenumzug-zeitlarn,service,service,0.143,1.000,1.000,1.000,0,9,no,HIGH_OVERLAP,REVIEW_SHARED_FAQ;DIFFERENTIATE_MAIN_CONTENT;REWRITE_FOR_CUSTOMER
/seniorenumzug-wolfsegg,/seniorenumzug-zirndorf,service,service,0.125,1.000,1.000,1.000,0,9,no,HIGH_OVERLAP,REVIEW_SHARED_FAQ;DIFFERENTIATE_MAIN_CONTENT;REWRITE_FOR_CUSTOMER
/seniorenumzug-wolfsegg,/seniorenumzug-zwiesel,service,service,0.143,1.000,1.000,1.000,0,9,no,HIGH_OVERLAP,REVIEW_SHARED_FAQ;DIFFERENTIATE_MAIN_CONTENT;REWRITE_FOR_CUSTOMER
/seniorenumzug-wolnzach,/seniorenumzug-zeitlarn,service,service,0.286,1.000,1.000,1.000,0,9,no,HIGH_OVERLAP,REVIEW_SHARED_FAQ;DIFFERENTIATE_MAIN_CONTENT;REWRITE_FOR_CUSTOMER
/seniorenumzug-wolnzach,/seniorenumzug-zirndorf,service,service,1.000,1.000,1.000,1.000,0,9,no,HIGH_OVERLAP,REVIEW_SHARED_FAQ;DIFFERENTIATE_MAIN_CONTENT;REWRITE_FOR_CUSTOMER
/seniorenumzug-wolnzach,/seniorenumzug-zwiesel,service,service,0.286,1.000,1.000,1.000,0,9,no,HIGH_OVERLAP,REVIEW_SHARED_FAQ;DIFFERENTIATE_MAIN_CONTENT;REWRITE_FOR_CUSTOMER
/seniorenumzug-zeitlarn,/seniorenumzug-zirndorf,service,service,0.286,1.000,1.000,1.000,0,9,no,HIGH_OVERLAP,REVIEW_SHARED_FAQ;DIFFERENTIATE_MAIN_CONTENT;REWRITE_FOR_CUSTOMER
/seniorenumzug-zeitlarn,/seniorenumzug-zwiesel,service,service,1.000,1.000,1.000,1.000,0,9,no,HIGH_OVERLAP,REVIEW_SHARED_FAQ;DIFFERENTIATE_MAIN_CONTENT;REWRITE_FOR_CUSTOMER
/seniorenumzug-zirndorf,/seniorenumzug-zwiesel,service,service,0.286,1.000,1.000,1.000,0,9,no,HIGH_OVERLAP,REVIEW_SHARED_FAQ;DIFFERENTIATE_MAIN_CONTENT;REWRITE_FOR_CUSTOMER
/umzug-abensberg,/umzug-ingolstadt,service,service,0.250,0.500,1.000,0.834,0,6,no,HIGH_OVERLAP,REVIEW_SHARED_FAQ;DIFFERENTIATE_MAIN_CONTENT;REWRITE_FOR_CUSTOMER
/umzug-abensberg,/umzug-landkreis-regensburg,service,service,0.100,0.667,0.750,0.711,0,4,no,HIGH_OVERLAP,REVIEW_SHARED_FAQ;DIFFERENTIATE_MAIN_CONTENT;REWRITE_FOR_CUSTOMER
/umzug-abensberg,/umzug-muenchen-bogenhausen,service,service,0.833,0.500,0.750,0.782,0,5,no,HIGH_OVERLAP,REVIEW_SHARED_FAQ;DIFFERENTIATE_MAIN_CONTENT;REWRITE_FOR_CUSTOMER
/umzug-abensberg,/umzug-muenchen-haidhausen,service,service,0.100,0.500,0.750,0.782,0,5,no,HIGH_OVERLAP,REVIEW_SHARED_FAQ;DIFFERENTIATE_MAIN_CONTENT;REWRITE_FOR_CUSTOMER
/umzug-abensberg,/umzug-muenchen-maxvorstadt,service,service,0.833,0.500,0.750,0.782,0,5,no,HIGH_OVERLAP,REVIEW_SHARED_FAQ;DIFFERENTIATE_MAIN_CONTENT;REWRITE_FOR_CUSTOMER
/umzug-abensberg,/umzug-muenchen-schwabing,service,service,0.222,0.500,0.750,0.782,0,5,no,HIGH_OVERLAP,REVIEW_SHARED_FAQ;DIFFERENTIATE_MAIN_CONTENT;REWRITE_FOR_CUSTOMER
/umzug-abensberg,/umzug-muenchen-sendling,service,service,0.222,0.500,0.750,0.782,0,5,no,HIGH_OVERLAP,REVIEW_SHARED_FAQ;DIFFERENTIATE_MAIN_CONTENT;REWRITE_FOR_CUSTOMER
/umzug-abensberg,/umzug-nuernberg-gostenhof,service,service,0.100,0.500,0.750,0.782,0,5,no,HIGH_OVERLAP,REVIEW_SHARED_FAQ;DIFFERENTIATE_MAIN_CONTENT;REWRITE_FOR_CUSTOMER
/umzug-abensberg,/umzug-nuernberg-moegeldorf,service,service,0.833,0.667,0.750,0.782,0,5,no,HIGH_OVERLAP,REVIEW_SHARED_FAQ;DIFFERENTIATE_MAIN_CONTENT;REWRITE_FOR_CUSTOMER
/umzug-abensberg,/umzug-nuernberg-suedstadt,service,service,0.222,0.667,0.750,0.782,0,5,no,HIGH_OVERLAP,REVIEW_SHARED_FAQ;DIFFERENTIATE_MAIN_CONTENT;REWRITE_FOR_CUSTOMER
/umzug-abensberg,/umzug-nuernberg-ziegelstein,service,service,0.100,0.667,0.750,0.782,0,5,no,HIGH_OVERLAP,REVIEW_SHARED_FAQ;DIFFERENTIATE_MAIN_CONTENT;REWRITE_FOR_CUSTOMER
/umzug-altdorf-bei-nuernberg,/umzug-alteglofsheim,service,service,0.111,1.000,1.000,1.000,0,9,no,HIGH_OVERLAP,REVIEW_SHARED_FAQ;DIFFERENTIATE_MAIN_CONTENT;REWRITE_FOR_CUSTOMER
/umzug-altdorf-bei-nuernberg,/umzug-altenthann,service,service,0.111,1.000,1.000,1.000,0,9,no,HIGH_OVERLAP,REVIEW_SHARED_FAQ;DIFFERENTIATE_MAIN_CONTENT;REWRITE_FOR_CUSTOMER
/umzug-altdorf-bei-nuernberg,/umzug-amberg,service,service,0.111,0.667,1.000,0.898,0,6,no,HIGH_OVERLAP,REVIEW_SHARED_FAQ;DIFFERENTIATE_MAIN_CONTENT;REWRITE_FOR_CUSTOMER
/umzug-altdorf-bei-nuernberg,/umzug-ansbach,service,service,1.000,1.000,1.000,1.000,0,9,no,HIGH_OVERLAP,REVIEW_SHARED_FAQ;DIFFERENTIATE_MAIN_CONTENT;REWRITE_FOR_CUSTOMER
/umzug-altdorf-bei-nuernberg,/umzug-auerbach-in-der-oberpfalz,service,service,0.111,1.000,1.000,1.000,0,9,no,HIGH_OVERLAP,REVIEW_SHARED_FAQ;DIFFERENTIATE_MAIN_CONTENT;REWRITE_FOR_CUSTOMER
/umzug-altdorf-bei-nuernberg,/umzug-aufhausen,service,service,0.250,1.000,1.000,0.990,0,9,no,HIGH_OVERLAP,REVIEW_SHARED_FAQ;DIFFERENTIATE_MAIN_CONTENT;REWRITE_FOR_CUSTOMER
/umzug-altdorf-bei-nuernberg,/umzug-augsburg,service,service,0.111,0.667,1.000,0.906,0,6,no,HIGH_OVERLAP,REVIEW_SHARED_FAQ;DIFFERENTIATE_MAIN_CONTENT;REWRITE_FOR_CUSTOMER
/umzug-alteglofsheim,/umzug-altenthann,service,service,0.250,1.000,1.000,1.000,0,9,no,HIGH_OVERLAP,REVIEW_SHARED_FAQ;DIFFERENTIATE_MAIN_CONTENT;REWRITE_FOR_CUSTOMER
/umzug-alteglofsheim,/umzug-amberg,service,service,1.000,0.667,1.000,0.898,0,6,no,HIGH_OVERLAP,REVIEW_SHARED_FAQ;DIFFERENTIATE_MAIN_CONTENT;REWRITE_FOR_CUSTOMER
/umzug-alteglofsheim,/umzug-ansbach,service,service,0.111,1.000,1.000,1.000,0,9,no,HIGH_OVERLAP,REVIEW_SHARED_FAQ;DIFFERENTIATE_MAIN_CONTENT;REWRITE_FOR_CUSTOMER
/umzug-alteglofsheim,/umzug-auerbach-in-der-oberpfalz,service,service,0.250,1.000,1.000,1.000,0,9,no,HIGH_OVERLAP,REVIEW_SHARED_FAQ;DIFFERENTIATE_MAIN_CONTENT;REWRITE_FOR_CUSTOMER
/umzug-alteglofsheim,/umzug-aufhausen,service,service,0.429,1.000,1.000,0.990,0,9,no,HIGH_OVERLAP,REVIEW_SHARED_FAQ;DIFFERENTIATE_MAIN_CONTENT;REWRITE_FOR_CUSTOMER
/umzug-alteglofsheim,/umzug-augsburg,service,service,1.000,0.667,1.000,0.906,0,6,no,HIGH_OVERLAP,REVIEW_SHARED_FAQ;DIFFERENTIATE_MAIN_CONTENT;REWRITE_FOR_CUSTOMER
/umzug-altenthann,/umzug-amberg,service,service,0.250,0.667,1.000,0.898,0,6,no,HIGH_OVERLAP,REVIEW_SHARED_FAQ;DIFFERENTIATE_MAIN_CONTENT;REWRITE_FOR_CUSTOMER
/umzug-altenthann,/umzug-ansbach,service,service,0.111,1.000,1.000,1.000,0,9,no,HIGH_OVERLAP,REVIEW_SHARED_FAQ;DIFFERENTIATE_MAIN_CONTENT;REWRITE_FOR_CUSTOMER
/umzug-altenthann,/umzug-auerbach-in-der-oberpfalz,service,service,0.111,1.000,1.000,1.000,0,9,no,HIGH_OVERLAP,REVIEW_SHARED_FAQ;DIFFERENTIATE_MAIN_CONTENT;REWRITE_FOR_CUSTOMER
/umzug-altenthann,/umzug-aufhausen,service,service,0.250,1.000,1.000,0.990,0,9,no,HIGH_OVERLAP,REVIEW_SHARED_FAQ;DIFFERENTIATE_MAIN_CONTENT;REWRITE_FOR_CUSTOMER
/umzug-altenthann,/umzug-augsburg,service,service,0.250,0.667,1.000,0.906,0,6,no,HIGH_OVERLAP,REVIEW_SHARED_FAQ;DIFFERENTIATE_MAIN_CONTENT;REWRITE_FOR_CUSTOMER
/umzug-amberg,/umzug-ansbach,service,service,0.111,0.667,1.000,0.898,0,6,no,HIGH_OVERLAP,REVIEW_SHARED_FAQ;DIFFERENTIATE_MAIN_CONTENT;REWRITE_FOR_CUSTOMER
/umzug-amberg,/umzug-auerbach-in-der-oberpfalz,service,service,0.250,0.667,1.000,0.898,0,6,no,HIGH_OVERLAP,REVIEW_SHARED_FAQ;DIFFERENTIATE_MAIN_CONTENT;REWRITE_FOR_CUSTOMER
/umzug-amberg,/umzug-aufhausen,service,service,0.429,0.667,1.000,0.889,0,6,no,HIGH_OVERLAP,REVIEW_SHARED_FAQ;DIFFERENTIATE_MAIN_CONTENT;REWRITE_FOR_CUSTOMER
/umzug-amberg,/umzug-augsburg,service,service,1.000,0.500,1.000,0.917,0,6,no,HIGH_OVERLAP,REVIEW_SHARED_FAQ;DIFFERENTIATE_MAIN_CONTENT;REWRITE_FOR_CUSTOMER
/umzug-ansbach,/umzug-auerbach-in-der-oberpfalz,service,service,0.111,1.000,1.000,1.000,0,9,no,HIGH_OVERLAP,REVIEW_SHARED_FAQ;DIFFERENTIATE_MAIN_CONTENT;REWRITE_FOR_CUSTOMER
/umzug-ansbach,/umzug-aufhausen,service,service,0.250,1.000,1.000,0.990,0,9,no,HIGH_OVERLAP,REVIEW_SHARED_FAQ;DIFFERENTIATE_MAIN_CONTENT;REWRITE_FOR_CUSTOMER
/umzug-ansbach,/umzug-augsburg,service,service,0.111,0.667,1.000,0.906,0,6,no,HIGH_OVERLAP,REVIEW_SHARED_FAQ;DIFFERENTIATE_MAIN_CONTENT;REWRITE_FOR_CUSTOMER
/umzug-auerbach-in-der-oberpfalz,/umzug-aufhausen,service,service,0.250,1.000,1.000,0.990,0,9,no,HIGH_OVERLAP,REVIEW_SHARED_FAQ;DIFFERENTIATE_MAIN_CONTENT;REWRITE_FOR_CUSTOMER
/umzug-auerbach-in-der-oberpfalz,/umzug-augsburg,service,service,0.250,0.667,1.000,0.906,0,6,no,HIGH_OVERLAP,REVIEW_SHARED_FAQ;DIFFERENTIATE_MAIN_CONTENT;REWRITE_FOR_CUSTOMER
/umzug-aufhausen,/umzug-augsburg,service,service,0.429,0.667,1.000,0.897,0,6,no,HIGH_OVERLAP,REVIEW_SHARED_FAQ;DIFFERENTIATE_MAIN_CONTENT;REWRITE_FOR_CUSTOMER
/umzug-bad-abbach,/umzug-bad-koetzting,service,service,1.000,1.000,1.000,0.981,0,9,no,HIGH_OVERLAP,REVIEW_SHARED_FAQ;DIFFERENTIATE_MAIN_CONTENT;REWRITE_FOR_CUSTOMER
/umzug-bad-abbach,/umzug-bad-toelz,service,service,0.250,1.000,1.000,0.981,0,9,no,HIGH_OVERLAP,REVIEW_SHARED_FAQ;DIFFERENTIATE_MAIN_CONTENT;REWRITE_FOR_CUSTOMER
/umzug-bad-abbach,/umzug-bamberg,service,service,0.111,0.667,1.000,0.906,0,6,no,HIGH_OVERLAP,REVIEW_SHARED_FAQ;DIFFERENTIATE_MAIN_CONTENT;REWRITE_FOR_CUSTOMER
/umzug-bad-abbach,/umzug-barbing,service,service,0.111,1.000,1.000,1.000,0,9,no,HIGH_OVERLAP,REVIEW_SHARED_FAQ;DIFFERENTIATE_MAIN_CONTENT;REWRITE_FOR_CUSTOMER
/umzug-bad-abbach,/umzug-bayern,service,service,0.250,1.000,1.000,1.000,0,9,no,HIGH_OVERLAP,REVIEW_SHARED_FAQ;DIFFERENTIATE_MAIN_CONTENT;REWRITE_FOR_CUSTOMER
/umzug-bad-abbach,/umzug-bayreuth,service,service,0.250,0.667,1.000,0.906,0,6,no,HIGH_OVERLAP,REVIEW_SHARED_FAQ;DIFFERENTIATE_MAIN_CONTENT;REWRITE_FOR_CUSTOMER
/umzug-bad-abbach,/umzug-beilngries,service,service,0.250,1.000,1.000,0.981,0,9,no,HIGH_OVERLAP,REVIEW_SHARED_FAQ;DIFFERENTIATE_MAIN_CONTENT;REWRITE_FOR_CUSTOMER
/umzug-bad-koetzting,/umzug-bad-toelz,service,service,0.250,1.000,1.000,1.000,0,9,no,HIGH_OVERLAP,REVIEW_SHARED_FAQ;DIFFERENTIATE_MAIN_CONTENT;REWRITE_FOR_CUSTOMER
/umzug-bad-koetzting,/umzug-bamberg,service,service,0.111,0.667,1.000,0.924,0,6,no,HIGH_OVERLAP,REVIEW_SHARED_FAQ;DIFFERENTIATE_MAIN_CONTENT;REWRITE_FOR_CUSTOMER
/umzug-bad-koetzting,/umzug-barbing,service,service,0.111,1.000,1.000,0.981,0,9,no,HIGH_OVERLAP,REVIEW_SHARED_FAQ;DIFFERENTIATE_MAIN_CONTENT;REWRITE_FOR_CUSTOMER
/umzug-bad-koetzting,/umzug-bayern,service,service,0.250,1.000,1.000,0.981,0,9,no,HIGH_OVERLAP,REVIEW_SHARED_FAQ;DIFFERENTIATE_MAIN_CONTENT;REWRITE_FOR_CUSTOMER
/umzug-bad-koetzting,/umzug-bayreuth,service,service,0.250,0.667,1.000,0.924,0,6,no,HIGH_OVERLAP,REVIEW_SHARED_FAQ;DIFFERENTIATE_MAIN_CONTENT;REWRITE_FOR_CUSTOMER
/umzug-bad-koetzting,/umzug-beilngries,service,service,0.250,1.000,1.000,1.000,0,9,no,HIGH_OVERLAP,REVIEW_SHARED_FAQ;DIFFERENTIATE_MAIN_CONTENT;REWRITE_FOR_CUSTOMER
/umzug-bad-toelz,/umzug-bamberg,service,service,0.111,0.667,1.000,0.924,0,6,no,HIGH_OVERLAP,REVIEW_SHARED_FAQ;DIFFERENTIATE_MAIN_CONTENT;REWRITE_FOR_CUSTOMER
/umzug-bad-toelz,/umzug-barbing,service,service,0.250,1.000,1.000,0.981,0,9,no,HIGH_OVERLAP,REVIEW_SHARED_FAQ;DIFFERENTIATE_MAIN_CONTENT;REWRITE_FOR_CUSTOMER
/umzug-bad-toelz,/umzug-bayern,service,service,0.667,1.000,1.000,0.981,0,9,no,HIGH_OVERLAP,REVIEW_SHARED_FAQ;DIFFERENTIATE_MAIN_CONTENT;REWRITE_FOR_CUSTOMER
/umzug-bad-toelz,/umzug-bayreuth,service,service,1.000,0.667,1.000,0.924,0,6,no,HIGH_OVERLAP,REVIEW_SHARED_FAQ;DIFFERENTIATE_MAIN_CONTENT;REWRITE_FOR_CUSTOMER
/umzug-bad-toelz,/umzug-beilngries,service,service,1.000,1.000,1.000,1.000,0,9,no,HIGH_OVERLAP,REVIEW_SHARED_FAQ;DIFFERENTIATE_MAIN_CONTENT;REWRITE_FOR_CUSTOMER
/umzug-bamberg,/umzug-barbing,service,service,0.111,0.667,1.000,0.906,0,6,no,HIGH_OVERLAP,REVIEW_SHARED_FAQ;DIFFERENTIATE_MAIN_CONTENT;REWRITE_FOR_CUSTOMER
/umzug-bamberg,/umzug-bayern,service,service,0.111,0.667,1.000,0.906,0,6,no,HIGH_OVERLAP,REVIEW_SHARED_FAQ;DIFFERENTIATE_MAIN_CONTENT;REWRITE_FOR_CUSTOMER
/umzug-bamberg,/umzug-bayreuth,service,service,0.111,0.500,1.000,0.996,0,9,no,HIGH_OVERLAP,REVIEW_SHARED_FAQ;DIFFERENTIATE_MAIN_CONTENT;REWRITE_FOR_CUSTOMER
/umzug-bamberg,/umzug-beilngries,service,service,0.111,0.667,1.000,0.924,0,6,no,HIGH_OVERLAP,REVIEW_SHARED_FAQ;DIFFERENTIATE_MAIN_CONTENT;REWRITE_FOR_CUSTOMER
/umzug-barbing,/umzug-bayern,service,service,0.250,1.000,1.000,1.000,0,9,no,HIGH_OVERLAP,REVIEW_SHARED_FAQ;DIFFERENTIATE_MAIN_CONTENT;REWRITE_FOR_CUSTOMER
/umzug-barbing,/umzug-bayreuth,service,service,0.250,0.667,1.000,0.906,0,6,no,HIGH_OVERLAP,REVIEW_SHARED_FAQ;DIFFERENTIATE_MAIN_CONTENT;REWRITE_FOR_CUSTOMER
/umzug-barbing,/umzug-beilngries,service,service,0.250,1.000,1.000,0.981,0,9,no,HIGH_OVERLAP,REVIEW_SHARED_FAQ;DIFFERENTIATE_MAIN_CONTENT;REWRITE_FOR_CUSTOMER
/umzug-bayern,/umzug-bayreuth,service,service,0.667,0.667,1.000,0.906,0,6,no,HIGH_OVERLAP,REVIEW_SHARED_FAQ;DIFFERENTIATE_MAIN_CONTENT;REWRITE_FOR_CUSTOMER
/umzug-bayern,/umzug-beilngries,service,service,0.667,1.000,1.000,0.981,0,9,no,HIGH_OVERLAP,REVIEW_SHARED_FAQ;DIFFERENTIATE_MAIN_CONTENT;REWRITE_FOR_CUSTOMER
/umzug-bayreuth,/umzug-beilngries,service,service,1.000,0.667,1.000,0.924,0,6,no,HIGH_OVERLAP,REVIEW_SHARED_FAQ;DIFFERENTIATE_MAIN_CONTENT;REWRITE_FOR_CUSTOMER
/umzug-beratzhausen,/umzug-berching,service,service,0.111,1.000,1.000,0.981,0,9,no,HIGH_OVERLAP,REVIEW_SHARED_FAQ;DIFFERENTIATE_MAIN_CONTENT;REWRITE_FOR_CUSTOMER
/umzug-beratzhausen,/umzug-bernhardswald,service,service,0.250,1.000,1.000,0.981,0,9,no,HIGH_OVERLAP,REVIEW_SHARED_FAQ;DIFFERENTIATE_MAIN_CONTENT;REWRITE_FOR_CUSTOMER
/umzug-beratzhausen,/umzug-bogen,service,service,0.250,1.000,1.000,0.981,0,9,no,HIGH_OVERLAP,REVIEW_SHARED_FAQ;DIFFERENTIATE_MAIN_CONTENT;REWRITE_FOR_CUSTOMER
/umzug-beratzhausen,/umzug-brennberg,service,service,0.250,1.000,1.000,0.981,0,9,no,HIGH_OVERLAP,REVIEW_SHARED_FAQ;DIFFERENTIATE_MAIN_CONTENT;REWRITE_FOR_CUSTOMER
/umzug-beratzhausen,/umzug-brunn,service,service,0.250,1.000,1.000,0.981,0,9,no,HIGH_OVERLAP,REVIEW_SHARED_FAQ;DIFFERENTIATE_MAIN_CONTENT;REWRITE_FOR_CUSTOMER
/umzug-beratzhausen,/umzug-burglengenfeld,service,service,0.111,1.000,1.000,1.000,0,9,no,HIGH_OVERLAP,REVIEW_SHARED_FAQ;DIFFERENTIATE_MAIN_CONTENT;REWRITE_FOR_CUSTOMER
/umzug-beratzhausen,/umzug-cham,service,service,0.250,0.667,1.000,0.898,0,6,no,HIGH_OVERLAP,REVIEW_SHARED_FAQ;DIFFERENTIATE_MAIN_CONTENT;REWRITE_FOR_CUSTOMER
/umzug-berching,/umzug-bernhardswald,service,service,0.111,1.000,1.000,1.000,0,9,no,HIGH_OVERLAP,REVIEW_SHARED_FAQ;DIFFERENTIATE_MAIN_CONTENT;REWRITE_FOR_CUSTOMER
/umzug-berching,/umzug-bogen,service,service,0.111,1.000,1.000,1.000,0,9,no,HIGH_OVERLAP,REVIEW_SHARED_FAQ;DIFFERENTIATE_MAIN_CONTENT;REWRITE_FOR_CUSTOMER
/umzug-berching,/umzug-brennberg,service,service,0.111,1.000,1.000,1.000,0,9,no,HIGH_OVERLAP,REVIEW_SHARED_FAQ;DIFFERENTIATE_MAIN_CONTENT;REWRITE_FOR_CUSTOMER
/umzug-berching,/umzug-brunn,service,service,0.111,1.000,1.000,1.000,0,9,no,HIGH_OVERLAP,REVIEW_SHARED_FAQ;DIFFERENTIATE_MAIN_CONTENT;REWRITE_FOR_CUSTOMER
/umzug-berching,/umzug-burglengenfeld,service,service,1.000,1.000,1.000,0.981,0,9,no,HIGH_OVERLAP,REVIEW_SHARED_FAQ;DIFFERENTIATE_MAIN_CONTENT;REWRITE_FOR_CUSTOMER
/umzug-berching,/umzug-cham,service,service,0.111,0.667,1.000,0.916,0,6,no,HIGH_OVERLAP,REVIEW_SHARED_FAQ;DIFFERENTIATE_MAIN_CONTENT;REWRITE_FOR_CUSTOMER
/umzug-bernhardswald,/umzug-bogen,service,service,1.000,1.000,1.000,1.000,0,9,no,HIGH_OVERLAP,REVIEW_SHARED_FAQ;DIFFERENTIATE_MAIN_CONTENT;REWRITE_FOR_CUSTOMER
/umzug-bernhardswald,/umzug-brennberg,service,service,0.111,1.000,1.000,1.000,0,9,no,HIGH_OVERLAP,REVIEW_SHARED_FAQ;DIFFERENTIATE_MAIN_CONTENT;REWRITE_FOR_CUSTOMER
/umzug-bernhardswald,/umzug-brunn,service,service,0.111,1.000,1.000,1.000,0,9,no,HIGH_OVERLAP,REVIEW_SHARED_FAQ;DIFFERENTIATE_MAIN_CONTENT;REWRITE_FOR_CUSTOMER
/umzug-bernhardswald,/umzug-burglengenfeld,service,service,0.111,1.000,1.000,0.981,0,9,no,HIGH_OVERLAP,REVIEW_SHARED_FAQ;DIFFERENTIATE_MAIN_CONTENT;REWRITE_FOR_CUSTOMER
/umzug-bernhardswald,/umzug-cham,service,service,0.111,0.667,1.000,0.916,0,6,no,HIGH_OVERLAP,REVIEW_SHARED_FAQ;DIFFERENTIATE_MAIN_CONTENT;REWRITE_FOR_CUSTOMER
/umzug-bogen,/umzug-brennberg,service,service,0.111,1.000,1.000,1.000,0,9,no,HIGH_OVERLAP,REVIEW_SHARED_FAQ;DIFFERENTIATE_MAIN_CONTENT;REWRITE_FOR_CUSTOMER
/umzug-bogen,/umzug-brunn,service,service,0.111,1.000,1.000,1.000,0,9,no,HIGH_OVERLAP,REVIEW_SHARED_FAQ;DIFFERENTIATE_MAIN_CONTENT;REWRITE_FOR_CUSTOMER
/umzug-bogen,/umzug-burglengenfeld,service,service,0.111,1.000,1.000,0.981,0,9,no,HIGH_OVERLAP,REVIEW_SHARED_FAQ;DIFFERENTIATE_MAIN_CONTENT;REWRITE_FOR_CUSTOMER
/umzug-bogen,/umzug-cham,service,service,0.111,0.667,1.000,0.916,0,6,no,HIGH_OVERLAP,REVIEW_SHARED_FAQ;DIFFERENTIATE_MAIN_CONTENT;REWRITE_FOR_CUSTOMER
/umzug-brennberg,/umzug-brunn,service,service,1.000,1.000,1.000,1.000,0,9,no,HIGH_OVERLAP,REVIEW_SHARED_FAQ;DIFFERENTIATE_MAIN_CONTENT;REWRITE_FOR_CUSTOMER
/umzug-brennberg,/umzug-burglengenfeld,service,service,0.111,1.000,1.000,0.981,0,9,no,HIGH_OVERLAP,REVIEW_SHARED_FAQ;DIFFERENTIATE_MAIN_CONTENT;REWRITE_FOR_CUSTOMER
/umzug-brennberg,/umzug-cham,service,service,1.000,0.667,1.000,0.916,0,6,no,HIGH_OVERLAP,REVIEW_SHARED_FAQ;DIFFERENTIATE_MAIN_CONTENT;REWRITE_FOR_CUSTOMER
/umzug-brunn,/umzug-burglengenfeld,service,service,0.111,1.000,1.000,0.981,0,9,no,HIGH_OVERLAP,REVIEW_SHARED_FAQ;DIFFERENTIATE_MAIN_CONTENT;REWRITE_FOR_CUSTOMER
/umzug-brunn,/umzug-cham,service,service,1.000,0.667,1.000,0.916,0,6,no,HIGH_OVERLAP,REVIEW_SHARED_FAQ;DIFFERENTIATE_MAIN_CONTENT;REWRITE_FOR_CUSTOMER
/umzug-burglengenfeld,/umzug-cham,service,service,0.111,0.667,1.000,0.898,0,6,no,HIGH_OVERLAP,REVIEW_SHARED_FAQ;DIFFERENTIATE_MAIN_CONTENT;REWRITE_FOR_CUSTOMER
/umzug-coburg,/umzug-dachau,service,service,0.111,1.000,1.000,1.000,0,9,no,HIGH_OVERLAP,REVIEW_SHARED_FAQ;DIFFERENTIATE_MAIN_CONTENT;REWRITE_FOR_CUSTOMER
/umzug-coburg,/umzug-deggendorf,service,service,0.250,1.000,1.000,1.000,0,9,no,HIGH_OVERLAP,REVIEW_SHARED_FAQ;DIFFERENTIATE_MAIN_CONTENT;REWRITE_FOR_CUSTOMER
/umzug-coburg,/umzug-deuerling,service,service,0.250,1.000,1.000,0.981,0,9,no,HIGH_OVERLAP,REVIEW_SHARED_FAQ;DIFFERENTIATE_MAIN_CONTENT;REWRITE_FOR_CUSTOMER
/umzug-coburg,/umzug-dietfurt,service,service,0.250,1.000,1.000,1.000,0,9,no,HIGH_OVERLAP,REVIEW_SHARED_FAQ;DIFFERENTIATE_MAIN_CONTENT;REWRITE_FOR_CUSTOMER
/umzug-coburg,/umzug-dingolfing,service,service,0.250,1.000,1.000,1.000,0,9,no,HIGH_OVERLAP,REVIEW_SHARED_FAQ;DIFFERENTIATE_MAIN_CONTENT;REWRITE_FOR_CUSTOMER
/umzug-coburg,/umzug-donaustauf,service,service,0.111,1.000,1.000,0.981,0,9,no,HIGH_OVERLAP,REVIEW_SHARED_FAQ;DIFFERENTIATE_MAIN_CONTENT;REWRITE_FOR_CUSTOMER
/umzug-coburg,/umzug-duggendorf,service,service,0.250,1.000,1.000,1.000,0,9,no,HIGH_OVERLAP,REVIEW_SHARED_FAQ;DIFFERENTIATE_MAIN_CONTENT;REWRITE_FOR_CUSTOMER
/umzug-dachau,/umzug-deggendorf,service,service,0.111,1.000,1.000,1.000,0,9,no,HIGH_OVERLAP,REVIEW_SHARED_FAQ;DIFFERENTIATE_MAIN_CONTENT;REWRITE_FOR_CUSTOMER
/umzug-dachau,/umzug-deuerling,service,service,0.111,1.000,1.000,0.981,0,9,no,HIGH_OVERLAP,REVIEW_SHARED_FAQ;DIFFERENTIATE_MAIN_CONTENT;REWRITE_FOR_CUSTOMER
/umzug-dachau,/umzug-dietfurt,service,service,0.111,1.000,1.000,1.000,0,9,no,HIGH_OVERLAP,REVIEW_SHARED_FAQ;DIFFERENTIATE_MAIN_CONTENT;REWRITE_FOR_CUSTOMER
/umzug-dachau,/umzug-dingolfing,service,service,0.111,1.000,1.000,1.000,0,9,no,HIGH_OVERLAP,REVIEW_SHARED_FAQ;DIFFERENTIATE_MAIN_CONTENT;REWRITE_FOR_CUSTOMER
/umzug-dachau,/umzug-donaustauf,service,service,1.000,1.000,1.000,0.981,0,9,no,HIGH_OVERLAP,REVIEW_SHARED_FAQ;DIFFERENTIATE_MAIN_CONTENT;REWRITE_FOR_CUSTOMER
/umzug-dachau,/umzug-duggendorf,service,service,0.111,1.000,1.000,1.000,0,9,no,HIGH_OVERLAP,REVIEW_SHARED_FAQ;DIFFERENTIATE_MAIN_CONTENT;REWRITE_FOR_CUSTOMER
/umzug-deggendorf,/umzug-deuerling,service,service,0.111,1.000,1.000,0.981,0,9,no,HIGH_OVERLAP,REVIEW_SHARED_FAQ;DIFFERENTIATE_MAIN_CONTENT;REWRITE_FOR_CUSTOMER
/umzug-deggendorf,/umzug-dietfurt,service,service,1.000,1.000,1.000,1.000,0,9,no,HIGH_OVERLAP,REVIEW_SHARED_FAQ;DIFFERENTIATE_MAIN_CONTENT;REWRITE_FOR_CUSTOMER
/umzug-deggendorf,/umzug-dingolfing,service,service,0.111,1.000,1.000,1.000,0,9,no,HIGH_OVERLAP,REVIEW_SHARED_FAQ;DIFFERENTIATE_MAIN_CONTENT;REWRITE_FOR_CUSTOMER
/umzug-deggendorf,/umzug-donaustauf,service,service,0.111,1.000,1.000,0.981,0,9,no,HIGH_OVERLAP,REVIEW_SHARED_FAQ;DIFFERENTIATE_MAIN_CONTENT;REWRITE_FOR_CUSTOMER
/umzug-deggendorf,/umzug-duggendorf,service,service,1.000,1.000,1.000,1.000,0,9,no,HIGH_OVERLAP,REVIEW_SHARED_FAQ;DIFFERENTIATE_MAIN_CONTENT;REWRITE_FOR_CUSTOMER
/umzug-deuerling,/umzug-dietfurt,service,service,0.111,1.000,1.000,0.981,0,9,no,HIGH_OVERLAP,REVIEW_SHARED_FAQ;DIFFERENTIATE_MAIN_CONTENT;REWRITE_FOR_CUSTOMER
/umzug-deuerling,/umzug-dingolfing,service,service,1.000,1.000,1.000,0.981,0,9,no,HIGH_OVERLAP,REVIEW_SHARED_FAQ;DIFFERENTIATE_MAIN_CONTENT;REWRITE_FOR_CUSTOMER
/umzug-deuerling,/umzug-donaustauf,service,service,0.111,1.000,1.000,1.000,0,9,no,HIGH_OVERLAP,REVIEW_SHARED_FAQ;DIFFERENTIATE_MAIN_CONTENT;REWRITE_FOR_CUSTOMER
/umzug-deuerling,/umzug-duggendorf,service,service,0.111,1.000,1.000,0.981,0,9,no,HIGH_OVERLAP,REVIEW_SHARED_FAQ;DIFFERENTIATE_MAIN_CONTENT;REWRITE_FOR_CUSTOMER
/umzug-dietfurt,/umzug-dingolfing,service,service,0.111,1.000,1.000,1.000,0,9,no,HIGH_OVERLAP,REVIEW_SHARED_FAQ;DIFFERENTIATE_MAIN_CONTENT;REWRITE_FOR_CUSTOMER
/umzug-dietfurt,/umzug-donaustauf,service,service,0.111,1.000,1.000,0.981,0,9,no,HIGH_OVERLAP,REVIEW_SHARED_FAQ;DIFFERENTIATE_MAIN_CONTENT;REWRITE_FOR_CUSTOMER
/umzug-dietfurt,/umzug-duggendorf,service,service,1.000,1.000,1.000,1.000,0,9,no,HIGH_OVERLAP,REVIEW_SHARED_FAQ;DIFFERENTIATE_MAIN_CONTENT;REWRITE_FOR_CUSTOMER
/umzug-dingolfing,/umzug-donaustauf,service,service,0.111,1.000,1.000,0.981,0,9,no,HIGH_OVERLAP,REVIEW_SHARED_FAQ;DIFFERENTIATE_MAIN_CONTENT;REWRITE_FOR_CUSTOMER
/umzug-dingolfing,/umzug-duggendorf,service,service,0.111,1.000,1.000,1.000,0,9,no,HIGH_OVERLAP,REVIEW_SHARED_FAQ;DIFFERENTIATE_MAIN_CONTENT;REWRITE_FOR_CUSTOMER
/umzug-donaustauf,/umzug-duggendorf,service,service,0.111,1.000,1.000,0.981,0,9,no,HIGH_OVERLAP,REVIEW_SHARED_FAQ;DIFFERENTIATE_MAIN_CONTENT;REWRITE_FOR_CUSTOMER
/umzug-eggenfelden,/umzug-eichstaett,service,service,1.000,1.000,1.000,1.000,0,9,no,HIGH_OVERLAP,REVIEW_SHARED_FAQ;DIFFERENTIATE_MAIN_CONTENT;REWRITE_FOR_CUSTOMER
/umzug-eggenfelden,/umzug-erding,service,service,0.111,1.000,1.000,1.000,0,9,no,HIGH_OVERLAP,REVIEW_SHARED_FAQ;DIFFERENTIATE_MAIN_CONTENT;REWRITE_FOR_CUSTOMER
/umzug-eggenfelden,/umzug-ergoldsbach,service,service,1.000,1.000,1.000,1.000,0,9,no,HIGH_OVERLAP,REVIEW_SHARED_FAQ;DIFFERENTIATE_MAIN_CONTENT;REWRITE_FOR_CUSTOMER
/umzug-eggenfelden,/umzug-erlangen,service,service,0.111,0.667,1.000,0.924,0,6,no,HIGH_OVERLAP,REVIEW_SHARED_FAQ;DIFFERENTIATE_MAIN_CONTENT;REWRITE_FOR_CUSTOMER
/umzug-eggenfelden,/umzug-eschenbach-in-der-oberpfalz,service,service,1.000,1.000,1.000,1.000,0,9,no,HIGH_OVERLAP,REVIEW_SHARED_FAQ;DIFFERENTIATE_MAIN_CONTENT;REWRITE_FOR_CUSTOMER
/umzug-eggenfelden,/umzug-feucht,service,service,0.111,1.000,1.000,1.000,0,9,no,HIGH_OVERLAP,REVIEW_SHARED_FAQ;DIFFERENTIATE_MAIN_CONTENT;REWRITE_FOR_CUSTOMER
/umzug-eggenfelden,/umzug-freising,service,service,0.111,1.000,1.000,1.000,0,9,no,HIGH_OVERLAP,REVIEW_SHARED_FAQ;DIFFERENTIATE_MAIN_CONTENT;REWRITE_FOR_CUSTOMER
/umzug-eichstaett,/umzug-erding,service,service,0.111,1.000,1.000,1.000,0,9,no,HIGH_OVERLAP,REVIEW_SHARED_FAQ;DIFFERENTIATE_MAIN_CONTENT;REWRITE_FOR_CUSTOMER
/umzug-eichstaett,/umzug-ergoldsbach,service,service,1.000,1.000,1.000,1.000,0,9,no,HIGH_OVERLAP,REVIEW_SHARED_FAQ;DIFFERENTIATE_MAIN_CONTENT;REWRITE_FOR_CUSTOMER
/umzug-eichstaett,/umzug-erlangen,service,service,0.111,0.667,1.000,0.924,0,6,no,HIGH_OVERLAP,REVIEW_SHARED_FAQ;DIFFERENTIATE_MAIN_CONTENT;REWRITE_FOR_CUSTOMER
/umzug-eichstaett,/umzug-eschenbach-in-der-oberpfalz,service,service,1.000,1.000,1.000,1.000,0,9,no,HIGH_OVERLAP,REVIEW_SHARED_FAQ;DIFFERENTIATE_MAIN_CONTENT;REWRITE_FOR_CUSTOMER
/umzug-eichstaett,/umzug-feucht,service,service,0.111,1.000,1.000,1.000,0,9,no,HIGH_OVERLAP,REVIEW_SHARED_FAQ;DIFFERENTIATE_MAIN_CONTENT;REWRITE_FOR_CUSTOMER
/umzug-eichstaett,/umzug-freising,service,service,0.111,1.000,1.000,1.000,0,9,no,HIGH_OVERLAP,REVIEW_SHARED_FAQ;DIFFERENTIATE_MAIN_CONTENT;REWRITE_FOR_CUSTOMER
/umzug-erding,/umzug-ergoldsbach,service,service,0.111,1.000,1.000,1.000,0,9,no,HIGH_OVERLAP,REVIEW_SHARED_FAQ;DIFFERENTIATE_MAIN_CONTENT;REWRITE_FOR_CUSTOMER
/umzug-erding,/umzug-erlangen,service,service,0.250,0.667,1.000,0.924,0,6,no,HIGH_OVERLAP,REVIEW_SHARED_FAQ;DIFFERENTIATE_MAIN_CONTENT;REWRITE_FOR_CUSTOMER
/umzug-erding,/umzug-eschenbach-in-der-oberpfalz,service,service,0.111,1.000,1.000,1.000,0,9,no,HIGH_OVERLAP,REVIEW_SHARED_FAQ;DIFFERENTIATE_MAIN_CONTENT;REWRITE_FOR_CUSTOMER
/umzug-erding,/umzug-feucht,service,service,0.111,1.000,1.000,1.000,0,9,no,HIGH_OVERLAP,REVIEW_SHARED_FAQ;DIFFERENTIATE_MAIN_CONTENT;REWRITE_FOR_CUSTOMER
/umzug-erding,/umzug-freising,service,service,1.000,1.000,1.000,1.000,0,9,no,HIGH_OVERLAP,REVIEW_SHARED_FAQ;DIFFERENTIATE_MAIN_CONTENT;REWRITE_FOR_CUSTOMER
/umzug-ergoldsbach,/umzug-erlangen,service,service,0.111,0.667,1.000,0.924,0,6,no,HIGH_OVERLAP,REVIEW_SHARED_FAQ;DIFFERENTIATE_MAIN_CONTENT;REWRITE_FOR_CUSTOMER
/umzug-ergoldsbach,/umzug-eschenbach-in-der-oberpfalz,service,service,1.000,1.000,1.000,1.000,0,9,no,HIGH_OVERLAP,REVIEW_SHARED_FAQ;DIFFERENTIATE_MAIN_CONTENT;REWRITE_FOR_CUSTOMER
/umzug-ergoldsbach,/umzug-feucht,service,service,0.111,1.000,1.000,1.000,0,9,no,HIGH_OVERLAP,REVIEW_SHARED_FAQ;DIFFERENTIATE_MAIN_CONTENT;REWRITE_FOR_CUSTOMER
/umzug-ergoldsbach,/umzug-freising,service,service,0.111,1.000,1.000,1.000,0,9,no,HIGH_OVERLAP,REVIEW_SHARED_FAQ;DIFFERENTIATE_MAIN_CONTENT;REWRITE_FOR_CUSTOMER
/umzug-erlangen,/umzug-eschenbach-in-der-oberpfalz,service,service,0.111,0.667,1.000,0.924,0,6,no,HIGH_OVERLAP,REVIEW_SHARED_FAQ;DIFFERENTIATE_MAIN_CONTENT;REWRITE_FOR_CUSTOMER
/umzug-erlangen,/umzug-feucht,service,service,0.250,0.667,1.000,0.924,0,6,no,HIGH_OVERLAP,REVIEW_SHARED_FAQ;DIFFERENTIATE_MAIN_CONTENT;REWRITE_FOR_CUSTOMER
/umzug-erlangen,/umzug-freising,service,service,0.250,0.667,1.000,0.924,0,6,no,HIGH_OVERLAP,REVIEW_SHARED_FAQ;DIFFERENTIATE_MAIN_CONTENT;REWRITE_FOR_CUSTOMER
/umzug-eschenbach-in-der-oberpfalz,/umzug-feucht,service,service,0.111,1.000,1.000,1.000,0,9,no,HIGH_OVERLAP,REVIEW_SHARED_FAQ;DIFFERENTIATE_MAIN_CONTENT;REWRITE_FOR_CUSTOMER
/umzug-eschenbach-in-der-oberpfalz,/umzug-freising,service,service,0.111,1.000,1.000,1.000,0,9,no,HIGH_OVERLAP,REVIEW_SHARED_FAQ;DIFFERENTIATE_MAIN_CONTENT;REWRITE_FOR_CUSTOMER
/umzug-feucht,/umzug-freising,service,service,0.111,1.000,1.000,1.000,0,9,no,HIGH_OVERLAP,REVIEW_SHARED_FAQ;DIFFERENTIATE_MAIN_CONTENT;REWRITE_FOR_CUSTOMER
/umzug-freystadt,/umzug-freyung,service,service,0.111,1.000,1.000,1.000,0,9,no,HIGH_OVERLAP,REVIEW_SHARED_FAQ;DIFFERENTIATE_MAIN_CONTENT;REWRITE_FOR_CUSTOMER
/umzug-freystadt,/umzug-fuerstenfeldbruck,service,service,1.000,1.000,1.000,1.000,0,9,no,HIGH_OVERLAP,REVIEW_SHARED_FAQ;DIFFERENTIATE_MAIN_CONTENT;REWRITE_FOR_CUSTOMER
/umzug-freystadt,/umzug-fuerth,service,service,1.000,0.667,1.000,0.996,0,9,no,HIGH_OVERLAP,REVIEW_SHARED_FAQ;DIFFERENTIATE_MAIN_CONTENT;REWRITE_FOR_CUSTOMER
/umzug-freystadt,/umzug-furth-im-wald,service,service,0.250,1.000,1.000,1.000,0,9,no,HIGH_OVERLAP,REVIEW_SHARED_FAQ;DIFFERENTIATE_MAIN_CONTENT;REWRITE_FOR_CUSTOMER
/umzug-freystadt,/umzug-garching,service,service,0.250,1.000,1.000,1.000,0,9,no,HIGH_OVERLAP,REVIEW_SHARED_FAQ;DIFFERENTIATE_MAIN_CONTENT;REWRITE_FOR_CUSTOMER
/umzug-freystadt,/umzug-geiselhoering,service,service,0.250,1.000,1.000,1.000,0,9,no,HIGH_OVERLAP,REVIEW_SHARED_FAQ;DIFFERENTIATE_MAIN_CONTENT;REWRITE_FOR_CUSTOMER
/umzug-freystadt,/umzug-geisenfeld,service,service,1.000,1.000,1.000,1.000,0,9,no,HIGH_OVERLAP,REVIEW_SHARED_FAQ;DIFFERENTIATE_MAIN_CONTENT;REWRITE_FOR_CUSTOMER
/umzug-freyung,/umzug-fuerstenfeldbruck,service,service,0.111,1.000,1.000,1.000,0,9,no,HIGH_OVERLAP,REVIEW_SHARED_FAQ;DIFFERENTIATE_MAIN_CONTENT;REWRITE_FOR_CUSTOMER
/umzug-freyung,/umzug-fuerth,service,service,0.111,0.667,1.000,0.996,0,9,no,HIGH_OVERLAP,REVIEW_SHARED_FAQ;DIFFERENTIATE_MAIN_CONTENT;REWRITE_FOR_CUSTOMER
/umzug-freyung,/umzug-furth-im-wald,service,service,0.111,1.000,1.000,1.000,0,9,no,HIGH_OVERLAP,REVIEW_SHARED_FAQ;DIFFERENTIATE_MAIN_CONTENT;REWRITE_FOR_CUSTOMER
/umzug-freyung,/umzug-garching,service,service,0.111,1.000,1.000,1.000,0,9,no,HIGH_OVERLAP,REVIEW_SHARED_FAQ;DIFFERENTIATE_MAIN_CONTENT;REWRITE_FOR_CUSTOMER
/umzug-freyung,/umzug-geiselhoering,service,service,0.111,1.000,1.000,1.000,0,9,no,HIGH_OVERLAP,REVIEW_SHARED_FAQ;DIFFERENTIATE_MAIN_CONTENT;REWRITE_FOR_CUSTOMER
/umzug-freyung,/umzug-geisenfeld,service,service,0.111,1.000,1.000,1.000,0,9,no,HIGH_OVERLAP,REVIEW_SHARED_FAQ;DIFFERENTIATE_MAIN_CONTENT;REWRITE_FOR_CUSTOMER
/umzug-fuerstenfeldbruck,/umzug-fuerth,service,service,1.000,0.667,1.000,0.996,0,9,no,HIGH_OVERLAP,REVIEW_SHARED_FAQ;DIFFERENTIATE_MAIN_CONTENT;REWRITE_FOR_CUSTOMER
/umzug-fuerstenfeldbruck,/umzug-furth-im-wald,service,service,0.250,1.000,1.000,1.000,0,9,no,HIGH_OVERLAP,REVIEW_SHARED_FAQ;DIFFERENTIATE_MAIN_CONTENT;REWRITE_FOR_CUSTOMER
/umzug-fuerstenfeldbruck,/umzug-garching,service,service,0.250,1.000,1.000,1.000,0,9,no,HIGH_OVERLAP,REVIEW_SHARED_FAQ;DIFFERENTIATE_MAIN_CONTENT;REWRITE_FOR_CUSTOMER
/umzug-fuerstenfeldbruck,/umzug-geiselhoering,service,service,0.250,1.000,1.000,1.000,0,9,no,HIGH_OVERLAP,REVIEW_SHARED_FAQ;DIFFERENTIATE_MAIN_CONTENT;REWRITE_FOR_CUSTOMER
/umzug-fuerstenfeldbruck,/umzug-geisenfeld,service,service,1.000,1.000,1.000,1.000,0,9,no,HIGH_OVERLAP,REVIEW_SHARED_FAQ;DIFFERENTIATE_MAIN_CONTENT;REWRITE_FOR_CUSTOMER
/umzug-fuerth,/umzug-furth-im-wald,service,service,0.250,0.667,1.000,0.996,0,9,no,HIGH_OVERLAP,REVIEW_SHARED_FAQ;DIFFERENTIATE_MAIN_CONTENT;REWRITE_FOR_CUSTOMER
/umzug-fuerth,/umzug-garching,service,service,0.250,0.667,1.000,0.996,0,9,no,HIGH_OVERLAP,REVIEW_SHARED_FAQ;DIFFERENTIATE_MAIN_CONTENT;REWRITE_FOR_CUSTOMER
/umzug-fuerth,/umzug-geiselhoering,service,service,0.250,0.667,1.000,0.996,0,9,no,HIGH_OVERLAP,REVIEW_SHARED_FAQ;DIFFERENTIATE_MAIN_CONTENT;REWRITE_FOR_CUSTOMER
/umzug-fuerth,/umzug-geisenfeld,service,service,1.000,0.667,1.000,0.996,0,9,no,HIGH_OVERLAP,REVIEW_SHARED_FAQ;DIFFERENTIATE_MAIN_CONTENT;REWRITE_FOR_CUSTOMER
/umzug-furth-im-wald,/umzug-garching,service,service,1.000,1.000,1.000,1.000,0,9,no,HIGH_OVERLAP,REVIEW_SHARED_FAQ;DIFFERENTIATE_MAIN_CONTENT;REWRITE_FOR_CUSTOMER
/umzug-furth-im-wald,/umzug-geiselhoering,service,service,0.111,1.000,1.000,1.000,0,9,no,HIGH_OVERLAP,REVIEW_SHARED_FAQ;DIFFERENTIATE_MAIN_CONTENT;REWRITE_FOR_CUSTOMER
/umzug-furth-im-wald,/umzug-geisenfeld,service,service,0.250,1.000,1.000,1.000,0,9,no,HIGH_OVERLAP,REVIEW_SHARED_FAQ;DIFFERENTIATE_MAIN_CONTENT;REWRITE_FOR_CUSTOMER
/umzug-garching,/umzug-geiselhoering,service,service,0.111,1.000,1.000,1.000,0,9,no,HIGH_OVERLAP,REVIEW_SHARED_FAQ;DIFFERENTIATE_MAIN_CONTENT;REWRITE_FOR_CUSTOMER
/umzug-garching,/umzug-geisenfeld,service,service,0.250,1.000,1.000,1.000,0,9,no,HIGH_OVERLAP,REVIEW_SHARED_FAQ;DIFFERENTIATE_MAIN_CONTENT;REWRITE_FOR_CUSTOMER
/umzug-geiselhoering,/umzug-geisenfeld,service,service,0.250,1.000,1.000,1.000,0,9,no,HIGH_OVERLAP,REVIEW_SHARED_FAQ;DIFFERENTIATE_MAIN_CONTENT;REWRITE_FOR_CUSTOMER
/umzug-germering,/umzug-gersthofen,service,service,0.250,1.000,1.000,1.000,0,9,no,HIGH_OVERLAP,REVIEW_SHARED_FAQ;DIFFERENTIATE_MAIN_CONTENT;REWRITE_FOR_CUSTOMER
/umzug-germering,/umzug-grafenau,service,service,0.250,1.000,1.000,1.000,0,9,no,HIGH_OVERLAP,REVIEW_SHARED_FAQ;DIFFERENTIATE_MAIN_CONTENT;REWRITE_FOR_CUSTOMER
/umzug-germering,/umzug-grafenwoehr,service,service,0.111,1.000,1.000,1.000,0,9,no,HIGH_OVERLAP,REVIEW_SHARED_FAQ;DIFFERENTIATE_MAIN_CONTENT;REWRITE_FOR_CUSTOMER
/umzug-germering,/umzug-guenzburg,service,service,0.250,0.667,1.000,0.915,0,6,no,HIGH_OVERLAP,REVIEW_SHARED_FAQ;DIFFERENTIATE_MAIN_CONTENT;REWRITE_FOR_CUSTOMER
/umzug-germering,/umzug-hagelstadt,service,service,0.250,1.000,1.000,1.000,0,9,no,HIGH_OVERLAP,REVIEW_SHARED_FAQ;DIFFERENTIATE_MAIN_CONTENT;REWRITE_FOR_CUSTOMER
/umzug-germering,/umzug-hausen,service,service,1.000,1.000,1.000,1.000,0,9,no,HIGH_OVERLAP,REVIEW_SHARED_FAQ;DIFFERENTIATE_MAIN_CONTENT;REWRITE_FOR_CUSTOMER
/umzug-germering,/umzug-hemau,service,service,1.000,1.000,1.000,0.981,0,9,no,HIGH_OVERLAP,REVIEW_SHARED_FAQ;DIFFERENTIATE_MAIN_CONTENT;REWRITE_FOR_CUSTOMER
/umzug-gersthofen,/umzug-grafenau,service,service,0.111,1.000,1.000,1.000,0,9,no,HIGH_OVERLAP,REVIEW_SHARED_FAQ;DIFFERENTIATE_MAIN_CONTENT;REWRITE_FOR_CUSTOMER
/umzug-gersthofen,/umzug-grafenwoehr,service,service,0.111,1.000,1.000,1.000,0,9,no,HIGH_OVERLAP,REVIEW_SHARED_FAQ;DIFFERENTIATE_MAIN_CONTENT;REWRITE_FOR_CUSTOMER
/umzug-gersthofen,/umzug-guenzburg,service,service,1.000,0.667,1.000,0.915,0,6,no,HIGH_OVERLAP,REVIEW_SHARED_FAQ;DIFFERENTIATE_MAIN_CONTENT;REWRITE_FOR_CUSTOMER
/umzug-gersthofen,/umzug-hagelstadt,service,service,1.000,1.000,1.000,1.000,0,9,no,HIGH_OVERLAP,REVIEW_SHARED_FAQ;DIFFERENTIATE_MAIN_CONTENT;REWRITE_FOR_CUSTOMER
/umzug-gersthofen,/umzug-hausen,service,service,0.250,1.000,1.000,1.000,0,9,no,HIGH_OVERLAP,REVIEW_SHARED_FAQ;DIFFERENTIATE_MAIN_CONTENT;REWRITE_FOR_CUSTOMER
/umzug-gersthofen,/umzug-hemau,service,service,0.250,1.000,1.000,0.981,0,9,no,HIGH_OVERLAP,REVIEW_SHARED_FAQ;DIFFERENTIATE_MAIN_CONTENT;REWRITE_FOR_CUSTOMER
/umzug-grafenau,/umzug-grafenwoehr,service,service,0.111,1.000,1.000,1.000,0,9,no,HIGH_OVERLAP,REVIEW_SHARED_FAQ;DIFFERENTIATE_MAIN_CONTENT;REWRITE_FOR_CUSTOMER
/umzug-grafenau,/umzug-guenzburg,service,service,0.111,0.667,1.000,0.915,0,6,no,HIGH_OVERLAP,REVIEW_SHARED_FAQ;DIFFERENTIATE_MAIN_CONTENT;REWRITE_FOR_CUSTOMER
/umzug-grafenau,/umzug-hagelstadt,service,service,0.111,1.000,1.000,1.000,0,9,no,HIGH_OVERLAP,REVIEW_SHARED_FAQ;DIFFERENTIATE_MAIN_CONTENT;REWRITE_FOR_CUSTOMER
/umzug-grafenau,/umzug-hausen,service,service,0.250,1.000,1.000,1.000,0,9,no,HIGH_OVERLAP,REVIEW_SHARED_FAQ;DIFFERENTIATE_MAIN_CONTENT;REWRITE_FOR_CUSTOMER
/umzug-grafenau,/umzug-hemau,service,service,0.250,1.000,1.000,0.981,0,9,no,HIGH_OVERLAP,REVIEW_SHARED_FAQ;DIFFERENTIATE_MAIN_CONTENT;REWRITE_FOR_CUSTOMER
/umzug-grafenwoehr,/umzug-guenzburg,service,service,0.111,0.667,1.000,0.915,0,6,no,HIGH_OVERLAP,REVIEW_SHARED_FAQ;DIFFERENTIATE_MAIN_CONTENT;REWRITE_FOR_CUSTOMER
/umzug-grafenwoehr,/umzug-hagelstadt,service,service,0.111,1.000,1.000,1.000,0,9,no,HIGH_OVERLAP,REVIEW_SHARED_FAQ;DIFFERENTIATE_MAIN_CONTENT;REWRITE_FOR_CUSTOMER
/umzug-grafenwoehr,/umzug-hausen,service,service,0.111,1.000,1.000,1.000,0,9,no,HIGH_OVERLAP,REVIEW_SHARED_FAQ;DIFFERENTIATE_MAIN_CONTENT;REWRITE_FOR_CUSTOMER
/umzug-grafenwoehr,/umzug-hemau,service,service,0.111,1.000,1.000,0.981,0,9,no,HIGH_OVERLAP,REVIEW_SHARED_FAQ;DIFFERENTIATE_MAIN_CONTENT;REWRITE_FOR_CUSTOMER
/umzug-guenzburg,/umzug-hagelstadt,service,service,1.000,0.667,1.000,0.915,0,6,no,HIGH_OVERLAP,REVIEW_SHARED_FAQ;DIFFERENTIATE_MAIN_CONTENT;REWRITE_FOR_CUSTOMER
/umzug-guenzburg,/umzug-hausen,service,service,0.250,0.667,1.000,0.915,0,6,no,HIGH_OVERLAP,REVIEW_SHARED_FAQ;DIFFERENTIATE_MAIN_CONTENT;REWRITE_FOR_CUSTOMER
/umzug-guenzburg,/umzug-hemau,service,service,0.250,0.667,1.000,0.897,0,6,no,HIGH_OVERLAP,REVIEW_SHARED_FAQ;DIFFERENTIATE_MAIN_CONTENT;REWRITE_FOR_CUSTOMER
/umzug-hagelstadt,/umzug-hausen,service,service,0.250,1.000,1.000,1.000,0,9,no,HIGH_OVERLAP,REVIEW_SHARED_FAQ;DIFFERENTIATE_MAIN_CONTENT;REWRITE_FOR_CUSTOMER
/umzug-hagelstadt,/umzug-hemau,service,service,0.250,1.000,1.000,0.981,0,9,no,HIGH_OVERLAP,REVIEW_SHARED_FAQ;DIFFERENTIATE_MAIN_CONTENT;REWRITE_FOR_CUSTOMER
/umzug-hausen,/umzug-hemau,service,service,1.000,1.000,1.000,0.981,0,9,no,HIGH_OVERLAP,REVIEW_SHARED_FAQ;DIFFERENTIATE_MAIN_CONTENT;REWRITE_FOR_CUSTOMER
/umzug-herzogenaurach,/umzug-hirschau,service,service,0.111,1.000,1.000,1.000,0,9,no,HIGH_OVERLAP,REVIEW_SHARED_FAQ;DIFFERENTIATE_MAIN_CONTENT;REWRITE_FOR_CUSTOMER
/umzug-herzogenaurach,/umzug-hohenfels,service,service,0.111,1.000,1.000,1.000,0,9,no,HIGH_OVERLAP,REVIEW_SHARED_FAQ;DIFFERENTIATE_MAIN_CONTENT;REWRITE_FOR_CUSTOMER
/umzug-herzogenaurach,/umzug-holzheim-am-forst,service,service,0.111,1.000,1.000,1.000,0,9,no,HIGH_OVERLAP,REVIEW_SHARED_FAQ;DIFFERENTIATE_MAIN_CONTENT;REWRITE_FOR_CUSTOMER
/umzug-herzogenaurach,/umzug-ingolstadt,service,service,0.111,0.500,1.000,0.834,0,6,no,HIGH_OVERLAP,REVIEW_SHARED_FAQ;DIFFERENTIATE_MAIN_CONTENT;REWRITE_FOR_CUSTOMER
/umzug-herzogenaurach,/umzug-kallmuenz,service,service,0.111,1.000,1.000,1.000,0,9,no,HIGH_OVERLAP,REVIEW_SHARED_FAQ;DIFFERENTIATE_MAIN_CONTENT;REWRITE_FOR_CUSTOMER
/umzug-herzogenaurach,/umzug-kelheim,service,service,0.111,1.000,1.000,0.981,0,9,no,HIGH_OVERLAP,REVIEW_SHARED_FAQ;DIFFERENTIATE_MAIN_CONTENT;REWRITE_FOR_CUSTOMER
/umzug-herzogenaurach,/umzug-kissing,service,service,0.111,1.000,1.000,1.000,0,9,no,HIGH_OVERLAP,REVIEW_SHARED_FAQ;DIFFERENTIATE_MAIN_CONTENT;REWRITE_FOR_CUSTOMER
/umzug-hirschau,/umzug-hohenfels,service,service,0.250,1.000,1.000,1.000,0,9,no,HIGH_OVERLAP,REVIEW_SHARED_FAQ;DIFFERENTIATE_MAIN_CONTENT;REWRITE_FOR_CUSTOMER
/umzug-hirschau,/umzug-holzheim-am-forst,service,service,0.250,1.000,1.000,1.000,0,9,no,HIGH_OVERLAP,REVIEW_SHARED_FAQ;DIFFERENTIATE_MAIN_CONTENT;REWRITE_FOR_CUSTOMER
/umzug-hirschau,/umzug-ingolstadt,service,service,0.250,0.500,1.000,0.834,0,6,no,HIGH_OVERLAP,REVIEW_SHARED_FAQ;DIFFERENTIATE_MAIN_CONTENT;REWRITE_FOR_CUSTOMER
/umzug-hirschau,/umzug-kallmuenz,service,service,1.000,1.000,1.000,1.000,0,9,no,HIGH_OVERLAP,REVIEW_SHARED_FAQ;DIFFERENTIATE_MAIN_CONTENT;REWRITE_FOR_CUSTOMER
/umzug-hirschau,/umzug-kelheim,service,service,1.000,1.000,1.000,0.981,0,9,no,HIGH_OVERLAP,REVIEW_SHARED_FAQ;DIFFERENTIATE_MAIN_CONTENT;REWRITE_FOR_CUSTOMER
/umzug-hirschau,/umzug-kissing,service,service,0.250,1.000,1.000,1.000,0,9,no,HIGH_OVERLAP,REVIEW_SHARED_FAQ;DIFFERENTIATE_MAIN_CONTENT;REWRITE_FOR_CUSTOMER
/umzug-hohenfels,/umzug-holzheim-am-forst,service,service,1.000,1.000,1.000,1.000,0,9,no,HIGH_OVERLAP,REVIEW_SHARED_FAQ;DIFFERENTIATE_MAIN_CONTENT;REWRITE_FOR_CUSTOMER
/umzug-hohenfels,/umzug-ingolstadt,service,service,0.429,0.500,1.000,0.834,0,6,no,HIGH_OVERLAP,REVIEW_SHARED_FAQ;DIFFERENTIATE_MAIN_CONTENT;REWRITE_FOR_CUSTOMER
/umzug-hohenfels,/umzug-kallmuenz,service,service,0.250,1.000,1.000,1.000,0,9,no,HIGH_OVERLAP,REVIEW_SHARED_FAQ;DIFFERENTIATE_MAIN_CONTENT;REWRITE_FOR_CUSTOMER
/umzug-hohenfels,/umzug-kelheim,service,service,0.250,1.000,1.000,0.981,0,9,no,HIGH_OVERLAP,REVIEW_SHARED_FAQ;DIFFERENTIATE_MAIN_CONTENT;REWRITE_FOR_CUSTOMER
/umzug-hohenfels,/umzug-kissing,service,service,1.000,1.000,1.000,1.000,0,9,no,HIGH_OVERLAP,REVIEW_SHARED_FAQ;DIFFERENTIATE_MAIN_CONTENT;REWRITE_FOR_CUSTOMER
/umzug-holzheim-am-forst,/umzug-ingolstadt,service,service,0.429,0.500,1.000,0.834,0,6,no,HIGH_OVERLAP,REVIEW_SHARED_FAQ;DIFFERENTIATE_MAIN_CONTENT;REWRITE_FOR_CUSTOMER
/umzug-holzheim-am-forst,/umzug-kallmuenz,service,service,0.250,1.000,1.000,1.000,0,9,no,HIGH_OVERLAP,REVIEW_SHARED_FAQ;DIFFERENTIATE_MAIN_CONTENT;REWRITE_FOR_CUSTOMER
/umzug-holzheim-am-forst,/umzug-kelheim,service,service,0.250,1.000,1.000,0.981,0,9,no,HIGH_OVERLAP,REVIEW_SHARED_FAQ;DIFFERENTIATE_MAIN_CONTENT;REWRITE_FOR_CUSTOMER
/umzug-holzheim-am-forst,/umzug-kissing,service,service,1.000,1.000,1.000,1.000,0,9,no,HIGH_OVERLAP,REVIEW_SHARED_FAQ;DIFFERENTIATE_MAIN_CONTENT;REWRITE_FOR_CUSTOMER
/umzug-ingolstadt,/umzug-kallmuenz,service,service,0.250,0.500,1.000,0.834,0,6,no,HIGH_OVERLAP,REVIEW_SHARED_FAQ;DIFFERENTIATE_MAIN_CONTENT;REWRITE_FOR_CUSTOMER
/umzug-ingolstadt,/umzug-kelheim,service,service,0.250,0.500,1.000,0.820,0,6,no,HIGH_OVERLAP,REVIEW_SHARED_FAQ;DIFFERENTIATE_MAIN_CONTENT;REWRITE_FOR_CUSTOMER
/umzug-kallmuenz,/umzug-kelheim,service,service,1.000,1.000,1.000,0.981,0,9,no,HIGH_OVERLAP,REVIEW_SHARED_FAQ;DIFFERENTIATE_MAIN_CONTENT;REWRITE_FOR_CUSTOMER
/umzug-kallmuenz,/umzug-kissing,service,service,0.250,1.000,1.000,1.000,0,9,no,HIGH_OVERLAP,REVIEW_SHARED_FAQ;DIFFERENTIATE_MAIN_CONTENT;REWRITE_FOR_CUSTOMER
/umzug-kelheim,/umzug-kissing,service,service,0.250,1.000,1.000,0.981,0,9,no,HIGH_OVERLAP,REVIEW_SHARED_FAQ;DIFFERENTIATE_MAIN_CONTENT;REWRITE_FOR_CUSTOMER
/umzug-kissing,/umzug-koefering,service,service,1.000,1.000,1.000,1.000,0,9,no,HIGH_OVERLAP,REVIEW_SHARED_FAQ;DIFFERENTIATE_MAIN_CONTENT;REWRITE_FOR_CUSTOMER
/umzug-koefering,/umzug-koenigsbrunn,service,service,0.250,1.000,1.000,1.000,0,9,no,HIGH_OVERLAP,REVIEW_SHARED_FAQ;DIFFERENTIATE_MAIN_CONTENT;REWRITE_FOR_CUSTOMER
/umzug-koefering,/umzug-koetzting,service,service,0.250,1.000,1.000,1.000,0,9,no,HIGH_OVERLAP,REVIEW_SHARED_FAQ;DIFFERENTIATE_MAIN_CONTENT;REWRITE_FOR_CUSTOMER
/umzug-koefering,/umzug-laaber,service,service,0.250,1.000,1.000,0.981,0,9,no,HIGH_OVERLAP,REVIEW_SHARED_FAQ;DIFFERENTIATE_MAIN_CONTENT;REWRITE_FOR_CUSTOMER
/umzug-koefering,/umzug-landau-an-der-isar,service,service,0.250,1.000,1.000,1.000,0,9,no,HIGH_OVERLAP,REVIEW_SHARED_FAQ;DIFFERENTIATE_MAIN_CONTENT;REWRITE_FOR_CUSTOMER
/umzug-koefering,/umzug-landkreis-regensburg,service,service,0.100,0.667,0.750,0.711,0,4,no,HIGH_OVERLAP,REVIEW_SHARED_FAQ;DIFFERENTIATE_MAIN_CONTENT;REWRITE_FOR_CUSTOMER
/umzug-koefering,/umzug-landsberg-am-lech,service,service,0.111,0.667,1.000,0.996,0,9,no,HIGH_OVERLAP,REVIEW_SHARED_FAQ;DIFFERENTIATE_MAIN_CONTENT;REWRITE_FOR_CUSTOMER
/umzug-koenigsbrunn,/umzug-koetzting,service,service,1.000,1.000,1.000,1.000,0,9,no,HIGH_OVERLAP,REVIEW_SHARED_FAQ;DIFFERENTIATE_MAIN_CONTENT;REWRITE_FOR_CUSTOMER
/umzug-koenigsbrunn,/umzug-laaber,service,service,0.111,1.000,1.000,0.981,0,9,no,HIGH_OVERLAP,REVIEW_SHARED_FAQ;DIFFERENTIATE_MAIN_CONTENT;REWRITE_FOR_CUSTOMER
/umzug-koenigsbrunn,/umzug-landau-an-der-isar,service,service,1.000,1.000,1.000,1.000,0,9,no,HIGH_OVERLAP,REVIEW_SHARED_FAQ;DIFFERENTIATE_MAIN_CONTENT;REWRITE_FOR_CUSTOMER
/umzug-koenigsbrunn,/umzug-landkreis-regensburg,service,service,0.100,0.667,0.750,0.711,0,4,no,HIGH_OVERLAP,REVIEW_SHARED_FAQ;DIFFERENTIATE_MAIN_CONTENT;REWRITE_FOR_CUSTOMER
/umzug-koenigsbrunn,/umzug-landsberg-am-lech,service,service,0.111,0.667,1.000,0.996,0,9,no,HIGH_OVERLAP,REVIEW_SHARED_FAQ;DIFFERENTIATE_MAIN_CONTENT;REWRITE_FOR_CUSTOMER
/umzug-koenigsbrunn,/umzug-landshut,service,service,0.111,0.667,1.000,0.906,0,6,no,HIGH_OVERLAP,REVIEW_SHARED_FAQ;DIFFERENTIATE_MAIN_CONTENT;REWRITE_FOR_CUSTOMER
/umzug-koetzting,/umzug-laaber,service,service,0.111,1.000,1.000,0.981,0,9,no,HIGH_OVERLAP,REVIEW_SHARED_FAQ;DIFFERENTIATE_MAIN_CONTENT;REWRITE_FOR_CUSTOMER
/umzug-koetzting,/umzug-landau-an-der-isar,service,service,1.000,1.000,1.000,1.000,0,9,no,HIGH_OVERLAP,REVIEW_SHARED_FAQ;DIFFERENTIATE_MAIN_CONTENT;REWRITE_FOR_CUSTOMER
/umzug-koetzting,/umzug-landkreis-regensburg,service,service,0.100,0.667,0.750,0.711,0,4,no,HIGH_OVERLAP,REVIEW_SHARED_FAQ;DIFFERENTIATE_MAIN_CONTENT;REWRITE_FOR_CUSTOMER
/umzug-koetzting,/umzug-landsberg-am-lech,service,service,0.111,0.667,1.000,0.996,0,9,no,HIGH_OVERLAP,REVIEW_SHARED_FAQ;DIFFERENTIATE_MAIN_CONTENT;REWRITE_FOR_CUSTOMER
/umzug-koetzting,/umzug-landshut,service,service,0.111,0.667,1.000,0.906,0,6,no,HIGH_OVERLAP,REVIEW_SHARED_FAQ;DIFFERENTIATE_MAIN_CONTENT;REWRITE_FOR_CUSTOMER
/umzug-laaber,/umzug-landau-an-der-isar,service,service,0.111,1.000,1.000,0.981,0,9,no,HIGH_OVERLAP,REVIEW_SHARED_FAQ;DIFFERENTIATE_MAIN_CONTENT;REWRITE_FOR_CUSTOMER
/umzug-laaber,/umzug-landkreis-regensburg,service,service,0.100,0.667,0.750,0.723,0,4,no,HIGH_OVERLAP,REVIEW_SHARED_FAQ;DIFFERENTIATE_MAIN_CONTENT;REWRITE_FOR_CUSTOMER
/umzug-laaber,/umzug-landsberg-am-lech,service,service,0.111,0.667,1.000,0.977,0,9,no,HIGH_OVERLAP,REVIEW_SHARED_FAQ;DIFFERENTIATE_MAIN_CONTENT;REWRITE_FOR_CUSTOMER
/umzug-laaber,/umzug-landshut,service,service,1.000,0.667,1.000,0.923,0,6,no,HIGH_OVERLAP,REVIEW_SHARED_FAQ;DIFFERENTIATE_MAIN_CONTENT;REWRITE_FOR_CUSTOMER
/umzug-landau-an-der-isar,/umzug-landkreis-regensburg,service,service,0.100,0.667,0.750,0.711,0,4,no,HIGH_OVERLAP,REVIEW_SHARED_FAQ;DIFFERENTIATE_MAIN_CONTENT;REWRITE_FOR_CUSTOMER
/umzug-landau-an-der-isar,/umzug-landsberg-am-lech,service,service,0.111,0.667,1.000,0.996,0,9,no,HIGH_OVERLAP,REVIEW_SHARED_FAQ;DIFFERENTIATE_MAIN_CONTENT;REWRITE_FOR_CUSTOMER
/umzug-landau-an-der-isar,/umzug-landshut,service,service,0.111,0.667,1.000,0.906,0,6,no,HIGH_OVERLAP,REVIEW_SHARED_FAQ;DIFFERENTIATE_MAIN_CONTENT;REWRITE_FOR_CUSTOMER
/umzug-landkreis-regensburg,/umzug-landsberg-am-lech,service,service,0.833,0.500,0.750,0.710,0,4,no,HIGH_OVERLAP,REVIEW_SHARED_FAQ;DIFFERENTIATE_MAIN_CONTENT;REWRITE_FOR_CUSTOMER
/umzug-landsberg-am-lech,/umzug-landshut,service,service,0.111,0.500,1.000,0.905,0,6,no,HIGH_OVERLAP,REVIEW_SHARED_FAQ;DIFFERENTIATE_MAIN_CONTENT;REWRITE_FOR_CUSTOMER
/umzug-landshut,/umzug-langquaid,service,service,0.111,0.667,1.000,0.906,0,6,no,HIGH_OVERLAP,REVIEW_SHARED_FAQ;DIFFERENTIATE_MAIN_CONTENT;REWRITE_FOR_CUSTOMER
/umzug-landshut,/umzug-lappersdorf,service,service,0.250,0.667,1.000,0.923,0,6,no,HIGH_OVERLAP,REVIEW_SHARED_FAQ;DIFFERENTIATE_MAIN_CONTENT;REWRITE_FOR_CUSTOMER
/umzug-langquaid,/umzug-lappersdorf,service,service,0.111,1.000,1.000,0.981,0,9,no,HIGH_OVERLAP,REVIEW_SHARED_FAQ;DIFFERENTIATE_MAIN_CONTENT;REWRITE_FOR_CUSTOMER
/umzug-langquaid,/umzug-lauf-an-der-pegnitz,service,service,1.000,1.000,1.000,1.000,0,9,no,HIGH_OVERLAP,REVIEW_SHARED_FAQ;DIFFERENTIATE_MAIN_CONTENT;REWRITE_FOR_CUSTOMER
/umzug-langquaid,/umzug-lupburg,service,service,0.111,1.000,1.000,1.000,0,9,no,HIGH_OVERLAP,REVIEW_SHARED_FAQ;DIFFERENTIATE_MAIN_CONTENT;REWRITE_FOR_CUSTOMER
/umzug-langquaid,/umzug-mainburg,service,service,0.111,1.000,1.000,1.000,0,9,no,HIGH_OVERLAP,REVIEW_SHARED_FAQ;DIFFERENTIATE_MAIN_CONTENT;REWRITE_FOR_CUSTOMER
/umzug-langquaid,/umzug-mallersdorf-pfaffenberg,service,service,0.111,1.000,1.000,1.000,0,9,no,HIGH_OVERLAP,REVIEW_SHARED_FAQ;DIFFERENTIATE_MAIN_CONTENT;REWRITE_FOR_CUSTOMER
/umzug-langquaid,/umzug-mammendorf,service,service,0.111,1.000,1.000,1.000,0,9,no,HIGH_OVERLAP,REVIEW_SHARED_FAQ;DIFFERENTIATE_MAIN_CONTENT;REWRITE_FOR_CUSTOMER
/umzug-lappersdorf,/umzug-lauf-an-der-pegnitz,service,service,0.111,1.000,1.000,0.981,0,9,no,HIGH_OVERLAP,REVIEW_SHARED_FAQ;DIFFERENTIATE_MAIN_CONTENT;REWRITE_FOR_CUSTOMER
/umzug-lappersdorf,/umzug-lupburg,service,service,0.250,1.000,1.000,0.981,0,9,no,HIGH_OVERLAP,REVIEW_SHARED_FAQ;DIFFERENTIATE_MAIN_CONTENT;REWRITE_FOR_CUSTOMER
/umzug-lappersdorf,/umzug-mainburg,service,service,0.250,1.000,1.000,0.981,0,9,no,HIGH_OVERLAP,REVIEW_SHARED_FAQ;DIFFERENTIATE_MAIN_CONTENT;REWRITE_FOR_CUSTOMER
/umzug-lappersdorf,/umzug-mallersdorf-pfaffenberg,service,service,1.000,1.000,1.000,0.981,0,9,no,HIGH_OVERLAP,REVIEW_SHARED_FAQ;DIFFERENTIATE_MAIN_CONTENT;REWRITE_FOR_CUSTOMER
/umzug-lappersdorf,/umzug-mammendorf,service,service,1.000,1.000,1.000,0.981,0,9,no,HIGH_OVERLAP,REVIEW_SHARED_FAQ;DIFFERENTIATE_MAIN_CONTENT;REWRITE_FOR_CUSTOMER
/umzug-lauf-an-der-pegnitz,/umzug-lupburg,service,service,0.111,1.000,1.000,1.000,0,9,no,HIGH_OVERLAP,REVIEW_SHARED_FAQ;DIFFERENTIATE_MAIN_CONTENT;REWRITE_FOR_CUSTOMER
/umzug-lauf-an-der-pegnitz,/umzug-mainburg,service,service,0.111,1.000,1.000,1.000,0,9,no,HIGH_OVERLAP,REVIEW_SHARED_FAQ;DIFFERENTIATE_MAIN_CONTENT;REWRITE_FOR_CUSTOMER
/umzug-lauf-an-der-pegnitz,/umzug-mallersdorf-pfaffenberg,service,service,0.111,1.000,1.000,1.000,0,9,no,HIGH_OVERLAP,REVIEW_SHARED_FAQ;DIFFERENTIATE_MAIN_CONTENT;REWRITE_FOR_CUSTOMER
/umzug-lauf-an-der-pegnitz,/umzug-mammendorf,service,service,0.111,1.000,1.000,1.000,0,9,no,HIGH_OVERLAP,REVIEW_SHARED_FAQ;DIFFERENTIATE_MAIN_CONTENT;REWRITE_FOR_CUSTOMER
/umzug-lauf-an-der-pegnitz,/umzug-mering,service,service,0.111,1.000,1.000,1.000,0,9,no,HIGH_OVERLAP,REVIEW_SHARED_FAQ;DIFFERENTIATE_MAIN_CONTENT;REWRITE_FOR_CUSTOMER
/umzug-lupburg,/umzug-mainburg,service,service,0.111,1.000,1.000,1.000,0,9,no,HIGH_OVERLAP,REVIEW_SHARED_FAQ;DIFFERENTIATE_MAIN_CONTENT;REWRITE_FOR_CUSTOMER
/umzug-lupburg,/umzug-mallersdorf-pfaffenberg,service,service,0.250,1.000,1.000,1.000,0,9,no,HIGH_OVERLAP,REVIEW_SHARED_FAQ;DIFFERENTIATE_MAIN_CONTENT;REWRITE_FOR_CUSTOMER
/umzug-lupburg,/umzug-mammendorf,service,service,0.250,1.000,1.000,1.000,0,9,no,HIGH_OVERLAP,REVIEW_SHARED_FAQ;DIFFERENTIATE_MAIN_CONTENT;REWRITE_FOR_CUSTOMER
/umzug-lupburg,/umzug-mering,service,service,0.250,1.000,1.000,1.000,0,9,no,HIGH_OVERLAP,REVIEW_SHARED_FAQ;DIFFERENTIATE_MAIN_CONTENT;REWRITE_FOR_CUSTOMER
/umzug-mainburg,/umzug-mallersdorf-pfaffenberg,service,service,0.250,1.000,1.000,1.000,0,9,no,HIGH_OVERLAP,REVIEW_SHARED_FAQ;DIFFERENTIATE_MAIN_CONTENT;REWRITE_FOR_CUSTOMER
/umzug-mainburg,/umzug-mammendorf,service,service,0.250,1.000,1.000,1.000,0,9,no,HIGH_OVERLAP,REVIEW_SHARED_FAQ;DIFFERENTIATE_MAIN_CONTENT;REWRITE_FOR_CUSTOMER
/umzug-mainburg,/umzug-mering,service,service,0.250,1.000,1.000,1.000,0,9,no,HIGH_OVERLAP,REVIEW_SHARED_FAQ;DIFFERENTIATE_MAIN_CONTENT;REWRITE_FOR_CUSTOMER
/umzug-mallersdorf-pfaffenberg,/umzug-mammendorf,service,service,1.000,1.000,1.000,1.000,0,9,no,HIGH_OVERLAP,REVIEW_SHARED_FAQ;DIFFERENTIATE_MAIN_CONTENT;REWRITE_FOR_CUSTOMER
/umzug-mallersdorf-pfaffenberg,/umzug-mering,service,service,1.000,1.000,1.000,1.000,0,9,no,HIGH_OVERLAP,REVIEW_SHARED_FAQ;DIFFERENTIATE_MAIN_CONTENT;REWRITE_FOR_CUSTOMER
/umzug-mammendorf,/umzug-mering,service,service,1.000,1.000,1.000,1.000,0,9,no,HIGH_OVERLAP,REVIEW_SHARED_FAQ;DIFFERENTIATE_MAIN_CONTENT;REWRITE_FOR_CUSTOMER
/umzug-mering,/umzug-mintraching,service,service,1.000,1.000,1.000,1.000,0,9,no,HIGH_OVERLAP,REVIEW_SHARED_FAQ;DIFFERENTIATE_MAIN_CONTENT;REWRITE_FOR_CUSTOMER
/umzug-mering,/umzug-moetzing,service,service,0.250,1.000,1.000,1.000,0,9,no,HIGH_OVERLAP,REVIEW_SHARED_FAQ;DIFFERENTIATE_MAIN_CONTENT;REWRITE_FOR_CUSTOMER
/umzug-mintraching,/umzug-moetzing,service,service,0.250,1.000,1.000,1.000,0,9,no,HIGH_OVERLAP,REVIEW_SHARED_FAQ;DIFFERENTIATE_MAIN_CONTENT;REWRITE_FOR_CUSTOMER
/umzug-mintraching,/umzug-moosburg,service,service,0.111,1.000,1.000,1.000,0,9,no,HIGH_OVERLAP,REVIEW_SHARED_FAQ;DIFFERENTIATE_MAIN_CONTENT;REWRITE_FOR_CUSTOMER
/umzug-mintraching,/umzug-muenchen,service,service,0.250,0.667,1.000,0.892,0,9,no,HIGH_OVERLAP,REVIEW_SHARED_FAQ;DIFFERENTIATE_MAIN_CONTENT;REWRITE_FOR_CUSTOMER
/umzug-mintraching,/umzug-muenchen-bogenhausen,service,service,0.222,0.500,0.750,0.782,0,5,no,HIGH_OVERLAP,REVIEW_SHARED_FAQ;DIFFERENTIATE_MAIN_CONTENT;REWRITE_FOR_CUSTOMER
/umzug-mintraching,/umzug-muenchen-haidhausen,service,service,0.100,0.500,0.750,0.782,0,5,no,HIGH_OVERLAP,REVIEW_SHARED_FAQ;DIFFERENTIATE_MAIN_CONTENT;REWRITE_FOR_CUSTOMER
/umzug-mintraching,/umzug-muenchen-maxvorstadt,service,service,0.222,0.500,0.750,0.782,0,5,no,HIGH_OVERLAP,REVIEW_SHARED_FAQ;DIFFERENTIATE_MAIN_CONTENT;REWRITE_FOR_CUSTOMER
/umzug-moetzing,/umzug-moosburg,service,service,0.111,1.000,1.000,1.000,0,9,no,HIGH_OVERLAP,REVIEW_SHARED_FAQ;DIFFERENTIATE_MAIN_CONTENT;REWRITE_FOR_CUSTOMER
/umzug-moetzing,/umzug-muenchen,service,service,0.111,0.667,1.000,0.892,0,9,no,HIGH_OVERLAP,REVIEW_SHARED_FAQ;DIFFERENTIATE_MAIN_CONTENT;REWRITE_FOR_CUSTOMER
/umzug-moetzing,/umzug-muenchen-bogenhausen,service,service,0.833,0.500,0.750,0.782,0,5,no,HIGH_OVERLAP,REVIEW_SHARED_FAQ;DIFFERENTIATE_MAIN_CONTENT;REWRITE_FOR_CUSTOMER
/umzug-moetzing,/umzug-muenchen-haidhausen,service,service,0.100,0.500,0.750,0.782,0,5,no,HIGH_OVERLAP,REVIEW_SHARED_FAQ;DIFFERENTIATE_MAIN_CONTENT;REWRITE_FOR_CUSTOMER
/umzug-moetzing,/umzug-muenchen-maxvorstadt,service,service,0.833,0.500,0.750,0.782,0,5,no,HIGH_OVERLAP,REVIEW_SHARED_FAQ;DIFFERENTIATE_MAIN_CONTENT;REWRITE_FOR_CUSTOMER
/umzug-moosburg,/umzug-muenchen,service,service,0.111,0.667,1.000,0.892,0,9,no,HIGH_OVERLAP,REVIEW_SHARED_FAQ;DIFFERENTIATE_MAIN_CONTENT;REWRITE_FOR_CUSTOMER
/umzug-moosburg,/umzug-muenchen-bogenhausen,service,service,0.100,0.500,0.750,0.782,0,5,no,HIGH_OVERLAP,REVIEW_SHARED_FAQ;DIFFERENTIATE_MAIN_CONTENT;REWRITE_FOR_CUSTOMER
/umzug-moosburg,/umzug-muenchen-haidhausen,service,service,0.833,0.500,0.750,0.782,0,5,no,HIGH_OVERLAP,REVIEW_SHARED_FAQ;DIFFERENTIATE_MAIN_CONTENT;REWRITE_FOR_CUSTOMER
/umzug-moosburg,/umzug-muenchen-maxvorstadt,service,service,0.100,0.500,0.750,0.782,0,5,no,HIGH_OVERLAP,REVIEW_SHARED_FAQ;DIFFERENTIATE_MAIN_CONTENT;REWRITE_FOR_CUSTOMER
/umzug-moosburg,/umzug-muenchen-schwabing,service,service,0.100,0.500,0.750,0.782,0,5,no,HIGH_OVERLAP,REVIEW_SHARED_FAQ;DIFFERENTIATE_MAIN_CONTENT;REWRITE_FOR_CUSTOMER
/umzug-muenchen,/umzug-muenchen-bogenhausen,service,service,0.100,0.400,0.750,0.708,0,5,no,HIGH_OVERLAP,REVIEW_SHARED_FAQ;DIFFERENTIATE_MAIN_CONTENT;REWRITE_FOR_CUSTOMER
/umzug-muenchen,/umzug-muenchen-haidhausen,service,service,0.100,0.750,0.750,0.708,0,5,no,HIGH_OVERLAP,REVIEW_SHARED_FAQ;DIFFERENTIATE_MAIN_CONTENT;REWRITE_FOR_CUSTOMER
/umzug-muenchen,/umzug-muenchen-maxvorstadt,service,service,0.100,0.400,0.750,0.708,0,5,no,HIGH_OVERLAP,REVIEW_SHARED_FAQ;DIFFERENTIATE_MAIN_CONTENT;REWRITE_FOR_CUSTOMER
/umzug-muenchen,/umzug-muenchen-schwabing,service,service,0.222,0.400,0.750,0.708,0,5,no,HIGH_OVERLAP,REVIEW_SHARED_FAQ;DIFFERENTIATE_MAIN_CONTENT;REWRITE_FOR_CUSTOMER
/umzug-muenchen-bogenhausen,/umzug-nabburg,service,service,0.100,0.500,0.750,0.782,0,5,no,HIGH_OVERLAP,REVIEW_SHARED_FAQ;DIFFERENTIATE_MAIN_CONTENT;REWRITE_FOR_CUSTOMER
/umzug-muenchen-bogenhausen,/umzug-neu-ulm,service,service,0.100,0.500,0.750,0.782,0,5,no,HIGH_OVERLAP,REVIEW_SHARED_FAQ;DIFFERENTIATE_MAIN_CONTENT;REWRITE_FOR_CUSTOMER
/umzug-muenchen-haidhausen,/umzug-nabburg,service,service,0.100,0.500,0.750,0.782,0,5,no,HIGH_OVERLAP,REVIEW_SHARED_FAQ;DIFFERENTIATE_MAIN_CONTENT;REWRITE_FOR_CUSTOMER
/umzug-muenchen-haidhausen,/umzug-neu-ulm,service,service,0.100,0.500,0.750,0.782,0,5,no,HIGH_OVERLAP,REVIEW_SHARED_FAQ;DIFFERENTIATE_MAIN_CONTENT;REWRITE_FOR_CUSTOMER
/umzug-muenchen-maxvorstadt,/umzug-nabburg,service,service,0.100,0.500,0.750,0.782,0,5,no,HIGH_OVERLAP,REVIEW_SHARED_FAQ;DIFFERENTIATE_MAIN_CONTENT;REWRITE_FOR_CUSTOMER
/umzug-muenchen-maxvorstadt,/umzug-neu-ulm,service,service,0.100,0.500,0.750,0.782,0,5,no,HIGH_OVERLAP,REVIEW_SHARED_FAQ;DIFFERENTIATE_MAIN_CONTENT;REWRITE_FOR_CUSTOMER
/umzug-muenchen-schwabing,/umzug-nabburg,service,service,0.222,0.500,0.750,0.782,0,5,no,HIGH_OVERLAP,REVIEW_SHARED_FAQ;DIFFERENTIATE_MAIN_CONTENT;REWRITE_FOR_CUSTOMER
/umzug-muenchen-schwabing,/umzug-neu-ulm,service,service,0.222,0.500,0.750,0.782,0,5,no,HIGH_OVERLAP,REVIEW_SHARED_FAQ;DIFFERENTIATE_MAIN_CONTENT;REWRITE_FOR_CUSTOMER
/umzug-muenchen-schwabing,/umzug-neufahrn-in-niederbayern,service,service,0.833,0.500,0.750,0.782,0,5,no,HIGH_OVERLAP,REVIEW_SHARED_FAQ;DIFFERENTIATE_MAIN_CONTENT;REWRITE_FOR_CUSTOMER
/umzug-muenchen-schwabing,/umzug-neumarkt,service,service,0.083,0.400,0.750,0.704,0,4,no,HIGH_OVERLAP,REVIEW_SHARED_FAQ;DIFFERENTIATE_MAIN_CONTENT;REWRITE_FOR_CUSTOMER
/umzug-muenchen-sendling,/umzug-nabburg,service,service,0.222,0.500,0.750,0.782,0,5,no,HIGH_OVERLAP,REVIEW_SHARED_FAQ;DIFFERENTIATE_MAIN_CONTENT;REWRITE_FOR_CUSTOMER
/umzug-muenchen-sendling,/umzug-neu-ulm,service,service,0.222,0.500,0.750,0.782,0,5,no,HIGH_OVERLAP,REVIEW_SHARED_FAQ;DIFFERENTIATE_MAIN_CONTENT;REWRITE_FOR_CUSTOMER
/umzug-muenchen-sendling,/umzug-neufahrn-in-niederbayern,service,service,0.833,0.500,0.750,0.782,0,5,no,HIGH_OVERLAP,REVIEW_SHARED_FAQ;DIFFERENTIATE_MAIN_CONTENT;REWRITE_FOR_CUSTOMER
/umzug-muenchen-sendling,/umzug-neumarkt,service,service,0.083,0.400,0.750,0.704,0,4,no,HIGH_OVERLAP,REVIEW_SHARED_FAQ;DIFFERENTIATE_MAIN_CONTENT;REWRITE_FOR_CUSTOMER
/umzug-muenchen-sendling,/umzug-neunburg-vorm-wald,service,service,0.100,0.500,0.750,0.782,0,5,no,HIGH_OVERLAP,REVIEW_SHARED_FAQ;DIFFERENTIATE_MAIN_CONTENT;REWRITE_FOR_CUSTOMER
/umzug-muenchen-sendling,/umzug-neusaess,service,service,0.222,0.500,0.750,0.782,0,5,no,HIGH_OVERLAP,REVIEW_SHARED_FAQ;DIFFERENTIATE_MAIN_CONTENT;REWRITE_FOR_CUSTOMER
/umzug-nabburg,/umzug-neu-ulm,service,service,1.000,1.000,1.000,1.000,0,9,no,HIGH_OVERLAP,REVIEW_SHARED_FAQ;DIFFERENTIATE_MAIN_CONTENT;REWRITE_FOR_CUSTOMER
/umzug-nabburg,/umzug-neufahrn-in-niederbayern,service,service,0.250,1.000,1.000,1.000,0,9,no,HIGH_OVERLAP,REVIEW_SHARED_FAQ;DIFFERENTIATE_MAIN_CONTENT;REWRITE_FOR_CUSTOMER
/umzug-neu-ulm,/umzug-neufahrn-in-niederbayern,service,service,0.250,1.000,1.000,1.000,0,9,no,HIGH_OVERLAP,REVIEW_SHARED_FAQ;DIFFERENTIATE_MAIN_CONTENT;REWRITE_FOR_CUSTOMER
/umzug-neufahrn-in-niederbayern,/umzug-neumarkt,service,service,0.091,0.667,1.000,0.890,0,6,no,HIGH_OVERLAP,REVIEW_SHARED_FAQ;DIFFERENTIATE_MAIN_CONTENT;REWRITE_FOR_CUSTOMER
/umzug-neufahrn-in-niederbayern,/umzug-neunburg-vorm-wald,service,service,0.111,1.000,1.000,1.000,0,9,no,HIGH_OVERLAP,REVIEW_SHARED_FAQ;DIFFERENTIATE_MAIN_CONTENT;REWRITE_FOR_CUSTOMER
/umzug-neufahrn-in-niederbayern,/umzug-neusaess,service,service,0.250,1.000,1.000,1.000,0,9,no,HIGH_OVERLAP,REVIEW_SHARED_FAQ;DIFFERENTIATE_MAIN_CONTENT;REWRITE_FOR_CUSTOMER
/umzug-neumarkt,/umzug-neunburg-vorm-wald,service,service,0.091,0.667,1.000,0.890,0,6,no,HIGH_OVERLAP,REVIEW_SHARED_FAQ;DIFFERENTIATE_MAIN_CONTENT;REWRITE_FOR_CUSTOMER
/umzug-neumarkt,/umzug-neusaess,service,service,0.091,0.667,1.000,0.890,0,6,no,HIGH_OVERLAP,REVIEW_SHARED_FAQ;DIFFERENTIATE_MAIN_CONTENT;REWRITE_FOR_CUSTOMER
/umzug-neumarkt,/umzug-neustadt-an-der-donau,service,service,0.091,0.667,1.000,0.890,0,6,no,HIGH_OVERLAP,REVIEW_SHARED_FAQ;DIFFERENTIATE_MAIN_CONTENT;REWRITE_FOR_CUSTOMER
/umzug-neumarkt,/umzug-neustadt-an-der-waldnaab,service,service,0.077,0.667,1.000,0.832,0,6,no,HIGH_OVERLAP,REVIEW_SHARED_FAQ;DIFFERENTIATE_MAIN_CONTENT;REWRITE_FOR_CUSTOMER
/umzug-neunburg-vorm-wald,/umzug-neusaess,service,service,0.111,1.000,1.000,1.000,0,9,no,HIGH_OVERLAP,REVIEW_SHARED_FAQ;DIFFERENTIATE_MAIN_CONTENT;REWRITE_FOR_CUSTOMER
/umzug-neunburg-vorm-wald,/umzug-neustadt-an-der-donau,service,service,1.000,1.000,1.000,1.000,0,9,no,HIGH_OVERLAP,REVIEW_SHARED_FAQ;DIFFERENTIATE_MAIN_CONTENT;REWRITE_FOR_CUSTOMER
/umzug-neunburg-vorm-wald,/umzug-neustadt-an-der-waldnaab,service,service,0.000,1.000,1.000,0.928,0,9,no,HIGH_OVERLAP,REVIEW_SHARED_FAQ;DIFFERENTIATE_MAIN_CONTENT;REWRITE_FOR_CUSTOMER
/umzug-neunburg-vorm-wald,/umzug-neutraubling,service,service,0.111,1.000,1.000,0.981,0,9,no,HIGH_OVERLAP,REVIEW_SHARED_FAQ;DIFFERENTIATE_MAIN_CONTENT;REWRITE_FOR_CUSTOMER
/umzug-neusaess,/umzug-neustadt-an-der-donau,service,service,0.111,1.000,1.000,1.000,0,9,no,HIGH_OVERLAP,REVIEW_SHARED_FAQ;DIFFERENTIATE_MAIN_CONTENT;REWRITE_FOR_CUSTOMER
/umzug-neusaess,/umzug-neustadt-an-der-waldnaab,service,service,0.091,1.000,1.000,0.928,0,9,no,HIGH_OVERLAP,REVIEW_SHARED_FAQ;DIFFERENTIATE_MAIN_CONTENT;REWRITE_FOR_CUSTOMER
/umzug-neusaess,/umzug-neutraubling,service,service,0.250,1.000,1.000,0.981,0,9,no,HIGH_OVERLAP,REVIEW_SHARED_FAQ;DIFFERENTIATE_MAIN_CONTENT;REWRITE_FOR_CUSTOMER
/umzug-neustadt-an-der-donau,/umzug-neustadt-an-der-waldnaab,service,service,0.000,1.000,1.000,0.928,0,9,no,HIGH_OVERLAP,REVIEW_SHARED_FAQ;DIFFERENTIATE_MAIN_CONTENT;REWRITE_FOR_CUSTOMER
/umzug-neustadt-an-der-donau,/umzug-neutraubling,service,service,0.111,1.000,1.000,0.981,0,9,no,HIGH_OVERLAP,REVIEW_SHARED_FAQ;DIFFERENTIATE_MAIN_CONTENT;REWRITE_FOR_CUSTOMER
/umzug-neustadt-an-der-donau,/umzug-nittenau,service,service,0.111,1.000,1.000,0.981,0,9,no,HIGH_OVERLAP,REVIEW_SHARED_FAQ;DIFFERENTIATE_MAIN_CONTENT;REWRITE_FOR_CUSTOMER
/umzug-neustadt-an-der-donau,/umzug-nittendorf,service,service,0.111,1.000,1.000,0.981,0,9,no,HIGH_OVERLAP,REVIEW_SHARED_FAQ;DIFFERENTIATE_MAIN_CONTENT;REWRITE_FOR_CUSTOMER
/umzug-neustadt-an-der-waldnaab,/umzug-neutraubling,service,service,0.200,1.000,1.000,0.913,0,9,no,HIGH_OVERLAP,REVIEW_SHARED_FAQ;DIFFERENTIATE_MAIN_CONTENT;REWRITE_FOR_CUSTOMER
/umzug-neustadt-an-der-waldnaab,/umzug-nittenau,service,service,0.200,1.000,1.000,0.913,0,9,no,HIGH_OVERLAP,REVIEW_SHARED_FAQ;DIFFERENTIATE_MAIN_CONTENT;REWRITE_FOR_CUSTOMER
/umzug-neustadt-an-der-waldnaab,/umzug-nittendorf,service,service,0.091,1.000,1.000,0.913,0,9,no,HIGH_OVERLAP,REVIEW_SHARED_FAQ;DIFFERENTIATE_MAIN_CONTENT;REWRITE_FOR_CUSTOMER
/umzug-neutraubling,/umzug-nittenau,service,service,1.000,1.000,1.000,1.000,0,9,no,HIGH_OVERLAP,REVIEW_SHARED_FAQ;DIFFERENTIATE_MAIN_CONTENT;REWRITE_FOR_CUSTOMER
/umzug-neutraubling,/umzug-nittendorf,service,service,0.250,1.000,1.000,1.000,0,9,no,HIGH_OVERLAP,REVIEW_SHARED_FAQ;DIFFERENTIATE_MAIN_CONTENT;REWRITE_FOR_CUSTOMER
/umzug-neutraubling,/umzug-nuernberg,service,service,0.429,0.500,1.000,0.986,0,9,no,HIGH_OVERLAP,REVIEW_SHARED_FAQ;DIFFERENTIATE_MAIN_CONTENT;REWRITE_FOR_CUSTOMER
/umzug-nittenau,/umzug-nittendorf,service,service,0.250,1.000,1.000,1.000,0,9,no,HIGH_OVERLAP,REVIEW_SHARED_FAQ;DIFFERENTIATE_MAIN_CONTENT;REWRITE_FOR_CUSTOMER
/umzug-nittenau,/umzug-nuernberg,service,service,0.429,0.500,1.000,0.986,0,9,no,HIGH_OVERLAP,REVIEW_SHARED_FAQ;DIFFERENTIATE_MAIN_CONTENT;REWRITE_FOR_CUSTOMER
/umzug-nittenau,/umzug-nuernberg-gostenhof,service,service,0.100,0.500,0.750,0.768,0,5,no,HIGH_OVERLAP,REVIEW_SHARED_FAQ;DIFFERENTIATE_MAIN_CONTENT;REWRITE_FOR_CUSTOMER
/umzug-nittenau,/umzug-nuernberg-moegeldorf,service,service,0.222,0.667,0.750,0.768,0,5,no,HIGH_OVERLAP,REVIEW_SHARED_FAQ;DIFFERENTIATE_MAIN_CONTENT;REWRITE_FOR_CUSTOMER
/umzug-nittendorf,/umzug-nuernberg,service,service,0.250,0.500,1.000,0.986,0,9,no,HIGH_OVERLAP,REVIEW_SHARED_FAQ;DIFFERENTIATE_MAIN_CONTENT;REWRITE_FOR_CUSTOMER
/umzug-nittendorf,/umzug-nuernberg-gostenhof,service,service,0.100,0.500,0.750,0.768,0,5,no,HIGH_OVERLAP,REVIEW_SHARED_FAQ;DIFFERENTIATE_MAIN_CONTENT;REWRITE_FOR_CUSTOMER
/umzug-nittendorf,/umzug-nuernberg-moegeldorf,service,service,0.100,0.667,0.750,0.768,0,5,no,HIGH_OVERLAP,REVIEW_SHARED_FAQ;DIFFERENTIATE_MAIN_CONTENT;REWRITE_FOR_CUSTOMER
/umzug-nuernberg,/umzug-nuernberg-gostenhof,service,service,0.100,0.333,0.750,0.761,0,5,no,HIGH_OVERLAP,REVIEW_SHARED_FAQ;DIFFERENTIATE_MAIN_CONTENT;REWRITE_FOR_CUSTOMER
/umzug-nuernberg,/umzug-nuernberg-moegeldorf,service,service,0.222,0.400,0.750,0.761,0,5,no,HIGH_OVERLAP,REVIEW_SHARED_FAQ;DIFFERENTIATE_MAIN_CONTENT;REWRITE_FOR_CUSTOMER
/umzug-nuernberg,/umzug-nuernberg-suedstadt,service,service,0.375,0.400,0.750,0.761,0,5,no,HIGH_OVERLAP,REVIEW_SHARED_FAQ;DIFFERENTIATE_MAIN_CONTENT;REWRITE_FOR_CUSTOMER
/umzug-nuernberg,/umzug-nuernberg-ziegelstein,service,service,0.100,0.400,0.750,0.761,0,5,no,HIGH_OVERLAP,REVIEW_SHARED_FAQ;DIFFERENTIATE_MAIN_CONTENT;REWRITE_FOR_CUSTOMER
/umzug-nuernberg-gostenhof,/umzug-oberasbach,service,service,0.833,0.500,0.750,0.782,0,5,no,HIGH_OVERLAP,REVIEW_SHARED_FAQ;DIFFERENTIATE_MAIN_CONTENT;REWRITE_FOR_CUSTOMER
/umzug-nuernberg-gostenhof,/umzug-oberpfalz,service,service,0.100,0.500,0.750,0.768,0,5,no,HIGH_OVERLAP,REVIEW_SHARED_FAQ;DIFFERENTIATE_MAIN_CONTENT;REWRITE_FOR_CUSTOMER
/umzug-nuernberg-gostenhof,/umzug-obertraubling,service,service,0.833,0.500,0.750,0.768,0,5,no,HIGH_OVERLAP,REVIEW_SHARED_FAQ;DIFFERENTIATE_MAIN_CONTENT;REWRITE_FOR_CUSTOMER
/umzug-nuernberg-moegeldorf,/umzug-oberasbach,service,service,0.100,0.667,0.750,0.782,0,5,no,HIGH_OVERLAP,REVIEW_SHARED_FAQ;DIFFERENTIATE_MAIN_CONTENT;REWRITE_FOR_CUSTOMER
/umzug-nuernberg-moegeldorf,/umzug-oberpfalz,service,service,0.833,0.667,0.750,0.768,0,5,no,HIGH_OVERLAP,REVIEW_SHARED_FAQ;DIFFERENTIATE_MAIN_CONTENT;REWRITE_FOR_CUSTOMER
/umzug-nuernberg-moegeldorf,/umzug-obertraubling,service,service,0.100,0.667,0.750,0.768,0,5,no,HIGH_OVERLAP,REVIEW_SHARED_FAQ;DIFFERENTIATE_MAIN_CONTENT;REWRITE_FOR_CUSTOMER
/umzug-nuernberg-suedstadt,/umzug-oberasbach,service,service,0.100,0.667,0.750,0.782,0,5,no,HIGH_OVERLAP,REVIEW_SHARED_FAQ;DIFFERENTIATE_MAIN_CONTENT;REWRITE_FOR_CUSTOMER
/umzug-nuernberg-suedstadt,/umzug-oberpfalz,service,service,0.222,0.667,0.750,0.768,0,5,no,HIGH_OVERLAP,REVIEW_SHARED_FAQ;DIFFERENTIATE_MAIN_CONTENT;REWRITE_FOR_CUSTOMER
/umzug-nuernberg-suedstadt,/umzug-obertraubling,service,service,0.100,0.667,0.750,0.768,0,5,no,HIGH_OVERLAP,REVIEW_SHARED_FAQ;DIFFERENTIATE_MAIN_CONTENT;REWRITE_FOR_CUSTOMER
/umzug-nuernberg-suedstadt,/umzug-oberviechtach,service,service,0.222,0.667,0.750,0.782,0,5,no,HIGH_OVERLAP,REVIEW_SHARED_FAQ;DIFFERENTIATE_MAIN_CONTENT;REWRITE_FOR_CUSTOMER
/umzug-nuernberg-suedstadt,/umzug-olching,service,service,0.833,0.667,0.750,0.782,0,5,no,HIGH_OVERLAP,REVIEW_SHARED_FAQ;DIFFERENTIATE_MAIN_CONTENT;REWRITE_FOR_CUSTOMER
/umzug-nuernberg-ziegelstein,/umzug-oberasbach,service,service,0.833,0.667,0.750,0.782,0,5,no,HIGH_OVERLAP,REVIEW_SHARED_FAQ;DIFFERENTIATE_MAIN_CONTENT;REWRITE_FOR_CUSTOMER
/umzug-nuernberg-ziegelstein,/umzug-oberpfalz,service,service,0.100,0.667,0.750,0.768,0,5,no,HIGH_OVERLAP,REVIEW_SHARED_FAQ;DIFFERENTIATE_MAIN_CONTENT;REWRITE_FOR_CUSTOMER
/umzug-nuernberg-ziegelstein,/umzug-obertraubling,service,service,0.833,0.667,0.750,0.768,0,5,no,HIGH_OVERLAP,REVIEW_SHARED_FAQ;DIFFERENTIATE_MAIN_CONTENT;REWRITE_FOR_CUSTOMER
/umzug-nuernberg-ziegelstein,/umzug-oberviechtach,service,service,0.100,0.667,0.750,0.782,0,5,no,HIGH_OVERLAP,REVIEW_SHARED_FAQ;DIFFERENTIATE_MAIN_CONTENT;REWRITE_FOR_CUSTOMER
/umzug-nuernberg-ziegelstein,/umzug-olching,service,service,0.100,0.667,0.750,0.782,0,5,no,HIGH_OVERLAP,REVIEW_SHARED_FAQ;DIFFERENTIATE_MAIN_CONTENT;REWRITE_FOR_CUSTOMER
/umzug-oberasbach,/umzug-oberpfalz,service,service,0.111,1.000,1.000,0.981,0,9,no,HIGH_OVERLAP,REVIEW_SHARED_FAQ;DIFFERENTIATE_MAIN_CONTENT;REWRITE_FOR_CUSTOMER
/umzug-oberasbach,/umzug-obertraubling,service,service,1.000,1.000,1.000,0.981,0,9,no,HIGH_OVERLAP,REVIEW_SHARED_FAQ;DIFFERENTIATE_MAIN_CONTENT;REWRITE_FOR_CUSTOMER
/umzug-oberasbach,/umzug-oberviechtach,service,service,0.111,1.000,1.000,1.000,0,9,no,HIGH_OVERLAP,REVIEW_SHARED_FAQ;DIFFERENTIATE_MAIN_CONTENT;REWRITE_FOR_CUSTOMER
/umzug-oberpfalz,/umzug-obertraubling,service,service,0.111,1.000,1.000,1.000,0,9,no,HIGH_OVERLAP,REVIEW_SHARED_FAQ;DIFFERENTIATE_MAIN_CONTENT;REWRITE_FOR_CUSTOMER
/umzug-oberpfalz,/umzug-oberviechtach,service,service,1.000,1.000,1.000,0.981,0,9,no,HIGH_OVERLAP,REVIEW_SHARED_FAQ;DIFFERENTIATE_MAIN_CONTENT;REWRITE_FOR_CUSTOMER
/umzug-obertraubling,/umzug-oberviechtach,service,service,0.111,1.000,1.000,0.981,0,9,no,HIGH_OVERLAP,REVIEW_SHARED_FAQ;DIFFERENTIATE_MAIN_CONTENT;REWRITE_FOR_CUSTOMER
/umzug-oberviechtach,/umzug-olching,service,service,0.250,1.000,1.000,1.000,0,9,no,HIGH_OVERLAP,REVIEW_SHARED_FAQ;DIFFERENTIATE_MAIN_CONTENT;REWRITE_FOR_CUSTOMER
/umzug-oberviechtach,/umzug-osterhofen,service,service,0.111,1.000,1.000,1.000,0,9,no,HIGH_OVERLAP,REVIEW_SHARED_FAQ;DIFFERENTIATE_MAIN_CONTENT;REWRITE_FOR_CUSTOMER
/umzug-olching,/umzug-osterhofen,service,service,0.250,1.000,1.000,1.000,0,9,no,HIGH_OVERLAP,REVIEW_SHARED_FAQ;DIFFERENTIATE_MAIN_CONTENT;REWRITE_FOR_CUSTOMER
/umzug-olching,/umzug-painten,service,service,0.250,1.000,1.000,1.000,0,9,no,HIGH_OVERLAP,REVIEW_SHARED_FAQ;DIFFERENTIATE_MAIN_CONTENT;REWRITE_FOR_CUSTOMER
/umzug-olching,/umzug-parsberg,service,service,0.111,1.000,1.000,1.000,0,9,no,HIGH_OVERLAP,REVIEW_SHARED_FAQ;DIFFERENTIATE_MAIN_CONTENT;REWRITE_FOR_CUSTOMER
/umzug-olching,/umzug-passau,service,service,0.250,0.667,1.000,0.906,0,6,no,HIGH_OVERLAP,REVIEW_SHARED_FAQ;DIFFERENTIATE_MAIN_CONTENT;REWRITE_FOR_CUSTOMER
/umzug-osterhofen,/umzug-painten,service,service,1.000,1.000,1.000,1.000,0,9,no,HIGH_OVERLAP,REVIEW_SHARED_FAQ;DIFFERENTIATE_MAIN_CONTENT;REWRITE_FOR_CUSTOMER
/umzug-osterhofen,/umzug-parsberg,service,service,0.111,1.000,1.000,1.000,0,9,no,HIGH_OVERLAP,REVIEW_SHARED_FAQ;DIFFERENTIATE_MAIN_CONTENT;REWRITE_FOR_CUSTOMER
/umzug-osterhofen,/umzug-passau,service,service,0.111,0.667,1.000,0.906,0,6,no,HIGH_OVERLAP,REVIEW_SHARED_FAQ;DIFFERENTIATE_MAIN_CONTENT;REWRITE_FOR_CUSTOMER
/umzug-osterhofen,/umzug-pentling,service,service,0.111,1.000,1.000,0.981,0,9,no,HIGH_OVERLAP,REVIEW_SHARED_FAQ;DIFFERENTIATE_MAIN_CONTENT;REWRITE_FOR_CUSTOMER
/umzug-osterhofen,/umzug-pettendorf,service,service,0.111,1.000,1.000,1.000,0,9,no,HIGH_OVERLAP,REVIEW_SHARED_FAQ;DIFFERENTIATE_MAIN_CONTENT;REWRITE_FOR_CUSTOMER
/umzug-painten,/umzug-parsberg,service,service,0.111,1.000,1.000,1.000,0,9,no,HIGH_OVERLAP,REVIEW_SHARED_FAQ;DIFFERENTIATE_MAIN_CONTENT;REWRITE_FOR_CUSTOMER
/umzug-painten,/umzug-passau,service,service,0.111,0.667,1.000,0.906,0,6,no,HIGH_OVERLAP,REVIEW_SHARED_FAQ;DIFFERENTIATE_MAIN_CONTENT;REWRITE_FOR_CUSTOMER
/umzug-painten,/umzug-pentling,service,service,0.111,1.000,1.000,0.981,0,9,no,HIGH_OVERLAP,REVIEW_SHARED_FAQ;DIFFERENTIATE_MAIN_CONTENT;REWRITE_FOR_CUSTOMER
/umzug-painten,/umzug-pettendorf,service,service,0.111,1.000,1.000,1.000,0,9,no,HIGH_OVERLAP,REVIEW_SHARED_FAQ;DIFFERENTIATE_MAIN_CONTENT;REWRITE_FOR_CUSTOMER
/umzug-painten,/umzug-pfaffenhofen,service,service,0.250,1.000,1.000,1.000,0,9,no,HIGH_OVERLAP,REVIEW_SHARED_FAQ;DIFFERENTIATE_MAIN_CONTENT;REWRITE_FOR_CUSTOMER
/umzug-parsberg,/umzug-passau,service,service,0.111,0.667,1.000,0.906,0,6,no,HIGH_OVERLAP,REVIEW_SHARED_FAQ;DIFFERENTIATE_MAIN_CONTENT;REWRITE_FOR_CUSTOMER
/umzug-parsberg,/umzug-pentling,service,service,0.111,1.000,1.000,0.981,0,9,no,HIGH_OVERLAP,REVIEW_SHARED_FAQ;DIFFERENTIATE_MAIN_CONTENT;REWRITE_FOR_CUSTOMER
/umzug-parsberg,/umzug-pettendorf,service,service,0.111,1.000,1.000,1.000,0,9,no,HIGH_OVERLAP,REVIEW_SHARED_FAQ;DIFFERENTIATE_MAIN_CONTENT;REWRITE_FOR_CUSTOMER
/umzug-parsberg,/umzug-pfaffenhofen,service,service,0.111,1.000,1.000,1.000,0,9,no,HIGH_OVERLAP,REVIEW_SHARED_FAQ;DIFFERENTIATE_MAIN_CONTENT;REWRITE_FOR_CUSTOMER
/umzug-passau,/umzug-pentling,service,service,1.000,0.667,1.000,0.923,0,6,no,HIGH_OVERLAP,REVIEW_SHARED_FAQ;DIFFERENTIATE_MAIN_CONTENT;REWRITE_FOR_CUSTOMER
/umzug-passau,/umzug-pettendorf,service,service,1.000,0.667,1.000,0.906,0,6,no,HIGH_OVERLAP,REVIEW_SHARED_FAQ;DIFFERENTIATE_MAIN_CONTENT;REWRITE_FOR_CUSTOMER
/umzug-passau,/umzug-pfaffenhofen,service,service,0.250,0.667,1.000,0.906,0,6,no,HIGH_OVERLAP,REVIEW_SHARED_FAQ;DIFFERENTIATE_MAIN_CONTENT;REWRITE_FOR_CUSTOMER
/umzug-pentling,/umzug-pettendorf,service,service,1.000,1.000,1.000,0.981,0,9,no,HIGH_OVERLAP,REVIEW_SHARED_FAQ;DIFFERENTIATE_MAIN_CONTENT;REWRITE_FOR_CUSTOMER
/umzug-pentling,/umzug-pfaffenhofen,service,service,0.250,1.000,1.000,0.981,0,9,no,HIGH_OVERLAP,REVIEW_SHARED_FAQ;DIFFERENTIATE_MAIN_CONTENT;REWRITE_FOR_CUSTOMER
/umzug-pentling,/umzug-pfarrkirchen,service,service,0.111,1.000,1.000,0.981,0,9,no,HIGH_OVERLAP,REVIEW_SHARED_FAQ;DIFFERENTIATE_MAIN_CONTENT;REWRITE_FOR_CUSTOMER
/umzug-pettendorf,/umzug-pfaffenhofen,service,service,0.250,1.000,1.000,1.000,0,9,no,HIGH_OVERLAP,REVIEW_SHARED_FAQ;DIFFERENTIATE_MAIN_CONTENT;REWRITE_FOR_CUSTOMER
/umzug-pettendorf,/umzug-pfarrkirchen,service,service,0.111,1.000,1.000,1.000,0,9,no,HIGH_OVERLAP,REVIEW_SHARED_FAQ;DIFFERENTIATE_MAIN_CONTENT;REWRITE_FOR_CUSTOMER
/umzug-pfaffenhofen,/umzug-pfarrkirchen,service,service,0.250,1.000,1.000,1.000,0,9,no,HIGH_OVERLAP,REVIEW_SHARED_FAQ;DIFFERENTIATE_MAIN_CONTENT;REWRITE_FOR_CUSTOMER
/umzug-pfaffenhofen,/umzug-pfatter,service,service,1.000,1.000,1.000,1.000,0,9,no,HIGH_OVERLAP,REVIEW_SHARED_FAQ;DIFFERENTIATE_MAIN_CONTENT;REWRITE_FOR_CUSTOMER
/umzug-pfarrkirchen,/umzug-pfatter,service,service,0.250,1.000,1.000,1.000,0,9,no,HIGH_OVERLAP,REVIEW_SHARED_FAQ;DIFFERENTIATE_MAIN_CONTENT;REWRITE_FOR_CUSTOMER
/umzug-pfarrkirchen,/umzug-pfeffenhausen,service,service,0.250,1.000,1.000,1.000,0,9,no,HIGH_OVERLAP,REVIEW_SHARED_FAQ;DIFFERENTIATE_MAIN_CONTENT;REWRITE_FOR_CUSTOMER
/umzug-pfarrkirchen,/umzug-pfreimd,service,service,1.000,1.000,1.000,1.000,0,9,no,HIGH_OVERLAP,REVIEW_SHARED_FAQ;DIFFERENTIATE_MAIN_CONTENT;REWRITE_FOR_CUSTOMER
/umzug-pfarrkirchen,/umzug-pielenhofen,service,service,1.000,1.000,1.000,1.000,0,9,no,HIGH_OVERLAP,REVIEW_SHARED_FAQ;DIFFERENTIATE_MAIN_CONTENT;REWRITE_FOR_CUSTOMER
/umzug-pfatter,/umzug-pfeffenhausen,service,service,1.000,1.000,1.000,1.000,0,9,no,HIGH_OVERLAP,REVIEW_SHARED_FAQ;DIFFERENTIATE_MAIN_CONTENT;REWRITE_FOR_CUSTOMER
/umzug-pfatter,/umzug-pfreimd,service,service,0.250,1.000,1.000,1.000,0,9,no,HIGH_OVERLAP,REVIEW_SHARED_FAQ;DIFFERENTIATE_MAIN_CONTENT;REWRITE_FOR_CUSTOMER
/umzug-pfatter,/umzug-pielenhofen,service,service,0.250,1.000,1.000,1.000,0,9,no,HIGH_OVERLAP,REVIEW_SHARED_FAQ;DIFFERENTIATE_MAIN_CONTENT;REWRITE_FOR_CUSTOMER
/umzug-pfatter,/umzug-plattling,service,service,0.250,1.000,1.000,1.000,0,9,no,HIGH_OVERLAP,REVIEW_SHARED_FAQ;DIFFERENTIATE_MAIN_CONTENT;REWRITE_FOR_CUSTOMER
/umzug-pfatter,/umzug-pocking,service,service,0.250,1.000,1.000,1.000,0,9,no,HIGH_OVERLAP,REVIEW_SHARED_FAQ;DIFFERENTIATE_MAIN_CONTENT;REWRITE_FOR_CUSTOMER
/umzug-pfeffenhausen,/umzug-pfreimd,service,service,0.250,1.000,1.000,1.000,0,9,no,HIGH_OVERLAP,REVIEW_SHARED_FAQ;DIFFERENTIATE_MAIN_CONTENT;REWRITE_FOR_CUSTOMER
/umzug-pfeffenhausen,/umzug-pielenhofen,service,service,0.250,1.000,1.000,1.000,0,9,no,HIGH_OVERLAP,REVIEW_SHARED_FAQ;DIFFERENTIATE_MAIN_CONTENT;REWRITE_FOR_CUSTOMER
/umzug-pfeffenhausen,/umzug-plattling,service,service,0.250,1.000,1.000,1.000,0,9,no,HIGH_OVERLAP,REVIEW_SHARED_FAQ;DIFFERENTIATE_MAIN_CONTENT;REWRITE_FOR_CUSTOMER
/umzug-pfeffenhausen,/umzug-pocking,service,service,0.250,1.000,1.000,1.000,0,9,no,HIGH_OVERLAP,REVIEW_SHARED_FAQ;DIFFERENTIATE_MAIN_CONTENT;REWRITE_FOR_CUSTOMER
/umzug-pfeffenhausen,/umzug-postbauer-heng,service,service,1.000,1.000,1.000,1.000,0,9,no,HIGH_OVERLAP,REVIEW_SHARED_FAQ;DIFFERENTIATE_MAIN_CONTENT;REWRITE_FOR_CUSTOMER
/umzug-pfreimd,/umzug-pielenhofen,service,service,1.000,1.000,1.000,1.000,0,9,no,HIGH_OVERLAP,REVIEW_SHARED_FAQ;DIFFERENTIATE_MAIN_CONTENT;REWRITE_FOR_CUSTOMER
/umzug-pfreimd,/umzug-plattling,service,service,1.000,1.000,1.000,1.000,0,9,no,HIGH_OVERLAP,REVIEW_SHARED_FAQ;DIFFERENTIATE_MAIN_CONTENT;REWRITE_FOR_CUSTOMER
/umzug-pfreimd,/umzug-pocking,service,service,1.000,1.000,1.000,1.000,0,9,no,HIGH_OVERLAP,REVIEW_SHARED_FAQ;DIFFERENTIATE_MAIN_CONTENT;REWRITE_FOR_CUSTOMER
/umzug-pfreimd,/umzug-postbauer-heng,service,service,0.250,1.000,1.000,1.000,0,9,no,HIGH_OVERLAP,REVIEW_SHARED_FAQ;DIFFERENTIATE_MAIN_CONTENT;REWRITE_FOR_CUSTOMER
/umzug-pielenhofen,/umzug-plattling,service,service,1.000,1.000,1.000,1.000,0,9,no,HIGH_OVERLAP,REVIEW_SHARED_FAQ;DIFFERENTIATE_MAIN_CONTENT;REWRITE_FOR_CUSTOMER
/umzug-pielenhofen,/umzug-pocking,service,service,1.000,1.000,1.000,1.000,0,9,no,HIGH_OVERLAP,REVIEW_SHARED_FAQ;DIFFERENTIATE_MAIN_CONTENT;REWRITE_FOR_CUSTOMER
/umzug-pielenhofen,/umzug-postbauer-heng,service,service,0.250,1.000,1.000,1.000,0,9,no,HIGH_OVERLAP,REVIEW_SHARED_FAQ;DIFFERENTIATE_MAIN_CONTENT;REWRITE_FOR_CUSTOMER
/umzug-plattling,/umzug-pocking,service,service,1.000,1.000,1.000,1.000,0,9,no,HIGH_OVERLAP,REVIEW_SHARED_FAQ;DIFFERENTIATE_MAIN_CONTENT;REWRITE_FOR_CUSTOMER
/umzug-plattling,/umzug-postbauer-heng,service,service,0.250,1.000,1.000,1.000,0,9,no,HIGH_OVERLAP,REVIEW_SHARED_FAQ;DIFFERENTIATE_MAIN_CONTENT;REWRITE_FOR_CUSTOMER
/umzug-plattling,/umzug-regen,service,service,0.111,1.000,1.000,1.000,0,9,no,HIGH_OVERLAP,REVIEW_SHARED_FAQ;DIFFERENTIATE_MAIN_CONTENT;REWRITE_FOR_CUSTOMER
/umzug-pocking,/umzug-postbauer-heng,service,service,0.250,1.000,1.000,1.000,0,9,no,HIGH_OVERLAP,REVIEW_SHARED_FAQ;DIFFERENTIATE_MAIN_CONTENT;REWRITE_FOR_CUSTOMER
/umzug-pocking,/umzug-regen,service,service,0.111,1.000,1.000,1.000,0,9,no,HIGH_OVERLAP,REVIEW_SHARED_FAQ;DIFFERENTIATE_MAIN_CONTENT;REWRITE_FOR_CUSTOMER
/umzug-postbauer-heng,/umzug-regen,service,service,0.250,1.000,1.000,1.000,0,9,no,HIGH_OVERLAP,REVIEW_SHARED_FAQ;DIFFERENTIATE_MAIN_CONTENT;REWRITE_FOR_CUSTOMER
/umzug-postbauer-heng,/umzug-regenstauf,service,service,1.000,1.000,1.000,0.981,0,9,no,HIGH_OVERLAP,REVIEW_SHARED_FAQ;DIFFERENTIATE_MAIN_CONTENT;REWRITE_FOR_CUSTOMER
/umzug-regen,/umzug-regenstauf,service,service,0.250,1.000,1.000,0.981,0,9,no,HIGH_OVERLAP,REVIEW_SHARED_FAQ;DIFFERENTIATE_MAIN_CONTENT;REWRITE_FOR_CUSTOMER
/umzug-regen,/umzug-riedenburg,service,service,0.111,1.000,1.000,1.000,0,9,no,HIGH_OVERLAP,REVIEW_SHARED_FAQ;DIFFERENTIATE_MAIN_CONTENT;REWRITE_FOR_CUSTOMER
/umzug-regen,/umzug-riekofen,service,service,1.000,1.000,1.000,1.000,0,9,no,HIGH_OVERLAP,REVIEW_SHARED_FAQ;DIFFERENTIATE_MAIN_CONTENT;REWRITE_FOR_CUSTOMER
/umzug-regen,/umzug-roding,service,service,0.111,1.000,1.000,1.000,0,9,no,HIGH_OVERLAP,REVIEW_SHARED_FAQ;DIFFERENTIATE_MAIN_CONTENT;REWRITE_FOR_CUSTOMER
/umzug-regenstauf,/umzug-riedenburg,service,service,0.250,1.000,1.000,0.981,0,9,no,HIGH_OVERLAP,REVIEW_SHARED_FAQ;DIFFERENTIATE_MAIN_CONTENT;REWRITE_FOR_CUSTOMER
/umzug-regenstauf,/umzug-riekofen,service,service,0.250,1.000,1.000,0.981,0,9,no,HIGH_OVERLAP,REVIEW_SHARED_FAQ;DIFFERENTIATE_MAIN_CONTENT;REWRITE_FOR_CUSTOMER
/umzug-regenstauf,/umzug-roding,service,service,0.250,1.000,1.000,0.981,0,9,no,HIGH_OVERLAP,REVIEW_SHARED_FAQ;DIFFERENTIATE_MAIN_CONTENT;REWRITE_FOR_CUSTOMER
/umzug-regenstauf,/umzug-rosenheim,service,service,1.000,0.667,1.000,0.886,0,6,no,HIGH_OVERLAP,REVIEW_SHARED_FAQ;DIFFERENTIATE_MAIN_CONTENT;REWRITE_FOR_CUSTOMER
/umzug-regenstauf,/umzug-roth,service,service,0.250,1.000,1.000,0.981,0,9,no,HIGH_OVERLAP,REVIEW_SHARED_FAQ;DIFFERENTIATE_MAIN_CONTENT;REWRITE_FOR_CUSTOMER
/umzug-riedenburg,/umzug-riekofen,service,service,0.111,1.000,1.000,1.000,0,9,no,HIGH_OVERLAP,REVIEW_SHARED_FAQ;DIFFERENTIATE_MAIN_CONTENT;REWRITE_FOR_CUSTOMER
/umzug-riedenburg,/umzug-roding,service,service,1.000,1.000,1.000,1.000,0,9,no,HIGH_OVERLAP,REVIEW_SHARED_FAQ;DIFFERENTIATE_MAIN_CONTENT;REWRITE_FOR_CUSTOMER
/umzug-riedenburg,/umzug-rosenheim,service,service,0.250,0.667,1.000,0.904,0,6,no,HIGH_OVERLAP,REVIEW_SHARED_FAQ;DIFFERENTIATE_MAIN_CONTENT;REWRITE_FOR_CUSTOMER
/umzug-riedenburg,/umzug-roth,service,service,0.111,1.000,1.000,1.000,0,9,no,HIGH_OVERLAP,REVIEW_SHARED_FAQ;DIFFERENTIATE_MAIN_CONTENT;REWRITE_FOR_CUSTOMER
/umzug-riedenburg,/umzug-rottenburg-an-der-laaber,service,service,0.250,1.000,1.000,1.000,0,9,no,HIGH_OVERLAP,REVIEW_SHARED_FAQ;DIFFERENTIATE_MAIN_CONTENT;REWRITE_FOR_CUSTOMER
/umzug-riekofen,/umzug-roding,service,service,0.111,1.000,1.000,1.000,0,9,no,HIGH_OVERLAP,REVIEW_SHARED_FAQ;DIFFERENTIATE_MAIN_CONTENT;REWRITE_FOR_CUSTOMER
/umzug-riekofen,/umzug-rosenheim,service,service,0.250,0.667,1.000,0.904,0,6,no,HIGH_OVERLAP,REVIEW_SHARED_FAQ;DIFFERENTIATE_MAIN_CONTENT;REWRITE_FOR_CUSTOMER
/umzug-riekofen,/umzug-roth,service,service,1.000,1.000,1.000,1.000,0,9,no,HIGH_OVERLAP,REVIEW_SHARED_FAQ;DIFFERENTIATE_MAIN_CONTENT;REWRITE_FOR_CUSTOMER
/umzug-riekofen,/umzug-rottenburg-an-der-laaber,service,service,0.250,1.000,1.000,1.000,0,9,no,HIGH_OVERLAP,REVIEW_SHARED_FAQ;DIFFERENTIATE_MAIN_CONTENT;REWRITE_FOR_CUSTOMER
/umzug-roding,/umzug-rosenheim,service,service,0.250,0.667,1.000,0.904,0,6,no,HIGH_OVERLAP,REVIEW_SHARED_FAQ;DIFFERENTIATE_MAIN_CONTENT;REWRITE_FOR_CUSTOMER
/umzug-roding,/umzug-roth,service,service,0.111,1.000,1.000,1.000,0,9,no,HIGH_OVERLAP,REVIEW_SHARED_FAQ;DIFFERENTIATE_MAIN_CONTENT;REWRITE_FOR_CUSTOMER
/umzug-roding,/umzug-rottenburg-an-der-laaber,service,service,0.250,1.000,1.000,1.000,0,9,no,HIGH_OVERLAP,REVIEW_SHARED_FAQ;DIFFERENTIATE_MAIN_CONTENT;REWRITE_FOR_CUSTOMER
/umzug-rosenheim,/umzug-roth,service,service,0.250,0.667,1.000,0.904,0,6,no,HIGH_OVERLAP,REVIEW_SHARED_FAQ;DIFFERENTIATE_MAIN_CONTENT;REWRITE_FOR_CUSTOMER
/umzug-rosenheim,/umzug-rottenburg-an-der-laaber,service,service,1.000,0.667,1.000,0.904,0,6,no,HIGH_OVERLAP,REVIEW_SHARED_FAQ;DIFFERENTIATE_MAIN_CONTENT;REWRITE_FOR_CUSTOMER
/umzug-rosenheim,/umzug-saal-an-der-donau,service,service,0.250,0.667,1.000,0.904,0,6,no,HIGH_OVERLAP,REVIEW_SHARED_FAQ;DIFFERENTIATE_MAIN_CONTENT;REWRITE_FOR_CUSTOMER
/umzug-roth,/umzug-rottenburg-an-der-laaber,service,service,0.250,1.000,1.000,1.000,0,9,no,HIGH_OVERLAP,REVIEW_SHARED_FAQ;DIFFERENTIATE_MAIN_CONTENT;REWRITE_FOR_CUSTOMER
/umzug-roth,/umzug-saal-an-der-donau,service,service,0.111,1.000,1.000,1.000,0,9,no,HIGH_OVERLAP,REVIEW_SHARED_FAQ;DIFFERENTIATE_MAIN_CONTENT;REWRITE_FOR_CUSTOMER
/umzug-rottenburg-an-der-laaber,/umzug-saal-an-der-donau,service,service,0.250,1.000,1.000,1.000,0,9,no,HIGH_OVERLAP,REVIEW_SHARED_FAQ;DIFFERENTIATE_MAIN_CONTENT;REWRITE_FOR_CUSTOMER
/umzug-rottenburg-an-der-laaber,/umzug-schierling,service,service,1.000,1.000,1.000,0.981,0,9,no,HIGH_OVERLAP,REVIEW_SHARED_FAQ;DIFFERENTIATE_MAIN_CONTENT;REWRITE_FOR_CUSTOMER
/umzug-saal-an-der-donau,/umzug-schierling,service,service,0.250,1.000,1.000,0.981,0,9,no,HIGH_OVERLAP,REVIEW_SHARED_FAQ;DIFFERENTIATE_MAIN_CONTENT;REWRITE_FOR_CUSTOMER
/umzug-saal-an-der-donau,/umzug-schnaittenbach,service,service,1.000,1.000,1.000,1.000,0,9,no,HIGH_OVERLAP,REVIEW_SHARED_FAQ;DIFFERENTIATE_MAIN_CONTENT;REWRITE_FOR_CUSTOMER
/umzug-saal-an-der-donau,/umzug-schwabach,service,service,0.111,1.000,1.000,1.000,0,9,no,HIGH_OVERLAP,REVIEW_SHARED_FAQ;DIFFERENTIATE_MAIN_CONTENT;REWRITE_FOR_CUSTOMER
/umzug-saal-an-der-donau,/umzug-schwandorf,service,service,1.000,0.667,1.000,0.898,0,6,no,HIGH_OVERLAP,REVIEW_SHARED_FAQ;DIFFERENTIATE_MAIN_CONTENT;REWRITE_FOR_CUSTOMER
/umzug-schierling,/umzug-schnaittenbach,service,service,0.250,1.000,1.000,0.981,0,9,no,HIGH_OVERLAP,REVIEW_SHARED_FAQ;DIFFERENTIATE_MAIN_CONTENT;REWRITE_FOR_CUSTOMER
/umzug-schierling,/umzug-schwabach,service,service,0.111,1.000,1.000,0.981,0,9,no,HIGH_OVERLAP,REVIEW_SHARED_FAQ;DIFFERENTIATE_MAIN_CONTENT;REWRITE_FOR_CUSTOMER
/umzug-schierling,/umzug-schwandorf,service,service,0.250,0.667,1.000,0.914,0,6,no,HIGH_OVERLAP,REVIEW_SHARED_FAQ;DIFFERENTIATE_MAIN_CONTENT;REWRITE_FOR_CUSTOMER
/umzug-schierling,/umzug-schwarzenfeld,service,service,0.111,1.000,1.000,0.981,0,9,no,HIGH_OVERLAP,REVIEW_SHARED_FAQ;DIFFERENTIATE_MAIN_CONTENT;REWRITE_FOR_CUSTOMER
/umzug-schierling,/umzug-schweinfurt,service,service,1.000,1.000,1.000,0.981,0,9,no,HIGH_OVERLAP,REVIEW_SHARED_FAQ;DIFFERENTIATE_MAIN_CONTENT;REWRITE_FOR_CUSTOMER
/umzug-schnaittenbach,/umzug-schwabach,service,service,0.111,1.000,1.000,1.000,0,9,no,HIGH_OVERLAP,REVIEW_SHARED_FAQ;DIFFERENTIATE_MAIN_CONTENT;REWRITE_FOR_CUSTOMER
/umzug-schnaittenbach,/umzug-schwandorf,service,service,1.000,0.667,1.000,0.898,0,6,no,HIGH_OVERLAP,REVIEW_SHARED_FAQ;DIFFERENTIATE_MAIN_CONTENT;REWRITE_FOR_CUSTOMER
/umzug-schnaittenbach,/umzug-schwarzenfeld,service,service,0.111,1.000,1.000,1.000,0,9,no,HIGH_OVERLAP,REVIEW_SHARED_FAQ;DIFFERENTIATE_MAIN_CONTENT;REWRITE_FOR_CUSTOMER
/umzug-schnaittenbach,/umzug-schweinfurt,service,service,0.250,1.000,1.000,1.000,0,9,no,HIGH_OVERLAP,REVIEW_SHARED_FAQ;DIFFERENTIATE_MAIN_CONTENT;REWRITE_FOR_CUSTOMER
/umzug-schnaittenbach,/umzug-seubersdorf,service,service,0.111,1.000,1.000,1.000,0,9,no,HIGH_OVERLAP,REVIEW_SHARED_FAQ;DIFFERENTIATE_MAIN_CONTENT;REWRITE_FOR_CUSTOMER
/umzug-schwabach,/umzug-schwandorf,service,service,0.111,0.667,1.000,0.898,0,6,no,HIGH_OVERLAP,REVIEW_SHARED_FAQ;DIFFERENTIATE_MAIN_CONTENT;REWRITE_FOR_CUSTOMER
/umzug-schwabach,/umzug-schwarzenfeld,service,service,1.000,1.000,1.000,1.000,0,9,no,HIGH_OVERLAP,REVIEW_SHARED_FAQ;DIFFERENTIATE_MAIN_CONTENT;REWRITE_FOR_CUSTOMER
/umzug-schwabach,/umzug-schweinfurt,service,service,0.111,1.000,1.000,1.000,0,9,no,HIGH_OVERLAP,REVIEW_SHARED_FAQ;DIFFERENTIATE_MAIN_CONTENT;REWRITE_FOR_CUSTOMER
/umzug-schwabach,/umzug-seubersdorf,service,service,1.000,1.000,1.000,1.000,0,9,no,HIGH_OVERLAP,REVIEW_SHARED_FAQ;DIFFERENTIATE_MAIN_CONTENT;REWRITE_FOR_CUSTOMER
/umzug-schwandorf,/umzug-schwarzenfeld,service,service,0.111,0.667,1.000,0.898,0,6,no,HIGH_OVERLAP,REVIEW_SHARED_FAQ;DIFFERENTIATE_MAIN_CONTENT;REWRITE_FOR_CUSTOMER
/umzug-schwandorf,/umzug-schweinfurt,service,service,0.250,0.667,1.000,0.898,0,6,no,HIGH_OVERLAP,REVIEW_SHARED_FAQ;DIFFERENTIATE_MAIN_CONTENT;REWRITE_FOR_CUSTOMER
/umzug-schwandorf,/umzug-seubersdorf,service,service,0.111,0.667,1.000,0.898,0,6,no,HIGH_OVERLAP,REVIEW_SHARED_FAQ;DIFFERENTIATE_MAIN_CONTENT;REWRITE_FOR_CUSTOMER
/umzug-schwarzenfeld,/umzug-schweinfurt,service,service,0.111,1.000,1.000,1.000,0,9,no,HIGH_OVERLAP,REVIEW_SHARED_FAQ;DIFFERENTIATE_MAIN_CONTENT;REWRITE_FOR_CUSTOMER
/umzug-schwarzenfeld,/umzug-seubersdorf,service,service,1.000,1.000,1.000,1.000,0,9,no,HIGH_OVERLAP,REVIEW_SHARED_FAQ;DIFFERENTIATE_MAIN_CONTENT;REWRITE_FOR_CUSTOMER
/umzug-schwarzenfeld,/umzug-simbach-am-inn,service,service,1.000,1.000,1.000,1.000,0,9,no,HIGH_OVERLAP,REVIEW_SHARED_FAQ;DIFFERENTIATE_MAIN_CONTENT;REWRITE_FOR_CUSTOMER
/umzug-schweinfurt,/umzug-seubersdorf,service,service,0.111,1.000,1.000,1.000,0,9,no,HIGH_OVERLAP,REVIEW_SHARED_FAQ;DIFFERENTIATE_MAIN_CONTENT;REWRITE_FOR_CUSTOMER
/umzug-schweinfurt,/umzug-simbach-am-inn,service,service,0.111,1.000,1.000,1.000,0,9,no,HIGH_OVERLAP,REVIEW_SHARED_FAQ;DIFFERENTIATE_MAIN_CONTENT;REWRITE_FOR_CUSTOMER
/umzug-seubersdorf,/umzug-simbach-am-inn,service,service,1.000,1.000,1.000,1.000,0,9,no,HIGH_OVERLAP,REVIEW_SHARED_FAQ;DIFFERENTIATE_MAIN_CONTENT;REWRITE_FOR_CUSTOMER
/umzug-seubersdorf,/umzug-sinzing,service,service,0.111,1.000,1.000,0.981,0,9,no,HIGH_OVERLAP,REVIEW_SHARED_FAQ;DIFFERENTIATE_MAIN_CONTENT;REWRITE_FOR_CUSTOMER
/umzug-simbach-am-inn,/umzug-sinzing,service,service,0.111,1.000,1.000,0.981,0,9,no,HIGH_OVERLAP,REVIEW_SHARED_FAQ;DIFFERENTIATE_MAIN_CONTENT;REWRITE_FOR_CUSTOMER
/umzug-simbach-am-inn,/umzug-starnberg,service,service,0.111,0.667,1.000,0.904,0,6,no,HIGH_OVERLAP,REVIEW_SHARED_FAQ;DIFFERENTIATE_MAIN_CONTENT;REWRITE_FOR_CUSTOMER
/umzug-simbach-am-inn,/umzug-steinberg-am-see,service,service,1.000,1.000,1.000,1.000,0,9,no,HIGH_OVERLAP,REVIEW_SHARED_FAQ;DIFFERENTIATE_MAIN_CONTENT;REWRITE_FOR_CUSTOMER
/umzug-simbach-am-inn,/umzug-straubing,service,service,0.111,0.667,1.000,0.906,0,6,no,HIGH_OVERLAP,REVIEW_SHARED_FAQ;DIFFERENTIATE_MAIN_CONTENT;REWRITE_FOR_CUSTOMER
/umzug-sinzing,/umzug-starnberg,service,service,1.000,0.667,1.000,0.886,0,6,no,HIGH_OVERLAP,REVIEW_SHARED_FAQ;DIFFERENTIATE_MAIN_CONTENT;REWRITE_FOR_CUSTOMER
/umzug-sinzing,/umzug-steinberg-am-see,service,service,0.111,1.000,1.000,0.981,0,9,no,HIGH_OVERLAP,REVIEW_SHARED_FAQ;DIFFERENTIATE_MAIN_CONTENT;REWRITE_FOR_CUSTOMER
/umzug-sinzing,/umzug-straubing,service,service,0.250,0.667,1.000,0.923,0,6,no,HIGH_OVERLAP,REVIEW_SHARED_FAQ;DIFFERENTIATE_MAIN_CONTENT;REWRITE_FOR_CUSTOMER
/umzug-sinzing,/umzug-suenching,service,service,0.111,1.000,1.000,0.981,0,9,no,HIGH_OVERLAP,REVIEW_SHARED_FAQ;DIFFERENTIATE_MAIN_CONTENT;REWRITE_FOR_CUSTOMER
/umzug-sinzing,/umzug-sulzbach-rosenberg,service,service,0.111,1.000,1.000,0.981,0,9,no,HIGH_OVERLAP,REVIEW_SHARED_FAQ;DIFFERENTIATE_MAIN_CONTENT;REWRITE_FOR_CUSTOMER
/umzug-starnberg,/umzug-steinberg-am-see,service,service,0.111,0.667,1.000,0.904,0,6,no,HIGH_OVERLAP,REVIEW_SHARED_FAQ;DIFFERENTIATE_MAIN_CONTENT;REWRITE_FOR_CUSTOMER
/umzug-starnberg,/umzug-straubing,service,service,0.250,0.500,1.000,0.915,0,6,no,HIGH_OVERLAP,REVIEW_SHARED_FAQ;DIFFERENTIATE_MAIN_CONTENT;REWRITE_FOR_CUSTOMER
/umzug-starnberg,/umzug-suenching,service,service,0.111,0.667,1.000,0.904,0,6,no,HIGH_OVERLAP,REVIEW_SHARED_FAQ;DIFFERENTIATE_MAIN_CONTENT;REWRITE_FOR_CUSTOMER
/umzug-starnberg,/umzug-sulzbach-rosenberg,service,service,0.111,0.667,1.000,0.904,0,6,no,HIGH_OVERLAP,REVIEW_SHARED_FAQ;DIFFERENTIATE_MAIN_CONTENT;REWRITE_FOR_CUSTOMER
/umzug-starnberg,/umzug-tegernheim,service,service,1.000,0.667,1.000,0.886,0,6,no,HIGH_OVERLAP,REVIEW_SHARED_FAQ;DIFFERENTIATE_MAIN_CONTENT;REWRITE_FOR_CUSTOMER
/umzug-steinberg-am-see,/umzug-straubing,service,service,0.111,0.667,1.000,0.906,0,6,no,HIGH_OVERLAP,REVIEW_SHARED_FAQ;DIFFERENTIATE_MAIN_CONTENT;REWRITE_FOR_CUSTOMER
/umzug-steinberg-am-see,/umzug-suenching,service,service,1.000,1.000,1.000,1.000,0,9,no,HIGH_OVERLAP,REVIEW_SHARED_FAQ;DIFFERENTIATE_MAIN_CONTENT;REWRITE_FOR_CUSTOMER
/umzug-steinberg-am-see,/umzug-sulzbach-rosenberg,service,service,1.000,1.000,1.000,1.000,0,9,no,HIGH_OVERLAP,REVIEW_SHARED_FAQ;DIFFERENTIATE_MAIN_CONTENT;REWRITE_FOR_CUSTOMER
/umzug-steinberg-am-see,/umzug-tegernheim,service,service,0.111,1.000,1.000,0.981,0,9,no,HIGH_OVERLAP,REVIEW_SHARED_FAQ;DIFFERENTIATE_MAIN_CONTENT;REWRITE_FOR_CUSTOMER
/umzug-straubing,/umzug-suenching,service,service,0.111,0.667,1.000,0.906,0,6,no,HIGH_OVERLAP,REVIEW_SHARED_FAQ;DIFFERENTIATE_MAIN_CONTENT;REWRITE_FOR_CUSTOMER
/umzug-straubing,/umzug-sulzbach-rosenberg,service,service,0.111,0.667,1.000,0.906,0,6,no,HIGH_OVERLAP,REVIEW_SHARED_FAQ;DIFFERENTIATE_MAIN_CONTENT;REWRITE_FOR_CUSTOMER
/umzug-straubing,/umzug-tegernheim,service,service,0.250,0.667,1.000,0.923,0,6,no,HIGH_OVERLAP,REVIEW_SHARED_FAQ;DIFFERENTIATE_MAIN_CONTENT;REWRITE_FOR_CUSTOMER
/umzug-suenching,/umzug-sulzbach-rosenberg,service,service,1.000,1.000,1.000,1.000,0,9,no,HIGH_OVERLAP,REVIEW_SHARED_FAQ;DIFFERENTIATE_MAIN_CONTENT;REWRITE_FOR_CUSTOMER
/umzug-suenching,/umzug-tegernheim,service,service,0.111,1.000,1.000,0.981,0,9,no,HIGH_OVERLAP,REVIEW_SHARED_FAQ;DIFFERENTIATE_MAIN_CONTENT;REWRITE_FOR_CUSTOMER
/umzug-suenching,/umzug-teublitz,service,service,0.111,1.000,1.000,0.981,0,9,no,HIGH_OVERLAP,REVIEW_SHARED_FAQ;DIFFERENTIATE_MAIN_CONTENT;REWRITE_FOR_CUSTOMER
/umzug-sulzbach-rosenberg,/umzug-tegernheim,service,service,0.111,1.000,1.000,0.981,0,9,no,HIGH_OVERLAP,REVIEW_SHARED_FAQ;DIFFERENTIATE_MAIN_CONTENT;REWRITE_FOR_CUSTOMER
/umzug-sulzbach-rosenberg,/umzug-teublitz,service,service,0.111,1.000,1.000,0.981,0,9,no,HIGH_OVERLAP,REVIEW_SHARED_FAQ;DIFFERENTIATE_MAIN_CONTENT;REWRITE_FOR_CUSTOMER
/umzug-tegernheim,/umzug-teublitz,service,service,0.250,1.000,1.000,1.000,0,9,no,HIGH_OVERLAP,REVIEW_SHARED_FAQ;DIFFERENTIATE_MAIN_CONTENT;REWRITE_FOR_CUSTOMER
/umzug-tegernheim,/umzug-thalmassing,service,service,0.250,1.000,1.000,0.981,0,9,no,HIGH_OVERLAP,REVIEW_SHARED_FAQ;DIFFERENTIATE_MAIN_CONTENT;REWRITE_FOR_CUSTOMER
/umzug-teublitz,/umzug-thalmassing,service,service,0.111,1.000,1.000,0.981,0,9,no,HIGH_OVERLAP,REVIEW_SHARED_FAQ;DIFFERENTIATE_MAIN_CONTENT;REWRITE_FOR_CUSTOMER
/umzug-teublitz,/umzug-tirschenreuth,service,service,0.111,1.000,1.000,0.981,0,9,no,HIGH_OVERLAP,REVIEW_SHARED_FAQ;DIFFERENTIATE_MAIN_CONTENT;REWRITE_FOR_CUSTOMER
/umzug-teublitz,/umzug-unterhaching,service,service,0.250,1.000,1.000,0.981,0,9,no,HIGH_OVERLAP,REVIEW_SHARED_FAQ;DIFFERENTIATE_MAIN_CONTENT;REWRITE_FOR_CUSTOMER
/umzug-teublitz,/umzug-velburg,service,service,1.000,1.000,1.000,0.981,0,9,no,HIGH_OVERLAP,REVIEW_SHARED_FAQ;DIFFERENTIATE_MAIN_CONTENT;REWRITE_FOR_CUSTOMER
/umzug-thalmassing,/umzug-tirschenreuth,service,service,0.111,1.000,1.000,1.000,0,9,no,HIGH_OVERLAP,REVIEW_SHARED_FAQ;DIFFERENTIATE_MAIN_CONTENT;REWRITE_FOR_CUSTOMER
/umzug-thalmassing,/umzug-unterhaching,service,service,0.250,1.000,1.000,1.000,0,9,no,HIGH_OVERLAP,REVIEW_SHARED_FAQ;DIFFERENTIATE_MAIN_CONTENT;REWRITE_FOR_CUSTOMER
/umzug-thalmassing,/umzug-velburg,service,service,0.111,1.000,1.000,1.000,0,9,no,HIGH_OVERLAP,REVIEW_SHARED_FAQ;DIFFERENTIATE_MAIN_CONTENT;REWRITE_FOR_CUSTOMER
/umzug-thalmassing,/umzug-viechtach,service,service,0.111,1.000,1.000,1.000,0,9,no,HIGH_OVERLAP,REVIEW_SHARED_FAQ;DIFFERENTIATE_MAIN_CONTENT;REWRITE_FOR_CUSTOMER
/umzug-thalmassing,/umzug-vilsbiburg,service,service,0.111,1.000,1.000,1.000,0,9,no,HIGH_OVERLAP,REVIEW_SHARED_FAQ;DIFFERENTIATE_MAIN_CONTENT;REWRITE_FOR_CUSTOMER
/umzug-tirschenreuth,/umzug-unterhaching,service,service,0.111,1.000,1.000,1.000,0,9,no,HIGH_OVERLAP,REVIEW_SHARED_FAQ;DIFFERENTIATE_MAIN_CONTENT;REWRITE_FOR_CUSTOMER
/umzug-tirschenreuth,/umzug-velburg,service,service,0.111,1.000,1.000,1.000,0,9,no,HIGH_OVERLAP,REVIEW_SHARED_FAQ;DIFFERENTIATE_MAIN_CONTENT;REWRITE_FOR_CUSTOMER
/umzug-tirschenreuth,/umzug-viechtach,service,service,0.111,1.000,1.000,1.000,0,9,no,HIGH_OVERLAP,REVIEW_SHARED_FAQ;DIFFERENTIATE_MAIN_CONTENT;REWRITE_FOR_CUSTOMER
/umzug-tirschenreuth,/umzug-vilsbiburg,service,service,0.111,1.000,1.000,1.000,0,9,no,HIGH_OVERLAP,REVIEW_SHARED_FAQ;DIFFERENTIATE_MAIN_CONTENT;REWRITE_FOR_CUSTOMER
/umzug-tirschenreuth,/umzug-vilseck,service,service,0.111,1.000,1.000,1.000,0,9,no,HIGH_OVERLAP,REVIEW_SHARED_FAQ;DIFFERENTIATE_MAIN_CONTENT;REWRITE_FOR_CUSTOMER
/umzug-unterhaching,/umzug-velburg,service,service,0.250,1.000,1.000,1.000,0,9,no,HIGH_OVERLAP,REVIEW_SHARED_FAQ;DIFFERENTIATE_MAIN_CONTENT;REWRITE_FOR_CUSTOMER
/umzug-unterhaching,/umzug-viechtach,service,service,0.250,1.000,1.000,1.000,0,9,no,HIGH_OVERLAP,REVIEW_SHARED_FAQ;DIFFERENTIATE_MAIN_CONTENT;REWRITE_FOR_CUSTOMER
/umzug-unterhaching,/umzug-vilsbiburg,service,service,0.250,1.000,1.000,1.000,0,9,no,HIGH_OVERLAP,REVIEW_SHARED_FAQ;DIFFERENTIATE_MAIN_CONTENT;REWRITE_FOR_CUSTOMER
/umzug-unterhaching,/umzug-vilseck,service,service,0.250,1.000,1.000,1.000,0,9,no,HIGH_OVERLAP,REVIEW_SHARED_FAQ;DIFFERENTIATE_MAIN_CONTENT;REWRITE_FOR_CUSTOMER
/umzug-velburg,/umzug-viechtach,service,service,1.000,1.000,1.000,1.000,0,9,no,HIGH_OVERLAP,REVIEW_SHARED_FAQ;DIFFERENTIATE_MAIN_CONTENT;REWRITE_FOR_CUSTOMER
/umzug-velburg,/umzug-vilsbiburg,service,service,1.000,1.000,1.000,1.000,0,9,no,HIGH_OVERLAP,REVIEW_SHARED_FAQ;DIFFERENTIATE_MAIN_CONTENT;REWRITE_FOR_CUSTOMER
/umzug-velburg,/umzug-vilseck,service,service,0.111,1.000,1.000,1.000,0,9,no,HIGH_OVERLAP,REVIEW_SHARED_FAQ;DIFFERENTIATE_MAIN_CONTENT;REWRITE_FOR_CUSTOMER
/umzug-viechtach,/umzug-vilsbiburg,service,service,1.000,1.000,1.000,1.000,0,9,no,HIGH_OVERLAP,REVIEW_SHARED_FAQ;DIFFERENTIATE_MAIN_CONTENT;REWRITE_FOR_CUSTOMER
/umzug-viechtach,/umzug-vilseck,service,service,0.111,1.000,1.000,1.000,0,9,no,HIGH_OVERLAP,REVIEW_SHARED_FAQ;DIFFERENTIATE_MAIN_CONTENT;REWRITE_FOR_CUSTOMER
/umzug-viechtach,/umzug-vilshofen,service,service,0.111,1.000,1.000,1.000,0,9,no,HIGH_OVERLAP,REVIEW_SHARED_FAQ;DIFFERENTIATE_MAIN_CONTENT;REWRITE_FOR_CUSTOMER
/umzug-vilsbiburg,/umzug-vilseck,service,service,0.111,1.000,1.000,1.000,0,9,no,HIGH_OVERLAP,REVIEW_SHARED_FAQ;DIFFERENTIATE_MAIN_CONTENT;REWRITE_FOR_CUSTOMER
/umzug-vilsbiburg,/umzug-vilshofen,service,service,0.111,1.000,1.000,1.000,0,9,no,HIGH_OVERLAP,REVIEW_SHARED_FAQ;DIFFERENTIATE_MAIN_CONTENT;REWRITE_FOR_CUSTOMER
/umzug-vilseck,/umzug-vilshofen,service,service,0.111,1.000,1.000,1.000,0,9,no,HIGH_OVERLAP,REVIEW_SHARED_FAQ;DIFFERENTIATE_MAIN_CONTENT;REWRITE_FOR_CUSTOMER
/umzug-vilseck,/umzug-vohburg,service,service,1.000,1.000,1.000,1.000,0,9,no,HIGH_OVERLAP,REVIEW_SHARED_FAQ;DIFFERENTIATE_MAIN_CONTENT;REWRITE_FOR_CUSTOMER
/umzug-vilshofen,/umzug-vohburg,service,service,0.111,1.000,1.000,1.000,0,9,no,HIGH_OVERLAP,REVIEW_SHARED_FAQ;DIFFERENTIATE_MAIN_CONTENT;REWRITE_FOR_CUSTOMER
/umzug-vilshofen,/umzug-vohenstrauss,service,service,0.125,1.000,1.000,0.927,0,9,no,HIGH_OVERLAP,REVIEW_SHARED_FAQ;DIFFERENTIATE_MAIN_CONTENT;REWRITE_FOR_CUSTOMER
/umzug-vilshofen,/umzug-wackersdorf,service,service,0.111,1.000,1.000,1.000,0,9,no,HIGH_OVERLAP,REVIEW_SHARED_FAQ;DIFFERENTIATE_MAIN_CONTENT;REWRITE_FOR_CUSTOMER
/umzug-vilshofen,/umzug-waldkirchen,service,service,0.111,1.000,1.000,1.000,0,9,no,HIGH_OVERLAP,REVIEW_SHARED_FAQ;DIFFERENTIATE_MAIN_CONTENT;REWRITE_FOR_CUSTOMER
/umzug-vohburg,/umzug-vohenstrauss,service,service,0.286,1.000,1.000,0.927,0,9,no,HIGH_OVERLAP,REVIEW_SHARED_FAQ;DIFFERENTIATE_MAIN_CONTENT;REWRITE_FOR_CUSTOMER
/umzug-vohburg,/umzug-wackersdorf,service,service,1.000,1.000,1.000,1.000,0,9,no,HIGH_OVERLAP,REVIEW_SHARED_FAQ;DIFFERENTIATE_MAIN_CONTENT;REWRITE_FOR_CUSTOMER
/umzug-vohburg,/umzug-waldkirchen,service,service,0.250,1.000,1.000,1.000,0,9,no,HIGH_OVERLAP,REVIEW_SHARED_FAQ;DIFFERENTIATE_MAIN_CONTENT;REWRITE_FOR_CUSTOMER
/umzug-vohburg,/umzug-waldmuenchen,service,service,0.111,1.000,1.000,0.907,0,6,no,HIGH_OVERLAP,REVIEW_SHARED_FAQ;DIFFERENTIATE_MAIN_CONTENT;REWRITE_FOR_CUSTOMER
/umzug-vohburg,/umzug-weiden,service,service,0.200,0.667,1.000,0.908,0,6,no,HIGH_OVERLAP,REVIEW_SHARED_FAQ;DIFFERENTIATE_MAIN_CONTENT;REWRITE_FOR_CUSTOMER
/umzug-vohenstrauss,/umzug-wackersdorf,service,service,0.286,1.000,1.000,0.927,0,9,no,HIGH_OVERLAP,REVIEW_SHARED_FAQ;DIFFERENTIATE_MAIN_CONTENT;REWRITE_FOR_CUSTOMER
/umzug-vohenstrauss,/umzug-waldkirchen,service,service,0.286,1.000,1.000,0.927,0,9,no,HIGH_OVERLAP,REVIEW_SHARED_FAQ;DIFFERENTIATE_MAIN_CONTENT;REWRITE_FOR_CUSTOMER
/umzug-vohenstrauss,/umzug-waldmuenchen,service,service,0.125,1.000,1.000,0.845,0,6,no,HIGH_OVERLAP,REVIEW_SHARED_FAQ;DIFFERENTIATE_MAIN_CONTENT;REWRITE_FOR_CUSTOMER
/umzug-vohenstrauss,/umzug-weiden,service,service,0.100,0.667,1.000,0.846,0,6,no,HIGH_OVERLAP,REVIEW_SHARED_FAQ;DIFFERENTIATE_MAIN_CONTENT;REWRITE_FOR_CUSTOMER
/umzug-vohenstrauss,/umzug-weilheim-in-oberbayern,service,service,0.286,1.000,1.000,0.927,0,9,no,HIGH_OVERLAP,REVIEW_SHARED_FAQ;DIFFERENTIATE_MAIN_CONTENT;REWRITE_FOR_CUSTOMER
/umzug-wackersdorf,/umzug-waldkirchen,service,service,0.250,1.000,1.000,1.000,0,9,no,HIGH_OVERLAP,REVIEW_SHARED_FAQ;DIFFERENTIATE_MAIN_CONTENT;REWRITE_FOR_CUSTOMER
/umzug-wackersdorf,/umzug-waldmuenchen,service,service,0.111,1.000,1.000,0.907,0,6,no,HIGH_OVERLAP,REVIEW_SHARED_FAQ;DIFFERENTIATE_MAIN_CONTENT;REWRITE_FOR_CUSTOMER
/umzug-wackersdorf,/umzug-weiden,service,service,0.200,0.667,1.000,0.908,0,6,no,HIGH_OVERLAP,REVIEW_SHARED_FAQ;DIFFERENTIATE_MAIN_CONTENT;REWRITE_FOR_CUSTOMER
/umzug-wackersdorf,/umzug-weilheim-in-oberbayern,service,service,0.250,1.000,1.000,1.000,0,9,no,HIGH_OVERLAP,REVIEW_SHARED_FAQ;DIFFERENTIATE_MAIN_CONTENT;REWRITE_FOR_CUSTOMER
/umzug-waldkirchen,/umzug-waldmuenchen,service,service,0.250,1.000,1.000,0.907,0,6,no,HIGH_OVERLAP,REVIEW_SHARED_FAQ;DIFFERENTIATE_MAIN_CONTENT;REWRITE_FOR_CUSTOMER
/umzug-waldkirchen,/umzug-weiden,service,service,0.200,0.667,1.000,0.908,0,6,no,HIGH_OVERLAP,REVIEW_SHARED_FAQ;DIFFERENTIATE_MAIN_CONTENT;REWRITE_FOR_CUSTOMER
/umzug-waldkirchen,/umzug-weilheim-in-oberbayern,service,service,1.000,1.000,1.000,1.000,0,9,no,HIGH_OVERLAP,REVIEW_SHARED_FAQ;DIFFERENTIATE_MAIN_CONTENT;REWRITE_FOR_CUSTOMER
/umzug-waldmuenchen,/umzug-weiden,service,service,0.200,0.667,1.000,0.942,0,6,no,HIGH_OVERLAP,REVIEW_SHARED_FAQ;DIFFERENTIATE_MAIN_CONTENT;REWRITE_FOR_CUSTOMER
/umzug-waldmuenchen,/umzug-weilheim-in-oberbayern,service,service,0.250,1.000,1.000,0.907,0,6,no,HIGH_OVERLAP,REVIEW_SHARED_FAQ;DIFFERENTIATE_MAIN_CONTENT;REWRITE_FOR_CUSTOMER
/umzug-waldmuenchen,/umzug-wendelstein,service,service,0.111,1.000,1.000,0.907,0,6,no,HIGH_OVERLAP,REVIEW_SHARED_FAQ;DIFFERENTIATE_MAIN_CONTENT;REWRITE_FOR_CUSTOMER
/umzug-weiden,/umzug-weilheim-in-oberbayern,service,service,0.200,0.667,1.000,0.908,0,6,no,HIGH_OVERLAP,REVIEW_SHARED_FAQ;DIFFERENTIATE_MAIN_CONTENT;REWRITE_FOR_CUSTOMER
/umzug-weiden,/umzug-wendelstein,service,service,0.091,0.667,1.000,0.908,0,6,no,HIGH_OVERLAP,REVIEW_SHARED_FAQ;DIFFERENTIATE_MAIN_CONTENT;REWRITE_FOR_CUSTOMER
/umzug-weilheim-in-oberbayern,/umzug-wendelstein,service,service,0.111,1.000,1.000,1.000,0,9,no,HIGH_OVERLAP,REVIEW_SHARED_FAQ;DIFFERENTIATE_MAIN_CONTENT;REWRITE_FOR_CUSTOMER
/umzug-weilheim-in-oberbayern,/umzug-wenzenbach,service,service,0.250,1.000,1.000,0.981,0,9,no,HIGH_OVERLAP,REVIEW_SHARED_FAQ;DIFFERENTIATE_MAIN_CONTENT;REWRITE_FOR_CUSTOMER
/umzug-wendelstein,/umzug-wenzenbach,service,service,0.111,1.000,1.000,0.981,0,9,no,HIGH_OVERLAP,REVIEW_SHARED_FAQ;DIFFERENTIATE_MAIN_CONTENT;REWRITE_FOR_CUSTOMER
/umzug-wendelstein,/umzug-wernberg-koeblitz,service,service,0.111,1.000,1.000,1.000,0,9,no,HIGH_OVERLAP,REVIEW_SHARED_FAQ;DIFFERENTIATE_MAIN_CONTENT;REWRITE_FOR_CUSTOMER
/umzug-wendelstein,/umzug-wiesent,service,service,0.111,1.000,1.000,1.000,0,9,no,HIGH_OVERLAP,REVIEW_SHARED_FAQ;DIFFERENTIATE_MAIN_CONTENT;REWRITE_FOR_CUSTOMER
/umzug-wendelstein,/umzug-windischeschenbach,service,service,0.111,1.000,1.000,1.000,0,9,no,HIGH_OVERLAP,REVIEW_SHARED_FAQ;DIFFERENTIATE_MAIN_CONTENT;REWRITE_FOR_CUSTOMER
/umzug-wenzenbach,/umzug-wernberg-koeblitz,service,service,1.000,1.000,1.000,0.981,0,9,no,HIGH_OVERLAP,REVIEW_SHARED_FAQ;DIFFERENTIATE_MAIN_CONTENT;REWRITE_FOR_CUSTOMER
/umzug-wenzenbach,/umzug-wiesent,service,service,1.000,1.000,1.000,0.981,0,9,no,HIGH_OVERLAP,REVIEW_SHARED_FAQ;DIFFERENTIATE_MAIN_CONTENT;REWRITE_FOR_CUSTOMER
/umzug-wenzenbach,/umzug-windischeschenbach,service,service,1.000,1.000,1.000,0.981,0,9,no,HIGH_OVERLAP,REVIEW_SHARED_FAQ;DIFFERENTIATE_MAIN_CONTENT;REWRITE_FOR_CUSTOMER
/umzug-wenzenbach,/umzug-woerth-an-der-donau,service,service,1.000,1.000,1.000,1.000,0,9,no,HIGH_OVERLAP,REVIEW_SHARED_FAQ;DIFFERENTIATE_MAIN_CONTENT;REWRITE_FOR_CUSTOMER
/umzug-wenzenbach,/umzug-wolfsegg,service,service,0.250,1.000,1.000,0.981,0,9,no,HIGH_OVERLAP,REVIEW_SHARED_FAQ;DIFFERENTIATE_MAIN_CONTENT;REWRITE_FOR_CUSTOMER
/umzug-wernberg-koeblitz,/umzug-wiesent,service,service,1.000,1.000,1.000,1.000,0,9,no,HIGH_OVERLAP,REVIEW_SHARED_FAQ;DIFFERENTIATE_MAIN_CONTENT;REWRITE_FOR_CUSTOMER
/umzug-wernberg-koeblitz,/umzug-windischeschenbach,service,service,1.000,1.000,1.000,1.000,0,9,no,HIGH_OVERLAP,REVIEW_SHARED_FAQ;DIFFERENTIATE_MAIN_CONTENT;REWRITE_FOR_CUSTOMER
/umzug-wernberg-koeblitz,/umzug-woerth-an-der-donau,service,service,1.000,1.000,1.000,0.981,0,9,no,HIGH_OVERLAP,REVIEW_SHARED_FAQ;DIFFERENTIATE_MAIN_CONTENT;REWRITE_FOR_CUSTOMER
/umzug-wernberg-koeblitz,/umzug-wolfsegg,service,service,0.250,1.000,1.000,1.000,0,9,no,HIGH_OVERLAP,REVIEW_SHARED_FAQ;DIFFERENTIATE_MAIN_CONTENT;REWRITE_FOR_CUSTOMER
/umzug-wernberg-koeblitz,/umzug-wolnzach,service,service,0.111,1.000,1.000,1.000,0,9,no,HIGH_OVERLAP,REVIEW_SHARED_FAQ;DIFFERENTIATE_MAIN_CONTENT;REWRITE_FOR_CUSTOMER
/umzug-wiesent,/umzug-windischeschenbach,service,service,1.000,1.000,1.000,1.000,0,9,no,HIGH_OVERLAP,REVIEW_SHARED_FAQ;DIFFERENTIATE_MAIN_CONTENT;REWRITE_FOR_CUSTOMER
/umzug-wiesent,/umzug-woerth-an-der-donau,service,service,1.000,1.000,1.000,0.981,0,9,no,HIGH_OVERLAP,REVIEW_SHARED_FAQ;DIFFERENTIATE_MAIN_CONTENT;REWRITE_FOR_CUSTOMER
/umzug-wiesent,/umzug-wolfsegg,service,service,0.250,1.000,1.000,1.000,0,9,no,HIGH_OVERLAP,REVIEW_SHARED_FAQ;DIFFERENTIATE_MAIN_CONTENT;REWRITE_FOR_CUSTOMER
/umzug-wiesent,/umzug-wolnzach,service,service,0.111,1.000,1.000,1.000,0,9,no,HIGH_OVERLAP,REVIEW_SHARED_FAQ;DIFFERENTIATE_MAIN_CONTENT;REWRITE_FOR_CUSTOMER
/umzug-windischeschenbach,/umzug-woerth-an-der-donau,service,service,1.000,1.000,1.000,0.981,0,9,no,HIGH_OVERLAP,REVIEW_SHARED_FAQ;DIFFERENTIATE_MAIN_CONTENT;REWRITE_FOR_CUSTOMER
/umzug-windischeschenbach,/umzug-wolfsegg,service,service,0.250,1.000,1.000,1.000,0,9,no,HIGH_OVERLAP,REVIEW_SHARED_FAQ;DIFFERENTIATE_MAIN_CONTENT;REWRITE_FOR_CUSTOMER
/umzug-windischeschenbach,/umzug-wolnzach,service,service,0.111,1.000,1.000,1.000,0,9,no,HIGH_OVERLAP,REVIEW_SHARED_FAQ;DIFFERENTIATE_MAIN_CONTENT;REWRITE_FOR_CUSTOMER
/umzug-woerth-an-der-donau,/umzug-wolfsegg,service,service,0.250,1.000,1.000,0.981,0,9,no,HIGH_OVERLAP,REVIEW_SHARED_FAQ;DIFFERENTIATE_MAIN_CONTENT;REWRITE_FOR_CUSTOMER
/umzug-woerth-an-der-donau,/umzug-wolnzach,service,service,0.111,1.000,1.000,0.981,0,9,no,HIGH_OVERLAP,REVIEW_SHARED_FAQ;DIFFERENTIATE_MAIN_CONTENT;REWRITE_FOR_CUSTOMER
/umzug-woerth-an-der-donau,/umzug-zeitlarn,service,service,1.000,1.000,1.000,1.000,0,9,no,HIGH_OVERLAP,REVIEW_SHARED_FAQ;DIFFERENTIATE_MAIN_CONTENT;REWRITE_FOR_CUSTOMER
/umzug-wolfsegg,/umzug-wolnzach,service,service,0.111,1.000,1.000,1.000,0,9,no,HIGH_OVERLAP,REVIEW_SHARED_FAQ;DIFFERENTIATE_MAIN_CONTENT;REWRITE_FOR_CUSTOMER
/umzug-wolfsegg,/umzug-zeitlarn,service,service,0.250,1.000,1.000,0.981,0,9,no,HIGH_OVERLAP,REVIEW_SHARED_FAQ;DIFFERENTIATE_MAIN_CONTENT;REWRITE_FOR_CUSTOMER
/umzug-wolnzach,/umzug-zeitlarn,service,service,0.111,1.000,1.000,0.981,0,9,no,HIGH_OVERLAP,REVIEW_SHARED_FAQ;DIFFERENTIATE_MAIN_CONTENT;REWRITE_FOR_CUSTOMER
/umzug-wolnzach,/umzug-zirndorf,service,service,1.000,1.000,1.000,1.000,0,9,no,HIGH_OVERLAP,REVIEW_SHARED_FAQ;DIFFERENTIATE_MAIN_CONTENT;REWRITE_FOR_CUSTOMER
/umzug-zeitlarn,/umzug-zirndorf,service,service,0.111,1.000,1.000,0.981,0,9,no,HIGH_OVERLAP,REVIEW_SHARED_FAQ;DIFFERENTIATE_MAIN_CONTENT;REWRITE_FOR_CUSTOMER
/umzug-zeitlarn,/umzug-zwiesel,service,service,0.111,1.000,1.000,0.981,0,9,no,HIGH_OVERLAP,REVIEW_SHARED_FAQ;DIFFERENTIATE_MAIN_CONTENT;REWRITE_FOR_CUSTOMER
/umzug-zirndorf,/umzug-zwiesel,service,service,0.111,1.000,1.000,1.000,0,9,no,HIGH_OVERLAP,REVIEW_SHARED_FAQ;DIFFERENTIATE_MAIN_CONTENT;REWRITE_FOR_CUSTOMER
/wissen/entruempelung-duesseldorf,/wissen/entruempelung-muenchen,guide,guide,0.889,1.000,1.000,1.000,0,0,no,HIGH_OVERLAP,DIFFERENTIATE_MAIN_CONTENT;REWRITE_FOR_CUSTOMER
/wissen/entruempelung-duesseldorf,/wissen/entruempelung-nuernberg,guide,guide,0.889,1.000,1.000,1.000,0,0,no,HIGH_OVERLAP,DIFFERENTIATE_MAIN_CONTENT;REWRITE_FOR_CUSTOMER
/wissen/entruempelung-duesseldorf,/wissen/entruempelung-regensburg,guide,guide,1.000,1.000,1.000,1.000,0,0,no,HIGH_OVERLAP,DIFFERENTIATE_MAIN_CONTENT;REWRITE_FOR_CUSTOMER
/wissen/entruempelung-duesseldorf,/wissen/reinigung-duesseldorf,guide,guide,0.700,0.800,0.840,0.901,0,0,no,HIGH_OVERLAP,DIFFERENTIATE_MAIN_CONTENT;REWRITE_FOR_CUSTOMER
/wissen/entruempelung-duesseldorf,/wissen/reinigung-muenchen,guide,guide,0.700,0.800,0.840,0.901,0,0,no,HIGH_OVERLAP,DIFFERENTIATE_MAIN_CONTENT;REWRITE_FOR_CUSTOMER
/wissen/entruempelung-duesseldorf,/wissen/reinigung-nuernberg,guide,guide,0.700,0.800,0.840,0.901,0,0,no,HIGH_OVERLAP,DIFFERENTIATE_MAIN_CONTENT;REWRITE_FOR_CUSTOMER
/wissen/entruempelung-duesseldorf,/wissen/reinigung-regensburg,guide,guide,0.700,0.800,0.840,0.901,0,0,no,HIGH_OVERLAP,DIFFERENTIATE_MAIN_CONTENT;REWRITE_FOR_CUSTOMER
/wissen/entruempelung-duesseldorf,/wissen/umzug-duesseldorf,guide,guide,0.700,0.800,0.840,0.901,0,0,no,HIGH_OVERLAP,DIFFERENTIATE_MAIN_CONTENT;REWRITE_FOR_CUSTOMER
/wissen/entruempelung-duesseldorf,/wissen/umzug-muenchen,guide,guide,0.700,0.800,0.840,0.901,0,0,no,HIGH_OVERLAP,DIFFERENTIATE_MAIN_CONTENT;REWRITE_FOR_CUSTOMER
/wissen/entruempelung-duesseldorf,/wissen/umzug-nuernberg,guide,guide,0.700,0.800,0.840,0.901,0,0,no,HIGH_OVERLAP,DIFFERENTIATE_MAIN_CONTENT;REWRITE_FOR_CUSTOMER
/wissen/entruempelung-duesseldorf,/wissen/umzug-regensburg,guide,guide,0.700,0.800,0.840,0.901,0,0,no,HIGH_OVERLAP,DIFFERENTIATE_MAIN_CONTENT;REWRITE_FOR_CUSTOMER
/wissen/entruempelung-muenchen,/wissen/entruempelung-nuernberg,guide,guide,1.000,1.000,1.000,1.000,0,0,no,HIGH_OVERLAP,DIFFERENTIATE_MAIN_CONTENT;REWRITE_FOR_CUSTOMER
/wissen/entruempelung-muenchen,/wissen/entruempelung-regensburg,guide,guide,0.889,1.000,1.000,1.000,0,0,no,HIGH_OVERLAP,DIFFERENTIATE_MAIN_CONTENT;REWRITE_FOR_CUSTOMER
/wissen/entruempelung-muenchen,/wissen/reinigung-duesseldorf,guide,guide,0.800,0.800,0.840,0.901,0,0,no,HIGH_OVERLAP,DIFFERENTIATE_MAIN_CONTENT;REWRITE_FOR_CUSTOMER
/wissen/entruempelung-muenchen,/wissen/reinigung-muenchen,guide,guide,0.800,0.800,0.840,0.901,0,0,no,HIGH_OVERLAP,DIFFERENTIATE_MAIN_CONTENT;REWRITE_FOR_CUSTOMER
/wissen/entruempelung-muenchen,/wissen/reinigung-nuernberg,guide,guide,0.800,0.800,0.840,0.901,0,0,no,HIGH_OVERLAP,DIFFERENTIATE_MAIN_CONTENT;REWRITE_FOR_CUSTOMER
/wissen/entruempelung-muenchen,/wissen/reinigung-regensburg,guide,guide,0.800,0.800,0.840,0.901,0,0,no,HIGH_OVERLAP,DIFFERENTIATE_MAIN_CONTENT;REWRITE_FOR_CUSTOMER
/wissen/entruempelung-muenchen,/wissen/umzug-duesseldorf,guide,guide,0.800,0.800,0.840,0.901,0,0,no,HIGH_OVERLAP,DIFFERENTIATE_MAIN_CONTENT;REWRITE_FOR_CUSTOMER
/wissen/entruempelung-nuernberg,/wissen/entruempelung-regensburg,guide,guide,0.889,1.000,1.000,1.000,0,0,no,HIGH_OVERLAP,DIFFERENTIATE_MAIN_CONTENT;REWRITE_FOR_CUSTOMER
/wissen/entruempelung-nuernberg,/wissen/reinigung-duesseldorf,guide,guide,0.800,0.800,0.840,0.901,0,0,no,HIGH_OVERLAP,DIFFERENTIATE_MAIN_CONTENT;REWRITE_FOR_CUSTOMER
/wissen/entruempelung-nuernberg,/wissen/reinigung-muenchen,guide,guide,0.800,0.800,0.840,0.901,0,0,no,HIGH_OVERLAP,DIFFERENTIATE_MAIN_CONTENT;REWRITE_FOR_CUSTOMER
/wissen/entruempelung-nuernberg,/wissen/reinigung-nuernberg,guide,guide,0.800,0.800,0.840,0.901,0,0,no,HIGH_OVERLAP,DIFFERENTIATE_MAIN_CONTENT;REWRITE_FOR_CUSTOMER
/wissen/entruempelung-nuernberg,/wissen/reinigung-regensburg,guide,guide,0.800,0.800,0.840,0.901,0,0,no,HIGH_OVERLAP,DIFFERENTIATE_MAIN_CONTENT;REWRITE_FOR_CUSTOMER
/wissen/entruempelung-nuernberg,/wissen/umzug-duesseldorf,guide,guide,0.800,0.800,0.840,0.901,0,0,no,HIGH_OVERLAP,DIFFERENTIATE_MAIN_CONTENT;REWRITE_FOR_CUSTOMER
/wissen/entruempelung-regensburg,/wissen/reinigung-duesseldorf,guide,guide,0.700,0.800,0.840,0.901,0,0,no,HIGH_OVERLAP,DIFFERENTIATE_MAIN_CONTENT;REWRITE_FOR_CUSTOMER
/wissen/entruempelung-regensburg,/wissen/reinigung-muenchen,guide,guide,0.700,0.800,0.840,0.901,0,0,no,HIGH_OVERLAP,DIFFERENTIATE_MAIN_CONTENT;REWRITE_FOR_CUSTOMER
/wissen/entruempelung-regensburg,/wissen/reinigung-nuernberg,guide,guide,0.700,0.800,0.840,0.901,0,0,no,HIGH_OVERLAP,DIFFERENTIATE_MAIN_CONTENT;REWRITE_FOR_CUSTOMER
/wissen/entruempelung-regensburg,/wissen/reinigung-regensburg,guide,guide,0.700,0.800,0.840,0.901,0,0,no,HIGH_OVERLAP,DIFFERENTIATE_MAIN_CONTENT;REWRITE_FOR_CUSTOMER
/wissen/entruempelung-regensburg,/wissen/umzug-duesseldorf,guide,guide,0.700,0.800,0.840,0.901,0,0,no,HIGH_OVERLAP,DIFFERENTIATE_MAIN_CONTENT;REWRITE_FOR_CUSTOMER
/wissen/reinigung-duesseldorf,/wissen/reinigung-muenchen,guide,guide,1.000,1.000,1.000,1.000,0,0,no,HIGH_OVERLAP,DIFFERENTIATE_MAIN_CONTENT;REWRITE_FOR_CUSTOMER
/wissen/reinigung-duesseldorf,/wissen/reinigung-nuernberg,guide,guide,1.000,1.000,1.000,1.000,0,0,no,HIGH_OVERLAP,DIFFERENTIATE_MAIN_CONTENT;REWRITE_FOR_CUSTOMER
/wissen/reinigung-duesseldorf,/wissen/reinigung-regensburg,guide,guide,1.000,1.000,1.000,1.000,0,0,no,HIGH_OVERLAP,DIFFERENTIATE_MAIN_CONTENT;REWRITE_FOR_CUSTOMER
/wissen/reinigung-duesseldorf,/wissen/umzug-duesseldorf,guide,guide,0.800,0.800,0.840,0.901,0,0,no,HIGH_OVERLAP,DIFFERENTIATE_MAIN_CONTENT;REWRITE_FOR_CUSTOMER
/wissen/reinigung-muenchen,/wissen/reinigung-nuernberg,guide,guide,1.000,1.000,1.000,1.000,0,0,no,HIGH_OVERLAP,DIFFERENTIATE_MAIN_CONTENT;REWRITE_FOR_CUSTOMER
/wissen/reinigung-muenchen,/wissen/reinigung-regensburg,guide,guide,1.000,1.000,1.000,1.000,0,0,no,HIGH_OVERLAP,DIFFERENTIATE_MAIN_CONTENT;REWRITE_FOR_CUSTOMER
/wissen/reinigung-muenchen,/wissen/umzug-duesseldorf,guide,guide,0.800,0.800,0.840,0.901,0,0,no,HIGH_OVERLAP,DIFFERENTIATE_MAIN_CONTENT;REWRITE_FOR_CUSTOMER
/wissen/reinigung-nuernberg,/wissen/reinigung-regensburg,guide,guide,1.000,1.000,1.000,1.000,0,0,no,HIGH_OVERLAP,DIFFERENTIATE_MAIN_CONTENT;REWRITE_FOR_CUSTOMER
/wissen/reinigung-nuernberg,/wissen/umzug-duesseldorf,guide,guide,0.800,0.800,0.840,0.901,0,0,no,HIGH_OVERLAP,DIFFERENTIATE_MAIN_CONTENT;REWRITE_FOR_CUSTOMER
/wissen/reinigung-regensburg,/wissen/umzug-duesseldorf,guide,guide,0.800,0.800,0.840,0.901,0,0,no,HIGH_OVERLAP,DIFFERENTIATE_MAIN_CONTENT;REWRITE_FOR_CUSTOMER
/wissen/umzug-muenchen,/wissen/umzug-nuernberg,guide,guide,1.000,1.000,1.000,1.000,0,0,no,HIGH_OVERLAP,DIFFERENTIATE_MAIN_CONTENT;REWRITE_FOR_CUSTOMER
/wissen/umzug-muenchen,/wissen/umzug-regensburg,guide,guide,1.000,1.000,1.000,1.000,0,0,no,HIGH_OVERLAP,DIFFERENTIATE_MAIN_CONTENT;REWRITE_FOR_CUSTOMER
/wissen/umzug-nuernberg,/wissen/umzug-regensburg,guide,guide,1.000,1.000,1.000,1.000,0,0,no,HIGH_OVERLAP,DIFFERENTIATE_MAIN_CONTENT;REWRITE_FOR_CUSTOMER
/wohnungsaufloesung-abensberg,/wohnungsaufloesung-altdorf-bei-nuernberg,service,service,0.143,1.000,1.000,1.000,0,9,no,HIGH_OVERLAP,REVIEW_SHARED_FAQ;DIFFERENTIATE_MAIN_CONTENT;REWRITE_FOR_CUSTOMER
/wohnungsaufloesung-abensberg,/wohnungsaufloesung-alteglofsheim,service,service,0.125,1.000,1.000,1.000,0,9,no,HIGH_OVERLAP,REVIEW_SHARED_FAQ;DIFFERENTIATE_MAIN_CONTENT;REWRITE_FOR_CUSTOMER
/wohnungsaufloesung-altdorf-bei-nuernberg,/wohnungsaufloesung-alteglofsheim,service,service,0.167,1.000,1.000,1.000,0,9,no,HIGH_OVERLAP,REVIEW_SHARED_FAQ;DIFFERENTIATE_MAIN_CONTENT;REWRITE_FOR_CUSTOMER
/wohnungsaufloesung-altenthann,/wohnungsaufloesung-amberg,service,service,0.143,1.000,1.000,0.918,0,6,no,HIGH_OVERLAP,REVIEW_SHARED_FAQ;DIFFERENTIATE_MAIN_CONTENT;REWRITE_FOR_CUSTOMER
/wohnungsaufloesung-altenthann,/wohnungsaufloesung-ansbach,service,service,0.167,1.000,1.000,1.000,0,9,no,HIGH_OVERLAP,REVIEW_SHARED_FAQ;DIFFERENTIATE_MAIN_CONTENT;REWRITE_FOR_CUSTOMER
/wohnungsaufloesung-altenthann,/wohnungsaufloesung-auerbach-in-der-oberpfalz,service,service,0.125,1.000,1.000,1.000,0,9,no,HIGH_OVERLAP,REVIEW_SHARED_FAQ;DIFFERENTIATE_MAIN_CONTENT;REWRITE_FOR_CUSTOMER
/wohnungsaufloesung-altenthann,/wohnungsaufloesung-aufhausen,service,service,0.167,1.000,1.000,1.000,0,9,no,HIGH_OVERLAP,REVIEW_SHARED_FAQ;DIFFERENTIATE_MAIN_CONTENT;REWRITE_FOR_CUSTOMER
/wohnungsaufloesung-altenthann,/wohnungsaufloesung-augsburg,service,service,0.143,1.000,1.000,0.908,0,6,no,HIGH_OVERLAP,REVIEW_SHARED_FAQ;DIFFERENTIATE_MAIN_CONTENT;REWRITE_FOR_CUSTOMER
/wohnungsaufloesung-altenthann,/wohnungsaufloesung-bad-abbach,service,service,0.125,1.000,1.000,1.000,0,9,no,HIGH_OVERLAP,REVIEW_SHARED_FAQ;DIFFERENTIATE_MAIN_CONTENT;REWRITE_FOR_CUSTOMER
/wohnungsaufloesung-altenthann,/wohnungsaufloesung-bad-koetzting,service,service,0.125,1.000,1.000,1.000,0,9,no,HIGH_OVERLAP,REVIEW_SHARED_FAQ;DIFFERENTIATE_MAIN_CONTENT;REWRITE_FOR_CUSTOMER
/wohnungsaufloesung-amberg,/wohnungsaufloesung-ansbach,service,service,0.167,1.000,1.000,0.918,0,6,no,HIGH_OVERLAP,REVIEW_SHARED_FAQ;DIFFERENTIATE_MAIN_CONTENT;REWRITE_FOR_CUSTOMER
/wohnungsaufloesung-amberg,/wohnungsaufloesung-auerbach-in-der-oberpfalz,service,service,0.125,1.000,1.000,0.918,0,6,no,HIGH_OVERLAP,REVIEW_SHARED_FAQ;DIFFERENTIATE_MAIN_CONTENT;REWRITE_FOR_CUSTOMER
/wohnungsaufloesung-amberg,/wohnungsaufloesung-aufhausen,service,service,0.167,1.000,1.000,0.918,0,6,no,HIGH_OVERLAP,REVIEW_SHARED_FAQ;DIFFERENTIATE_MAIN_CONTENT;REWRITE_FOR_CUSTOMER
/wohnungsaufloesung-amberg,/wohnungsaufloesung-augsburg,service,service,1.000,1.000,1.000,0.903,0,6,no,HIGH_OVERLAP,REVIEW_SHARED_FAQ;DIFFERENTIATE_MAIN_CONTENT;REWRITE_FOR_CUSTOMER
/wohnungsaufloesung-amberg,/wohnungsaufloesung-bad-abbach,service,service,0.125,1.000,1.000,0.918,0,6,no,HIGH_OVERLAP,REVIEW_SHARED_FAQ;DIFFERENTIATE_MAIN_CONTENT;REWRITE_FOR_CUSTOMER
/wohnungsaufloesung-amberg,/wohnungsaufloesung-bad-koetzting,service,service,0.125,1.000,1.000,0.918,0,6,no,HIGH_OVERLAP,REVIEW_SHARED_FAQ;DIFFERENTIATE_MAIN_CONTENT;REWRITE_FOR_CUSTOMER
/wohnungsaufloesung-ansbach,/wohnungsaufloesung-auerbach-in-der-oberpfalz,service,service,0.143,1.000,1.000,1.000,0,9,no,HIGH_OVERLAP,REVIEW_SHARED_FAQ;DIFFERENTIATE_MAIN_CONTENT;REWRITE_FOR_CUSTOMER
/wohnungsaufloesung-ansbach,/wohnungsaufloesung-aufhausen,service,service,1.000,1.000,1.000,1.000,0,9,no,HIGH_OVERLAP,REVIEW_SHARED_FAQ;DIFFERENTIATE_MAIN_CONTENT;REWRITE_FOR_CUSTOMER
/wohnungsaufloesung-ansbach,/wohnungsaufloesung-augsburg,service,service,0.167,1.000,1.000,0.908,0,6,no,HIGH_OVERLAP,REVIEW_SHARED_FAQ;DIFFERENTIATE_MAIN_CONTENT;REWRITE_FOR_CUSTOMER
/wohnungsaufloesung-ansbach,/wohnungsaufloesung-bad-abbach,service,service,0.143,1.000,1.000,1.000,0,9,no,HIGH_OVERLAP,REVIEW_SHARED_FAQ;DIFFERENTIATE_MAIN_CONTENT;REWRITE_FOR_CUSTOMER
/wohnungsaufloesung-ansbach,/wohnungsaufloesung-bad-koetzting,service,service,0.143,1.000,1.000,1.000,0,9,no,HIGH_OVERLAP,REVIEW_SHARED_FAQ;DIFFERENTIATE_MAIN_CONTENT;REWRITE_FOR_CUSTOMER
/wohnungsaufloesung-auerbach-in-der-oberpfalz,/wohnungsaufloesung-aufhausen,service,service,0.143,1.000,1.000,1.000,0,9,no,HIGH_OVERLAP,REVIEW_SHARED_FAQ;DIFFERENTIATE_MAIN_CONTENT;REWRITE_FOR_CUSTOMER
/wohnungsaufloesung-auerbach-in-der-oberpfalz,/wohnungsaufloesung-augsburg,service,service,0.125,1.000,1.000,0.908,0,6,no,HIGH_OVERLAP,REVIEW_SHARED_FAQ;DIFFERENTIATE_MAIN_CONTENT;REWRITE_FOR_CUSTOMER
/wohnungsaufloesung-auerbach-in-der-oberpfalz,/wohnungsaufloesung-bad-abbach,service,service,1.000,1.000,1.000,1.000,0,9,no,HIGH_OVERLAP,REVIEW_SHARED_FAQ;DIFFERENTIATE_MAIN_CONTENT;REWRITE_FOR_CUSTOMER
/wohnungsaufloesung-auerbach-in-der-oberpfalz,/wohnungsaufloesung-bad-koetzting,service,service,1.000,1.000,1.000,1.000,0,9,no,HIGH_OVERLAP,REVIEW_SHARED_FAQ;DIFFERENTIATE_MAIN_CONTENT;REWRITE_FOR_CUSTOMER
/wohnungsaufloesung-aufhausen,/wohnungsaufloesung-augsburg,service,service,0.167,1.000,1.000,0.908,0,6,no,HIGH_OVERLAP,REVIEW_SHARED_FAQ;DIFFERENTIATE_MAIN_CONTENT;REWRITE_FOR_CUSTOMER
/wohnungsaufloesung-aufhausen,/wohnungsaufloesung-bad-abbach,service,service,0.143,1.000,1.000,1.000,0,9,no,HIGH_OVERLAP,REVIEW_SHARED_FAQ;DIFFERENTIATE_MAIN_CONTENT;REWRITE_FOR_CUSTOMER
/wohnungsaufloesung-aufhausen,/wohnungsaufloesung-bad-koetzting,service,service,0.143,1.000,1.000,1.000,0,9,no,HIGH_OVERLAP,REVIEW_SHARED_FAQ;DIFFERENTIATE_MAIN_CONTENT;REWRITE_FOR_CUSTOMER
/wohnungsaufloesung-augsburg,/wohnungsaufloesung-bad-abbach,service,service,0.125,1.000,1.000,0.908,0,6,no,HIGH_OVERLAP,REVIEW_SHARED_FAQ;DIFFERENTIATE_MAIN_CONTENT;REWRITE_FOR_CUSTOMER
/wohnungsaufloesung-augsburg,/wohnungsaufloesung-bad-koetzting,service,service,0.125,1.000,1.000,0.908,0,6,no,HIGH_OVERLAP,REVIEW_SHARED_FAQ;DIFFERENTIATE_MAIN_CONTENT;REWRITE_FOR_CUSTOMER
/wohnungsaufloesung-bad-abbach,/wohnungsaufloesung-bad-koetzting,service,service,1.000,1.000,1.000,1.000,0,9,no,HIGH_OVERLAP,REVIEW_SHARED_FAQ;DIFFERENTIATE_MAIN_CONTENT;REWRITE_FOR_CUSTOMER
/wohnungsaufloesung-bad-toelz,/wohnungsaufloesung-bamberg,service,service,0.167,1.000,1.000,0.927,0,6,no,HIGH_OVERLAP,REVIEW_SHARED_FAQ;DIFFERENTIATE_MAIN_CONTENT;REWRITE_FOR_CUSTOMER
/wohnungsaufloesung-bad-toelz,/wohnungsaufloesung-barbing,service,service,0.143,1.000,1.000,1.000,0,9,no,HIGH_OVERLAP,REVIEW_SHARED_FAQ;DIFFERENTIATE_MAIN_CONTENT;REWRITE_FOR_CUSTOMER
/wohnungsaufloesung-bad-toelz,/wohnungsaufloesung-bayreuth,service,service,1.000,1.000,1.000,0.927,0,6,no,HIGH_OVERLAP,REVIEW_SHARED_FAQ;DIFFERENTIATE_MAIN_CONTENT;REWRITE_FOR_CUSTOMER
/wohnungsaufloesung-bad-toelz,/wohnungsaufloesung-beilngries,service,service,1.000,1.000,1.000,1.000,0,9,no,HIGH_OVERLAP,REVIEW_SHARED_FAQ;DIFFERENTIATE_MAIN_CONTENT;REWRITE_FOR_CUSTOMER
/wohnungsaufloesung-bad-toelz,/wohnungsaufloesung-beratzhausen,service,service,1.000,1.000,1.000,1.000,0,9,no,HIGH_OVERLAP,REVIEW_SHARED_FAQ;DIFFERENTIATE_MAIN_CONTENT;REWRITE_FOR_CUSTOMER
/wohnungsaufloesung-bad-toelz,/wohnungsaufloesung-berching,service,service,0.167,1.000,1.000,1.000,0,9,no,HIGH_OVERLAP,REVIEW_SHARED_FAQ;DIFFERENTIATE_MAIN_CONTENT;REWRITE_FOR_CUSTOMER
/wohnungsaufloesung-bad-toelz,/wohnungsaufloesung-bernhardswald,service,service,0.143,1.000,1.000,1.000,0,9,no,HIGH_OVERLAP,REVIEW_SHARED_FAQ;DIFFERENTIATE_MAIN_CONTENT;REWRITE_FOR_CUSTOMER
/wohnungsaufloesung-bamberg,/wohnungsaufloesung-barbing,service,service,0.167,1.000,1.000,0.927,0,6,no,HIGH_OVERLAP,REVIEW_SHARED_FAQ;DIFFERENTIATE_MAIN_CONTENT;REWRITE_FOR_CUSTOMER
/wohnungsaufloesung-bamberg,/wohnungsaufloesung-bayreuth,service,service,0.167,1.000,1.000,1.000,0,9,no,HIGH_OVERLAP,REVIEW_SHARED_FAQ;DIFFERENTIATE_MAIN_CONTENT;REWRITE_FOR_CUSTOMER
/wohnungsaufloesung-bamberg,/wohnungsaufloesung-beilngries,service,service,0.167,1.000,1.000,0.927,0,6,no,HIGH_OVERLAP,REVIEW_SHARED_FAQ;DIFFERENTIATE_MAIN_CONTENT;REWRITE_FOR_CUSTOMER
/wohnungsaufloesung-bamberg,/wohnungsaufloesung-beratzhausen,service,service,0.167,1.000,1.000,0.927,0,6,no,HIGH_OVERLAP,REVIEW_SHARED_FAQ;DIFFERENTIATE_MAIN_CONTENT;REWRITE_FOR_CUSTOMER
/wohnungsaufloesung-bamberg,/wohnungsaufloesung-berching,service,service,1.000,1.000,1.000,0.927,0,6,no,HIGH_OVERLAP,REVIEW_SHARED_FAQ;DIFFERENTIATE_MAIN_CONTENT;REWRITE_FOR_CUSTOMER
/wohnungsaufloesung-bamberg,/wohnungsaufloesung-bernhardswald,service,service,0.167,1.000,1.000,0.927,0,6,no,HIGH_OVERLAP,REVIEW_SHARED_FAQ;DIFFERENTIATE_MAIN_CONTENT;REWRITE_FOR_CUSTOMER
/wohnungsaufloesung-barbing,/wohnungsaufloesung-bayreuth,service,service,0.143,1.000,1.000,0.927,0,6,no,HIGH_OVERLAP,REVIEW_SHARED_FAQ;DIFFERENTIATE_MAIN_CONTENT;REWRITE_FOR_CUSTOMER
/wohnungsaufloesung-barbing,/wohnungsaufloesung-beilngries,service,service,0.143,1.000,1.000,1.000,0,9,no,HIGH_OVERLAP,REVIEW_SHARED_FAQ;DIFFERENTIATE_MAIN_CONTENT;REWRITE_FOR_CUSTOMER
/wohnungsaufloesung-barbing,/wohnungsaufloesung-beratzhausen,service,service,0.143,1.000,1.000,1.000,0,9,no,HIGH_OVERLAP,REVIEW_SHARED_FAQ;DIFFERENTIATE_MAIN_CONTENT;REWRITE_FOR_CUSTOMER
/wohnungsaufloesung-barbing,/wohnungsaufloesung-berching,service,service,0.167,1.000,1.000,1.000,0,9,no,HIGH_OVERLAP,REVIEW_SHARED_FAQ;DIFFERENTIATE_MAIN_CONTENT;REWRITE_FOR_CUSTOMER
/wohnungsaufloesung-barbing,/wohnungsaufloesung-bernhardswald,service,service,1.000,1.000,1.000,1.000,0,9,no,HIGH_OVERLAP,REVIEW_SHARED_FAQ;DIFFERENTIATE_MAIN_CONTENT;REWRITE_FOR_CUSTOMER
/wohnungsaufloesung-bayreuth,/wohnungsaufloesung-beilngries,service,service,1.000,1.000,1.000,0.927,0,6,no,HIGH_OVERLAP,REVIEW_SHARED_FAQ;DIFFERENTIATE_MAIN_CONTENT;REWRITE_FOR_CUSTOMER
/wohnungsaufloesung-bayreuth,/wohnungsaufloesung-beratzhausen,service,service,1.000,1.000,1.000,0.927,0,6,no,HIGH_OVERLAP,REVIEW_SHARED_FAQ;DIFFERENTIATE_MAIN_CONTENT;REWRITE_FOR_CUSTOMER
/wohnungsaufloesung-bayreuth,/wohnungsaufloesung-berching,service,service,0.167,1.000,1.000,0.927,0,6,no,HIGH_OVERLAP,REVIEW_SHARED_FAQ;DIFFERENTIATE_MAIN_CONTENT;REWRITE_FOR_CUSTOMER
/wohnungsaufloesung-bayreuth,/wohnungsaufloesung-bernhardswald,service,service,0.143,1.000,1.000,0.927,0,6,no,HIGH_OVERLAP,REVIEW_SHARED_FAQ;DIFFERENTIATE_MAIN_CONTENT;REWRITE_FOR_CUSTOMER
/wohnungsaufloesung-beilngries,/wohnungsaufloesung-beratzhausen,service,service,1.000,1.000,1.000,1.000,0,9,no,HIGH_OVERLAP,REVIEW_SHARED_FAQ;DIFFERENTIATE_MAIN_CONTENT;REWRITE_FOR_CUSTOMER
/wohnungsaufloesung-beilngries,/wohnungsaufloesung-berching,service,service,0.167,1.000,1.000,1.000,0,9,no,HIGH_OVERLAP,REVIEW_SHARED_FAQ;DIFFERENTIATE_MAIN_CONTENT;REWRITE_FOR_CUSTOMER
/wohnungsaufloesung-beilngries,/wohnungsaufloesung-bernhardswald,service,service,0.143,1.000,1.000,1.000,0,9,no,HIGH_OVERLAP,REVIEW_SHARED_FAQ;DIFFERENTIATE_MAIN_CONTENT;REWRITE_FOR_CUSTOMER
/wohnungsaufloesung-beratzhausen,/wohnungsaufloesung-berching,service,service,0.167,1.000,1.000,1.000,0,9,no,HIGH_OVERLAP,REVIEW_SHARED_FAQ;DIFFERENTIATE_MAIN_CONTENT;REWRITE_FOR_CUSTOMER
/wohnungsaufloesung-beratzhausen,/wohnungsaufloesung-bernhardswald,service,service,0.143,1.000,1.000,1.000,0,9,no,HIGH_OVERLAP,REVIEW_SHARED_FAQ;DIFFERENTIATE_MAIN_CONTENT;REWRITE_FOR_CUSTOMER
/wohnungsaufloesung-berching,/wohnungsaufloesung-bernhardswald,service,service,0.167,1.000,1.000,1.000,0,9,no,HIGH_OVERLAP,REVIEW_SHARED_FAQ;DIFFERENTIATE_MAIN_CONTENT;REWRITE_FOR_CUSTOMER
/wohnungsaufloesung-bogen,/wohnungsaufloesung-brennberg,service,service,0.125,1.000,1.000,1.000,0,9,no,HIGH_OVERLAP,REVIEW_SHARED_FAQ;DIFFERENTIATE_MAIN_CONTENT;REWRITE_FOR_CUSTOMER
/wohnungsaufloesung-bogen,/wohnungsaufloesung-brunn,service,service,0.125,1.000,1.000,1.000,0,9,no,HIGH_OVERLAP,REVIEW_SHARED_FAQ;DIFFERENTIATE_MAIN_CONTENT;REWRITE_FOR_CUSTOMER
/wohnungsaufloesung-bogen,/wohnungsaufloesung-burglengenfeld,service,service,0.167,1.000,1.000,1.000,0,9,no,HIGH_OVERLAP,REVIEW_SHARED_FAQ;DIFFERENTIATE_MAIN_CONTENT;REWRITE_FOR_CUSTOMER
/wohnungsaufloesung-bogen,/wohnungsaufloesung-cham,service,service,0.125,1.000,1.000,0.918,0,6,no,HIGH_OVERLAP,REVIEW_SHARED_FAQ;DIFFERENTIATE_MAIN_CONTENT;REWRITE_FOR_CUSTOMER
/wohnungsaufloesung-bogen,/wohnungsaufloesung-coburg,service,service,0.143,1.000,1.000,1.000,0,9,no,HIGH_OVERLAP,REVIEW_SHARED_FAQ;DIFFERENTIATE_MAIN_CONTENT;REWRITE_FOR_CUSTOMER
/wohnungsaufloesung-bogen,/wohnungsaufloesung-dachau,service,service,0.167,1.000,1.000,1.000,0,9,no,HIGH_OVERLAP,REVIEW_SHARED_FAQ;DIFFERENTIATE_MAIN_CONTENT;REWRITE_FOR_CUSTOMER
/wohnungsaufloesung-bogen,/wohnungsaufloesung-deggendorf,service,service,0.125,1.000,1.000,1.000,0,9,no,HIGH_OVERLAP,REVIEW_SHARED_FAQ;DIFFERENTIATE_MAIN_CONTENT;REWRITE_FOR_CUSTOMER
/wohnungsaufloesung-brennberg,/wohnungsaufloesung-brunn,service,service,1.000,1.000,1.000,1.000,0,9,no,HIGH_OVERLAP,REVIEW_SHARED_FAQ;DIFFERENTIATE_MAIN_CONTENT;REWRITE_FOR_CUSTOMER
/wohnungsaufloesung-brennberg,/wohnungsaufloesung-burglengenfeld,service,service,0.143,1.000,1.000,1.000,0,9,no,HIGH_OVERLAP,REVIEW_SHARED_FAQ;DIFFERENTIATE_MAIN_CONTENT;REWRITE_FOR_CUSTOMER
/wohnungsaufloesung-brennberg,/wohnungsaufloesung-cham,service,service,1.000,1.000,1.000,0.918,0,6,no,HIGH_OVERLAP,REVIEW_SHARED_FAQ;DIFFERENTIATE_MAIN_CONTENT;REWRITE_FOR_CUSTOMER
/wohnungsaufloesung-brennberg,/wohnungsaufloesung-coburg,service,service,0.125,1.000,1.000,1.000,0,9,no,HIGH_OVERLAP,REVIEW_SHARED_FAQ;DIFFERENTIATE_MAIN_CONTENT;REWRITE_FOR_CUSTOMER
/wohnungsaufloesung-brennberg,/wohnungsaufloesung-dachau,service,service,0.143,1.000,1.000,1.000,0,9,no,HIGH_OVERLAP,REVIEW_SHARED_FAQ;DIFFERENTIATE_MAIN_CONTENT;REWRITE_FOR_CUSTOMER
/wohnungsaufloesung-brennberg,/wohnungsaufloesung-deggendorf,service,service,1.000,1.000,1.000,1.000,0,9,no,HIGH_OVERLAP,REVIEW_SHARED_FAQ;DIFFERENTIATE_MAIN_CONTENT;REWRITE_FOR_CUSTOMER
/wohnungsaufloesung-brunn,/wohnungsaufloesung-burglengenfeld,service,service,0.143,1.000,1.000,1.000,0,9,no,HIGH_OVERLAP,REVIEW_SHARED_FAQ;DIFFERENTIATE_MAIN_CONTENT;REWRITE_FOR_CUSTOMER
/wohnungsaufloesung-brunn,/wohnungsaufloesung-cham,service,service,1.000,1.000,1.000,0.918,0,6,no,HIGH_OVERLAP,REVIEW_SHARED_FAQ;DIFFERENTIATE_MAIN_CONTENT;REWRITE_FOR_CUSTOMER
/wohnungsaufloesung-brunn,/wohnungsaufloesung-coburg,service,service,0.125,1.000,1.000,1.000,0,9,no,HIGH_OVERLAP,REVIEW_SHARED_FAQ;DIFFERENTIATE_MAIN_CONTENT;REWRITE_FOR_CUSTOMER
/wohnungsaufloesung-brunn,/wohnungsaufloesung-dachau,service,service,0.143,1.000,1.000,1.000,0,9,no,HIGH_OVERLAP,REVIEW_SHARED_FAQ;DIFFERENTIATE_MAIN_CONTENT;REWRITE_FOR_CUSTOMER
/wohnungsaufloesung-brunn,/wohnungsaufloesung-deggendorf,service,service,1.000,1.000,1.000,1.000,0,9,no,HIGH_OVERLAP,REVIEW_SHARED_FAQ;DIFFERENTIATE_MAIN_CONTENT;REWRITE_FOR_CUSTOMER
/wohnungsaufloesung-burglengenfeld,/wohnungsaufloesung-cham,service,service,0.143,1.000,1.000,0.918,0,6,no,HIGH_OVERLAP,REVIEW_SHARED_FAQ;DIFFERENTIATE_MAIN_CONTENT;REWRITE_FOR_CUSTOMER
/wohnungsaufloesung-burglengenfeld,/wohnungsaufloesung-coburg,service,service,0.167,1.000,1.000,1.000,0,9,no,HIGH_OVERLAP,REVIEW_SHARED_FAQ;DIFFERENTIATE_MAIN_CONTENT;REWRITE_FOR_CUSTOMER
/wohnungsaufloesung-burglengenfeld,/wohnungsaufloesung-dachau,service,service,1.000,1.000,1.000,1.000,0,9,no,HIGH_OVERLAP,REVIEW_SHARED_FAQ;DIFFERENTIATE_MAIN_CONTENT;REWRITE_FOR_CUSTOMER
/wohnungsaufloesung-burglengenfeld,/wohnungsaufloesung-deggendorf,service,service,0.143,1.000,1.000,1.000,0,9,no,HIGH_OVERLAP,REVIEW_SHARED_FAQ;DIFFERENTIATE_MAIN_CONTENT;REWRITE_FOR_CUSTOMER
/wohnungsaufloesung-cham,/wohnungsaufloesung-coburg,service,service,0.125,1.000,1.000,0.918,0,6,no,HIGH_OVERLAP,REVIEW_SHARED_FAQ;DIFFERENTIATE_MAIN_CONTENT;REWRITE_FOR_CUSTOMER
/wohnungsaufloesung-cham,/wohnungsaufloesung-dachau,service,service,0.143,1.000,1.000,0.918,0,6,no,HIGH_OVERLAP,REVIEW_SHARED_FAQ;DIFFERENTIATE_MAIN_CONTENT;REWRITE_FOR_CUSTOMER
/wohnungsaufloesung-cham,/wohnungsaufloesung-deggendorf,service,service,1.000,1.000,1.000,0.918,0,6,no,HIGH_OVERLAP,REVIEW_SHARED_FAQ;DIFFERENTIATE_MAIN_CONTENT;REWRITE_FOR_CUSTOMER
/wohnungsaufloesung-coburg,/wohnungsaufloesung-dachau,service,service,0.167,1.000,1.000,1.000,0,9,no,HIGH_OVERLAP,REVIEW_SHARED_FAQ;DIFFERENTIATE_MAIN_CONTENT;REWRITE_FOR_CUSTOMER
/wohnungsaufloesung-coburg,/wohnungsaufloesung-deggendorf,service,service,0.125,1.000,1.000,1.000,0,9,no,HIGH_OVERLAP,REVIEW_SHARED_FAQ;DIFFERENTIATE_MAIN_CONTENT;REWRITE_FOR_CUSTOMER
/wohnungsaufloesung-dachau,/wohnungsaufloesung-deggendorf,service,service,0.143,1.000,1.000,1.000,0,9,no,HIGH_OVERLAP,REVIEW_SHARED_FAQ;DIFFERENTIATE_MAIN_CONTENT;REWRITE_FOR_CUSTOMER
/wohnungsaufloesung-deuerling,/wohnungsaufloesung-dietfurt,service,service,0.125,1.000,1.000,1.000,0,9,no,HIGH_OVERLAP,REVIEW_SHARED_FAQ;DIFFERENTIATE_MAIN_CONTENT;REWRITE_FOR_CUSTOMER
/wohnungsaufloesung-deuerling,/wohnungsaufloesung-dingolfing,service,service,1.000,1.000,1.000,1.000,0,9,no,HIGH_OVERLAP,REVIEW_SHARED_FAQ;DIFFERENTIATE_MAIN_CONTENT;REWRITE_FOR_CUSTOMER
/wohnungsaufloesung-deuerling,/wohnungsaufloesung-donaustauf,service,service,0.167,1.000,1.000,1.000,0,9,no,HIGH_OVERLAP,REVIEW_SHARED_FAQ;DIFFERENTIATE_MAIN_CONTENT;REWRITE_FOR_CUSTOMER
/wohnungsaufloesung-deuerling,/wohnungsaufloesung-duggendorf,service,service,0.125,1.000,1.000,1.000,0,9,no,HIGH_OVERLAP,REVIEW_SHARED_FAQ;DIFFERENTIATE_MAIN_CONTENT;REWRITE_FOR_CUSTOMER
/wohnungsaufloesung-deuerling,/wohnungsaufloesung-eggenfelden,service,service,0.167,1.000,1.000,1.000,0,9,no,HIGH_OVERLAP,REVIEW_SHARED_FAQ;DIFFERENTIATE_MAIN_CONTENT;REWRITE_FOR_CUSTOMER
/wohnungsaufloesung-deuerling,/wohnungsaufloesung-eichstaett,service,service,0.167,1.000,1.000,1.000,0,9,no,HIGH_OVERLAP,REVIEW_SHARED_FAQ;DIFFERENTIATE_MAIN_CONTENT;REWRITE_FOR_CUSTOMER
/wohnungsaufloesung-deuerling,/wohnungsaufloesung-erding,service,service,1.000,1.000,1.000,1.000,0,9,no,HIGH_OVERLAP,REVIEW_SHARED_FAQ;DIFFERENTIATE_MAIN_CONTENT;REWRITE_FOR_CUSTOMER
/wohnungsaufloesung-dietfurt,/wohnungsaufloesung-dingolfing,service,service,0.125,1.000,1.000,1.000,0,9,no,HIGH_OVERLAP,REVIEW_SHARED_FAQ;DIFFERENTIATE_MAIN_CONTENT;REWRITE_FOR_CUSTOMER
/wohnungsaufloesung-dietfurt,/wohnungsaufloesung-donaustauf,service,service,0.143,1.000,1.000,1.000,0,9,no,HIGH_OVERLAP,REVIEW_SHARED_FAQ;DIFFERENTIATE_MAIN_CONTENT;REWRITE_FOR_CUSTOMER
/wohnungsaufloesung-dietfurt,/wohnungsaufloesung-duggendorf,service,service,1.000,1.000,1.000,1.000,0,9,no,HIGH_OVERLAP,REVIEW_SHARED_FAQ;DIFFERENTIATE_MAIN_CONTENT;REWRITE_FOR_CUSTOMER
/wohnungsaufloesung-dietfurt,/wohnungsaufloesung-eggenfelden,service,service,0.143,1.000,1.000,1.000,0,9,no,HIGH_OVERLAP,REVIEW_SHARED_FAQ;DIFFERENTIATE_MAIN_CONTENT;REWRITE_FOR_CUSTOMER
/wohnungsaufloesung-dietfurt,/wohnungsaufloesung-eichstaett,service,service,0.143,1.000,1.000,1.000,0,9,no,HIGH_OVERLAP,REVIEW_SHARED_FAQ;DIFFERENTIATE_MAIN_CONTENT;REWRITE_FOR_CUSTOMER
/wohnungsaufloesung-dietfurt,/wohnungsaufloesung-erding,service,service,0.125,1.000,1.000,1.000,0,9,no,HIGH_OVERLAP,REVIEW_SHARED_FAQ;DIFFERENTIATE_MAIN_CONTENT;REWRITE_FOR_CUSTOMER
/wohnungsaufloesung-dingolfing,/wohnungsaufloesung-donaustauf,service,service,0.167,1.000,1.000,1.000,0,9,no,HIGH_OVERLAP,REVIEW_SHARED_FAQ;DIFFERENTIATE_MAIN_CONTENT;REWRITE_FOR_CUSTOMER
/wohnungsaufloesung-dingolfing,/wohnungsaufloesung-duggendorf,service,service,0.125,1.000,1.000,1.000,0,9,no,HIGH_OVERLAP,REVIEW_SHARED_FAQ;DIFFERENTIATE_MAIN_CONTENT;REWRITE_FOR_CUSTOMER
/wohnungsaufloesung-dingolfing,/wohnungsaufloesung-eggenfelden,service,service,0.167,1.000,1.000,1.000,0,9,no,HIGH_OVERLAP,REVIEW_SHARED_FAQ;DIFFERENTIATE_MAIN_CONTENT;REWRITE_FOR_CUSTOMER
/wohnungsaufloesung-dingolfing,/wohnungsaufloesung-eichstaett,service,service,0.167,1.000,1.000,1.000,0,9,no,HIGH_OVERLAP,REVIEW_SHARED_FAQ;DIFFERENTIATE_MAIN_CONTENT;REWRITE_FOR_CUSTOMER
/wohnungsaufloesung-dingolfing,/wohnungsaufloesung-erding,service,service,1.000,1.000,1.000,1.000,0,9,no,HIGH_OVERLAP,REVIEW_SHARED_FAQ;DIFFERENTIATE_MAIN_CONTENT;REWRITE_FOR_CUSTOMER
/wohnungsaufloesung-donaustauf,/wohnungsaufloesung-duggendorf,service,service,0.143,1.000,1.000,1.000,0,9,no,HIGH_OVERLAP,REVIEW_SHARED_FAQ;DIFFERENTIATE_MAIN_CONTENT;REWRITE_FOR_CUSTOMER
/wohnungsaufloesung-donaustauf,/wohnungsaufloesung-eggenfelden,service,service,1.000,1.000,1.000,1.000,0,9,no,HIGH_OVERLAP,REVIEW_SHARED_FAQ;DIFFERENTIATE_MAIN_CONTENT;REWRITE_FOR_CUSTOMER
/wohnungsaufloesung-donaustauf,/wohnungsaufloesung-eichstaett,service,service,1.000,1.000,1.000,1.000,0,9,no,HIGH_OVERLAP,REVIEW_SHARED_FAQ;DIFFERENTIATE_MAIN_CONTENT;REWRITE_FOR_CUSTOMER
/wohnungsaufloesung-donaustauf,/wohnungsaufloesung-erding,service,service,0.167,1.000,1.000,1.000,0,9,no,HIGH_OVERLAP,REVIEW_SHARED_FAQ;DIFFERENTIATE_MAIN_CONTENT;REWRITE_FOR_CUSTOMER
/wohnungsaufloesung-duggendorf,/wohnungsaufloesung-eggenfelden,service,service,0.143,1.000,1.000,1.000,0,9,no,HIGH_OVERLAP,REVIEW_SHARED_FAQ;DIFFERENTIATE_MAIN_CONTENT;REWRITE_FOR_CUSTOMER
/wohnungsaufloesung-duggendorf,/wohnungsaufloesung-eichstaett,service,service,0.143,1.000,1.000,1.000,0,9,no,HIGH_OVERLAP,REVIEW_SHARED_FAQ;DIFFERENTIATE_MAIN_CONTENT;REWRITE_FOR_CUSTOMER
/wohnungsaufloesung-duggendorf,/wohnungsaufloesung-erding,service,service,0.125,1.000,1.000,1.000,0,9,no,HIGH_OVERLAP,REVIEW_SHARED_FAQ;DIFFERENTIATE_MAIN_CONTENT;REWRITE_FOR_CUSTOMER
/wohnungsaufloesung-eggenfelden,/wohnungsaufloesung-eichstaett,service,service,1.000,1.000,1.000,1.000,0,9,no,HIGH_OVERLAP,REVIEW_SHARED_FAQ;DIFFERENTIATE_MAIN_CONTENT;REWRITE_FOR_CUSTOMER
/wohnungsaufloesung-eggenfelden,/wohnungsaufloesung-erding,service,service,0.167,1.000,1.000,1.000,0,9,no,HIGH_OVERLAP,REVIEW_SHARED_FAQ;DIFFERENTIATE_MAIN_CONTENT;REWRITE_FOR_CUSTOMER
/wohnungsaufloesung-eichstaett,/wohnungsaufloesung-erding,service,service,0.167,1.000,1.000,1.000,0,9,no,HIGH_OVERLAP,REVIEW_SHARED_FAQ;DIFFERENTIATE_MAIN_CONTENT;REWRITE_FOR_CUSTOMER
/wohnungsaufloesung-ergoldsbach,/wohnungsaufloesung-erlangen,service,service,0.167,1.000,1.000,0.927,0,6,no,HIGH_OVERLAP,REVIEW_SHARED_FAQ;DIFFERENTIATE_MAIN_CONTENT;REWRITE_FOR_CUSTOMER
/wohnungsaufloesung-ergoldsbach,/wohnungsaufloesung-eschenbach-in-der-oberpfalz,service,service,1.000,1.000,1.000,1.000,0,9,no,HIGH_OVERLAP,REVIEW_SHARED_FAQ;DIFFERENTIATE_MAIN_CONTENT;REWRITE_FOR_CUSTOMER
/wohnungsaufloesung-ergoldsbach,/wohnungsaufloesung-feucht,service,service,0.143,1.000,1.000,1.000,0,9,no,HIGH_OVERLAP,REVIEW_SHARED_FAQ;DIFFERENTIATE_MAIN_CONTENT;REWRITE_FOR_CUSTOMER
/wohnungsaufloesung-ergoldsbach,/wohnungsaufloesung-freising,service,service,0.167,1.000,1.000,1.000,0,9,no,HIGH_OVERLAP,REVIEW_SHARED_FAQ;DIFFERENTIATE_MAIN_CONTENT;REWRITE_FOR_CUSTOMER
/wohnungsaufloesung-ergoldsbach,/wohnungsaufloesung-freystadt,service,service,0.167,1.000,1.000,1.000,0,9,no,HIGH_OVERLAP,REVIEW_SHARED_FAQ;DIFFERENTIATE_MAIN_CONTENT;REWRITE_FOR_CUSTOMER
/wohnungsaufloesung-ergoldsbach,/wohnungsaufloesung-freyung,service,service,1.000,1.000,1.000,1.000,0,9,no,HIGH_OVERLAP,REVIEW_SHARED_FAQ;DIFFERENTIATE_MAIN_CONTENT;REWRITE_FOR_CUSTOMER
/wohnungsaufloesung-ergoldsbach,/wohnungsaufloesung-fuerstenfeldbruck,service,service,0.167,1.000,1.000,1.000,0,9,no,HIGH_OVERLAP,REVIEW_SHARED_FAQ;DIFFERENTIATE_MAIN_CONTENT;REWRITE_FOR_CUSTOMER
/wohnungsaufloesung-erlangen,/wohnungsaufloesung-eschenbach-in-der-oberpfalz,service,service,0.167,1.000,1.000,0.927,0,6,no,HIGH_OVERLAP,REVIEW_SHARED_FAQ;DIFFERENTIATE_MAIN_CONTENT;REWRITE_FOR_CUSTOMER
/wohnungsaufloesung-erlangen,/wohnungsaufloesung-feucht,service,service,0.125,1.000,1.000,0.927,0,6,no,HIGH_OVERLAP,REVIEW_SHARED_FAQ;DIFFERENTIATE_MAIN_CONTENT;REWRITE_FOR_CUSTOMER
/wohnungsaufloesung-erlangen,/wohnungsaufloesung-freising,service,service,0.143,1.000,1.000,0.927,0,6,no,HIGH_OVERLAP,REVIEW_SHARED_FAQ;DIFFERENTIATE_MAIN_CONTENT;REWRITE_FOR_CUSTOMER
/wohnungsaufloesung-erlangen,/wohnungsaufloesung-freystadt,service,service,1.000,1.000,1.000,0.927,0,6,no,HIGH_OVERLAP,REVIEW_SHARED_FAQ;DIFFERENTIATE_MAIN_CONTENT;REWRITE_FOR_CUSTOMER
/wohnungsaufloesung-erlangen,/wohnungsaufloesung-freyung,service,service,0.167,1.000,1.000,0.927,0,6,no,HIGH_OVERLAP,REVIEW_SHARED_FAQ;DIFFERENTIATE_MAIN_CONTENT;REWRITE_FOR_CUSTOMER
/wohnungsaufloesung-erlangen,/wohnungsaufloesung-fuerstenfeldbruck,service,service,1.000,1.000,1.000,0.927,0,6,no,HIGH_OVERLAP,REVIEW_SHARED_FAQ;DIFFERENTIATE_MAIN_CONTENT;REWRITE_FOR_CUSTOMER
/wohnungsaufloesung-eschenbach-in-der-oberpfalz,/wohnungsaufloesung-feucht,service,service,0.143,1.000,1.000,1.000,0,9,no,HIGH_OVERLAP,REVIEW_SHARED_FAQ;DIFFERENTIATE_MAIN_CONTENT;REWRITE_FOR_CUSTOMER
/wohnungsaufloesung-eschenbach-in-der-oberpfalz,/wohnungsaufloesung-freising,service,service,0.167,1.000,1.000,1.000,0,9,no,HIGH_OVERLAP,REVIEW_SHARED_FAQ;DIFFERENTIATE_MAIN_CONTENT;REWRITE_FOR_CUSTOMER
/wohnungsaufloesung-eschenbach-in-der-oberpfalz,/wohnungsaufloesung-freystadt,service,service,0.167,1.000,1.000,1.000,0,9,no,HIGH_OVERLAP,REVIEW_SHARED_FAQ;DIFFERENTIATE_MAIN_CONTENT;REWRITE_FOR_CUSTOMER
/wohnungsaufloesung-eschenbach-in-der-oberpfalz,/wohnungsaufloesung-freyung,service,service,1.000,1.000,1.000,1.000,0,9,no,HIGH_OVERLAP,REVIEW_SHARED_FAQ;DIFFERENTIATE_MAIN_CONTENT;REWRITE_FOR_CUSTOMER
/wohnungsaufloesung-eschenbach-in-der-oberpfalz,/wohnungsaufloesung-fuerstenfeldbruck,service,service,0.167,1.000,1.000,1.000,0,9,no,HIGH_OVERLAP,REVIEW_SHARED_FAQ;DIFFERENTIATE_MAIN_CONTENT;REWRITE_FOR_CUSTOMER
/wohnungsaufloesung-feucht,/wohnungsaufloesung-freising,service,service,0.125,1.000,1.000,1.000,0,9,no,HIGH_OVERLAP,REVIEW_SHARED_FAQ;DIFFERENTIATE_MAIN_CONTENT;REWRITE_FOR_CUSTOMER
/wohnungsaufloesung-feucht,/wohnungsaufloesung-freystadt,service,service,0.125,1.000,1.000,1.000,0,9,no,HIGH_OVERLAP,REVIEW_SHARED_FAQ;DIFFERENTIATE_MAIN_CONTENT;REWRITE_FOR_CUSTOMER
/wohnungsaufloesung-feucht,/wohnungsaufloesung-freyung,service,service,0.143,1.000,1.000,1.000,0,9,no,HIGH_OVERLAP,REVIEW_SHARED_FAQ;DIFFERENTIATE_MAIN_CONTENT;REWRITE_FOR_CUSTOMER
/wohnungsaufloesung-feucht,/wohnungsaufloesung-fuerstenfeldbruck,service,service,0.125,1.000,1.000,1.000,0,9,no,HIGH_OVERLAP,REVIEW_SHARED_FAQ;DIFFERENTIATE_MAIN_CONTENT;REWRITE_FOR_CUSTOMER
/wohnungsaufloesung-freising,/wohnungsaufloesung-freystadt,service,service,0.143,1.000,1.000,1.000,0,9,no,HIGH_OVERLAP,REVIEW_SHARED_FAQ;DIFFERENTIATE_MAIN_CONTENT;REWRITE_FOR_CUSTOMER
/wohnungsaufloesung-freising,/wohnungsaufloesung-freyung,service,service,0.167,1.000,1.000,1.000,0,9,no,HIGH_OVERLAP,REVIEW_SHARED_FAQ;DIFFERENTIATE_MAIN_CONTENT;REWRITE_FOR_CUSTOMER
/wohnungsaufloesung-freising,/wohnungsaufloesung-fuerstenfeldbruck,service,service,0.143,1.000,1.000,1.000,0,9,no,HIGH_OVERLAP,REVIEW_SHARED_FAQ;DIFFERENTIATE_MAIN_CONTENT;REWRITE_FOR_CUSTOMER
/wohnungsaufloesung-freystadt,/wohnungsaufloesung-freyung,service,service,0.167,1.000,1.000,1.000,0,9,no,HIGH_OVERLAP,REVIEW_SHARED_FAQ;DIFFERENTIATE_MAIN_CONTENT;REWRITE_FOR_CUSTOMER
/wohnungsaufloesung-freystadt,/wohnungsaufloesung-fuerstenfeldbruck,service,service,1.000,1.000,1.000,1.000,0,9,no,HIGH_OVERLAP,REVIEW_SHARED_FAQ;DIFFERENTIATE_MAIN_CONTENT;REWRITE_FOR_CUSTOMER
/wohnungsaufloesung-freyung,/wohnungsaufloesung-fuerstenfeldbruck,service,service,0.167,1.000,1.000,1.000,0,9,no,HIGH_OVERLAP,REVIEW_SHARED_FAQ;DIFFERENTIATE_MAIN_CONTENT;REWRITE_FOR_CUSTOMER
/wohnungsaufloesung-fuerth,/wohnungsaufloesung-furth-im-wald,service,service,0.125,1.000,1.000,1.000,0,9,no,HIGH_OVERLAP,REVIEW_SHARED_FAQ;DIFFERENTIATE_MAIN_CONTENT;REWRITE_FOR_CUSTOMER
/wohnungsaufloesung-fuerth,/wohnungsaufloesung-garching,service,service,0.125,1.000,1.000,1.000,0,9,no,HIGH_OVERLAP,REVIEW_SHARED_FAQ;DIFFERENTIATE_MAIN_CONTENT;REWRITE_FOR_CUSTOMER
/wohnungsaufloesung-fuerth,/wohnungsaufloesung-geiselhoering,service,service,0.143,1.000,1.000,1.000,0,9,no,HIGH_OVERLAP,REVIEW_SHARED_FAQ;DIFFERENTIATE_MAIN_CONTENT;REWRITE_FOR_CUSTOMER
/wohnungsaufloesung-fuerth,/wohnungsaufloesung-geisenfeld,service,service,1.000,1.000,1.000,1.000,0,9,no,HIGH_OVERLAP,REVIEW_SHARED_FAQ;DIFFERENTIATE_MAIN_CONTENT;REWRITE_FOR_CUSTOMER
/wohnungsaufloesung-fuerth,/wohnungsaufloesung-germering,service,service,1.000,1.000,1.000,1.000,0,9,no,HIGH_OVERLAP,REVIEW_SHARED_FAQ;DIFFERENTIATE_MAIN_CONTENT;REWRITE_FOR_CUSTOMER
/wohnungsaufloesung-fuerth,/wohnungsaufloesung-gersthofen,service,service,0.143,1.000,1.000,1.000,0,9,no,HIGH_OVERLAP,REVIEW_SHARED_FAQ;DIFFERENTIATE_MAIN_CONTENT;REWRITE_FOR_CUSTOMER
/wohnungsaufloesung-fuerth,/wohnungsaufloesung-grafenau,service,service,0.125,1.000,1.000,1.000,0,9,no,HIGH_OVERLAP,REVIEW_SHARED_FAQ;DIFFERENTIATE_MAIN_CONTENT;REWRITE_FOR_CUSTOMER
/wohnungsaufloesung-furth-im-wald,/wohnungsaufloesung-garching,service,service,1.000,1.000,1.000,1.000,0,9,no,HIGH_OVERLAP,REVIEW_SHARED_FAQ;DIFFERENTIATE_MAIN_CONTENT;REWRITE_FOR_CUSTOMER
/wohnungsaufloesung-furth-im-wald,/wohnungsaufloesung-geiselhoering,service,service,0.125,1.000,1.000,1.000,0,9,no,HIGH_OVERLAP,REVIEW_SHARED_FAQ;DIFFERENTIATE_MAIN_CONTENT;REWRITE_FOR_CUSTOMER
/wohnungsaufloesung-furth-im-wald,/wohnungsaufloesung-geisenfeld,service,service,0.125,1.000,1.000,1.000,0,9,no,HIGH_OVERLAP,REVIEW_SHARED_FAQ;DIFFERENTIATE_MAIN_CONTENT;REWRITE_FOR_CUSTOMER
/wohnungsaufloesung-furth-im-wald,/wohnungsaufloesung-germering,service,service,0.125,1.000,1.000,1.000,0,9,no,HIGH_OVERLAP,REVIEW_SHARED_FAQ;DIFFERENTIATE_MAIN_CONTENT;REWRITE_FOR_CUSTOMER
/wohnungsaufloesung-furth-im-wald,/wohnungsaufloesung-gersthofen,service,service,0.125,1.000,1.000,1.000,0,9,no,HIGH_OVERLAP,REVIEW_SHARED_FAQ;DIFFERENTIATE_MAIN_CONTENT;REWRITE_FOR_CUSTOMER
/wohnungsaufloesung-furth-im-wald,/wohnungsaufloesung-grafenau,service,service,1.000,1.000,1.000,1.000,0,9,no,HIGH_OVERLAP,REVIEW_SHARED_FAQ;DIFFERENTIATE_MAIN_CONTENT;REWRITE_FOR_CUSTOMER
/wohnungsaufloesung-garching,/wohnungsaufloesung-geiselhoering,service,service,0.125,1.000,1.000,1.000,0,9,no,HIGH_OVERLAP,REVIEW_SHARED_FAQ;DIFFERENTIATE_MAIN_CONTENT;REWRITE_FOR_CUSTOMER
/wohnungsaufloesung-garching,/wohnungsaufloesung-geisenfeld,service,service,0.125,1.000,1.000,1.000,0,9,no,HIGH_OVERLAP,REVIEW_SHARED_FAQ;DIFFERENTIATE_MAIN_CONTENT;REWRITE_FOR_CUSTOMER
/wohnungsaufloesung-garching,/wohnungsaufloesung-germering,service,service,0.125,1.000,1.000,1.000,0,9,no,HIGH_OVERLAP,REVIEW_SHARED_FAQ;DIFFERENTIATE_MAIN_CONTENT;REWRITE_FOR_CUSTOMER
/wohnungsaufloesung-garching,/wohnungsaufloesung-gersthofen,service,service,0.125,1.000,1.000,1.000,0,9,no,HIGH_OVERLAP,REVIEW_SHARED_FAQ;DIFFERENTIATE_MAIN_CONTENT;REWRITE_FOR_CUSTOMER
/wohnungsaufloesung-garching,/wohnungsaufloesung-grafenau,service,service,1.000,1.000,1.000,1.000,0,9,no,HIGH_OVERLAP,REVIEW_SHARED_FAQ;DIFFERENTIATE_MAIN_CONTENT;REWRITE_FOR_CUSTOMER
/wohnungsaufloesung-geiselhoering,/wohnungsaufloesung-geisenfeld,service,service,0.143,1.000,1.000,1.000,0,9,no,HIGH_OVERLAP,REVIEW_SHARED_FAQ;DIFFERENTIATE_MAIN_CONTENT;REWRITE_FOR_CUSTOMER
/wohnungsaufloesung-geiselhoering,/wohnungsaufloesung-germering,service,service,0.143,1.000,1.000,1.000,0,9,no,HIGH_OVERLAP,REVIEW_SHARED_FAQ;DIFFERENTIATE_MAIN_CONTENT;REWRITE_FOR_CUSTOMER
/wohnungsaufloesung-geiselhoering,/wohnungsaufloesung-gersthofen,service,service,1.000,1.000,1.000,1.000,0,9,no,HIGH_OVERLAP,REVIEW_SHARED_FAQ;DIFFERENTIATE_MAIN_CONTENT;REWRITE_FOR_CUSTOMER
/wohnungsaufloesung-geiselhoering,/wohnungsaufloesung-grafenau,service,service,0.125,1.000,1.000,1.000,0,9,no,HIGH_OVERLAP,REVIEW_SHARED_FAQ;DIFFERENTIATE_MAIN_CONTENT;REWRITE_FOR_CUSTOMER
/wohnungsaufloesung-geisenfeld,/wohnungsaufloesung-germering,service,service,1.000,1.000,1.000,1.000,0,9,no,HIGH_OVERLAP,REVIEW_SHARED_FAQ;DIFFERENTIATE_MAIN_CONTENT;REWRITE_FOR_CUSTOMER
/wohnungsaufloesung-geisenfeld,/wohnungsaufloesung-gersthofen,service,service,0.143,1.000,1.000,1.000,0,9,no,HIGH_OVERLAP,REVIEW_SHARED_FAQ;DIFFERENTIATE_MAIN_CONTENT;REWRITE_FOR_CUSTOMER
/wohnungsaufloesung-geisenfeld,/wohnungsaufloesung-grafenau,service,service,0.125,1.000,1.000,1.000,0,9,no,HIGH_OVERLAP,REVIEW_SHARED_FAQ;DIFFERENTIATE_MAIN_CONTENT;REWRITE_FOR_CUSTOMER
/wohnungsaufloesung-germering,/wohnungsaufloesung-gersthofen,service,service,0.143,1.000,1.000,1.000,0,9,no,HIGH_OVERLAP,REVIEW_SHARED_FAQ;DIFFERENTIATE_MAIN_CONTENT;REWRITE_FOR_CUSTOMER
/wohnungsaufloesung-germering,/wohnungsaufloesung-grafenau,service,service,0.125,1.000,1.000,1.000,0,9,no,HIGH_OVERLAP,REVIEW_SHARED_FAQ;DIFFERENTIATE_MAIN_CONTENT;REWRITE_FOR_CUSTOMER
/wohnungsaufloesung-gersthofen,/wohnungsaufloesung-grafenau,service,service,0.125,1.000,1.000,1.000,0,9,no,HIGH_OVERLAP,REVIEW_SHARED_FAQ;DIFFERENTIATE_MAIN_CONTENT;REWRITE_FOR_CUSTOMER
/wohnungsaufloesung-grafenwoehr,/wohnungsaufloesung-guenzburg,service,service,0.167,1.000,1.000,0.918,0,6,no,HIGH_OVERLAP,REVIEW_SHARED_FAQ;DIFFERENTIATE_MAIN_CONTENT;REWRITE_FOR_CUSTOMER
/wohnungsaufloesung-grafenwoehr,/wohnungsaufloesung-hagelstadt,service,service,0.167,1.000,1.000,1.000,0,9,no,HIGH_OVERLAP,REVIEW_SHARED_FAQ;DIFFERENTIATE_MAIN_CONTENT;REWRITE_FOR_CUSTOMER
/wohnungsaufloesung-grafenwoehr,/wohnungsaufloesung-hausen,service,service,0.167,1.000,1.000,1.000,0,9,no,HIGH_OVERLAP,REVIEW_SHARED_FAQ;DIFFERENTIATE_MAIN_CONTENT;REWRITE_FOR_CUSTOMER
/wohnungsaufloesung-grafenwoehr,/wohnungsaufloesung-hemau,service,service,0.167,1.000,1.000,1.000,0,9,no,HIGH_OVERLAP,REVIEW_SHARED_FAQ;DIFFERENTIATE_MAIN_CONTENT;REWRITE_FOR_CUSTOMER
/wohnungsaufloesung-grafenwoehr,/wohnungsaufloesung-herzogenaurach,service,service,1.000,1.000,1.000,1.000,0,9,no,HIGH_OVERLAP,REVIEW_SHARED_FAQ;DIFFERENTIATE_MAIN_CONTENT;REWRITE_FOR_CUSTOMER
/wohnungsaufloesung-grafenwoehr,/wohnungsaufloesung-hirschau,service,service,0.167,1.000,1.000,1.000,0,9,no,HIGH_OVERLAP,REVIEW_SHARED_FAQ;DIFFERENTIATE_MAIN_CONTENT;REWRITE_FOR_CUSTOMER
/wohnungsaufloesung-grafenwoehr,/wohnungsaufloesung-hohenfels,service,service,0.167,1.000,1.000,1.000,0,9,no,HIGH_OVERLAP,REVIEW_SHARED_FAQ;DIFFERENTIATE_MAIN_CONTENT;REWRITE_FOR_CUSTOMER
/wohnungsaufloesung-guenzburg,/wohnungsaufloesung-hagelstadt,service,service,1.000,1.000,1.000,0.918,0,6,no,HIGH_OVERLAP,REVIEW_SHARED_FAQ;DIFFERENTIATE_MAIN_CONTENT;REWRITE_FOR_CUSTOMER
/wohnungsaufloesung-guenzburg,/wohnungsaufloesung-hausen,service,service,0.143,1.000,1.000,0.918,0,6,no,HIGH_OVERLAP,REVIEW_SHARED_FAQ;DIFFERENTIATE_MAIN_CONTENT;REWRITE_FOR_CUSTOMER
/wohnungsaufloesung-guenzburg,/wohnungsaufloesung-hemau,service,service,0.143,1.000,1.000,0.918,0,6,no,HIGH_OVERLAP,REVIEW_SHARED_FAQ;DIFFERENTIATE_MAIN_CONTENT;REWRITE_FOR_CUSTOMER
/wohnungsaufloesung-guenzburg,/wohnungsaufloesung-herzogenaurach,service,service,0.167,1.000,1.000,0.918,0,6,no,HIGH_OVERLAP,REVIEW_SHARED_FAQ;DIFFERENTIATE_MAIN_CONTENT;REWRITE_FOR_CUSTOMER
/wohnungsaufloesung-guenzburg,/wohnungsaufloesung-hirschau,service,service,1.000,1.000,1.000,0.918,0,6,no,HIGH_OVERLAP,REVIEW_SHARED_FAQ;DIFFERENTIATE_MAIN_CONTENT;REWRITE_FOR_CUSTOMER
/wohnungsaufloesung-guenzburg,/wohnungsaufloesung-hohenfels,service,service,0.143,1.000,1.000,0.918,0,6,no,HIGH_OVERLAP,REVIEW_SHARED_FAQ;DIFFERENTIATE_MAIN_CONTENT;REWRITE_FOR_CUSTOMER
/wohnungsaufloesung-hagelstadt,/wohnungsaufloesung-hausen,service,service,0.143,1.000,1.000,1.000,0,9,no,HIGH_OVERLAP,REVIEW_SHARED_FAQ;DIFFERENTIATE_MAIN_CONTENT;REWRITE_FOR_CUSTOMER
/wohnungsaufloesung-hagelstadt,/wohnungsaufloesung-hemau,service,service,0.143,1.000,1.000,1.000,0,9,no,HIGH_OVERLAP,REVIEW_SHARED_FAQ;DIFFERENTIATE_MAIN_CONTENT;REWRITE_FOR_CUSTOMER
/wohnungsaufloesung-hagelstadt,/wohnungsaufloesung-herzogenaurach,service,service,0.167,1.000,1.000,1.000,0,9,no,HIGH_OVERLAP,REVIEW_SHARED_FAQ;DIFFERENTIATE_MAIN_CONTENT;REWRITE_FOR_CUSTOMER
/wohnungsaufloesung-hagelstadt,/wohnungsaufloesung-hirschau,service,service,1.000,1.000,1.000,1.000,0,9,no,HIGH_OVERLAP,REVIEW_SHARED_FAQ;DIFFERENTIATE_MAIN_CONTENT;REWRITE_FOR_CUSTOMER
/wohnungsaufloesung-hagelstadt,/wohnungsaufloesung-hohenfels,service,service,0.143,1.000,1.000,1.000,0,9,no,HIGH_OVERLAP,REVIEW_SHARED_FAQ;DIFFERENTIATE_MAIN_CONTENT;REWRITE_FOR_CUSTOMER
/wohnungsaufloesung-hausen,/wohnungsaufloesung-hemau,service,service,1.000,1.000,1.000,1.000,0,9,no,HIGH_OVERLAP,REVIEW_SHARED_FAQ;DIFFERENTIATE_MAIN_CONTENT;REWRITE_FOR_CUSTOMER
/wohnungsaufloesung-hausen,/wohnungsaufloesung-herzogenaurach,service,service,0.167,1.000,1.000,1.000,0,9,no,HIGH_OVERLAP,REVIEW_SHARED_FAQ;DIFFERENTIATE_MAIN_CONTENT;REWRITE_FOR_CUSTOMER
/wohnungsaufloesung-hausen,/wohnungsaufloesung-hirschau,service,service,0.143,1.000,1.000,1.000,0,9,no,HIGH_OVERLAP,REVIEW_SHARED_FAQ;DIFFERENTIATE_MAIN_CONTENT;REWRITE_FOR_CUSTOMER
/wohnungsaufloesung-hausen,/wohnungsaufloesung-hohenfels,service,service,1.000,1.000,1.000,1.000,0,9,no,HIGH_OVERLAP,REVIEW_SHARED_FAQ;DIFFERENTIATE_MAIN_CONTENT;REWRITE_FOR_CUSTOMER
/wohnungsaufloesung-hemau,/wohnungsaufloesung-herzogenaurach,service,service,0.167,1.000,1.000,1.000,0,9,no,HIGH_OVERLAP,REVIEW_SHARED_FAQ;DIFFERENTIATE_MAIN_CONTENT;REWRITE_FOR_CUSTOMER
/wohnungsaufloesung-hemau,/wohnungsaufloesung-hirschau,service,service,0.143,1.000,1.000,1.000,0,9,no,HIGH_OVERLAP,REVIEW_SHARED_FAQ;DIFFERENTIATE_MAIN_CONTENT;REWRITE_FOR_CUSTOMER
/wohnungsaufloesung-hemau,/wohnungsaufloesung-hohenfels,service,service,1.000,1.000,1.000,1.000,0,9,no,HIGH_OVERLAP,REVIEW_SHARED_FAQ;DIFFERENTIATE_MAIN_CONTENT;REWRITE_FOR_CUSTOMER
/wohnungsaufloesung-herzogenaurach,/wohnungsaufloesung-hirschau,service,service,0.167,1.000,1.000,1.000,0,9,no,HIGH_OVERLAP,REVIEW_SHARED_FAQ;DIFFERENTIATE_MAIN_CONTENT;REWRITE_FOR_CUSTOMER
/wohnungsaufloesung-herzogenaurach,/wohnungsaufloesung-hohenfels,service,service,0.167,1.000,1.000,1.000,0,9,no,HIGH_OVERLAP,REVIEW_SHARED_FAQ;DIFFERENTIATE_MAIN_CONTENT;REWRITE_FOR_CUSTOMER
/wohnungsaufloesung-hirschau,/wohnungsaufloesung-hohenfels,service,service,0.143,1.000,1.000,1.000,0,9,no,HIGH_OVERLAP,REVIEW_SHARED_FAQ;DIFFERENTIATE_MAIN_CONTENT;REWRITE_FOR_CUSTOMER
/wohnungsaufloesung-holzheim-am-forst,/wohnungsaufloesung-ingolstadt,service,service,0.125,1.000,1.000,0.906,0,6,no,HIGH_OVERLAP,REVIEW_SHARED_FAQ;DIFFERENTIATE_MAIN_CONTENT;REWRITE_FOR_CUSTOMER
/wohnungsaufloesung-holzheim-am-forst,/wohnungsaufloesung-kallmuenz,service,service,0.143,1.000,1.000,1.000,0,9,no,HIGH_OVERLAP,REVIEW_SHARED_FAQ;DIFFERENTIATE_MAIN_CONTENT;REWRITE_FOR_CUSTOMER
/wohnungsaufloesung-holzheim-am-forst,/wohnungsaufloesung-kelheim,service,service,0.143,1.000,1.000,1.000,0,9,no,HIGH_OVERLAP,REVIEW_SHARED_FAQ;DIFFERENTIATE_MAIN_CONTENT;REWRITE_FOR_CUSTOMER
/wohnungsaufloesung-holzheim-am-forst,/wohnungsaufloesung-kissing,service,service,1.000,1.000,1.000,1.000,0,9,no,HIGH_OVERLAP,REVIEW_SHARED_FAQ;DIFFERENTIATE_MAIN_CONTENT;REWRITE_FOR_CUSTOMER
/wohnungsaufloesung-holzheim-am-forst,/wohnungsaufloesung-koefering,service,service,1.000,1.000,1.000,1.000,0,9,no,HIGH_OVERLAP,REVIEW_SHARED_FAQ;DIFFERENTIATE_MAIN_CONTENT;REWRITE_FOR_CUSTOMER
/wohnungsaufloesung-holzheim-am-forst,/wohnungsaufloesung-koenigsbrunn,service,service,0.125,1.000,1.000,1.000,0,9,no,HIGH_OVERLAP,REVIEW_SHARED_FAQ;DIFFERENTIATE_MAIN_CONTENT;REWRITE_FOR_CUSTOMER
/wohnungsaufloesung-holzheim-am-forst,/wohnungsaufloesung-koetzting,service,service,0.125,1.000,1.000,1.000,0,9,no,HIGH_OVERLAP,REVIEW_SHARED_FAQ;DIFFERENTIATE_MAIN_CONTENT;REWRITE_FOR_CUSTOMER
/wohnungsaufloesung-ingolstadt,/wohnungsaufloesung-kallmuenz,service,service,0.125,1.000,1.000,0.906,0,6,no,HIGH_OVERLAP,REVIEW_SHARED_FAQ;DIFFERENTIATE_MAIN_CONTENT;REWRITE_FOR_CUSTOMER
/wohnungsaufloesung-ingolstadt,/wohnungsaufloesung-kelheim,service,service,0.125,1.000,1.000,0.906,0,6,no,HIGH_OVERLAP,REVIEW_SHARED_FAQ;DIFFERENTIATE_MAIN_CONTENT;REWRITE_FOR_CUSTOMER
/wohnungsaufloesung-ingolstadt,/wohnungsaufloesung-kissing,service,service,0.125,1.000,1.000,0.906,0,6,no,HIGH_OVERLAP,REVIEW_SHARED_FAQ;DIFFERENTIATE_MAIN_CONTENT;REWRITE_FOR_CUSTOMER
/wohnungsaufloesung-ingolstadt,/wohnungsaufloesung-koefering,service,service,0.125,1.000,1.000,0.906,0,6,no,HIGH_OVERLAP,REVIEW_SHARED_FAQ;DIFFERENTIATE_MAIN_CONTENT;REWRITE_FOR_CUSTOMER
/wohnungsaufloesung-ingolstadt,/wohnungsaufloesung-koenigsbrunn,service,service,1.000,1.000,1.000,0.906,0,6,no,HIGH_OVERLAP,REVIEW_SHARED_FAQ;DIFFERENTIATE_MAIN_CONTENT;REWRITE_FOR_CUSTOMER
/wohnungsaufloesung-ingolstadt,/wohnungsaufloesung-koetzting,service,service,1.000,1.000,1.000,0.906,0,6,no,HIGH_OVERLAP,REVIEW_SHARED_FAQ;DIFFERENTIATE_MAIN_CONTENT;REWRITE_FOR_CUSTOMER
/wohnungsaufloesung-kallmuenz,/wohnungsaufloesung-kelheim,service,service,1.000,1.000,1.000,1.000,0,9,no,HIGH_OVERLAP,REVIEW_SHARED_FAQ;DIFFERENTIATE_MAIN_CONTENT;REWRITE_FOR_CUSTOMER
/wohnungsaufloesung-kallmuenz,/wohnungsaufloesung-kissing,service,service,0.143,1.000,1.000,1.000,0,9,no,HIGH_OVERLAP,REVIEW_SHARED_FAQ;DIFFERENTIATE_MAIN_CONTENT;REWRITE_FOR_CUSTOMER
/wohnungsaufloesung-kallmuenz,/wohnungsaufloesung-koefering,service,service,0.143,1.000,1.000,1.000,0,9,no,HIGH_OVERLAP,REVIEW_SHARED_FAQ;DIFFERENTIATE_MAIN_CONTENT;REWRITE_FOR_CUSTOMER
/wohnungsaufloesung-kallmuenz,/wohnungsaufloesung-koenigsbrunn,service,service,0.125,1.000,1.000,1.000,0,9,no,HIGH_OVERLAP,REVIEW_SHARED_FAQ;DIFFERENTIATE_MAIN_CONTENT;REWRITE_FOR_CUSTOMER
/wohnungsaufloesung-kallmuenz,/wohnungsaufloesung-koetzting,service,service,0.125,1.000,1.000,1.000,0,9,no,HIGH_OVERLAP,REVIEW_SHARED_FAQ;DIFFERENTIATE_MAIN_CONTENT;REWRITE_FOR_CUSTOMER
/wohnungsaufloesung-kelheim,/wohnungsaufloesung-kissing,service,service,0.143,1.000,1.000,1.000,0,9,no,HIGH_OVERLAP,REVIEW_SHARED_FAQ;DIFFERENTIATE_MAIN_CONTENT;REWRITE_FOR_CUSTOMER
/wohnungsaufloesung-kelheim,/wohnungsaufloesung-koefering,service,service,0.143,1.000,1.000,1.000,0,9,no,HIGH_OVERLAP,REVIEW_SHARED_FAQ;DIFFERENTIATE_MAIN_CONTENT;REWRITE_FOR_CUSTOMER
/wohnungsaufloesung-kelheim,/wohnungsaufloesung-koenigsbrunn,service,service,0.125,1.000,1.000,1.000,0,9,no,HIGH_OVERLAP,REVIEW_SHARED_FAQ;DIFFERENTIATE_MAIN_CONTENT;REWRITE_FOR_CUSTOMER
/wohnungsaufloesung-kelheim,/wohnungsaufloesung-koetzting,service,service,0.125,1.000,1.000,1.000,0,9,no,HIGH_OVERLAP,REVIEW_SHARED_FAQ;DIFFERENTIATE_MAIN_CONTENT;REWRITE_FOR_CUSTOMER
/wohnungsaufloesung-kissing,/wohnungsaufloesung-koefering,service,service,1.000,1.000,1.000,1.000,0,9,no,HIGH_OVERLAP,REVIEW_SHARED_FAQ;DIFFERENTIATE_MAIN_CONTENT;REWRITE_FOR_CUSTOMER
/wohnungsaufloesung-kissing,/wohnungsaufloesung-koenigsbrunn,service,service,0.125,1.000,1.000,1.000,0,9,no,HIGH_OVERLAP,REVIEW_SHARED_FAQ;DIFFERENTIATE_MAIN_CONTENT;REWRITE_FOR_CUSTOMER
/wohnungsaufloesung-kissing,/wohnungsaufloesung-koetzting,service,service,0.125,1.000,1.000,1.000,0,9,no,HIGH_OVERLAP,REVIEW_SHARED_FAQ;DIFFERENTIATE_MAIN_CONTENT;REWRITE_FOR_CUSTOMER
/wohnungsaufloesung-koefering,/wohnungsaufloesung-koenigsbrunn,service,service,0.125,1.000,1.000,1.000,0,9,no,HIGH_OVERLAP,REVIEW_SHARED_FAQ;DIFFERENTIATE_MAIN_CONTENT;REWRITE_FOR_CUSTOMER
/wohnungsaufloesung-koefering,/wohnungsaufloesung-koetzting,service,service,0.125,1.000,1.000,1.000,0,9,no,HIGH_OVERLAP,REVIEW_SHARED_FAQ;DIFFERENTIATE_MAIN_CONTENT;REWRITE_FOR_CUSTOMER
/wohnungsaufloesung-koenigsbrunn,/wohnungsaufloesung-koetzting,service,service,1.000,1.000,1.000,1.000,0,9,no,HIGH_OVERLAP,REVIEW_SHARED_FAQ;DIFFERENTIATE_MAIN_CONTENT;REWRITE_FOR_CUSTOMER
/wohnungsaufloesung-laaber,/wohnungsaufloesung-landau-an-der-isar,service,service,0.125,1.000,1.000,1.000,0,9,no,HIGH_OVERLAP,REVIEW_SHARED_FAQ;DIFFERENTIATE_MAIN_CONTENT;REWRITE_FOR_CUSTOMER
/wohnungsaufloesung-laaber,/wohnungsaufloesung-landsberg-am-lech,service,service,0.167,1.000,1.000,1.000,0,9,no,HIGH_OVERLAP,REVIEW_SHARED_FAQ;DIFFERENTIATE_MAIN_CONTENT;REWRITE_FOR_CUSTOMER
/wohnungsaufloesung-laaber,/wohnungsaufloesung-landshut,service,service,1.000,1.000,1.000,0.927,0,6,no,HIGH_OVERLAP,REVIEW_SHARED_FAQ;DIFFERENTIATE_MAIN_CONTENT;REWRITE_FOR_CUSTOMER
/wohnungsaufloesung-laaber,/wohnungsaufloesung-langquaid,service,service,0.167,1.000,1.000,1.000,0,9,no,HIGH_OVERLAP,REVIEW_SHARED_FAQ;DIFFERENTIATE_MAIN_CONTENT;REWRITE_FOR_CUSTOMER
/wohnungsaufloesung-laaber,/wohnungsaufloesung-lappersdorf,service,service,0.143,1.000,1.000,1.000,0,9,no,HIGH_OVERLAP,REVIEW_SHARED_FAQ;DIFFERENTIATE_MAIN_CONTENT;REWRITE_FOR_CUSTOMER
/wohnungsaufloesung-laaber,/wohnungsaufloesung-lauf-an-der-pegnitz,service,service,0.167,1.000,1.000,1.000,0,9,no,HIGH_OVERLAP,REVIEW_SHARED_FAQ;DIFFERENTIATE_MAIN_CONTENT;REWRITE_FOR_CUSTOMER
/wohnungsaufloesung-laaber,/wohnungsaufloesung-lupburg,service,service,1.000,1.000,1.000,1.000,0,9,no,HIGH_OVERLAP,REVIEW_SHARED_FAQ;DIFFERENTIATE_MAIN_CONTENT;REWRITE_FOR_CUSTOMER
/wohnungsaufloesung-landau-an-der-isar,/wohnungsaufloesung-landsberg-am-lech,service,service,0.143,1.000,1.000,1.000,0,9,no,HIGH_OVERLAP,REVIEW_SHARED_FAQ;DIFFERENTIATE_MAIN_CONTENT;REWRITE_FOR_CUSTOMER
/wohnungsaufloesung-landau-an-der-isar,/wohnungsaufloesung-landshut,service,service,0.125,1.000,1.000,0.927,0,6,no,HIGH_OVERLAP,REVIEW_SHARED_FAQ;DIFFERENTIATE_MAIN_CONTENT;REWRITE_FOR_CUSTOMER
/wohnungsaufloesung-landau-an-der-isar,/wohnungsaufloesung-langquaid,service,service,0.143,1.000,1.000,1.000,0,9,no,HIGH_OVERLAP,REVIEW_SHARED_FAQ;DIFFERENTIATE_MAIN_CONTENT;REWRITE_FOR_CUSTOMER
/wohnungsaufloesung-landau-an-der-isar,/wohnungsaufloesung-lappersdorf,service,service,0.125,1.000,1.000,1.000,0,9,no,HIGH_OVERLAP,REVIEW_SHARED_FAQ;DIFFERENTIATE_MAIN_CONTENT;REWRITE_FOR_CUSTOMER
/wohnungsaufloesung-landau-an-der-isar,/wohnungsaufloesung-lauf-an-der-pegnitz,service,service,0.143,1.000,1.000,1.000,0,9,no,HIGH_OVERLAP,REVIEW_SHARED_FAQ;DIFFERENTIATE_MAIN_CONTENT;REWRITE_FOR_CUSTOMER
/wohnungsaufloesung-landau-an-der-isar,/wohnungsaufloesung-lupburg,service,service,0.125,1.000,1.000,1.000,0,9,no,HIGH_OVERLAP,REVIEW_SHARED_FAQ;DIFFERENTIATE_MAIN_CONTENT;REWRITE_FOR_CUSTOMER
/wohnungsaufloesung-landsberg-am-lech,/wohnungsaufloesung-landshut,service,service,0.167,1.000,1.000,0.927,0,6,no,HIGH_OVERLAP,REVIEW_SHARED_FAQ;DIFFERENTIATE_MAIN_CONTENT;REWRITE_FOR_CUSTOMER
/wohnungsaufloesung-landsberg-am-lech,/wohnungsaufloesung-langquaid,service,service,1.000,1.000,1.000,1.000,0,9,no,HIGH_OVERLAP,REVIEW_SHARED_FAQ;DIFFERENTIATE_MAIN_CONTENT;REWRITE_FOR_CUSTOMER
/wohnungsaufloesung-landsberg-am-lech,/wohnungsaufloesung-lappersdorf,service,service,0.167,1.000,1.000,1.000,0,9,no,HIGH_OVERLAP,REVIEW_SHARED_FAQ;DIFFERENTIATE_MAIN_CONTENT;REWRITE_FOR_CUSTOMER
/wohnungsaufloesung-landsberg-am-lech,/wohnungsaufloesung-lauf-an-der-pegnitz,service,service,1.000,1.000,1.000,1.000,0,9,no,HIGH_OVERLAP,REVIEW_SHARED_FAQ;DIFFERENTIATE_MAIN_CONTENT;REWRITE_FOR_CUSTOMER
/wohnungsaufloesung-landsberg-am-lech,/wohnungsaufloesung-lupburg,service,service,0.167,1.000,1.000,1.000,0,9,no,HIGH_OVERLAP,REVIEW_SHARED_FAQ;DIFFERENTIATE_MAIN_CONTENT;REWRITE_FOR_CUSTOMER
/wohnungsaufloesung-landshut,/wohnungsaufloesung-langquaid,service,service,0.167,1.000,1.000,0.927,0,6,no,HIGH_OVERLAP,REVIEW_SHARED_FAQ;DIFFERENTIATE_MAIN_CONTENT;REWRITE_FOR_CUSTOMER
/wohnungsaufloesung-landshut,/wohnungsaufloesung-lappersdorf,service,service,0.143,1.000,1.000,0.927,0,6,no,HIGH_OVERLAP,REVIEW_SHARED_FAQ;DIFFERENTIATE_MAIN_CONTENT;REWRITE_FOR_CUSTOMER
/wohnungsaufloesung-landshut,/wohnungsaufloesung-lauf-an-der-pegnitz,service,service,0.167,1.000,1.000,0.927,0,6,no,HIGH_OVERLAP,REVIEW_SHARED_FAQ;DIFFERENTIATE_MAIN_CONTENT;REWRITE_FOR_CUSTOMER
/wohnungsaufloesung-landshut,/wohnungsaufloesung-lupburg,service,service,1.000,1.000,1.000,0.927,0,6,no,HIGH_OVERLAP,REVIEW_SHARED_FAQ;DIFFERENTIATE_MAIN_CONTENT;REWRITE_FOR_CUSTOMER
/wohnungsaufloesung-langquaid,/wohnungsaufloesung-lappersdorf,service,service,0.167,1.000,1.000,1.000,0,9,no,HIGH_OVERLAP,REVIEW_SHARED_FAQ;DIFFERENTIATE_MAIN_CONTENT;REWRITE_FOR_CUSTOMER
/wohnungsaufloesung-langquaid,/wohnungsaufloesung-lauf-an-der-pegnitz,service,service,1.000,1.000,1.000,1.000,0,9,no,HIGH_OVERLAP,REVIEW_SHARED_FAQ;DIFFERENTIATE_MAIN_CONTENT;REWRITE_FOR_CUSTOMER
/wohnungsaufloesung-langquaid,/wohnungsaufloesung-lupburg,service,service,0.167,1.000,1.000,1.000,0,9,no,HIGH_OVERLAP,REVIEW_SHARED_FAQ;DIFFERENTIATE_MAIN_CONTENT;REWRITE_FOR_CUSTOMER
/wohnungsaufloesung-lappersdorf,/wohnungsaufloesung-lauf-an-der-pegnitz,service,service,0.167,1.000,1.000,1.000,0,9,no,HIGH_OVERLAP,REVIEW_SHARED_FAQ;DIFFERENTIATE_MAIN_CONTENT;REWRITE_FOR_CUSTOMER
/wohnungsaufloesung-lappersdorf,/wohnungsaufloesung-lupburg,service,service,0.143,1.000,1.000,1.000,0,9,no,HIGH_OVERLAP,REVIEW_SHARED_FAQ;DIFFERENTIATE_MAIN_CONTENT;REWRITE_FOR_CUSTOMER
/wohnungsaufloesung-lauf-an-der-pegnitz,/wohnungsaufloesung-lupburg,service,service,0.167,1.000,1.000,1.000,0,9,no,HIGH_OVERLAP,REVIEW_SHARED_FAQ;DIFFERENTIATE_MAIN_CONTENT;REWRITE_FOR_CUSTOMER
/wohnungsaufloesung-mainburg,/wohnungsaufloesung-mallersdorf-pfaffenberg,service,service,0.125,1.000,1.000,1.000,0,9,no,HIGH_OVERLAP,REVIEW_SHARED_FAQ;DIFFERENTIATE_MAIN_CONTENT;REWRITE_FOR_CUSTOMER
/wohnungsaufloesung-mainburg,/wohnungsaufloesung-mammendorf,service,service,0.125,1.000,1.000,1.000,0,9,no,HIGH_OVERLAP,REVIEW_SHARED_FAQ;DIFFERENTIATE_MAIN_CONTENT;REWRITE_FOR_CUSTOMER
/wohnungsaufloesung-mainburg,/wohnungsaufloesung-maxhuette-haidhof,service,service,0.125,1.000,1.000,1.000,0,9,no,HIGH_OVERLAP,REVIEW_SHARED_FAQ;DIFFERENTIATE_MAIN_CONTENT;REWRITE_FOR_CUSTOMER
/wohnungsaufloesung-mainburg,/wohnungsaufloesung-mering,service,service,0.125,1.000,1.000,1.000,0,9,no,HIGH_OVERLAP,REVIEW_SHARED_FAQ;DIFFERENTIATE_MAIN_CONTENT;REWRITE_FOR_CUSTOMER
/wohnungsaufloesung-mainburg,/wohnungsaufloesung-mintraching,service,service,0.125,1.000,1.000,1.000,0,9,no,HIGH_OVERLAP,REVIEW_SHARED_FAQ;DIFFERENTIATE_MAIN_CONTENT;REWRITE_FOR_CUSTOMER
/wohnungsaufloesung-mainburg,/wohnungsaufloesung-moetzing,service,service,1.000,1.000,1.000,1.000,0,9,no,HIGH_OVERLAP,REVIEW_SHARED_FAQ;DIFFERENTIATE_MAIN_CONTENT;REWRITE_FOR_CUSTOMER
/wohnungsaufloesung-mainburg,/wohnungsaufloesung-moosburg,service,service,0.143,1.000,1.000,1.000,0,9,no,HIGH_OVERLAP,REVIEW_SHARED_FAQ;DIFFERENTIATE_MAIN_CONTENT;REWRITE_FOR_CUSTOMER
/wohnungsaufloesung-mallersdorf-pfaffenberg,/wohnungsaufloesung-mammendorf,service,service,1.000,1.000,1.000,1.000,0,9,no,HIGH_OVERLAP,REVIEW_SHARED_FAQ;DIFFERENTIATE_MAIN_CONTENT;REWRITE_FOR_CUSTOMER
/wohnungsaufloesung-mallersdorf-pfaffenberg,/wohnungsaufloesung-maxhuette-haidhof,service,service,0.143,1.000,1.000,1.000,0,9,no,HIGH_OVERLAP,REVIEW_SHARED_FAQ;DIFFERENTIATE_MAIN_CONTENT;REWRITE_FOR_CUSTOMER
/wohnungsaufloesung-mallersdorf-pfaffenberg,/wohnungsaufloesung-mering,service,service,1.000,1.000,1.000,1.000,0,9,no,HIGH_OVERLAP,REVIEW_SHARED_FAQ;DIFFERENTIATE_MAIN_CONTENT;REWRITE_FOR_CUSTOMER
/wohnungsaufloesung-mallersdorf-pfaffenberg,/wohnungsaufloesung-mintraching,service,service,1.000,1.000,1.000,1.000,0,9,no,HIGH_OVERLAP,REVIEW_SHARED_FAQ;DIFFERENTIATE_MAIN_CONTENT;REWRITE_FOR_CUSTOMER
/wohnungsaufloesung-mallersdorf-pfaffenberg,/wohnungsaufloesung-moetzing,service,service,0.125,1.000,1.000,1.000,0,9,no,HIGH_OVERLAP,REVIEW_SHARED_FAQ;DIFFERENTIATE_MAIN_CONTENT;REWRITE_FOR_CUSTOMER
/wohnungsaufloesung-mallersdorf-pfaffenberg,/wohnungsaufloesung-moosburg,service,service,0.167,1.000,1.000,1.000,0,9,no,HIGH_OVERLAP,REVIEW_SHARED_FAQ;DIFFERENTIATE_MAIN_CONTENT;REWRITE_FOR_CUSTOMER
/wohnungsaufloesung-mammendorf,/wohnungsaufloesung-maxhuette-haidhof,service,service,0.143,1.000,1.000,1.000,0,9,no,HIGH_OVERLAP,REVIEW_SHARED_FAQ;DIFFERENTIATE_MAIN_CONTENT;REWRITE_FOR_CUSTOMER
/wohnungsaufloesung-mammendorf,/wohnungsaufloesung-mering,service,service,1.000,1.000,1.000,1.000,0,9,no,HIGH_OVERLAP,REVIEW_SHARED_FAQ;DIFFERENTIATE_MAIN_CONTENT;REWRITE_FOR_CUSTOMER
/wohnungsaufloesung-mammendorf,/wohnungsaufloesung-mintraching,service,service,1.000,1.000,1.000,1.000,0,9,no,HIGH_OVERLAP,REVIEW_SHARED_FAQ;DIFFERENTIATE_MAIN_CONTENT;REWRITE_FOR_CUSTOMER
/wohnungsaufloesung-mammendorf,/wohnungsaufloesung-moetzing,service,service,0.125,1.000,1.000,1.000,0,9,no,HIGH_OVERLAP,REVIEW_SHARED_FAQ;DIFFERENTIATE_MAIN_CONTENT;REWRITE_FOR_CUSTOMER
/wohnungsaufloesung-mammendorf,/wohnungsaufloesung-moosburg,service,service,0.167,1.000,1.000,1.000,0,9,no,HIGH_OVERLAP,REVIEW_SHARED_FAQ;DIFFERENTIATE_MAIN_CONTENT;REWRITE_FOR_CUSTOMER
/wohnungsaufloesung-maxhuette-haidhof,/wohnungsaufloesung-mering,service,service,0.143,1.000,1.000,1.000,0,9,no,HIGH_OVERLAP,REVIEW_SHARED_FAQ;DIFFERENTIATE_MAIN_CONTENT;REWRITE_FOR_CUSTOMER
/wohnungsaufloesung-maxhuette-haidhof,/wohnungsaufloesung-mintraching,service,service,0.143,1.000,1.000,1.000,0,9,no,HIGH_OVERLAP,REVIEW_SHARED_FAQ;DIFFERENTIATE_MAIN_CONTENT;REWRITE_FOR_CUSTOMER
/wohnungsaufloesung-maxhuette-haidhof,/wohnungsaufloesung-moetzing,service,service,0.125,1.000,1.000,1.000,0,9,no,HIGH_OVERLAP,REVIEW_SHARED_FAQ;DIFFERENTIATE_MAIN_CONTENT;REWRITE_FOR_CUSTOMER
/wohnungsaufloesung-maxhuette-haidhof,/wohnungsaufloesung-moosburg,service,service,0.167,1.000,1.000,1.000,0,9,no,HIGH_OVERLAP,REVIEW_SHARED_FAQ;DIFFERENTIATE_MAIN_CONTENT;REWRITE_FOR_CUSTOMER
/wohnungsaufloesung-mering,/wohnungsaufloesung-mintraching,service,service,1.000,1.000,1.000,1.000,0,9,no,HIGH_OVERLAP,REVIEW_SHARED_FAQ;DIFFERENTIATE_MAIN_CONTENT;REWRITE_FOR_CUSTOMER
/wohnungsaufloesung-mering,/wohnungsaufloesung-moetzing,service,service,0.125,1.000,1.000,1.000,0,9,no,HIGH_OVERLAP,REVIEW_SHARED_FAQ;DIFFERENTIATE_MAIN_CONTENT;REWRITE_FOR_CUSTOMER
/wohnungsaufloesung-mering,/wohnungsaufloesung-moosburg,service,service,0.167,1.000,1.000,1.000,0,9,no,HIGH_OVERLAP,REVIEW_SHARED_FAQ;DIFFERENTIATE_MAIN_CONTENT;REWRITE_FOR_CUSTOMER
/wohnungsaufloesung-mintraching,/wohnungsaufloesung-moetzing,service,service,0.125,1.000,1.000,1.000,0,9,no,HIGH_OVERLAP,REVIEW_SHARED_FAQ;DIFFERENTIATE_MAIN_CONTENT;REWRITE_FOR_CUSTOMER
/wohnungsaufloesung-mintraching,/wohnungsaufloesung-moosburg,service,service,0.167,1.000,1.000,1.000,0,9,no,HIGH_OVERLAP,REVIEW_SHARED_FAQ;DIFFERENTIATE_MAIN_CONTENT;REWRITE_FOR_CUSTOMER
/wohnungsaufloesung-moetzing,/wohnungsaufloesung-moosburg,service,service,0.143,1.000,1.000,1.000,0,9,no,HIGH_OVERLAP,REVIEW_SHARED_FAQ;DIFFERENTIATE_MAIN_CONTENT;REWRITE_FOR_CUSTOMER
/wohnungsaufloesung-muenchen,/wohnungsaufloesung-nabburg,service,service,1.000,1.000,1.000,0.980,0,9,no,HIGH_OVERLAP,REVIEW_SHARED_FAQ;DIFFERENTIATE_MAIN_CONTENT;REWRITE_FOR_CUSTOMER
/wohnungsaufloesung-muenchen,/wohnungsaufloesung-neu-ulm,service,service,1.000,1.000,1.000,0.980,0,9,no,HIGH_OVERLAP,REVIEW_SHARED_FAQ;DIFFERENTIATE_MAIN_CONTENT;REWRITE_FOR_CUSTOMER
/wohnungsaufloesung-muenchen,/wohnungsaufloesung-neufahrn-in-niederbayern,service,service,0.143,1.000,1.000,0.980,0,9,no,HIGH_OVERLAP,REVIEW_SHARED_FAQ;DIFFERENTIATE_MAIN_CONTENT;REWRITE_FOR_CUSTOMER
/wohnungsaufloesung-muenchen,/wohnungsaufloesung-neumarkt,service,service,0.125,1.000,1.000,0.900,0,6,no,HIGH_OVERLAP,REVIEW_SHARED_FAQ;DIFFERENTIATE_MAIN_CONTENT;REWRITE_FOR_CUSTOMER
/wohnungsaufloesung-muenchen,/wohnungsaufloesung-neunburg-vorm-wald,service,service,0.167,1.000,1.000,0.980,0,9,no,HIGH_OVERLAP,REVIEW_SHARED_FAQ;DIFFERENTIATE_MAIN_CONTENT;REWRITE_FOR_CUSTOMER
/wohnungsaufloesung-muenchen,/wohnungsaufloesung-neusaess,service,service,0.125,1.000,1.000,0.980,0,9,no,HIGH_OVERLAP,REVIEW_SHARED_FAQ;DIFFERENTIATE_MAIN_CONTENT;REWRITE_FOR_CUSTOMER
/wohnungsaufloesung-muenchen,/wohnungsaufloesung-neustadt-an-der-donau,service,service,0.167,1.000,1.000,0.980,0,9,no,HIGH_OVERLAP,REVIEW_SHARED_FAQ;DIFFERENTIATE_MAIN_CONTENT;REWRITE_FOR_CUSTOMER
/wohnungsaufloesung-nabburg,/wohnungsaufloesung-neu-ulm,service,service,1.000,1.000,1.000,1.000,0,9,no,HIGH_OVERLAP,REVIEW_SHARED_FAQ;DIFFERENTIATE_MAIN_CONTENT;REWRITE_FOR_CUSTOMER
/wohnungsaufloesung-nabburg,/wohnungsaufloesung-neufahrn-in-niederbayern,service,service,0.143,1.000,1.000,1.000,0,9,no,HIGH_OVERLAP,REVIEW_SHARED_FAQ;DIFFERENTIATE_MAIN_CONTENT;REWRITE_FOR_CUSTOMER
/wohnungsaufloesung-nabburg,/wohnungsaufloesung-neumarkt,service,service,0.125,1.000,1.000,0.918,0,6,no,HIGH_OVERLAP,REVIEW_SHARED_FAQ;DIFFERENTIATE_MAIN_CONTENT;REWRITE_FOR_CUSTOMER
/wohnungsaufloesung-nabburg,/wohnungsaufloesung-neunburg-vorm-wald,service,service,0.167,1.000,1.000,1.000,0,9,no,HIGH_OVERLAP,REVIEW_SHARED_FAQ;DIFFERENTIATE_MAIN_CONTENT;REWRITE_FOR_CUSTOMER
/wohnungsaufloesung-nabburg,/wohnungsaufloesung-neusaess,service,service,0.125,1.000,1.000,1.000,0,9,no,HIGH_OVERLAP,REVIEW_SHARED_FAQ;DIFFERENTIATE_MAIN_CONTENT;REWRITE_FOR_CUSTOMER
/wohnungsaufloesung-nabburg,/wohnungsaufloesung-neustadt-an-der-donau,service,service,0.167,1.000,1.000,1.000,0,9,no,HIGH_OVERLAP,REVIEW_SHARED_FAQ;DIFFERENTIATE_MAIN_CONTENT;REWRITE_FOR_CUSTOMER
/wohnungsaufloesung-neu-ulm,/wohnungsaufloesung-neufahrn-in-niederbayern,service,service,0.143,1.000,1.000,1.000,0,9,no,HIGH_OVERLAP,REVIEW_SHARED_FAQ;DIFFERENTIATE_MAIN_CONTENT;REWRITE_FOR_CUSTOMER
/wohnungsaufloesung-neu-ulm,/wohnungsaufloesung-neumarkt,service,service,0.125,1.000,1.000,0.918,0,6,no,HIGH_OVERLAP,REVIEW_SHARED_FAQ;DIFFERENTIATE_MAIN_CONTENT;REWRITE_FOR_CUSTOMER
/wohnungsaufloesung-neu-ulm,/wohnungsaufloesung-neunburg-vorm-wald,service,service,0.167,1.000,1.000,1.000,0,9,no,HIGH_OVERLAP,REVIEW_SHARED_FAQ;DIFFERENTIATE_MAIN_CONTENT;REWRITE_FOR_CUSTOMER
/wohnungsaufloesung-neu-ulm,/wohnungsaufloesung-neusaess,service,service,0.125,1.000,1.000,1.000,0,9,no,HIGH_OVERLAP,REVIEW_SHARED_FAQ;DIFFERENTIATE_MAIN_CONTENT;REWRITE_FOR_CUSTOMER
/wohnungsaufloesung-neu-ulm,/wohnungsaufloesung-neustadt-an-der-donau,service,service,0.167,1.000,1.000,1.000,0,9,no,HIGH_OVERLAP,REVIEW_SHARED_FAQ;DIFFERENTIATE_MAIN_CONTENT;REWRITE_FOR_CUSTOMER
/wohnungsaufloesung-neufahrn-in-niederbayern,/wohnungsaufloesung-neumarkt,service,service,0.125,1.000,1.000,0.918,0,6,no,HIGH_OVERLAP,REVIEW_SHARED_FAQ;DIFFERENTIATE_MAIN_CONTENT;REWRITE_FOR_CUSTOMER
/wohnungsaufloesung-neufahrn-in-niederbayern,/wohnungsaufloesung-neunburg-vorm-wald,service,service,0.167,1.000,1.000,1.000,0,9,no,HIGH_OVERLAP,REVIEW_SHARED_FAQ;DIFFERENTIATE_MAIN_CONTENT;REWRITE_FOR_CUSTOMER
/wohnungsaufloesung-neufahrn-in-niederbayern,/wohnungsaufloesung-neusaess,service,service,0.125,1.000,1.000,1.000,0,9,no,HIGH_OVERLAP,REVIEW_SHARED_FAQ;DIFFERENTIATE_MAIN_CONTENT;REWRITE_FOR_CUSTOMER
/wohnungsaufloesung-neufahrn-in-niederbayern,/wohnungsaufloesung-neustadt-an-der-donau,service,service,0.167,1.000,1.000,1.000,0,9,no,HIGH_OVERLAP,REVIEW_SHARED_FAQ;DIFFERENTIATE_MAIN_CONTENT;REWRITE_FOR_CUSTOMER
/wohnungsaufloesung-neumarkt,/wohnungsaufloesung-neunburg-vorm-wald,service,service,0.143,1.000,1.000,0.918,0,6,no,HIGH_OVERLAP,REVIEW_SHARED_FAQ;DIFFERENTIATE_MAIN_CONTENT;REWRITE_FOR_CUSTOMER
/wohnungsaufloesung-neumarkt,/wohnungsaufloesung-neusaess,service,service,1.000,1.000,1.000,0.918,0,6,no,HIGH_OVERLAP,REVIEW_SHARED_FAQ;DIFFERENTIATE_MAIN_CONTENT;REWRITE_FOR_CUSTOMER
/wohnungsaufloesung-neumarkt,/wohnungsaufloesung-neustadt-an-der-donau,service,service,0.143,1.000,1.000,0.918,0,6,no,HIGH_OVERLAP,REVIEW_SHARED_FAQ;DIFFERENTIATE_MAIN_CONTENT;REWRITE_FOR_CUSTOMER
/wohnungsaufloesung-neunburg-vorm-wald,/wohnungsaufloesung-neusaess,service,service,0.143,1.000,1.000,1.000,0,9,no,HIGH_OVERLAP,REVIEW_SHARED_FAQ;DIFFERENTIATE_MAIN_CONTENT;REWRITE_FOR_CUSTOMER
/wohnungsaufloesung-neunburg-vorm-wald,/wohnungsaufloesung-neustadt-an-der-donau,service,service,1.000,1.000,1.000,1.000,0,9,no,HIGH_OVERLAP,REVIEW_SHARED_FAQ;DIFFERENTIATE_MAIN_CONTENT;REWRITE_FOR_CUSTOMER
/wohnungsaufloesung-neusaess,/wohnungsaufloesung-neustadt-an-der-donau,service,service,0.143,1.000,1.000,1.000,0,9,no,HIGH_OVERLAP,REVIEW_SHARED_FAQ;DIFFERENTIATE_MAIN_CONTENT;REWRITE_FOR_CUSTOMER
/wohnungsaufloesung-neustadt-an-der-waldnaab,/wohnungsaufloesung-neutraubling,service,service,0.143,1.000,1.000,1.000,0,9,no,HIGH_OVERLAP,REVIEW_SHARED_FAQ;DIFFERENTIATE_MAIN_CONTENT;REWRITE_FOR_CUSTOMER
/wohnungsaufloesung-neustadt-an-der-waldnaab,/wohnungsaufloesung-nittenau,service,service,0.143,1.000,1.000,1.000,0,9,no,HIGH_OVERLAP,REVIEW_SHARED_FAQ;DIFFERENTIATE_MAIN_CONTENT;REWRITE_FOR_CUSTOMER
/wohnungsaufloesung-neustadt-an-der-waldnaab,/wohnungsaufloesung-nittendorf,service,service,1.000,1.000,1.000,1.000,0,9,no,HIGH_OVERLAP,REVIEW_SHARED_FAQ;DIFFERENTIATE_MAIN_CONTENT;REWRITE_FOR_CUSTOMER
/wohnungsaufloesung-neustadt-an-der-waldnaab,/wohnungsaufloesung-nuernberg,service,service,0.167,1.000,1.000,0.909,0,9,no,HIGH_OVERLAP,REVIEW_SHARED_FAQ;DIFFERENTIATE_MAIN_CONTENT;REWRITE_FOR_CUSTOMER
/wohnungsaufloesung-neustadt-an-der-waldnaab,/wohnungsaufloesung-oberasbach,service,service,0.167,1.000,1.000,1.000,0,9,no,HIGH_OVERLAP,REVIEW_SHARED_FAQ;DIFFERENTIATE_MAIN_CONTENT;REWRITE_FOR_CUSTOMER
/wohnungsaufloesung-neustadt-an-der-waldnaab,/wohnungsaufloesung-obertraubling,service,service,0.167,1.000,1.000,1.000,0,9,no,HIGH_OVERLAP,REVIEW_SHARED_FAQ;DIFFERENTIATE_MAIN_CONTENT;REWRITE_FOR_CUSTOMER
/wohnungsaufloesung-neustadt-an-der-waldnaab,/wohnungsaufloesung-oberviechtach,service,service,0.125,1.000,1.000,1.000,0,9,no,HIGH_OVERLAP,REVIEW_SHARED_FAQ;DIFFERENTIATE_MAIN_CONTENT;REWRITE_FOR_CUSTOMER
/wohnungsaufloesung-neutraubling,/wohnungsaufloesung-nittenau,service,service,1.000,1.000,1.000,1.000,0,9,no,HIGH_OVERLAP,REVIEW_SHARED_FAQ;DIFFERENTIATE_MAIN_CONTENT;REWRITE_FOR_CUSTOMER
/wohnungsaufloesung-neutraubling,/wohnungsaufloesung-nittendorf,service,service,0.143,1.000,1.000,1.000,0,9,no,HIGH_OVERLAP,REVIEW_SHARED_FAQ;DIFFERENTIATE_MAIN_CONTENT;REWRITE_FOR_CUSTOMER
/wohnungsaufloesung-neutraubling,/wohnungsaufloesung-nuernberg,service,service,0.167,1.000,1.000,0.909,0,9,no,HIGH_OVERLAP,REVIEW_SHARED_FAQ;DIFFERENTIATE_MAIN_CONTENT;REWRITE_FOR_CUSTOMER
/wohnungsaufloesung-neutraubling,/wohnungsaufloesung-oberasbach,service,service,0.167,1.000,1.000,1.000,0,9,no,HIGH_OVERLAP,REVIEW_SHARED_FAQ;DIFFERENTIATE_MAIN_CONTENT;REWRITE_FOR_CUSTOMER
/wohnungsaufloesung-neutraubling,/wohnungsaufloesung-obertraubling,service,service,0.167,1.000,1.000,1.000,0,9,no,HIGH_OVERLAP,REVIEW_SHARED_FAQ;DIFFERENTIATE_MAIN_CONTENT;REWRITE_FOR_CUSTOMER
/wohnungsaufloesung-neutraubling,/wohnungsaufloesung-oberviechtach,service,service,0.125,1.000,1.000,1.000,0,9,no,HIGH_OVERLAP,REVIEW_SHARED_FAQ;DIFFERENTIATE_MAIN_CONTENT;REWRITE_FOR_CUSTOMER
/wohnungsaufloesung-nittenau,/wohnungsaufloesung-nittendorf,service,service,0.143,1.000,1.000,1.000,0,9,no,HIGH_OVERLAP,REVIEW_SHARED_FAQ;DIFFERENTIATE_MAIN_CONTENT;REWRITE_FOR_CUSTOMER
/wohnungsaufloesung-nittenau,/wohnungsaufloesung-nuernberg,service,service,0.167,1.000,1.000,0.909,0,9,no,HIGH_OVERLAP,REVIEW_SHARED_FAQ;DIFFERENTIATE_MAIN_CONTENT;REWRITE_FOR_CUSTOMER
/wohnungsaufloesung-nittenau,/wohnungsaufloesung-oberasbach,service,service,0.167,1.000,1.000,1.000,0,9,no,HIGH_OVERLAP,REVIEW_SHARED_FAQ;DIFFERENTIATE_MAIN_CONTENT;REWRITE_FOR_CUSTOMER
/wohnungsaufloesung-nittenau,/wohnungsaufloesung-obertraubling,service,service,0.167,1.000,1.000,1.000,0,9,no,HIGH_OVERLAP,REVIEW_SHARED_FAQ;DIFFERENTIATE_MAIN_CONTENT;REWRITE_FOR_CUSTOMER
/wohnungsaufloesung-nittenau,/wohnungsaufloesung-oberviechtach,service,service,0.125,1.000,1.000,1.000,0,9,no,HIGH_OVERLAP,REVIEW_SHARED_FAQ;DIFFERENTIATE_MAIN_CONTENT;REWRITE_FOR_CUSTOMER
/wohnungsaufloesung-nittendorf,/wohnungsaufloesung-nuernberg,service,service,0.167,1.000,1.000,0.909,0,9,no,HIGH_OVERLAP,REVIEW_SHARED_FAQ;DIFFERENTIATE_MAIN_CONTENT;REWRITE_FOR_CUSTOMER
/wohnungsaufloesung-nittendorf,/wohnungsaufloesung-oberasbach,service,service,0.167,1.000,1.000,1.000,0,9,no,HIGH_OVERLAP,REVIEW_SHARED_FAQ;DIFFERENTIATE_MAIN_CONTENT;REWRITE_FOR_CUSTOMER
/wohnungsaufloesung-nittendorf,/wohnungsaufloesung-obertraubling,service,service,0.167,1.000,1.000,1.000,0,9,no,HIGH_OVERLAP,REVIEW_SHARED_FAQ;DIFFERENTIATE_MAIN_CONTENT;REWRITE_FOR_CUSTOMER
/wohnungsaufloesung-nittendorf,/wohnungsaufloesung-oberviechtach,service,service,0.125,1.000,1.000,1.000,0,9,no,HIGH_OVERLAP,REVIEW_SHARED_FAQ;DIFFERENTIATE_MAIN_CONTENT;REWRITE_FOR_CUSTOMER
/wohnungsaufloesung-nuernberg,/wohnungsaufloesung-oberasbach,service,service,1.000,1.000,1.000,0.909,0,9,no,HIGH_OVERLAP,REVIEW_SHARED_FAQ;DIFFERENTIATE_MAIN_CONTENT;REWRITE_FOR_CUSTOMER
/wohnungsaufloesung-nuernberg,/wohnungsaufloesung-obertraubling,service,service,1.000,1.000,1.000,0.909,0,9,no,HIGH_OVERLAP,REVIEW_SHARED_FAQ;DIFFERENTIATE_MAIN_CONTENT;REWRITE_FOR_CUSTOMER
/wohnungsaufloesung-nuernberg,/wohnungsaufloesung-oberviechtach,service,service,0.143,1.000,1.000,0.909,0,9,no,HIGH_OVERLAP,REVIEW_SHARED_FAQ;DIFFERENTIATE_MAIN_CONTENT;REWRITE_FOR_CUSTOMER
/wohnungsaufloesung-oberasbach,/wohnungsaufloesung-obertraubling,service,service,1.000,1.000,1.000,1.000,0,9,no,HIGH_OVERLAP,REVIEW_SHARED_FAQ;DIFFERENTIATE_MAIN_CONTENT;REWRITE_FOR_CUSTOMER
/wohnungsaufloesung-oberasbach,/wohnungsaufloesung-oberviechtach,service,service,0.143,1.000,1.000,1.000,0,9,no,HIGH_OVERLAP,REVIEW_SHARED_FAQ;DIFFERENTIATE_MAIN_CONTENT;REWRITE_FOR_CUSTOMER
/wohnungsaufloesung-obertraubling,/wohnungsaufloesung-oberviechtach,service,service,0.143,1.000,1.000,1.000,0,9,no,HIGH_OVERLAP,REVIEW_SHARED_FAQ;DIFFERENTIATE_MAIN_CONTENT;REWRITE_FOR_CUSTOMER
/wohnungsaufloesung-olching,/wohnungsaufloesung-osterhofen,service,service,0.143,1.000,1.000,1.000,0,9,no,HIGH_OVERLAP,REVIEW_SHARED_FAQ;DIFFERENTIATE_MAIN_CONTENT;REWRITE_FOR_CUSTOMER
/wohnungsaufloesung-olching,/wohnungsaufloesung-painten,service,service,0.143,1.000,1.000,1.000,0,9,no,HIGH_OVERLAP,REVIEW_SHARED_FAQ;DIFFERENTIATE_MAIN_CONTENT;REWRITE_FOR_CUSTOMER
/wohnungsaufloesung-olching,/wohnungsaufloesung-parsberg,service,service,0.167,1.000,1.000,1.000,0,9,no,HIGH_OVERLAP,REVIEW_SHARED_FAQ;DIFFERENTIATE_MAIN_CONTENT;REWRITE_FOR_CUSTOMER
/wohnungsaufloesung-olching,/wohnungsaufloesung-passau,service,service,0.125,1.000,1.000,0.927,0,6,no,HIGH_OVERLAP,REVIEW_SHARED_FAQ;DIFFERENTIATE_MAIN_CONTENT;REWRITE_FOR_CUSTOMER
/wohnungsaufloesung-olching,/wohnungsaufloesung-pentling,service,service,0.125,1.000,1.000,1.000,0,9,no,HIGH_OVERLAP,REVIEW_SHARED_FAQ;DIFFERENTIATE_MAIN_CONTENT;REWRITE_FOR_CUSTOMER
/wohnungsaufloesung-olching,/wohnungsaufloesung-pettendorf,service,service,0.125,1.000,1.000,1.000,0,9,no,HIGH_OVERLAP,REVIEW_SHARED_FAQ;DIFFERENTIATE_MAIN_CONTENT;REWRITE_FOR_CUSTOMER
/wohnungsaufloesung-olching,/wohnungsaufloesung-pfaffenhofen,service,service,1.000,1.000,1.000,1.000,0,9,no,HIGH_OVERLAP,REVIEW_SHARED_FAQ;DIFFERENTIATE_MAIN_CONTENT;REWRITE_FOR_CUSTOMER
/wohnungsaufloesung-osterhofen,/wohnungsaufloesung-painten,service,service,1.000,1.000,1.000,1.000,0,9,no,HIGH_OVERLAP,REVIEW_SHARED_FAQ;DIFFERENTIATE_MAIN_CONTENT;REWRITE_FOR_CUSTOMER
/wohnungsaufloesung-osterhofen,/wohnungsaufloesung-parsberg,service,service,0.167,1.000,1.000,1.000,0,9,no,HIGH_OVERLAP,REVIEW_SHARED_FAQ;DIFFERENTIATE_MAIN_CONTENT;REWRITE_FOR_CUSTOMER
/wohnungsaufloesung-osterhofen,/wohnungsaufloesung-passau,service,service,0.125,1.000,1.000,0.927,0,6,no,HIGH_OVERLAP,REVIEW_SHARED_FAQ;DIFFERENTIATE_MAIN_CONTENT;REWRITE_FOR_CUSTOMER
/wohnungsaufloesung-osterhofen,/wohnungsaufloesung-pentling,service,service,0.125,1.000,1.000,1.000,0,9,no,HIGH_OVERLAP,REVIEW_SHARED_FAQ;DIFFERENTIATE_MAIN_CONTENT;REWRITE_FOR_CUSTOMER
/wohnungsaufloesung-osterhofen,/wohnungsaufloesung-pettendorf,service,service,0.125,1.000,1.000,1.000,0,9,no,HIGH_OVERLAP,REVIEW_SHARED_FAQ;DIFFERENTIATE_MAIN_CONTENT;REWRITE_FOR_CUSTOMER
/wohnungsaufloesung-osterhofen,/wohnungsaufloesung-pfaffenhofen,service,service,0.143,1.000,1.000,1.000,0,9,no,HIGH_OVERLAP,REVIEW_SHARED_FAQ;DIFFERENTIATE_MAIN_CONTENT;REWRITE_FOR_CUSTOMER
/wohnungsaufloesung-painten,/wohnungsaufloesung-parsberg,service,service,0.167,1.000,1.000,1.000,0,9,no,HIGH_OVERLAP,REVIEW_SHARED_FAQ;DIFFERENTIATE_MAIN_CONTENT;REWRITE_FOR_CUSTOMER
/wohnungsaufloesung-painten,/wohnungsaufloesung-passau,service,service,0.125,1.000,1.000,0.927,0,6,no,HIGH_OVERLAP,REVIEW_SHARED_FAQ;DIFFERENTIATE_MAIN_CONTENT;REWRITE_FOR_CUSTOMER
/wohnungsaufloesung-painten,/wohnungsaufloesung-pentling,service,service,0.125,1.000,1.000,1.000,0,9,no,HIGH_OVERLAP,REVIEW_SHARED_FAQ;DIFFERENTIATE_MAIN_CONTENT;REWRITE_FOR_CUSTOMER
/wohnungsaufloesung-painten,/wohnungsaufloesung-pettendorf,service,service,0.125,1.000,1.000,1.000,0,9,no,HIGH_OVERLAP,REVIEW_SHARED_FAQ;DIFFERENTIATE_MAIN_CONTENT;REWRITE_FOR_CUSTOMER
/wohnungsaufloesung-painten,/wohnungsaufloesung-pfaffenhofen,service,service,0.143,1.000,1.000,1.000,0,9,no,HIGH_OVERLAP,REVIEW_SHARED_FAQ;DIFFERENTIATE_MAIN_CONTENT;REWRITE_FOR_CUSTOMER
/wohnungsaufloesung-parsberg,/wohnungsaufloesung-passau,service,service,0.143,1.000,1.000,0.927,0,6,no,HIGH_OVERLAP,REVIEW_SHARED_FAQ;DIFFERENTIATE_MAIN_CONTENT;REWRITE_FOR_CUSTOMER
/wohnungsaufloesung-parsberg,/wohnungsaufloesung-pentling,service,service,0.143,1.000,1.000,1.000,0,9,no,HIGH_OVERLAP,REVIEW_SHARED_FAQ;DIFFERENTIATE_MAIN_CONTENT;REWRITE_FOR_CUSTOMER
/wohnungsaufloesung-parsberg,/wohnungsaufloesung-pettendorf,service,service,0.143,1.000,1.000,1.000,0,9,no,HIGH_OVERLAP,REVIEW_SHARED_FAQ;DIFFERENTIATE_MAIN_CONTENT;REWRITE_FOR_CUSTOMER
/wohnungsaufloesung-parsberg,/wohnungsaufloesung-pfaffenhofen,service,service,0.167,1.000,1.000,1.000,0,9,no,HIGH_OVERLAP,REVIEW_SHARED_FAQ;DIFFERENTIATE_MAIN_CONTENT;REWRITE_FOR_CUSTOMER
/wohnungsaufloesung-passau,/wohnungsaufloesung-pentling,service,service,1.000,1.000,1.000,0.927,0,6,no,HIGH_OVERLAP,REVIEW_SHARED_FAQ;DIFFERENTIATE_MAIN_CONTENT;REWRITE_FOR_CUSTOMER
/wohnungsaufloesung-passau,/wohnungsaufloesung-pettendorf,service,service,1.000,1.000,1.000,0.927,0,6,no,HIGH_OVERLAP,REVIEW_SHARED_FAQ;DIFFERENTIATE_MAIN_CONTENT;REWRITE_FOR_CUSTOMER
/wohnungsaufloesung-passau,/wohnungsaufloesung-pfaffenhofen,service,service,0.125,1.000,1.000,0.927,0,6,no,HIGH_OVERLAP,REVIEW_SHARED_FAQ;DIFFERENTIATE_MAIN_CONTENT;REWRITE_FOR_CUSTOMER
/wohnungsaufloesung-pentling,/wohnungsaufloesung-pettendorf,service,service,1.000,1.000,1.000,1.000,0,9,no,HIGH_OVERLAP,REVIEW_SHARED_FAQ;DIFFERENTIATE_MAIN_CONTENT;REWRITE_FOR_CUSTOMER
/wohnungsaufloesung-pentling,/wohnungsaufloesung-pfaffenhofen,service,service,0.125,1.000,1.000,1.000,0,9,no,HIGH_OVERLAP,REVIEW_SHARED_FAQ;DIFFERENTIATE_MAIN_CONTENT;REWRITE_FOR_CUSTOMER
/wohnungsaufloesung-pettendorf,/wohnungsaufloesung-pfaffenhofen,service,service,0.125,1.000,1.000,1.000,0,9,no,HIGH_OVERLAP,REVIEW_SHARED_FAQ;DIFFERENTIATE_MAIN_CONTENT;REWRITE_FOR_CUSTOMER
/wohnungsaufloesung-pfarrkirchen,/wohnungsaufloesung-pfatter,service,service,0.143,1.000,1.000,1.000,0,9,no,HIGH_OVERLAP,REVIEW_SHARED_FAQ;DIFFERENTIATE_MAIN_CONTENT;REWRITE_FOR_CUSTOMER
/wohnungsaufloesung-pfarrkirchen,/wohnungsaufloesung-pfeffenhausen,service,service,0.143,1.000,1.000,1.000,0,9,no,HIGH_OVERLAP,REVIEW_SHARED_FAQ;DIFFERENTIATE_MAIN_CONTENT;REWRITE_FOR_CUSTOMER
/wohnungsaufloesung-pfarrkirchen,/wohnungsaufloesung-pfreimd,service,service,1.000,1.000,1.000,1.000,0,9,no,HIGH_OVERLAP,REVIEW_SHARED_FAQ;DIFFERENTIATE_MAIN_CONTENT;REWRITE_FOR_CUSTOMER
/wohnungsaufloesung-pfarrkirchen,/wohnungsaufloesung-pielenhofen,service,service,1.000,1.000,1.000,1.000,0,9,no,HIGH_OVERLAP,REVIEW_SHARED_FAQ;DIFFERENTIATE_MAIN_CONTENT;REWRITE_FOR_CUSTOMER
/wohnungsaufloesung-pfarrkirchen,/wohnungsaufloesung-plattling,service,service,1.000,1.000,1.000,1.000,0,9,no,HIGH_OVERLAP,REVIEW_SHARED_FAQ;DIFFERENTIATE_MAIN_CONTENT;REWRITE_FOR_CUSTOMER
/wohnungsaufloesung-pfarrkirchen,/wohnungsaufloesung-pocking,service,service,1.000,1.000,1.000,1.000,0,9,no,HIGH_OVERLAP,REVIEW_SHARED_FAQ;DIFFERENTIATE_MAIN_CONTENT;REWRITE_FOR_CUSTOMER
/wohnungsaufloesung-pfarrkirchen,/wohnungsaufloesung-postbauer-heng,service,service,0.143,1.000,1.000,1.000,0,9,no,HIGH_OVERLAP,REVIEW_SHARED_FAQ;DIFFERENTIATE_MAIN_CONTENT;REWRITE_FOR_CUSTOMER
/wohnungsaufloesung-pfatter,/wohnungsaufloesung-pfeffenhausen,service,service,1.000,1.000,1.000,1.000,0,9,no,HIGH_OVERLAP,REVIEW_SHARED_FAQ;DIFFERENTIATE_MAIN_CONTENT;REWRITE_FOR_CUSTOMER
/wohnungsaufloesung-pfatter,/wohnungsaufloesung-pfreimd,service,service,0.143,1.000,1.000,1.000,0,9,no,HIGH_OVERLAP,REVIEW_SHARED_FAQ;DIFFERENTIATE_MAIN_CONTENT;REWRITE_FOR_CUSTOMER
/wohnungsaufloesung-pfatter,/wohnungsaufloesung-pielenhofen,service,service,0.143,1.000,1.000,1.000,0,9,no,HIGH_OVERLAP,REVIEW_SHARED_FAQ;DIFFERENTIATE_MAIN_CONTENT;REWRITE_FOR_CUSTOMER
/wohnungsaufloesung-pfatter,/wohnungsaufloesung-plattling,service,service,0.143,1.000,1.000,1.000,0,9,no,HIGH_OVERLAP,REVIEW_SHARED_FAQ;DIFFERENTIATE_MAIN_CONTENT;REWRITE_FOR_CUSTOMER
/wohnungsaufloesung-pfatter,/wohnungsaufloesung-pocking,service,service,0.143,1.000,1.000,1.000,0,9,no,HIGH_OVERLAP,REVIEW_SHARED_FAQ;DIFFERENTIATE_MAIN_CONTENT;REWRITE_FOR_CUSTOMER
/wohnungsaufloesung-pfatter,/wohnungsaufloesung-postbauer-heng,service,service,1.000,1.000,1.000,1.000,0,9,no,HIGH_OVERLAP,REVIEW_SHARED_FAQ;DIFFERENTIATE_MAIN_CONTENT;REWRITE_FOR_CUSTOMER
/wohnungsaufloesung-pfeffenhausen,/wohnungsaufloesung-pfreimd,service,service,0.143,1.000,1.000,1.000,0,9,no,HIGH_OVERLAP,REVIEW_SHARED_FAQ;DIFFERENTIATE_MAIN_CONTENT;REWRITE_FOR_CUSTOMER
/wohnungsaufloesung-pfeffenhausen,/wohnungsaufloesung-pielenhofen,service,service,0.143,1.000,1.000,1.000,0,9,no,HIGH_OVERLAP,REVIEW_SHARED_FAQ;DIFFERENTIATE_MAIN_CONTENT;REWRITE_FOR_CUSTOMER
/wohnungsaufloesung-pfeffenhausen,/wohnungsaufloesung-plattling,service,service,0.143,1.000,1.000,1.000,0,9,no,HIGH_OVERLAP,REVIEW_SHARED_FAQ;DIFFERENTIATE_MAIN_CONTENT;REWRITE_FOR_CUSTOMER
/wohnungsaufloesung-pfeffenhausen,/wohnungsaufloesung-pocking,service,service,0.143,1.000,1.000,1.000,0,9,no,HIGH_OVERLAP,REVIEW_SHARED_FAQ;DIFFERENTIATE_MAIN_CONTENT;REWRITE_FOR_CUSTOMER
/wohnungsaufloesung-pfeffenhausen,/wohnungsaufloesung-postbauer-heng,service,service,1.000,1.000,1.000,1.000,0,9,no,HIGH_OVERLAP,REVIEW_SHARED_FAQ;DIFFERENTIATE_MAIN_CONTENT;REWRITE_FOR_CUSTOMER
/wohnungsaufloesung-pfreimd,/wohnungsaufloesung-pielenhofen,service,service,1.000,1.000,1.000,1.000,0,9,no,HIGH_OVERLAP,REVIEW_SHARED_FAQ;DIFFERENTIATE_MAIN_CONTENT;REWRITE_FOR_CUSTOMER
/wohnungsaufloesung-pfreimd,/wohnungsaufloesung-plattling,service,service,1.000,1.000,1.000,1.000,0,9,no,HIGH_OVERLAP,REVIEW_SHARED_FAQ;DIFFERENTIATE_MAIN_CONTENT;REWRITE_FOR_CUSTOMER
/wohnungsaufloesung-pfreimd,/wohnungsaufloesung-pocking,service,service,1.000,1.000,1.000,1.000,0,9,no,HIGH_OVERLAP,REVIEW_SHARED_FAQ;DIFFERENTIATE_MAIN_CONTENT;REWRITE_FOR_CUSTOMER
/wohnungsaufloesung-pfreimd,/wohnungsaufloesung-postbauer-heng,service,service,0.143,1.000,1.000,1.000,0,9,no,HIGH_OVERLAP,REVIEW_SHARED_FAQ;DIFFERENTIATE_MAIN_CONTENT;REWRITE_FOR_CUSTOMER
/wohnungsaufloesung-pielenhofen,/wohnungsaufloesung-plattling,service,service,1.000,1.000,1.000,1.000,0,9,no,HIGH_OVERLAP,REVIEW_SHARED_FAQ;DIFFERENTIATE_MAIN_CONTENT;REWRITE_FOR_CUSTOMER
/wohnungsaufloesung-pielenhofen,/wohnungsaufloesung-pocking,service,service,1.000,1.000,1.000,1.000,0,9,no,HIGH_OVERLAP,REVIEW_SHARED_FAQ;DIFFERENTIATE_MAIN_CONTENT;REWRITE_FOR_CUSTOMER
/wohnungsaufloesung-pielenhofen,/wohnungsaufloesung-postbauer-heng,service,service,0.143,1.000,1.000,1.000,0,9,no,HIGH_OVERLAP,REVIEW_SHARED_FAQ;DIFFERENTIATE_MAIN_CONTENT;REWRITE_FOR_CUSTOMER
/wohnungsaufloesung-plattling,/wohnungsaufloesung-pocking,service,service,1.000,1.000,1.000,1.000,0,9,no,HIGH_OVERLAP,REVIEW_SHARED_FAQ;DIFFERENTIATE_MAIN_CONTENT;REWRITE_FOR_CUSTOMER
/wohnungsaufloesung-plattling,/wohnungsaufloesung-postbauer-heng,service,service,0.143,1.000,1.000,1.000,0,9,no,HIGH_OVERLAP,REVIEW_SHARED_FAQ;DIFFERENTIATE_MAIN_CONTENT;REWRITE_FOR_CUSTOMER
/wohnungsaufloesung-pocking,/wohnungsaufloesung-postbauer-heng,service,service,0.143,1.000,1.000,1.000,0,9,no,HIGH_OVERLAP,REVIEW_SHARED_FAQ;DIFFERENTIATE_MAIN_CONTENT;REWRITE_FOR_CUSTOMER
/wohnungsaufloesung-regen,/wohnungsaufloesung-regenstauf,service,service,0.125,1.000,1.000,1.000,0,9,no,HIGH_OVERLAP,REVIEW_SHARED_FAQ;DIFFERENTIATE_MAIN_CONTENT;REWRITE_FOR_CUSTOMER
/wohnungsaufloesung-regen,/wohnungsaufloesung-riedenburg,service,service,0.125,1.000,1.000,1.000,0,9,no,HIGH_OVERLAP,REVIEW_SHARED_FAQ;DIFFERENTIATE_MAIN_CONTENT;REWRITE_FOR_CUSTOMER
/wohnungsaufloesung-regen,/wohnungsaufloesung-riekofen,service,service,1.000,1.000,1.000,1.000,0,9,no,HIGH_OVERLAP,REVIEW_SHARED_FAQ;DIFFERENTIATE_MAIN_CONTENT;REWRITE_FOR_CUSTOMER
/wohnungsaufloesung-regen,/wohnungsaufloesung-roding,service,service,0.125,1.000,1.000,1.000,0,9,no,HIGH_OVERLAP,REVIEW_SHARED_FAQ;DIFFERENTIATE_MAIN_CONTENT;REWRITE_FOR_CUSTOMER
/wohnungsaufloesung-regen,/wohnungsaufloesung-rosenheim,service,service,0.125,1.000,1.000,0.906,0,6,no,HIGH_OVERLAP,REVIEW_SHARED_FAQ;DIFFERENTIATE_MAIN_CONTENT;REWRITE_FOR_CUSTOMER
/wohnungsaufloesung-regen,/wohnungsaufloesung-roth,service,service,1.000,1.000,1.000,1.000,0,9,no,HIGH_OVERLAP,REVIEW_SHARED_FAQ;DIFFERENTIATE_MAIN_CONTENT;REWRITE_FOR_CUSTOMER
/wohnungsaufloesung-regen,/wohnungsaufloesung-rottenburg-an-der-laaber,service,service,0.125,1.000,1.000,1.000,0,9,no,HIGH_OVERLAP,REVIEW_SHARED_FAQ;DIFFERENTIATE_MAIN_CONTENT;REWRITE_FOR_CUSTOMER
/wohnungsaufloesung-regenstauf,/wohnungsaufloesung-riedenburg,service,service,0.143,1.000,1.000,1.000,0,9,no,HIGH_OVERLAP,REVIEW_SHARED_FAQ;DIFFERENTIATE_MAIN_CONTENT;REWRITE_FOR_CUSTOMER
/wohnungsaufloesung-regenstauf,/wohnungsaufloesung-riekofen,service,service,0.125,1.000,1.000,1.000,0,9,no,HIGH_OVERLAP,REVIEW_SHARED_FAQ;DIFFERENTIATE_MAIN_CONTENT;REWRITE_FOR_CUSTOMER
/wohnungsaufloesung-regenstauf,/wohnungsaufloesung-roding,service,service,0.143,1.000,1.000,1.000,0,9,no,HIGH_OVERLAP,REVIEW_SHARED_FAQ;DIFFERENTIATE_MAIN_CONTENT;REWRITE_FOR_CUSTOMER
/wohnungsaufloesung-regenstauf,/wohnungsaufloesung-rosenheim,service,service,1.000,1.000,1.000,0.906,0,6,no,HIGH_OVERLAP,REVIEW_SHARED_FAQ;DIFFERENTIATE_MAIN_CONTENT;REWRITE_FOR_CUSTOMER
/wohnungsaufloesung-regenstauf,/wohnungsaufloesung-roth,service,service,0.125,1.000,1.000,1.000,0,9,no,HIGH_OVERLAP,REVIEW_SHARED_FAQ;DIFFERENTIATE_MAIN_CONTENT;REWRITE_FOR_CUSTOMER
/wohnungsaufloesung-regenstauf,/wohnungsaufloesung-rottenburg-an-der-laaber,service,service,1.000,1.000,1.000,1.000,0,9,no,HIGH_OVERLAP,REVIEW_SHARED_FAQ;DIFFERENTIATE_MAIN_CONTENT;REWRITE_FOR_CUSTOMER
/wohnungsaufloesung-riedenburg,/wohnungsaufloesung-riekofen,service,service,0.125,1.000,1.000,1.000,0,9,no,HIGH_OVERLAP,REVIEW_SHARED_FAQ;DIFFERENTIATE_MAIN_CONTENT;REWRITE_FOR_CUSTOMER
/wohnungsaufloesung-riedenburg,/wohnungsaufloesung-roding,service,service,1.000,1.000,1.000,1.000,0,9,no,HIGH_OVERLAP,REVIEW_SHARED_FAQ;DIFFERENTIATE_MAIN_CONTENT;REWRITE_FOR_CUSTOMER
/wohnungsaufloesung-riedenburg,/wohnungsaufloesung-rosenheim,service,service,0.143,1.000,1.000,0.906,0,6,no,HIGH_OVERLAP,REVIEW_SHARED_FAQ;DIFFERENTIATE_MAIN_CONTENT;REWRITE_FOR_CUSTOMER
/wohnungsaufloesung-riedenburg,/wohnungsaufloesung-roth,service,service,0.125,1.000,1.000,1.000,0,9,no,HIGH_OVERLAP,REVIEW_SHARED_FAQ;DIFFERENTIATE_MAIN_CONTENT;REWRITE_FOR_CUSTOMER
/wohnungsaufloesung-riedenburg,/wohnungsaufloesung-rottenburg-an-der-laaber,service,service,0.143,1.000,1.000,1.000,0,9,no,HIGH_OVERLAP,REVIEW_SHARED_FAQ;DIFFERENTIATE_MAIN_CONTENT;REWRITE_FOR_CUSTOMER
/wohnungsaufloesung-riekofen,/wohnungsaufloesung-roding,service,service,0.125,1.000,1.000,1.000,0,9,no,HIGH_OVERLAP,REVIEW_SHARED_FAQ;DIFFERENTIATE_MAIN_CONTENT;REWRITE_FOR_CUSTOMER
/wohnungsaufloesung-riekofen,/wohnungsaufloesung-rosenheim,service,service,0.125,1.000,1.000,0.906,0,6,no,HIGH_OVERLAP,REVIEW_SHARED_FAQ;DIFFERENTIATE_MAIN_CONTENT;REWRITE_FOR_CUSTOMER
/wohnungsaufloesung-riekofen,/wohnungsaufloesung-roth,service,service,1.000,1.000,1.000,1.000,0,9,no,HIGH_OVERLAP,REVIEW_SHARED_FAQ;DIFFERENTIATE_MAIN_CONTENT;REWRITE_FOR_CUSTOMER
/wohnungsaufloesung-riekofen,/wohnungsaufloesung-rottenburg-an-der-laaber,service,service,0.125,1.000,1.000,1.000,0,9,no,HIGH_OVERLAP,REVIEW_SHARED_FAQ;DIFFERENTIATE_MAIN_CONTENT;REWRITE_FOR_CUSTOMER
/wohnungsaufloesung-roding,/wohnungsaufloesung-rosenheim,service,service,0.143,1.000,1.000,0.906,0,6,no,HIGH_OVERLAP,REVIEW_SHARED_FAQ;DIFFERENTIATE_MAIN_CONTENT;REWRITE_FOR_CUSTOMER
/wohnungsaufloesung-roding,/wohnungsaufloesung-roth,service,service,0.125,1.000,1.000,1.000,0,9,no,HIGH_OVERLAP,REVIEW_SHARED_FAQ;DIFFERENTIATE_MAIN_CONTENT;REWRITE_FOR_CUSTOMER
/wohnungsaufloesung-roding,/wohnungsaufloesung-rottenburg-an-der-laaber,service,service,0.143,1.000,1.000,1.000,0,9,no,HIGH_OVERLAP,REVIEW_SHARED_FAQ;DIFFERENTIATE_MAIN_CONTENT;REWRITE_FOR_CUSTOMER
/wohnungsaufloesung-rosenheim,/wohnungsaufloesung-roth,service,service,0.125,1.000,1.000,0.906,0,6,no,HIGH_OVERLAP,REVIEW_SHARED_FAQ;DIFFERENTIATE_MAIN_CONTENT;REWRITE_FOR_CUSTOMER
/wohnungsaufloesung-rosenheim,/wohnungsaufloesung-rottenburg-an-der-laaber,service,service,1.000,1.000,1.000,0.906,0,6,no,HIGH_OVERLAP,REVIEW_SHARED_FAQ;DIFFERENTIATE_MAIN_CONTENT;REWRITE_FOR_CUSTOMER
/wohnungsaufloesung-roth,/wohnungsaufloesung-rottenburg-an-der-laaber,service,service,0.125,1.000,1.000,1.000,0,9,no,HIGH_OVERLAP,REVIEW_SHARED_FAQ;DIFFERENTIATE_MAIN_CONTENT;REWRITE_FOR_CUSTOMER
/wohnungsaufloesung-saal-an-der-donau,/wohnungsaufloesung-schierling,service,service,0.143,1.000,1.000,1.000,0,9,no,HIGH_OVERLAP,REVIEW_SHARED_FAQ;DIFFERENTIATE_MAIN_CONTENT;REWRITE_FOR_CUSTOMER
/wohnungsaufloesung-saal-an-der-donau,/wohnungsaufloesung-schnaittenbach,service,service,1.000,1.000,1.000,1.000,0,9,no,HIGH_OVERLAP,REVIEW_SHARED_FAQ;DIFFERENTIATE_MAIN_CONTENT;REWRITE_FOR_CUSTOMER
/wohnungsaufloesung-saal-an-der-donau,/wohnungsaufloesung-schwabach,service,service,0.167,1.000,1.000,1.000,0,9,no,HIGH_OVERLAP,REVIEW_SHARED_FAQ;DIFFERENTIATE_MAIN_CONTENT;REWRITE_FOR_CUSTOMER
/wohnungsaufloesung-saal-an-der-donau,/wohnungsaufloesung-schwandorf,service,service,1.000,1.000,1.000,0.918,0,6,no,HIGH_OVERLAP,REVIEW_SHARED_FAQ;DIFFERENTIATE_MAIN_CONTENT;REWRITE_FOR_CUSTOMER
/wohnungsaufloesung-saal-an-der-donau,/wohnungsaufloesung-schwarzenfeld,service,service,0.167,1.000,1.000,1.000,0,9,no,HIGH_OVERLAP,REVIEW_SHARED_FAQ;DIFFERENTIATE_MAIN_CONTENT;REWRITE_FOR_CUSTOMER
/wohnungsaufloesung-saal-an-der-donau,/wohnungsaufloesung-schweinfurt,service,service,0.143,1.000,1.000,1.000,0,9,no,HIGH_OVERLAP,REVIEW_SHARED_FAQ;DIFFERENTIATE_MAIN_CONTENT;REWRITE_FOR_CUSTOMER
/wohnungsaufloesung-saal-an-der-donau,/wohnungsaufloesung-seubersdorf,service,service,0.167,1.000,1.000,1.000,0,9,no,HIGH_OVERLAP,REVIEW_SHARED_FAQ;DIFFERENTIATE_MAIN_CONTENT;REWRITE_FOR_CUSTOMER
/wohnungsaufloesung-schierling,/wohnungsaufloesung-schnaittenbach,service,service,0.143,1.000,1.000,1.000,0,9,no,HIGH_OVERLAP,REVIEW_SHARED_FAQ;DIFFERENTIATE_MAIN_CONTENT;REWRITE_FOR_CUSTOMER
/wohnungsaufloesung-schierling,/wohnungsaufloesung-schwabach,service,service,0.167,1.000,1.000,1.000,0,9,no,HIGH_OVERLAP,REVIEW_SHARED_FAQ;DIFFERENTIATE_MAIN_CONTENT;REWRITE_FOR_CUSTOMER
/wohnungsaufloesung-schierling,/wohnungsaufloesung-schwandorf,service,service,0.143,1.000,1.000,0.918,0,6,no,HIGH_OVERLAP,REVIEW_SHARED_FAQ;DIFFERENTIATE_MAIN_CONTENT;REWRITE_FOR_CUSTOMER
/wohnungsaufloesung-schierling,/wohnungsaufloesung-schwarzenfeld,service,service,0.167,1.000,1.000,1.000,0,9,no,HIGH_OVERLAP,REVIEW_SHARED_FAQ;DIFFERENTIATE_MAIN_CONTENT;REWRITE_FOR_CUSTOMER
/wohnungsaufloesung-schierling,/wohnungsaufloesung-schweinfurt,service,service,1.000,1.000,1.000,1.000,0,9,no,HIGH_OVERLAP,REVIEW_SHARED_FAQ;DIFFERENTIATE_MAIN_CONTENT;REWRITE_FOR_CUSTOMER
/wohnungsaufloesung-schierling,/wohnungsaufloesung-seubersdorf,service,service,0.167,1.000,1.000,1.000,0,9,no,HIGH_OVERLAP,REVIEW_SHARED_FAQ;DIFFERENTIATE_MAIN_CONTENT;REWRITE_FOR_CUSTOMER
/wohnungsaufloesung-schnaittenbach,/wohnungsaufloesung-schwabach,service,service,0.167,1.000,1.000,1.000,0,9,no,HIGH_OVERLAP,REVIEW_SHARED_FAQ;DIFFERENTIATE_MAIN_CONTENT;REWRITE_FOR_CUSTOMER
/wohnungsaufloesung-schnaittenbach,/wohnungsaufloesung-schwandorf,service,service,1.000,1.000,1.000,0.918,0,6,no,HIGH_OVERLAP,REVIEW_SHARED_FAQ;DIFFERENTIATE_MAIN_CONTENT;REWRITE_FOR_CUSTOMER
/wohnungsaufloesung-schnaittenbach,/wohnungsaufloesung-schwarzenfeld,service,service,0.167,1.000,1.000,1.000,0,9,no,HIGH_OVERLAP,REVIEW_SHARED_FAQ;DIFFERENTIATE_MAIN_CONTENT;REWRITE_FOR_CUSTOMER
/wohnungsaufloesung-schnaittenbach,/wohnungsaufloesung-schweinfurt,service,service,0.143,1.000,1.000,1.000,0,9,no,HIGH_OVERLAP,REVIEW_SHARED_FAQ;DIFFERENTIATE_MAIN_CONTENT;REWRITE_FOR_CUSTOMER
/wohnungsaufloesung-schnaittenbach,/wohnungsaufloesung-seubersdorf,service,service,0.167,1.000,1.000,1.000,0,9,no,HIGH_OVERLAP,REVIEW_SHARED_FAQ;DIFFERENTIATE_MAIN_CONTENT;REWRITE_FOR_CUSTOMER
/wohnungsaufloesung-schwabach,/wohnungsaufloesung-schwandorf,service,service,0.167,1.000,1.000,0.918,0,6,no,HIGH_OVERLAP,REVIEW_SHARED_FAQ;DIFFERENTIATE_MAIN_CONTENT;REWRITE_FOR_CUSTOMER
/wohnungsaufloesung-schwabach,/wohnungsaufloesung-schwarzenfeld,service,service,1.000,1.000,1.000,1.000,0,9,no,HIGH_OVERLAP,REVIEW_SHARED_FAQ;DIFFERENTIATE_MAIN_CONTENT;REWRITE_FOR_CUSTOMER
/wohnungsaufloesung-schwabach,/wohnungsaufloesung-schweinfurt,service,service,0.167,1.000,1.000,1.000,0,9,no,HIGH_OVERLAP,REVIEW_SHARED_FAQ;DIFFERENTIATE_MAIN_CONTENT;REWRITE_FOR_CUSTOMER
/wohnungsaufloesung-schwabach,/wohnungsaufloesung-seubersdorf,service,service,1.000,1.000,1.000,1.000,0,9,no,HIGH_OVERLAP,REVIEW_SHARED_FAQ;DIFFERENTIATE_MAIN_CONTENT;REWRITE_FOR_CUSTOMER
/wohnungsaufloesung-schwandorf,/wohnungsaufloesung-schwarzenfeld,service,service,0.167,1.000,1.000,0.918,0,6,no,HIGH_OVERLAP,REVIEW_SHARED_FAQ;DIFFERENTIATE_MAIN_CONTENT;REWRITE_FOR_CUSTOMER
/wohnungsaufloesung-schwandorf,/wohnungsaufloesung-schweinfurt,service,service,0.143,1.000,1.000,0.918,0,6,no,HIGH_OVERLAP,REVIEW_SHARED_FAQ;DIFFERENTIATE_MAIN_CONTENT;REWRITE_FOR_CUSTOMER
/wohnungsaufloesung-schwandorf,/wohnungsaufloesung-seubersdorf,service,service,0.167,1.000,1.000,0.918,0,6,no,HIGH_OVERLAP,REVIEW_SHARED_FAQ;DIFFERENTIATE_MAIN_CONTENT;REWRITE_FOR_CUSTOMER
/wohnungsaufloesung-schwarzenfeld,/wohnungsaufloesung-schweinfurt,service,service,0.167,1.000,1.000,1.000,0,9,no,HIGH_OVERLAP,REVIEW_SHARED_FAQ;DIFFERENTIATE_MAIN_CONTENT;REWRITE_FOR_CUSTOMER
/wohnungsaufloesung-schwarzenfeld,/wohnungsaufloesung-seubersdorf,service,service,1.000,1.000,1.000,1.000,0,9,no,HIGH_OVERLAP,REVIEW_SHARED_FAQ;DIFFERENTIATE_MAIN_CONTENT;REWRITE_FOR_CUSTOMER
/wohnungsaufloesung-schweinfurt,/wohnungsaufloesung-seubersdorf,service,service,0.167,1.000,1.000,1.000,0,9,no,HIGH_OVERLAP,REVIEW_SHARED_FAQ;DIFFERENTIATE_MAIN_CONTENT;REWRITE_FOR_CUSTOMER
/wohnungsaufloesung-simbach-am-inn,/wohnungsaufloesung-sinzing,service,service,0.167,1.000,1.000,1.000,0,9,no,HIGH_OVERLAP,REVIEW_SHARED_FAQ;DIFFERENTIATE_MAIN_CONTENT;REWRITE_FOR_CUSTOMER
/wohnungsaufloesung-simbach-am-inn,/wohnungsaufloesung-starnberg,service,service,0.167,1.000,1.000,0.906,0,6,no,HIGH_OVERLAP,REVIEW_SHARED_FAQ;DIFFERENTIATE_MAIN_CONTENT;REWRITE_FOR_CUSTOMER
/wohnungsaufloesung-simbach-am-inn,/wohnungsaufloesung-steinberg-am-see,service,service,1.000,1.000,1.000,1.000,0,9,no,HIGH_OVERLAP,REVIEW_SHARED_FAQ;DIFFERENTIATE_MAIN_CONTENT;REWRITE_FOR_CUSTOMER
/wohnungsaufloesung-simbach-am-inn,/wohnungsaufloesung-straubing,service,service,0.143,1.000,1.000,0.927,0,6,no,HIGH_OVERLAP,REVIEW_SHARED_FAQ;DIFFERENTIATE_MAIN_CONTENT;REWRITE_FOR_CUSTOMER
/wohnungsaufloesung-simbach-am-inn,/wohnungsaufloesung-suenching,service,service,1.000,1.000,1.000,1.000,0,9,no,HIGH_OVERLAP,REVIEW_SHARED_FAQ;DIFFERENTIATE_MAIN_CONTENT;REWRITE_FOR_CUSTOMER
/wohnungsaufloesung-simbach-am-inn,/wohnungsaufloesung-sulzbach-rosenberg,service,service,1.000,1.000,1.000,1.000,0,9,no,HIGH_OVERLAP,REVIEW_SHARED_FAQ;DIFFERENTIATE_MAIN_CONTENT;REWRITE_FOR_CUSTOMER
/wohnungsaufloesung-simbach-am-inn,/wohnungsaufloesung-tegernheim,service,service,0.167,1.000,1.000,1.000,0,9,no,HIGH_OVERLAP,REVIEW_SHARED_FAQ;DIFFERENTIATE_MAIN_CONTENT;REWRITE_FOR_CUSTOMER
/wohnungsaufloesung-sinzing,/wohnungsaufloesung-starnberg,service,service,1.000,1.000,1.000,0.906,0,6,no,HIGH_OVERLAP,REVIEW_SHARED_FAQ;DIFFERENTIATE_MAIN_CONTENT;REWRITE_FOR_CUSTOMER
/wohnungsaufloesung-sinzing,/wohnungsaufloesung-steinberg-am-see,service,service,0.167,1.000,1.000,1.000,0,9,no,HIGH_OVERLAP,REVIEW_SHARED_FAQ;DIFFERENTIATE_MAIN_CONTENT;REWRITE_FOR_CUSTOMER
/wohnungsaufloesung-sinzing,/wohnungsaufloesung-straubing,service,service,0.125,1.000,1.000,0.927,0,6,no,HIGH_OVERLAP,REVIEW_SHARED_FAQ;DIFFERENTIATE_MAIN_CONTENT;REWRITE_FOR_CUSTOMER
/wohnungsaufloesung-sinzing,/wohnungsaufloesung-suenching,service,service,0.167,1.000,1.000,1.000,0,9,no,HIGH_OVERLAP,REVIEW_SHARED_FAQ;DIFFERENTIATE_MAIN_CONTENT;REWRITE_FOR_CUSTOMER
/wohnungsaufloesung-sinzing,/wohnungsaufloesung-sulzbach-rosenberg,service,service,0.167,1.000,1.000,1.000,0,9,no,HIGH_OVERLAP,REVIEW_SHARED_FAQ;DIFFERENTIATE_MAIN_CONTENT;REWRITE_FOR_CUSTOMER
/wohnungsaufloesung-sinzing,/wohnungsaufloesung-tegernheim,service,service,1.000,1.000,1.000,1.000,0,9,no,HIGH_OVERLAP,REVIEW_SHARED_FAQ;DIFFERENTIATE_MAIN_CONTENT;REWRITE_FOR_CUSTOMER
/wohnungsaufloesung-starnberg,/wohnungsaufloesung-steinberg-am-see,service,service,0.167,1.000,1.000,0.906,0,6,no,HIGH_OVERLAP,REVIEW_SHARED_FAQ;DIFFERENTIATE_MAIN_CONTENT;REWRITE_FOR_CUSTOMER
/wohnungsaufloesung-starnberg,/wohnungsaufloesung-straubing,service,service,0.125,1.000,1.000,0.937,0,6,no,HIGH_OVERLAP,REVIEW_SHARED_FAQ;DIFFERENTIATE_MAIN_CONTENT;REWRITE_FOR_CUSTOMER
/wohnungsaufloesung-starnberg,/wohnungsaufloesung-suenching,service,service,0.167,1.000,1.000,0.906,0,6,no,HIGH_OVERLAP,REVIEW_SHARED_FAQ;DIFFERENTIATE_MAIN_CONTENT;REWRITE_FOR_CUSTOMER
/wohnungsaufloesung-starnberg,/wohnungsaufloesung-sulzbach-rosenberg,service,service,0.167,1.000,1.000,0.906,0,6,no,HIGH_OVERLAP,REVIEW_SHARED_FAQ;DIFFERENTIATE_MAIN_CONTENT;REWRITE_FOR_CUSTOMER
/wohnungsaufloesung-starnberg,/wohnungsaufloesung-tegernheim,service,service,1.000,1.000,1.000,0.906,0,6,no,HIGH_OVERLAP,REVIEW_SHARED_FAQ;DIFFERENTIATE_MAIN_CONTENT;REWRITE_FOR_CUSTOMER
/wohnungsaufloesung-steinberg-am-see,/wohnungsaufloesung-straubing,service,service,0.143,1.000,1.000,0.927,0,6,no,HIGH_OVERLAP,REVIEW_SHARED_FAQ;DIFFERENTIATE_MAIN_CONTENT;REWRITE_FOR_CUSTOMER
/wohnungsaufloesung-steinberg-am-see,/wohnungsaufloesung-suenching,service,service,1.000,1.000,1.000,1.000,0,9,no,HIGH_OVERLAP,REVIEW_SHARED_FAQ;DIFFERENTIATE_MAIN_CONTENT;REWRITE_FOR_CUSTOMER
/wohnungsaufloesung-steinberg-am-see,/wohnungsaufloesung-sulzbach-rosenberg,service,service,1.000,1.000,1.000,1.000,0,9,no,HIGH_OVERLAP,REVIEW_SHARED_FAQ;DIFFERENTIATE_MAIN_CONTENT;REWRITE_FOR_CUSTOMER
/wohnungsaufloesung-steinberg-am-see,/wohnungsaufloesung-tegernheim,service,service,0.167,1.000,1.000,1.000,0,9,no,HIGH_OVERLAP,REVIEW_SHARED_FAQ;DIFFERENTIATE_MAIN_CONTENT;REWRITE_FOR_CUSTOMER
/wohnungsaufloesung-straubing,/wohnungsaufloesung-suenching,service,service,0.143,1.000,1.000,0.927,0,6,no,HIGH_OVERLAP,REVIEW_SHARED_FAQ;DIFFERENTIATE_MAIN_CONTENT;REWRITE_FOR_CUSTOMER
/wohnungsaufloesung-straubing,/wohnungsaufloesung-sulzbach-rosenberg,service,service,0.143,1.000,1.000,0.927,0,6,no,HIGH_OVERLAP,REVIEW_SHARED_FAQ;DIFFERENTIATE_MAIN_CONTENT;REWRITE_FOR_CUSTOMER
/wohnungsaufloesung-straubing,/wohnungsaufloesung-tegernheim,service,service,0.125,1.000,1.000,0.927,0,6,no,HIGH_OVERLAP,REVIEW_SHARED_FAQ;DIFFERENTIATE_MAIN_CONTENT;REWRITE_FOR_CUSTOMER
/wohnungsaufloesung-suenching,/wohnungsaufloesung-sulzbach-rosenberg,service,service,1.000,1.000,1.000,1.000,0,9,no,HIGH_OVERLAP,REVIEW_SHARED_FAQ;DIFFERENTIATE_MAIN_CONTENT;REWRITE_FOR_CUSTOMER
/wohnungsaufloesung-suenching,/wohnungsaufloesung-tegernheim,service,service,0.167,1.000,1.000,1.000,0,9,no,HIGH_OVERLAP,REVIEW_SHARED_FAQ;DIFFERENTIATE_MAIN_CONTENT;REWRITE_FOR_CUSTOMER
/wohnungsaufloesung-sulzbach-rosenberg,/wohnungsaufloesung-tegernheim,service,service,0.167,1.000,1.000,1.000,0,9,no,HIGH_OVERLAP,REVIEW_SHARED_FAQ;DIFFERENTIATE_MAIN_CONTENT;REWRITE_FOR_CUSTOMER
/wohnungsaufloesung-teublitz,/wohnungsaufloesung-thalmassing,service,service,0.125,1.000,1.000,1.000,0,9,no,HIGH_OVERLAP,REVIEW_SHARED_FAQ;DIFFERENTIATE_MAIN_CONTENT;REWRITE_FOR_CUSTOMER
/wohnungsaufloesung-teublitz,/wohnungsaufloesung-tirschenreuth,service,service,0.143,1.000,1.000,1.000,0,9,no,HIGH_OVERLAP,REVIEW_SHARED_FAQ;DIFFERENTIATE_MAIN_CONTENT;REWRITE_FOR_CUSTOMER
/wohnungsaufloesung-teublitz,/wohnungsaufloesung-unterhaching,service,service,0.125,1.000,1.000,1.000,0,9,no,HIGH_OVERLAP,REVIEW_SHARED_FAQ;DIFFERENTIATE_MAIN_CONTENT;REWRITE_FOR_CUSTOMER
/wohnungsaufloesung-teublitz,/wohnungsaufloesung-velburg,service,service,1.000,1.000,1.000,1.000,0,9,no,HIGH_OVERLAP,REVIEW_SHARED_FAQ;DIFFERENTIATE_MAIN_CONTENT;REWRITE_FOR_CUSTOMER
/wohnungsaufloesung-teublitz,/wohnungsaufloesung-viechtach,service,service,1.000,1.000,1.000,1.000,0,9,no,HIGH_OVERLAP,REVIEW_SHARED_FAQ;DIFFERENTIATE_MAIN_CONTENT;REWRITE_FOR_CUSTOMER
/wohnungsaufloesung-teublitz,/wohnungsaufloesung-vilsbiburg,service,service,1.000,1.000,1.000,1.000,0,9,no,HIGH_OVERLAP,REVIEW_SHARED_FAQ;DIFFERENTIATE_MAIN_CONTENT;REWRITE_FOR_CUSTOMER
/wohnungsaufloesung-teublitz,/wohnungsaufloesung-vilseck,service,service,0.125,1.000,1.000,1.000,0,9,no,HIGH_OVERLAP,REVIEW_SHARED_FAQ;DIFFERENTIATE_MAIN_CONTENT;REWRITE_FOR_CUSTOMER
/wohnungsaufloesung-thalmassing,/wohnungsaufloesung-tirschenreuth,service,service,0.167,1.000,1.000,1.000,0,9,no,HIGH_OVERLAP,REVIEW_SHARED_FAQ;DIFFERENTIATE_MAIN_CONTENT;REWRITE_FOR_CUSTOMER
/wohnungsaufloesung-thalmassing,/wohnungsaufloesung-unterhaching,service,service,0.143,1.000,1.000,1.000,0,9,no,HIGH_OVERLAP,REVIEW_SHARED_FAQ;DIFFERENTIATE_MAIN_CONTENT;REWRITE_FOR_CUSTOMER
/wohnungsaufloesung-thalmassing,/wohnungsaufloesung-velburg,service,service,0.125,1.000,1.000,1.000,0,9,no,HIGH_OVERLAP,REVIEW_SHARED_FAQ;DIFFERENTIATE_MAIN_CONTENT;REWRITE_FOR_CUSTOMER
/wohnungsaufloesung-thalmassing,/wohnungsaufloesung-viechtach,service,service,0.125,1.000,1.000,1.000,0,9,no,HIGH_OVERLAP,REVIEW_SHARED_FAQ;DIFFERENTIATE_MAIN_CONTENT;REWRITE_FOR_CUSTOMER
/wohnungsaufloesung-thalmassing,/wohnungsaufloesung-vilsbiburg,service,service,0.125,1.000,1.000,1.000,0,9,no,HIGH_OVERLAP,REVIEW_SHARED_FAQ;DIFFERENTIATE_MAIN_CONTENT;REWRITE_FOR_CUSTOMER
/wohnungsaufloesung-thalmassing,/wohnungsaufloesung-vilseck,service,service,1.000,1.000,1.000,1.000,0,9,no,HIGH_OVERLAP,REVIEW_SHARED_FAQ;DIFFERENTIATE_MAIN_CONTENT;REWRITE_FOR_CUSTOMER
/wohnungsaufloesung-tirschenreuth,/wohnungsaufloesung-unterhaching,service,service,0.167,1.000,1.000,1.000,0,9,no,HIGH_OVERLAP,REVIEW_SHARED_FAQ;DIFFERENTIATE_MAIN_CONTENT;REWRITE_FOR_CUSTOMER
/wohnungsaufloesung-tirschenreuth,/wohnungsaufloesung-velburg,service,service,0.143,1.000,1.000,1.000,0,9,no,HIGH_OVERLAP,REVIEW_SHARED_FAQ;DIFFERENTIATE_MAIN_CONTENT;REWRITE_FOR_CUSTOMER
/wohnungsaufloesung-tirschenreuth,/wohnungsaufloesung-viechtach,service,service,0.143,1.000,1.000,1.000,0,9,no,HIGH_OVERLAP,REVIEW_SHARED_FAQ;DIFFERENTIATE_MAIN_CONTENT;REWRITE_FOR_CUSTOMER
/wohnungsaufloesung-tirschenreuth,/wohnungsaufloesung-vilsbiburg,service,service,0.143,1.000,1.000,1.000,0,9,no,HIGH_OVERLAP,REVIEW_SHARED_FAQ;DIFFERENTIATE_MAIN_CONTENT;REWRITE_FOR_CUSTOMER
/wohnungsaufloesung-tirschenreuth,/wohnungsaufloesung-vilseck,service,service,0.167,1.000,1.000,1.000,0,9,no,HIGH_OVERLAP,REVIEW_SHARED_FAQ;DIFFERENTIATE_MAIN_CONTENT;REWRITE_FOR_CUSTOMER
/wohnungsaufloesung-unterhaching,/wohnungsaufloesung-velburg,service,service,0.125,1.000,1.000,1.000,0,9,no,HIGH_OVERLAP,REVIEW_SHARED_FAQ;DIFFERENTIATE_MAIN_CONTENT;REWRITE_FOR_CUSTOMER
/wohnungsaufloesung-unterhaching,/wohnungsaufloesung-viechtach,service,service,0.125,1.000,1.000,1.000,0,9,no,HIGH_OVERLAP,REVIEW_SHARED_FAQ;DIFFERENTIATE_MAIN_CONTENT;REWRITE_FOR_CUSTOMER
/wohnungsaufloesung-unterhaching,/wohnungsaufloesung-vilsbiburg,service,service,0.125,1.000,1.000,1.000,0,9,no,HIGH_OVERLAP,REVIEW_SHARED_FAQ;DIFFERENTIATE_MAIN_CONTENT;REWRITE_FOR_CUSTOMER
/wohnungsaufloesung-unterhaching,/wohnungsaufloesung-vilseck,service,service,0.143,1.000,1.000,1.000,0,9,no,HIGH_OVERLAP,REVIEW_SHARED_FAQ;DIFFERENTIATE_MAIN_CONTENT;REWRITE_FOR_CUSTOMER
/wohnungsaufloesung-velburg,/wohnungsaufloesung-viechtach,service,service,1.000,1.000,1.000,1.000,0,9,no,HIGH_OVERLAP,REVIEW_SHARED_FAQ;DIFFERENTIATE_MAIN_CONTENT;REWRITE_FOR_CUSTOMER
/wohnungsaufloesung-velburg,/wohnungsaufloesung-vilsbiburg,service,service,1.000,1.000,1.000,1.000,0,9,no,HIGH_OVERLAP,REVIEW_SHARED_FAQ;DIFFERENTIATE_MAIN_CONTENT;REWRITE_FOR_CUSTOMER
/wohnungsaufloesung-velburg,/wohnungsaufloesung-vilseck,service,service,0.125,1.000,1.000,1.000,0,9,no,HIGH_OVERLAP,REVIEW_SHARED_FAQ;DIFFERENTIATE_MAIN_CONTENT;REWRITE_FOR_CUSTOMER
/wohnungsaufloesung-viechtach,/wohnungsaufloesung-vilsbiburg,service,service,1.000,1.000,1.000,1.000,0,9,no,HIGH_OVERLAP,REVIEW_SHARED_FAQ;DIFFERENTIATE_MAIN_CONTENT;REWRITE_FOR_CUSTOMER
/wohnungsaufloesung-viechtach,/wohnungsaufloesung-vilseck,service,service,0.125,1.000,1.000,1.000,0,9,no,HIGH_OVERLAP,REVIEW_SHARED_FAQ;DIFFERENTIATE_MAIN_CONTENT;REWRITE_FOR_CUSTOMER
/wohnungsaufloesung-vilsbiburg,/wohnungsaufloesung-vilseck,service,service,0.125,1.000,1.000,1.000,0,9,no,HIGH_OVERLAP,REVIEW_SHARED_FAQ;DIFFERENTIATE_MAIN_CONTENT;REWRITE_FOR_CUSTOMER
/wohnungsaufloesung-vilshofen,/wohnungsaufloesung-vohburg,service,service,0.167,1.000,1.000,1.000,0,9,no,HIGH_OVERLAP,REVIEW_SHARED_FAQ;DIFFERENTIATE_MAIN_CONTENT;REWRITE_FOR_CUSTOMER
/wohnungsaufloesung-vilshofen,/wohnungsaufloesung-vohenstrauss,service,service,0.143,1.000,1.000,1.000,0,9,no,HIGH_OVERLAP,REVIEW_SHARED_FAQ;DIFFERENTIATE_MAIN_CONTENT;REWRITE_FOR_CUSTOMER
/wohnungsaufloesung-vilshofen,/wohnungsaufloesung-wackersdorf,service,service,0.167,1.000,1.000,1.000,0,9,no,HIGH_OVERLAP,REVIEW_SHARED_FAQ;DIFFERENTIATE_MAIN_CONTENT;REWRITE_FOR_CUSTOMER
/wohnungsaufloesung-vilshofen,/wohnungsaufloesung-waldkirchen,service,service,0.167,1.000,1.000,1.000,0,9,no,HIGH_OVERLAP,REVIEW_SHARED_FAQ;DIFFERENTIATE_MAIN_CONTENT;REWRITE_FOR_CUSTOMER
/wohnungsaufloesung-vilshofen,/wohnungsaufloesung-waldmuenchen,service,service,0.143,1.000,1.000,0.906,0,6,no,HIGH_OVERLAP,REVIEW_SHARED_FAQ;DIFFERENTIATE_MAIN_CONTENT;REWRITE_FOR_CUSTOMER
/wohnungsaufloesung-vilshofen,/wohnungsaufloesung-weiden,service,service,1.000,1.000,1.000,0.918,0,6,no,HIGH_OVERLAP,REVIEW_SHARED_FAQ;DIFFERENTIATE_MAIN_CONTENT;REWRITE_FOR_CUSTOMER
/wohnungsaufloesung-vilshofen,/wohnungsaufloesung-weilheim-in-oberbayern,service,service,0.167,1.000,1.000,1.000,0,9,no,HIGH_OVERLAP,REVIEW_SHARED_FAQ;DIFFERENTIATE_MAIN_CONTENT;REWRITE_FOR_CUSTOMER
/wohnungsaufloesung-vohburg,/wohnungsaufloesung-vohenstrauss,service,service,0.125,1.000,1.000,1.000,0,9,no,HIGH_OVERLAP,REVIEW_SHARED_FAQ;DIFFERENTIATE_MAIN_CONTENT;REWRITE_FOR_CUSTOMER
/wohnungsaufloesung-vohburg,/wohnungsaufloesung-wackersdorf,service,service,1.000,1.000,1.000,1.000,0,9,no,HIGH_OVERLAP,REVIEW_SHARED_FAQ;DIFFERENTIATE_MAIN_CONTENT;REWRITE_FOR_CUSTOMER
/wohnungsaufloesung-vohburg,/wohnungsaufloesung-waldkirchen,service,service,0.143,1.000,1.000,1.000,0,9,no,HIGH_OVERLAP,REVIEW_SHARED_FAQ;DIFFERENTIATE_MAIN_CONTENT;REWRITE_FOR_CUSTOMER
/wohnungsaufloesung-vohburg,/wohnungsaufloesung-waldmuenchen,service,service,0.125,1.000,1.000,0.906,0,6,no,HIGH_OVERLAP,REVIEW_SHARED_FAQ;DIFFERENTIATE_MAIN_CONTENT;REWRITE_FOR_CUSTOMER
/wohnungsaufloesung-vohburg,/wohnungsaufloesung-weiden,service,service,0.167,1.000,1.000,0.918,0,6,no,HIGH_OVERLAP,REVIEW_SHARED_FAQ;DIFFERENTIATE_MAIN_CONTENT;REWRITE_FOR_CUSTOMER
/wohnungsaufloesung-vohburg,/wohnungsaufloesung-weilheim-in-oberbayern,service,service,0.143,1.000,1.000,1.000,0,9,no,HIGH_OVERLAP,REVIEW_SHARED_FAQ;DIFFERENTIATE_MAIN_CONTENT;REWRITE_FOR_CUSTOMER
/wohnungsaufloesung-vohenstrauss,/wohnungsaufloesung-wackersdorf,service,service,0.125,1.000,1.000,1.000,0,9,no,HIGH_OVERLAP,REVIEW_SHARED_FAQ;DIFFERENTIATE_MAIN_CONTENT;REWRITE_FOR_CUSTOMER
/wohnungsaufloesung-vohenstrauss,/wohnungsaufloesung-waldkirchen,service,service,0.125,1.000,1.000,1.000,0,9,no,HIGH_OVERLAP,REVIEW_SHARED_FAQ;DIFFERENTIATE_MAIN_CONTENT;REWRITE_FOR_CUSTOMER
/wohnungsaufloesung-vohenstrauss,/wohnungsaufloesung-waldmuenchen,service,service,1.000,1.000,1.000,0.906,0,6,no,HIGH_OVERLAP,REVIEW_SHARED_FAQ;DIFFERENTIATE_MAIN_CONTENT;REWRITE_FOR_CUSTOMER
/wohnungsaufloesung-vohenstrauss,/wohnungsaufloesung-weiden,service,service,0.143,1.000,1.000,0.918,0,6,no,HIGH_OVERLAP,REVIEW_SHARED_FAQ;DIFFERENTIATE_MAIN_CONTENT;REWRITE_FOR_CUSTOMER
/wohnungsaufloesung-vohenstrauss,/wohnungsaufloesung-weilheim-in-oberbayern,service,service,0.125,1.000,1.000,1.000,0,9,no,HIGH_OVERLAP,REVIEW_SHARED_FAQ;DIFFERENTIATE_MAIN_CONTENT;REWRITE_FOR_CUSTOMER
/wohnungsaufloesung-wackersdorf,/wohnungsaufloesung-waldkirchen,service,service,0.143,1.000,1.000,1.000,0,9,no,HIGH_OVERLAP,REVIEW_SHARED_FAQ;DIFFERENTIATE_MAIN_CONTENT;REWRITE_FOR_CUSTOMER
/wohnungsaufloesung-wackersdorf,/wohnungsaufloesung-waldmuenchen,service,service,0.125,1.000,1.000,0.906,0,6,no,HIGH_OVERLAP,REVIEW_SHARED_FAQ;DIFFERENTIATE_MAIN_CONTENT;REWRITE_FOR_CUSTOMER
/wohnungsaufloesung-wackersdorf,/wohnungsaufloesung-weiden,service,service,0.167,1.000,1.000,0.918,0,6,no,HIGH_OVERLAP,REVIEW_SHARED_FAQ;DIFFERENTIATE_MAIN_CONTENT;REWRITE_FOR_CUSTOMER
/wohnungsaufloesung-wackersdorf,/wohnungsaufloesung-weilheim-in-oberbayern,service,service,0.143,1.000,1.000,1.000,0,9,no,HIGH_OVERLAP,REVIEW_SHARED_FAQ;DIFFERENTIATE_MAIN_CONTENT;REWRITE_FOR_CUSTOMER
/wohnungsaufloesung-waldkirchen,/wohnungsaufloesung-waldmuenchen,service,service,0.125,1.000,1.000,0.906,0,6,no,HIGH_OVERLAP,REVIEW_SHARED_FAQ;DIFFERENTIATE_MAIN_CONTENT;REWRITE_FOR_CUSTOMER
/wohnungsaufloesung-waldkirchen,/wohnungsaufloesung-weiden,service,service,0.167,1.000,1.000,0.918,0,6,no,HIGH_OVERLAP,REVIEW_SHARED_FAQ;DIFFERENTIATE_MAIN_CONTENT;REWRITE_FOR_CUSTOMER
/wohnungsaufloesung-waldkirchen,/wohnungsaufloesung-weilheim-in-oberbayern,service,service,1.000,1.000,1.000,1.000,0,9,no,HIGH_OVERLAP,REVIEW_SHARED_FAQ;DIFFERENTIATE_MAIN_CONTENT;REWRITE_FOR_CUSTOMER
/wohnungsaufloesung-waldmuenchen,/wohnungsaufloesung-weiden,service,service,0.143,1.000,1.000,0.952,0,6,no,HIGH_OVERLAP,REVIEW_SHARED_FAQ;DIFFERENTIATE_MAIN_CONTENT;REWRITE_FOR_CUSTOMER
/wohnungsaufloesung-waldmuenchen,/wohnungsaufloesung-weilheim-in-oberbayern,service,service,0.125,1.000,1.000,0.906,0,6,no,HIGH_OVERLAP,REVIEW_SHARED_FAQ;DIFFERENTIATE_MAIN_CONTENT;REWRITE_FOR_CUSTOMER
/wohnungsaufloesung-weiden,/wohnungsaufloesung-weilheim-in-oberbayern,service,service,0.167,1.000,1.000,0.918,0,6,no,HIGH_OVERLAP,REVIEW_SHARED_FAQ;DIFFERENTIATE_MAIN_CONTENT;REWRITE_FOR_CUSTOMER
/wohnungsaufloesung-wendelstein,/wohnungsaufloesung-wenzenbach,service,service,0.167,1.000,1.000,1.000,0,9,no,HIGH_OVERLAP,REVIEW_SHARED_FAQ;DIFFERENTIATE_MAIN_CONTENT;REWRITE_FOR_CUSTOMER
/wohnungsaufloesung-wendelstein,/wohnungsaufloesung-wernberg-koeblitz,service,service,0.167,1.000,1.000,1.000,0,9,no,HIGH_OVERLAP,REVIEW_SHARED_FAQ;DIFFERENTIATE_MAIN_CONTENT;REWRITE_FOR_CUSTOMER
/wohnungsaufloesung-wendelstein,/wohnungsaufloesung-wiesent,service,service,0.167,1.000,1.000,1.000,0,9,no,HIGH_OVERLAP,REVIEW_SHARED_FAQ;DIFFERENTIATE_MAIN_CONTENT;REWRITE_FOR_CUSTOMER
/wohnungsaufloesung-wendelstein,/wohnungsaufloesung-windischeschenbach,service,service,0.167,1.000,1.000,1.000,0,9,no,HIGH_OVERLAP,REVIEW_SHARED_FAQ;DIFFERENTIATE_MAIN_CONTENT;REWRITE_FOR_CUSTOMER
/wohnungsaufloesung-wendelstein,/wohnungsaufloesung-woerth-an-der-donau,service,service,0.167,1.000,1.000,1.000,0,9,no,HIGH_OVERLAP,REVIEW_SHARED_FAQ;DIFFERENTIATE_MAIN_CONTENT;REWRITE_FOR_CUSTOMER
/wohnungsaufloesung-wendelstein,/wohnungsaufloesung-wolfsegg,service,service,0.167,1.000,1.000,1.000,0,9,no,HIGH_OVERLAP,REVIEW_SHARED_FAQ;DIFFERENTIATE_MAIN_CONTENT;REWRITE_FOR_CUSTOMER
/wohnungsaufloesung-wendelstein,/wohnungsaufloesung-wolnzach,service,service,1.000,1.000,1.000,1.000,0,9,no,HIGH_OVERLAP,REVIEW_SHARED_FAQ;DIFFERENTIATE_MAIN_CONTENT;REWRITE_FOR_CUSTOMER
/wohnungsaufloesung-wenzenbach,/wohnungsaufloesung-wernberg-koeblitz,service,service,1.000,1.000,1.000,1.000,0,9,no,HIGH_OVERLAP,REVIEW_SHARED_FAQ;DIFFERENTIATE_MAIN_CONTENT;REWRITE_FOR_CUSTOMER
/wohnungsaufloesung-wenzenbach,/wohnungsaufloesung-wiesent,service,service,1.000,1.000,1.000,1.000,0,9,no,HIGH_OVERLAP,REVIEW_SHARED_FAQ;DIFFERENTIATE_MAIN_CONTENT;REWRITE_FOR_CUSTOMER
/wohnungsaufloesung-wenzenbach,/wohnungsaufloesung-windischeschenbach,service,service,1.000,1.000,1.000,1.000,0,9,no,HIGH_OVERLAP,REVIEW_SHARED_FAQ;DIFFERENTIATE_MAIN_CONTENT;REWRITE_FOR_CUSTOMER
/wohnungsaufloesung-wenzenbach,/wohnungsaufloesung-woerth-an-der-donau,service,service,1.000,1.000,1.000,1.000,0,9,no,HIGH_OVERLAP,REVIEW_SHARED_FAQ;DIFFERENTIATE_MAIN_CONTENT;REWRITE_FOR_CUSTOMER
/wohnungsaufloesung-wenzenbach,/wohnungsaufloesung-wolfsegg,service,service,0.143,1.000,1.000,1.000,0,9,no,HIGH_OVERLAP,REVIEW_SHARED_FAQ;DIFFERENTIATE_MAIN_CONTENT;REWRITE_FOR_CUSTOMER
/wohnungsaufloesung-wenzenbach,/wohnungsaufloesung-wolnzach,service,service,0.167,1.000,1.000,1.000,0,9,no,HIGH_OVERLAP,REVIEW_SHARED_FAQ;DIFFERENTIATE_MAIN_CONTENT;REWRITE_FOR_CUSTOMER
/wohnungsaufloesung-wernberg-koeblitz,/wohnungsaufloesung-wiesent,service,service,1.000,1.000,1.000,1.000,0,9,no,HIGH_OVERLAP,REVIEW_SHARED_FAQ;DIFFERENTIATE_MAIN_CONTENT;REWRITE_FOR_CUSTOMER
/wohnungsaufloesung-wernberg-koeblitz,/wohnungsaufloesung-windischeschenbach,service,service,1.000,1.000,1.000,1.000,0,9,no,HIGH_OVERLAP,REVIEW_SHARED_FAQ;DIFFERENTIATE_MAIN_CONTENT;REWRITE_FOR_CUSTOMER
/wohnungsaufloesung-wernberg-koeblitz,/wohnungsaufloesung-woerth-an-der-donau,service,service,1.000,1.000,1.000,1.000,0,9,no,HIGH_OVERLAP,REVIEW_SHARED_FAQ;DIFFERENTIATE_MAIN_CONTENT;REWRITE_FOR_CUSTOMER
/wohnungsaufloesung-wernberg-koeblitz,/wohnungsaufloesung-wolfsegg,service,service,0.143,1.000,1.000,1.000,0,9,no,HIGH_OVERLAP,REVIEW_SHARED_FAQ;DIFFERENTIATE_MAIN_CONTENT;REWRITE_FOR_CUSTOMER
/wohnungsaufloesung-wernberg-koeblitz,/wohnungsaufloesung-wolnzach,service,service,0.167,1.000,1.000,1.000,0,9,no,HIGH_OVERLAP,REVIEW_SHARED_FAQ;DIFFERENTIATE_MAIN_CONTENT;REWRITE_FOR_CUSTOMER
/wohnungsaufloesung-wiesent,/wohnungsaufloesung-windischeschenbach,service,service,1.000,1.000,1.000,1.000,0,9,no,HIGH_OVERLAP,REVIEW_SHARED_FAQ;DIFFERENTIATE_MAIN_CONTENT;REWRITE_FOR_CUSTOMER
/wohnungsaufloesung-wiesent,/wohnungsaufloesung-woerth-an-der-donau,service,service,1.000,1.000,1.000,1.000,0,9,no,HIGH_OVERLAP,REVIEW_SHARED_FAQ;DIFFERENTIATE_MAIN_CONTENT;REWRITE_FOR_CUSTOMER
/wohnungsaufloesung-wiesent,/wohnungsaufloesung-wolfsegg,service,service,0.143,1.000,1.000,1.000,0,9,no,HIGH_OVERLAP,REVIEW_SHARED_FAQ;DIFFERENTIATE_MAIN_CONTENT;REWRITE_FOR_CUSTOMER
/wohnungsaufloesung-wiesent,/wohnungsaufloesung-wolnzach,service,service,0.167,1.000,1.000,1.000,0,9,no,HIGH_OVERLAP,REVIEW_SHARED_FAQ;DIFFERENTIATE_MAIN_CONTENT;REWRITE_FOR_CUSTOMER
/wohnungsaufloesung-windischeschenbach,/wohnungsaufloesung-woerth-an-der-donau,service,service,1.000,1.000,1.000,1.000,0,9,no,HIGH_OVERLAP,REVIEW_SHARED_FAQ;DIFFERENTIATE_MAIN_CONTENT;REWRITE_FOR_CUSTOMER
/wohnungsaufloesung-windischeschenbach,/wohnungsaufloesung-wolfsegg,service,service,0.143,1.000,1.000,1.000,0,9,no,HIGH_OVERLAP,REVIEW_SHARED_FAQ;DIFFERENTIATE_MAIN_CONTENT;REWRITE_FOR_CUSTOMER
/wohnungsaufloesung-windischeschenbach,/wohnungsaufloesung-wolnzach,service,service,0.167,1.000,1.000,1.000,0,9,no,HIGH_OVERLAP,REVIEW_SHARED_FAQ;DIFFERENTIATE_MAIN_CONTENT;REWRITE_FOR_CUSTOMER
/wohnungsaufloesung-woerth-an-der-donau,/wohnungsaufloesung-wolfsegg,service,service,0.143,1.000,1.000,1.000,0,9,no,HIGH_OVERLAP,REVIEW_SHARED_FAQ;DIFFERENTIATE_MAIN_CONTENT;REWRITE_FOR_CUSTOMER
/wohnungsaufloesung-woerth-an-der-donau,/wohnungsaufloesung-wolnzach,service,service,0.167,1.000,1.000,1.000,0,9,no,HIGH_OVERLAP,REVIEW_SHARED_FAQ;DIFFERENTIATE_MAIN_CONTENT;REWRITE_FOR_CUSTOMER
/wohnungsaufloesung-wolfsegg,/wohnungsaufloesung-wolnzach,service,service,0.167,1.000,1.000,1.000,0,9,no,HIGH_OVERLAP,REVIEW_SHARED_FAQ;DIFFERENTIATE_MAIN_CONTENT;REWRITE_FOR_CUSTOMER
/wohnungsaufloesung-zeitlarn,/wohnungsaufloesung-zirndorf,service,service,0.167,1.000,1.000,1.000,0,9,no,HIGH_OVERLAP,REVIEW_SHARED_FAQ;DIFFERENTIATE_MAIN_CONTENT;REWRITE_FOR_CUSTOMER
/wohnungsaufloesung-zeitlarn,/wohnungsaufloesung-zwiesel,service,service,0.125,1.000,1.000,1.000,0,9,no,HIGH_OVERLAP,REVIEW_SHARED_FAQ;DIFFERENTIATE_MAIN_CONTENT;REWRITE_FOR_CUSTOMER
/wohnungsaufloesung-zirndorf,/wohnungsaufloesung-zwiesel,service,service,0.143,1.000,1.000,1.000,0,9,no,HIGH_OVERLAP,REVIEW_SHARED_FAQ;DIFFERENTIATE_MAIN_CONTENT;REWRITE_FOR_CUSTOMER
/24h-umzug-bayern,/akteneinlagerung-regensburg,service,service,0.286,0.400,0.000,0.808,0,6,no,MANUAL_REVIEW,REVIEW_SHARED_FAQ;DIFFERENTIATE_MAIN_CONTENT
/24h-umzug-bayern,/bueroumzug,service,service,0.111,0.500,0.000,0.705,0,7,no,MANUAL_REVIEW,REVIEW_SHARED_FAQ;DIFFERENTIATE_MAIN_CONTENT
/24h-umzug-bayern,/einlagerung,service,service,0.286,0.400,0.000,0.918,0,9,no,MANUAL_REVIEW,REVIEW_SHARED_FAQ;DIFFERENTIATE_MAIN_CONTENT
/24h-umzug-bayern,/entruempelung-bayern,service,service,0.250,0.250,0.000,0.662,0,7,no,MANUAL_REVIEW,REVIEW_SHARED_FAQ;DIFFERENTIATE_MAIN_CONTENT
/24h-umzug-bayern,/familienumzug-bayern,service,service,0.167,0.000,0.000,0.943,0,9,no,MANUAL_REVIEW,REVIEW_SHARED_FAQ;DIFFERENTIATE_MAIN_CONTENT
/24h-umzug-bayern,/malerarbeiten,service,service,0.286,0.400,0.000,0.916,0,9,no,MANUAL_REVIEW,REVIEW_SHARED_FAQ;DIFFERENTIATE_MAIN_CONTENT
/24h-umzug-bayern,/umzug-garmisch-partenkirchen,service,service,0.100,0.200,0.000,0.691,0,5,no,MANUAL_REVIEW,REVIEW_SHARED_FAQ;DIFFERENTIATE_MAIN_CONTENT
/24h-umzug-bayern,/umzug-kulmbach,service,service,0.250,0.200,0.000,0.660,0,4,no,MANUAL_REVIEW,REVIEW_SHARED_FAQ;DIFFERENTIATE_MAIN_CONTENT
/24h-umzug-bayern,/umzug-maxhuette-haidhof,service,service,0.429,0.200,0.000,0.704,0,5,no,MANUAL_REVIEW,REVIEW_SHARED_FAQ;DIFFERENTIATE_MAIN_CONTENT
/akteneinlagerung-regensburg,/einlagerung,service,service,0.600,0.333,0.000,0.778,0,6,no,MANUAL_REVIEW,REVIEW_SHARED_FAQ;DIFFERENTIATE_MAIN_CONTENT
/akteneinlagerung-regensburg,/familienumzug-bayern,service,service,0.200,0.000,0.000,0.795,0,6,no,MANUAL_REVIEW,REVIEW_SHARED_FAQ;DIFFERENTIATE_MAIN_CONTENT
/akteneinlagerung-regensburg,/kleintransport-regensburg,service,service,0.125,0.100,0.000,0.768,0,9,no,MANUAL_REVIEW,REVIEW_SHARED_FAQ;DIFFERENTIATE_MAIN_CONTENT
/akteneinlagerung-regensburg,/kleintransporte,service,service,0.600,0.333,0.000,0.808,0,6,no,MANUAL_REVIEW,REVIEW_SHARED_FAQ;DIFFERENTIATE_MAIN_CONTENT
/akteneinlagerung-regensburg,/malerarbeiten,service,service,0.600,0.333,0.000,0.777,0,6,no,MANUAL_REVIEW,REVIEW_SHARED_FAQ;DIFFERENTIATE_MAIN_CONTENT
/akteneinlagerung-regensburg,/seniorenumzug-wolfsegg,service,service,0.143,0.333,0.000,0.759,0,6,no,MANUAL_REVIEW,REVIEW_SHARED_FAQ;DIFFERENTIATE_MAIN_CONTENT
/akteneinlagerung-regensburg,/seniorenumzug-wolnzach,service,service,0.286,0.333,0.000,0.759,0,6,no,MANUAL_REVIEW,REVIEW_SHARED_FAQ;DIFFERENTIATE_MAIN_CONTENT
/bueroumzug,/einlagerung,service,service,0.125,0.400,0.000,0.679,0,7,no,MANUAL_REVIEW,REVIEW_SHARED_FAQ;DIFFERENTIATE_MAIN_CONTENT
/bueroumzug,/familienumzug-bayern,service,service,0.167,0.000,0.000,0.695,0,7,no,MANUAL_REVIEW,REVIEW_SHARED_FAQ;DIFFERENTIATE_MAIN_CONTENT
/bueroumzug,/kleintransporte,service,service,0.125,0.400,0.000,0.705,0,7,no,MANUAL_REVIEW,REVIEW_SHARED_FAQ;DIFFERENTIATE_MAIN_CONTENT
/bueroumzug,/malerarbeiten,service,service,0.125,0.400,0.000,0.678,0,7,no,MANUAL_REVIEW,REVIEW_SHARED_FAQ;DIFFERENTIATE_MAIN_CONTENT
/bueroumzug,/seniorenumzug-wolfsegg,service,service,0.125,0.400,0.000,0.664,0,7,no,MANUAL_REVIEW,REVIEW_SHARED_FAQ;DIFFERENTIATE_MAIN_CONTENT
/bueroumzug,/seniorenumzug-wolnzach,service,service,0.111,0.400,0.000,0.664,0,7,no,MANUAL_REVIEW,REVIEW_SHARED_FAQ;DIFFERENTIATE_MAIN_CONTENT
/bueroumzug,/seniorenumzug-zeitlarn,service,service,0.286,0.400,0.000,0.664,0,7,no,MANUAL_REVIEW,REVIEW_SHARED_FAQ;DIFFERENTIATE_MAIN_CONTENT
/einlagerung,/familienumzug-bayern,service,service,0.200,0.000,0.000,0.902,0,9,no,MANUAL_REVIEW,REVIEW_SHARED_FAQ;DIFFERENTIATE_MAIN_CONTENT
/einlagerung,/kleintransport-regensburg,service,service,0.125,0.100,0.000,0.685,0,6,no,MANUAL_REVIEW,REVIEW_SHARED_FAQ;DIFFERENTIATE_MAIN_CONTENT
/einlagerung,/kleintransporte,service,service,0.600,0.333,0.000,0.918,0,9,no,MANUAL_REVIEW,REVIEW_SHARED_FAQ;DIFFERENTIATE_MAIN_CONTENT
/einlagerung,/malerarbeiten,service,service,0.600,0.333,0.000,0.880,0,9,no,MANUAL_REVIEW,REVIEW_SHARED_FAQ;DIFFERENTIATE_MAIN_CONTENT
/einlagerung,/seniorenumzug-wolfsegg,service,service,0.143,0.333,0.000,0.859,0,9,no,MANUAL_REVIEW,REVIEW_SHARED_FAQ;DIFFERENTIATE_MAIN_CONTENT
/en/duesseldorf/commercial-cleaning,/en/duesseldorf/practice-cleaning,service,service,0.429,0.267,0.359,0.731,0,5,no,MANUAL_REVIEW,REVIEW_SHARED_FAQ;DIFFERENTIATE_MAIN_CONTENT
/en/duesseldorf/commercial-cleaning,/en/duesseldorf/window-cleaning,service,service,0.250,0.267,0.429,0.741,0,5,no,MANUAL_REVIEW,REVIEW_SHARED_FAQ;DIFFERENTIATE_MAIN_CONTENT
/en/duesseldorf/practice-cleaning,/en/duesseldorf/window-cleaning,service,service,0.429,0.429,0.325,0.730,0,5,no,MANUAL_REVIEW,REVIEW_SHARED_FAQ;DIFFERENTIATE_MAIN_CONTENT
/entruempelung-abensberg,/wohnungsaufloesung-bayern,service,service,0.125,0.222,0.000,0.820,0,9,no,MANUAL_REVIEW,REVIEW_SHARED_FAQ;DIFFERENTIATE_MAIN_CONTENT
/entruempelung-bayern,/familienumzug-bayern,service,service,0.167,0.000,0.000,0.652,0,7,no,MANUAL_REVIEW,REVIEW_SHARED_FAQ;DIFFERENTIATE_MAIN_CONTENT
/entruempelung-bayern,/kleintransporte,service,service,0.125,0.375,0.000,0.662,0,7,no,MANUAL_REVIEW,REVIEW_SHARED_FAQ;DIFFERENTIATE_MAIN_CONTENT
/entruempelung-bayern,/umzug-zeitlarn,service,service,0.111,0.125,0.000,0.698,0,7,no,MANUAL_REVIEW,REVIEW_SHARED_FAQ;DIFFERENTIATE_MAIN_CONTENT
/entruempelung-bayern,/umzug-zirndorf,service,service,0.111,0.125,0.000,0.686,0,7,no,MANUAL_REVIEW,REVIEW_SHARED_FAQ;DIFFERENTIATE_MAIN_CONTENT
/entruempelung-bayern,/umzug-zwiesel,service,service,0.250,0.125,0.000,0.686,0,7,no,MANUAL_REVIEW,REVIEW_SHARED_FAQ;DIFFERENTIATE_MAIN_CONTENT
/entruempelung-bayern,/wohnungsaufloesung-bayern,service,service,0.111,0.167,0.560,0.890,0,9,no,MANUAL_REVIEW,REVIEW_SHARED_FAQ;DIFFERENTIATE_MAIN_CONTENT
/entruempelung-bayern,/wohnungsaufloesung-zeitlarn,service,service,0.125,0.375,0.000,0.880,0,9,no,MANUAL_REVIEW,REVIEW_SHARED_FAQ;DIFFERENTIATE_MAIN_CONTENT
/familienumzug-bayern,/kleintransport-regensburg,service,service,0.167,0.000,0.000,0.699,0,6,no,MANUAL_REVIEW,REVIEW_SHARED_FAQ;DIFFERENTIATE_MAIN_CONTENT
/familienumzug-bayern,/kleintransporte,service,service,0.200,0.000,0.000,0.942,0,9,no,MANUAL_REVIEW,REVIEW_SHARED_FAQ;DIFFERENTIATE_MAIN_CONTENT
/familienumzug-bayern,/malerarbeiten,service,service,0.200,0.000,0.000,0.901,0,9,no,MANUAL_REVIEW,REVIEW_SHARED_FAQ;DIFFERENTIATE_MAIN_CONTENT
/klaviertransport,/klaviertransport-abensberg,service,service,0.500,0.222,0.067,0.922,0,9,no,MANUAL_REVIEW,REVIEW_SHARED_FAQ;DIFFERENTIATE_MAIN_CONTENT
/klaviertransport,/klaviertransport-wolfsegg,service,service,0.250,0.222,0.067,0.922,0,9,no,MANUAL_REVIEW,REVIEW_SHARED_FAQ;DIFFERENTIATE_MAIN_CONTENT
/klaviertransport,/klaviertransport-wolnzach,service,service,0.400,0.222,0.067,0.922,0,9,no,MANUAL_REVIEW,REVIEW_SHARED_FAQ;DIFFERENTIATE_MAIN_CONTENT
/klaviertransport,/klaviertransport-zeitlarn,service,service,0.500,0.222,0.067,0.922,0,9,no,MANUAL_REVIEW,REVIEW_SHARED_FAQ;DIFFERENTIATE_MAIN_CONTENT
/klaviertransport,/klaviertransport-zirndorf,service,service,0.400,0.222,0.067,0.922,0,9,no,MANUAL_REVIEW,REVIEW_SHARED_FAQ;DIFFERENTIATE_MAIN_CONTENT
/klaviertransport,/klaviertransport-zwiesel,service,service,0.500,0.222,0.067,0.922,0,9,no,MANUAL_REVIEW,REVIEW_SHARED_FAQ;DIFFERENTIATE_MAIN_CONTENT
/kleintransport-regensburg,/malerarbeiten,service,service,0.125,0.100,0.000,0.684,0,6,no,MANUAL_REVIEW,REVIEW_SHARED_FAQ;DIFFERENTIATE_MAIN_CONTENT
/kleintransport-regensburg,/seniorenumzug-wolnzach,service,service,0.111,0.100,0.000,0.671,0,6,no,MANUAL_REVIEW,REVIEW_SHARED_FAQ;DIFFERENTIATE_MAIN_CONTENT
/kleintransport-regensburg,/seniorenumzug-zeitlarn,service,service,0.125,0.100,0.000,0.671,0,6,no,MANUAL_REVIEW,REVIEW_SHARED_FAQ;DIFFERENTIATE_MAIN_CONTENT
/kleintransporte,/malerarbeiten,service,service,0.600,0.333,0.000,0.916,0,9,no,MANUAL_REVIEW,REVIEW_SHARED_FAQ;DIFFERENTIATE_MAIN_CONTENT
/malerarbeiten,/seniorenumzug-zeitlarn,service,service,0.143,0.333,0.000,0.858,0,9,no,MANUAL_REVIEW,REVIEW_SHARED_FAQ;DIFFERENTIATE_MAIN_CONTENT
/regensburg/besenreine-uebergabe,/regensburg/reinigungsfirma,service,service,0.125,0.273,0.000,0.714,0,2,no,MANUAL_REVIEW,REVIEW_SHARED_FAQ;DIFFERENTIATE_MAIN_CONTENT
/regensburg/besenreine-uebergabe,/regensburg/uebergabereinigung,service,service,0.111,0.200,0.000,0.727,0,2,no,MANUAL_REVIEW,REVIEW_SHARED_FAQ;DIFFERENTIATE_MAIN_CONTENT
/regensburg/reinigungsfirma,/regensburg/uebergabereinigung,service,service,0.125,0.143,0.000,0.664,0,2,no,MANUAL_REVIEW,REVIEW_SHARED_FAQ;DIFFERENTIATE_MAIN_CONTENT
/seniorenumzug-zirndorf,/umzug-garmisch-partenkirchen,service,service,0.000,0.000,0.000,0.676,0,5,no,MANUAL_REVIEW,REVIEW_SHARED_FAQ;DIFFERENTIATE_MAIN_CONTENT
/seniorenumzug-zirndorf,/umzug-maxhuette-haidhof,service,service,0.250,0.000,0.000,0.664,0,5,no,MANUAL_REVIEW,REVIEW_SHARED_FAQ;DIFFERENTIATE_MAIN_CONTENT
/seniorenumzug-zirndorf,/umzug-zeitlarn,service,service,0.250,0.200,0.000,0.869,0,9,no,MANUAL_REVIEW,REVIEW_SHARED_FAQ;DIFFERENTIATE_MAIN_CONTENT
/seniorenumzug-zwiesel,/umzug-garmisch-partenkirchen,service,service,0.000,0.000,0.000,0.676,0,5,no,MANUAL_REVIEW,REVIEW_SHARED_FAQ;DIFFERENTIATE_MAIN_CONTENT
/seniorenumzug-zwiesel,/umzug-maxhuette-haidhof,service,service,0.125,0.000,0.000,0.664,0,5,no,MANUAL_REVIEW,REVIEW_SHARED_FAQ;DIFFERENTIATE_MAIN_CONTENT
/seniorenumzug-zwiesel,/umzug-zirndorf,service,service,0.125,0.200,0.000,0.887,0,9,no,MANUAL_REVIEW,REVIEW_SHARED_FAQ;DIFFERENTIATE_MAIN_CONTENT
/umzug-garmisch-partenkirchen,/umzug-kulmbach,service,service,0.000,0.200,0.667,0.694,0,4,no,MANUAL_REVIEW,REVIEW_SHARED_FAQ;DIFFERENTIATE_MAIN_CONTENT
/umzug-garmisch-partenkirchen,/umzug-maxhuette-haidhof,service,service,0.000,0.200,0.636,0.713,0,5,no,MANUAL_REVIEW,REVIEW_SHARED_FAQ;DIFFERENTIATE_MAIN_CONTENT
/umzug-garmisch-partenkirchen,/umzug-zirndorf,service,service,0.000,0.250,0.667,0.742,0,5,no,MANUAL_REVIEW,REVIEW_SHARED_FAQ;DIFFERENTIATE_MAIN_CONTENT
/umzug-garmisch-partenkirchen,/umzug-zwiesel,service,service,0.571,0.250,0.667,0.742,0,5,no,MANUAL_REVIEW,REVIEW_SHARED_FAQ;DIFFERENTIATE_MAIN_CONTENT
/umzug-kulmbach,/umzug-maxhuette-haidhof,service,service,0.667,0.200,0.667,0.682,0,4,no,MANUAL_REVIEW,REVIEW_SHARED_FAQ;DIFFERENTIATE_MAIN_CONTENT
/umzug-kulmbach,/umzug-zirndorf,service,service,0.000,0.250,0.700,0.709,0,4,no,MANUAL_REVIEW,REVIEW_SHARED_FAQ;DIFFERENTIATE_MAIN_CONTENT
/umzug-kulmbach,/umzug-zwiesel,service,service,0.000,0.250,0.700,0.709,0,4,no,MANUAL_REVIEW,REVIEW_SHARED_FAQ;DIFFERENTIATE_MAIN_CONTENT
/umzug-maxhuette-haidhof,/umzug-zwiesel,service,service,0.111,0.250,0.667,0.729,0,5,no,MANUAL_REVIEW,REVIEW_SHARED_FAQ;DIFFERENTIATE_MAIN_CONTENT
/umzug-zwiesel,/wohnungsaufloesung-bayern,service,service,0.111,0.125,0.000,0.654,0,7,no,MANUAL_REVIEW,REVIEW_SHARED_FAQ;DIFFERENTIATE_MAIN_CONTENT
/wohnungsaufloesung-bayern,/wohnungsaufloesung-zeitlarn,service,service,0.286,0.375,0.000,0.832,0,9,no,MANUAL_REVIEW,REVIEW_SHARED_FAQ;DIFFERENTIATE_MAIN_CONTENT
/wohnungsaufloesung-bayern,/wohnungsaufloesung-zirndorf,service,service,0.143,0.375,0.000,0.832,0,9,no,MANUAL_REVIEW,REVIEW_SHARED_FAQ;DIFFERENTIATE_MAIN_CONTENT
/wohnungsaufloesung-bayern,/wohnungsaufloesung-zwiesel,service,service,0.111,0.375,0.000,0.832,0,9,no,MANUAL_REVIEW,REVIEW_SHARED_FAQ;DIFFERENTIATE_MAIN_CONTENT
/,/anbieter-vergleichen,homepage,service,0.111,0.000,0.000,0.018,0,1,no,REVIEW,REVIEW_SHARED_FAQ
/,/angebot-guenstiger-pruefen,homepage,service,0.250,0.000,0.000,0.008,0,1,no,REVIEW,REVIEW_SHARED_FAQ
/,/duesseldorf/gewerbereinigung,homepage,service,0.000,0.083,0.000,0.077,0,1,no,REVIEW,REVIEW_SHARED_FAQ
/,/duesseldorf/treppenhausreinigung,homepage,service,0.000,0.000,0.000,0.051,0,1,no,REVIEW,REVIEW_SHARED_FAQ
/,/fragen,homepage,service,0.000,0.000,0.000,0.094,0,2,no,REVIEW,REVIEW_SHARED_FAQ
/,/regensburg/entruempelung,homepage,service,0.100,0.167,0.000,0.046,0,1,no,REVIEW,REVIEW_SHARED_FAQ
/,/regensburg/wohnungsaufloesung,homepage,service,0.000,0.077,0.000,0.027,0,1,no,REVIEW,REVIEW_SHARED_FAQ
/,/reinigung-moeblierte-wohnung-duesseldorf,homepage,service,0.111,0.167,0.000,0.032,0,1,no,REVIEW,REVIEW_SHARED_FAQ
/,/reinigung-moeblierte-wohnung-regensburg,homepage,service,0.111,0.167,0.000,0.027,0,1,no,REVIEW,REVIEW_SHARED_FAQ
/anbieter-vergleichen,/angebot-guenstiger-pruefen,service,service,0.000,0.000,0.000,0.256,0,1,no,REVIEW,REVIEW_SHARED_FAQ
/anbieter-vergleichen,/fragen,service,service,0.000,0.000,0.000,0.036,0,1,no,REVIEW,REVIEW_SHARED_FAQ
/angebot-guenstiger-pruefen,/fragen,service,service,0.000,0.000,0.000,0.029,0,1,no,REVIEW,REVIEW_SHARED_FAQ
/baureinigung-regensburg,/fensterreinigung-regensburg,service,service,0.111,0.000,0.085,0.167,0,2,no,REVIEW,REVIEW_SHARED_FAQ
/baureinigung-regensburg,/grundreinigung-regensburg,service,service,0.143,0.000,0.060,0.218,0,2,no,REVIEW,REVIEW_SHARED_FAQ
/baureinigung-regensburg,/hotelreinigung-regensburg,service,service,0.125,0.000,0.000,0.164,0,2,no,REVIEW,REVIEW_SHARED_FAQ
/baureinigung-regensburg,/praxisreinigung-regensburg,service,service,0.143,0.000,0.000,0.168,0,2,no,REVIEW,REVIEW_SHARED_FAQ
/baureinigung-regensburg,/regensburg/bueroreinigung,service,service,0.125,0.000,0.022,0.099,0,2,no,REVIEW,REVIEW_SHARED_FAQ
/baureinigung-regensburg,/regensburg/endreinigung,service,service,0.125,0.063,0.019,0.089,0,2,no,REVIEW,REVIEW_SHARED_FAQ
/baureinigung-regensburg,/regensburg/gewerbereinigung,service,service,0.111,0.000,0.000,0.091,0,1,no,REVIEW,REVIEW_SHARED_FAQ
/baureinigung-regensburg,/regensburg/umzug-reinigung,service,service,0.100,0.000,0.000,0.103,0,2,no,REVIEW,REVIEW_SHARED_FAQ
/baureinigung-regensburg,/teppichreinigung-regensburg,service,service,0.143,0.000,0.114,0.169,0,2,no,REVIEW,REVIEW_SHARED_FAQ
/baureinigung-regensburg,/treppenhausreinigung-regensburg,service,service,0.167,0.000,0.000,0.170,0,2,no,REVIEW,REVIEW_SHARED_FAQ
/baureinigung-regensburg,/unterhaltsreinigung-regensburg,service,service,0.000,0.000,0.000,0.199,0,2,no,REVIEW,REVIEW_SHARED_FAQ
/blog/auszug-checkliste-regensburg,/vermieter-schockschutz-reinigung,guide,service,0.125,0.000,0.000,0.135,0,4,no,REVIEW,REVIEW_SHARED_FAQ
/blog/familienbesuch-ohne-putzpanik,/mama-kommt-morgen-service,guide,service,0.000,0.000,0.000,0.125,0,4,no,REVIEW,REVIEW_SHARED_FAQ
/blog/geruchsproblem-dokumentieren-statt-ueberdecken,/geruchslos-protokoll,guide,service,0.000,0.000,0.000,0.148,0,4,no,REVIEW,REVIEW_SHARED_FAQ
/blog/hidden-dirt-check-vermietertermin-regensburg,/hidden-dirt-check,guide,service,0.444,0.000,0.000,0.126,0,4,no,REVIEW,REVIEW_SHARED_FAQ
/blog/kleine-restaufgaben-mental-gross,/reset-reinigung,guide,service,0.100,0.000,0.000,0.131,0,4,no,REVIEW,REVIEW_SHARED_FAQ
/blog/reinigungsergebnis-dokumentieren-regensburg,/sichtbar-sauber-protokoll,guide,service,0.286,0.000,0.000,0.129,0,4,no,REVIEW,REVIEW_SHARED_FAQ
/blog/wohnungsuebergabe-ohne-streit,/vermieter-schockschutz-reinigung,guide,service,0.111,0.000,0.000,0.135,0,4,no,REVIEW,REVIEW_SHARED_FAQ
/duesseldorf/gewerbereinigung,/duesseldorf/treppenhausreinigung,service,service,0.125,0.182,0.000,0.462,0,1,no,REVIEW,REVIEW_SHARED_FAQ
/duesseldorf/gewerbereinigung,/fragen,service,service,0.000,0.000,0.000,0.102,0,1,no,REVIEW,REVIEW_SHARED_FAQ
/duesseldorf/gewerbereinigung,/regensburg/entruempelung,service,service,0.125,0.071,0.000,0.031,0,1,no,REVIEW,REVIEW_SHARED_FAQ
/duesseldorf/gewerbereinigung,/regensburg/wohnungsaufloesung,service,service,0.143,0.071,0.000,0.031,0,1,no,REVIEW,REVIEW_SHARED_FAQ
/duesseldorf/gewerbereinigung,/reinigung-moeblierte-wohnung-duesseldorf,service,service,0.143,0.154,0.000,0.022,0,1,no,REVIEW,REVIEW_SHARED_FAQ
/duesseldorf/gewerbereinigung,/reinigung-moeblierte-wohnung-regensburg,service,service,0.143,0.154,0.000,0.019,0,1,no,REVIEW,REVIEW_SHARED_FAQ
/duesseldorf/treppenhausreinigung,/fragen,service,service,0.000,0.000,0.000,0.081,0,1,no,REVIEW,REVIEW_SHARED_FAQ
/duesseldorf/treppenhausreinigung,/regensburg/entruempelung,service,service,0.111,0.167,0.000,0.031,0,1,no,REVIEW,REVIEW_SHARED_FAQ
/duesseldorf/treppenhausreinigung,/regensburg/wohnungsaufloesung,service,service,0.125,0.077,0.000,0.031,0,1,no,REVIEW,REVIEW_SHARED_FAQ
/duesseldorf/treppenhausreinigung,/reinigung-moeblierte-wohnung-duesseldorf,service,service,0.125,0.273,0.000,0.022,0,1,no,REVIEW,REVIEW_SHARED_FAQ
/duesseldorf/treppenhausreinigung,/reinigung-moeblierte-wohnung-regensburg,service,service,0.125,0.273,0.000,0.020,0,1,no,REVIEW,REVIEW_SHARED_FAQ
/en/duesseldorf/cleaning,/en/questions,service,service,0.000,0.000,0.000,0.115,0,1,no,REVIEW,REVIEW_SHARED_FAQ
/en/duesseldorf/cleaning,/en/regensburg/move-out-cleaning,service,service,0.222,0.308,0.000,0.322,0,1,no,REVIEW,REVIEW_SHARED_FAQ
/en/duesseldorf/cleaning,/en/regensburg/office-cleaning,service,service,0.500,0.267,0.023,0.261,0,1,no,REVIEW,REVIEW_SHARED_FAQ
/en/duesseldorf/cleaning-quote-review,/en/duesseldorf/commercial-cleaning,service,service,0.571,0.133,0.361,0.494,0,5,no,REVIEW,REVIEW_SHARED_FAQ
/en/duesseldorf/cleaning-quote-review,/en/regensburg/apartment-cleaning,service,service,0.200,0.214,0.000,0.335,0,4,no,REVIEW,REVIEW_SHARED_FAQ
/en/duesseldorf/cleaning-quote-review,/en/regensburg/apartment-clearance,service,service,0.222,0.200,0.000,0.377,0,4,no,REVIEW,REVIEW_SHARED_FAQ
/en/duesseldorf/cleaning-quote-review,/en/regensburg/cleaning,service,service,0.333,0.133,0.000,0.323,0,4,no,REVIEW,REVIEW_SHARED_FAQ
/en/duesseldorf/cleaning-quote-review,/en/regensburg/cleaning-after-moving,service,service,0.222,0.125,0.000,0.304,0,4,no,REVIEW,REVIEW_SHARED_FAQ
/en/duesseldorf/cleaning-quote-review,/en/regensburg/cleaning-quote-review,service,service,0.444,0.600,0.023,0.539,0,4,no,REVIEW,REVIEW_SHARED_FAQ
/en/duesseldorf/cleaning-quote-review,/en/regensburg/deep-cleaning,service,service,0.182,0.118,0.000,0.328,0,4,no,REVIEW,REVIEW_SHARED_FAQ
/en/duesseldorf/cleaning-quote-review,/en/regensburg/furniture-transport,service,service,0.100,0.067,0.000,0.378,0,4,no,REVIEW,REVIEW_SHARED_FAQ
/en/duesseldorf/cleaning-quote-review,/en/regensburg/moving-company,service,service,0.091,0.133,0.000,0.380,0,4,no,REVIEW,REVIEW_SHARED_FAQ
/en/duesseldorf/cleaning-quote-review,/en/regensburg/moving-costs,service,service,0.300,0.286,0.000,0.380,0,4,no,REVIEW,REVIEW_SHARED_FAQ
/en/duesseldorf/cleaning-quote-review,/en/regensburg/moving-quote-review,service,service,0.300,0.455,0.000,0.474,0,4,no,REVIEW,REVIEW_SHARED_FAQ
/en/duesseldorf/cleaning-quote-review,/en/regensburg/stairwell-cleaning,service,service,0.222,0.125,0.000,0.334,0,4,no,REVIEW,REVIEW_SHARED_FAQ
/en/duesseldorf/cleaning-quote-review,/en/regensburg/transport-service,service,service,0.091,0.063,0.000,0.373,0,4,no,REVIEW,REVIEW_SHARED_FAQ
/en/duesseldorf/commercial-cleaning,/en/regensburg/apartment-cleaning,service,service,0.222,0.200,0.000,0.516,0,4,no,REVIEW,REVIEW_SHARED_FAQ
/en/duesseldorf/commercial-cleaning,/en/regensburg/apartment-clearance,service,service,0.250,0.188,0.000,0.296,0,4,no,REVIEW,REVIEW_SHARED_FAQ
/en/duesseldorf/commercial-cleaning,/en/regensburg/cleaning,service,service,0.375,0.286,0.000,0.484,0,4,no,REVIEW,REVIEW_SHARED_FAQ
/en/duesseldorf/office-cleaning,/en/questions,service,service,0.000,0.063,0.000,0.079,0,1,no,REVIEW,REVIEW_SHARED_FAQ
/en/duesseldorf/office-cleaning,/en/regensburg/move-out-cleaning,service,service,0.222,0.200,0.000,0.304,0,1,no,REVIEW,REVIEW_SHARED_FAQ
/en/duesseldorf/office-cleaning,/en/regensburg/office-cleaning,service,service,0.500,0.538,0.000,0.555,0,1,no,REVIEW,REVIEW_SHARED_FAQ
/en/duesseldorf/practice-cleaning,/en/regensburg/apartment-cleaning,service,service,0.222,0.188,0.000,0.510,0,4,no,REVIEW,REVIEW_SHARED_FAQ
/en/duesseldorf/practice-cleaning,/en/regensburg/apartment-clearance,service,service,0.250,0.333,0.000,0.295,0,4,no,REVIEW,REVIEW_SHARED_FAQ
/en/duesseldorf/practice-cleaning,/en/regensburg/cleaning,service,service,0.222,0.357,0.000,0.487,0,4,no,REVIEW,REVIEW_SHARED_FAQ
/en/duesseldorf/practice-cleaning,/en/regensburg/cleaning-after-moving,service,service,0.250,0.176,0.000,0.462,0,4,no,REVIEW,REVIEW_SHARED_FAQ
/en/duesseldorf/practice-cleaning,/en/regensburg/cleaning-quote-review,service,service,0.200,0.200,0.000,0.327,0,4,no,REVIEW,REVIEW_SHARED_FAQ
/en/duesseldorf/window-cleaning,/en/regensburg/apartment-cleaning,service,service,0.222,0.188,0.000,0.514,0,4,no,REVIEW,REVIEW_SHARED_FAQ
/en/duesseldorf/window-cleaning,/en/regensburg/apartment-clearance,service,service,0.250,0.250,0.000,0.297,0,4,no,REVIEW,REVIEW_SHARED_FAQ
/en/duesseldorf/window-cleaning,/en/regensburg/cleaning,service,service,0.222,0.267,0.000,0.485,0,4,no,REVIEW,REVIEW_SHARED_FAQ
/en/duesseldorf/window-cleaning,/en/regensburg/cleaning-after-moving,service,service,0.250,0.176,0.000,0.465,0,4,no,REVIEW,REVIEW_SHARED_FAQ
/en/duesseldorf/window-cleaning,/en/regensburg/cleaning-quote-review,service,service,0.200,0.200,0.000,0.329,0,4,no,REVIEW,REVIEW_SHARED_FAQ
/en/questions,/en/regensburg/move-out-cleaning,service,service,0.000,0.000,0.000,0.085,0,2,no,REVIEW,REVIEW_SHARED_FAQ
/en/questions,/en/regensburg/office-cleaning,service,service,0.000,0.000,0.000,0.095,0,2,no,REVIEW,REVIEW_SHARED_FAQ
/en/regensburg/apartment-cleaning,/en/regensburg/apartment-clearance,service,service,0.375,0.188,0.000,0.327,0,5,no,REVIEW,REVIEW_SHARED_FAQ
/en/regensburg/apartment-cleaning,/en/regensburg/cleaning,service,service,0.200,0.286,0.000,0.578,0,5,no,REVIEW,REVIEW_SHARED_FAQ
/en/regensburg/apartment-cleaning,/en/regensburg/cleaning-after-moving,service,service,0.375,0.357,0.000,0.526,0,5,no,REVIEW,REVIEW_SHARED_FAQ
/en/regensburg/apartment-cleaning,/en/regensburg/cleaning-quote-review,service,service,0.182,0.308,0.000,0.381,0,5,no,REVIEW,REVIEW_SHARED_FAQ
/en/regensburg/apartment-clearance,/en/regensburg/cleaning,service,service,0.222,0.267,0.000,0.310,0,5,no,REVIEW,REVIEW_SHARED_FAQ
/en/regensburg/apartment-clearance,/en/regensburg/cleaning-after-moving,service,service,0.250,0.111,0.000,0.389,0,5,no,REVIEW,REVIEW_SHARED_FAQ
/en/regensburg/apartment-clearance,/en/regensburg/cleaning-quote-review,service,service,0.200,0.286,0.000,0.401,0,5,no,REVIEW,REVIEW_SHARED_FAQ
/en/regensburg/cleaning,/en/regensburg/cleaning-after-moving,service,service,0.222,0.267,0.000,0.501,0,5,no,REVIEW,REVIEW_SHARED_FAQ
/en/regensburg/cleaning,/en/regensburg/cleaning-quote-review,service,service,0.300,0.214,0.000,0.368,0,5,no,REVIEW,REVIEW_SHARED_FAQ
/en/regensburg/cleaning-after-moving,/en/regensburg/cleaning-quote-review,service,service,0.200,0.200,0.000,0.327,0,5,no,REVIEW,REVIEW_SHARED_FAQ
/en/regensburg/cleaning-after-moving,/en/regensburg/deep-cleaning,service,service,0.200,0.313,0.000,0.517,0,5,no,REVIEW,REVIEW_SHARED_FAQ
/en/regensburg/cleaning-quote-review,/en/regensburg/deep-cleaning,service,service,0.167,0.188,0.000,0.373,0,5,no,REVIEW,REVIEW_SHARED_FAQ
/en/regensburg/deep-cleaning,/en/regensburg/furniture-transport,service,service,0.091,0.118,0.000,0.315,0,5,no,REVIEW,REVIEW_SHARED_FAQ
/en/regensburg/deep-cleaning,/en/regensburg/moving-company,service,service,0.083,0.111,0.000,0.318,0,5,no,REVIEW,REVIEW_SHARED_FAQ
/en/regensburg/deep-cleaning,/en/regensburg/moving-costs,service,service,0.077,0.105,0.000,0.315,0,5,no,REVIEW,REVIEW_SHARED_FAQ
/en/regensburg/deep-cleaning,/en/regensburg/moving-quote-review,service,service,0.077,0.118,0.000,0.316,0,5,no,REVIEW,REVIEW_SHARED_FAQ
/en/regensburg/deep-cleaning,/en/regensburg/stairwell-cleaning,service,service,0.200,0.167,0.000,0.599,0,5,no,REVIEW,REVIEW_SHARED_FAQ
/en/regensburg/furniture-transport,/en/regensburg/moving-company,service,service,0.100,0.214,0.000,0.594,0,5,no,REVIEW,REVIEW_SHARED_FAQ
/en/regensburg/furniture-transport,/en/regensburg/moving-costs,service,service,0.091,0.125,0.000,0.590,0,5,no,REVIEW,REVIEW_SHARED_FAQ
/en/regensburg/furniture-transport,/en/regensburg/moving-quote-review,service,service,0.091,0.143,0.000,0.474,0,5,no,REVIEW,REVIEW_SHARED_FAQ
/en/regensburg/furniture-transport,/en/regensburg/stairwell-cleaning,service,service,0.111,0.125,0.000,0.321,0,5,no,REVIEW,REVIEW_SHARED_FAQ
/en/regensburg/furniture-transport,/en/regensburg/transport-service,service,service,0.375,0.308,0.000,0.581,0,5,no,REVIEW,REVIEW_SHARED_FAQ
/en/regensburg/move-out-cleaning,/en/regensburg/office-cleaning,service,service,0.182,0.200,0.029,0.381,0,2,no,REVIEW,REVIEW_SHARED_FAQ
/en/regensburg/moving-company,/en/regensburg/moving-costs,service,service,0.300,0.267,0.000,0.603,0,5,no,REVIEW,REVIEW_SHARED_FAQ
/en/regensburg/moving-company,/en/regensburg/moving-quote-review,service,service,0.182,0.308,0.000,0.484,0,5,no,REVIEW,REVIEW_SHARED_FAQ
/en/regensburg/moving-company,/en/regensburg/stairwell-cleaning,service,service,0.100,0.188,0.000,0.322,0,5,no,REVIEW,REVIEW_SHARED_FAQ
/en/regensburg/moving-company,/en/regensburg/transport-service,service,service,0.091,0.200,0.000,0.584,0,5,no,REVIEW,REVIEW_SHARED_FAQ
/en/regensburg/moving-costs,/en/regensburg/moving-quote-review,service,service,0.400,0.385,0.000,0.484,0,5,no,REVIEW,REVIEW_SHARED_FAQ
/en/regensburg/moving-costs,/en/regensburg/stairwell-cleaning,service,service,0.091,0.111,0.000,0.321,0,5,no,REVIEW,REVIEW_SHARED_FAQ
/en/regensburg/moving-costs,/en/regensburg/transport-service,service,service,0.083,0.118,0.000,0.581,0,5,no,REVIEW,REVIEW_SHARED_FAQ
/en/regensburg/moving-quote-review,/en/regensburg/stairwell-cleaning,service,service,0.091,0.125,0.000,0.322,0,5,no,REVIEW,REVIEW_SHARED_FAQ
/en/regensburg/moving-quote-review,/en/regensburg/transport-service,service,service,0.083,0.133,0.000,0.467,0,5,no,REVIEW,REVIEW_SHARED_FAQ
/en/regensburg/stairwell-cleaning,/en/regensburg/transport-service,service,service,0.100,0.267,0.000,0.316,0,5,no,REVIEW,REVIEW_SHARED_FAQ
/fensterreinigung-regensburg,/grundreinigung-regensburg,service,service,0.111,0.000,0.059,0.163,0,2,no,REVIEW,REVIEW_SHARED_FAQ
/fensterreinigung-regensburg,/hotelreinigung-regensburg,service,service,0.100,0.200,0.000,0.187,0,2,no,REVIEW,REVIEW_SHARED_FAQ
/fensterreinigung-regensburg,/praxisreinigung-regensburg,service,service,0.111,0.200,0.000,0.193,0,2,no,REVIEW,REVIEW_SHARED_FAQ
/fensterreinigung-regensburg,/regensburg/besenreine-uebergabe,service,service,0.100,0.000,0.000,0.113,0,2,no,REVIEW,REVIEW_SHARED_FAQ
/fensterreinigung-regensburg,/regensburg/bueroreinigung,service,service,0.100,0.000,0.021,0.108,0,2,no,REVIEW,REVIEW_SHARED_FAQ
/fensterreinigung-regensburg,/regensburg/endreinigung,service,service,0.100,0.000,0.000,0.096,0,2,no,REVIEW,REVIEW_SHARED_FAQ
/fensterreinigung-regensburg,/regensburg/gewerbereinigung,service,service,0.200,0.000,0.000,0.099,0,1,no,REVIEW,REVIEW_SHARED_FAQ
/fragen,/regensburg/entruempelung,service,service,0.000,0.000,0.000,0.077,0,1,no,REVIEW,REVIEW_SHARED_FAQ
/fragen,/regensburg/wohnungsaufloesung,service,service,0.000,0.000,0.000,0.072,0,1,no,REVIEW,REVIEW_SHARED_FAQ
/fragen,/reinigung-moeblierte-wohnung-duesseldorf,service,service,0.000,0.000,0.000,0.082,0,1,no,REVIEW,REVIEW_SHARED_FAQ
/grundreinigung-regensburg,/hotelreinigung-regensburg,service,service,0.286,0.000,0.000,0.166,0,2,no,REVIEW,REVIEW_SHARED_FAQ
/grundreinigung-regensburg,/praxisreinigung-regensburg,service,service,0.143,0.000,0.000,0.173,0,2,no,REVIEW,REVIEW_SHARED_FAQ
/grundreinigung-regensburg,/regensburg/besenreine-uebergabe,service,service,0.286,0.167,0.000,0.104,0,2,no,REVIEW,REVIEW_SHARED_FAQ
/grundreinigung-regensburg,/regensburg/bueroreinigung,service,service,0.125,0.063,0.020,0.101,0,2,no,REVIEW,REVIEW_SHARED_FAQ
/grundreinigung-regensburg,/regensburg/endreinigung,service,service,0.125,0.118,0.000,0.090,0,2,no,REVIEW,REVIEW_SHARED_FAQ
/grundreinigung-regensburg,/regensburg/gewerbereinigung,service,service,0.111,0.071,0.000,0.092,0,1,no,REVIEW,REVIEW_SHARED_FAQ
/hotelreinigung-regensburg,/praxisreinigung-regensburg,service,service,0.125,0.333,0.074,0.222,0,2,no,REVIEW,REVIEW_SHARED_FAQ
/hotelreinigung-regensburg,/regensburg/besenreine-uebergabe,service,service,0.111,0.000,0.000,0.114,0,2,no,REVIEW,REVIEW_SHARED_FAQ
/hotelreinigung-regensburg,/regensburg/bueroreinigung,service,service,0.250,0.000,0.000,0.110,0,2,no,REVIEW,REVIEW_SHARED_FAQ
/hotelreinigung-regensburg,/regensburg/endreinigung,service,service,0.111,0.000,0.000,0.097,0,2,no,REVIEW,REVIEW_SHARED_FAQ
/hotelreinigung-regensburg,/regensburg/gewerbereinigung,service,service,0.222,0.000,0.000,0.101,0,1,no,REVIEW,REVIEW_SHARED_FAQ
/klaviertransport,/reinigung-regensburg,service,service,0.167,0.154,0.045,0.233,0,5,no,REVIEW,REVIEW_SHARED_FAQ
/klaviertransport,/umzug-garmisch-partenkirchen,service,service,0.000,0.000,0.000,0.473,0,4,no,REVIEW,REVIEW_SHARED_FAQ
/klaviertransport-wolfsegg,/reinigung-regensburg,service,service,0.143,0.200,0.000,0.232,0,5,no,REVIEW,REVIEW_SHARED_FAQ
/klaviertransport-wolfsegg,/umzug-kulmbach,service,service,0.000,0.000,0.000,0.470,0,4,no,REVIEW,REVIEW_SHARED_FAQ
/klaviertransport-wolnzach,/reinigung-regensburg,service,service,0.111,0.200,0.000,0.232,0,5,no,REVIEW,REVIEW_SHARED_FAQ
/klaviertransport-wolnzach,/umzug-kulmbach,service,service,0.429,0.000,0.000,0.470,0,4,no,REVIEW,REVIEW_SHARED_FAQ
/klaviertransport-zeitlarn,/reinigung-regensburg,service,service,0.125,0.200,0.000,0.232,0,5,no,REVIEW,REVIEW_SHARED_FAQ
/klaviertransport-zeitlarn,/umzug-kulmbach,service,service,0.000,0.000,0.000,0.470,0,4,no,REVIEW,REVIEW_SHARED_FAQ
/klaviertransport-zirndorf,/reinigung-regensburg,service,service,0.111,0.200,0.000,0.232,0,5,no,REVIEW,REVIEW_SHARED_FAQ
/klaviertransport-zirndorf,/umzug-maxhuette-haidhof,service,service,0.667,0.000,0.000,0.472,0,4,no,REVIEW,REVIEW_SHARED_FAQ
/klaviertransport-zwiesel,/reinigung-regensburg,service,service,0.125,0.200,0.000,0.232,0,5,no,REVIEW,REVIEW_SHARED_FAQ
/klaviertransport-zwiesel,/umzug-maxhuette-haidhof,service,service,0.125,0.000,0.000,0.472,0,4,no,REVIEW,REVIEW_SHARED_FAQ
/praxisreinigung-regensburg,/regensburg/besenreine-uebergabe,service,service,0.125,0.000,0.000,0.119,0,2,no,REVIEW,REVIEW_SHARED_FAQ
/praxisreinigung-regensburg,/regensburg/bueroreinigung,service,service,0.125,0.000,0.000,0.114,0,2,no,REVIEW,REVIEW_SHARED_FAQ
/praxisreinigung-regensburg,/regensburg/endreinigung,service,service,0.125,0.000,0.000,0.100,0,2,no,REVIEW,REVIEW_SHARED_FAQ
/praxisreinigung-regensburg,/regensburg/gewerbereinigung,service,service,0.111,0.000,0.000,0.104,0,1,no,REVIEW,REVIEW_SHARED_FAQ
/regensburg/bueroreinigung,/regensburg/endreinigung,service,service,0.111,0.059,0.000,0.396,0,2,no,REVIEW,REVIEW_SHARED_FAQ
/regensburg/endreinigung,/regensburg/gewerbereinigung,service,service,0.100,0.067,0.000,0.255,0,1,no,REVIEW,REVIEW_SHARED_FAQ
/regensburg/endreinigung,/regensburg/reinigung,service,service,0.167,0.250,0.000,0.261,0,1,no,REVIEW,REVIEW_SHARED_FAQ
/regensburg/entruempelung,/regensburg/wohnungsaufloesung,service,service,0.286,0.143,0.000,0.508,0,1,no,REVIEW,REVIEW_SHARED_FAQ
/regensburg/entruempelung,/reinigung-moeblierte-wohnung-duesseldorf,service,service,0.125,0.231,0.000,0.018,0,1,no,REVIEW,REVIEW_SHARED_FAQ
/regensburg/entruempelung,/reinigung-moeblierte-wohnung-regensburg,service,service,0.125,0.231,0.000,0.017,0,1,no,REVIEW,REVIEW_SHARED_FAQ
/regensburg/gewerbereinigung,/regensburg/reinigung,service,service,0.143,0.100,0.000,0.518,0,1,no,REVIEW,REVIEW_SHARED_FAQ
/regensburg/gewerbereinigung,/regensburg/reinigungsfirma,service,service,0.111,0.071,0.000,0.286,0,1,no,REVIEW,REVIEW_SHARED_FAQ
/regensburg/reinigung,/regensburg/reinigungsfirma,service,service,0.200,0.273,0.000,0.292,0,1,no,REVIEW,REVIEW_SHARED_FAQ
/regensburg/reinigung,/regensburg/uebergabereinigung,service,service,0.167,0.200,0.000,0.293,0,1,no,REVIEW,REVIEW_SHARED_FAQ
/regensburg/reinigung,/regensburg/umzug-reinigung,service,service,0.125,0.222,0.000,0.224,0,1,no,REVIEW,REVIEW_SHARED_FAQ
/regensburg/reinigung,/reinigung-moeblierte-wohnung-regensburg,service,service,0.200,0.300,0.038,0.108,0,1,no,REVIEW,REVIEW_SHARED_FAQ
/regensburg/reinigungsfirma,/regensburg/umzug-reinigung,service,service,0.100,0.154,0.000,0.571,0,2,no,REVIEW,REVIEW_SHARED_FAQ
/regensburg/reinigungsfirma,/reinigung-moeblierte-wohnung-regensburg,service,service,0.143,0.308,0.000,0.108,0,2,no,REVIEW,REVIEW_SHARED_FAQ
/regensburg/reinigungsfirma,/teppichreinigung-regensburg,service,service,0.143,0.067,0.000,0.109,0,2,no,REVIEW,REVIEW_SHARED_FAQ
/regensburg/uebergabereinigung,/regensburg/umzug-reinigung,service,service,0.200,0.182,0.000,0.578,0,2,no,REVIEW,REVIEW_SHARED_FAQ
/regensburg/uebergabereinigung,/reinigung-moeblierte-wohnung-regensburg,service,service,0.125,0.154,0.000,0.109,0,2,no,REVIEW,REVIEW_SHARED_FAQ
/regensburg/uebergabereinigung,/teppichreinigung-regensburg,service,service,0.125,0.000,0.000,0.110,0,2,no,REVIEW,REVIEW_SHARED_FAQ
/regensburg/uebergabereinigung,/treppenhausreinigung-regensburg,service,service,0.143,0.000,0.000,0.115,0,2,no,REVIEW,REVIEW_SHARED_FAQ
/regensburg/umzug-reinigung,/reinigung-moeblierte-wohnung-regensburg,service,service,0.222,0.273,0.000,0.112,0,2,no,REVIEW,REVIEW_SHARED_FAQ
/regensburg/umzug-reinigung,/teppichreinigung-regensburg,service,service,0.100,0.000,0.000,0.113,0,2,no,REVIEW,REVIEW_SHARED_FAQ
/regensburg/umzug-reinigung,/treppenhausreinigung-regensburg,service,service,0.111,0.000,0.000,0.119,0,2,no,REVIEW,REVIEW_SHARED_FAQ
/regensburg/umzug-reinigung,/unterhaltsreinigung-regensburg,service,service,0.000,0.167,0.000,0.109,0,2,no,REVIEW,REVIEW_SHARED_FAQ
/regensburg/wohnungsaufloesung,/reinigung-moeblierte-wohnung-duesseldorf,service,service,0.143,0.143,0.000,0.018,0,1,no,REVIEW,REVIEW_SHARED_FAQ
/teppichreinigung-regensburg,/treppenhausreinigung-regensburg,service,service,0.167,0.000,0.000,0.194,0,2,no,REVIEW,REVIEW_SHARED_FAQ
/teppichreinigung-regensburg,/unterhaltsreinigung-regensburg,service,service,0.000,0.071,0.000,0.156,0,2,no,REVIEW,REVIEW_SHARED_FAQ
/treppenhausreinigung-regensburg,/unterhaltsreinigung-regensburg,service,service,0.000,0.000,0.083,0.170,0,2,no,REVIEW,REVIEW_SHARED_FAQ
