"file","line","issue","severity","detail"
"app/error.tsx","53","TOUCH_TARGET_REVIEW","warning"," <Link href=""/"" className=""mt-8 inline-flex w-fit items-center gap-2 text-sm font-bold text-primary"">"
"app/error.tsx","53","FOCUS_STYLE_REVIEW","warning"," <Link href=""/"" className=""mt-8 inline-flex w-fit items-center gap-2 text-sm font-bold text-primary"">"
"app/globals.css","3453","REDUCED_MOTION_REVIEW","warning"," transition-duration: 0.01ms !important;"
"app/not-found.tsx","34","REDUCED_MOTION_REVIEW","warning"," className=""inline-flex min-h-14 items-center gap-3 rounded-lg border border-border bg-card px-4 py-3 text-sm font-bold text-card-foreground transition hover:border-primary/50 hover:text-primary"""
"app/page.tsx","199","REDUCED_MOTION_REVIEW","warning"," ""inline-flex min-h-12 items-center justify-center gap-2 rounded-lg bg-cyan-300 px-6 text-sm font-black text-slate-950 transition hover:bg-cyan-200 focus:outline-none focus-visible:ring-2 focus-visible:ring-cyan-200 focu"
"app/page.tsx","201","REDUCED_MOTION_REVIEW","warning"," ""inline-flex min-h-12 items-center justify-center gap-2 rounded-lg border border-white/30 bg-white/10 px-6 text-sm font-black text-white transition hover:bg-white/20 focus:outline-none focus-visible:ring-2 focus-visible"
"app/page.tsx","248","TOUCH_TARGET_REVIEW","warning"," <Link href={offerHref} data-home-offer-cta data-event=""service_card_click"" data-source=""homepage_hero"" className={secondaryButton}>"
"app/page.tsx","248","FOCUS_STYLE_REVIEW","warning"," <Link href={offerHref} data-home-offer-cta data-event=""service_card_click"" data-source=""homepage_hero"" className={secondaryButton}>"
"app/page.tsx","285","REDUCED_MOTION_REVIEW","warning"," className=""group flex min-h-64 flex-col rounded-xl border border-slate-200 bg-slate-50 p-6 transition hover:border-blue-200 hover:bg-white focus:outline-none focus-visible:ring-2 focus-visible:ring-blue-600"""
"app/page.tsx","290","REDUCED_MOTION_REVIEW","warning"," <span className=""mt-5 inline-flex items-center gap-2 text-sm font-black text-blue-800"">{service.cta}<ArrowRight className=""h-4 w-4 transition group-hover:translate-x-1"" aria-hidden=""true"" /></span>"
"app/page.tsx","306","TOUCH_TARGET_REVIEW","warning"," <Link key={location.href} href={location.href} data-home-card data-home-location={location.title} className=""group rounded-xl border border-white/15 bg-white/10 p-6 transition hover:bg-white/15 focus:outline-none focus-"
"app/page.tsx","306","REDUCED_MOTION_REVIEW","warning"," <Link key={location.href} href={location.href} data-home-card data-home-location={location.title} className=""group rounded-xl border border-white/15 bg-white/10 p-6 transition hover:bg-white/15 focus:outline-none focus-"
"app/page.tsx","310","REDUCED_MOTION_REVIEW","warning"," <span className=""mt-6 inline-flex items-center gap-2 text-sm font-black text-cyan-200"">{location.cta}<ArrowRight className=""h-4 w-4 transition group-hover:translate-x-1"" aria-hidden=""true"" /></span>"
"app/page.tsx","341","TOUCH_TARGET_REVIEW","warning"," <Link key={solution.href} href={solution.href} data-home-card data-home-special={solution.title} className=""group flex min-h-56 flex-col rounded-xl border border-slate-200 bg-white p-6 transition hover:border-blue-200 f"
"app/page.tsx","341","REDUCED_MOTION_REVIEW","warning"," <Link key={solution.href} href={solution.href} data-home-card data-home-special={solution.title} className=""group flex min-h-56 flex-col rounded-xl border border-slate-200 bg-white p-6 transition hover:border-blue-200 f"
"app/page.tsx","345","REDUCED_MOTION_REVIEW","warning"," <span className=""mt-5 inline-flex items-center gap-2 text-sm font-black text-blue-800"">Mehr erfahren<ArrowRight className=""h-4 w-4 transition group-hover:translate-x-1"" aria-hidden=""true"" /></span>"
"app/[serviceSlug]/page.tsx","810","REDUCED_MOTION_REVIEW","warning"," className=""inline-flex min-h-12 items-center justify-center gap-2 rounded-lg bg-slate-950 px-6 text-sm font-black text-white shadow-sm transition hover:bg-primary"""
"app/[serviceSlug]/page.tsx","825","REDUCED_MOTION_REVIEW","warning"," className=""group rounded-[1.45rem] border border-slate-200 bg-white px-5 py-5 shadow-sm shadow-slate-950/5 transition-all hover:-translate-y-0.5 hover:border-primary/25 hover:shadow-lg hover:shadow-slate-950/10"""
"app/[serviceSlug]/page.tsx","830","REDUCED_MOTION_REVIEW","warning"," <h2 className=""mt-3 text-lg font-semibold text-slate-950 transition-colors group-hover:text-primary"">"
"app/[serviceSlug]/page.tsx","960","REDUCED_MOTION_REVIEW","warning"," <span className=""text-xl leading-none text-primary transition-transform group-open:rotate-45"">"
"app/[serviceSlug]/page.tsx","1013","REDUCED_MOTION_REVIEW","warning"," className=""group rounded-[1.4rem] border border-slate-200 bg-white px-5 py-5 transition-all hover:-translate-y-0.5 hover:border-primary/25 hover:shadow-lg hover:shadow-slate-950/10"""
"app/[serviceSlug]/page.tsx","1018","REDUCED_MOTION_REVIEW","warning"," <h3 className=""mt-3 flex items-center gap-2 text-lg font-semibold text-slate-950 transition-colors group-hover:text-primary"">"
"app/[serviceSlug]/page.tsx","1020","REDUCED_MOTION_REVIEW","warning"," <ChevronRight className=""h-4 w-4 opacity-0 transition-opacity group-hover:opacity-100"" />"
"app/[serviceSlug]/page.tsx","1050","REDUCED_MOTION_REVIEW","warning"," className=""group rounded-xl border border-border/50 p-5 transition-all hover:border-primary/30"""
"app/[serviceSlug]/page.tsx","1052","REDUCED_MOTION_REVIEW","warning"," <h3 className=""flex items-center gap-2 font-semibold transition-colors group-hover:text-primary"">"
"app/[serviceSlug]/page.tsx","1054","REDUCED_MOTION_REVIEW","warning"," <ChevronRight className=""h-4 w-4 opacity-0 transition-opacity group-hover:opacity-100"" />"
"app/[serviceSlug]/page.tsx","1096","REDUCED_MOTION_REVIEW","warning"," className=""rounded-full border border-border/50 px-4 py-2 text-sm text-muted-foreground transition-all hover:border-primary/30 hover:text-primary"""
"app/[serviceSlug]/page.tsx","1118","REDUCED_MOTION_REVIEW","warning"," className=""whitespace-nowrap rounded-xl bg-[#25D366] px-8 py-4 font-bold text-white shadow-lg shadow-green-900/20 transition-all hover:bg-[#128C7E]"""
"app/[serviceSlug]/page.tsx","1148","REDUCED_MOTION_REVIEW","warning"," <div className=""absolute -inset-1 rounded-[2.5rem] bg-gradient-to-r from-violet-500/10 to-indigo-500/10 blur-xl opacity-0 transition duration-1000 group-hover:opacity-100 group-hover:duration-200"" />"
"app/[serviceSlug]/page.tsx","1160","REDUCED_MOTION_REVIEW","warning"," className=""inline-flex items-center gap-2 rounded-full border border-border/50 px-5 py-3 text-sm font-medium text-foreground transition-colors hover:border-primary/30 hover:text-primary"""
"app/wohnungsaufloesung-regensburg/page.tsx","261","TOUCH_TARGET_REVIEW","warning"," <Link href=""/"" className=""hover:text-slate-950"">FLOXANT</Link>"
"app/wohnungsaufloesung-regensburg/page.tsx","261","FOCUS_STYLE_REVIEW","warning"," <Link href=""/"" className=""hover:text-slate-950"">FLOXANT</Link>"
"app/wohnungsaufloesung-regensburg/page.tsx","263","TOUCH_TARGET_REVIEW","warning"," <Link href=""/entruempelung"" className=""hover:text-slate-950"">Entrümpelung</Link>"
"app/wohnungsaufloesung-regensburg/page.tsx","263","FOCUS_STYLE_REVIEW","warning"," <Link href=""/entruempelung"" className=""hover:text-slate-950"">Entrümpelung</Link>"
"app/wohnungsaufloesung-regensburg/page.tsx","265","TOUCH_TARGET_REVIEW","warning"," <Link href=""/wohnungsaufloesung-bayern"" className=""hover:text-slate-950"">Wohnungsauflösung</Link>"
"app/wohnungsaufloesung-regensburg/page.tsx","265","FOCUS_STYLE_REVIEW","warning"," <Link href=""/wohnungsaufloesung-bayern"" className=""hover:text-slate-950"">Wohnungsauflösung</Link>"
"app/wohnungsaufloesung-regensburg/page.tsx","294","REDUCED_MOTION_REVIEW","warning"," className=""inline-flex min-h-12 w-full items-center justify-center gap-2 rounded-lg bg-slate-950 px-6 text-sm font-black text-white shadow-[0_16px_40px_rgba(15,23,42,0.22)] transition hover:bg-teal-800 sm:w-auto"""
"app/wohnungsaufloesung-regensburg/page.tsx","311","REDUCED_MOTION_REVIEW","warning"," className=""inline-flex min-h-12 w-full items-center justify-center gap-2 rounded-lg bg-emerald-500 px-6 text-sm font-black text-white shadow-[0_16px_40px_rgba(16,185,129,0.2)] transition hover:bg-emerald-600 sm:w-auto"""
"app/wohnungsaufloesung-regensburg/page.tsx","318","REDUCED_MOTION_REVIEW","warning"," className=""inline-flex min-h-12 w-full items-center justify-center gap-2 rounded-lg border border-slate-300 bg-white px-6 text-sm font-black text-slate-900 transition hover:border-teal-300 hover:text-teal-800 sm:w-auto"""
"app/wohnungsaufloesung-regensburg/page.tsx","484","REDUCED_MOTION_REVIEW","warning"," className=""inline-flex min-h-12 items-center justify-center gap-2 rounded-lg bg-slate-950 px-6 text-sm font-black text-white transition hover:bg-teal-800"""
"app/wohnungsaufloesung-regensburg/page.tsx","496","REDUCED_MOTION_REVIEW","warning"," className=""rounded-lg border border-slate-200 bg-slate-50 p-4 text-sm font-black text-slate-800 transition hover:border-teal-300 hover:bg-teal-50"""
"app/wohnungsaufloesung-regensburg/page.tsx","519","REDUCED_MOTION_REVIEW","warning"," className=""inline-flex min-h-12 items-center justify-center gap-2 rounded-lg bg-white px-6 text-sm font-black text-slate-950 transition hover:bg-teal-50"""
"app/wohnungsaufloesung-regensburg/page.tsx","528","REDUCED_MOTION_REVIEW","warning"," className=""inline-flex min-h-12 items-center justify-center gap-2 rounded-lg border border-white/15 bg-white/10 px-6 text-sm font-black text-white transition hover:bg-white/15"""
"app/wohnung-wieder-vermietbar/page.tsx","245","FOCUS_STYLE_REVIEW","warning"," <Link href=""#wohnung-ready-form"" className=""inline-flex min-h-12 items-center justify-center gap-2 rounded-xl bg-slate-950 px-6 text-sm font-black text-white transition hover:bg-orange-700"" data-event=""service_card_clic"
"app/wohnung-wieder-vermietbar/page.tsx","245","REDUCED_MOTION_REVIEW","warning"," <Link href=""#wohnung-ready-form"" className=""inline-flex min-h-12 items-center justify-center gap-2 rounded-xl bg-slate-950 px-6 text-sm font-black text-white transition hover:bg-orange-700"" data-event=""service_card_clic"
"app/wohnung-wieder-vermietbar/page.tsx","249","FOCUS_STYLE_REVIEW","warning"," <a href={whatsappHref} className=""inline-flex min-h-12 items-center justify-center gap-2 rounded-xl border border-emerald-200 bg-emerald-50 px-6 text-sm font-black text-emerald-800 transition hover:bg-emerald-100"" data-"
"app/wohnung-wieder-vermietbar/page.tsx","249","REDUCED_MOTION_REVIEW","warning"," <a href={whatsappHref} className=""inline-flex min-h-12 items-center justify-center gap-2 rounded-xl border border-emerald-200 bg-emerald-50 px-6 text-sm font-black text-emerald-800 transition hover:bg-emerald-100"" data-"
"app/wohnung-wieder-vermietbar/page.tsx","331","FOCUS_STYLE_REVIEW","warning"," <Link href=""/mieterwechsel-service-regensburg"" className=""inline-flex min-h-11 items-center gap-2 rounded-xl bg-white px-4 text-sm font-black text-slate-950"" data-event=""service_card_click"">"
"app/wohnung-wieder-vermietbar/page.tsx","335","FOCUS_STYLE_REVIEW","warning"," <Link href=""/makler-vermieter-link"" className=""inline-flex min-h-11 items-center gap-2 rounded-xl border border-blue-200/40 bg-blue-950/20 px-4 text-sm font-black text-blue-50"" data-event=""service_card_click"">"
"app/wohnung-wieder-vermietbar/page.tsx","339","FOCUS_STYLE_REVIEW","warning"," <Link href=""/immobilie-verkaufsbereit-machen"" className=""inline-flex min-h-11 items-center gap-2 rounded-xl border border-amber-200/40 bg-amber-950/20 px-4 text-sm font-black text-amber-50"" data-event=""service_card_clic"
"app/wohnung-wieder-vermietbar/page.tsx","343","FOCUS_STYLE_REVIEW","warning"," <Link href=""/nachlass-raeumung-regensburg"" className=""inline-flex min-h-11 items-center gap-2 rounded-xl border border-stone-200/40 bg-stone-950/20 px-4 text-sm font-black text-stone-50"" data-event=""service_card_click"">"
"app/wohnung-wieder-vermietbar/page.tsx","347","FOCUS_STYLE_REVIEW","warning"," <Link href=""/uebergabeakte"" className=""inline-flex min-h-11 items-center gap-2 rounded-xl border border-white/15 px-4 text-sm font-black text-white"" data-event=""service_card_click"">"
"app/wohnung-wieder-vermietbar/page.tsx","351","FOCUS_STYLE_REVIEW","warning"," <Link href=""/keller-muellraum-rettung-regensburg"" className=""inline-flex min-h-11 items-center gap-2 rounded-xl border border-amber-200/30 bg-amber-950/20 px-4 text-sm font-black text-amber-50"" data-event=""service_card_"
"app/wohnung-wieder-vermietbar/page.tsx","355","FOCUS_STYLE_REVIEW","warning"," <Link href=""/schadensbegrenzung"" className=""inline-flex min-h-11 items-center gap-2 rounded-xl border border-red-200/30 bg-red-950/20 px-4 text-sm font-black text-red-50"" data-event=""service_card_click"">"
"app/wohnung-wieder-vermietbar/page.tsx","386","TOUCH_TARGET_REVIEW","warning"," <Link href=""#wohnung-ready-form"" className=""mt-5 inline-flex items-center gap-2 text-sm font-black text-orange-700 transition hover:text-orange-950"" data-event=""service_card_click"">"
"app/wohnung-wieder-vermietbar/page.tsx","386","FOCUS_STYLE_REVIEW","warning"," <Link href=""#wohnung-ready-form"" className=""mt-5 inline-flex items-center gap-2 text-sm font-black text-orange-700 transition hover:text-orange-950"" data-event=""service_card_click"">"
"app/wohnung-wieder-vermietbar/page.tsx","386","REDUCED_MOTION_REVIEW","warning"," <Link href=""#wohnung-ready-form"" className=""mt-5 inline-flex items-center gap-2 text-sm font-black text-orange-700 transition hover:text-orange-950"" data-event=""service_card_click"">"
"app/wohnung-wieder-vermietbar/page.tsx","429","TOUCH_TARGET_REVIEW","warning"," <Link href=""/mieterwechsel-service-regensburg"" className=""mt-5 inline-flex items-center gap-2 text-sm font-black text-orange-700 transition hover:text-orange-950"">"
"app/wohnung-wieder-vermietbar/page.tsx","429","FOCUS_STYLE_REVIEW","warning"," <Link href=""/mieterwechsel-service-regensburg"" className=""mt-5 inline-flex items-center gap-2 text-sm font-black text-orange-700 transition hover:text-orange-950"">"
"app/wohnung-wieder-vermietbar/page.tsx","429","REDUCED_MOTION_REVIEW","warning"," <Link href=""/mieterwechsel-service-regensburg"" className=""mt-5 inline-flex items-center gap-2 text-sm font-black text-orange-700 transition hover:text-orange-950"">"
"app/wohnung-wieder-vermietbar/page.tsx","461","FOCUS_STYLE_REVIEW","warning"," <Link href=""#wohnung-ready-form"" className=""inline-flex min-h-12 items-center justify-center gap-2 rounded-xl bg-slate-950 px-6 text-sm font-black text-white transition hover:bg-orange-700"" data-event=""service_card_clic"
"app/wohnung-wieder-vermietbar/page.tsx","461","REDUCED_MOTION_REVIEW","warning"," <Link href=""#wohnung-ready-form"" className=""inline-flex min-h-12 items-center justify-center gap-2 rounded-xl bg-slate-950 px-6 text-sm font-black text-white transition hover:bg-orange-700"" data-event=""service_card_clic"
"app/wohnung-wieder-vermietbar/page.tsx","465","FOCUS_STYLE_REVIEW","warning"," <Link href=""/regensburg/reinigung"" className=""inline-flex min-h-12 items-center justify-center gap-2 rounded-xl border border-slate-200 bg-white px-6 text-sm font-black text-slate-800 transition hover:border-orange-200 "
"app/wohnung-wieder-vermietbar/page.tsx","465","REDUCED_MOTION_REVIEW","warning"," <Link href=""/regensburg/reinigung"" className=""inline-flex min-h-12 items-center justify-center gap-2 rounded-xl border border-slate-200 bg-white px-6 text-sm font-black text-slate-800 transition hover:border-orange-200 "
"app/wohnung-wieder-vermietbar/page.tsx","475","TOUCH_TARGET_REVIEW","warning"," <Link href=""#wohnung-ready-form"" className=""flox-mobile-action flox-mobile-action-primary"" data-event=""service_card_click"">"
"app/wohnung-wieder-vermietbar/page.tsx","475","FOCUS_STYLE_REVIEW","warning"," <Link href=""#wohnung-ready-form"" className=""flox-mobile-action flox-mobile-action-primary"" data-event=""service_card_click"">"
"app/wohnung-wieder-vermietbar/page.tsx","478","TOUCH_TARGET_REVIEW","warning"," <a href={whatsappHref} className=""flox-mobile-action flox-mobile-action-whatsapp"" data-event=""whatsapp_click"">"
"app/wohnung-wieder-vermietbar/page.tsx","478","FOCUS_STYLE_REVIEW","warning"," <a href={whatsappHref} className=""flox-mobile-action flox-mobile-action-whatsapp"" data-event=""whatsapp_click"">"
"app/wohnung-wieder-vermietbar/page.tsx","481","TOUCH_TARGET_REVIEW","warning"," <a href=""tel:+4915771105087"" className=""flox-mobile-action flox-mobile-action-light"" data-event=""phone_click"">"
"app/wohnung-wieder-vermietbar/page.tsx","481","FOCUS_STYLE_REVIEW","warning"," <a href=""tel:+4915771105087"" className=""flox-mobile-action flox-mobile-action-light"" data-event=""phone_click"">"
"app/wissen/page.tsx","34","REDUCED_MOTION_REVIEW","warning"," className=""group p-8 rounded-3xl bg-white/5 border border-white/10 hover:border-blue-500/30 transition-all"""
"app/wissen/page.tsx","36","REDUCED_MOTION_REVIEW","warning"," <h3 className=""text-xl font-medium mb-2 group-hover:text-blue-400 transition-colors"">{item.title}</h3>"
"app/wissen/page.tsx","39","REDUCED_MOTION_REVIEW","warning"," Weiterlesen <ArrowRight size={16} className=""group-hover:translate-x-1 transition-transform"" />"
"app/wissen/[slug]/page.tsx","95","REDUCED_MOTION_REVIEW","warning"," className=""group flex flex-col gap-1 text-white transition-colors hover:text-blue-400"""
"app/wissen/[slug]/page.tsx","104","REDUCED_MOTION_REVIEW","warning"," className=""transition-transform group-hover:translate-x-1"""
"app/vielleicht-box/page.tsx","66","FOCUS_STYLE_REVIEW","warning"," <Link href=""/rechner"" className=""btn-premium inline-flex h-12 items-center gap-2 rounded-xl bg-gradient-to-b from-blue-500 to-blue-600 px-8 text-sm font-semibold uppercase tracking-wider text-white shadow-lg shadow-blue"
"app/vielleicht-box/page.tsx","66","REDUCED_MOTION_REVIEW","warning"," <Link href=""/rechner"" className=""btn-premium inline-flex h-12 items-center gap-2 rounded-xl bg-gradient-to-b from-blue-500 to-blue-600 px-8 text-sm font-semibold uppercase tracking-wider text-white shadow-lg shadow-blue"
"app/vielleicht-box/page.tsx","69","FOCUS_STYLE_REVIEW","warning"," <a href={whatsappUrl} target=""_blank"" rel=""noopener noreferrer"" className=""inline-flex h-12 items-center gap-2 rounded-xl border border-slate-200 bg-white px-6 text-sm font-medium text-slate-700 transition-all hover:bg-"
"app/vielleicht-box/page.tsx","69","REDUCED_MOTION_REVIEW","warning"," <a href={whatsappUrl} target=""_blank"" rel=""noopener noreferrer"" className=""inline-flex h-12 items-center gap-2 rounded-xl border border-slate-200 bg-white px-6 text-sm font-medium text-slate-700 transition-all hover:bg-"
"app/vielleicht-box/page.tsx","113","REDUCED_MOTION_REVIEW","warning"," className=""card-premium group rounded-xl p-5 transition-all"""
"app/vielleicht-box/page.tsx","115","REDUCED_MOTION_REVIEW","warning"," <h3 className=""font-semibold text-slate-950 group-hover:text-blue-700 transition-colors flex items-center gap-2"">"
"app/vielleicht-box/page.tsx","117","REDUCED_MOTION_REVIEW","warning"," <ChevronRight className=""w-4 h-4 opacity-0 group-hover:opacity-100 transition-opacity"" />"
"app/unterhaltsreinigung-regensburg/page.tsx","286","TOUCH_TARGET_REVIEW","warning"," <a key={href} href={href} className=""flox-chip hover:border-blue-200 hover:bg-blue-50"">"
"app/unterhaltsreinigung-regensburg/page.tsx","286","FOCUS_STYLE_REVIEW","warning"," <a key={href} href={href} className=""flox-chip hover:border-blue-200 hover:bg-blue-50"">"
"app/unterhaltsreinigung-regensburg/page.tsx","308","TOUCH_TARGET_REVIEW","warning"," <a href={whatsappUrl} target=""_blank"" rel=""noopener noreferrer"" className=""flox-button-secondary px-6"">"
"app/unterhaltsreinigung-regensburg/page.tsx","308","FOCUS_STYLE_REVIEW","warning"," <a href={whatsappUrl} target=""_blank"" rel=""noopener noreferrer"" className=""flox-button-secondary px-6"">"
"app/unterhaltsreinigung-regensburg/page.tsx","561","TOUCH_TARGET_REVIEW","warning"," <Link key={item.href} href={item.href} prefetch={false} className=""flox-chip hover:border-blue-200 hover:bg-white"">"
"app/unterhaltsreinigung-regensburg/page.tsx","561","FOCUS_STYLE_REVIEW","warning"," <Link key={item.href} href={item.href} prefetch={false} className=""flox-chip hover:border-blue-200 hover:bg-white"">"
"app/umzugsunternehmen-regensburg/page.tsx","149","TOUCH_TARGET_REVIEW","warning"," <Link href=""/rechner?service=umzug#rechner-wizard"" className=""flox-button-primary px-6"">"
"app/umzugsunternehmen-regensburg/page.tsx","149","FOCUS_STYLE_REVIEW","warning"," <Link href=""/rechner?service=umzug#rechner-wizard"" className=""flox-button-primary px-6"">"
"app/umzugsunternehmen-regensburg/page.tsx","153","TOUCH_TARGET_REVIEW","warning"," <Link href=""/buchung?service=umzug#buchungssystem"" className=""flox-button-secondary px-6"">"
"app/umzugsunternehmen-regensburg/page.tsx","153","FOCUS_STYLE_REVIEW","warning"," <Link href=""/buchung?service=umzug#buchungssystem"" className=""flox-button-secondary px-6"">"
"app/umzugsunternehmen-regensburg/page.tsx","237","REDUCED_MOTION_REVIEW","warning"," className=""rounded-[0.85rem] border border-slate-200 bg-slate-50 px-4 py-2 text-sm font-bold text-slate-800 transition hover:border-blue-200 hover:bg-white"""
"app/umzugskosten-bayern/page.tsx","139","TOUCH_TARGET_REVIEW","warning"," <Link href={`/umzug-bayern`} className=""px-4 py-2 rounded-full border border-border/50 text-sm text-muted-foreground hover:text-primary hover:border-primary/30 transition-all"">Umzug Bayern</Link>"
"app/umzugskosten-bayern/page.tsx","139","FOCUS_STYLE_REVIEW","warning"," <Link href={`/umzug-bayern`} className=""px-4 py-2 rounded-full border border-border/50 text-sm text-muted-foreground hover:text-primary hover:border-primary/30 transition-all"">Umzug Bayern</Link>"
"app/umzugskosten-bayern/page.tsx","139","REDUCED_MOTION_REVIEW","warning"," <Link href={`/umzug-bayern`} className=""px-4 py-2 rounded-full border border-border/50 text-sm text-muted-foreground hover:text-primary hover:border-primary/30 transition-all"">Umzug Bayern</Link>"
"app/umzugskosten-bayern/page.tsx","140","TOUCH_TARGET_REVIEW","warning"," <Link href={`/entruempelung-kosten-regensburg`} className=""px-4 py-2 rounded-full border border-border/50 text-sm text-muted-foreground hover:text-primary hover:border-primary/30 transition-all"">Entrümpelung Kosten Rege"
"app/umzugskosten-bayern/page.tsx","140","FOCUS_STYLE_REVIEW","warning"," <Link href={`/entruempelung-kosten-regensburg`} className=""px-4 py-2 rounded-full border border-border/50 text-sm text-muted-foreground hover:text-primary hover:border-primary/30 transition-all"">Entrümpelung Kosten Rege"
"app/umzugskosten-bayern/page.tsx","140","REDUCED_MOTION_REVIEW","warning"," <Link href={`/entruempelung-kosten-regensburg`} className=""px-4 py-2 rounded-full border border-border/50 text-sm text-muted-foreground hover:text-primary hover:border-primary/30 transition-all"">Entrümpelung Kosten Rege"
"app/umzugskosten-bayern/page.tsx","141","TOUCH_TARGET_REVIEW","warning"," <Link href={`/regensburg/umzug`} className=""px-4 py-2 rounded-full border border-border/50 text-sm text-muted-foreground hover:text-primary hover:border-primary/30 transition-all"">Umzug Regensburg</Link>"
"app/umzugskosten-bayern/page.tsx","141","FOCUS_STYLE_REVIEW","warning"," <Link href={`/regensburg/umzug`} className=""px-4 py-2 rounded-full border border-border/50 text-sm text-muted-foreground hover:text-primary hover:border-primary/30 transition-all"">Umzug Regensburg</Link>"
"app/umzugskosten-bayern/page.tsx","141","REDUCED_MOTION_REVIEW","warning"," <Link href={`/regensburg/umzug`} className=""px-4 py-2 rounded-full border border-border/50 text-sm text-muted-foreground hover:text-primary hover:border-primary/30 transition-all"">Umzug Regensburg</Link>"
"app/umzug-regensburg/anfrage/page.tsx","226","FOCUS_STYLE_REVIEW","warning"," <Link href=""/regensburg/umzug"" className=""inline-flex min-h-12 shrink-0 items-center gap-2 rounded-xl bg-slate-950 px-5 text-sm font-black text-white"">"
"app/umzug-muenchen/page.tsx","187","REDUCED_MOTION_REVIEW","warning"," className=""group flex min-h-[16rem] min-w-0 flex-col rounded-[1rem] border border-slate-200 bg-white p-6 shadow-sm shadow-slate-950/5 transition hover:-translate-y-0.5 hover:border-blue-200 hover:shadow-lg hover:shadow-"
"app/umzug-muenchen/page.tsx","203","REDUCED_MOTION_REVIEW","warning"," <ArrowRight className=""h-4 w-4 transition group-hover:translate-x-0.5"" />"
"app/umzug-mit-reinigung/page.tsx","105","REDUCED_MOTION_REVIEW","warning"," className=""inline-flex items-center justify-center gap-2 rounded-2xl bg-emerald-400 px-6 py-4 text-sm font-black uppercase tracking-[0.14em] text-slate-950 transition hover:-translate-y-0.5 hover:bg-emerald-300"""
"app/umzug-mit-reinigung/page.tsx","114","REDUCED_MOTION_REVIEW","warning"," className=""inline-flex items-center justify-center rounded-2xl border border-white/12 bg-white/6 px-6 py-4 text-sm font-black uppercase tracking-[0.14em] text-white transition hover:-translate-y-0.5 hover:bg-white/10"""
"app/umzug-mit-reinigung/page.tsx","223","REDUCED_MOTION_REVIEW","warning"," className=""rounded-2xl border border-white/10 bg-[#0B0B14] px-6 py-4 font-medium text-slate-300 transition-all hover:border-emerald-500/40 hover:text-white"""
"app/uebergabeakte/page.tsx","276","REDUCED_MOTION_REVIEW","warning"," className=""inline-flex min-h-12 items-center justify-center gap-2 rounded-xl bg-slate-950 px-6 text-sm font-black text-white transition hover:bg-amber-700"""
"app/uebergabeakte/page.tsx","288","FOCUS_STYLE_REVIEW","warning"," <a href={whatsappHref} className=""inline-flex min-h-12 items-center justify-center gap-2 rounded-xl border border-emerald-200 bg-emerald-50 px-6 text-sm font-black text-emerald-800 transition hover:bg-emerald-100"" data-"
"app/uebergabeakte/page.tsx","288","REDUCED_MOTION_REVIEW","warning"," <a href={whatsappHref} className=""inline-flex min-h-12 items-center justify-center gap-2 rounded-xl border border-emerald-200 bg-emerald-50 px-6 text-sm font-black text-emerald-800 transition hover:bg-emerald-100"" data-"
"app/uebergabeakte/page.tsx","418","TOUCH_TARGET_REVIEW","warning"," <Link href=""#uebergabeakte-form"" className=""mt-5 inline-flex items-center gap-2 text-sm font-black text-amber-700 transition hover:text-amber-950"" data-event=""service_card_click"">"
"app/uebergabeakte/page.tsx","418","FOCUS_STYLE_REVIEW","warning"," <Link href=""#uebergabeakte-form"" className=""mt-5 inline-flex items-center gap-2 text-sm font-black text-amber-700 transition hover:text-amber-950"" data-event=""service_card_click"">"
"app/uebergabeakte/page.tsx","418","REDUCED_MOTION_REVIEW","warning"," <Link href=""#uebergabeakte-form"" className=""mt-5 inline-flex items-center gap-2 text-sm font-black text-amber-700 transition hover:text-amber-950"" data-event=""service_card_click"">"
"app/uebergabeakte/page.tsx","441","TOUCH_TARGET_REVIEW","warning"," <Link key={item.href} href={item.href} prefetch={false} className=""rounded-[1.25rem] border border-white/10 bg-white/6 p-4 transition hover:bg-white/10"">"
"app/uebergabeakte/page.tsx","441","FOCUS_STYLE_REVIEW","warning"," <Link key={item.href} href={item.href} prefetch={false} className=""rounded-[1.25rem] border border-white/10 bg-white/6 p-4 transition hover:bg-white/10"">"
"app/uebergabeakte/page.tsx","441","REDUCED_MOTION_REVIEW","warning"," <Link key={item.href} href={item.href} prefetch={false} className=""rounded-[1.25rem] border border-white/10 bg-white/6 p-4 transition hover:bg-white/10"">"
"app/uebergabeakte/page.tsx","487","FOCUS_STYLE_REVIEW","warning"," <Link href=""#uebergabeakte-form"" className=""inline-flex min-h-12 items-center justify-center gap-2 rounded-xl bg-slate-950 px-6 text-sm font-black text-white transition hover:bg-amber-700"" data-event=""service_card_click"
"app/uebergabeakte/page.tsx","487","REDUCED_MOTION_REVIEW","warning"," <Link href=""#uebergabeakte-form"" className=""inline-flex min-h-12 items-center justify-center gap-2 rounded-xl bg-slate-950 px-6 text-sm font-black text-white transition hover:bg-amber-700"" data-event=""service_card_click"
"app/uebergabeakte/page.tsx","491","FOCUS_STYLE_REVIEW","warning"," <a href={`tel:${company.phoneRaw}`} className=""inline-flex min-h-12 items-center justify-center rounded-xl border border-slate-200 bg-white px-6 text-sm font-black text-slate-800 transition hover:border-amber-200 hover:"
"app/uebergabeakte/page.tsx","491","REDUCED_MOTION_REVIEW","warning"," <a href={`tel:${company.phoneRaw}`} className=""inline-flex min-h-12 items-center justify-center rounded-xl border border-slate-200 bg-white px-6 text-sm font-black text-slate-800 transition hover:border-amber-200 hover:"
"app/uebergabeakte/page.tsx","501","TOUCH_TARGET_REVIEW","warning"," <Link href=""#uebergabeakte-form"" className=""flox-mobile-action flox-mobile-action-primary"" data-event=""service_card_click"">"
"app/uebergabeakte/page.tsx","501","FOCUS_STYLE_REVIEW","warning"," <Link href=""#uebergabeakte-form"" className=""flox-mobile-action flox-mobile-action-primary"" data-event=""service_card_click"">"
"app/uebergabeakte/page.tsx","504","TOUCH_TARGET_REVIEW","warning"," <a href={whatsappHref} className=""flox-mobile-action flox-mobile-action-whatsapp"" data-event=""whatsapp_click"">"
"app/uebergabeakte/page.tsx","504","FOCUS_STYLE_REVIEW","warning"," <a href={whatsappHref} className=""flox-mobile-action flox-mobile-action-whatsapp"" data-event=""whatsapp_click"">"
"app/uebergabeakte/page.tsx","507","TOUCH_TARGET_REVIEW","warning"," <a href={`tel:${company.phoneRaw}`} className=""flox-mobile-action flox-mobile-action-light"" data-event=""phone_click"">"
"app/uebergabeakte/page.tsx","507","FOCUS_STYLE_REVIEW","warning"," <a href={`tel:${company.phoneRaw}`} className=""flox-mobile-action flox-mobile-action-light"" data-event=""phone_click"">"
"app/treppenhausreinigung-regensburg/page.tsx","299","TOUCH_TARGET_REVIEW","warning"," <a key={href} href={href} className=""flox-chip hover:border-blue-200 hover:bg-blue-50"">"
"app/treppenhausreinigung-regensburg/page.tsx","299","FOCUS_STYLE_REVIEW","warning"," <a key={href} href={href} className=""flox-chip hover:border-blue-200 hover:bg-blue-50"">"
"app/treppenhausreinigung-regensburg/page.tsx","321","TOUCH_TARGET_REVIEW","warning"," <a href={whatsappUrl} target=""_blank"" rel=""noopener noreferrer"" className=""flox-button-secondary px-6"">"
"app/treppenhausreinigung-regensburg/page.tsx","321","FOCUS_STYLE_REVIEW","warning"," <a href={whatsappUrl} target=""_blank"" rel=""noopener noreferrer"" className=""flox-button-secondary px-6"">"
"app/treppenhausreinigung-regensburg/page.tsx","557","TOUCH_TARGET_REVIEW","warning"," <Link key={item.href} href={item.href} className=""flox-chip hover:border-blue-200 hover:bg-white"">"
"app/treppenhausreinigung-regensburg/page.tsx","557","FOCUS_STYLE_REVIEW","warning"," <Link key={item.href} href={item.href} className=""flox-chip hover:border-blue-200 hover:bg-white"">"
"app/teppichreinigung-regensburg/page.tsx","299","TOUCH_TARGET_REVIEW","warning"," <a key={href} href={href} className=""flox-chip hover:border-blue-200 hover:bg-blue-50"">"
"app/teppichreinigung-regensburg/page.tsx","299","FOCUS_STYLE_REVIEW","warning"," <a key={href} href={href} className=""flox-chip hover:border-blue-200 hover:bg-blue-50"">"
"app/teppichreinigung-regensburg/page.tsx","306","TOUCH_TARGET_REVIEW","warning"," <a href=""#kontakt"" className=""flox-button-primary px-6"">"
"app/teppichreinigung-regensburg/page.tsx","306","FOCUS_STYLE_REVIEW","warning"," <a href=""#kontakt"" className=""flox-button-primary px-6"">"
"app/teppichreinigung-regensburg/page.tsx","310","TOUCH_TARGET_REVIEW","warning"," <a href={whatsappUrl} target=""_blank"" rel=""noopener noreferrer"" className=""flox-button-secondary px-6"">"
"app/teppichreinigung-regensburg/page.tsx","310","FOCUS_STYLE_REVIEW","warning"," <a href={whatsappUrl} target=""_blank"" rel=""noopener noreferrer"" className=""flox-button-secondary px-6"">"
"app/teppichreinigung-regensburg/page.tsx","548","TOUCH_TARGET_REVIEW","warning"," <Link key={item.href} href={item.href} className=""flox-chip hover:border-blue-200 hover:bg-white"">"
"app/teppichreinigung-regensburg/page.tsx","548","FOCUS_STYLE_REVIEW","warning"," <Link key={item.href} href={item.href} className=""flox-chip hover:border-blue-200 hover:bg-white"">"
"app/standorte/page.tsx","202","REDUCED_MOTION_REVIEW","warning"," className=""inline-flex items-center gap-2 rounded-2xl bg-blue-600 px-6 py-3 text-sm font-semibold text-white transition hover:bg-blue-500"""
"app/standorte/page.tsx","209","REDUCED_MOTION_REVIEW","warning"," className=""inline-flex items-center gap-2 rounded-2xl border border-slate-200 bg-white px-6 py-3 text-sm font-semibold text-slate-800 transition hover:border-blue-200 hover:bg-blue-50"""
"app/standorte/page.tsx","295","REDUCED_MOTION_REVIEW","warning"," ""rounded-[1.75rem] border border-slate-200 bg-white p-6 shadow-sm shadow-slate-950/5 transition-all hover:-translate-y-1 hover:border-blue-200 hover:shadow-md"";"
"app/standorte/page.tsx","316","TOUCH_TARGET_REVIEW","warning"," <Link key={item.title} href={item.href} className={classes}>"
"app/standorte/page.tsx","316","FOCUS_STYLE_REVIEW","warning"," <Link key={item.title} href={item.href} className={classes}>"
"app/standorte/page.tsx","353","REDUCED_MOTION_REVIEW","warning"," className=""group rounded-[1.45rem] border border-white bg-white px-5 py-5 shadow-sm shadow-slate-950/5 transition hover:-translate-y-0.5 hover:border-blue-200 hover:bg-blue-50"""
"app/standorte/page.tsx","357","REDUCED_MOTION_REVIEW","warning"," <ArrowRight className=""h-4 w-4 text-slate-400 transition group-hover:translate-x-0.5 group-hover:text-blue-700"" />"
"app/standorte/page.tsx","427","REDUCED_MOTION_REVIEW","warning"," className=""rounded-[1.75rem] border border-slate-200 bg-white p-6 shadow-sm shadow-slate-950/5 transition-all hover:-translate-y-1 hover:border-blue-200 hover:shadow-md"""
"app/standorte/page.tsx","459","REDUCED_MOTION_REVIEW","warning"," className=""rounded-[1.15rem] border border-slate-200 bg-slate-50 px-4 py-4 text-sm font-semibold text-slate-700 transition hover:border-blue-200 hover:bg-blue-50 hover:text-slate-950"""
"app/standorte/page.tsx","486","REDUCED_MOTION_REVIEW","warning"," className=""group flex items-center justify-between rounded-[1.5rem] border border-slate-200 bg-white p-5 shadow-sm shadow-slate-950/5 transition-all hover:-translate-y-1 hover:border-blue-200 hover:shadow-md"""
"app/standorte/page.tsx","497","REDUCED_MOTION_REVIEW","warning"," <ChevronRight className=""h-4 w-4 text-slate-400 transition-transform group-hover:translate-x-1 group-hover:text-blue-700"" />"
"app/standorte/page.tsx","525","REDUCED_MOTION_REVIEW","warning"," className=""rounded-[1.5rem] border border-slate-200 bg-white p-6 shadow-sm shadow-slate-950/5 transition-all hover:-translate-y-1 hover:border-blue-200 hover:shadow-md"""
"app/standorte/page.tsx","559","REDUCED_MOTION_REVIEW","warning"," className=""rounded-[1.55rem] border border-slate-200 bg-white p-5 shadow-sm shadow-slate-950/5 transition-all hover:-translate-y-1 hover:border-blue-200 hover:shadow-md"""
"app/signature-services/page.tsx","210","REDUCED_MOTION_REVIEW","warning"," className=""inline-flex min-h-12 items-center justify-center gap-2 rounded-lg bg-white px-6 text-sm font-black text-slate-950 transition hover:bg-cyan-50"""
"app/signature-services/page.tsx","217","REDUCED_MOTION_REVIEW","warning"," className=""inline-flex min-h-12 items-center justify-center gap-2 rounded-lg bg-emerald-400 px-6 text-sm font-black text-slate-950 transition hover:bg-emerald-300"""
"app/signature-services/page.tsx","339","REDUCED_MOTION_REVIEW","warning"," className=""inline-flex min-h-12 items-center justify-center gap-2 rounded-lg bg-white px-6 text-sm font-black text-slate-950 transition hover:bg-slate-100"""
"app/signature-services/page.tsx","346","REDUCED_MOTION_REVIEW","warning"," className=""inline-flex min-h-12 items-center justify-center gap-2 rounded-lg border border-emerald-200/30 bg-emerald-400 px-6 text-sm font-black text-slate-950 transition hover:bg-emerald-300"""
"app/signature/[slug]/page.tsx","154","REDUCED_MOTION_REVIEW","warning"," className=""group p-5 rounded-xl border border-border/50 hover:border-primary/30 transition-all"""
"app/signature/[slug]/page.tsx","156","REDUCED_MOTION_REVIEW","warning"," <h3 className=""font-semibold group-hover:text-primary transition-colors flex items-center gap-2"">"
"app/signature/[slug]/page.tsx","158","REDUCED_MOTION_REVIEW","warning"," <ChevronRight className=""w-4 h-4 opacity-0 group-hover:opacity-100 transition-opacity"" />"
"app/signature/[slug]/page.tsx","181","REDUCED_MOTION_REVIEW","warning"," className=""px-4 py-2 rounded-full border border-border/50 text-sm text-muted-foreground hover:text-primary hover:border-primary/30 transition-all"""
"app/service-finder/page.tsx","114","FOCUS_STYLE_REVIEW","warning"," <Link href=""/leistungen"" className=""inline-flex min-h-11 items-center gap-2 rounded-xl bg-slate-950 px-4 text-sm font-black text-white"">"
"app/service-finder/page.tsx","118","FOCUS_STYLE_REVIEW","warning"," <Link href=""/fragen"" className=""inline-flex min-h-11 items-center gap-2 rounded-xl border border-slate-300 bg-white px-4 text-sm font-black text-slate-950"">"
"app/service-area-bayern/page.tsx","289","REDUCED_MOTION_REVIEW","warning"," className=""inline-flex h-14 items-center justify-center gap-3 rounded-2xl border border-slate-200 bg-white/90 px-8 text-[11px] font-black uppercase tracking-[0.16em] text-slate-900 shadow-sm shadow-slate-950/5 transitio"
"app/service-area-bayern/page.tsx","370","REDUCED_MOTION_REVIEW","warning"," className=""rounded-full border border-slate-200 bg-white px-3 py-2 text-[11px] font-bold text-slate-700 transition hover:border-blue-200 hover:bg-blue-50 hover:text-slate-950"""
"app/service-area-bayern/page.tsx","388","REDUCED_MOTION_REVIEW","warning"," className=""card-premium rounded-[1.9rem] p-6 transition-all hover:-translate-y-1 hover:border-blue-300/30"""
"app/service-area-bayern/page.tsx","442","REDUCED_MOTION_REVIEW","warning"," className=""rounded-[1.15rem] border border-slate-200 bg-white px-4 py-4 text-sm font-semibold text-slate-700 transition hover:border-blue-200 hover:bg-blue-50 hover:text-slate-950"""
"app/service-area-bayern/page.tsx","479","REDUCED_MOTION_REVIEW","warning"," className=""group flex items-center justify-between rounded-2xl border border-slate-200 bg-white/86 px-4 py-3 text-sm font-semibold text-slate-700 shadow-sm shadow-slate-950/5 transition-all hover:-translate-y-0.5 hover:"
"app/service-area-bayern/page.tsx","482","REDUCED_MOTION_REVIEW","warning"," <ArrowRight className=""h-4 w-4 text-blue-700 transition-transform group-hover:translate-x-1"" />"
"app/service-area-bayern/page.tsx","516","REDUCED_MOTION_REVIEW","warning"," <ArrowRight className=""h-4 w-4 text-blue-700 transition-transform group-hover:translate-x-1"" />"
"app/service-area-bayern/page.tsx","543","REDUCED_MOTION_REVIEW","warning"," className=""card-premium rounded-[1.6rem] p-5 transition-all hover:-translate-y-1 hover:border-blue-300/30"""
"app/service-area-bayern/page.tsx","575","REDUCED_MOTION_REVIEW","warning"," className=""card-premium rounded-[1.5rem] p-6 transition-all hover:-translate-y-1 hover:border-blue-400/25"""
"app/schluesseluebergabe/page.tsx","134","REDUCED_MOTION_REVIEW","warning"," className=""btn-premium inline-flex h-12 items-center gap-2 rounded-xl bg-gradient-to-b from-blue-500 to-blue-600 px-8 text-sm font-semibold uppercase tracking-wider text-white shadow-lg shadow-blue-500/25 transition-all"
"app/schluesseluebergabe/page.tsx","145","REDUCED_MOTION_REVIEW","warning"," className=""inline-flex h-12 items-center gap-2 rounded-xl border border-slate-200 bg-white px-6 text-sm font-medium text-slate-700 transition-all hover:bg-blue-50 hover:text-slate-900"""
"app/schluesseluebergabe/page.tsx","195","TOUCH_TARGET_REVIEW","warning"," <Link key={service.href} href={service.href} className=""card-premium group rounded-xl p-5 transition-all"">"
"app/schluesseluebergabe/page.tsx","195","FOCUS_STYLE_REVIEW","warning"," <Link key={service.href} href={service.href} className=""card-premium group rounded-xl p-5 transition-all"">"
"app/schluesseluebergabe/page.tsx","195","REDUCED_MOTION_REVIEW","warning"," <Link key={service.href} href={service.href} className=""card-premium group rounded-xl p-5 transition-all"">"
"app/schluesseluebergabe/page.tsx","196","REDUCED_MOTION_REVIEW","warning"," <h3 className=""flex items-center gap-2 font-semibold text-slate-950 transition-colors group-hover:text-blue-700"">"
"app/schluesseluebergabe/page.tsx","198","REDUCED_MOTION_REVIEW","warning"," <ArrowRight className=""h-4 w-4 opacity-0 transition-opacity group-hover:opacity-100"" />"
"app/schadensbegrenzung/page.tsx","217","FOCUS_STYLE_REVIEW","warning"," <a href={whatsappHref} className=""inline-flex min-h-12 items-center justify-center gap-2 rounded-xl bg-emerald-600 px-6 text-sm font-black text-white transition hover:bg-emerald-700"" data-event=""whatsapp_click"">"
"app/schadensbegrenzung/page.tsx","217","REDUCED_MOTION_REVIEW","warning"," <a href={whatsappHref} className=""inline-flex min-h-12 items-center justify-center gap-2 rounded-xl bg-emerald-600 px-6 text-sm font-black text-white transition hover:bg-emerald-700"" data-event=""whatsapp_click"">"
"app/schadensbegrenzung/page.tsx","221","FOCUS_STYLE_REVIEW","warning"," <Link href=""#schadensbegrenzung-form"" className=""inline-flex min-h-12 items-center justify-center gap-2 rounded-xl bg-slate-950 px-6 text-sm font-black text-white transition hover:bg-red-700"" data-event=""service_card_cl"
"app/schadensbegrenzung/page.tsx","221","REDUCED_MOTION_REVIEW","warning"," <Link href=""#schadensbegrenzung-form"" className=""inline-flex min-h-12 items-center justify-center gap-2 rounded-xl bg-slate-950 px-6 text-sm font-black text-white transition hover:bg-red-700"" data-event=""service_card_cl"
"app/schadensbegrenzung/page.tsx","304","FOCUS_STYLE_REVIEW","warning"," <Link href=""#schadensbegrenzung-form"" className=""mt-6 inline-flex min-h-11 items-center gap-2 rounded-xl bg-white px-4 text-sm font-black text-slate-950"" data-event=""service_card_click"">"
"app/schadensbegrenzung/page.tsx","342","FOCUS_STYLE_REVIEW","warning"," <Link href=""/angebotscheck"" className=""inline-flex min-h-11 items-center gap-2 rounded-xl bg-white px-4 text-sm font-black text-slate-950"" data-event=""hero_cta_click"">"
"app/schadensbegrenzung/page.tsx","346","FOCUS_STYLE_REVIEW","warning"," <Link href=""/plattform-auftrag-pruefen"" className=""inline-flex min-h-11 items-center gap-2 rounded-xl border border-blue-200 bg-blue-50 px-4 text-sm font-black text-blue-900"" data-event=""service_card_click"">"
"app/schadensbegrenzung/page.tsx","350","FOCUS_STYLE_REVIEW","warning"," <Link href=""/plan-b-service"" className=""inline-flex min-h-11 items-center gap-2 rounded-xl border border-amber-200 bg-amber-50 px-4 text-sm font-black text-amber-900"" data-event=""service_card_click"" data-source=""damage_"
"app/schadensbegrenzung/page.tsx","354","FOCUS_STYLE_REVIEW","warning"," <Link href=""/diskreter-umzug-trennung-scheidung"" className=""inline-flex min-h-11 items-center gap-2 rounded-xl border border-stone-200 bg-white px-4 text-sm font-black text-stone-800"" data-event=""service_card_click"">"
"app/schadensbegrenzung/page.tsx","358","FOCUS_STYLE_REVIEW","warning"," <Link href=""/uebergabeakte"" className=""inline-flex min-h-11 items-center gap-2 rounded-xl border border-red-200 bg-white/70 px-4 text-sm font-black text-red-800"" data-event=""service_card_click"">"
"app/schadensbegrenzung/page.tsx","399","FOCUS_STYLE_REVIEW","warning"," <Link href=""/express-anfrage"" className=""inline-flex min-h-11 items-center gap-2 rounded-xl border border-slate-200 bg-white px-4 text-sm font-black text-slate-800"">"
"app/schadensbegrenzung/page.tsx","403","FOCUS_STYLE_REVIEW","warning"," <Link href=""/wohnung-wieder-vermietbar"" className=""inline-flex min-h-11 items-center gap-2 rounded-xl border border-slate-200 bg-white px-4 text-sm font-black text-slate-800"" data-event=""service_card_click"">"
"app/schadensbegrenzung/page.tsx","407","FOCUS_STYLE_REVIEW","warning"," <Link href=""/keller-muellraum-rettung-regensburg"" className=""inline-flex min-h-11 items-center gap-2 rounded-xl border border-amber-200 bg-white px-4 text-sm font-black text-amber-800"" data-event=""service_card_click"">"
"app/schadensbegrenzung/page.tsx","440","FOCUS_STYLE_REVIEW","warning"," <Link href=""#schadensbegrenzung-form"" className=""inline-flex min-h-12 items-center justify-center gap-2 rounded-xl bg-slate-950 px-6 text-sm font-black text-white transition hover:bg-red-700"" data-event=""service_card_cl"
"app/schadensbegrenzung/page.tsx","440","REDUCED_MOTION_REVIEW","warning"," <Link href=""#schadensbegrenzung-form"" className=""inline-flex min-h-12 items-center justify-center gap-2 rounded-xl bg-slate-950 px-6 text-sm font-black text-white transition hover:bg-red-700"" data-event=""service_card_cl"
"app/schadensbegrenzung/page.tsx","444","FOCUS_STYLE_REVIEW","warning"," <a href={whatsappHref} className=""inline-flex min-h-12 items-center justify-center gap-2 rounded-xl border border-emerald-200 bg-emerald-50 px-6 text-sm font-black text-emerald-800 transition hover:bg-emerald-100"" data-"
"app/schadensbegrenzung/page.tsx","444","REDUCED_MOTION_REVIEW","warning"," <a href={whatsappHref} className=""inline-flex min-h-12 items-center justify-center gap-2 rounded-xl border border-emerald-200 bg-emerald-50 px-6 text-sm font-black text-emerald-800 transition hover:bg-emerald-100"" data-"
"app/schadensbegrenzung/page.tsx","463","FOCUS_STYLE_REVIEW","warning"," <Link key={href} href={href} className=""rounded-[1.25rem] border border-slate-200 bg-white px-4 py-4 text-sm font-black text-slate-800 transition hover:border-red-200 hover:bg-red-50"">"
"app/schadensbegrenzung/page.tsx","463","REDUCED_MOTION_REVIEW","warning"," <Link key={href} href={href} className=""rounded-[1.25rem] border border-slate-200 bg-white px-4 py-4 text-sm font-black text-slate-800 transition hover:border-red-200 hover:bg-red-50"">"
"app/schadensbegrenzung/page.tsx","473","TOUCH_TARGET_REVIEW","warning"," <a href={whatsappHref} className=""flox-mobile-action flox-mobile-action-whatsapp"" data-event=""whatsapp_click"">"
"app/schadensbegrenzung/page.tsx","473","FOCUS_STYLE_REVIEW","warning"," <a href={whatsappHref} className=""flox-mobile-action flox-mobile-action-whatsapp"" data-event=""whatsapp_click"">"
"app/schadensbegrenzung/page.tsx","476","TOUCH_TARGET_REVIEW","warning"," <Link href=""#schadensbegrenzung-form"" className=""flox-mobile-action flox-mobile-action-primary"" data-event=""service_card_click"">"
"app/schadensbegrenzung/page.tsx","476","FOCUS_STYLE_REVIEW","warning"," <Link href=""#schadensbegrenzung-form"" className=""flox-mobile-action flox-mobile-action-primary"" data-event=""service_card_click"">"
"app/schadensbegrenzung/page.tsx","479","TOUCH_TARGET_REVIEW","warning"," <a href=""tel:+4915771105087"" className=""flox-mobile-action flox-mobile-action-light"" data-event=""phone_click"">"
"app/schadensbegrenzung/page.tsx","479","FOCUS_STYLE_REVIEW","warning"," <a href=""tel:+4915771105087"" className=""flox-mobile-action flox-mobile-action-light"" data-event=""phone_click"">"
"app/rueckfahrt-boerse/page.tsx","130","FOCUS_STYLE_REVIEW","warning"," <Link href=""#rueckfahrt-form"" className=""inline-flex min-h-12 items-center justify-center gap-2 rounded-xl bg-slate-950 px-6 text-sm font-black text-white transition hover:bg-emerald-700"" data-event=""region_select"">"
"app/rueckfahrt-boerse/page.tsx","130","REDUCED_MOTION_REVIEW","warning"," <Link href=""#rueckfahrt-form"" className=""inline-flex min-h-12 items-center justify-center gap-2 rounded-xl bg-slate-950 px-6 text-sm font-black text-white transition hover:bg-emerald-700"" data-event=""region_select"">"
"app/rueckfahrt-boerse/page.tsx","134","FOCUS_STYLE_REVIEW","warning"," <a href={whatsappHref} className=""inline-flex min-h-12 items-center justify-center gap-2 rounded-xl border border-emerald-200 bg-emerald-50 px-6 text-sm font-black text-emerald-800 transition hover:bg-emerald-100"" data-"
"app/rueckfahrt-boerse/page.tsx","134","REDUCED_MOTION_REVIEW","warning"," <a href={whatsappHref} className=""inline-flex min-h-12 items-center justify-center gap-2 rounded-xl border border-emerald-200 bg-emerald-50 px-6 text-sm font-black text-emerald-800 transition hover:bg-emerald-100"" data-"
"app/rueckfahrt-boerse/page.tsx","211","REDUCED_MOTION_REVIEW","warning"," className=""group rounded-[1.5rem] border border-slate-200 bg-white p-5 shadow-sm shadow-slate-950/5 transition hover:-translate-y-1 hover:border-emerald-300 hover:bg-emerald-50/60"""
"app/rueckfahrt-boerse/page.tsx","218","REDUCED_MOTION_REVIEW","warning"," <ArrowRight className=""h-3.5 w-3.5 transition group-hover:translate-x-1"" />"
"app/rueckfahrt-boerse/page.tsx","235","FOCUS_STYLE_REVIEW","warning"," <Link href=""#rueckfahrt-form"" className=""mt-6 inline-flex min-h-12 items-center justify-center gap-2 rounded-xl bg-slate-950 px-6 text-sm font-black text-white transition hover:bg-emerald-700"" data-event=""region_select"""
"app/rueckfahrt-boerse/page.tsx","235","REDUCED_MOTION_REVIEW","warning"," <Link href=""#rueckfahrt-form"" className=""mt-6 inline-flex min-h-12 items-center justify-center gap-2 rounded-xl bg-slate-950 px-6 text-sm font-black text-white transition hover:bg-emerald-700"" data-event=""region_select"""
"app/rueckfahrt-boerse/page.tsx","302","FOCUS_STYLE_REVIEW","warning"," <Link href=""/leerfahrt-rueckfahrt"" className=""inline-flex min-h-11 items-center justify-center rounded-xl border border-slate-200 px-5 text-sm font-black text-slate-800 transition hover:border-emerald-200 hover:bg-emera"
"app/rueckfahrt-boerse/page.tsx","302","REDUCED_MOTION_REVIEW","warning"," <Link href=""/leerfahrt-rueckfahrt"" className=""inline-flex min-h-11 items-center justify-center rounded-xl border border-slate-200 px-5 text-sm font-black text-slate-800 transition hover:border-emerald-200 hover:bg-emera"
"app/rueckfahrt-boerse/page.tsx","305","FOCUS_STYLE_REVIEW","warning"," <Link href=""/schadensbegrenzung"" className=""inline-flex min-h-11 items-center justify-center rounded-xl border border-red-200 px-5 text-sm font-black text-red-800 transition hover:bg-red-50"" data-event=""service_card_cli"
"app/rueckfahrt-boerse/page.tsx","305","REDUCED_MOTION_REVIEW","warning"," <Link href=""/schadensbegrenzung"" className=""inline-flex min-h-11 items-center justify-center rounded-xl border border-red-200 px-5 text-sm font-black text-red-800 transition hover:bg-red-50"" data-event=""service_card_cli"
"app/rueckfahrt-boerse/page.tsx","315","TOUCH_TARGET_REVIEW","warning"," <Link href=""#rueckfahrt-form"" className=""flox-mobile-action flox-mobile-action-primary"" data-event=""region_select"">"
"app/rueckfahrt-boerse/page.tsx","315","FOCUS_STYLE_REVIEW","warning"," <Link href=""#rueckfahrt-form"" className=""flox-mobile-action flox-mobile-action-primary"" data-event=""region_select"">"
"app/rueckfahrt-boerse/page.tsx","318","TOUCH_TARGET_REVIEW","warning"," <a href={whatsappHref} className=""flox-mobile-action flox-mobile-action-whatsapp"" data-event=""whatsapp_click"">"
"app/rueckfahrt-boerse/page.tsx","318","FOCUS_STYLE_REVIEW","warning"," <a href={whatsappHref} className=""flox-mobile-action flox-mobile-action-whatsapp"" data-event=""whatsapp_click"">"
"app/rueckfahrt-boerse/page.tsx","321","TOUCH_TARGET_REVIEW","warning"," <a href=""tel:+4915771105087"" className=""flox-mobile-action flox-mobile-action-light"" data-event=""phone_click"">"
"app/rueckfahrt-boerse/page.tsx","321","FOCUS_STYLE_REVIEW","warning"," <a href=""tel:+4915771105087"" className=""flox-mobile-action flox-mobile-action-light"" data-event=""phone_click"">"
"app/ritual-exit-box/page.tsx","66","FOCUS_STYLE_REVIEW","warning"," <Link href=""/rechner"" className=""btn-premium inline-flex h-12 items-center gap-2 rounded-xl bg-gradient-to-b from-blue-500 to-blue-600 px-8 text-sm font-semibold uppercase tracking-wider text-white shadow-lg shadow-blue"
"app/ritual-exit-box/page.tsx","66","REDUCED_MOTION_REVIEW","warning"," <Link href=""/rechner"" className=""btn-premium inline-flex h-12 items-center gap-2 rounded-xl bg-gradient-to-b from-blue-500 to-blue-600 px-8 text-sm font-semibold uppercase tracking-wider text-white shadow-lg shadow-blue"
"app/ritual-exit-box/page.tsx","69","FOCUS_STYLE_REVIEW","warning"," <a href={whatsappUrl} target=""_blank"" rel=""noopener noreferrer"" className=""inline-flex h-12 items-center gap-2 rounded-xl border border-slate-200 bg-white px-6 text-sm font-medium text-slate-700 transition-all hover:bg-"
"app/ritual-exit-box/page.tsx","69","REDUCED_MOTION_REVIEW","warning"," <a href={whatsappUrl} target=""_blank"" rel=""noopener noreferrer"" className=""inline-flex h-12 items-center gap-2 rounded-xl border border-slate-200 bg-white px-6 text-sm font-medium text-slate-700 transition-all hover:bg-"
"app/ritual-exit-box/page.tsx","113","REDUCED_MOTION_REVIEW","warning"," className=""card-premium group rounded-xl p-5 transition-all"""
"app/ritual-exit-box/page.tsx","115","REDUCED_MOTION_REVIEW","warning"," <h3 className=""font-semibold text-slate-950 group-hover:text-blue-700 transition-colors flex items-center gap-2"">"
"app/ritual-exit-box/page.tsx","117","REDUCED_MOTION_REVIEW","warning"," <ChevronRight className=""w-4 h-4 opacity-0 group-hover:opacity-100 transition-opacity"" />"
"app/reinigungsgarantie/page.tsx","66","FOCUS_STYLE_REVIEW","warning"," <Link href=""/rechner"" className=""btn-premium inline-flex h-12 items-center gap-2 rounded-xl bg-gradient-to-b from-blue-500 to-blue-600 px-8 text-sm font-semibold uppercase tracking-wider text-white shadow-lg shadow-blue"
"app/reinigungsgarantie/page.tsx","66","REDUCED_MOTION_REVIEW","warning"," <Link href=""/rechner"" className=""btn-premium inline-flex h-12 items-center gap-2 rounded-xl bg-gradient-to-b from-blue-500 to-blue-600 px-8 text-sm font-semibold uppercase tracking-wider text-white shadow-lg shadow-blue"
"app/reinigungsgarantie/page.tsx","69","FOCUS_STYLE_REVIEW","warning"," <a href={whatsappUrl} target=""_blank"" rel=""noopener noreferrer"" className=""inline-flex h-12 items-center gap-2 rounded-xl border border-slate-200 bg-white px-6 text-sm font-medium text-slate-700 transition-all hover:bg-"
"app/reinigungsgarantie/page.tsx","69","REDUCED_MOTION_REVIEW","warning"," <a href={whatsappUrl} target=""_blank"" rel=""noopener noreferrer"" className=""inline-flex h-12 items-center gap-2 rounded-xl border border-slate-200 bg-white px-6 text-sm font-medium text-slate-700 transition-all hover:bg-"
"app/reinigungsgarantie/page.tsx","113","REDUCED_MOTION_REVIEW","warning"," className=""card-premium group rounded-xl p-5 transition-all"""
"app/reinigungsgarantie/page.tsx","115","REDUCED_MOTION_REVIEW","warning"," <h3 className=""font-semibold text-slate-950 group-hover:text-blue-700 transition-colors flex items-center gap-2"">"
"app/reinigungsgarantie/page.tsx","117","REDUCED_MOTION_REVIEW","warning"," <ChevronRight className=""w-4 h-4 opacity-0 group-hover:opacity-100 transition-opacity"" />"
"app/reinigungsfirma-angebot/page.tsx","215","REDUCED_MOTION_REVIEW","warning"," className=""inline-flex min-h-12 items-center justify-center gap-2 rounded-lg bg-white px-6 text-sm font-black text-slate-950 transition hover:bg-cyan-50"""
"app/reinigungsfirma-angebot/page.tsx","232","REDUCED_MOTION_REVIEW","warning"," className=""inline-flex min-h-12 items-center justify-center gap-2 rounded-lg bg-emerald-400 px-6 text-sm font-black text-slate-950 transition hover:bg-emerald-300"""
"app/reinigungsfirma-angebot/page.tsx","245","REDUCED_MOTION_REVIEW","warning"," className=""inline-flex min-h-12 items-center justify-center gap-2 rounded-lg border border-white/20 bg-white/10 px-6 text-sm font-black text-white transition hover:bg-white/15"""
"app/reinigungsfirma-angebot/page.tsx","311","REDUCED_MOTION_REVIEW","warning"," className=""group rounded-lg border border-slate-200 bg-white p-5 shadow-sm transition hover:-translate-y-0.5 hover:border-blue-200 hover:shadow-lg"""
"app/reinigungsfirma-angebot/page.tsx","318","REDUCED_MOTION_REVIEW","warning"," <ArrowRight className=""h-4 w-4 transition group-hover:translate-x-0.5"" aria-hidden=""true"" />"
"app/reinigung-nach-veranstaltung/page.tsx","176","REDUCED_MOTION_REVIEW","warning"," className=""inline-flex min-h-12 items-center justify-center gap-2 rounded-2xl bg-white px-6 py-3 text-sm font-black text-slate-950 shadow-lg shadow-black/20 transition hover:-translate-y-0.5 hover:bg-emerald-50"""
"app/reinigung-nach-veranstaltung/page.tsx","183","REDUCED_MOTION_REVIEW","warning"," className=""inline-flex min-h-12 items-center justify-center gap-2 rounded-2xl bg-emerald-500 px-6 py-3 text-sm font-black text-white shadow-lg shadow-emerald-900/30 transition hover:-translate-y-0.5 hover:bg-emerald-400"
"app/reinigung-nach-veranstaltung/page.tsx","190","REDUCED_MOTION_REVIEW","warning"," className=""inline-flex min-h-12 items-center justify-center gap-2 rounded-2xl border border-white/25 px-6 py-3 text-sm font-black text-white transition hover:bg-white/10"""
"app/reinigung-nach-veranstaltung/page.tsx","311","REDUCED_MOTION_REVIEW","warning"," className=""flex min-h-14 items-center justify-between rounded-2xl border border-slate-200 bg-slate-50 px-5 py-3 font-black text-slate-950 transition hover:bg-white"""
"app/reinigung-nach-veranstaltung/page.tsx","346","FOCUS_STYLE_REVIEW","warning"," <Link href=""/buchung?service=reinigung&context=veranstaltung"" className=""inline-flex min-h-12 items-center justify-center gap-2 rounded-2xl bg-white px-6 py-3 text-sm font-black text-slate-950"">"
"app/reinigung-nach-veranstaltung/page.tsx","350","FOCUS_STYLE_REVIEW","warning"," <Link href={whatsappHref} className=""inline-flex min-h-12 items-center justify-center gap-2 rounded-2xl bg-emerald-500 px-6 py-3 text-sm font-black text-white"">"
"app/reinigung-moeblierte-wohnung-regensburg/page.tsx","155","REDUCED_MOTION_REVIEW","warning"," className=""inline-flex min-h-12 items-center justify-center gap-2 rounded-lg bg-white px-6 text-sm font-black text-slate-950 transition hover:bg-cyan-50"""
"app/reinigung-moeblierte-wohnung-regensburg/page.tsx","167","REDUCED_MOTION_REVIEW","warning"," className=""inline-flex min-h-12 items-center justify-center gap-2 rounded-lg bg-emerald-400 px-6 text-sm font-black text-slate-950 transition hover:bg-emerald-300"""
"app/reinigung-moeblierte-wohnung-duesseldorf/page.tsx","212","REDUCED_MOTION_REVIEW","warning"," className=""inline-flex min-h-12 items-center justify-center gap-2 rounded-lg bg-white px-6 text-sm font-black text-slate-950 transition hover:bg-cyan-50 focus-visible:outline-none focus-visible:ring-2 focus-visible:ring"
"app/reinigung-moeblierte-wohnung-duesseldorf/page.tsx","224","REDUCED_MOTION_REVIEW","warning"," className=""inline-flex min-h-12 items-center justify-center gap-2 rounded-lg border border-emerald-300/35 bg-emerald-300/10 px-6 text-sm font-black text-emerald-100 transition hover:bg-emerald-300/20 focus-visible:outli"
"app/reinigung/page.tsx","177","REDUCED_MOTION_REVIEW","warning"," className=""mt-6 inline-flex min-h-12 items-center gap-2 rounded-xl bg-slate-950 px-5 text-sm font-black text-white transition hover:bg-blue-800 focus:outline-none focus-visible:ring-2 focus-visible:ring-blue-600"""
"app/reinigung/page.tsx","207","FOCUS_STYLE_REVIEW","warning"," <Link href={item.duesseldorf} className=""inline-flex min-h-11 items-center justify-center gap-2 rounded-lg border border-slate-300 px-4 text-sm font-black text-slate-900 hover:border-cyan-500 hover:bg-cyan-50"">"
"app/reinigung/page.tsx","211","FOCUS_STYLE_REVIEW","warning"," <Link href={item.regensburg} className=""inline-flex min-h-11 items-center justify-center gap-2 rounded-lg border border-slate-300 px-4 text-sm font-black text-slate-900 hover:border-cyan-500 hover:bg-cyan-50"">"
"app/regensburg/umzug/page.tsx","380","REDUCED_MOTION_REVIEW","warning"," ? ""inline-flex min-h-12 items-center justify-center gap-2 rounded-lg bg-white px-5 text-sm font-black text-slate-950 transition hover:bg-cyan-50"""
"app/regensburg/umzug/page.tsx","382","REDUCED_MOTION_REVIEW","warning"," ? ""inline-flex min-h-12 items-center justify-center gap-2 rounded-lg border border-slate-300 bg-white px-5 text-sm font-black text-slate-900 transition hover:border-cyan-300 hover:bg-cyan-50"""
"app/regensburg/umzug/page.tsx","383","REDUCED_MOTION_REVIEW","warning"," : ""inline-flex min-h-12 items-center justify-center gap-2 rounded-lg bg-slate-950 px-5 text-sm font-black text-white transition hover:bg-cyan-800"";"
"app/regensburg/umzug/page.tsx","411","TOUCH_TARGET_REVIEW","warning"," <Link href=""/"" className=""hover:text-white"">FLOXANT</Link>"
"app/regensburg/umzug/page.tsx","411","FOCUS_STYLE_REVIEW","warning"," <Link href=""/"" className=""hover:text-white"">FLOXANT</Link>"
"app/regensburg/umzug/page.tsx","413","TOUCH_TARGET_REVIEW","warning"," <Link href=""/regensburg"" className=""hover:text-white"">Regensburg</Link>"
"app/regensburg/umzug/page.tsx","413","FOCUS_STYLE_REVIEW","warning"," <Link href=""/regensburg"" className=""hover:text-white"">Regensburg</Link>"
"app/regensburg/umzug/page.tsx","561","TOUCH_TARGET_REVIEW","warning"," <Link href={choice.href} className=""mt-4 inline-flex items-center gap-2 text-sm font-black text-cyan-800"">"
"app/regensburg/umzug/page.tsx","561","FOCUS_STYLE_REVIEW","warning"," <Link href={choice.href} className=""mt-4 inline-flex items-center gap-2 text-sm font-black text-cyan-800"">"
"app/regensburg/umzug/page.tsx","680","REDUCED_MOTION_REVIEW","warning"," className=""group rounded-lg border border-slate-200 bg-slate-50 p-5 transition hover:border-cyan-300 hover:bg-white hover:shadow-md"""
"app/regensburg/umzug/page.tsx","690","REDUCED_MOTION_REVIEW","warning"," <ArrowRight className=""h-4 w-4 transition group-hover:translate-x-0.5"" aria-hidden=""true"" />"
"app/regensburg/umzug/page.tsx","721","REDUCED_MOTION_REVIEW","warning"," className=""inline-flex min-h-12 items-center justify-center gap-2 rounded-lg border border-cyan-200 bg-white px-5 text-sm font-black text-slate-900 transition hover:border-cyan-400"""
"app/regensburg/umzug/page.tsx","809","REDUCED_MOTION_REVIEW","warning"," className=""group rounded-lg border border-slate-200 bg-slate-50 p-5 transition hover:border-cyan-300 hover:bg-white hover:shadow-md"""
"app/regensburg/umzug/page.tsx","816","REDUCED_MOTION_REVIEW","warning"," <ArrowRight className=""h-4 w-4 transition group-hover:translate-x-0.5"" aria-hidden=""true"" />"
"app/regensburg/umzug/page.tsx","849","REDUCED_MOTION_REVIEW","warning"," className=""inline-flex min-h-12 items-center justify-center gap-2 rounded-lg border border-slate-300 bg-white px-5 text-sm font-black text-slate-900 transition hover:border-cyan-300 hover:bg-cyan-50"""
"app/rechner/page.tsx","663","REDUCED_MOTION_REVIEW","warning"," className=""inline-flex h-12 items-center justify-center gap-2 rounded-[1.2rem] border border-blue-200 bg-white px-5 text-[11px] font-black uppercase tracking-[0.16em] text-blue-700 shadow-sm shadow-slate-950/5 transitio"
"app/rechner/page.tsx","670","REDUCED_MOTION_REVIEW","warning"," className=""inline-flex h-12 items-center justify-center gap-2 rounded-[1.2rem] bg-blue-600 px-5 text-[11px] font-black uppercase tracking-[0.16em] text-white shadow-lg shadow-blue-900/20 transition hover:bg-blue-500"""
"app/rechner/page.tsx","677","REDUCED_MOTION_REVIEW","warning"," className=""inline-flex h-12 items-center justify-center gap-2 rounded-[1.2rem] border border-amber-200 bg-amber-50 px-5 text-[11px] font-black uppercase tracking-[0.16em] text-amber-900 transition hover:bg-amber-100"""
"app/rechner/page.tsx","690","REDUCED_MOTION_REVIEW","warning"," className=""rounded-full border border-slate-200 bg-white px-3 py-2 text-[11px] font-semibold text-slate-700 shadow-sm shadow-slate-950/5 transition hover:-translate-y-0.5 hover:border-blue-200 hover:bg-blue-50 hover:tex"
"app/rechner/page.tsx","703","REDUCED_MOTION_REVIEW","warning"," className=""group relative flex h-full flex-col overflow-hidden rounded-[1.35rem] border border-slate-200 bg-white/92 p-4 shadow-sm shadow-slate-950/5 transition hover:-translate-y-1 hover:border-blue-200 hover:bg-blue-5"
"app/rechner/page.tsx","705","REDUCED_MOTION_REVIEW","warning"," <span className=""absolute right-4 top-4 flex h-9 w-9 shrink-0 items-center justify-center rounded-full border border-blue-100 bg-blue-50 text-blue-700 transition group-hover:bg-blue-600 group-hover:text-white"">"
"app/rechner/page.tsx","706","REDUCED_MOTION_REVIEW","warning"," <ArrowRight className=""h-4 w-4 transition group-hover:translate-x-0.5"" />"
"app/rechner/page.tsx","738","REDUCED_MOTION_REVIEW","warning"," className=""rounded-full border border-slate-200 bg-slate-50 px-3 py-2 text-[11px] font-bold text-slate-700 transition hover:border-blue-200 hover:bg-blue-50 hover:text-blue-800"""
"app/rechner/page.tsx","769","REDUCED_MOTION_REVIEW","warning"," <article className=""card-premium group relative h-full overflow-hidden rounded-[2rem] p-8 transition duration-300 hover:-translate-y-1 hover:border-blue-200 hover:shadow-2xl hover:shadow-blue-950/10"">"
"app/rechner/page.tsx","770","REDUCED_MOTION_REVIEW","warning"," <div className=""pointer-events-none absolute inset-x-0 top-0 h-1 bg-gradient-to-r from-blue-600 via-cyan-400 to-emerald-400 opacity-0 transition group-hover:opacity-100"" />"
"app/rechner/page.tsx","831","REDUCED_MOTION_REVIEW","warning"," className={`group relative flex h-full flex-col overflow-hidden rounded-[1.35rem] border p-4 transition hover:-translate-y-1 hover:shadow-xl hover:shadow-slate-950/10 ${item.tone}`}"
"app/rechner/page.tsx","833","REDUCED_MOTION_REVIEW","warning"," <span className=""absolute right-4 top-4 flex h-8 w-8 shrink-0 items-center justify-center rounded-full border border-current/10 bg-white/54 text-current/70 transition group-hover:bg-white/82 group-hover:text-current"">"
"app/rechner/page.tsx","834","REDUCED_MOTION_REVIEW","warning"," <ArrowRight className=""h-4 w-4 transition group-hover:translate-x-0.5"" />"
"app/rechner/page.tsx","876","REDUCED_MOTION_REVIEW","warning"," className=""rounded-[1.25rem] border border-white/80 bg-white/88 p-4 shadow-sm shadow-slate-950/5 transition hover:-translate-y-0.5 hover:border-blue-200 hover:shadow-lg hover:shadow-blue-950/10"""
"app/rechner/page.tsx","894","REDUCED_MOTION_REVIEW","warning"," className=""inline-flex h-11 items-center justify-center gap-2 rounded-[1rem] bg-blue-600 px-4 text-[11px] font-black uppercase tracking-[0.14em] text-white transition hover:bg-blue-500"""
"app/rechner/page.tsx","901","REDUCED_MOTION_REVIEW","warning"," className=""inline-flex h-11 items-center justify-center gap-2 rounded-[1rem] border border-blue-200 bg-white px-4 text-[11px] font-black uppercase tracking-[0.14em] text-blue-700 transition hover:bg-blue-50"""
"app/rechner/page.tsx","933","REDUCED_MOTION_REVIEW","warning"," className=""group rounded-[1.35rem] border border-white/80 bg-white/88 p-4 shadow-sm shadow-slate-950/5 transition hover:-translate-y-0.5 hover:border-emerald-200 hover:shadow-lg hover:shadow-emerald-950/10"""
"app/rechner/page.tsx","1005","REDUCED_MOTION_REVIEW","warning"," <article key={item.title} className=""card-premium group relative overflow-hidden rounded-[1.7rem] p-6 transition duration-300 hover:-translate-y-1 hover:border-blue-200 hover:shadow-xl hover:shadow-blue-950/10"">"
"app/rechner/page.tsx","1006","REDUCED_MOTION_REVIEW","warning"," <div className=""pointer-events-none absolute inset-x-0 top-0 h-0.5 bg-gradient-to-r from-blue-600 to-cyan-400 opacity-0 transition group-hover:opacity-100"" />"
"app/rechner/page.tsx","1050","REDUCED_MOTION_REVIEW","warning"," className=""rounded-full border border-white/80 bg-white/90 px-3 py-2 text-[11px] font-black uppercase tracking-[0.12em] text-slate-700 shadow-sm shadow-slate-950/5 transition hover:border-blue-200 hover:bg-blue-50 hover"
"app/rechner/page.tsx","1063","REDUCED_MOTION_REVIEW","warning"," className=""group rounded-[1.35rem] border border-white/80 bg-white/88 p-4 shadow-sm shadow-slate-950/5 transition hover:-translate-y-0.5 hover:border-blue-200 hover:bg-white hover:shadow-xl hover:shadow-blue-950/10"""
"app/rechner/page.tsx","1074","REDUCED_MOTION_REVIEW","warning"," <ArrowRight className=""mt-1 h-4 w-4 shrink-0 text-slate-300 transition group-hover:translate-x-0.5 group-hover:text-blue-700"" />"
"app/rechner/page.tsx","1109","REDUCED_MOTION_REVIEW","warning"," className=""group relative overflow-hidden rounded-[1.55rem] border border-slate-200 bg-slate-50 p-5 transition duration-300 hover:-translate-y-1 hover:border-blue-200 hover:bg-white hover:shadow-2xl hover:shadow-blue-95"
"app/rechner/page.tsx","1111","REDUCED_MOTION_REVIEW","warning"," <div className=""pointer-events-none absolute inset-x-0 top-0 h-1 bg-gradient-to-r from-blue-600 via-cyan-400 to-emerald-400 opacity-0 transition group-hover:opacity-100"" />"
"app/rechner/page.tsx","1121","REDUCED_MOTION_REVIEW","warning"," className=""rounded-full bg-blue-600 px-3 py-2 text-[11px] font-black uppercase tracking-[0.12em] text-white shadow-sm shadow-blue-900/20 transition hover:-translate-y-0.5 hover:bg-blue-500"""
"app/rechner/page.tsx","1130","REDUCED_MOTION_REVIEW","warning"," className=""rounded-full border border-slate-200 bg-white px-3 py-2 text-[11px] font-bold text-slate-700 transition hover:border-blue-200 hover:bg-blue-50 hover:text-slate-950"""
"app/rechner/page.tsx","1164","REDUCED_MOTION_REVIEW","warning"," className=""group rounded-[1.45rem] border border-white bg-white px-5 py-5 shadow-sm shadow-slate-950/5 transition hover:-translate-y-0.5 hover:border-blue-200 hover:bg-blue-50"""
"app/rechner/page.tsx","1173","REDUCED_MOTION_REVIEW","warning"," <ArrowRight className=""h-4 w-4 transition group-hover:translate-x-0.5"" />"
"app/rechner/page.tsx","1222","REDUCED_MOTION_REVIEW","warning"," className=""rounded-full border border-slate-200 px-3 py-1.5 text-[11px] font-semibold text-slate-700 transition hover:border-blue-200 hover:bg-blue-50 hover:text-slate-950"""
"app/rechner/page.tsx","1229","REDUCED_MOTION_REVIEW","warning"," className=""rounded-full border border-slate-200 px-3 py-1.5 text-[11px] font-semibold text-slate-700 transition hover:border-blue-200 hover:bg-blue-50 hover:text-slate-950"""
"app/rechner/page.tsx","1236","REDUCED_MOTION_REVIEW","warning"," className=""rounded-full border border-slate-200 px-3 py-1.5 text-[11px] font-semibold text-slate-700 transition hover:border-blue-200 hover:bg-blue-50 hover:text-slate-950"""
"app/rechner/page.tsx","1243","REDUCED_MOTION_REVIEW","warning"," className=""rounded-full border border-slate-200 px-3 py-1.5 text-[11px] font-semibold text-slate-700 transition hover:border-blue-200 hover:bg-blue-50 hover:text-slate-950"""
"app/rechner/page.tsx","1275","REDUCED_MOTION_REVIEW","warning"," className=""rounded-full border border-blue-200 bg-white px-4 py-2 text-sm font-semibold text-slate-800 transition hover:bg-blue-50 hover:text-slate-950"""
"app/rechner/page.tsx","1307","REDUCED_MOTION_REVIEW","warning"," className=""card-premium rounded-[1.6rem] p-5 transition-all hover:-translate-y-1 hover:border-blue-300/30"""
"app/rechner/page.tsx","1377","REDUCED_MOTION_REVIEW","warning"," className=""rounded-[1.15rem] border border-slate-200 bg-white px-4 py-4 text-sm font-semibold text-slate-700 transition hover:border-blue-200 hover:bg-blue-50 hover:text-slate-950"""
"app/ratgeber/page.tsx","102","REDUCED_MOTION_REVIEW","warning"," className=""group rounded-[1.75rem] border border-white/10 bg-white/[0.02] p-6 transition-all hover:-translate-y-1 hover:border-blue-400/20 hover:bg-white/[0.04]"""
"app/ratgeber/page.tsx","104","REDUCED_MOTION_REVIEW","warning"," <h2 className=""text-lg font-semibold text-white transition-colors group-hover:text-blue-300"">"
"app/ratgeber/page.tsx","126","REDUCED_MOTION_REVIEW","warning"," className=""mt-6 inline-flex items-center rounded-full border border-blue-400/20 bg-blue-500/10 px-4 py-2 text-xs font-semibold uppercase tracking-[0.18em] text-blue-300 transition-all hover:bg-blue-500/20"""
"app/ratgeber/page.tsx","135","FOCUS_STYLE_REVIEW","warning"," <Link href=""/rechner"" className=""block rounded-2xl border border-white/10 bg-black/20 px-4 py-3 text-sm font-medium text-white hover:border-blue-400/20"">"
"app/ratgeber/page.tsx","138","FOCUS_STYLE_REVIEW","warning"," <Link href=""/umzug"" className=""block rounded-2xl border border-white/10 bg-black/20 px-4 py-3 text-sm font-medium text-white hover:border-blue-400/20"">"
"app/ratgeber/page.tsx","141","FOCUS_STYLE_REVIEW","warning"," <Link href=""/reinigung"" className=""block rounded-2xl border border-white/10 bg-black/20 px-4 py-3 text-sm font-medium text-white hover:border-blue-400/20"">"
"app/ratgeber/page.tsx","144","FOCUS_STYLE_REVIEW","warning"," <Link href=""/entruempelung"" className=""block rounded-2xl border border-white/10 bg-black/20 px-4 py-3 text-sm font-medium text-white hover:border-blue-400/20"">"
"app/ratgeber/wohnungsaufloesung-tipps/page.tsx","67","TOUCH_TARGET_REVIEW","warning"," <Link href={`/ratgeber`} className=""px-4 py-2 rounded-full border border-border/50 text-sm text-muted-foreground hover:text-primary hover:border-primary/30 transition-all"">← Alle Ratgeber</Link>"
"app/ratgeber/wohnungsaufloesung-tipps/page.tsx","67","FOCUS_STYLE_REVIEW","warning"," <Link href={`/ratgeber`} className=""px-4 py-2 rounded-full border border-border/50 text-sm text-muted-foreground hover:text-primary hover:border-primary/30 transition-all"">← Alle Ratgeber</Link>"
"app/ratgeber/wohnungsaufloesung-tipps/page.tsx","67","REDUCED_MOTION_REVIEW","warning"," <Link href={`/ratgeber`} className=""px-4 py-2 rounded-full border border-border/50 text-sm text-muted-foreground hover:text-primary hover:border-primary/30 transition-all"">← Alle Ratgeber</Link>"
"app/ratgeber/wohnungsaufloesung-tipps/page.tsx","68","TOUCH_TARGET_REVIEW","warning"," <Link href={`/regensburg/umzug`} className=""px-4 py-2 rounded-full border border-border/50 text-sm text-muted-foreground hover:text-primary hover:border-primary/30 transition-all"">Umzugsfirma Regensburg</Link>"
"app/ratgeber/wohnungsaufloesung-tipps/page.tsx","68","FOCUS_STYLE_REVIEW","warning"," <Link href={`/regensburg/umzug`} className=""px-4 py-2 rounded-full border border-border/50 text-sm text-muted-foreground hover:text-primary hover:border-primary/30 transition-all"">Umzugsfirma Regensburg</Link>"
"app/ratgeber/wohnungsaufloesung-tipps/page.tsx","68","REDUCED_MOTION_REVIEW","warning"," <Link href={`/regensburg/umzug`} className=""px-4 py-2 rounded-full border border-border/50 text-sm text-muted-foreground hover:text-primary hover:border-primary/30 transition-all"">Umzugsfirma Regensburg</Link>"
"app/ratgeber/wohnungsaufloesung-tipps/page.tsx","69","TOUCH_TARGET_REVIEW","warning"," <Link href={`/umzug-bayern`} className=""px-4 py-2 rounded-full border border-border/50 text-sm text-muted-foreground hover:text-primary hover:border-primary/30 transition-all"">{dict.common.umzug_bavaria}</Link>"
"app/ratgeber/wohnungsaufloesung-tipps/page.tsx","69","FOCUS_STYLE_REVIEW","warning"," <Link href={`/umzug-bayern`} className=""px-4 py-2 rounded-full border border-border/50 text-sm text-muted-foreground hover:text-primary hover:border-primary/30 transition-all"">{dict.common.umzug_bavaria}</Link>"
"app/ratgeber/wohnungsaufloesung-tipps/page.tsx","69","REDUCED_MOTION_REVIEW","warning"," <Link href={`/umzug-bayern`} className=""px-4 py-2 rounded-full border border-border/50 text-sm text-muted-foreground hover:text-primary hover:border-primary/30 transition-all"">{dict.common.umzug_bavaria}</Link>"
"app/ratgeber/wann-lohnt-sich-umzugsfirma/page.tsx","67","TOUCH_TARGET_REVIEW","warning"," <Link href={`/ratgeber`} className=""px-4 py-2 rounded-full border border-border/50 text-sm text-muted-foreground hover:text-primary hover:border-primary/30 transition-all"">← Alle Ratgeber</Link>"
"app/ratgeber/wann-lohnt-sich-umzugsfirma/page.tsx","67","FOCUS_STYLE_REVIEW","warning"," <Link href={`/ratgeber`} className=""px-4 py-2 rounded-full border border-border/50 text-sm text-muted-foreground hover:text-primary hover:border-primary/30 transition-all"">← Alle Ratgeber</Link>"
"app/ratgeber/wann-lohnt-sich-umzugsfirma/page.tsx","67","REDUCED_MOTION_REVIEW","warning"," <Link href={`/ratgeber`} className=""px-4 py-2 rounded-full border border-border/50 text-sm text-muted-foreground hover:text-primary hover:border-primary/30 transition-all"">← Alle Ratgeber</Link>"
"app/ratgeber/wann-lohnt-sich-umzugsfirma/page.tsx","68","TOUCH_TARGET_REVIEW","warning"," <Link href={`/regensburg/umzug`} className=""px-4 py-2 rounded-full border border-border/50 text-sm text-muted-foreground hover:text-primary hover:border-primary/30 transition-all"">Umzugsfirma Regensburg</Link>"
"app/ratgeber/wann-lohnt-sich-umzugsfirma/page.tsx","68","FOCUS_STYLE_REVIEW","warning"," <Link href={`/regensburg/umzug`} className=""px-4 py-2 rounded-full border border-border/50 text-sm text-muted-foreground hover:text-primary hover:border-primary/30 transition-all"">Umzugsfirma Regensburg</Link>"
"app/ratgeber/wann-lohnt-sich-umzugsfirma/page.tsx","68","REDUCED_MOTION_REVIEW","warning"," <Link href={`/regensburg/umzug`} className=""px-4 py-2 rounded-full border border-border/50 text-sm text-muted-foreground hover:text-primary hover:border-primary/30 transition-all"">Umzugsfirma Regensburg</Link>"
"app/ratgeber/wann-lohnt-sich-umzugsfirma/page.tsx","69","TOUCH_TARGET_REVIEW","warning"," <Link href={`/umzug-bayern`} className=""px-4 py-2 rounded-full border border-border/50 text-sm text-muted-foreground hover:text-primary hover:border-primary/30 transition-all"">{dict.common.umzug_bavaria}</Link>"
"app/ratgeber/wann-lohnt-sich-umzugsfirma/page.tsx","69","FOCUS_STYLE_REVIEW","warning"," <Link href={`/umzug-bayern`} className=""px-4 py-2 rounded-full border border-border/50 text-sm text-muted-foreground hover:text-primary hover:border-primary/30 transition-all"">{dict.common.umzug_bavaria}</Link>"
"app/ratgeber/wann-lohnt-sich-umzugsfirma/page.tsx","69","REDUCED_MOTION_REVIEW","warning"," <Link href={`/umzug-bayern`} className=""px-4 py-2 rounded-full border border-border/50 text-sm text-muted-foreground hover:text-primary hover:border-primary/30 transition-all"">{dict.common.umzug_bavaria}</Link>"
"app/ratgeber/umzug-vorbereiten-7-schritte/page.tsx","67","TOUCH_TARGET_REVIEW","warning"," <Link href={`/ratgeber`} className=""px-4 py-2 rounded-full border border-border/50 text-sm text-muted-foreground hover:text-primary hover:border-primary/30 transition-all"">← Alle Ratgeber</Link>"
"app/ratgeber/umzug-vorbereiten-7-schritte/page.tsx","67","FOCUS_STYLE_REVIEW","warning"," <Link href={`/ratgeber`} className=""px-4 py-2 rounded-full border border-border/50 text-sm text-muted-foreground hover:text-primary hover:border-primary/30 transition-all"">← Alle Ratgeber</Link>"
"app/ratgeber/umzug-vorbereiten-7-schritte/page.tsx","67","REDUCED_MOTION_REVIEW","warning"," <Link href={`/ratgeber`} className=""px-4 py-2 rounded-full border border-border/50 text-sm text-muted-foreground hover:text-primary hover:border-primary/30 transition-all"">← Alle Ratgeber</Link>"
"app/ratgeber/umzug-vorbereiten-7-schritte/page.tsx","68","TOUCH_TARGET_REVIEW","warning"," <Link href={`/regensburg/umzug`} className=""px-4 py-2 rounded-full border border-border/50 text-sm text-muted-foreground hover:text-primary hover:border-primary/30 transition-all"">Umzugsfirma Regensburg</Link>"
"app/ratgeber/umzug-vorbereiten-7-schritte/page.tsx","68","FOCUS_STYLE_REVIEW","warning"," <Link href={`/regensburg/umzug`} className=""px-4 py-2 rounded-full border border-border/50 text-sm text-muted-foreground hover:text-primary hover:border-primary/30 transition-all"">Umzugsfirma Regensburg</Link>"
"app/ratgeber/umzug-vorbereiten-7-schritte/page.tsx","68","REDUCED_MOTION_REVIEW","warning"," <Link href={`/regensburg/umzug`} className=""px-4 py-2 rounded-full border border-border/50 text-sm text-muted-foreground hover:text-primary hover:border-primary/30 transition-all"">Umzugsfirma Regensburg</Link>"
"app/ratgeber/umzug-vorbereiten-7-schritte/page.tsx","69","TOUCH_TARGET_REVIEW","warning"," <Link href={`/umzug-bayern`} className=""px-4 py-2 rounded-full border border-border/50 text-sm text-muted-foreground hover:text-primary hover:border-primary/30 transition-all"">{dict.common.umzug_bavaria}</Link>"
"app/ratgeber/umzug-vorbereiten-7-schritte/page.tsx","69","FOCUS_STYLE_REVIEW","warning"," <Link href={`/umzug-bayern`} className=""px-4 py-2 rounded-full border border-border/50 text-sm text-muted-foreground hover:text-primary hover:border-primary/30 transition-all"">{dict.common.umzug_bavaria}</Link>"
"app/ratgeber/umzug-vorbereiten-7-schritte/page.tsx","69","REDUCED_MOTION_REVIEW","warning"," <Link href={`/umzug-bayern`} className=""px-4 py-2 rounded-full border border-border/50 text-sm text-muted-foreground hover:text-primary hover:border-primary/30 transition-all"">{dict.common.umzug_bavaria}</Link>"
"app/ratgeber/umzug-versicherung/page.tsx","67","TOUCH_TARGET_REVIEW","warning"," <Link href={`/ratgeber`} className=""px-4 py-2 rounded-full border border-border/50 text-sm text-muted-foreground hover:text-primary hover:border-primary/30 transition-all"">← Alle Ratgeber</Link>"
"app/ratgeber/umzug-versicherung/page.tsx","67","FOCUS_STYLE_REVIEW","warning"," <Link href={`/ratgeber`} className=""px-4 py-2 rounded-full border border-border/50 text-sm text-muted-foreground hover:text-primary hover:border-primary/30 transition-all"">← Alle Ratgeber</Link>"
"app/ratgeber/umzug-versicherung/page.tsx","67","REDUCED_MOTION_REVIEW","warning"," <Link href={`/ratgeber`} className=""px-4 py-2 rounded-full border border-border/50 text-sm text-muted-foreground hover:text-primary hover:border-primary/30 transition-all"">← Alle Ratgeber</Link>"
"app/ratgeber/umzug-versicherung/page.tsx","68","TOUCH_TARGET_REVIEW","warning"," <Link href={`/regensburg/umzug`} className=""px-4 py-2 rounded-full border border-border/50 text-sm text-muted-foreground hover:text-primary hover:border-primary/30 transition-all"">Umzugsfirma Regensburg</Link>"
"app/ratgeber/umzug-versicherung/page.tsx","68","FOCUS_STYLE_REVIEW","warning"," <Link href={`/regensburg/umzug`} className=""px-4 py-2 rounded-full border border-border/50 text-sm text-muted-foreground hover:text-primary hover:border-primary/30 transition-all"">Umzugsfirma Regensburg</Link>"
"app/ratgeber/umzug-versicherung/page.tsx","68","REDUCED_MOTION_REVIEW","warning"," <Link href={`/regensburg/umzug`} className=""px-4 py-2 rounded-full border border-border/50 text-sm text-muted-foreground hover:text-primary hover:border-primary/30 transition-all"">Umzugsfirma Regensburg</Link>"
"app/ratgeber/umzug-versicherung/page.tsx","69","TOUCH_TARGET_REVIEW","warning"," <Link href={`/umzug-bayern`} className=""px-4 py-2 rounded-full border border-border/50 text-sm text-muted-foreground hover:text-primary hover:border-primary/30 transition-all"">{dict.common.umzug_bavaria}</Link>"
"app/ratgeber/umzug-versicherung/page.tsx","69","FOCUS_STYLE_REVIEW","warning"," <Link href={`/umzug-bayern`} className=""px-4 py-2 rounded-full border border-border/50 text-sm text-muted-foreground hover:text-primary hover:border-primary/30 transition-all"">{dict.common.umzug_bavaria}</Link>"
"app/ratgeber/umzug-versicherung/page.tsx","69","REDUCED_MOTION_REVIEW","warning"," <Link href={`/umzug-bayern`} className=""px-4 py-2 rounded-full border border-border/50 text-sm text-muted-foreground hover:text-primary hover:border-primary/30 transition-all"">{dict.common.umzug_bavaria}</Link>"
"app/ratgeber/umzug-tipps-familien/page.tsx","67","TOUCH_TARGET_REVIEW","warning"," <Link href={`/ratgeber`} className=""px-4 py-2 rounded-full border border-border/50 text-sm text-muted-foreground hover:text-primary hover:border-primary/30 transition-all"">← Alle Ratgeber</Link>"
"app/ratgeber/umzug-tipps-familien/page.tsx","67","FOCUS_STYLE_REVIEW","warning"," <Link href={`/ratgeber`} className=""px-4 py-2 rounded-full border border-border/50 text-sm text-muted-foreground hover:text-primary hover:border-primary/30 transition-all"">← Alle Ratgeber</Link>"
"app/ratgeber/umzug-tipps-familien/page.tsx","67","REDUCED_MOTION_REVIEW","warning"," <Link href={`/ratgeber`} className=""px-4 py-2 rounded-full border border-border/50 text-sm text-muted-foreground hover:text-primary hover:border-primary/30 transition-all"">← Alle Ratgeber</Link>"
"app/ratgeber/umzug-tipps-familien/page.tsx","68","TOUCH_TARGET_REVIEW","warning"," <Link href={`/regensburg/umzug`} className=""px-4 py-2 rounded-full border border-border/50 text-sm text-muted-foreground hover:text-primary hover:border-primary/30 transition-all"">Umzugsfirma Regensburg</Link>"
"app/ratgeber/umzug-tipps-familien/page.tsx","68","FOCUS_STYLE_REVIEW","warning"," <Link href={`/regensburg/umzug`} className=""px-4 py-2 rounded-full border border-border/50 text-sm text-muted-foreground hover:text-primary hover:border-primary/30 transition-all"">Umzugsfirma Regensburg</Link>"
"app/ratgeber/umzug-tipps-familien/page.tsx","68","REDUCED_MOTION_REVIEW","warning"," <Link href={`/regensburg/umzug`} className=""px-4 py-2 rounded-full border border-border/50 text-sm text-muted-foreground hover:text-primary hover:border-primary/30 transition-all"">Umzugsfirma Regensburg</Link>"
"app/ratgeber/umzug-tipps-familien/page.tsx","69","TOUCH_TARGET_REVIEW","warning"," <Link href={`/umzug-bayern`} className=""px-4 py-2 rounded-full border border-border/50 text-sm text-muted-foreground hover:text-primary hover:border-primary/30 transition-all"">{dict.common.umzug_bavaria}</Link>"
"app/ratgeber/umzug-tipps-familien/page.tsx","69","FOCUS_STYLE_REVIEW","warning"," <Link href={`/umzug-bayern`} className=""px-4 py-2 rounded-full border border-border/50 text-sm text-muted-foreground hover:text-primary hover:border-primary/30 transition-all"">{dict.common.umzug_bavaria}</Link>"
"app/ratgeber/umzug-tipps-familien/page.tsx","69","REDUCED_MOTION_REVIEW","warning"," <Link href={`/umzug-bayern`} className=""px-4 py-2 rounded-full border border-border/50 text-sm text-muted-foreground hover:text-primary hover:border-primary/30 transition-all"">{dict.common.umzug_bavaria}</Link>"
"app/ratgeber/umzug-kosten-regensburg/page.tsx","67","TOUCH_TARGET_REVIEW","warning"," <Link href={`/ratgeber`} className=""px-4 py-2 rounded-full border border-border/50 text-sm text-muted-foreground hover:text-primary hover:border-primary/30 transition-all"">← Alle Ratgeber</Link>"
"app/ratgeber/umzug-kosten-regensburg/page.tsx","67","FOCUS_STYLE_REVIEW","warning"," <Link href={`/ratgeber`} className=""px-4 py-2 rounded-full border border-border/50 text-sm text-muted-foreground hover:text-primary hover:border-primary/30 transition-all"">← Alle Ratgeber</Link>"
"app/ratgeber/umzug-kosten-regensburg/page.tsx","67","REDUCED_MOTION_REVIEW","warning"," <Link href={`/ratgeber`} className=""px-4 py-2 rounded-full border border-border/50 text-sm text-muted-foreground hover:text-primary hover:border-primary/30 transition-all"">← Alle Ratgeber</Link>"
"app/ratgeber/umzug-kosten-regensburg/page.tsx","68","TOUCH_TARGET_REVIEW","warning"," <Link href={`/regensburg/umzug`} className=""px-4 py-2 rounded-full border border-border/50 text-sm text-muted-foreground hover:text-primary hover:border-primary/30 transition-all"">Umzugsfirma Regensburg</Link>"
"app/ratgeber/umzug-kosten-regensburg/page.tsx","68","FOCUS_STYLE_REVIEW","warning"," <Link href={`/regensburg/umzug`} className=""px-4 py-2 rounded-full border border-border/50 text-sm text-muted-foreground hover:text-primary hover:border-primary/30 transition-all"">Umzugsfirma Regensburg</Link>"
"app/ratgeber/umzug-kosten-regensburg/page.tsx","68","REDUCED_MOTION_REVIEW","warning"," <Link href={`/regensburg/umzug`} className=""px-4 py-2 rounded-full border border-border/50 text-sm text-muted-foreground hover:text-primary hover:border-primary/30 transition-all"">Umzugsfirma Regensburg</Link>"
"app/ratgeber/umzug-kosten-regensburg/page.tsx","69","TOUCH_TARGET_REVIEW","warning"," <Link href={`/umzug-bayern`} className=""px-4 py-2 rounded-full border border-border/50 text-sm text-muted-foreground hover:text-primary hover:border-primary/30 transition-all"">{dict.common.umzug_bavaria}</Link>"
"app/ratgeber/umzug-kosten-regensburg/page.tsx","69","FOCUS_STYLE_REVIEW","warning"," <Link href={`/umzug-bayern`} className=""px-4 py-2 rounded-full border border-border/50 text-sm text-muted-foreground hover:text-primary hover:border-primary/30 transition-all"">{dict.common.umzug_bavaria}</Link>"
"app/ratgeber/umzug-kosten-regensburg/page.tsx","69","REDUCED_MOTION_REVIEW","warning"," <Link href={`/umzug-bayern`} className=""px-4 py-2 rounded-full border border-border/50 text-sm text-muted-foreground hover:text-primary hover:border-primary/30 transition-all"">{dict.common.umzug_bavaria}</Link>"
"app/ratgeber/umzug-kosten-rechner/page.tsx","67","TOUCH_TARGET_REVIEW","warning"," <Link href={`/ratgeber`} className=""px-4 py-2 rounded-full border border-border/50 text-sm text-muted-foreground hover:text-primary hover:border-primary/30 transition-all"">← Alle Ratgeber</Link>"
"app/ratgeber/umzug-kosten-rechner/page.tsx","67","FOCUS_STYLE_REVIEW","warning"," <Link href={`/ratgeber`} className=""px-4 py-2 rounded-full border border-border/50 text-sm text-muted-foreground hover:text-primary hover:border-primary/30 transition-all"">← Alle Ratgeber</Link>"
"app/ratgeber/umzug-kosten-rechner/page.tsx","67","REDUCED_MOTION_REVIEW","warning"," <Link href={`/ratgeber`} className=""px-4 py-2 rounded-full border border-border/50 text-sm text-muted-foreground hover:text-primary hover:border-primary/30 transition-all"">← Alle Ratgeber</Link>"
"app/ratgeber/umzug-kosten-rechner/page.tsx","68","TOUCH_TARGET_REVIEW","warning"," <Link href={`/regensburg/umzug`} className=""px-4 py-2 rounded-full border border-border/50 text-sm text-muted-foreground hover:text-primary hover:border-primary/30 transition-all"">Umzugsfirma Regensburg</Link>"
"app/ratgeber/umzug-kosten-rechner/page.tsx","68","FOCUS_STYLE_REVIEW","warning"," <Link href={`/regensburg/umzug`} className=""px-4 py-2 rounded-full border border-border/50 text-sm text-muted-foreground hover:text-primary hover:border-primary/30 transition-all"">Umzugsfirma Regensburg</Link>"
"app/ratgeber/umzug-kosten-rechner/page.tsx","68","REDUCED_MOTION_REVIEW","warning"," <Link href={`/regensburg/umzug`} className=""px-4 py-2 rounded-full border border-border/50 text-sm text-muted-foreground hover:text-primary hover:border-primary/30 transition-all"">Umzugsfirma Regensburg</Link>"
"app/ratgeber/umzug-kosten-rechner/page.tsx","69","TOUCH_TARGET_REVIEW","warning"," <Link href={`/umzug-bayern`} className=""px-4 py-2 rounded-full border border-border/50 text-sm text-muted-foreground hover:text-primary hover:border-primary/30 transition-all"">{dict.common.umzug_bavaria}</Link>"
"app/ratgeber/umzug-kosten-rechner/page.tsx","69","FOCUS_STYLE_REVIEW","warning"," <Link href={`/umzug-bayern`} className=""px-4 py-2 rounded-full border border-border/50 text-sm text-muted-foreground hover:text-primary hover:border-primary/30 transition-all"">{dict.common.umzug_bavaria}</Link>"
"app/ratgeber/umzug-kosten-rechner/page.tsx","69","REDUCED_MOTION_REVIEW","warning"," <Link href={`/umzug-bayern`} className=""px-4 py-2 rounded-full border border-border/50 text-sm text-muted-foreground hover:text-primary hover:border-primary/30 transition-all"">{dict.common.umzug_bavaria}</Link>"
"app/ratgeber/umzug-im-winter/page.tsx","67","TOUCH_TARGET_REVIEW","warning"," <Link href={`/ratgeber`} className=""px-4 py-2 rounded-full border border-border/50 text-sm text-muted-foreground hover:text-primary hover:border-primary/30 transition-all"">← Alle Ratgeber</Link>"
"app/ratgeber/umzug-im-winter/page.tsx","67","FOCUS_STYLE_REVIEW","warning"," <Link href={`/ratgeber`} className=""px-4 py-2 rounded-full border border-border/50 text-sm text-muted-foreground hover:text-primary hover:border-primary/30 transition-all"">← Alle Ratgeber</Link>"
"app/ratgeber/umzug-im-winter/page.tsx","67","REDUCED_MOTION_REVIEW","warning"," <Link href={`/ratgeber`} className=""px-4 py-2 rounded-full border border-border/50 text-sm text-muted-foreground hover:text-primary hover:border-primary/30 transition-all"">← Alle Ratgeber</Link>"
"app/ratgeber/umzug-im-winter/page.tsx","68","TOUCH_TARGET_REVIEW","warning"," <Link href={`/regensburg/umzug`} className=""px-4 py-2 rounded-full border border-border/50 text-sm text-muted-foreground hover:text-primary hover:border-primary/30 transition-all"">Umzugsfirma Regensburg</Link>"
"app/ratgeber/umzug-im-winter/page.tsx","68","FOCUS_STYLE_REVIEW","warning"," <Link href={`/regensburg/umzug`} className=""px-4 py-2 rounded-full border border-border/50 text-sm text-muted-foreground hover:text-primary hover:border-primary/30 transition-all"">Umzugsfirma Regensburg</Link>"
"app/ratgeber/umzug-im-winter/page.tsx","68","REDUCED_MOTION_REVIEW","warning"," <Link href={`/regensburg/umzug`} className=""px-4 py-2 rounded-full border border-border/50 text-sm text-muted-foreground hover:text-primary hover:border-primary/30 transition-all"">Umzugsfirma Regensburg</Link>"
"app/ratgeber/umzug-im-winter/page.tsx","69","TOUCH_TARGET_REVIEW","warning"," <Link href={`/umzug-bayern`} className=""px-4 py-2 rounded-full border border-border/50 text-sm text-muted-foreground hover:text-primary hover:border-primary/30 transition-all"">{dict.common.umzug_bavaria}</Link>"
"app/ratgeber/umzug-im-winter/page.tsx","69","FOCUS_STYLE_REVIEW","warning"," <Link href={`/umzug-bayern`} className=""px-4 py-2 rounded-full border border-border/50 text-sm text-muted-foreground hover:text-primary hover:border-primary/30 transition-all"">{dict.common.umzug_bavaria}</Link>"
"app/ratgeber/umzug-im-winter/page.tsx","69","REDUCED_MOTION_REVIEW","warning"," <Link href={`/umzug-bayern`} className=""px-4 py-2 rounded-full border border-border/50 text-sm text-muted-foreground hover:text-primary hover:border-primary/30 transition-all"">{dict.common.umzug_bavaria}</Link>"
"app/ratgeber/umzug-erste-wohnung/page.tsx","67","TOUCH_TARGET_REVIEW","warning"," <Link href={`/ratgeber`} className=""px-4 py-2 rounded-full border border-border/50 text-sm text-muted-foreground hover:text-primary hover:border-primary/30 transition-all"">← Alle Ratgeber</Link>"
"app/ratgeber/umzug-erste-wohnung/page.tsx","67","FOCUS_STYLE_REVIEW","warning"," <Link href={`/ratgeber`} className=""px-4 py-2 rounded-full border border-border/50 text-sm text-muted-foreground hover:text-primary hover:border-primary/30 transition-all"">← Alle Ratgeber</Link>"
"app/ratgeber/umzug-erste-wohnung/page.tsx","67","REDUCED_MOTION_REVIEW","warning"," <Link href={`/ratgeber`} className=""px-4 py-2 rounded-full border border-border/50 text-sm text-muted-foreground hover:text-primary hover:border-primary/30 transition-all"">← Alle Ratgeber</Link>"
"app/ratgeber/umzug-erste-wohnung/page.tsx","68","TOUCH_TARGET_REVIEW","warning"," <Link href={`/regensburg/umzug`} className=""px-4 py-2 rounded-full border border-border/50 text-sm text-muted-foreground hover:text-primary hover:border-primary/30 transition-all"">Umzugsfirma Regensburg</Link>"
"app/ratgeber/umzug-erste-wohnung/page.tsx","68","FOCUS_STYLE_REVIEW","warning"," <Link href={`/regensburg/umzug`} className=""px-4 py-2 rounded-full border border-border/50 text-sm text-muted-foreground hover:text-primary hover:border-primary/30 transition-all"">Umzugsfirma Regensburg</Link>"
"app/ratgeber/umzug-erste-wohnung/page.tsx","68","REDUCED_MOTION_REVIEW","warning"," <Link href={`/regensburg/umzug`} className=""px-4 py-2 rounded-full border border-border/50 text-sm text-muted-foreground hover:text-primary hover:border-primary/30 transition-all"">Umzugsfirma Regensburg</Link>"
"app/ratgeber/umzug-erste-wohnung/page.tsx","69","TOUCH_TARGET_REVIEW","warning"," <Link href={`/umzug-bayern`} className=""px-4 py-2 rounded-full border border-border/50 text-sm text-muted-foreground hover:text-primary hover:border-primary/30 transition-all"">{dict.common.umzug_bavaria}</Link>"
"app/ratgeber/umzug-erste-wohnung/page.tsx","69","FOCUS_STYLE_REVIEW","warning"," <Link href={`/umzug-bayern`} className=""px-4 py-2 rounded-full border border-border/50 text-sm text-muted-foreground hover:text-primary hover:border-primary/30 transition-all"">{dict.common.umzug_bavaria}</Link>"
"app/ratgeber/umzug-erste-wohnung/page.tsx","69","REDUCED_MOTION_REVIEW","warning"," <Link href={`/umzug-bayern`} className=""px-4 py-2 rounded-full border border-border/50 text-sm text-muted-foreground hover:text-primary hover:border-primary/30 transition-all"">{dict.common.umzug_bavaria}</Link>"
"app/ratgeber/umzug-anmelden-ummelden/page.tsx","67","TOUCH_TARGET_REVIEW","warning"," <Link href={`/ratgeber`} className=""px-4 py-2 rounded-full border border-border/50 text-sm text-muted-foreground hover:text-primary hover:border-primary/30 transition-all"">← Alle Ratgeber</Link>"
"app/ratgeber/umzug-anmelden-ummelden/page.tsx","67","FOCUS_STYLE_REVIEW","warning"," <Link href={`/ratgeber`} className=""px-4 py-2 rounded-full border border-border/50 text-sm text-muted-foreground hover:text-primary hover:border-primary/30 transition-all"">← Alle Ratgeber</Link>"
"app/ratgeber/umzug-anmelden-ummelden/page.tsx","67","REDUCED_MOTION_REVIEW","warning"," <Link href={`/ratgeber`} className=""px-4 py-2 rounded-full border border-border/50 text-sm text-muted-foreground hover:text-primary hover:border-primary/30 transition-all"">← Alle Ratgeber</Link>"
"app/ratgeber/umzug-anmelden-ummelden/page.tsx","68","TOUCH_TARGET_REVIEW","warning"," <Link href={`/regensburg/umzug`} className=""px-4 py-2 rounded-full border border-border/50 text-sm text-muted-foreground hover:text-primary hover:border-primary/30 transition-all"">Umzugsfirma Regensburg</Link>"
"app/ratgeber/umzug-anmelden-ummelden/page.tsx","68","FOCUS_STYLE_REVIEW","warning"," <Link href={`/regensburg/umzug`} className=""px-4 py-2 rounded-full border border-border/50 text-sm text-muted-foreground hover:text-primary hover:border-primary/30 transition-all"">Umzugsfirma Regensburg</Link>"
"app/ratgeber/umzug-anmelden-ummelden/page.tsx","68","REDUCED_MOTION_REVIEW","warning"," <Link href={`/regensburg/umzug`} className=""px-4 py-2 rounded-full border border-border/50 text-sm text-muted-foreground hover:text-primary hover:border-primary/30 transition-all"">Umzugsfirma Regensburg</Link>"
"app/ratgeber/umzug-anmelden-ummelden/page.tsx","69","TOUCH_TARGET_REVIEW","warning"," <Link href={`/umzug-bayern`} className=""px-4 py-2 rounded-full border border-border/50 text-sm text-muted-foreground hover:text-primary hover:border-primary/30 transition-all"">{dict.common.umzug_bavaria}</Link>"
"app/ratgeber/umzug-anmelden-ummelden/page.tsx","69","FOCUS_STYLE_REVIEW","warning"," <Link href={`/umzug-bayern`} className=""px-4 py-2 rounded-full border border-border/50 text-sm text-muted-foreground hover:text-primary hover:border-primary/30 transition-all"">{dict.common.umzug_bavaria}</Link>"
"app/ratgeber/umzug-anmelden-ummelden/page.tsx","69","REDUCED_MOTION_REVIEW","warning"," <Link href={`/umzug-bayern`} className=""px-4 py-2 rounded-full border border-border/50 text-sm text-muted-foreground hover:text-primary hover:border-primary/30 transition-all"">{dict.common.umzug_bavaria}</Link>"
"app/ratgeber/reinigung-nach-umzug/page.tsx","67","TOUCH_TARGET_REVIEW","warning"," <Link href={`/ratgeber`} className=""px-4 py-2 rounded-full border border-border/50 text-sm text-muted-foreground hover:text-primary hover:border-primary/30 transition-all"">← Alle Ratgeber</Link>"
"app/ratgeber/reinigung-nach-umzug/page.tsx","67","FOCUS_STYLE_REVIEW","warning"," <Link href={`/ratgeber`} className=""px-4 py-2 rounded-full border border-border/50 text-sm text-muted-foreground hover:text-primary hover:border-primary/30 transition-all"">← Alle Ratgeber</Link>"
"app/ratgeber/reinigung-nach-umzug/page.tsx","67","REDUCED_MOTION_REVIEW","warning"," <Link href={`/ratgeber`} className=""px-4 py-2 rounded-full border border-border/50 text-sm text-muted-foreground hover:text-primary hover:border-primary/30 transition-all"">← Alle Ratgeber</Link>"
"app/ratgeber/reinigung-nach-umzug/page.tsx","68","TOUCH_TARGET_REVIEW","warning"," <Link href={`/regensburg/umzug`} className=""px-4 py-2 rounded-full border border-border/50 text-sm text-muted-foreground hover:text-primary hover:border-primary/30 transition-all"">Umzugsfirma Regensburg</Link>"
"app/ratgeber/reinigung-nach-umzug/page.tsx","68","FOCUS_STYLE_REVIEW","warning"," <Link href={`/regensburg/umzug`} className=""px-4 py-2 rounded-full border border-border/50 text-sm text-muted-foreground hover:text-primary hover:border-primary/30 transition-all"">Umzugsfirma Regensburg</Link>"
"app/ratgeber/reinigung-nach-umzug/page.tsx","68","REDUCED_MOTION_REVIEW","warning"," <Link href={`/regensburg/umzug`} className=""px-4 py-2 rounded-full border border-border/50 text-sm text-muted-foreground hover:text-primary hover:border-primary/30 transition-all"">Umzugsfirma Regensburg</Link>"
"app/ratgeber/reinigung-nach-umzug/page.tsx","69","TOUCH_TARGET_REVIEW","warning"," <Link href={`/umzug-bayern`} className=""px-4 py-2 rounded-full border border-border/50 text-sm text-muted-foreground hover:text-primary hover:border-primary/30 transition-all"">{dict.common.umzug_bavaria}</Link>"
"app/ratgeber/reinigung-nach-umzug/page.tsx","69","FOCUS_STYLE_REVIEW","warning"," <Link href={`/umzug-bayern`} className=""px-4 py-2 rounded-full border border-border/50 text-sm text-muted-foreground hover:text-primary hover:border-primary/30 transition-all"">{dict.common.umzug_bavaria}</Link>"
"app/ratgeber/reinigung-nach-umzug/page.tsx","69","REDUCED_MOTION_REVIEW","warning"," <Link href={`/umzug-bayern`} className=""px-4 py-2 rounded-full border border-border/50 text-sm text-muted-foreground hover:text-primary hover:border-primary/30 transition-all"">{dict.common.umzug_bavaria}</Link>"
"app/ratgeber/moebeltransport-sicher/page.tsx","67","TOUCH_TARGET_REVIEW","warning"," <Link href={`/ratgeber`} className=""px-4 py-2 rounded-full border border-border/50 text-sm text-muted-foreground hover:text-primary hover:border-primary/30 transition-all"">← Alle Ratgeber</Link>"
"app/ratgeber/moebeltransport-sicher/page.tsx","67","FOCUS_STYLE_REVIEW","warning"," <Link href={`/ratgeber`} className=""px-4 py-2 rounded-full border border-border/50 text-sm text-muted-foreground hover:text-primary hover:border-primary/30 transition-all"">← Alle Ratgeber</Link>"
"app/ratgeber/moebeltransport-sicher/page.tsx","67","REDUCED_MOTION_REVIEW","warning"," <Link href={`/ratgeber`} className=""px-4 py-2 rounded-full border border-border/50 text-sm text-muted-foreground hover:text-primary hover:border-primary/30 transition-all"">← Alle Ratgeber</Link>"
"app/ratgeber/moebeltransport-sicher/page.tsx","68","TOUCH_TARGET_REVIEW","warning"," <Link href={`/regensburg/umzug`} className=""px-4 py-2 rounded-full border border-border/50 text-sm text-muted-foreground hover:text-primary hover:border-primary/30 transition-all"">Umzugsfirma Regensburg</Link>"
"app/ratgeber/moebeltransport-sicher/page.tsx","68","FOCUS_STYLE_REVIEW","warning"," <Link href={`/regensburg/umzug`} className=""px-4 py-2 rounded-full border border-border/50 text-sm text-muted-foreground hover:text-primary hover:border-primary/30 transition-all"">Umzugsfirma Regensburg</Link>"
"app/ratgeber/moebeltransport-sicher/page.tsx","68","REDUCED_MOTION_REVIEW","warning"," <Link href={`/regensburg/umzug`} className=""px-4 py-2 rounded-full border border-border/50 text-sm text-muted-foreground hover:text-primary hover:border-primary/30 transition-all"">Umzugsfirma Regensburg</Link>"
"app/ratgeber/moebeltransport-sicher/page.tsx","69","TOUCH_TARGET_REVIEW","warning"," <Link href={`/umzug-bayern`} className=""px-4 py-2 rounded-full border border-border/50 text-sm text-muted-foreground hover:text-primary hover:border-primary/30 transition-all"">{dict.common.umzug_bavaria}</Link>"
"app/ratgeber/moebeltransport-sicher/page.tsx","69","FOCUS_STYLE_REVIEW","warning"," <Link href={`/umzug-bayern`} className=""px-4 py-2 rounded-full border border-border/50 text-sm text-muted-foreground hover:text-primary hover:border-primary/30 transition-all"">{dict.common.umzug_bavaria}</Link>"
"app/ratgeber/moebeltransport-sicher/page.tsx","69","REDUCED_MOTION_REVIEW","warning"," <Link href={`/umzug-bayern`} className=""px-4 py-2 rounded-full border border-border/50 text-sm text-muted-foreground hover:text-primary hover:border-primary/30 transition-all"">{dict.common.umzug_bavaria}</Link>"
"app/ratgeber/gute-umzugsfirma-finden/page.tsx","67","TOUCH_TARGET_REVIEW","warning"," <Link href={`/ratgeber`} className=""px-4 py-2 rounded-full border border-border/50 text-sm text-muted-foreground hover:text-primary hover:border-primary/30 transition-all"">← Alle Ratgeber</Link>"
"app/ratgeber/gute-umzugsfirma-finden/page.tsx","67","FOCUS_STYLE_REVIEW","warning"," <Link href={`/ratgeber`} className=""px-4 py-2 rounded-full border border-border/50 text-sm text-muted-foreground hover:text-primary hover:border-primary/30 transition-all"">← Alle Ratgeber</Link>"
"app/ratgeber/gute-umzugsfirma-finden/page.tsx","67","REDUCED_MOTION_REVIEW","warning"," <Link href={`/ratgeber`} className=""px-4 py-2 rounded-full border border-border/50 text-sm text-muted-foreground hover:text-primary hover:border-primary/30 transition-all"">← Alle Ratgeber</Link>"
"app/ratgeber/gute-umzugsfirma-finden/page.tsx","68","TOUCH_TARGET_REVIEW","warning"," <Link href={`/regensburg/umzug`} className=""px-4 py-2 rounded-full border border-border/50 text-sm text-muted-foreground hover:text-primary hover:border-primary/30 transition-all"">Umzugsfirma Regensburg</Link>"
"app/ratgeber/gute-umzugsfirma-finden/page.tsx","68","FOCUS_STYLE_REVIEW","warning"," <Link href={`/regensburg/umzug`} className=""px-4 py-2 rounded-full border border-border/50 text-sm text-muted-foreground hover:text-primary hover:border-primary/30 transition-all"">Umzugsfirma Regensburg</Link>"
"app/ratgeber/gute-umzugsfirma-finden/page.tsx","68","REDUCED_MOTION_REVIEW","warning"," <Link href={`/regensburg/umzug`} className=""px-4 py-2 rounded-full border border-border/50 text-sm text-muted-foreground hover:text-primary hover:border-primary/30 transition-all"">Umzugsfirma Regensburg</Link>"
"app/ratgeber/gute-umzugsfirma-finden/page.tsx","69","TOUCH_TARGET_REVIEW","warning"," <Link href={`/umzug-bayern`} className=""px-4 py-2 rounded-full border border-border/50 text-sm text-muted-foreground hover:text-primary hover:border-primary/30 transition-all"">{dict.common.umzug_bavaria}</Link>"
"app/ratgeber/gute-umzugsfirma-finden/page.tsx","69","FOCUS_STYLE_REVIEW","warning"," <Link href={`/umzug-bayern`} className=""px-4 py-2 rounded-full border border-border/50 text-sm text-muted-foreground hover:text-primary hover:border-primary/30 transition-all"">{dict.common.umzug_bavaria}</Link>"
"app/ratgeber/gute-umzugsfirma-finden/page.tsx","69","REDUCED_MOTION_REVIEW","warning"," <Link href={`/umzug-bayern`} className=""px-4 py-2 rounded-full border border-border/50 text-sm text-muted-foreground hover:text-primary hover:border-primary/30 transition-all"">{dict.common.umzug_bavaria}</Link>"
"app/ratgeber/entruempelung-kosten-pro-m3/page.tsx","67","TOUCH_TARGET_REVIEW","warning"," <Link href={`/ratgeber`} className=""px-4 py-2 rounded-full border border-border/50 text-sm text-muted-foreground hover:text-primary hover:border-primary/30 transition-all"">← Alle Ratgeber</Link>"
"app/ratgeber/entruempelung-kosten-pro-m3/page.tsx","67","FOCUS_STYLE_REVIEW","warning"," <Link href={`/ratgeber`} className=""px-4 py-2 rounded-full border border-border/50 text-sm text-muted-foreground hover:text-primary hover:border-primary/30 transition-all"">← Alle Ratgeber</Link>"
"app/ratgeber/entruempelung-kosten-pro-m3/page.tsx","67","REDUCED_MOTION_REVIEW","warning"," <Link href={`/ratgeber`} className=""px-4 py-2 rounded-full border border-border/50 text-sm text-muted-foreground hover:text-primary hover:border-primary/30 transition-all"">← Alle Ratgeber</Link>"
"app/ratgeber/entruempelung-kosten-pro-m3/page.tsx","68","TOUCH_TARGET_REVIEW","warning"," <Link href={`/regensburg/umzug`} className=""px-4 py-2 rounded-full border border-border/50 text-sm text-muted-foreground hover:text-primary hover:border-primary/30 transition-all"">Umzugsfirma Regensburg</Link>"
"app/ratgeber/entruempelung-kosten-pro-m3/page.tsx","68","FOCUS_STYLE_REVIEW","warning"," <Link href={`/regensburg/umzug`} className=""px-4 py-2 rounded-full border border-border/50 text-sm text-muted-foreground hover:text-primary hover:border-primary/30 transition-all"">Umzugsfirma Regensburg</Link>"
"app/ratgeber/entruempelung-kosten-pro-m3/page.tsx","68","REDUCED_MOTION_REVIEW","warning"," <Link href={`/regensburg/umzug`} className=""px-4 py-2 rounded-full border border-border/50 text-sm text-muted-foreground hover:text-primary hover:border-primary/30 transition-all"">Umzugsfirma Regensburg</Link>"
"app/ratgeber/entruempelung-kosten-pro-m3/page.tsx","69","TOUCH_TARGET_REVIEW","warning"," <Link href={`/umzug-bayern`} className=""px-4 py-2 rounded-full border border-border/50 text-sm text-muted-foreground hover:text-primary hover:border-primary/30 transition-all"">{dict.common.umzug_bavaria}</Link>"
"app/ratgeber/entruempelung-kosten-pro-m3/page.tsx","69","FOCUS_STYLE_REVIEW","warning"," <Link href={`/umzug-bayern`} className=""px-4 py-2 rounded-full border border-border/50 text-sm text-muted-foreground hover:text-primary hover:border-primary/30 transition-all"">{dict.common.umzug_bavaria}</Link>"
"app/ratgeber/entruempelung-kosten-pro-m3/page.tsx","69","REDUCED_MOTION_REVIEW","warning"," <Link href={`/umzug-bayern`} className=""px-4 py-2 rounded-full border border-border/50 text-sm text-muted-foreground hover:text-primary hover:border-primary/30 transition-all"">{dict.common.umzug_bavaria}</Link>"
"app/ratgeber/checkliste-umzug/page.tsx","67","TOUCH_TARGET_REVIEW","warning"," <Link href={`/ratgeber`} className=""px-4 py-2 rounded-full border border-border/50 text-sm text-muted-foreground hover:text-primary hover:border-primary/30 transition-all"">← Alle Ratgeber</Link>"
"app/ratgeber/checkliste-umzug/page.tsx","67","FOCUS_STYLE_REVIEW","warning"," <Link href={`/ratgeber`} className=""px-4 py-2 rounded-full border border-border/50 text-sm text-muted-foreground hover:text-primary hover:border-primary/30 transition-all"">← Alle Ratgeber</Link>"
"app/ratgeber/checkliste-umzug/page.tsx","67","REDUCED_MOTION_REVIEW","warning"," <Link href={`/ratgeber`} className=""px-4 py-2 rounded-full border border-border/50 text-sm text-muted-foreground hover:text-primary hover:border-primary/30 transition-all"">← Alle Ratgeber</Link>"
"app/ratgeber/checkliste-umzug/page.tsx","68","TOUCH_TARGET_REVIEW","warning"," <Link href={`/regensburg/umzug`} className=""px-4 py-2 rounded-full border border-border/50 text-sm text-muted-foreground hover:text-primary hover:border-primary/30 transition-all"">Umzugsfirma Regensburg</Link>"
"app/ratgeber/checkliste-umzug/page.tsx","68","FOCUS_STYLE_REVIEW","warning"," <Link href={`/regensburg/umzug`} className=""px-4 py-2 rounded-full border border-border/50 text-sm text-muted-foreground hover:text-primary hover:border-primary/30 transition-all"">Umzugsfirma Regensburg</Link>"
"app/ratgeber/checkliste-umzug/page.tsx","68","REDUCED_MOTION_REVIEW","warning"," <Link href={`/regensburg/umzug`} className=""px-4 py-2 rounded-full border border-border/50 text-sm text-muted-foreground hover:text-primary hover:border-primary/30 transition-all"">Umzugsfirma Regensburg</Link>"
"app/ratgeber/checkliste-umzug/page.tsx","69","TOUCH_TARGET_REVIEW","warning"," <Link href={`/umzug-bayern`} className=""px-4 py-2 rounded-full border border-border/50 text-sm text-muted-foreground hover:text-primary hover:border-primary/30 transition-all"">{dict.common.umzug_bavaria}</Link>"
"app/ratgeber/checkliste-umzug/page.tsx","69","FOCUS_STYLE_REVIEW","warning"," <Link href={`/umzug-bayern`} className=""px-4 py-2 rounded-full border border-border/50 text-sm text-muted-foreground hover:text-primary hover:border-primary/30 transition-all"">{dict.common.umzug_bavaria}</Link>"
"app/ratgeber/checkliste-umzug/page.tsx","69","REDUCED_MOTION_REVIEW","warning"," <Link href={`/umzug-bayern`} className=""px-4 py-2 rounded-full border border-border/50 text-sm text-muted-foreground hover:text-primary hover:border-primary/30 transition-all"">{dict.common.umzug_bavaria}</Link>"
"app/qualitaet-ablauf/page.tsx","140","REDUCED_MOTION_REVIEW","warning"," className=""inline-flex items-center gap-2 rounded-2xl bg-blue-500 px-5 py-3 text-sm font-semibold text-slate-950 transition hover:bg-blue-400"""
"app/qualitaet-ablauf/page.tsx","147","REDUCED_MOTION_REVIEW","warning"," className=""inline-flex items-center gap-2 rounded-2xl border border-foreground/10 bg-white/[0.04] px-5 py-3 text-sm font-semibold text-foreground/82 transition hover:bg-white/[0.08]"""
"app/qualitaet-ablauf/page.tsx","220","REDUCED_MOTION_REVIEW","warning"," className=""group flex items-center justify-between gap-4 rounded-[1.5rem] border border-foreground/10 bg-white/[0.025] p-6 text-foreground transition-all hover:-translate-y-1 hover:border-blue-300/25 hover:bg-blue-500/1"
"app/qualitaet-ablauf/page.tsx","223","REDUCED_MOTION_REVIEW","warning"," <ArrowRight className=""h-4 w-4 text-blue-700 transition-transform group-hover:translate-x-1"" />"
"app/private-client-service/page.tsx","172","TOUCH_TARGET_REVIEW","warning"," <Link href=""/"" className=""flex items-center gap-3"">"
"app/private-client-service/page.tsx","172","FOCUS_STYLE_REVIEW","warning"," <Link href=""/"" className=""flex items-center gap-3"">"
"app/private-client-service/page.tsx","183","REDUCED_MOTION_REVIEW","warning"," className=""private-copy hidden rounded-full border border-[#D8B76E]/25 px-5 py-2.5 text-[10px] font-semibold uppercase tracking-[0.18em] text-[#D8B76E] transition hover:bg-[#D8B76E] hover:text-[#120D08] sm:inline-flex"""
"app/private-client-service/page.tsx","213","REDUCED_MOTION_REVIEW","warning"," className=""private-copy inline-flex h-14 items-center justify-center gap-3 rounded-full bg-[#D8B76E] px-8 text-[11px] font-bold uppercase tracking-[0.18em] text-[#120D08] transition hover:bg-[#F0D58B]"""
"app/private-client-service/page.tsx","227","REDUCED_MOTION_REVIEW","warning"," className=""private-copy inline-flex h-14 items-center justify-center rounded-full border border-[#D8B76E]/22 px-8 text-[11px] font-bold uppercase tracking-[0.18em] text-[#E8D2A2] transition hover:border-[#D8B76E]/50 hov"
"app/private-client-service/page.tsx","237","REDUCED_MOTION_REVIEW","warning"," className=""private-copy inline-flex h-14 items-center justify-center rounded-full border border-[#D8B76E]/22 px-8 text-[11px] font-bold uppercase tracking-[0.18em] text-[#E8D2A2] transition hover:border-[#D8B76E]/50 hov"
"app/private-client-service/page.tsx","370","REDUCED_MOTION_REVIEW","warning"," className=""private-copy mt-7 inline-flex h-12 items-center justify-center rounded-full bg-[#D8B76E] px-6 text-[10px] font-bold uppercase tracking-[0.18em] text-[#120D08] transition hover:bg-[#F0D58B]"""
"app/private-client-service/page.tsx","478","TOUCH_TARGET_REVIEW","warning"," <Link href=""/blog/family-office-umzug-bayern-diskret-abstimmen"" className=""rounded-[1.7rem] border border-[#D8B76E]/12 bg-[#0B0805] p-7 transition hover:border-[#D8B76E]/30 hover:bg-[#110a06]"">"
"app/private-client-service/page.tsx","478","FOCUS_STYLE_REVIEW","warning"," <Link href=""/blog/family-office-umzug-bayern-diskret-abstimmen"" className=""rounded-[1.7rem] border border-[#D8B76E]/12 bg-[#0B0805] p-7 transition hover:border-[#D8B76E]/30 hover:bg-[#110a06]"">"
"app/private-client-service/page.tsx","478","REDUCED_MOTION_REVIEW","warning"," <Link href=""/blog/family-office-umzug-bayern-diskret-abstimmen"" className=""rounded-[1.7rem] border border-[#D8B76E]/12 bg-[#0B0805] p-7 transition hover:border-[#D8B76E]/30 hover:bg-[#110a06]"">"
"app/private-client-service/page.tsx","485","TOUCH_TARGET_REVIEW","warning"," <Link href=""/nachlass-raeumung-regensburg"" className=""rounded-[1.7rem] border border-[#D8B76E]/12 bg-[#0B0805] p-7 transition hover:border-[#D8B76E]/30 hover:bg-[#110a06]"">"
"app/private-client-service/page.tsx","485","FOCUS_STYLE_REVIEW","warning"," <Link href=""/nachlass-raeumung-regensburg"" className=""rounded-[1.7rem] border border-[#D8B76E]/12 bg-[#0B0805] p-7 transition hover:border-[#D8B76E]/30 hover:bg-[#110a06]"">"
"app/private-client-service/page.tsx","485","REDUCED_MOTION_REVIEW","warning"," <Link href=""/nachlass-raeumung-regensburg"" className=""rounded-[1.7rem] border border-[#D8B76E]/12 bg-[#0B0805] p-7 transition hover:border-[#D8B76E]/30 hover:bg-[#110a06]"">"
"app/private-client-service/page.tsx","492","TOUCH_TARGET_REVIEW","warning"," <Link href=""/diskreter-umzug-trennung-scheidung"" className=""rounded-[1.7rem] border border-[#D8B76E]/12 bg-[#0B0805] p-7 transition hover:border-[#D8B76E]/30 hover:bg-[#110a06]"">"
"app/private-client-service/page.tsx","492","FOCUS_STYLE_REVIEW","warning"," <Link href=""/diskreter-umzug-trennung-scheidung"" className=""rounded-[1.7rem] border border-[#D8B76E]/12 bg-[#0B0805] p-7 transition hover:border-[#D8B76E]/30 hover:bg-[#110a06]"">"
"app/private-client-service/page.tsx","492","REDUCED_MOTION_REVIEW","warning"," <Link href=""/diskreter-umzug-trennung-scheidung"" className=""rounded-[1.7rem] border border-[#D8B76E]/12 bg-[#0B0805] p-7 transition hover:border-[#D8B76E]/30 hover:bg-[#110a06]"">"
"app/private-client-service/page.tsx","499","TOUCH_TARGET_REVIEW","warning"," <Link href=""/diskret-service"" className=""rounded-[1.7rem] border border-[#D8B76E]/12 bg-[#0B0805] p-7 transition hover:border-[#D8B76E]/30 hover:bg-[#110a06]"">"
"app/private-client-service/page.tsx","499","FOCUS_STYLE_REVIEW","warning"," <Link href=""/diskret-service"" className=""rounded-[1.7rem] border border-[#D8B76E]/12 bg-[#0B0805] p-7 transition hover:border-[#D8B76E]/30 hover:bg-[#110a06]"">"
"app/private-client-service/page.tsx","499","REDUCED_MOTION_REVIEW","warning"," <Link href=""/diskret-service"" className=""rounded-[1.7rem] border border-[#D8B76E]/12 bg-[#0B0805] p-7 transition hover:border-[#D8B76E]/30 hover:bg-[#110a06]"">"
"app/private-client-service/page.tsx","508","REDUCED_MOTION_REVIEW","warning"," className=""rounded-[1.7rem] border border-[#D8B76E]/12 bg-[linear-gradient(135deg,rgba(216,183,110,0.16),rgba(42,9,7,0.56))] p-7 transition hover:border-[#D8B76E]/30 hover:bg-[linear-gradient(135deg,rgba(216,183,110,0.2"
"app/private-client-service/page.tsx","549","TOUCH_TARGET_REVIEW","warning"," <Link href=""/"" className=""hover:text-[#D8B76E]"">Startseite</Link>"
"app/private-client-service/page.tsx","549","FOCUS_STYLE_REVIEW","warning"," <Link href=""/"" className=""hover:text-[#D8B76E]"">Startseite</Link>"
"app/private-client-service/page.tsx","551","TOUCH_TARGET_REVIEW","warning"," <Link href=""/impressum"" className=""hover:text-[#D8B76E]"">Impressum</Link>"
"app/private-client-service/page.tsx","551","FOCUS_STYLE_REVIEW","warning"," <Link href=""/impressum"" className=""hover:text-[#D8B76E]"">Impressum</Link>"
"app/private-client-service/page.tsx","553","TOUCH_TARGET_REVIEW","warning"," <Link href=""/datenschutz"" className=""hover:text-[#D8B76E]"">Datenschutz</Link>"
"app/private-client-service/page.tsx","553","FOCUS_STYLE_REVIEW","warning"," <Link href=""/datenschutz"" className=""hover:text-[#D8B76E]"">Datenschutz</Link>"
"app/praxisreinigung-regensburg/page.tsx","304","TOUCH_TARGET_REVIEW","warning"," <a key={href} href={href} className=""flox-chip hover:border-blue-200 hover:bg-blue-50"">"
"app/praxisreinigung-regensburg/page.tsx","304","FOCUS_STYLE_REVIEW","warning"," <a key={href} href={href} className=""flox-chip hover:border-blue-200 hover:bg-blue-50"">"
"app/praxisreinigung-regensburg/page.tsx","326","TOUCH_TARGET_REVIEW","warning"," <a href={whatsappUrl} target=""_blank"" rel=""noopener noreferrer"" className=""flox-button-secondary px-6"">"
"app/praxisreinigung-regensburg/page.tsx","326","FOCUS_STYLE_REVIEW","warning"," <a href={whatsappUrl} target=""_blank"" rel=""noopener noreferrer"" className=""flox-button-secondary px-6"">"
"app/praxisreinigung-regensburg/page.tsx","561","TOUCH_TARGET_REVIEW","warning"," <Link key={item.href} href={item.href} prefetch={false} className=""flox-chip hover:border-blue-200 hover:bg-white"">"
"app/praxisreinigung-regensburg/page.tsx","561","FOCUS_STYLE_REVIEW","warning"," <Link key={item.href} href={item.href} prefetch={false} className=""flox-chip hover:border-blue-200 hover:bg-white"">"
"app/praxisfaelle/page.tsx","150","REDUCED_MOTION_REVIEW","warning"," className=""inline-flex items-center gap-2 rounded-2xl bg-blue-500 px-5 py-3 text-sm font-semibold text-slate-950 transition hover:bg-blue-400"""
"app/praxisfaelle/page.tsx","157","REDUCED_MOTION_REVIEW","warning"," className=""inline-flex items-center gap-2 rounded-2xl border border-foreground/10 bg-white/[0.04] px-5 py-3 text-sm font-semibold text-foreground/82 transition hover:bg-white/[0.08]"""
"app/plattform-auftrag-pruefen/page.tsx","225","FOCUS_STYLE_REVIEW","warning"," <Link href=""#plattform-form"" className=""inline-flex min-h-12 items-center justify-center gap-2 rounded-xl bg-slate-950 px-6 text-sm font-black text-white transition hover:bg-blue-700"" data-event=""service_card_click"">"
"app/plattform-auftrag-pruefen/page.tsx","225","REDUCED_MOTION_REVIEW","warning"," <Link href=""#plattform-form"" className=""inline-flex min-h-12 items-center justify-center gap-2 rounded-xl bg-slate-950 px-6 text-sm font-black text-white transition hover:bg-blue-700"" data-event=""service_card_click"">"
"app/plattform-auftrag-pruefen/page.tsx","229","FOCUS_STYLE_REVIEW","warning"," <Link href=""/angebot-guenstiger-pruefen"" className=""inline-flex min-h-12 items-center justify-center gap-2 rounded-xl border border-blue-200 bg-white px-6 text-sm font-black text-blue-800 transition hover:border-blue-30"
"app/plattform-auftrag-pruefen/page.tsx","229","REDUCED_MOTION_REVIEW","warning"," <Link href=""/angebot-guenstiger-pruefen"" className=""inline-flex min-h-12 items-center justify-center gap-2 rounded-xl border border-blue-200 bg-white px-6 text-sm font-black text-blue-800 transition hover:border-blue-30"
"app/plattform-auftrag-pruefen/page.tsx","233","FOCUS_STYLE_REVIEW","warning"," <a href={whatsappHref} className=""inline-flex min-h-12 items-center justify-center gap-2 rounded-xl border border-emerald-200 bg-emerald-50 px-6 text-sm font-black text-emerald-800 transition hover:bg-emerald-100"" data-"
"app/plattform-auftrag-pruefen/page.tsx","233","REDUCED_MOTION_REVIEW","warning"," <a href={whatsappHref} className=""inline-flex min-h-12 items-center justify-center gap-2 rounded-xl border border-emerald-200 bg-emerald-50 px-6 text-sm font-black text-emerald-800 transition hover:bg-emerald-100"" data-"
"app/plattform-auftrag-pruefen/page.tsx","277","TOUCH_TARGET_REVIEW","warning"," <Link href={item.href} className=""mt-5 inline-flex items-center gap-2 text-sm font-black text-blue-700"" data-event=""service_card_click"">"
"app/plattform-auftrag-pruefen/page.tsx","277","FOCUS_STYLE_REVIEW","warning"," <Link href={item.href} className=""mt-5 inline-flex items-center gap-2 text-sm font-black text-blue-700"" data-event=""service_card_click"">"
"app/plattform-auftrag-pruefen/page.tsx","300","FOCUS_STYLE_REVIEW","warning"," <Link href=""/angebotscheck#red-flag-scanner"" className=""inline-flex min-h-11 items-center gap-2 rounded-xl bg-slate-950 px-4 text-sm font-black text-white"" data-event=""service_card_click"">"
"app/plattform-auftrag-pruefen/page.tsx","304","FOCUS_STYLE_REVIEW","warning"," <Link href=""#plattform-form"" className=""inline-flex min-h-11 items-center gap-2 rounded-xl border border-blue-200 bg-white px-4 text-sm font-black text-blue-800"" data-event=""service_card_click"">"
"app/plattform-auftrag-pruefen/page.tsx","333","TOUCH_TARGET_REVIEW","warning"," <Link href={item.href} className=""mt-5 inline-flex items-center gap-2 text-sm font-black text-blue-700"" data-event=""service_card_click"" data-source={item.href.includes(""plan-b"") ? ""plan_b_triage"" : item.href.includes(""r"
"app/plattform-auftrag-pruefen/page.tsx","333","FOCUS_STYLE_REVIEW","warning"," <Link href={item.href} className=""mt-5 inline-flex items-center gap-2 text-sm font-black text-blue-700"" data-event=""service_card_click"" data-source={item.href.includes(""plan-b"") ? ""plan_b_triage"" : item.href.includes(""r"
"app/plattform-auftrag-pruefen/page.tsx","386","TOUCH_TARGET_REVIEW","warning"," <Link href=""/plan-b-service"" className=""text-sm font-black text-blue-700"">Plan B</Link>"
"app/plattform-auftrag-pruefen/page.tsx","386","FOCUS_STYLE_REVIEW","warning"," <Link href=""/plan-b-service"" className=""text-sm font-black text-blue-700"">Plan B</Link>"
"app/plattform-auftrag-pruefen/page.tsx","387","TOUCH_TARGET_REVIEW","warning"," <Link href=""/schadensbegrenzung"" className=""text-sm font-black text-red-700"">Schadensbegrenzung</Link>"
"app/plattform-auftrag-pruefen/page.tsx","387","FOCUS_STYLE_REVIEW","warning"," <Link href=""/schadensbegrenzung"" className=""text-sm font-black text-red-700"">Schadensbegrenzung</Link>"
"app/plattform-auftrag-pruefen/page.tsx","428","TOUCH_TARGET_REVIEW","warning"," <Link key={href} href={href} prefetch={false} className=""rounded-full border border-slate-200 px-4 py-2 text-sm font-bold text-slate-700 transition hover:border-blue-200 hover:bg-blue-50 hover:text-blue-800"">"
"app/plattform-auftrag-pruefen/page.tsx","428","FOCUS_STYLE_REVIEW","warning"," <Link key={href} href={href} prefetch={false} className=""rounded-full border border-slate-200 px-4 py-2 text-sm font-bold text-slate-700 transition hover:border-blue-200 hover:bg-blue-50 hover:text-blue-800"">"
"app/plattform-auftrag-pruefen/page.tsx","428","REDUCED_MOTION_REVIEW","warning"," <Link key={href} href={href} prefetch={false} className=""rounded-full border border-slate-200 px-4 py-2 text-sm font-bold text-slate-700 transition hover:border-blue-200 hover:bg-blue-50 hover:text-blue-800"">"
"app/plattform-auftrag-pruefen/page.tsx","439","TOUCH_TARGET_REVIEW","warning"," <Link href=""#plattform-form"" className=""flox-mobile-action flox-mobile-action-primary"" data-event=""service_card_click"">"
"app/plattform-auftrag-pruefen/page.tsx","439","FOCUS_STYLE_REVIEW","warning"," <Link href=""#plattform-form"" className=""flox-mobile-action flox-mobile-action-primary"" data-event=""service_card_click"">"
"app/plattform-auftrag-pruefen/page.tsx","442","TOUCH_TARGET_REVIEW","warning"," <a href={whatsappHref} className=""flox-mobile-action flox-mobile-action-whatsapp"" data-event=""whatsapp_click"">"
"app/plattform-auftrag-pruefen/page.tsx","442","FOCUS_STYLE_REVIEW","warning"," <a href={whatsappHref} className=""flox-mobile-action flox-mobile-action-whatsapp"" data-event=""whatsapp_click"">"
"app/plattform-auftrag-pruefen/page.tsx","445","TOUCH_TARGET_REVIEW","warning"," <a href=""tel:+4915771105087"" className=""flox-mobile-action flox-mobile-action-light"" data-event=""phone_click"">"
"app/plattform-auftrag-pruefen/page.tsx","445","FOCUS_STYLE_REVIEW","warning"," <a href=""tel:+4915771105087"" className=""flox-mobile-action flox-mobile-action-light"" data-event=""phone_click"">"
"app/plan-b-service/page.tsx","229","FOCUS_STYLE_REVIEW","warning"," <Link href=""#plan-b-form"" className=""inline-flex min-h-12 items-center justify-center gap-2 rounded-xl bg-slate-950 px-6 text-sm font-black text-white transition hover:bg-blue-700"" data-event=""service_card_click"">"
"app/plan-b-service/page.tsx","229","REDUCED_MOTION_REVIEW","warning"," <Link href=""#plan-b-form"" className=""inline-flex min-h-12 items-center justify-center gap-2 rounded-xl bg-slate-950 px-6 text-sm font-black text-white transition hover:bg-blue-700"" data-event=""service_card_click"">"
"app/plan-b-service/page.tsx","233","FOCUS_STYLE_REVIEW","warning"," <a href={whatsappHref} className=""inline-flex min-h-12 items-center justify-center gap-2 rounded-xl bg-emerald-600 px-6 text-sm font-black text-white transition hover:bg-emerald-700"" data-event=""whatsapp_click"">"
"app/plan-b-service/page.tsx","233","REDUCED_MOTION_REVIEW","warning"," <a href={whatsappHref} className=""inline-flex min-h-12 items-center justify-center gap-2 rounded-xl bg-emerald-600 px-6 text-sm font-black text-white transition hover:bg-emerald-700"" data-event=""whatsapp_click"">"
"app/plan-b-service/page.tsx","307","FOCUS_STYLE_REVIEW","warning"," <Link href=""#plan-b-form"" className=""mt-6 inline-flex min-h-11 items-center gap-2 rounded-xl bg-white px-4 text-sm font-black text-slate-950"" data-event=""service_card_click"">"
"app/plan-b-service/page.tsx","344","TOUCH_TARGET_REVIEW","warning"," <Link href=""#plan-b-form"" className=""mt-6 inline-flex items-center gap-2 text-sm font-black text-blue-700"" data-event=""service_card_click"">"
"app/plan-b-service/page.tsx","344","FOCUS_STYLE_REVIEW","warning"," <Link href=""#plan-b-form"" className=""mt-6 inline-flex items-center gap-2 text-sm font-black text-blue-700"" data-event=""service_card_click"">"
"app/plan-b-service/page.tsx","364","TOUCH_TARGET_REVIEW","warning"," <Link href=""/schadensbegrenzung"" className=""rounded-[1.25rem] border border-slate-200 bg-white p-4 text-sm font-bold leading-7 text-slate-700 transition hover:border-blue-200 hover:bg-blue-50"">"
"app/plan-b-service/page.tsx","364","FOCUS_STYLE_REVIEW","warning"," <Link href=""/schadensbegrenzung"" className=""rounded-[1.25rem] border border-slate-200 bg-white p-4 text-sm font-bold leading-7 text-slate-700 transition hover:border-blue-200 hover:bg-blue-50"">"
"app/plan-b-service/page.tsx","364","REDUCED_MOTION_REVIEW","warning"," <Link href=""/schadensbegrenzung"" className=""rounded-[1.25rem] border border-slate-200 bg-white p-4 text-sm font-bold leading-7 text-slate-700 transition hover:border-blue-200 hover:bg-blue-50"">"
"app/plan-b-service/page.tsx","367","TOUCH_TARGET_REVIEW","warning"," <Link href=""/angebotscheck#red-flag-scanner"" className=""rounded-[1.25rem] border border-slate-200 bg-white p-4 text-sm font-bold leading-7 text-slate-700 transition hover:border-blue-200 hover:bg-blue-50"">"
"app/plan-b-service/page.tsx","367","FOCUS_STYLE_REVIEW","warning"," <Link href=""/angebotscheck#red-flag-scanner"" className=""rounded-[1.25rem] border border-slate-200 bg-white p-4 text-sm font-bold leading-7 text-slate-700 transition hover:border-blue-200 hover:bg-blue-50"">"
"app/plan-b-service/page.tsx","367","REDUCED_MOTION_REVIEW","warning"," <Link href=""/angebotscheck#red-flag-scanner"" className=""rounded-[1.25rem] border border-slate-200 bg-white p-4 text-sm font-bold leading-7 text-slate-700 transition hover:border-blue-200 hover:bg-blue-50"">"
"app/plan-b-service/page.tsx","370","TOUCH_TARGET_REVIEW","warning"," <Link href=""/plattform-auftrag-pruefen"" className=""rounded-[1.25rem] border border-slate-200 bg-white p-4 text-sm font-bold leading-7 text-slate-700 transition hover:border-blue-200 hover:bg-blue-50"">"
"app/plan-b-service/page.tsx","370","FOCUS_STYLE_REVIEW","warning"," <Link href=""/plattform-auftrag-pruefen"" className=""rounded-[1.25rem] border border-slate-200 bg-white p-4 text-sm font-bold leading-7 text-slate-700 transition hover:border-blue-200 hover:bg-blue-50"">"
"app/plan-b-service/page.tsx","370","REDUCED_MOTION_REVIEW","warning"," <Link href=""/plattform-auftrag-pruefen"" className=""rounded-[1.25rem] border border-slate-200 bg-white p-4 text-sm font-bold leading-7 text-slate-700 transition hover:border-blue-200 hover:bg-blue-50"">"
"app/plan-b-service/page.tsx","373","TOUCH_TARGET_REVIEW","warning"," <Link href=""/uebergabeakte"" className=""rounded-[1.25rem] border border-slate-200 bg-white p-4 text-sm font-bold leading-7 text-slate-700 transition hover:border-blue-200 hover:bg-blue-50"">"
"app/plan-b-service/page.tsx","373","FOCUS_STYLE_REVIEW","warning"," <Link href=""/uebergabeakte"" className=""rounded-[1.25rem] border border-slate-200 bg-white p-4 text-sm font-bold leading-7 text-slate-700 transition hover:border-blue-200 hover:bg-blue-50"">"
"app/plan-b-service/page.tsx","373","REDUCED_MOTION_REVIEW","warning"," <Link href=""/uebergabeakte"" className=""rounded-[1.25rem] border border-slate-200 bg-white p-4 text-sm font-bold leading-7 text-slate-700 transition hover:border-blue-200 hover:bg-blue-50"">"
"app/plan-b-service/page.tsx","391","FOCUS_STYLE_REVIEW","warning"," <Link href=""/schadensbegrenzung"" className=""inline-flex min-h-11 items-center gap-2 rounded-xl border border-slate-200 bg-white px-4 text-sm font-black text-slate-800"">"
"app/plan-b-service/page.tsx","395","FOCUS_STYLE_REVIEW","warning"," <Link href=""/makler-vermieter-link"" className=""inline-flex min-h-11 items-center gap-2 rounded-xl border border-slate-200 bg-white px-4 text-sm font-black text-slate-800"">"
"app/plan-b-service/page.tsx","428","FOCUS_STYLE_REVIEW","warning"," <Link href=""#plan-b-form"" className=""inline-flex min-h-12 items-center justify-center gap-2 rounded-xl bg-slate-950 px-6 text-sm font-black text-white transition hover:bg-blue-700"" data-event=""service_card_click"">"
"app/plan-b-service/page.tsx","428","REDUCED_MOTION_REVIEW","warning"," <Link href=""#plan-b-form"" className=""inline-flex min-h-12 items-center justify-center gap-2 rounded-xl bg-slate-950 px-6 text-sm font-black text-white transition hover:bg-blue-700"" data-event=""service_card_click"">"
"app/plan-b-service/page.tsx","432","FOCUS_STYLE_REVIEW","warning"," <a href={whatsappHref} className=""inline-flex min-h-12 items-center justify-center gap-2 rounded-xl border border-emerald-200 bg-emerald-50 px-6 text-sm font-black text-emerald-800 transition hover:bg-emerald-100"" data-"
"app/plan-b-service/page.tsx","432","REDUCED_MOTION_REVIEW","warning"," <a href={whatsappHref} className=""inline-flex min-h-12 items-center justify-center gap-2 rounded-xl border border-emerald-200 bg-emerald-50 px-6 text-sm font-black text-emerald-800 transition hover:bg-emerald-100"" data-"
"app/plan-b-service/page.tsx","452","FOCUS_STYLE_REVIEW","warning"," <Link key={href} href={href} className=""rounded-[1.25rem] border border-slate-200 bg-white px-4 py-4 text-sm font-black text-slate-800 transition hover:border-blue-200 hover:bg-blue-50"">"
"app/plan-b-service/page.tsx","452","REDUCED_MOTION_REVIEW","warning"," <Link key={href} href={href} className=""rounded-[1.25rem] border border-slate-200 bg-white px-4 py-4 text-sm font-black text-slate-800 transition hover:border-blue-200 hover:bg-blue-50"">"
"app/plan-b-service/page.tsx","462","TOUCH_TARGET_REVIEW","warning"," <Link href=""#plan-b-form"" className=""flox-mobile-action flox-mobile-action-primary"" data-event=""service_card_click"">"
"app/plan-b-service/page.tsx","462","FOCUS_STYLE_REVIEW","warning"," <Link href=""#plan-b-form"" className=""flox-mobile-action flox-mobile-action-primary"" data-event=""service_card_click"">"
"app/plan-b-service/page.tsx","465","TOUCH_TARGET_REVIEW","warning"," <a href={whatsappHref} className=""flox-mobile-action flox-mobile-action-whatsapp"" data-event=""whatsapp_click"">"
"app/plan-b-service/page.tsx","465","FOCUS_STYLE_REVIEW","warning"," <a href={whatsappHref} className=""flox-mobile-action flox-mobile-action-whatsapp"" data-event=""whatsapp_click"">"
"app/plan-b-service/page.tsx","468","TOUCH_TARGET_REVIEW","warning"," <a href=""tel:+4915771105087"" className=""flox-mobile-action flox-mobile-action-light"" data-event=""phone_click"">"
"app/plan-b-service/page.tsx","468","FOCUS_STYLE_REVIEW","warning"," <a href=""tel:+4915771105087"" className=""flox-mobile-action flox-mobile-action-light"" data-event=""phone_click"">"
"app/objektbrief/page.tsx","199","REDUCED_MOTION_REVIEW","warning"," className=""inline-flex min-h-12 items-center justify-center gap-2 rounded-lg bg-white px-6 text-sm font-black text-slate-950 transition hover:bg-cyan-50"""
"app/objektbrief/page.tsx","215","REDUCED_MOTION_REVIEW","warning"," className=""inline-flex min-h-12 items-center justify-center gap-2 rounded-lg bg-emerald-400 px-6 text-sm font-black text-slate-950 transition hover:bg-emerald-300"""
"app/objektbrief/page.tsx","225","REDUCED_MOTION_REVIEW","warning"," className=""inline-flex min-h-12 items-center justify-center gap-2 rounded-lg border border-white/20 bg-white/10 px-6 text-sm font-black text-white transition hover:bg-white/15"""
"app/objektbrief/page.tsx","266","REDUCED_MOTION_REVIEW","warning"," className=""group rounded-lg border border-slate-200 bg-slate-50 p-5 shadow-sm transition hover:-translate-y-1 hover:border-blue-200 hover:bg-white hover:shadow-[0_20px_52px_rgba(15,23,42,0.08)]"""
"app/objektbrief/page.tsx","277","REDUCED_MOTION_REVIEW","warning"," <ArrowRight className=""h-4 w-4 transition group-hover:translate-x-0.5"" aria-hidden=""true"" />"
"app/notfallreinigung-24h/page.tsx","176","REDUCED_MOTION_REVIEW","warning"," className=""inline-flex min-h-12 items-center justify-center gap-2 rounded-2xl bg-white px-6 py-3 text-sm font-black text-slate-950 shadow-lg shadow-black/20 transition hover:-translate-y-0.5 hover:bg-cyan-50"""
"app/notfallreinigung-24h/page.tsx","183","REDUCED_MOTION_REVIEW","warning"," className=""inline-flex min-h-12 items-center justify-center gap-2 rounded-2xl bg-emerald-500 px-6 py-3 text-sm font-black text-white shadow-lg shadow-emerald-900/30 transition hover:-translate-y-0.5 hover:bg-emerald-400"
"app/notfallreinigung-24h/page.tsx","190","REDUCED_MOTION_REVIEW","warning"," className=""inline-flex min-h-12 items-center justify-center gap-2 rounded-2xl border border-white/25 px-6 py-3 text-sm font-black text-white transition hover:bg-white/10"""
"app/notfallreinigung-24h/page.tsx","286","TOUCH_TARGET_REVIEW","warning"," <Link href=""/schadensbegrenzung"" className=""rounded-full bg-white px-4 py-2 text-sm font-black text-slate-950 shadow-sm"">"
"app/notfallreinigung-24h/page.tsx","286","FOCUS_STYLE_REVIEW","warning"," <Link href=""/schadensbegrenzung"" className=""rounded-full bg-white px-4 py-2 text-sm font-black text-slate-950 shadow-sm"">"
"app/notfallreinigung-24h/page.tsx","289","TOUCH_TARGET_REVIEW","warning"," <Link href=""/plan-b-service"" className=""rounded-full bg-white px-4 py-2 text-sm font-black text-slate-950 shadow-sm"">"
"app/notfallreinigung-24h/page.tsx","289","FOCUS_STYLE_REVIEW","warning"," <Link href=""/plan-b-service"" className=""rounded-full bg-white px-4 py-2 text-sm font-black text-slate-950 shadow-sm"">"
"app/notfallreinigung-24h/page.tsx","292","TOUCH_TARGET_REVIEW","warning"," <Link href=""/reinigung-nach-veranstaltung"" className=""rounded-full bg-white px-4 py-2 text-sm font-black text-slate-950 shadow-sm"">"
"app/notfallreinigung-24h/page.tsx","292","FOCUS_STYLE_REVIEW","warning"," <Link href=""/reinigung-nach-veranstaltung"" className=""rounded-full bg-white px-4 py-2 text-sm font-black text-slate-950 shadow-sm"">"
"app/notfallreinigung-24h/page.tsx","319","TOUCH_TARGET_REVIEW","warning"," Passende Wege zur Anfrage: <Link className=""font-black text-white underline"" href=""/reinigung"">Reinigung</Link>,{""""}"
"app/notfallreinigung-24h/page.tsx","319","FOCUS_STYLE_REVIEW","warning"," Passende Wege zur Anfrage: <Link className=""font-black text-white underline"" href=""/reinigung"">Reinigung</Link>,{""""}"
"app/notfallreinigung-24h/page.tsx","320","TOUCH_TARGET_REVIEW","warning"," <Link className=""font-black text-white underline"" href=""/regensburg/endreinigung"">Endreinigung Regensburg</Link>,{""""}"
"app/notfallreinigung-24h/page.tsx","320","FOCUS_STYLE_REVIEW","warning"," <Link className=""font-black text-white underline"" href=""/regensburg/endreinigung"">Endreinigung Regensburg</Link>,{""""}"
"app/notfallreinigung-24h/page.tsx","321","TOUCH_TARGET_REVIEW","warning"," <Link className=""font-black text-white underline"" href=""/regensburg/gewerbereinigung"">Gewerbereinigung Regensburg</Link> und{""""}"
"app/notfallreinigung-24h/page.tsx","321","FOCUS_STYLE_REVIEW","warning"," <Link className=""font-black text-white underline"" href=""/regensburg/gewerbereinigung"">Gewerbereinigung Regensburg</Link> und{""""}"
"app/notfallreinigung-24h/page.tsx","322","TOUCH_TARGET_REVIEW","warning"," <Link className=""font-black text-white underline"" href=""/regensburg/reinigung"">Reinigung Regensburg</Link>."
"app/notfallreinigung-24h/page.tsx","322","FOCUS_STYLE_REVIEW","warning"," <Link className=""font-black text-white underline"" href=""/regensburg/reinigung"">Reinigung Regensburg</Link>."
"app/notfallreinigung-24h/page.tsx","326","FOCUS_STYLE_REVIEW","warning"," <Link href=""/buchung?service=reinigung&urgency=notfall"" className=""inline-flex min-h-12 items-center justify-center gap-2 rounded-2xl bg-white px-6 py-3 text-sm font-black text-slate-950"">"
"app/notfallreinigung-24h/page.tsx","330","FOCUS_STYLE_REVIEW","warning"," <Link href={whatsappHref} className=""inline-flex min-h-12 items-center justify-center gap-2 rounded-2xl bg-emerald-500 px-6 py-3 text-sm font-black text-white"">"
"app/notfall-umzug-bayern/page.tsx","46","REDUCED_MOTION_REVIEW","warning"," <div className=""inline-flex items-center gap-3 px-8 py-4 rounded-full bg-primary text-primary-foreground font-bold text-xl shadow-lg shadow-primary/20 hover:scale-105 transition-transform"">"
"app/notfall-umzug-bayern/page.tsx","105","REDUCED_MOTION_REVIEW","warning"," className=""px-5 py-2.5 rounded-full border border-border/50 text-sm font-medium text-muted-foreground hover:text-primary hover:border-primary/30 transition-all font-sans"""
"app/notfall-umzug-bayern/page.tsx","111","REDUCED_MOTION_REVIEW","warning"," className=""px-5 py-2.5 rounded-full border border-border/50 text-sm font-medium text-muted-foreground hover:text-primary hover:border-primary/30 transition-all font-sans"""
"app/notfall-umzug-bayern/page.tsx","117","REDUCED_MOTION_REVIEW","warning"," className=""px-5 py-2.5 rounded-full border border-border/50 text-sm font-medium text-muted-foreground hover:text-primary hover:border-primary/30 transition-all font-sans"""
"app/notfall-umzug-bayern/page.tsx","123","REDUCED_MOTION_REVIEW","warning"," className=""px-5 py-2.5 rounded-full border border-border/50 text-sm font-medium text-muted-foreground hover:text-primary hover:border-primary/30 transition-all font-sans"""
"app/notfall-umzug-bayern/page.tsx","143","REDUCED_MOTION_REVIEW","warning"," <div className=""absolute -inset-1 bg-gradient-to-r from-violet-500/20 to-indigo-500/20 rounded-[2.5rem] blur-xl opacity-0 group-hover:opacity-100 transition duration-1000 group-hover:duration-200"" />"
"app/new-neighbour-kit/page.tsx","66","FOCUS_STYLE_REVIEW","warning"," <Link href=""/rechner"" className=""btn-premium inline-flex h-12 items-center gap-2 rounded-xl bg-gradient-to-b from-blue-500 to-blue-600 px-8 text-sm font-semibold uppercase tracking-wider text-white shadow-lg shadow-blue"
"app/new-neighbour-kit/page.tsx","66","REDUCED_MOTION_REVIEW","warning"," <Link href=""/rechner"" className=""btn-premium inline-flex h-12 items-center gap-2 rounded-xl bg-gradient-to-b from-blue-500 to-blue-600 px-8 text-sm font-semibold uppercase tracking-wider text-white shadow-lg shadow-blue"
"app/new-neighbour-kit/page.tsx","69","FOCUS_STYLE_REVIEW","warning"," <a href={whatsappUrl} target=""_blank"" rel=""noopener noreferrer"" className=""inline-flex h-12 items-center gap-2 rounded-xl border border-slate-200 bg-white px-6 text-sm font-medium text-slate-700 transition-all hover:bg-"
"app/new-neighbour-kit/page.tsx","69","REDUCED_MOTION_REVIEW","warning"," <a href={whatsappUrl} target=""_blank"" rel=""noopener noreferrer"" className=""inline-flex h-12 items-center gap-2 rounded-xl border border-slate-200 bg-white px-6 text-sm font-medium text-slate-700 transition-all hover:bg-"
"app/new-neighbour-kit/page.tsx","113","REDUCED_MOTION_REVIEW","warning"," className=""card-premium group rounded-xl p-5 transition-all"""
"app/new-neighbour-kit/page.tsx","115","REDUCED_MOTION_REVIEW","warning"," <h3 className=""font-semibold text-slate-950 group-hover:text-blue-700 transition-colors flex items-center gap-2"">"
"app/new-neighbour-kit/page.tsx","117","REDUCED_MOTION_REVIEW","warning"," <ChevronRight className=""w-4 h-4 opacity-0 group-hover:opacity-100 transition-opacity"" />"
"app/nachlass-raeumung-regensburg/page.tsx","301","FOCUS_STYLE_REVIEW","warning"," <Link href=""#nachlass-form"" className=""inline-flex min-h-12 items-center justify-center gap-2 rounded-xl bg-stone-950 px-6 text-sm font-black text-white transition hover:bg-stone-800"" data-event=""service_card_click"">"
"app/nachlass-raeumung-regensburg/page.tsx","301","REDUCED_MOTION_REVIEW","warning"," <Link href=""#nachlass-form"" className=""inline-flex min-h-12 items-center justify-center gap-2 rounded-xl bg-stone-950 px-6 text-sm font-black text-white transition hover:bg-stone-800"" data-event=""service_card_click"">"
"app/nachlass-raeumung-regensburg/page.tsx","305","FOCUS_STYLE_REVIEW","warning"," <a href={whatsappHref} className=""inline-flex min-h-12 items-center justify-center gap-2 rounded-xl border border-emerald-200 bg-emerald-50 px-6 text-sm font-black text-emerald-800 transition hover:bg-emerald-100"" data-"
"app/nachlass-raeumung-regensburg/page.tsx","305","REDUCED_MOTION_REVIEW","warning"," <a href={whatsappHref} className=""inline-flex min-h-12 items-center justify-center gap-2 rounded-xl border border-emerald-200 bg-emerald-50 px-6 text-sm font-black text-emerald-800 transition hover:bg-emerald-100"" data-"
"app/nachlass-raeumung-regensburg/page.tsx","308","FOCUS_STYLE_REVIEW","warning"," <a href={phoneHref} className=""inline-flex min-h-12 items-center justify-center gap-2 rounded-xl border border-stone-200 bg-white px-6 text-sm font-black text-stone-800 transition hover:bg-stone-50"" data-event=""phone_cl"
"app/nachlass-raeumung-regensburg/page.tsx","308","REDUCED_MOTION_REVIEW","warning"," <a href={phoneHref} className=""inline-flex min-h-12 items-center justify-center gap-2 rounded-xl border border-stone-200 bg-white px-6 text-sm font-black text-stone-800 transition hover:bg-stone-50"" data-event=""phone_cl"
"app/nachlass-raeumung-regensburg/page.tsx","390","FOCUS_STYLE_REVIEW","warning"," <Link href=""/immobilie-verkaufsbereit-machen"" className=""inline-flex min-h-11 items-center gap-2 rounded-xl bg-white px-4 text-sm font-black text-stone-950"">"
"app/nachlass-raeumung-regensburg/page.tsx","394","FOCUS_STYLE_REVIEW","warning"," <Link href=""/uebergabeakte"" className=""inline-flex min-h-11 items-center gap-2 rounded-xl border border-white/15 px-4 text-sm font-black text-white"">"
"app/nachlass-raeumung-regensburg/page.tsx","426","TOUCH_TARGET_REVIEW","warning"," <Link href=""#nachlass-form"" className=""mt-5 inline-flex items-center gap-2 text-sm font-black text-stone-800 transition hover:text-stone-950"" data-event=""service_card_click"">"
"app/nachlass-raeumung-regensburg/page.tsx","426","FOCUS_STYLE_REVIEW","warning"," <Link href=""#nachlass-form"" className=""mt-5 inline-flex items-center gap-2 text-sm font-black text-stone-800 transition hover:text-stone-950"" data-event=""service_card_click"">"
"app/nachlass-raeumung-regensburg/page.tsx","426","REDUCED_MOTION_REVIEW","warning"," <Link href=""#nachlass-form"" className=""mt-5 inline-flex items-center gap-2 text-sm font-black text-stone-800 transition hover:text-stone-950"" data-event=""service_card_click"">"
"app/nachlass-raeumung-regensburg/page.tsx","455","TOUCH_TARGET_REVIEW","warning"," <Link href=""#nachlass-form"" className=""mt-5 flex items-center gap-2 text-sm font-black text-stone-800 transition hover:text-stone-950"" data-event=""service_card_click"">"
"app/nachlass-raeumung-regensburg/page.tsx","455","FOCUS_STYLE_REVIEW","warning"," <Link href=""#nachlass-form"" className=""mt-5 flex items-center gap-2 text-sm font-black text-stone-800 transition hover:text-stone-950"" data-event=""service_card_click"">"
"app/nachlass-raeumung-regensburg/page.tsx","455","REDUCED_MOTION_REVIEW","warning"," <Link href=""#nachlass-form"" className=""mt-5 flex items-center gap-2 text-sm font-black text-stone-800 transition hover:text-stone-950"" data-event=""service_card_click"">"
"app/nachlass-raeumung-regensburg/page.tsx","520","FOCUS_STYLE_REVIEW","warning"," <Link key={item.href} href={item.href} prefetch={false} className=""inline-flex items-center justify-between gap-3 rounded-xl border border-stone-200 bg-stone-50 px-4 py-3 text-sm font-black text-stone-800 transition hov"
"app/nachlass-raeumung-regensburg/page.tsx","520","REDUCED_MOTION_REVIEW","warning"," <Link key={item.href} href={item.href} prefetch={false} className=""inline-flex items-center justify-between gap-3 rounded-xl border border-stone-200 bg-stone-50 px-4 py-3 text-sm font-black text-stone-800 transition hov"
"app/nachlass-raeumung-regensburg/page.tsx","559","FOCUS_STYLE_REVIEW","warning"," <Link href=""#nachlass-form"" className=""inline-flex min-h-12 items-center justify-center gap-2 rounded-xl bg-white px-6 text-sm font-black text-stone-950"" data-event=""service_card_click"">"
"app/nachlass-raeumung-regensburg/page.tsx","563","FOCUS_STYLE_REVIEW","warning"," <a href={whatsappHref} className=""inline-flex min-h-12 items-center justify-center gap-2 rounded-xl border border-emerald-200/50 bg-emerald-400/10 px-6 text-sm font-black text-emerald-50"" data-event=""whatsapp_click"">"
"app/nachlass-raeumung-regensburg/page.tsx","566","FOCUS_STYLE_REVIEW","warning"," <a href={phoneHref} className=""inline-flex min-h-12 items-center justify-center gap-2 rounded-xl border border-stone-200/40 bg-white/5 px-6 text-sm font-black text-white"" data-event=""phone_click"">"
"app/nachlass-raeumung-regensburg/page.tsx","577","TOUCH_TARGET_REVIEW","warning"," <Link href=""#nachlass-form"" className=""flox-mobile-action flox-mobile-action-primary"" data-event=""service_card_click"">"
"app/nachlass-raeumung-regensburg/page.tsx","577","FOCUS_STYLE_REVIEW","warning"," <Link href=""#nachlass-form"" className=""flox-mobile-action flox-mobile-action-primary"" data-event=""service_card_click"">"
"app/nachlass-raeumung-regensburg/page.tsx","580","TOUCH_TARGET_REVIEW","warning"," <a href={whatsappHref} className=""flox-mobile-action flox-mobile-action-whatsapp"" data-event=""whatsapp_click"">"
"app/nachlass-raeumung-regensburg/page.tsx","580","FOCUS_STYLE_REVIEW","warning"," <a href={whatsappHref} className=""flox-mobile-action flox-mobile-action-whatsapp"" data-event=""whatsapp_click"">"
"app/nachlass-raeumung-regensburg/page.tsx","583","TOUCH_TARGET_REVIEW","warning"," <a href={phoneHref} className=""flox-mobile-action flox-mobile-action-light"" data-event=""phone_click"">"
"app/nachlass-raeumung-regensburg/page.tsx","583","FOCUS_STYLE_REVIEW","warning"," <a href={phoneHref} className=""flox-mobile-action flox-mobile-action-light"" data-event=""phone_click"">"
"app/moebel-optimierung/page.tsx","66","FOCUS_STYLE_REVIEW","warning"," <Link href=""/rechner"" className=""btn-premium inline-flex h-12 items-center gap-2 rounded-xl bg-gradient-to-b from-blue-500 to-blue-600 px-8 text-sm font-semibold uppercase tracking-wider text-white shadow-lg shadow-blue"
"app/moebel-optimierung/page.tsx","66","REDUCED_MOTION_REVIEW","warning"," <Link href=""/rechner"" className=""btn-premium inline-flex h-12 items-center gap-2 rounded-xl bg-gradient-to-b from-blue-500 to-blue-600 px-8 text-sm font-semibold uppercase tracking-wider text-white shadow-lg shadow-blue"
"app/moebel-optimierung/page.tsx","69","FOCUS_STYLE_REVIEW","warning"," <a href={whatsappUrl} target=""_blank"" rel=""noopener noreferrer"" className=""inline-flex h-12 items-center gap-2 rounded-xl border border-slate-200 bg-white px-6 text-sm font-medium text-slate-700 transition-all hover:bg-"
"app/moebel-optimierung/page.tsx","69","REDUCED_MOTION_REVIEW","warning"," <a href={whatsappUrl} target=""_blank"" rel=""noopener noreferrer"" className=""inline-flex h-12 items-center gap-2 rounded-xl border border-slate-200 bg-white px-6 text-sm font-medium text-slate-700 transition-all hover:bg-"
"app/moebel-optimierung/page.tsx","113","REDUCED_MOTION_REVIEW","warning"," className=""card-premium group rounded-xl p-5 transition-all"""
"app/moebel-optimierung/page.tsx","115","REDUCED_MOTION_REVIEW","warning"," <h3 className=""font-semibold text-slate-950 group-hover:text-blue-700 transition-colors flex items-center gap-2"">"
"app/moebel-optimierung/page.tsx","117","REDUCED_MOTION_REVIEW","warning"," <ChevronRight className=""w-4 h-4 opacity-0 group-hover:opacity-100 transition-opacity"" />"
"app/mieterwechsel-service-regensburg/page.tsx","188","FOCUS_STYLE_REVIEW","warning"," <Link href=""#mieterwechsel-form"" className=""inline-flex min-h-12 items-center justify-center gap-2 rounded-xl bg-slate-950 px-6 text-sm font-black text-white transition hover:bg-cyan-700"" data-event=""service_card_click"""
"app/mieterwechsel-service-regensburg/page.tsx","188","REDUCED_MOTION_REVIEW","warning"," <Link href=""#mieterwechsel-form"" className=""inline-flex min-h-12 items-center justify-center gap-2 rounded-xl bg-slate-950 px-6 text-sm font-black text-white transition hover:bg-cyan-700"" data-event=""service_card_click"""
"app/mieterwechsel-service-regensburg/page.tsx","192","FOCUS_STYLE_REVIEW","warning"," <a href={whatsappHref} className=""inline-flex min-h-12 items-center justify-center gap-2 rounded-xl border border-emerald-200 bg-emerald-50 px-6 text-sm font-black text-emerald-800 transition hover:bg-emerald-100"" data-"
"app/mieterwechsel-service-regensburg/page.tsx","192","REDUCED_MOTION_REVIEW","warning"," <a href={whatsappHref} className=""inline-flex min-h-12 items-center justify-center gap-2 rounded-xl border border-emerald-200 bg-emerald-50 px-6 text-sm font-black text-emerald-800 transition hover:bg-emerald-100"" data-"
"app/mieterwechsel-service-regensburg/page.tsx","266","TOUCH_TARGET_REVIEW","warning"," <Link href=""/uebergabeakte"" className=""mt-5 inline-flex items-center gap-2 text-sm font-black text-cyan-700 transition hover:text-cyan-950"" data-event=""service_card_click"" data-source=""tenant_turnover_internal_link"">"
"app/mieterwechsel-service-regensburg/page.tsx","266","FOCUS_STYLE_REVIEW","warning"," <Link href=""/uebergabeakte"" className=""mt-5 inline-flex items-center gap-2 text-sm font-black text-cyan-700 transition hover:text-cyan-950"" data-event=""service_card_click"" data-source=""tenant_turnover_internal_link"">"
"app/mieterwechsel-service-regensburg/page.tsx","266","REDUCED_MOTION_REVIEW","warning"," <Link href=""/uebergabeakte"" className=""mt-5 inline-flex items-center gap-2 text-sm font-black text-cyan-700 transition hover:text-cyan-950"" data-event=""service_card_click"" data-source=""tenant_turnover_internal_link"">"
"app/mieterwechsel-service-regensburg/page.tsx","270","TOUCH_TARGET_REVIEW","warning"," <Link href=""/wohnung-wieder-vermietbar"" className=""mt-3 inline-flex items-center gap-2 text-sm font-black text-cyan-700 transition hover:text-cyan-950"" data-event=""service_card_click"" data-source=""tenant_turnover_intern"
"app/mieterwechsel-service-regensburg/page.tsx","270","FOCUS_STYLE_REVIEW","warning"," <Link href=""/wohnung-wieder-vermietbar"" className=""mt-3 inline-flex items-center gap-2 text-sm font-black text-cyan-700 transition hover:text-cyan-950"" data-event=""service_card_click"" data-source=""tenant_turnover_intern"
"app/mieterwechsel-service-regensburg/page.tsx","270","REDUCED_MOTION_REVIEW","warning"," <Link href=""/wohnung-wieder-vermietbar"" className=""mt-3 inline-flex items-center gap-2 text-sm font-black text-cyan-700 transition hover:text-cyan-950"" data-event=""service_card_click"" data-source=""tenant_turnover_intern"
"app/mieterwechsel-service-regensburg/page.tsx","274","TOUCH_TARGET_REVIEW","warning"," <Link href=""/immobilie-verkaufsbereit-machen"" className=""mt-3 inline-flex items-center gap-2 text-sm font-black text-amber-700 transition hover:text-amber-950"" data-event=""service_card_click"" data-source=""tenant_turnove"
"app/mieterwechsel-service-regensburg/page.tsx","274","FOCUS_STYLE_REVIEW","warning"," <Link href=""/immobilie-verkaufsbereit-machen"" className=""mt-3 inline-flex items-center gap-2 text-sm font-black text-amber-700 transition hover:text-amber-950"" data-event=""service_card_click"" data-source=""tenant_turnove"
"app/mieterwechsel-service-regensburg/page.tsx","274","REDUCED_MOTION_REVIEW","warning"," <Link href=""/immobilie-verkaufsbereit-machen"" className=""mt-3 inline-flex items-center gap-2 text-sm font-black text-amber-700 transition hover:text-amber-950"" data-event=""service_card_click"" data-source=""tenant_turnove"
"app/mieterwechsel-service-regensburg/page.tsx","278","TOUCH_TARGET_REVIEW","warning"," <Link href=""/makler-vermieter-link"" className=""mt-3 inline-flex items-center gap-2 text-sm font-black text-blue-700 transition hover:text-blue-950"" data-event=""service_card_click"" data-source=""tenant_turnover_internal_l"
"app/mieterwechsel-service-regensburg/page.tsx","278","FOCUS_STYLE_REVIEW","warning"," <Link href=""/makler-vermieter-link"" className=""mt-3 inline-flex items-center gap-2 text-sm font-black text-blue-700 transition hover:text-blue-950"" data-event=""service_card_click"" data-source=""tenant_turnover_internal_l"
"app/mieterwechsel-service-regensburg/page.tsx","278","REDUCED_MOTION_REVIEW","warning"," <Link href=""/makler-vermieter-link"" className=""mt-3 inline-flex items-center gap-2 text-sm font-black text-blue-700 transition hover:text-blue-950"" data-event=""service_card_click"" data-source=""tenant_turnover_internal_l"
"app/mieterwechsel-service-regensburg/page.tsx","282","TOUCH_TARGET_REVIEW","warning"," <Link href=""/keller-muellraum-rettung-regensburg"" className=""mt-3 inline-flex items-center gap-2 text-sm font-black text-amber-700 transition hover:text-amber-950"" data-event=""service_card_click"" data-source=""tenant_tur"
"app/mieterwechsel-service-regensburg/page.tsx","282","FOCUS_STYLE_REVIEW","warning"," <Link href=""/keller-muellraum-rettung-regensburg"" className=""mt-3 inline-flex items-center gap-2 text-sm font-black text-amber-700 transition hover:text-amber-950"" data-event=""service_card_click"" data-source=""tenant_tur"
"app/mieterwechsel-service-regensburg/page.tsx","282","REDUCED_MOTION_REVIEW","warning"," <Link href=""/keller-muellraum-rettung-regensburg"" className=""mt-3 inline-flex items-center gap-2 text-sm font-black text-amber-700 transition hover:text-amber-950"" data-event=""service_card_click"" data-source=""tenant_tur"
"app/mieterwechsel-service-regensburg/page.tsx","286","TOUCH_TARGET_REVIEW","warning"," <Link href=""/schadensbegrenzung"" className=""mt-3 inline-flex items-center gap-2 text-sm font-black text-red-700 transition hover:text-red-950"" data-event=""service_card_click"" data-source=""tenant_turnover_internal_link"">"
"app/mieterwechsel-service-regensburg/page.tsx","286","FOCUS_STYLE_REVIEW","warning"," <Link href=""/schadensbegrenzung"" className=""mt-3 inline-flex items-center gap-2 text-sm font-black text-red-700 transition hover:text-red-950"" data-event=""service_card_click"" data-source=""tenant_turnover_internal_link"">"
"app/mieterwechsel-service-regensburg/page.tsx","286","REDUCED_MOTION_REVIEW","warning"," <Link href=""/schadensbegrenzung"" className=""mt-3 inline-flex items-center gap-2 text-sm font-black text-red-700 transition hover:text-red-950"" data-event=""service_card_click"" data-source=""tenant_turnover_internal_link"">"
"app/mieterwechsel-service-regensburg/page.tsx","317","TOUCH_TARGET_REVIEW","warning"," <Link href=""#mieterwechsel-form"" className=""mt-5 inline-flex items-center gap-2 text-sm font-black text-cyan-700 transition hover:text-cyan-950"" data-event=""service_card_click"">"
"app/mieterwechsel-service-regensburg/page.tsx","317","FOCUS_STYLE_REVIEW","warning"," <Link href=""#mieterwechsel-form"" className=""mt-5 inline-flex items-center gap-2 text-sm font-black text-cyan-700 transition hover:text-cyan-950"" data-event=""service_card_click"">"
"app/mieterwechsel-service-regensburg/page.tsx","317","REDUCED_MOTION_REVIEW","warning"," <Link href=""#mieterwechsel-form"" className=""mt-5 inline-flex items-center gap-2 text-sm font-black text-cyan-700 transition hover:text-cyan-950"" data-event=""service_card_click"">"
"app/mieterwechsel-service-regensburg/page.tsx","397","FOCUS_STYLE_REVIEW","warning"," <Link href=""#mieterwechsel-form"" className=""inline-flex min-h-12 items-center justify-center gap-2 rounded-xl bg-slate-950 px-6 text-sm font-black text-white transition hover:bg-cyan-700"" data-event=""service_card_click"""
"app/mieterwechsel-service-regensburg/page.tsx","397","REDUCED_MOTION_REVIEW","warning"," <Link href=""#mieterwechsel-form"" className=""inline-flex min-h-12 items-center justify-center gap-2 rounded-xl bg-slate-950 px-6 text-sm font-black text-white transition hover:bg-cyan-700"" data-event=""service_card_click"""
"app/mieterwechsel-service-regensburg/page.tsx","401","FOCUS_STYLE_REVIEW","warning"," <a href={`tel:${company.phoneRaw}`} className=""inline-flex min-h-12 items-center justify-center rounded-xl border border-slate-200 bg-white px-6 text-sm font-black text-slate-800 transition hover:border-cyan-200 hover:t"
"app/mieterwechsel-service-regensburg/page.tsx","401","REDUCED_MOTION_REVIEW","warning"," <a href={`tel:${company.phoneRaw}`} className=""inline-flex min-h-12 items-center justify-center rounded-xl border border-slate-200 bg-white px-6 text-sm font-black text-slate-800 transition hover:border-cyan-200 hover:t"
"app/makler-vermieter-link/page.tsx","246","FOCUS_STYLE_REVIEW","warning"," <Link href=""#objektfall-form"" className=""inline-flex min-h-12 items-center justify-center gap-2 rounded-xl bg-slate-950 px-6 text-sm font-black text-white transition hover:bg-blue-800"" data-event=""service_card_click"">"
"app/makler-vermieter-link/page.tsx","246","REDUCED_MOTION_REVIEW","warning"," <Link href=""#objektfall-form"" className=""inline-flex min-h-12 items-center justify-center gap-2 rounded-xl bg-slate-950 px-6 text-sm font-black text-white transition hover:bg-blue-800"" data-event=""service_card_click"">"
"app/makler-vermieter-link/page.tsx","250","FOCUS_STYLE_REVIEW","warning"," <a href={whatsappHref} className=""inline-flex min-h-12 items-center justify-center gap-2 rounded-xl border border-emerald-200 bg-emerald-50 px-6 text-sm font-black text-emerald-800 transition hover:bg-emerald-100"" data-"
"app/makler-vermieter-link/page.tsx","250","REDUCED_MOTION_REVIEW","warning"," <a href={whatsappHref} className=""inline-flex min-h-12 items-center justify-center gap-2 rounded-xl border border-emerald-200 bg-emerald-50 px-6 text-sm font-black text-emerald-800 transition hover:bg-emerald-100"" data-"
"app/makler-vermieter-link/page.tsx","304","TOUCH_TARGET_REVIEW","warning"," <Link href={item.link} className=""mt-5 inline-flex items-center gap-2 text-sm font-black text-blue-700 transition hover:text-blue-950"" data-event=""service_card_click"">"
"app/makler-vermieter-link/page.tsx","304","FOCUS_STYLE_REVIEW","warning"," <Link href={item.link} className=""mt-5 inline-flex items-center gap-2 text-sm font-black text-blue-700 transition hover:text-blue-950"" data-event=""service_card_click"">"
"app/makler-vermieter-link/page.tsx","304","REDUCED_MOTION_REVIEW","warning"," <Link href={item.link} className=""mt-5 inline-flex items-center gap-2 text-sm font-black text-blue-700 transition hover:text-blue-950"" data-event=""service_card_click"">"
"app/makler-vermieter-link/page.tsx","325","FOCUS_STYLE_REVIEW","warning"," <Link href=""/mieterwechsel-service-regensburg"" className=""inline-flex min-h-11 items-center gap-2 rounded-xl bg-slate-950 px-4 text-sm font-black text-white"">"
"app/makler-vermieter-link/page.tsx","329","FOCUS_STYLE_REVIEW","warning"," <Link href=""/wohnung-wieder-vermietbar"" className=""inline-flex min-h-11 items-center gap-2 rounded-xl border border-slate-200 bg-white px-4 text-sm font-black text-slate-800"">"
"app/makler-vermieter-link/page.tsx","333","FOCUS_STYLE_REVIEW","warning"," <Link href=""/uebergabeakte"" className=""inline-flex min-h-11 items-center gap-2 rounded-xl border border-slate-200 bg-white px-4 text-sm font-black text-slate-800"">"
"app/makler-vermieter-link/page.tsx","364","TOUCH_TARGET_REVIEW","warning"," <Link href=""#objektfall-form"" className=""mt-5 inline-flex items-center gap-2 text-sm font-black text-blue-700 transition hover:text-blue-950"" data-event=""service_card_click"">"
"app/makler-vermieter-link/page.tsx","364","FOCUS_STYLE_REVIEW","warning"," <Link href=""#objektfall-form"" className=""mt-5 inline-flex items-center gap-2 text-sm font-black text-blue-700 transition hover:text-blue-950"" data-event=""service_card_click"">"
"app/makler-vermieter-link/page.tsx","364","REDUCED_MOTION_REVIEW","warning"," <Link href=""#objektfall-form"" className=""mt-5 inline-flex items-center gap-2 text-sm font-black text-blue-700 transition hover:text-blue-950"" data-event=""service_card_click"">"
"app/makler-vermieter-link/page.tsx","425","FOCUS_STYLE_REVIEW","warning"," <Link href=""/regensburg"" className=""inline-flex min-h-11 items-center gap-2 rounded-xl bg-slate-950 px-4 text-sm font-black text-white"">"
"app/makler-vermieter-link/page.tsx","429","FOCUS_STYLE_REVIEW","warning"," <Link href=""/regensburg/entruempelung"" className=""inline-flex min-h-11 items-center gap-2 rounded-xl border border-slate-200 bg-white px-4 text-sm font-black text-slate-800"">"
"app/makler-vermieter-link/page.tsx","433","FOCUS_STYLE_REVIEW","warning"," <Link href=""/private-client-service"" className=""inline-flex min-h-11 items-center gap-2 rounded-xl border border-slate-200 bg-white px-4 text-sm font-black text-slate-800"">"
"app/makler-vermieter-link/page.tsx","447","TOUCH_TARGET_REVIEW","warning"," <Link key={title} href={href} className=""rounded-[1.5rem] border border-slate-200 bg-white p-5 transition hover:-translate-y-1 hover:border-blue-200 hover:shadow-lg"">"
"app/makler-vermieter-link/page.tsx","447","FOCUS_STYLE_REVIEW","warning"," <Link key={title} href={href} className=""rounded-[1.5rem] border border-slate-200 bg-white p-5 transition hover:-translate-y-1 hover:border-blue-200 hover:shadow-lg"">"
"app/makler-vermieter-link/page.tsx","447","REDUCED_MOTION_REVIEW","warning"," <Link key={title} href={href} className=""rounded-[1.5rem] border border-slate-200 bg-white p-5 transition hover:-translate-y-1 hover:border-blue-200 hover:shadow-lg"">"
"app/makler-vermieter-link/page.tsx","477","TOUCH_TARGET_REVIEW","warning"," <Link href=""#objektfall-form"" className=""flox-mobile-action flox-mobile-action-primary"" data-event=""service_card_click"">"
"app/makler-vermieter-link/page.tsx","477","FOCUS_STYLE_REVIEW","warning"," <Link href=""#objektfall-form"" className=""flox-mobile-action flox-mobile-action-primary"" data-event=""service_card_click"">"
"app/makler-vermieter-link/page.tsx","480","TOUCH_TARGET_REVIEW","warning"," <a href={whatsappHref} className=""flox-mobile-action flox-mobile-action-whatsapp"" data-event=""whatsapp_click"">"
"app/makler-vermieter-link/page.tsx","480","FOCUS_STYLE_REVIEW","warning"," <a href={whatsappHref} className=""flox-mobile-action flox-mobile-action-whatsapp"" data-event=""whatsapp_click"">"
"app/makler-vermieter-link/page.tsx","483","TOUCH_TARGET_REVIEW","warning"," <a href=""tel:+4915771105087"" className=""flox-mobile-action flox-mobile-action-light"" data-event=""phone_click"">"
"app/makler-vermieter-link/page.tsx","483","FOCUS_STYLE_REVIEW","warning"," <a href=""tel:+4915771105087"" className=""flox-mobile-action flox-mobile-action-light"" data-event=""phone_click"">"
"app/leistungen-vergleichen/page.tsx","117","REDUCED_MOTION_REVIEW","warning"," className=""inline-flex items-center gap-2 rounded-2xl bg-blue-500 px-5 py-3 text-sm font-semibold text-slate-950 transition hover:bg-blue-400"""
"app/leistungen-vergleichen/page.tsx","124","REDUCED_MOTION_REVIEW","warning"," className=""inline-flex items-center gap-2 rounded-2xl border border-foreground/10 bg-white/[0.04] px-5 py-3 text-sm font-semibold text-foreground/82 transition hover:bg-white/[0.08]"""
"app/leistungen/page.tsx","241","REDUCED_MOTION_REVIEW","warning"," className=""inline-flex min-h-12 items-center justify-center gap-2 rounded-lg bg-white px-5 text-sm font-black text-slate-950 transition hover:bg-cyan-50 focus:outline-none focus:ring-2 focus:ring-cyan-200"""
"app/leistungen/page.tsx","252","REDUCED_MOTION_REVIEW","warning"," className=""inline-flex min-h-12 items-center justify-center gap-2 rounded-lg border border-emerald-200/50 bg-emerald-400 px-5 text-sm font-black text-slate-950 transition hover:bg-emerald-300 focus:outline-none focus:ri"
"app/leistungen/page.tsx","433","REDUCED_MOTION_REVIEW","warning"," className=""inline-flex min-h-12 items-center justify-center gap-2 rounded-lg bg-slate-950 px-5 text-sm font-black text-white transition hover:bg-blue-800 focus:outline-none focus:ring-2 focus:ring-blue-500"""
"app/leistungen/page.tsx","507","REDUCED_MOTION_REVIEW","warning"," className=""group flex min-h-[11rem] flex-col rounded-lg border border-slate-200 bg-slate-50 p-5 transition hover:-translate-y-0.5 hover:border-blue-200 hover:bg-white hover:shadow-md"""
"app/leistungen/page.tsx","520","REDUCED_MOTION_REVIEW","warning"," <ArrowRight className=""h-4 w-4 transition group-hover:translate-x-0.5"" aria-hidden=""true"" />"
"app/leerfahrt-rueckfahrt/page.tsx","140","REDUCED_MOTION_REVIEW","warning"," className=""inline-flex items-center justify-center gap-2 rounded-2xl bg-gradient-to-r from-emerald-500 via-emerald-500 to-cyan-500 px-6 py-4 text-sm font-black uppercase tracking-[0.14em] text-white shadow-[0_18px_46px_"
"app/leerfahrt-rueckfahrt/page.tsx","147","REDUCED_MOTION_REVIEW","warning"," className=""inline-flex items-center justify-center rounded-2xl border border-slate-200 bg-white px-6 py-4 text-sm font-black uppercase tracking-[0.14em] text-slate-900 shadow-sm shadow-slate-950/5 transition-all hover:-"
"app/leerfahrt-rueckfahrt/page.tsx","153","REDUCED_MOTION_REVIEW","warning"," className=""inline-flex items-center justify-center rounded-2xl border border-emerald-200 bg-white px-6 py-4 text-sm font-black uppercase tracking-[0.14em] text-emerald-800 shadow-sm shadow-slate-950/5 transition-all hov"
"app/leerfahrt-rueckfahrt/page.tsx","234","REDUCED_MOTION_REVIEW","warning"," className=""rounded-[1.55rem] border border-slate-200 bg-slate-50 p-5 transition hover:-translate-y-1 hover:border-emerald-200 hover:bg-emerald-50/40"""
"app/leerfahrt-rueckfahrt/page.tsx","347","REDUCED_MOTION_REVIEW","warning"," className=""card-premium rounded-[1.7rem] p-5 transition hover:-translate-y-1"""
"app/lager-rotation/page.tsx","66","FOCUS_STYLE_REVIEW","warning"," <Link href=""/rechner"" className=""btn-premium inline-flex h-12 items-center gap-2 rounded-xl bg-gradient-to-b from-blue-500 to-blue-600 px-8 text-sm font-semibold uppercase tracking-wider text-white shadow-lg shadow-blue"
"app/lager-rotation/page.tsx","66","REDUCED_MOTION_REVIEW","warning"," <Link href=""/rechner"" className=""btn-premium inline-flex h-12 items-center gap-2 rounded-xl bg-gradient-to-b from-blue-500 to-blue-600 px-8 text-sm font-semibold uppercase tracking-wider text-white shadow-lg shadow-blue"
"app/lager-rotation/page.tsx","69","FOCUS_STYLE_REVIEW","warning"," <a href={whatsappUrl} target=""_blank"" rel=""noopener noreferrer"" className=""inline-flex h-12 items-center gap-2 rounded-xl border border-slate-200 bg-white px-6 text-sm font-medium text-slate-700 transition-all hover:bg-"
"app/lager-rotation/page.tsx","69","REDUCED_MOTION_REVIEW","warning"," <a href={whatsappUrl} target=""_blank"" rel=""noopener noreferrer"" className=""inline-flex h-12 items-center gap-2 rounded-xl border border-slate-200 bg-white px-6 text-sm font-medium text-slate-700 transition-all hover:bg-"
"app/lager-rotation/page.tsx","113","REDUCED_MOTION_REVIEW","warning"," className=""card-premium group rounded-xl p-5 transition-all"""
"app/lager-rotation/page.tsx","115","REDUCED_MOTION_REVIEW","warning"," <h3 className=""font-semibold text-slate-950 group-hover:text-blue-700 transition-colors flex items-center gap-2"">"
"app/lager-rotation/page.tsx","117","REDUCED_MOTION_REVIEW","warning"," <ChevronRight className=""w-4 h-4 opacity-0 group-hover:opacity-100 transition-opacity"" />"
"app/kurzfristiger-umzug-bayern/page.tsx","95","REDUCED_MOTION_REVIEW","warning"," className=""px-5 py-2.5 rounded-full border border-border/50 text-sm font-medium text-muted-foreground hover:text-primary hover:border-primary/30 transition-all"""
"app/kurzfristiger-umzug-bayern/page.tsx","101","REDUCED_MOTION_REVIEW","warning"," className=""px-5 py-2.5 rounded-full border border-border/50 text-sm font-medium text-muted-foreground hover:text-primary hover:border-primary/30 transition-all"""
"app/kurzfristiger-umzug-bayern/page.tsx","107","REDUCED_MOTION_REVIEW","warning"," className=""px-5 py-2.5 rounded-full border border-border/50 text-sm font-medium text-muted-foreground hover:text-primary hover:border-primary/30 transition-all"""
"app/kurzfristiger-umzug-bayern/page.tsx","113","REDUCED_MOTION_REVIEW","warning"," className=""px-5 py-2.5 rounded-full border border-border/50 text-sm font-medium text-muted-foreground hover:text-primary hover:border-primary/30 transition-all"""
"app/kurzfristiger-umzug-bayern/page.tsx","133","REDUCED_MOTION_REVIEW","warning"," <div className=""absolute -inset-1 bg-gradient-to-r from-violet-500/20 to-indigo-500/20 rounded-[2.5rem] blur-xl opacity-0 group-hover:opacity-100 transition duration-1000 group-hover:duration-200"" />"
"app/kostenfaktoren/page.tsx","117","REDUCED_MOTION_REVIEW","warning"," className=""inline-flex items-center gap-2 rounded-2xl bg-blue-500 px-5 py-3 text-sm font-semibold text-slate-950 transition hover:bg-blue-400"""
"app/kostenfaktoren/page.tsx","124","REDUCED_MOTION_REVIEW","warning"," className=""inline-flex items-center gap-2 rounded-2xl border border-foreground/10 bg-white/[0.04] px-5 py-3 text-sm font-semibold text-foreground/82 transition hover:bg-white/[0.08]"""
"app/kontakt/page.tsx","321","REDUCED_MOTION_REVIEW","warning"," className=""inline-flex items-center gap-2 rounded-2xl bg-blue-600 px-5 py-3 text-sm font-semibold text-white transition hover:bg-blue-500"""
"app/kontakt/page.tsx","335","REDUCED_MOTION_REVIEW","warning"," className=""inline-flex items-center gap-2 rounded-2xl border border-blue-200 bg-blue-50 px-5 py-3 text-sm font-semibold text-blue-900 transition hover:bg-blue-100"""
"app/kontakt/page.tsx","350","REDUCED_MOTION_REVIEW","warning"," className=""inline-flex items-center gap-2 rounded-2xl border border-emerald-300/20 bg-emerald-500/10 px-5 py-3 text-sm font-semibold text-emerald-800 transition hover:bg-emerald-500/15"""
"app/kontakt/page.tsx","366","REDUCED_MOTION_REVIEW","warning"," className=""inline-flex items-center gap-2 rounded-2xl border border-foreground/10 bg-white/[0.04] px-5 py-3 text-sm font-semibold text-foreground/82 transition hover:bg-white/[0.08]"""
"app/kontakt/page.tsx","449","REDUCED_MOTION_REVIEW","warning"," className=""group rounded-[1.35rem] border border-slate-200 bg-white/86 px-4 py-4 shadow-sm shadow-slate-950/5 transition hover:-translate-y-0.5 hover:border-blue-200 hover:bg-white"""
"app/kontakt/page.tsx","453","REDUCED_MOTION_REVIEW","warning"," <ArrowRight className=""h-4 w-4 text-slate-400 transition group-hover:translate-x-0.5 group-hover:text-blue-700"" />"
"app/kontakt/page.tsx","461","REDUCED_MOTION_REVIEW","warning"," className=""group rounded-[1.35rem] border border-slate-200 bg-white/86 px-4 py-4 shadow-sm shadow-slate-950/5 transition hover:-translate-y-0.5 hover:border-blue-200 hover:bg-white"""
"app/kontakt/page.tsx","465","REDUCED_MOTION_REVIEW","warning"," <ArrowRight className=""h-4 w-4 text-slate-400 transition group-hover:translate-x-0.5 group-hover:text-blue-700"" />"
"app/kontakt/page.tsx","556","REDUCED_MOTION_REVIEW","warning"," ""rounded-[1.6rem] border border-slate-200 bg-white p-6 shadow-sm shadow-slate-950/5 transition-all hover:-translate-y-1 hover:border-blue-200 hover:shadow-md"";"
"app/kontakt/page.tsx","579","TOUCH_TARGET_REVIEW","warning"," <Link key={item.title} href={item.href} className={classes}>"
"app/kontakt/page.tsx","579","FOCUS_STYLE_REVIEW","warning"," <Link key={item.title} href={item.href} className={classes}>"
"app/kontakt/page.tsx","625","REDUCED_MOTION_REVIEW","warning"," className=""mt-4 inline-flex min-h-11 items-center justify-center gap-2 rounded-lg bg-slate-950 px-4 text-sm font-black text-white transition hover:bg-blue-700"""
"app/kontakt/page.tsx","714","REDUCED_MOTION_REVIEW","warning"," className=""rounded-[1rem] border border-slate-200 bg-slate-50 px-4 py-3 text-sm font-medium text-slate-700 transition hover:border-blue-200 hover:bg-blue-50 hover:text-slate-950"""
"app/kontakt/page.tsx","725","REDUCED_MOTION_REVIEW","warning"," className=""rounded-full border border-slate-200 bg-white px-3 py-2 text-[11px] font-semibold text-slate-700 transition hover:border-blue-200 hover:bg-blue-50 hover:text-slate-950"""
"app/kontakt/page.tsx","795","REDUCED_MOTION_REVIEW","warning"," className=""group rounded-[1.45rem] border border-white bg-white px-5 py-5 shadow-sm shadow-slate-950/5 transition hover:-translate-y-0.5 hover:border-blue-200 hover:bg-blue-50"""
"app/kontakt/page.tsx","804","REDUCED_MOTION_REVIEW","warning"," <ArrowRight className=""h-4 w-4 transition group-hover:translate-x-0.5"" />"
"app/kleinmengen-entsorgung/page.tsx","171","REDUCED_MOTION_REVIEW","warning"," className=""rounded-2xl border border-white/10 bg-[#0B0B14] px-6 py-4 font-medium text-slate-300 transition-all hover:border-red-500/40 hover:text-white"""
"app/klaviertransport-regensburg/page.tsx","372","TOUCH_TARGET_REVIEW","warning"," <Link href=""/"" className=""hover:text-slate-950"">FLOXANT</Link>"
"app/klaviertransport-regensburg/page.tsx","372","FOCUS_STYLE_REVIEW","warning"," <Link href=""/"" className=""hover:text-slate-950"">FLOXANT</Link>"
"app/klaviertransport-regensburg/page.tsx","374","TOUCH_TARGET_REVIEW","warning"," <Link href=""/umzug"" className=""hover:text-slate-950"">Umzug</Link>"
"app/klaviertransport-regensburg/page.tsx","374","FOCUS_STYLE_REVIEW","warning"," <Link href=""/umzug"" className=""hover:text-slate-950"">Umzug</Link>"
"app/klaviertransport-regensburg/page.tsx","376","TOUCH_TARGET_REVIEW","warning"," <Link href=""/klaviertransport"" className=""hover:text-slate-950"">Klaviertransport</Link>"
"app/klaviertransport-regensburg/page.tsx","376","FOCUS_STYLE_REVIEW","warning"," <Link href=""/klaviertransport"" className=""hover:text-slate-950"">Klaviertransport</Link>"
"app/klaviertransport-regensburg/page.tsx","406","REDUCED_MOTION_REVIEW","warning"," className=""inline-flex min-h-12 w-full items-center justify-center gap-2 rounded-lg bg-slate-950 px-6 text-sm font-black text-white shadow-[0_16px_40px_rgba(15,23,42,0.22)] transition hover:bg-cyan-800 sm:w-auto"""
"app/klaviertransport-regensburg/page.tsx","423","REDUCED_MOTION_REVIEW","warning"," className=""inline-flex min-h-12 w-full items-center justify-center gap-2 rounded-lg bg-emerald-500 px-6 text-sm font-black text-white shadow-[0_16px_40px_rgba(16,185,129,0.2)] transition hover:bg-emerald-600 sm:w-auto"""
"app/klaviertransport-regensburg/page.tsx","437","REDUCED_MOTION_REVIEW","warning"," className=""inline-flex min-h-12 w-full items-center justify-center gap-2 rounded-lg border border-slate-300 bg-white px-6 text-sm font-black text-slate-900 transition hover:border-cyan-300 hover:text-cyan-800 sm:w-auto"""
"app/klaviertransport-regensburg/page.tsx","644","REDUCED_MOTION_REVIEW","warning"," className=""mt-5 inline-flex min-h-11 items-center justify-center gap-2 rounded-lg border border-slate-300 bg-white px-5 text-sm font-black text-slate-900 transition hover:border-cyan-300 hover:text-cyan-800"""
"app/klaviertransport-regensburg/page.tsx","669","REDUCED_MOTION_REVIEW","warning"," className=""inline-flex min-h-11 items-center justify-center gap-2 rounded-lg bg-slate-950 px-5 text-sm font-black text-white transition hover:bg-emerald-800"""
"app/klaviertransport-regensburg/page.tsx","682","REDUCED_MOTION_REVIEW","warning"," className=""inline-flex min-h-11 items-center justify-center gap-2 rounded-lg border border-emerald-300 bg-white px-5 text-sm font-black text-emerald-900 transition hover:bg-emerald-100"""
"app/klaviertransport-regensburg/page.tsx","740","REDUCED_MOTION_REVIEW","warning"," className=""inline-flex min-h-12 items-center justify-center gap-2 rounded-lg bg-slate-950 px-6 text-sm font-black text-white transition hover:bg-cyan-800"""
"app/klaviertransport-regensburg/page.tsx","796","REDUCED_MOTION_REVIEW","warning"," className=""inline-flex min-h-12 items-center justify-center gap-2 rounded-lg bg-white px-6 text-sm font-black text-slate-950 transition hover:bg-cyan-50"""
"app/klaviertransport-regensburg/page.tsx","805","REDUCED_MOTION_REVIEW","warning"," className=""inline-flex min-h-12 items-center justify-center gap-2 rounded-lg border border-white/15 bg-white/10 px-6 text-sm font-black text-white transition hover:bg-white/15"""
"app/kinder-umzugsbox/page.tsx","66","FOCUS_STYLE_REVIEW","warning"," <Link href=""/rechner"" className=""btn-premium inline-flex h-12 items-center gap-2 rounded-xl bg-gradient-to-b from-blue-500 to-blue-600 px-8 text-sm font-semibold uppercase tracking-wider text-white shadow-lg shadow-blue"
"app/kinder-umzugsbox/page.tsx","66","REDUCED_MOTION_REVIEW","warning"," <Link href=""/rechner"" className=""btn-premium inline-flex h-12 items-center gap-2 rounded-xl bg-gradient-to-b from-blue-500 to-blue-600 px-8 text-sm font-semibold uppercase tracking-wider text-white shadow-lg shadow-blue"
"app/kinder-umzugsbox/page.tsx","69","FOCUS_STYLE_REVIEW","warning"," <a href={whatsappUrl} target=""_blank"" rel=""noopener noreferrer"" className=""inline-flex h-12 items-center gap-2 rounded-xl border border-slate-200 bg-white px-6 text-sm font-medium text-slate-700 transition-all hover:bg-"
"app/kinder-umzugsbox/page.tsx","69","REDUCED_MOTION_REVIEW","warning"," <a href={whatsappUrl} target=""_blank"" rel=""noopener noreferrer"" className=""inline-flex h-12 items-center gap-2 rounded-xl border border-slate-200 bg-white px-6 text-sm font-medium text-slate-700 transition-all hover:bg-"
"app/kinder-umzugsbox/page.tsx","113","REDUCED_MOTION_REVIEW","warning"," className=""card-premium group rounded-xl p-5 transition-all"""
"app/kinder-umzugsbox/page.tsx","115","REDUCED_MOTION_REVIEW","warning"," <h3 className=""font-semibold text-slate-950 group-hover:text-blue-700 transition-colors flex items-center gap-2"">"
"app/kinder-umzugsbox/page.tsx","117","REDUCED_MOTION_REVIEW","warning"," <ChevronRight className=""w-4 h-4 opacity-0 group-hover:opacity-100 transition-opacity"" />"
"app/keller-muellraum-rettung-regensburg/page.tsx","248","FOCUS_STYLE_REVIEW","warning"," <Link href=""#keller-muellraum-form"" className=""inline-flex min-h-12 items-center justify-center gap-2 rounded-xl bg-slate-950 px-6 text-sm font-black text-white transition hover:bg-amber-700"" data-event=""service_card_cl"
"app/keller-muellraum-rettung-regensburg/page.tsx","248","REDUCED_MOTION_REVIEW","warning"," <Link href=""#keller-muellraum-form"" className=""inline-flex min-h-12 items-center justify-center gap-2 rounded-xl bg-slate-950 px-6 text-sm font-black text-white transition hover:bg-amber-700"" data-event=""service_card_cl"
"app/keller-muellraum-rettung-regensburg/page.tsx","252","FOCUS_STYLE_REVIEW","warning"," <a href={whatsappHref} className=""inline-flex min-h-12 items-center justify-center gap-2 rounded-xl border border-emerald-200 bg-emerald-50 px-6 text-sm font-black text-emerald-800 transition hover:bg-emerald-100"" data-"
"app/keller-muellraum-rettung-regensburg/page.tsx","252","REDUCED_MOTION_REVIEW","warning"," <a href={whatsappHref} className=""inline-flex min-h-12 items-center justify-center gap-2 rounded-xl border border-emerald-200 bg-emerald-50 px-6 text-sm font-black text-emerald-800 transition hover:bg-emerald-100"" data-"
"app/keller-muellraum-rettung-regensburg/page.tsx","326","FOCUS_STYLE_REVIEW","warning"," <Link href=""/mieterwechsel-service-regensburg"" className=""inline-flex min-h-11 items-center gap-2 rounded-xl bg-slate-950 px-4 text-sm font-black text-white"" data-event=""service_card_click"">"
"app/keller-muellraum-rettung-regensburg/page.tsx","330","FOCUS_STYLE_REVIEW","warning"," <Link href=""/wohnung-wieder-vermietbar"" className=""inline-flex min-h-11 items-center gap-2 rounded-xl border border-slate-200 bg-white px-4 text-sm font-black text-slate-800"" data-event=""service_card_click"">"
"app/keller-muellraum-rettung-regensburg/page.tsx","334","FOCUS_STYLE_REVIEW","warning"," <Link href=""/immobilie-verkaufsbereit-machen"" className=""inline-flex min-h-11 items-center gap-2 rounded-xl border border-amber-200 bg-amber-50 px-4 text-sm font-black text-amber-800"" data-event=""service_card_click"">"
"app/keller-muellraum-rettung-regensburg/page.tsx","338","FOCUS_STYLE_REVIEW","warning"," <Link href=""/makler-vermieter-link"" className=""inline-flex min-h-11 items-center gap-2 rounded-xl border border-blue-200 bg-blue-50 px-4 text-sm font-black text-blue-800"" data-event=""service_card_click"">"
"app/keller-muellraum-rettung-regensburg/page.tsx","342","FOCUS_STYLE_REVIEW","warning"," <Link href=""/nachlass-raeumung-regensburg"" className=""inline-flex min-h-11 items-center gap-2 rounded-xl border border-stone-200 bg-stone-50 px-4 text-sm font-black text-stone-800"" data-event=""service_card_click"">"
"app/keller-muellraum-rettung-regensburg/page.tsx","346","FOCUS_STYLE_REVIEW","warning"," <Link href=""/uebergabeakte"" className=""inline-flex min-h-11 items-center gap-2 rounded-xl border border-slate-200 bg-white px-4 text-sm font-black text-slate-800"" data-event=""service_card_click"">"
"app/keller-muellraum-rettung-regensburg/page.tsx","377","TOUCH_TARGET_REVIEW","warning"," <Link href=""#keller-muellraum-form"" className=""mt-5 inline-flex items-center gap-2 text-sm font-black text-amber-700 transition hover:text-amber-950"" data-event=""service_card_click"">"
"app/keller-muellraum-rettung-regensburg/page.tsx","377","FOCUS_STYLE_REVIEW","warning"," <Link href=""#keller-muellraum-form"" className=""mt-5 inline-flex items-center gap-2 text-sm font-black text-amber-700 transition hover:text-amber-950"" data-event=""service_card_click"">"
"app/keller-muellraum-rettung-regensburg/page.tsx","377","REDUCED_MOTION_REVIEW","warning"," <Link href=""#keller-muellraum-form"" className=""mt-5 inline-flex items-center gap-2 text-sm font-black text-amber-700 transition hover:text-amber-950"" data-event=""service_card_click"">"
"app/keller-muellraum-rettung-regensburg/page.tsx","429","FOCUS_STYLE_REVIEW","warning"," <Link href=""/regensburg/entruempelung"" className=""inline-flex min-h-11 items-center gap-2 rounded-xl bg-slate-950 px-4 text-sm font-black text-white"">"
"app/keller-muellraum-rettung-regensburg/page.tsx","433","FOCUS_STYLE_REVIEW","warning"," <Link href=""/regensburg"" className=""inline-flex min-h-11 items-center gap-2 rounded-xl border border-slate-200 bg-white px-4 text-sm font-black text-slate-800"">"
"app/keller-muellraum-rettung-regensburg/page.tsx","437","FOCUS_STYLE_REVIEW","warning"," <Link href=""/schadensbegrenzung"" className=""inline-flex min-h-11 items-center gap-2 rounded-xl border border-red-200 bg-white px-4 text-sm font-black text-red-800"" data-event=""service_card_click"">"
"app/keller-muellraum-rettung-regensburg/page.tsx","480","TOUCH_TARGET_REVIEW","warning"," <Link href=""#keller-muellraum-form"" className=""flox-mobile-action flox-mobile-action-primary"" data-event=""service_card_click"">"
"app/keller-muellraum-rettung-regensburg/page.tsx","480","FOCUS_STYLE_REVIEW","warning"," <Link href=""#keller-muellraum-form"" className=""flox-mobile-action flox-mobile-action-primary"" data-event=""service_card_click"">"
"app/keller-muellraum-rettung-regensburg/page.tsx","483","TOUCH_TARGET_REVIEW","warning"," <a href={whatsappHref} className=""flox-mobile-action flox-mobile-action-whatsapp"" data-event=""whatsapp_click"">"
"app/keller-muellraum-rettung-regensburg/page.tsx","483","FOCUS_STYLE_REVIEW","warning"," <a href={whatsappHref} className=""flox-mobile-action flox-mobile-action-whatsapp"" data-event=""whatsapp_click"">"
"app/keller-muellraum-rettung-regensburg/page.tsx","486","TOUCH_TARGET_REVIEW","warning"," <a href=""tel:+4915771105087"" className=""flox-mobile-action flox-mobile-action-light"" data-event=""phone_click"">"
"app/keller-muellraum-rettung-regensburg/page.tsx","486","FOCUS_STYLE_REVIEW","warning"," <a href=""tel:+4915771105087"" className=""flox-mobile-action flox-mobile-action-light"" data-event=""phone_click"">"
"app/impressum/page.tsx","31","TOUCH_TARGET_REVIEW","warning"," E-Mail: <a href=""mailto:info@floxant.de"" className=""underline hover:text-foreground"">info@floxant.de</a>"
"app/impressum/page.tsx","31","FOCUS_STYLE_REVIEW","warning"," E-Mail: <a href=""mailto:info@floxant.de"" className=""underline hover:text-foreground"">info@floxant.de</a>"
"app/immobilie-verkaufsbereit-machen/page.tsx","321","FOCUS_STYLE_REVIEW","warning"," <Link href=""#property-ready-form"" className=""inline-flex min-h-12 items-center justify-center gap-2 rounded-xl bg-stone-950 px-6 text-sm font-black text-white transition hover:bg-amber-800"" data-event=""service_card_clic"
"app/immobilie-verkaufsbereit-machen/page.tsx","321","REDUCED_MOTION_REVIEW","warning"," <Link href=""#property-ready-form"" className=""inline-flex min-h-12 items-center justify-center gap-2 rounded-xl bg-stone-950 px-6 text-sm font-black text-white transition hover:bg-amber-800"" data-event=""service_card_clic"
"app/immobilie-verkaufsbereit-machen/page.tsx","325","FOCUS_STYLE_REVIEW","warning"," <a href={whatsappHref} className=""inline-flex min-h-12 items-center justify-center gap-2 rounded-xl border border-emerald-200 bg-emerald-50 px-6 text-sm font-black text-emerald-800 transition hover:bg-emerald-100"" data-"
"app/immobilie-verkaufsbereit-machen/page.tsx","325","REDUCED_MOTION_REVIEW","warning"," <a href={whatsappHref} className=""inline-flex min-h-12 items-center justify-center gap-2 rounded-xl border border-emerald-200 bg-emerald-50 px-6 text-sm font-black text-emerald-800 transition hover:bg-emerald-100"" data-"
"app/immobilie-verkaufsbereit-machen/page.tsx","397","TOUCH_TARGET_REVIEW","warning"," <Link href=""#property-ready-form"" className=""mt-5 inline-flex items-center gap-2 text-sm font-black text-amber-800 transition hover:text-stone-950"" data-event=""service_card_click"">"
"app/immobilie-verkaufsbereit-machen/page.tsx","397","FOCUS_STYLE_REVIEW","warning"," <Link href=""#property-ready-form"" className=""mt-5 inline-flex items-center gap-2 text-sm font-black text-amber-800 transition hover:text-stone-950"" data-event=""service_card_click"">"
"app/immobilie-verkaufsbereit-machen/page.tsx","397","REDUCED_MOTION_REVIEW","warning"," <Link href=""#property-ready-form"" className=""mt-5 inline-flex items-center gap-2 text-sm font-black text-amber-800 transition hover:text-stone-950"" data-event=""service_card_click"">"
"app/immobilie-verkaufsbereit-machen/page.tsx","418","FOCUS_STYLE_REVIEW","warning"," <Link href=""/makler-vermieter-link"" className=""inline-flex min-h-11 items-center gap-2 rounded-xl bg-white px-4 text-sm font-black text-stone-950"">"
"app/immobilie-verkaufsbereit-machen/page.tsx","422","FOCUS_STYLE_REVIEW","warning"," <Link href=""/uebergabeakte"" className=""inline-flex min-h-11 items-center gap-2 rounded-xl border border-white/15 px-4 text-sm font-black text-white"">"
"app/immobilie-verkaufsbereit-machen/page.tsx","426","FOCUS_STYLE_REVIEW","warning"," <Link href=""/keller-muellraum-rettung-regensburg"" className=""inline-flex min-h-11 items-center gap-2 rounded-xl border border-amber-200/30 bg-amber-950/20 px-4 text-sm font-black text-amber-50"">"
"app/immobilie-verkaufsbereit-machen/page.tsx","457","TOUCH_TARGET_REVIEW","warning"," <Link href=""#property-ready-form"" className=""mt-5 inline-flex items-center gap-2 text-sm font-black text-amber-800 transition hover:text-stone-950"" data-event=""service_card_click"">"
"app/immobilie-verkaufsbereit-machen/page.tsx","457","FOCUS_STYLE_REVIEW","warning"," <Link href=""#property-ready-form"" className=""mt-5 inline-flex items-center gap-2 text-sm font-black text-amber-800 transition hover:text-stone-950"" data-event=""service_card_click"">"
"app/immobilie-verkaufsbereit-machen/page.tsx","457","REDUCED_MOTION_REVIEW","warning"," <Link href=""#property-ready-form"" className=""mt-5 inline-flex items-center gap-2 text-sm font-black text-amber-800 transition hover:text-stone-950"" data-event=""service_card_click"">"
"app/immobilie-verkaufsbereit-machen/page.tsx","490","TOUCH_TARGET_REVIEW","warning"," <Link href=""#property-ready-form"" className=""mt-5 inline-flex items-center gap-2 text-sm font-black text-amber-800 transition hover:text-stone-950"" data-event=""service_card_click"">"
"app/immobilie-verkaufsbereit-machen/page.tsx","490","FOCUS_STYLE_REVIEW","warning"," <Link href=""#property-ready-form"" className=""mt-5 inline-flex items-center gap-2 text-sm font-black text-amber-800 transition hover:text-stone-950"" data-event=""service_card_click"">"
"app/immobilie-verkaufsbereit-machen/page.tsx","490","REDUCED_MOTION_REVIEW","warning"," <Link href=""#property-ready-form"" className=""mt-5 inline-flex items-center gap-2 text-sm font-black text-amber-800 transition hover:text-stone-950"" data-event=""service_card_click"">"
"app/immobilie-verkaufsbereit-machen/page.tsx","555","FOCUS_STYLE_REVIEW","warning"," <Link key={item.href} href={item.href} prefetch={false} className=""inline-flex items-center justify-between gap-3 rounded-xl border border-stone-200 bg-stone-50 px-4 py-3 text-sm font-black text-stone-800 transition hov"
"app/immobilie-verkaufsbereit-machen/page.tsx","555","REDUCED_MOTION_REVIEW","warning"," <Link key={item.href} href={item.href} prefetch={false} className=""inline-flex items-center justify-between gap-3 rounded-xl border border-stone-200 bg-stone-50 px-4 py-3 text-sm font-black text-stone-800 transition hov"
"app/immobilie-verkaufsbereit-machen/page.tsx","594","FOCUS_STYLE_REVIEW","warning"," <Link href=""#property-ready-form"" className=""inline-flex min-h-12 items-center justify-center gap-2 rounded-xl bg-white px-6 text-sm font-black text-stone-950"" data-event=""service_card_click"">"
"app/immobilie-verkaufsbereit-machen/page.tsx","598","FOCUS_STYLE_REVIEW","warning"," <a href={whatsappHref} className=""inline-flex min-h-12 items-center justify-center gap-2 rounded-xl border border-emerald-200/50 bg-emerald-400/10 px-6 text-sm font-black text-emerald-50"" data-event=""whatsapp_click"">"
"app/immobilie-verkaufsbereit-machen/page.tsx","601","FOCUS_STYLE_REVIEW","warning"," <a href={phoneHref} className=""inline-flex min-h-12 items-center justify-center gap-2 rounded-xl border border-amber-200/50 bg-amber-400/10 px-6 text-sm font-black text-amber-50"" data-event=""phone_click"">"
"app/immobilie-verkaufsbereit-machen/page.tsx","612","TOUCH_TARGET_REVIEW","warning"," <Link href=""#property-ready-form"" className=""flox-mobile-action flox-mobile-action-primary"" data-event=""service_card_click"">"
"app/immobilie-verkaufsbereit-machen/page.tsx","612","FOCUS_STYLE_REVIEW","warning"," <Link href=""#property-ready-form"" className=""flox-mobile-action flox-mobile-action-primary"" data-event=""service_card_click"">"
"app/immobilie-verkaufsbereit-machen/page.tsx","615","TOUCH_TARGET_REVIEW","warning"," <a href={whatsappHref} className=""flox-mobile-action flox-mobile-action-whatsapp"" data-event=""whatsapp_click"">"
"app/immobilie-verkaufsbereit-machen/page.tsx","615","FOCUS_STYLE_REVIEW","warning"," <a href={whatsappHref} className=""flox-mobile-action flox-mobile-action-whatsapp"" data-event=""whatsapp_click"">"
"app/immobilie-verkaufsbereit-machen/page.tsx","618","TOUCH_TARGET_REVIEW","warning"," <a href={phoneHref} className=""flox-mobile-action flox-mobile-action-light"" data-event=""phone_click"">"
"app/immobilie-verkaufsbereit-machen/page.tsx","618","FOCUS_STYLE_REVIEW","warning"," <a href={phoneHref} className=""flox-mobile-action flox-mobile-action-light"" data-event=""phone_click"">"
"app/hotelreinigung-regensburg/page.tsx","300","TOUCH_TARGET_REVIEW","warning"," <a key={href} href={href} className=""flox-chip hover:border-blue-200 hover:bg-blue-50"">"
"app/hotelreinigung-regensburg/page.tsx","300","FOCUS_STYLE_REVIEW","warning"," <a key={href} href={href} className=""flox-chip hover:border-blue-200 hover:bg-blue-50"">"
"app/hotelreinigung-regensburg/page.tsx","307","TOUCH_TARGET_REVIEW","warning"," <a href=""#kontakt"" className=""flox-button-primary px-6"">"
"app/hotelreinigung-regensburg/page.tsx","307","FOCUS_STYLE_REVIEW","warning"," <a href=""#kontakt"" className=""flox-button-primary px-6"">"
"app/hotelreinigung-regensburg/page.tsx","311","TOUCH_TARGET_REVIEW","warning"," <a href={whatsappUrl} target=""_blank"" rel=""noopener noreferrer"" className=""flox-button-secondary px-6"">"
"app/hotelreinigung-regensburg/page.tsx","311","FOCUS_STYLE_REVIEW","warning"," <a href={whatsappUrl} target=""_blank"" rel=""noopener noreferrer"" className=""flox-button-secondary px-6"">"
"app/hotelreinigung-regensburg/page.tsx","546","TOUCH_TARGET_REVIEW","warning"," <Link key={item.href} href={item.href} prefetch={false} className=""flox-chip hover:border-blue-200 hover:bg-white"">"
"app/hotelreinigung-regensburg/page.tsx","546","FOCUS_STYLE_REVIEW","warning"," <Link key={item.href} href={item.href} prefetch={false} className=""flox-chip hover:border-blue-200 hover:bg-white"">"
"app/guenstig/[slug]/page.tsx","60","REDUCED_MOTION_REVIEW","warning"," <div className=""absolute -inset-1 bg-gradient-to-r from-emerald-500/20 to-teal-500/20 rounded-[2.5rem] blur-xl opacity-0 group-hover:opacity-100 transition duration-1000 group-hover:duration-200"" />"
"app/grundreinigung-regensburg/page.tsx","296","TOUCH_TARGET_REVIEW","warning"," <a key={href} href={href} className=""flox-chip hover:border-blue-200 hover:bg-blue-50"">"
"app/grundreinigung-regensburg/page.tsx","296","FOCUS_STYLE_REVIEW","warning"," <a key={href} href={href} className=""flox-chip hover:border-blue-200 hover:bg-blue-50"">"
"app/grundreinigung-regensburg/page.tsx","303","TOUCH_TARGET_REVIEW","warning"," <a href=""#kontakt"" className=""flox-button-primary px-6"">"
"app/grundreinigung-regensburg/page.tsx","303","FOCUS_STYLE_REVIEW","warning"," <a href=""#kontakt"" className=""flox-button-primary px-6"">"
"app/grundreinigung-regensburg/page.tsx","307","TOUCH_TARGET_REVIEW","warning"," <a href={whatsappUrl} target=""_blank"" rel=""noopener noreferrer"" className=""flox-button-secondary px-6"">"
"app/grundreinigung-regensburg/page.tsx","307","FOCUS_STYLE_REVIEW","warning"," <a href={whatsappUrl} target=""_blank"" rel=""noopener noreferrer"" className=""flox-button-secondary px-6"">"
"app/grundreinigung-regensburg/page.tsx","577","TOUCH_TARGET_REVIEW","warning"," <Link key={item.href} href={item.href} prefetch={false} className=""flox-chip hover:border-blue-200 hover:bg-white"">"
"app/grundreinigung-regensburg/page.tsx","577","FOCUS_STYLE_REVIEW","warning"," <Link key={item.href} href={item.href} prefetch={false} className=""flox-chip hover:border-blue-200 hover:bg-white"">"
"app/grundreinigung-regensburg/page.tsx","603","TOUCH_TARGET_REVIEW","warning"," <a href={whatsappUrl} target=""_blank"" rel=""noopener noreferrer"" className=""flox-panel flex min-h-[190px] flex-col justify-between rounded-[1.5rem] p-6 hover:border-blue-200 hover:bg-blue-50"">"
"app/grundreinigung-regensburg/page.tsx","603","FOCUS_STYLE_REVIEW","warning"," <a href={whatsappUrl} target=""_blank"" rel=""noopener noreferrer"" className=""flox-panel flex min-h-[190px] flex-col justify-between rounded-[1.5rem] p-6 hover:border-blue-200 hover:bg-blue-50"">"
"app/grundreinigung-regensburg/page.tsx","613","TOUCH_TARGET_REVIEW","warning"," <Link href=""/buchung?service=reinigung&source=grundreinigung_regensburg&entry=grundreinigung_regensburg"" className=""flox-panel flex min-h-[190px] flex-col justify-between rounded-[1.5rem] p-6 hover:border-blue-200 hover"
"app/grundreinigung-regensburg/page.tsx","613","FOCUS_STYLE_REVIEW","warning"," <Link href=""/buchung?service=reinigung&source=grundreinigung_regensburg&entry=grundreinigung_regensburg"" className=""flox-panel flex min-h-[190px] flex-col justify-between rounded-[1.5rem] p-6 hover:border-blue-200 hover"
"app/gewerbereinigung-regensburg/page.tsx","307","TOUCH_TARGET_REVIEW","warning"," <a href=""#kontaktformular"" className=""flox-button-primary px-6"">"
"app/gewerbereinigung-regensburg/page.tsx","307","FOCUS_STYLE_REVIEW","warning"," <a href=""#kontaktformular"" className=""flox-button-primary px-6"">"
"app/gewerbereinigung-regensburg/page.tsx","311","TOUCH_TARGET_REVIEW","warning"," <a href={whatsappUrl} target=""_blank"" rel=""noopener noreferrer"" className=""flox-button-secondary px-6"">"
"app/gewerbereinigung-regensburg/page.tsx","311","FOCUS_STYLE_REVIEW","warning"," <a href={whatsappUrl} target=""_blank"" rel=""noopener noreferrer"" className=""flox-button-secondary px-6"">"
"app/gewerbereinigung-regensburg/page.tsx","450","TOUCH_TARGET_REVIEW","warning"," <a href=""#kontaktformular"" className=""flox-button-primary px-6"">"
"app/gewerbereinigung-regensburg/page.tsx","450","FOCUS_STYLE_REVIEW","warning"," <a href=""#kontaktformular"" className=""flox-button-primary px-6"">"
"app/gewerbereinigung-regensburg/page.tsx","454","TOUCH_TARGET_REVIEW","warning"," <Link href=""/regensburg/bueroreinigung"" className=""flox-button-secondary border-white/12 bg-white/6 px-6 text-white"">"
"app/gewerbereinigung-regensburg/page.tsx","454","FOCUS_STYLE_REVIEW","warning"," <Link href=""/regensburg/bueroreinigung"" className=""flox-button-secondary border-white/12 bg-white/6 px-6 text-white"">"
"app/gewerbereinigung-regensburg/page.tsx","457","TOUCH_TARGET_REVIEW","warning"," <Link href=""/praxisreinigung-regensburg"" className=""flox-button-secondary border-white/12 bg-white/6 px-6 text-white"">"
"app/gewerbereinigung-regensburg/page.tsx","457","FOCUS_STYLE_REVIEW","warning"," <Link href=""/praxisreinigung-regensburg"" className=""flox-button-secondary border-white/12 bg-white/6 px-6 text-white"">"
"app/gewerbereinigung-regensburg/page.tsx","460","TOUCH_TARGET_REVIEW","warning"," <Link href=""/hotelreinigung-regensburg"" className=""flox-button-secondary border-white/12 bg-white/6 px-6 text-white"">"
"app/gewerbereinigung-regensburg/page.tsx","460","FOCUS_STYLE_REVIEW","warning"," <Link href=""/hotelreinigung-regensburg"" className=""flox-button-secondary border-white/12 bg-white/6 px-6 text-white"">"
"app/gewerbereinigung-regensburg/page.tsx","463","TOUCH_TARGET_REVIEW","warning"," <Link href=""/fensterreinigung-regensburg"" className=""flox-button-secondary border-white/12 bg-white/6 px-6 text-white"">"
"app/gewerbereinigung-regensburg/page.tsx","463","FOCUS_STYLE_REVIEW","warning"," <Link href=""/fensterreinigung-regensburg"" className=""flox-button-secondary border-white/12 bg-white/6 px-6 text-white"">"
"app/gewerbereinigung-regensburg/page.tsx","466","TOUCH_TARGET_REVIEW","warning"," <Link href=""/baureinigung-regensburg"" className=""flox-button-secondary border-white/12 bg-white/6 px-6 text-white"">"
"app/gewerbereinigung-regensburg/page.tsx","466","FOCUS_STYLE_REVIEW","warning"," <Link href=""/baureinigung-regensburg"" className=""flox-button-secondary border-white/12 bg-white/6 px-6 text-white"">"
"app/gewerbereinigung-regensburg/page.tsx","469","TOUCH_TARGET_REVIEW","warning"," <Link href=""/teppichreinigung-regensburg"" className=""flox-button-secondary border-white/12 bg-white/6 px-6 text-white"">"
"app/gewerbereinigung-regensburg/page.tsx","469","FOCUS_STYLE_REVIEW","warning"," <Link href=""/teppichreinigung-regensburg"" className=""flox-button-secondary border-white/12 bg-white/6 px-6 text-white"">"
"app/gewerbereinigung-regensburg/page.tsx","472","TOUCH_TARGET_REVIEW","warning"," <Link href=""/treppenhausreinigung-regensburg"" className=""flox-button-secondary border-white/12 bg-white/6 px-6 text-white"">"
"app/gewerbereinigung-regensburg/page.tsx","472","FOCUS_STYLE_REVIEW","warning"," <Link href=""/treppenhausreinigung-regensburg"" className=""flox-button-secondary border-white/12 bg-white/6 px-6 text-white"">"
"app/gewerbereinigung-regensburg/page.tsx","475","TOUCH_TARGET_REVIEW","warning"," <Link href=""/unterhaltsreinigung-regensburg"" className=""flox-button-secondary border-white/12 bg-white/6 px-6 text-white"">"
"app/gewerbereinigung-regensburg/page.tsx","475","FOCUS_STYLE_REVIEW","warning"," <Link href=""/unterhaltsreinigung-regensburg"" className=""flox-button-secondary border-white/12 bg-white/6 px-6 text-white"">"
"app/gewerbereinigung-regensburg/page.tsx","478","TOUCH_TARGET_REVIEW","warning"," <Link href=""/grundreinigung-regensburg"" className=""flox-button-secondary border-white/12 bg-white/6 px-6 text-white"">"
"app/gewerbereinigung-regensburg/page.tsx","478","FOCUS_STYLE_REVIEW","warning"," <Link href=""/grundreinigung-regensburg"" className=""flox-button-secondary border-white/12 bg-white/6 px-6 text-white"">"
"app/gewerbereinigung-regensburg/page.tsx","481","TOUCH_TARGET_REVIEW","warning"," <Link href=""/rechner"" className=""flox-button-secondary border-white/12 bg-white/6 px-6 text-white"">"
"app/gewerbereinigung-regensburg/page.tsx","481","FOCUS_STYLE_REVIEW","warning"," <Link href=""/rechner"" className=""flox-button-secondary border-white/12 bg-white/6 px-6 text-white"">"
"app/gewerbereinigung-regensburg/page.tsx","623","FOCUS_STYLE_REVIEW","warning"," <a href={whatsappUrl} target=""_blank"" rel=""noopener noreferrer"" className=""flox-button-secondary rounded-[1.3rem] px-5 py-4 text-left normal-case tracking-normal"">"
"app/gewerbereinigung-regensburg/page.tsx","633","FOCUS_STYLE_REVIEW","warning"," <Link href=""/buchung"" className=""flox-button-primary rounded-[1.3rem] px-5 py-4 text-left normal-case tracking-normal"">"
"app/gewerbereinigung/page.tsx","302","REDUCED_MOTION_REVIEW","warning"," className=""inline-flex min-h-12 items-center justify-center gap-2 rounded-full bg-cyan-400 px-6 py-3 text-sm font-black text-slate-950 shadow-lg shadow-cyan-950/30 transition hover:bg-cyan-300 focus:outline-none focus:r"
"app/gewerbereinigung/page.tsx","309","REDUCED_MOTION_REVIEW","warning"," className=""inline-flex min-h-12 items-center justify-center gap-2 rounded-full border border-cyan-200/60 bg-cyan-50 px-6 py-3 text-sm font-black text-slate-950 transition hover:bg-cyan-100 focus:outline-none focus:ring-"
"app/gewerbereinigung/page.tsx","316","REDUCED_MOTION_REVIEW","warning"," className=""inline-flex min-h-12 items-center justify-center gap-2 rounded-full border border-white/20 bg-white px-6 py-3 text-sm font-black text-slate-950 transition hover:bg-slate-100 focus:outline-none focus:ring-2 fo"
"app/gewerbereinigung/page.tsx","323","REDUCED_MOTION_REVIEW","warning"," className=""inline-flex min-h-12 items-center justify-center gap-2 rounded-full border border-white/25 bg-white/10 px-6 py-3 text-sm font-black text-white transition hover:bg-white/15 focus:outline-none focus:ring-2 focu"
"app/gewerbereinigung/page.tsx","330","REDUCED_MOTION_REVIEW","warning"," className=""inline-flex min-h-12 items-center justify-center gap-2 rounded-full border border-emerald-200/30 bg-emerald-300/10 px-6 py-3 text-sm font-black text-emerald-100 transition hover:bg-emerald-300/15 focus:outlin"
"app/gewerbereinigung/page.tsx","434","REDUCED_MOTION_REVIEW","warning"," className=""mt-6 inline-flex min-h-12 items-center justify-center gap-2 rounded-full bg-cyan-400 px-6 py-3 text-sm font-black text-slate-950 transition hover:bg-cyan-300 lg:mt-0"""
"app/gewerbereinigung/page.tsx","494","REDUCED_MOTION_REVIEW","warning"," className=""inline-flex min-h-12 items-center justify-center gap-2 rounded-full bg-cyan-400 px-6 py-3 text-sm font-black text-slate-950 transition hover:bg-cyan-300"""
"app/gewerbereinigung/page.tsx","501","REDUCED_MOTION_REVIEW","warning"," className=""inline-flex min-h-12 items-center justify-center gap-2 rounded-full border border-white/20 bg-white/10 px-6 py-3 text-sm font-black text-white transition hover:bg-white/15"""
"app/gewerbereinigung/page.tsx","508","REDUCED_MOTION_REVIEW","warning"," className=""inline-flex min-h-12 items-center justify-center gap-2 rounded-full border border-white/20 bg-white px-6 py-3 text-sm font-black text-slate-950 transition hover:bg-slate-100"""
"app/gewerbereinigung/page.tsx","515","REDUCED_MOTION_REVIEW","warning"," className=""inline-flex min-h-12 items-center justify-center gap-2 rounded-full border border-white/20 bg-white/10 px-6 py-3 text-sm font-black text-white transition hover:bg-white/15"""
"app/gewerbereinigung/page.tsx","585","REDUCED_MOTION_REVIEW","warning"," className=""inline-flex min-h-12 items-center justify-center gap-2 rounded-full bg-slate-950 px-6 py-3 text-sm font-black text-white transition hover:bg-slate-800"""
"app/gewerbereinigung/page.tsx","602","TOUCH_TARGET_REVIEW","warning"," <Link href={`tel:${company.phoneRaw}`} className=""flex items-center gap-3 rounded-2xl bg-white/10 p-4 font-black text-white hover:bg-white/15"">"
"app/gewerbereinigung/page.tsx","602","FOCUS_STYLE_REVIEW","warning"," <Link href={`tel:${company.phoneRaw}`} className=""flex items-center gap-3 rounded-2xl bg-white/10 p-4 font-black text-white hover:bg-white/15"">"
"app/gewerbereinigung/page.tsx","606","TOUCH_TARGET_REVIEW","warning"," <Link href={whatsappHref} className=""flex items-center gap-3 rounded-2xl bg-white/10 p-4 font-black text-white hover:bg-white/15"">"
"app/gewerbereinigung/page.tsx","606","FOCUS_STYLE_REVIEW","warning"," <Link href={whatsappHref} className=""flex items-center gap-3 rounded-2xl bg-white/10 p-4 font-black text-white hover:bg-white/15"">"
"app/gewerbereinigung/page.tsx","610","TOUCH_TARGET_REVIEW","warning"," <Link href={mailHref} className=""flex items-center gap-3 rounded-2xl bg-white/10 p-4 font-black text-white hover:bg-white/15"">"
"app/gewerbereinigung/page.tsx","610","FOCUS_STYLE_REVIEW","warning"," <Link href={mailHref} className=""flex items-center gap-3 rounded-2xl bg-white/10 p-4 font-black text-white hover:bg-white/15"">"
"app/gewerbereinigung/page.tsx","644","REDUCED_MOTION_REVIEW","warning"," className=""inline-flex min-h-12 items-center justify-center gap-2 rounded-full bg-cyan-400 px-6 py-3 text-sm font-black text-slate-950 transition hover:bg-cyan-300"""
"app/gewerbereinigung/page.tsx","651","REDUCED_MOTION_REVIEW","warning"," className=""inline-flex min-h-12 items-center justify-center gap-2 rounded-full border border-white/20 bg-white px-6 py-3 text-sm font-black text-slate-950 transition hover:bg-slate-100"""
"app/gewerbereinigung/page.tsx","658","REDUCED_MOTION_REVIEW","warning"," className=""inline-flex min-h-12 items-center justify-center gap-2 rounded-full border border-white/20 bg-white/10 px-6 py-3 text-sm font-black text-white transition hover:bg-white/15"""
"app/floxant-fakten/page.tsx","162","REDUCED_MOTION_REVIEW","warning"," className=""inline-flex items-center gap-2 rounded-2xl bg-blue-500 px-5 py-3 text-sm font-semibold text-slate-950 transition hover:bg-blue-400"""
"app/floxant-fakten/page.tsx","260","REDUCED_MOTION_REVIEW","warning"," className=""group rounded-[1.5rem] border border-white/10 bg-white/[0.025] p-6 transition-all hover:-translate-y-1 hover:border-blue-400/25 hover:bg-white/[0.045]"""
"app/first-48h/page.tsx","66","FOCUS_STYLE_REVIEW","warning"," <Link href=""/rechner"" className=""btn-premium inline-flex h-12 items-center gap-2 rounded-xl bg-gradient-to-b from-blue-500 to-blue-600 px-8 text-sm font-semibold uppercase tracking-wider text-white shadow-lg shadow-blue"
"app/first-48h/page.tsx","66","REDUCED_MOTION_REVIEW","warning"," <Link href=""/rechner"" className=""btn-premium inline-flex h-12 items-center gap-2 rounded-xl bg-gradient-to-b from-blue-500 to-blue-600 px-8 text-sm font-semibold uppercase tracking-wider text-white shadow-lg shadow-blue"
"app/first-48h/page.tsx","69","FOCUS_STYLE_REVIEW","warning"," <a href={whatsappUrl} target=""_blank"" rel=""noopener noreferrer"" className=""inline-flex h-12 items-center gap-2 rounded-xl border border-slate-200 bg-white px-6 text-sm font-medium text-slate-700 transition-all hover:bg-"
"app/first-48h/page.tsx","69","REDUCED_MOTION_REVIEW","warning"," <a href={whatsappUrl} target=""_blank"" rel=""noopener noreferrer"" className=""inline-flex h-12 items-center gap-2 rounded-xl border border-slate-200 bg-white px-6 text-sm font-medium text-slate-700 transition-all hover:bg-"
"app/first-48h/page.tsx","113","REDUCED_MOTION_REVIEW","warning"," className=""card-premium group rounded-xl p-5 transition-all"""
"app/first-48h/page.tsx","115","REDUCED_MOTION_REVIEW","warning"," <h3 className=""font-semibold text-slate-950 group-hover:text-blue-700 transition-colors flex items-center gap-2"">"
"app/first-48h/page.tsx","117","REDUCED_MOTION_REVIEW","warning"," <ChevronRight className=""w-4 h-4 opacity-0 group-hover:opacity-100 transition-opacity"" />"
"app/firmenentsorgung/page.tsx","111","REDUCED_MOTION_REVIEW","warning"," className=""inline-flex items-center justify-center gap-2 rounded-2xl bg-gradient-to-r from-cyan-600 via-cyan-500 to-blue-500 px-6 py-4 text-sm font-black uppercase tracking-[0.14em] text-white shadow-[0_18px_48px_rgba(6"
"app/firmenentsorgung/page.tsx","118","REDUCED_MOTION_REVIEW","warning"," className=""inline-flex items-center justify-center rounded-2xl border border-slate-200 bg-white px-6 py-4 text-sm font-black uppercase tracking-[0.14em] text-slate-900 shadow-sm shadow-slate-950/5 transition-all hover:-"
"app/fernumzug-muenchen/page.tsx","182","REDUCED_MOTION_REVIEW","warning"," className=""inline-flex min-h-12 items-center justify-center gap-2 rounded-lg bg-white px-6 text-sm font-black text-slate-950 transition hover:bg-cyan-50"""
"app/fernumzug-muenchen/page.tsx","199","REDUCED_MOTION_REVIEW","warning"," className=""inline-flex min-h-12 items-center justify-center gap-2 rounded-lg bg-emerald-400 px-6 text-sm font-black text-slate-950 transition hover:bg-emerald-300"""
"app/fernumzug-muenchen/page.tsx","213","REDUCED_MOTION_REVIEW","warning"," className=""inline-flex min-h-12 items-center justify-center gap-2 rounded-lg border border-white/20 bg-white/10 px-6 text-sm font-black text-white transition hover:bg-white/15"""
"app/fernumzug-muenchen/page.tsx","284","REDUCED_MOTION_REVIEW","warning"," className=""group rounded-lg border border-slate-200 bg-white p-5 shadow-sm transition hover:-translate-y-0.5 hover:border-blue-200 hover:shadow-lg"""
"app/fernumzug-muenchen/page.tsx","291","REDUCED_MOTION_REVIEW","warning"," <ArrowRight className=""h-4 w-4 transition group-hover:translate-x-0.5"" aria-hidden=""true"" />"
"app/fensterreinigung-regensburg/page.tsx","305","TOUCH_TARGET_REVIEW","warning"," <a key={href} href={href} className=""flox-chip hover:border-blue-200 hover:bg-blue-50"">"
"app/fensterreinigung-regensburg/page.tsx","305","FOCUS_STYLE_REVIEW","warning"," <a key={href} href={href} className=""flox-chip hover:border-blue-200 hover:bg-blue-50"">"
"app/fensterreinigung-regensburg/page.tsx","327","TOUCH_TARGET_REVIEW","warning"," <a href={whatsappUrl} target=""_blank"" rel=""noopener noreferrer"" className=""flox-button-secondary px-6"">"
"app/fensterreinigung-regensburg/page.tsx","327","FOCUS_STYLE_REVIEW","warning"," <a href={whatsappUrl} target=""_blank"" rel=""noopener noreferrer"" className=""flox-button-secondary px-6"">"
"app/fensterreinigung-regensburg/page.tsx","565","TOUCH_TARGET_REVIEW","warning"," <Link key={item.href} href={item.href} className=""flox-chip hover:border-blue-200 hover:bg-white"">"
"app/fensterreinigung-regensburg/page.tsx","565","FOCUS_STYLE_REVIEW","warning"," <Link key={item.href} href={item.href} className=""flox-chip hover:border-blue-200 hover:bg-white"">"
"app/feedback/page.tsx","43","REDUCED_MOTION_REVIEW","warning"," className=""rounded-xl border border-white/10 bg-white/10 px-5 py-3 text-sm font-semibold text-white transition hover:bg-white/15"""
"app/feedback/page.tsx","49","REDUCED_MOTION_REVIEW","warning"," className=""rounded-xl border border-white/10 bg-white px-5 py-3 text-sm font-semibold text-slate-950 transition hover:bg-white/90"""
"app/feedback/page.tsx","76","REDUCED_MOTION_REVIEW","warning"," className=""focus:outline-none transition-transform hover:scale-110"""
"app/feedback/page.tsx","80","REDUCED_MOTION_REVIEW","warning"," className={`transition-colors duration-200 ${(hovered || rating) >= star ? 'fill-yellow-400 text-yellow-400 drop-shadow-[0_0_15px_rgba(250,204,21,0.5)]' : 'text-white/10'}`} "
"app/feedback/page.tsx","85","REDUCED_MOTION_REVIEW","warning"," <div className={`transition-all duration-500 ease-in-out ${rating > 0 && rating <= 3 ? 'opacity-100 max-h-64 mb-8' : 'opacity-0 max-h-0 overflow-hidden'}`}>"
"app/feedback/page.tsx","90","REDUCED_MOTION_REVIEW","warning"," className=""w-full bg-white/5 border border-white/10 rounded-xl p-4 text-white placeholder:text-white/20 h-32 focus:border-blue-500 transition-colors"""
"app/feedback/page.tsx","98","REDUCED_MOTION_REVIEW","warning"," className=""w-full py-4 bg-gradient-to-r from-blue-600 to-violet-600 hover:from-blue-500 hover:to-violet-500 text-white rounded-xl font-medium transition-all shadow-lg flex items-center justify-center gap-2 disabled:opac"
"app/feedback/page.tsx","100","REDUCED_MOTION_REVIEW","warning"," <div className=""absolute inset-0 bg-white/20 translate-y-full group-hover:translate-y-0 transition-transform duration-300 ease-in-out"" />"
"app/express-anfrage/page.tsx","108","REDUCED_MOTION_REVIEW","warning"," className=""inline-flex h-14 items-center justify-center rounded-xl bg-blue-600 px-10 text-xs font-bold uppercase tracking-widest text-white shadow-[0_18px_48px_rgba(37,99,235,0.22)] transition-all hover:-translate-y-0.5"
"app/express-anfrage/page.tsx","114","REDUCED_MOTION_REVIEW","warning"," className=""inline-flex h-14 items-center justify-center gap-3 rounded-xl border border-slate-200 bg-white px-10 text-xs font-bold uppercase tracking-widest text-slate-900 shadow-sm shadow-slate-950/5 transition-all hove"
"app/express-anfrage/page.tsx","181","REDUCED_MOTION_REVIEW","warning"," className=""card-premium rounded-2xl px-6 py-4 font-medium text-slate-700 transition-all hover:border-blue-500/30 hover:text-slate-950"""
"app/erinnerungskapsel/page.tsx","66","FOCUS_STYLE_REVIEW","warning"," <Link href=""/rechner"" className=""btn-premium inline-flex h-12 items-center gap-2 rounded-xl bg-gradient-to-b from-blue-500 to-blue-600 px-8 text-sm font-semibold uppercase tracking-wider text-white shadow-lg shadow-blue"
"app/erinnerungskapsel/page.tsx","66","REDUCED_MOTION_REVIEW","warning"," <Link href=""/rechner"" className=""btn-premium inline-flex h-12 items-center gap-2 rounded-xl bg-gradient-to-b from-blue-500 to-blue-600 px-8 text-sm font-semibold uppercase tracking-wider text-white shadow-lg shadow-blue"
"app/erinnerungskapsel/page.tsx","69","FOCUS_STYLE_REVIEW","warning"," <a href={whatsappUrl} target=""_blank"" rel=""noopener noreferrer"" className=""inline-flex h-12 items-center gap-2 rounded-xl border border-slate-200 bg-white px-6 text-sm font-medium text-slate-700 transition-all hover:bg-"
"app/erinnerungskapsel/page.tsx","69","REDUCED_MOTION_REVIEW","warning"," <a href={whatsappUrl} target=""_blank"" rel=""noopener noreferrer"" className=""inline-flex h-12 items-center gap-2 rounded-xl border border-slate-200 bg-white px-6 text-sm font-medium text-slate-700 transition-all hover:bg-"
"app/erinnerungskapsel/page.tsx","113","REDUCED_MOTION_REVIEW","warning"," className=""card-premium group rounded-xl p-5 transition-all"""
"app/erinnerungskapsel/page.tsx","115","REDUCED_MOTION_REVIEW","warning"," <h3 className=""font-semibold text-slate-950 group-hover:text-blue-700 transition-colors flex items-center gap-2"">"
"app/erinnerungskapsel/page.tsx","117","REDUCED_MOTION_REVIEW","warning"," <ChevronRight className=""w-4 h-4 opacity-0 group-hover:opacity-100 transition-opacity"" />"
"app/entsorgung-duesseldorf/page.tsx","248","REDUCED_MOTION_REVIEW","warning"," className=""inline-flex items-center justify-center gap-2 rounded-[1.2rem] bg-slate-950 px-5 py-3 text-sm font-bold text-white shadow-[0_18px_46px_rgba(15,23,42,0.18)] transition hover:-translate-y-0.5"""
"app/entsorgung-duesseldorf/page.tsx","260","REDUCED_MOTION_REVIEW","warning"," className=""inline-flex items-center justify-center gap-2 rounded-[1.2rem] border border-orange-200 bg-orange-50 px-5 py-3 text-sm font-bold text-orange-800 transition hover:-translate-y-0.5 hover:bg-orange-100"""
"app/entsorgung-duesseldorf/page.tsx","270","REDUCED_MOTION_REVIEW","warning"," className=""inline-flex items-center justify-center rounded-[1.2rem] border border-slate-200 bg-white px-5 py-3 text-sm font-bold text-slate-900 transition hover:-translate-y-0.5 hover:border-teal-200"""
"app/entsorgung-duesseldorf/page.tsx","278","REDUCED_MOTION_REVIEW","warning"," className=""inline-flex items-center justify-center rounded-[1.2rem] border border-cyan-200 bg-cyan-50 px-5 py-3 text-sm font-bold text-cyan-900 transition hover:-translate-y-0.5 hover:bg-cyan-100"""
"app/entsorgung-duesseldorf/page.tsx","352","REDUCED_MOTION_REVIEW","warning"," ""group rounded-[0.95rem] border border-slate-200 bg-white p-5 shadow-sm shadow-slate-950/5 transition hover:-translate-y-1 hover:border-orange-200 hover:shadow-xl hover:shadow-orange-950/10"";"
"app/entsorgung-duesseldorf/page.tsx","364","REDUCED_MOTION_REVIEW","warning"," <ArrowRight className=""h-4 w-4 transition group-hover:translate-x-0.5"" />"
"app/entsorgung-duesseldorf/page.tsx","415","REDUCED_MOTION_REVIEW","warning"," className=""inline-flex min-h-12 items-center justify-center gap-2 rounded-[0.9rem] bg-emerald-400 px-5 text-sm font-black text-slate-950 transition hover:bg-emerald-300"""
"app/entsorgung-duesseldorf/page.tsx","424","REDUCED_MOTION_REVIEW","warning"," className=""inline-flex min-h-12 items-center justify-center gap-2 rounded-[0.9rem] border border-white/15 bg-white/10 px-5 text-sm font-black text-white transition hover:bg-white/15"""
"app/entsorgung-duesseldorf/page.tsx","545","REDUCED_MOTION_REVIEW","warning"," className=""inline-flex items-center justify-center gap-2 rounded-[1.2rem] bg-white px-6 py-4 text-sm font-black uppercase tracking-normal text-slate-950 transition hover:-translate-y-0.5"""
"app/entruempelung-nuernberg/page.tsx","144","REDUCED_MOTION_REVIEW","warning"," className=""group flex min-h-[17rem] flex-col rounded-[1rem] border border-slate-200 bg-white p-6 shadow-sm shadow-slate-950/5 transition hover:-translate-y-0.5 hover:border-blue-200 hover:shadow-lg hover:shadow-slate-95"
"app/entruempelung-nuernberg/page.tsx","160","REDUCED_MOTION_REVIEW","warning"," <ArrowRight className=""h-4 w-4 transition group-hover:translate-x-0.5"" aria-hidden=""true"" />"
"app/entruempelung-kosten-regensburg/page.tsx","106","TOUCH_TARGET_REVIEW","warning"," <Link href={`/regensburg/entruempelung`} className=""px-4 py-2 rounded-full border border-border/50 text-sm text-muted-foreground hover:text-primary hover:border-primary/30 transition-all"">Entrümpelung Regensburg</Link>"
"app/entruempelung-kosten-regensburg/page.tsx","106","FOCUS_STYLE_REVIEW","warning"," <Link href={`/regensburg/entruempelung`} className=""px-4 py-2 rounded-full border border-border/50 text-sm text-muted-foreground hover:text-primary hover:border-primary/30 transition-all"">Entrümpelung Regensburg</Link>"
"app/entruempelung-kosten-regensburg/page.tsx","106","REDUCED_MOTION_REVIEW","warning"," <Link href={`/regensburg/entruempelung`} className=""px-4 py-2 rounded-full border border-border/50 text-sm text-muted-foreground hover:text-primary hover:border-primary/30 transition-all"">Entrümpelung Regensburg</Link>"
"app/entruempelung-kosten-regensburg/page.tsx","107","TOUCH_TARGET_REVIEW","warning"," <Link href={`/entruempelung-bayern`} className=""px-4 py-2 rounded-full border border-border/50 text-sm text-muted-foreground hover:text-primary hover:border-primary/30 transition-all"">Entrümpelung Bayern</Link>"
"app/entruempelung-kosten-regensburg/page.tsx","107","FOCUS_STYLE_REVIEW","warning"," <Link href={`/entruempelung-bayern`} className=""px-4 py-2 rounded-full border border-border/50 text-sm text-muted-foreground hover:text-primary hover:border-primary/30 transition-all"">Entrümpelung Bayern</Link>"
"app/entruempelung-kosten-regensburg/page.tsx","107","REDUCED_MOTION_REVIEW","warning"," <Link href={`/entruempelung-bayern`} className=""px-4 py-2 rounded-full border border-border/50 text-sm text-muted-foreground hover:text-primary hover:border-primary/30 transition-all"">Entrümpelung Bayern</Link>"
"app/entruempelung-kosten-regensburg/page.tsx","108","TOUCH_TARGET_REVIEW","warning"," <Link href={`/wohnungsaufloesung-bayern`} className=""px-4 py-2 rounded-full border border-border/50 text-sm text-muted-foreground hover:text-primary hover:border-primary/30 transition-all"">Wohnungsauflösung Bayern</Link"
"app/entruempelung-kosten-regensburg/page.tsx","108","FOCUS_STYLE_REVIEW","warning"," <Link href={`/wohnungsaufloesung-bayern`} className=""px-4 py-2 rounded-full border border-border/50 text-sm text-muted-foreground hover:text-primary hover:border-primary/30 transition-all"">Wohnungsauflösung Bayern</Link"
"app/entruempelung-kosten-regensburg/page.tsx","108","REDUCED_MOTION_REVIEW","warning"," <Link href={`/wohnungsaufloesung-bayern`} className=""px-4 py-2 rounded-full border border-border/50 text-sm text-muted-foreground hover:text-primary hover:border-primary/30 transition-all"">Wohnungsauflösung Bayern</Link"
"app/entruempelung-kosten-regensburg/page.tsx","109","TOUCH_TARGET_REVIEW","warning"," <Link href={`/umzugskosten-bayern`} className=""px-4 py-2 rounded-full border border-border/50 text-sm text-muted-foreground hover:text-primary hover:border-primary/30 transition-all"">Umzugskosten Bayern</Link>"
"app/entruempelung-kosten-regensburg/page.tsx","109","FOCUS_STYLE_REVIEW","warning"," <Link href={`/umzugskosten-bayern`} className=""px-4 py-2 rounded-full border border-border/50 text-sm text-muted-foreground hover:text-primary hover:border-primary/30 transition-all"">Umzugskosten Bayern</Link>"
"app/entruempelung-kosten-regensburg/page.tsx","109","REDUCED_MOTION_REVIEW","warning"," <Link href={`/umzugskosten-bayern`} className=""px-4 py-2 rounded-full border border-border/50 text-sm text-muted-foreground hover:text-primary hover:border-primary/30 transition-all"">Umzugskosten Bayern</Link>"
"app/en/page.tsx","58","FOCUS_STYLE_REVIEW","warning"," <Link href=""/en/contact"" className=""mt-8 inline-flex min-h-12 items-center gap-2 rounded-lg bg-white px-6 text-sm font-black text-slate-950"">"
"app/en/page.tsx","93","REDUCED_MOTION_REVIEW","warning"," className=""group rounded-lg border border-slate-200 bg-slate-50 p-5 transition hover:-translate-y-0.5 hover:border-blue-200 hover:bg-white hover:shadow-md"""
"app/en/page.tsx","99","REDUCED_MOTION_REVIEW","warning"," <ArrowRight className=""h-4 w-4 transition group-hover:translate-x-0.5"" aria-hidden=""true"" />"
"app/en/service-finder/page.tsx","149","FOCUS_STYLE_REVIEW","warning"," <Link href=""/en/services"" className=""inline-flex min-h-11 items-center gap-2 rounded-xl bg-slate-950 px-4 text-sm font-black text-white"">"
"app/en/service-finder/page.tsx","153","FOCUS_STYLE_REVIEW","warning"," <Link href=""/en/questions"" className=""inline-flex min-h-11 items-center gap-2 rounded-xl border border-slate-300 bg-white px-4 text-sm font-black text-slate-950"">"
"app/en/blog/page.tsx","156","FOCUS_STYLE_REVIEW","warning"," <Link href=""/en/questions"" className=""inline-flex min-h-12 items-center rounded-xl bg-slate-950 px-5 text-sm font-black text-white"">Questions and answers</Link>"
"app/en/blog/page.tsx","157","FOCUS_STYLE_REVIEW","warning"," <Link href=""/en/service-finder"" className=""inline-flex min-h-12 items-center rounded-xl border border-slate-300 bg-white px-5 text-sm font-black text-slate-950"">Service finder</Link>"
"app/empfehlen/page.tsx","194","FOCUS_STYLE_REVIEW","warning"," <Link href=""#empfehlungsformular"" className=""inline-flex min-h-12 items-center justify-center gap-2 rounded-xl bg-slate-950 px-6 text-sm font-black text-white transition hover:bg-blue-800"" data-event=""service_card_click"
"app/empfehlen/page.tsx","194","REDUCED_MOTION_REVIEW","warning"," <Link href=""#empfehlungsformular"" className=""inline-flex min-h-12 items-center justify-center gap-2 rounded-xl bg-slate-950 px-6 text-sm font-black text-white transition hover:bg-blue-800"" data-event=""service_card_click"
"app/empfehlen/page.tsx","198","FOCUS_STYLE_REVIEW","warning"," <a href={whatsappShareHref} className=""inline-flex min-h-12 items-center justify-center gap-2 rounded-xl border border-emerald-200 bg-emerald-50 px-6 text-sm font-black text-emerald-800 transition hover:bg-emerald-100"" "
"app/empfehlen/page.tsx","198","REDUCED_MOTION_REVIEW","warning"," <a href={whatsappShareHref} className=""inline-flex min-h-12 items-center justify-center gap-2 rounded-xl border border-emerald-200 bg-emerald-50 px-6 text-sm font-black text-emerald-800 transition hover:bg-emerald-100"" "
"app/empfehlen/page.tsx","297","TOUCH_TARGET_REVIEW","warning"," <Link href=""#empfehlungsformular"" className=""mt-5 inline-flex items-center gap-2 text-sm font-black text-blue-700 transition hover:text-blue-950"" data-event=""service_card_click"">"
"app/empfehlen/page.tsx","297","FOCUS_STYLE_REVIEW","warning"," <Link href=""#empfehlungsformular"" className=""mt-5 inline-flex items-center gap-2 text-sm font-black text-blue-700 transition hover:text-blue-950"" data-event=""service_card_click"">"
"app/empfehlen/page.tsx","297","REDUCED_MOTION_REVIEW","warning"," <Link href=""#empfehlungsformular"" className=""mt-5 inline-flex items-center gap-2 text-sm font-black text-blue-700 transition hover:text-blue-950"" data-event=""service_card_click"">"
"app/empfehlen/page.tsx","319","FOCUS_STYLE_REVIEW","warning"," <Link href=""/buchung?ref=FLOXANT50"" className=""inline-flex min-h-11 items-center gap-2 rounded-xl bg-slate-950 px-4 text-sm font-black text-white"">"
"app/empfehlen/page.tsx","323","FOCUS_STYLE_REVIEW","warning"," <Link href=""/makler-vermieter-link"" className=""inline-flex min-h-11 items-center gap-2 rounded-xl border border-slate-200 bg-white px-4 text-sm font-black text-slate-800"">"
"app/empfehlen/page.tsx","331","TOUCH_TARGET_REVIEW","warning"," <Link key={title} href={href} className=""group rounded-[1.5rem] border border-slate-200 bg-white p-5 transition hover:-translate-y-1 hover:border-blue-200 hover:shadow-lg"">"
"app/empfehlen/page.tsx","331","FOCUS_STYLE_REVIEW","warning"," <Link key={title} href={href} className=""group rounded-[1.5rem] border border-slate-200 bg-white p-5 transition hover:-translate-y-1 hover:border-blue-200 hover:shadow-lg"">"
"app/empfehlen/page.tsx","331","REDUCED_MOTION_REVIEW","warning"," <Link key={title} href={href} className=""group rounded-[1.5rem] border border-slate-200 bg-white p-5 transition hover:-translate-y-1 hover:border-blue-200 hover:shadow-lg"">"
"app/empfehlen/page.tsx","337","REDUCED_MOTION_REVIEW","warning"," <ArrowRight className=""h-4 w-4 transition group-hover:translate-x-1"" />"
"app/empfehlen/page.tsx","397","TOUCH_TARGET_REVIEW","warning"," <Link href=""#empfehlungsformular"" className=""flox-mobile-action flox-mobile-action-primary"" data-event=""service_card_click"">"
"app/empfehlen/page.tsx","397","FOCUS_STYLE_REVIEW","warning"," <Link href=""#empfehlungsformular"" className=""flox-mobile-action flox-mobile-action-primary"" data-event=""service_card_click"">"
"app/empfehlen/page.tsx","400","TOUCH_TARGET_REVIEW","warning"," <a href={whatsappShareHref} className=""flox-mobile-action flox-mobile-action-whatsapp"" data-event=""whatsapp_click"">"
"app/empfehlen/page.tsx","400","FOCUS_STYLE_REVIEW","warning"," <a href={whatsappShareHref} className=""flox-mobile-action flox-mobile-action-whatsapp"" data-event=""whatsapp_click"">"
"app/empfehlen/page.tsx","403","TOUCH_TARGET_REVIEW","warning"," <a href=""tel:+4915771105087"" className=""flox-mobile-action flox-mobile-action-light"" data-event=""phone_click"">"
"app/empfehlen/page.tsx","403","FOCUS_STYLE_REVIEW","warning"," <a href=""tel:+4915771105087"" className=""flox-mobile-action flox-mobile-action-light"" data-event=""phone_click"">"
"app/einsatzradar-regensburg/page.tsx","126","REDUCED_MOTION_REVIEW","warning"," className=""inline-flex min-h-12 items-center justify-center gap-2 rounded-xl bg-slate-950 px-6 text-sm font-black text-white transition hover:bg-blue-700"""
"app/einsatzradar-regensburg/page.tsx","134","REDUCED_MOTION_REVIEW","warning"," className=""inline-flex min-h-12 items-center justify-center gap-2 rounded-xl border border-emerald-200 bg-emerald-50 px-6 text-sm font-black text-emerald-800 transition hover:bg-emerald-100"""
"app/einsatzradar-regensburg/page.tsx","227","TOUCH_TARGET_REVIEW","warning"," <Link key={item.href} href={item.href} className=""rounded-[1.25rem] border border-slate-200 bg-white p-4 text-sm font-black text-slate-800 shadow-sm shadow-slate-950/5 transition hover:-translate-y-0.5 hover:border-blue"
"app/einsatzradar-regensburg/page.tsx","227","FOCUS_STYLE_REVIEW","warning"," <Link key={item.href} href={item.href} className=""rounded-[1.25rem] border border-slate-200 bg-white p-4 text-sm font-black text-slate-800 shadow-sm shadow-slate-950/5 transition hover:-translate-y-0.5 hover:border-blue"
"app/einsatzradar-regensburg/page.tsx","227","REDUCED_MOTION_REVIEW","warning"," <Link key={item.href} href={item.href} className=""rounded-[1.25rem] border border-slate-200 bg-white p-4 text-sm font-black text-slate-800 shadow-sm shadow-slate-950/5 transition hover:-translate-y-0.5 hover:border-blue"
"app/einsatzradar-regensburg/page.tsx","248","FOCUS_STYLE_REVIEW","warning"," <Link href=""/buchung#buchungssystem"" className=""inline-flex min-h-12 items-center justify-center gap-2 rounded-xl bg-slate-950 px-6 text-sm font-black text-white transition hover:bg-blue-700"">"
"app/einsatzradar-regensburg/page.tsx","248","REDUCED_MOTION_REVIEW","warning"," <Link href=""/buchung#buchungssystem"" className=""inline-flex min-h-12 items-center justify-center gap-2 rounded-xl bg-slate-950 px-6 text-sm font-black text-white transition hover:bg-blue-700"">"
"app/einsatzradar-regensburg/page.tsx","252","FOCUS_STYLE_REVIEW","warning"," <Link href=""/regensburg"" className=""inline-flex min-h-12 items-center justify-center gap-2 rounded-xl border border-slate-200 bg-white px-6 text-sm font-black text-slate-800 transition hover:border-blue-200 hover:text-b"
"app/einsatzradar-regensburg/page.tsx","252","REDUCED_MOTION_REVIEW","warning"," <Link href=""/regensburg"" className=""inline-flex min-h-12 items-center justify-center gap-2 rounded-xl border border-slate-200 bg-white px-6 text-sm font-black text-slate-800 transition hover:border-blue-200 hover:text-b"
"app/einsatzradar-regensburg/page.tsx","262","TOUCH_TARGET_REVIEW","warning"," <Link href=""/buchung#buchungssystem"" className=""flox-mobile-action flox-mobile-action-primary"" data-event=""hero_cta_click"">"
"app/einsatzradar-regensburg/page.tsx","262","FOCUS_STYLE_REVIEW","warning"," <Link href=""/buchung#buchungssystem"" className=""flox-mobile-action flox-mobile-action-primary"" data-event=""hero_cta_click"">"
"app/einsatzradar-regensburg/page.tsx","265","TOUCH_TARGET_REVIEW","warning"," <a href={whatsappHref} className=""flox-mobile-action flox-mobile-action-whatsapp"" data-event=""whatsapp_click"">"
"app/einsatzradar-regensburg/page.tsx","265","FOCUS_STYLE_REVIEW","warning"," <a href={whatsappHref} className=""flox-mobile-action flox-mobile-action-whatsapp"" data-event=""whatsapp_click"">"
"app/einsatzradar-regensburg/page.tsx","268","TOUCH_TARGET_REVIEW","warning"," <a href={`tel:${company.phoneRaw}`} className=""flox-mobile-action flox-mobile-action-light"">"
"app/einsatzradar-regensburg/page.tsx","268","FOCUS_STYLE_REVIEW","warning"," <a href={`tel:${company.phoneRaw}`} className=""flox-mobile-action flox-mobile-action-light"">"
"app/einsatzgebiet-regensburg-200km/page.tsx","276","REDUCED_MOTION_REVIEW","warning"," className=""inline-flex items-center gap-2 rounded-2xl bg-blue-600 px-5 py-3 text-sm font-semibold text-white shadow-[0_18px_48px_rgba(37,99,235,0.22)] transition hover:-translate-y-0.5 hover:bg-blue-500"""
"app/einsatzgebiet-regensburg-200km/page.tsx","283","REDUCED_MOTION_REVIEW","warning"," className=""inline-flex items-center gap-2 rounded-2xl border border-slate-200 bg-white px-5 py-3 text-sm font-semibold text-slate-700 transition hover:-translate-y-0.5 hover:border-blue-200 hover:bg-blue-50"""
"app/einsatzgebiet-regensburg-200km/page.tsx","377","REDUCED_MOTION_REVIEW","warning"," className=""card-premium premium-scan group rounded-[1.75rem] p-6 transition-all hover:-translate-y-1 hover:border-blue-400/25"""
"app/duesseldorf/page.tsx","227","REDUCED_MOTION_REVIEW","warning"," className=""inline-flex min-h-12 items-center justify-center gap-2 rounded-lg bg-white px-6 text-sm font-black text-slate-950 transition hover:bg-cyan-50"""
"app/duesseldorf/page.tsx","242","REDUCED_MOTION_REVIEW","warning"," className=""inline-flex min-h-12 items-center justify-center gap-2 rounded-lg border border-white/20 bg-white/10 px-6 text-sm font-black text-white backdrop-blur transition hover:bg-white/15"""
"app/duesseldorf/page.tsx","318","REDUCED_MOTION_REVIEW","warning"," className=""group flex min-h-[13rem] flex-col rounded-lg border border-slate-200 bg-white p-5 transition hover:-translate-y-0.5 hover:border-blue-200 hover:shadow-sm"""
"app/duesseldorf/page.tsx","328","REDUCED_MOTION_REVIEW","warning"," <ArrowRight className=""h-4 w-4 transition group-hover:translate-x-0.5"" aria-hidden=""true"" />"
"app/duesseldorf/page.tsx","423","REDUCED_MOTION_REVIEW","warning"," className=""inline-flex min-h-12 items-center justify-center gap-2 rounded-lg bg-white px-6 text-sm font-black text-slate-950 transition hover:bg-slate-100"""
"app/duesseldorf/page.tsx","438","REDUCED_MOTION_REVIEW","warning"," className=""inline-flex min-h-12 items-center justify-center gap-2 rounded-lg border border-white/20 px-6 text-sm font-black text-white transition hover:bg-white/10"""
"app/duesseldorf/reinigung/anfrage/page.tsx","241","FOCUS_STYLE_REVIEW","warning"," <Link href=""/duesseldorf/reinigung"" className=""inline-flex min-h-12 shrink-0 items-center gap-2 rounded-xl bg-slate-950 px-5 text-sm font-black text-white"">"
"app/duesseldorf/luxusreinigung/page.tsx","220","REDUCED_MOTION_REVIEW","warning"," className=""inline-flex min-h-12 items-center justify-center gap-2 rounded-lg bg-white px-6 text-sm font-black text-slate-950 shadow-lg shadow-slate-950/25 transition hover:bg-cyan-50"""
"app/duesseldorf/luxusreinigung/page.tsx","229","REDUCED_MOTION_REVIEW","warning"," className=""inline-flex min-h-12 items-center justify-center gap-2 rounded-lg bg-emerald-400 px-6 text-sm font-black text-slate-950 transition hover:bg-emerald-300"""
"app/diskreter-umzug-trennung-scheidung/page.tsx","357","REDUCED_MOTION_REVIEW","warning"," className=""inline-flex min-h-12 items-center justify-center gap-2 rounded-xl bg-stone-950 px-6 text-sm font-black text-white transition hover:bg-stone-800"""
"app/diskreter-umzug-trennung-scheidung/page.tsx","364","REDUCED_MOTION_REVIEW","warning"," className=""inline-flex min-h-12 items-center justify-center gap-2 rounded-xl border border-stone-200 bg-white px-6 text-sm font-black text-stone-800 transition hover:bg-stone-50"""
"app/diskreter-umzug-trennung-scheidung/page.tsx","372","REDUCED_MOTION_REVIEW","warning"," className=""inline-flex min-h-12 items-center justify-center gap-2 rounded-xl border border-emerald-200 bg-emerald-50 px-6 text-sm font-black text-emerald-800 transition hover:bg-emerald-100"""
"app/diskreter-umzug-trennung-scheidung/page.tsx","380","REDUCED_MOTION_REVIEW","warning"," className=""inline-flex min-h-12 items-center justify-center gap-2 rounded-xl border border-stone-200 bg-white px-6 text-sm font-black text-stone-800 transition hover:bg-stone-50"""
"app/diskreter-umzug-trennung-scheidung/page.tsx","471","REDUCED_MOTION_REVIEW","warning"," className=""inline-flex min-h-11 items-center justify-center gap-2 rounded-xl bg-stone-950 px-5 text-sm font-black text-white transition hover:bg-stone-800"""
"app/diskreter-umzug-trennung-scheidung/page.tsx","478","REDUCED_MOTION_REVIEW","warning"," className=""inline-flex min-h-11 items-center justify-center gap-2 rounded-xl border border-stone-200 bg-stone-50 px-5 text-sm font-black text-stone-800 transition hover:bg-white"""
"app/diskreter-umzug-trennung-scheidung/page.tsx","530","REDUCED_MOTION_REVIEW","warning"," className=""group rounded-[1.45rem] border border-stone-200 bg-white p-5 shadow-sm shadow-stone-950/5 transition hover:-translate-y-1 hover:border-stone-400 hover:bg-stone-50"""
"app/diskreter-umzug-trennung-scheidung/page.tsx","537","REDUCED_MOTION_REVIEW","warning"," <ArrowRight className=""h-4 w-4 transition group-hover:translate-x-0.5"" />"
"app/diskreter-umzug-trennung-scheidung/page.tsx","583","FOCUS_STYLE_REVIEW","warning"," <Link href=""#diskret-form"" className=""inline-flex min-h-11 items-center gap-2 rounded-xl bg-white px-4 text-sm font-black text-stone-950"" data-event=""service_card_click"">"
"app/diskreter-umzug-trennung-scheidung/page.tsx","587","FOCUS_STYLE_REVIEW","warning"," <a href={callbackWhatsappHref} className=""inline-flex min-h-11 items-center gap-2 rounded-xl border border-emerald-200/50 bg-emerald-400/10 px-4 text-sm font-black text-emerald-50"" data-event=""whatsapp_click"">"
"app/diskreter-umzug-trennung-scheidung/page.tsx","636","TOUCH_TARGET_REVIEW","warning"," <Link href=""#diskret-form"" className=""mt-5 inline-flex items-center gap-2 text-sm font-black text-stone-800 transition hover:text-stone-950"" data-event=""service_card_click"">"
"app/diskreter-umzug-trennung-scheidung/page.tsx","636","FOCUS_STYLE_REVIEW","warning"," <Link href=""#diskret-form"" className=""mt-5 inline-flex items-center gap-2 text-sm font-black text-stone-800 transition hover:text-stone-950"" data-event=""service_card_click"">"
"app/diskreter-umzug-trennung-scheidung/page.tsx","636","REDUCED_MOTION_REVIEW","warning"," <Link href=""#diskret-form"" className=""mt-5 inline-flex items-center gap-2 text-sm font-black text-stone-800 transition hover:text-stone-950"" data-event=""service_card_click"">"
"app/diskreter-umzug-trennung-scheidung/page.tsx","734","FOCUS_STYLE_REVIEW","warning"," <Link key={item.href} href={item.href} prefetch={false} className=""inline-flex items-center justify-between gap-3 rounded-xl border border-stone-200 bg-stone-50 px-4 py-3 text-sm font-black text-stone-800 transition hov"
"app/diskreter-umzug-trennung-scheidung/page.tsx","734","REDUCED_MOTION_REVIEW","warning"," <Link key={item.href} href={item.href} prefetch={false} className=""inline-flex items-center justify-between gap-3 rounded-xl border border-stone-200 bg-stone-50 px-4 py-3 text-sm font-black text-stone-800 transition hov"
"app/diskreter-umzug-trennung-scheidung/page.tsx","772","FOCUS_STYLE_REVIEW","warning"," <Link href=""#diskret-form"" className=""inline-flex min-h-12 items-center justify-center gap-2 rounded-xl bg-white px-6 text-sm font-black text-stone-950"" data-event=""service_card_click"">"
"app/diskreter-umzug-trennung-scheidung/page.tsx","776","FOCUS_STYLE_REVIEW","warning"," <a href={whatsappHref} className=""inline-flex min-h-12 items-center justify-center gap-2 rounded-xl border border-emerald-200/50 bg-emerald-400/10 px-6 text-sm font-black text-emerald-50"" data-event=""whatsapp_click"">"
"app/diskreter-umzug-trennung-scheidung/page.tsx","779","FOCUS_STYLE_REVIEW","warning"," <a href={phoneHref} className=""inline-flex min-h-12 items-center justify-center gap-2 rounded-xl border border-stone-200/40 bg-white/5 px-6 text-sm font-black text-white"" data-event=""phone_click"">"
"app/diskreter-umzug-trennung-scheidung/page.tsx","790","TOUCH_TARGET_REVIEW","warning"," <Link href=""#diskret-form"" className=""flox-mobile-action flox-mobile-action-primary"" data-event=""service_card_click"">"
"app/diskreter-umzug-trennung-scheidung/page.tsx","790","FOCUS_STYLE_REVIEW","warning"," <Link href=""#diskret-form"" className=""flox-mobile-action flox-mobile-action-primary"" data-event=""service_card_click"">"
"app/diskreter-umzug-trennung-scheidung/page.tsx","793","TOUCH_TARGET_REVIEW","warning"," <a href={whatsappHref} className=""flox-mobile-action flox-mobile-action-whatsapp"" data-event=""whatsapp_click"">"
"app/diskreter-umzug-trennung-scheidung/page.tsx","793","FOCUS_STYLE_REVIEW","warning"," <a href={whatsappHref} className=""flox-mobile-action flox-mobile-action-whatsapp"" data-event=""whatsapp_click"">"
"app/diskreter-umzug-trennung-scheidung/page.tsx","796","TOUCH_TARGET_REVIEW","warning"," <a href={phoneHref} className=""flox-mobile-action flox-mobile-action-light"" data-event=""phone_click"">"
"app/diskreter-umzug-trennung-scheidung/page.tsx","796","FOCUS_STYLE_REVIEW","warning"," <a href={phoneHref} className=""flox-mobile-action flox-mobile-action-light"" data-event=""phone_click"">"
"app/diskret-service/page.tsx","310","REDUCED_MOTION_REVIEW","warning"," className=""inline-flex min-h-12 items-center justify-center gap-2 rounded-lg bg-slate-950 px-6 text-sm font-black text-white transition hover:bg-slate-800"""
"app/diskret-service/page.tsx","318","REDUCED_MOTION_REVIEW","warning"," className=""inline-flex min-h-12 items-center justify-center gap-2 rounded-lg border border-slate-200 bg-white px-6 text-sm font-black text-slate-900 transition hover:bg-slate-50"""
"app/diskret-service/page.tsx","326","REDUCED_MOTION_REVIEW","warning"," className=""inline-flex min-h-12 items-center justify-center gap-2 rounded-lg border border-emerald-200 bg-emerald-50 px-6 text-sm font-black text-emerald-900 transition hover:bg-emerald-100"""
"app/diskret-service/page.tsx","477","REDUCED_MOTION_REVIEW","warning"," className=""group rounded-lg border border-slate-200 bg-white p-5 shadow-sm shadow-slate-950/5 transition hover:-translate-y-0.5 hover:border-slate-400 hover:bg-slate-50"""
"app/diskret-service/page.tsx","484","REDUCED_MOTION_REVIEW","warning"," <ArrowRight className=""h-4 w-4 transition group-hover:translate-x-0.5"" aria-hidden=""true"" />"
"app/diskret-service/page.tsx","513","REDUCED_MOTION_REVIEW","warning"," className=""inline-flex min-h-12 items-center justify-center gap-2 rounded-lg bg-emerald-900 px-5 text-sm font-black text-white transition hover:bg-emerald-800"""
"app/diskret-service/page.tsx","518","FOCUS_STYLE_REVIEW","warning"," <Link href=""/angebot-guenstiger-pruefen"" className=""inline-flex min-h-12 items-center justify-center gap-2 rounded-lg border border-emerald-200 bg-white px-5 text-sm font-black text-emerald-950 transition hover:bg-emera"
"app/diskret-service/page.tsx","518","REDUCED_MOTION_REVIEW","warning"," <Link href=""/angebot-guenstiger-pruefen"" className=""inline-flex min-h-12 items-center justify-center gap-2 rounded-lg border border-emerald-200 bg-white px-5 text-sm font-black text-emerald-950 transition hover:bg-emera"
"app/diskret-service/page.tsx","540","FOCUS_STYLE_REVIEW","warning"," <Link href=""/private-client-service"" className=""mt-5 inline-flex min-h-12 items-center justify-center gap-2 rounded-lg bg-slate-950 px-5 text-sm font-black text-white transition hover:bg-slate-800"">"
"app/diskret-service/page.tsx","540","REDUCED_MOTION_REVIEW","warning"," <Link href=""/private-client-service"" className=""mt-5 inline-flex min-h-12 items-center justify-center gap-2 rounded-lg bg-slate-950 px-5 text-sm font-black text-white transition hover:bg-slate-800"">"
"app/diskret-service/page.tsx","547","TOUCH_TARGET_REVIEW","warning"," <Link key={item.title} href={item.href} className=""rounded-lg border border-slate-200 bg-white p-5 shadow-sm shadow-slate-950/5 transition hover:-translate-y-0.5 hover:bg-slate-50"">"
"app/diskret-service/page.tsx","547","FOCUS_STYLE_REVIEW","warning"," <Link key={item.title} href={item.href} className=""rounded-lg border border-slate-200 bg-white p-5 shadow-sm shadow-slate-950/5 transition hover:-translate-y-0.5 hover:bg-slate-50"">"
"app/diskret-service/page.tsx","547","REDUCED_MOTION_REVIEW","warning"," <Link key={item.title} href={item.href} className=""rounded-lg border border-slate-200 bg-white p-5 shadow-sm shadow-slate-950/5 transition hover:-translate-y-0.5 hover:bg-slate-50"">"
"app/diskret-service/page.tsx","578","FOCUS_STYLE_REVIEW","warning"," <Link href=""/kontakt?service=diskret-service&intent=english-discreet-request&source=seo"" className=""mt-5 inline-flex min-h-11 items-center justify-center gap-2 rounded-lg bg-slate-950 px-5 text-sm font-black text-white "
"app/diskret-service/page.tsx","578","REDUCED_MOTION_REVIEW","warning"," <Link href=""/kontakt?service=diskret-service&intent=english-discreet-request&source=seo"" className=""mt-5 inline-flex min-h-11 items-center justify-center gap-2 rounded-lg bg-slate-950 px-5 text-sm font-black text-white "
"app/diskret-service/page.tsx","601","REDUCED_MOTION_REVIEW","warning"," <span className=""text-xl leading-none text-slate-500 transition group-open:rotate-45"">+</span>"
"app/diskret-service/page.tsx","623","REDUCED_MOTION_REVIEW","warning"," <TrackingLink href={primaryHref} label=""Diskret-Service anfragen"" className=""inline-flex min-h-12 items-center justify-center gap-2 rounded-lg bg-white px-5 text-sm font-black text-slate-950 transition hover:bg-slate-10"
"app/diskret-service/page.tsx","627","FOCUS_STYLE_REVIEW","warning"," <a href=""tel:+4915771105087"" className=""inline-flex min-h-12 items-center justify-center gap-2 rounded-lg border border-white/20 bg-white/5 px-5 text-sm font-black text-white transition hover:bg-white/10"">"
"app/diskret-service/page.tsx","627","REDUCED_MOTION_REVIEW","warning"," <a href=""tel:+4915771105087"" className=""inline-flex min-h-12 items-center justify-center gap-2 rounded-lg border border-white/20 bg-white/5 px-5 text-sm font-black text-white transition hover:bg-white/10"">"
"app/diskret-service/page.tsx","631","FOCUS_STYLE_REVIEW","warning"," <a href=""mailto:info@floxant.de"" className=""inline-flex min-h-12 items-center justify-center gap-2 rounded-lg border border-white/20 bg-white/5 px-5 text-sm font-black text-white transition hover:bg-white/10"">"
"app/diskret-service/page.tsx","631","REDUCED_MOTION_REVIEW","warning"," <a href=""mailto:info@floxant.de"" className=""inline-flex min-h-12 items-center justify-center gap-2 rounded-lg border border-white/20 bg-white/5 px-5 text-sm font-black text-white transition hover:bg-white/10"">"
"app/damen-team/page.tsx","66","FOCUS_STYLE_REVIEW","warning"," <Link href=""/rechner"" className=""btn-premium inline-flex h-12 items-center gap-2 rounded-xl bg-gradient-to-b from-blue-500 to-blue-600 px-8 text-sm font-semibold uppercase tracking-wider text-white shadow-lg shadow-blue"
"app/damen-team/page.tsx","66","REDUCED_MOTION_REVIEW","warning"," <Link href=""/rechner"" className=""btn-premium inline-flex h-12 items-center gap-2 rounded-xl bg-gradient-to-b from-blue-500 to-blue-600 px-8 text-sm font-semibold uppercase tracking-wider text-white shadow-lg shadow-blue"
"app/damen-team/page.tsx","69","FOCUS_STYLE_REVIEW","warning"," <a href={whatsappUrl} target=""_blank"" rel=""noopener noreferrer"" className=""inline-flex h-12 items-center gap-2 rounded-xl border border-slate-200 bg-white px-6 text-sm font-medium text-slate-700 transition-all hover:bg-"
"app/damen-team/page.tsx","69","REDUCED_MOTION_REVIEW","warning"," <a href={whatsappUrl} target=""_blank"" rel=""noopener noreferrer"" className=""inline-flex h-12 items-center gap-2 rounded-xl border border-slate-200 bg-white px-6 text-sm font-medium text-slate-700 transition-all hover:bg-"
"app/damen-team/page.tsx","113","REDUCED_MOTION_REVIEW","warning"," className=""card-premium group rounded-xl p-5 transition-all"""
"app/damen-team/page.tsx","115","REDUCED_MOTION_REVIEW","warning"," <h3 className=""font-semibold text-slate-950 group-hover:text-blue-700 transition-colors flex items-center gap-2"">"
"app/damen-team/page.tsx","117","REDUCED_MOTION_REVIEW","warning"," <ChevronRight className=""w-4 h-4 opacity-0 group-hover:opacity-100 transition-opacity"" />"
"app/clean-start/page.tsx","66","FOCUS_STYLE_REVIEW","warning"," <Link href=""/rechner"" className=""btn-premium inline-flex h-12 items-center gap-2 rounded-xl bg-gradient-to-b from-blue-500 to-blue-600 px-8 text-sm font-semibold uppercase tracking-wider text-white shadow-lg shadow-blue"
"app/clean-start/page.tsx","66","REDUCED_MOTION_REVIEW","warning"," <Link href=""/rechner"" className=""btn-premium inline-flex h-12 items-center gap-2 rounded-xl bg-gradient-to-b from-blue-500 to-blue-600 px-8 text-sm font-semibold uppercase tracking-wider text-white shadow-lg shadow-blue"
"app/clean-start/page.tsx","69","FOCUS_STYLE_REVIEW","warning"," <a href={whatsappUrl} target=""_blank"" rel=""noopener noreferrer"" className=""inline-flex h-12 items-center gap-2 rounded-xl border border-slate-200 bg-white px-6 text-sm font-medium text-slate-700 transition-all hover:bg-"
"app/clean-start/page.tsx","69","REDUCED_MOTION_REVIEW","warning"," <a href={whatsappUrl} target=""_blank"" rel=""noopener noreferrer"" className=""inline-flex h-12 items-center gap-2 rounded-xl border border-slate-200 bg-white px-6 text-sm font-medium text-slate-700 transition-all hover:bg-"
"app/clean-start/page.tsx","113","REDUCED_MOTION_REVIEW","warning"," className=""card-premium group rounded-xl p-5 transition-all"""
"app/clean-start/page.tsx","115","REDUCED_MOTION_REVIEW","warning"," <h3 className=""font-semibold text-slate-950 group-hover:text-blue-700 transition-colors flex items-center gap-2"">"
"app/clean-start/page.tsx","117","REDUCED_MOTION_REVIEW","warning"," <ChevronRight className=""w-4 h-4 opacity-0 group-hover:opacity-100 transition-opacity"" />"
"app/bueroreinigung-regensburg/page.tsx","298","TOUCH_TARGET_REVIEW","warning"," <a key={href} href={href} className=""flox-chip hover:border-blue-200 hover:bg-blue-50"">"
"app/bueroreinigung-regensburg/page.tsx","298","FOCUS_STYLE_REVIEW","warning"," <a key={href} href={href} className=""flox-chip hover:border-blue-200 hover:bg-blue-50"">"
"app/bueroreinigung-regensburg/page.tsx","305","TOUCH_TARGET_REVIEW","warning"," <a href=""#kontakt"" className=""flox-button-primary px-6"">"
"app/bueroreinigung-regensburg/page.tsx","305","FOCUS_STYLE_REVIEW","warning"," <a href=""#kontakt"" className=""flox-button-primary px-6"">"
"app/bueroreinigung-regensburg/page.tsx","309","TOUCH_TARGET_REVIEW","warning"," <a href={whatsappUrl} target=""_blank"" rel=""noopener noreferrer"" className=""flox-button-secondary px-6"">"
"app/bueroreinigung-regensburg/page.tsx","309","FOCUS_STYLE_REVIEW","warning"," <a href={whatsappUrl} target=""_blank"" rel=""noopener noreferrer"" className=""flox-button-secondary px-6"">"
"app/bueroreinigung-regensburg/page.tsx","580","TOUCH_TARGET_REVIEW","warning"," <Link key={item.href} href={item.href} prefetch={false} className=""flox-chip hover:border-blue-200 hover:bg-white"">"
"app/bueroreinigung-regensburg/page.tsx","580","FOCUS_STYLE_REVIEW","warning"," <Link key={item.href} href={item.href} prefetch={false} className=""flox-chip hover:border-blue-200 hover:bg-white"">"
"app/bueroreinigung/page.tsx","165","REDUCED_MOTION_REVIEW","warning"," className=""inline-flex min-h-12 items-center justify-center gap-2 rounded-lg bg-white px-5 text-sm font-black text-slate-950 transition hover:bg-cyan-50"""
"app/bueroreinigung/page.tsx","172","REDUCED_MOTION_REVIEW","warning"," className=""inline-flex min-h-12 items-center justify-center gap-2 rounded-lg border border-white/25 bg-white/10 px-5 text-sm font-black text-white transition hover:bg-white/15"""
"app/bueroreinigung/page.tsx","224","REDUCED_MOTION_REVIEW","warning"," className=""group rounded-lg border border-slate-200 bg-white p-5 shadow-sm transition hover:border-cyan-300 hover:shadow-md"""
"app/bueroreinigung/page.tsx","230","REDUCED_MOTION_REVIEW","warning"," <ArrowRight className=""h-4 w-4 transition group-hover:translate-x-0.5"" aria-hidden=""true"" />"
"app/buerokratie-schutz/page.tsx","66","FOCUS_STYLE_REVIEW","warning"," <Link href=""/rechner"" className=""btn-premium inline-flex h-12 items-center gap-2 rounded-xl bg-gradient-to-b from-blue-500 to-blue-600 px-8 text-sm font-semibold uppercase tracking-wider text-white shadow-lg shadow-blue"
"app/buerokratie-schutz/page.tsx","66","REDUCED_MOTION_REVIEW","warning"," <Link href=""/rechner"" className=""btn-premium inline-flex h-12 items-center gap-2 rounded-xl bg-gradient-to-b from-blue-500 to-blue-600 px-8 text-sm font-semibold uppercase tracking-wider text-white shadow-lg shadow-blue"
"app/buerokratie-schutz/page.tsx","69","FOCUS_STYLE_REVIEW","warning"," <a href={whatsappUrl} target=""_blank"" rel=""noopener noreferrer"" className=""inline-flex h-12 items-center gap-2 rounded-xl border border-slate-200 bg-white px-6 text-sm font-medium text-slate-700 transition-all hover:bg-"
"app/buerokratie-schutz/page.tsx","69","REDUCED_MOTION_REVIEW","warning"," <a href={whatsappUrl} target=""_blank"" rel=""noopener noreferrer"" className=""inline-flex h-12 items-center gap-2 rounded-xl border border-slate-200 bg-white px-6 text-sm font-medium text-slate-700 transition-all hover:bg-"
"app/buerokratie-schutz/page.tsx","113","REDUCED_MOTION_REVIEW","warning"," className=""card-premium group rounded-xl p-5 transition-all"""
"app/buerokratie-schutz/page.tsx","115","REDUCED_MOTION_REVIEW","warning"," <h3 className=""font-semibold text-slate-950 group-hover:text-blue-700 transition-colors flex items-center gap-2"">"
"app/buerokratie-schutz/page.tsx","117","REDUCED_MOTION_REVIEW","warning"," <ChevronRight className=""w-4 h-4 opacity-0 group-hover:opacity-100 transition-opacity"" />"
"app/buchung-ablauf/page.tsx","135","REDUCED_MOTION_REVIEW","warning"," className=""inline-flex items-center gap-2 rounded-2xl bg-blue-500 px-5 py-3 text-sm font-semibold text-slate-950 transition hover:bg-blue-400"""
"app/buchung-ablauf/page.tsx","142","REDUCED_MOTION_REVIEW","warning"," className=""inline-flex items-center gap-2 rounded-2xl border border-foreground/10 bg-white/[0.04] px-5 py-3 text-sm font-semibold text-foreground/82 transition hover:bg-white/[0.08]"""
"app/buchung/page.tsx","599","REDUCED_MOTION_REVIEW","warning"," className=""mt-4 inline-flex min-h-10 w-full items-center justify-center gap-2 rounded-xl border border-blue-200 bg-white px-3 text-xs font-black uppercase tracking-[0.12em] text-blue-700 transition hover:bg-blue-50"""
"app/buchung/page.tsx","706","REDUCED_MOTION_REVIEW","warning"," className=""group rounded-[1.45rem] border border-white bg-white px-5 py-5 shadow-sm shadow-slate-950/5 transition hover:-translate-y-0.5 hover:border-blue-200 hover:bg-blue-50"""
"app/buchung/page.tsx","715","REDUCED_MOTION_REVIEW","warning"," <ArrowRight className=""h-4 w-4 transition group-hover:translate-x-0.5"" />"
"app/buchung/page.tsx","804","REDUCED_MOTION_REVIEW","warning"," className=""group relative overflow-hidden rounded-[2rem] border border-slate-200 bg-white p-6 shadow-sm shadow-slate-950/5 transition duration-300 hover:-translate-y-1 hover:border-blue-200 hover:shadow-2xl hover:shadow"
"app/buchung/page.tsx","823","REDUCED_MOTION_REVIEW","warning"," <ArrowRight className=""h-3.5 w-3.5 transition group-hover:translate-x-1"" />"
"app/buchung/page.tsx","864","REDUCED_MOTION_REVIEW","warning"," <ArrowRight className=""h-4 w-4 shrink-0 text-white/50 transition group-hover:translate-x-1 group-hover:text-white"" />"
"app/buchung/page.tsx","872","REDUCED_MOTION_REVIEW","warning"," const className = `group block rounded-[1.45rem] border p-4 transition duration-300 ${tone}`;"
"app/buchung/page.tsx","893","TOUCH_TARGET_REVIEW","warning"," <a href={item.href} className={className} data-event={eventName} data-action={eventAction} data-source=""booking_decision_path"" data-request-center=""ignore"">"
"app/buchung/page.tsx","893","FOCUS_STYLE_REVIEW","warning"," <a href={item.href} className={className} data-event={eventName} data-action={eventAction} data-source=""booking_decision_path"" data-request-center=""ignore"">"
"app/buchung/page.tsx","1027","TOUCH_TARGET_REVIEW","warning"," <Link href={item.detail} className=""text-xs font-black text-slate-500 underline-offset-4 hover:text-blue-700 hover:underline"">"
"app/buchung/page.tsx","1027","FOCUS_STYLE_REVIEW","warning"," <Link href={item.detail} className=""text-xs font-black text-slate-500 underline-offset-4 hover:text-blue-700 hover:underline"">"
"app/buchung/page.tsx","1035","REDUCED_MOTION_REVIEW","warning"," className=""mt-4 inline-flex min-h-11 w-full items-center justify-center gap-2 rounded-xl bg-slate-950 px-4 text-sm font-black text-white transition hover:bg-blue-700"""
"app/buchung/page.tsx","1066","REDUCED_MOTION_REVIEW","warning"," className=""inline-flex min-h-11 flex-1 items-center justify-center gap-2 rounded-xl bg-slate-950 px-3 text-sm font-black text-white transition hover:bg-blue-700"""
"app/buchung/page.tsx","1078","REDUCED_MOTION_REVIEW","warning"," className=""inline-flex min-h-11 items-center justify-center gap-2 rounded-xl bg-[#25D366] px-3 text-sm font-black text-white shadow-[0_10px_26px_rgba(37,211,102,0.22)] transition hover:bg-[#16a34a]"""
"app/buchung/page.tsx","1087","REDUCED_MOTION_REVIEW","warning"," className=""hidden min-h-11 items-center justify-center gap-2 rounded-xl border border-slate-200 bg-slate-50 px-3 text-sm font-black text-slate-900 transition hover:bg-blue-50 sm:inline-flex"""
"app/blog/page.tsx","224","REDUCED_MOTION_REVIEW","warning"," className=""inline-flex items-center gap-2 rounded-2xl bg-blue-600 px-5 py-3 text-sm font-semibold text-white transition hover:bg-blue-500"""
"app/blog/page.tsx","231","REDUCED_MOTION_REVIEW","warning"," className=""inline-flex items-center gap-2 rounded-2xl border border-slate-200 bg-white px-5 py-3 text-sm font-semibold text-slate-800 transition hover:border-blue-200 hover:bg-blue-50"""
"app/blog/page.tsx","239","REDUCED_MOTION_REVIEW","warning"," className=""inline-flex items-center gap-2 rounded-2xl border border-[#25D366]/25 bg-white px-5 py-3 text-sm font-semibold text-slate-800 transition hover:border-[#25D366] hover:bg-[#25D366]/5"""
"app/blog/page.tsx","273","REDUCED_MOTION_REVIEW","warning"," className=""group rounded-[1.75rem] border border-slate-200 bg-white p-6 shadow-sm shadow-slate-950/5 transition-all hover:-translate-y-1 hover:border-blue-200"""
"app/blog/page.tsx","278","REDUCED_MOTION_REVIEW","warning"," <h2 className=""mt-4 text-2xl font-semibold tracking-tight text-slate-950 transition-colors group-hover:text-blue-700"">"
"app/blog/page.tsx","336","REDUCED_MOTION_REVIEW","warning"," className=""rounded-[1.75rem] border border-slate-200 bg-white p-6 shadow-sm shadow-slate-950/5 transition-all hover:-translate-y-1 hover:border-blue-200"""
"app/blog/page.tsx","402","REDUCED_MOTION_REVIEW","warning"," className=""rounded-[1.5rem] border border-slate-200 bg-slate-50 p-5 transition-all hover:-translate-y-1 hover:border-blue-200 hover:bg-white"""
"app/blog/page.tsx","545","REDUCED_MOTION_REVIEW","warning"," className=""group rounded-[1.5rem] border border-slate-200 bg-white p-5 transition-all hover:-translate-y-1 hover:border-blue-200 hover:shadow-lg hover:shadow-slate-950/10"""
"app/blog/page.tsx","550","REDUCED_MOTION_REVIEW","warning"," <h3 className=""mt-4 flex items-center gap-2 text-xl font-semibold text-slate-950 transition-colors group-hover:text-blue-700"">"
"app/blog/page.tsx","578","REDUCED_MOTION_REVIEW","warning"," className=""group rounded-[2rem] border border-slate-200 bg-white p-7 shadow-sm shadow-slate-950/5 transition-all hover:-translate-y-1 hover:border-blue-200"""
"app/blog/page.tsx","587","REDUCED_MOTION_REVIEW","warning"," <h3 className=""mt-5 text-2xl font-semibold tracking-tight text-slate-950 transition-colors group-hover:text-blue-700"">"
"app/blog/page.tsx","618","REDUCED_MOTION_REVIEW","warning"," className=""group rounded-[1.75rem] border border-slate-200 bg-white p-6 shadow-sm shadow-slate-950/5 transition-all hover:-translate-y-1 hover:border-blue-200 hover:bg-blue-50/40"""
"app/blog/page.tsx","627","REDUCED_MOTION_REVIEW","warning"," <h3 className=""mt-5 text-2xl font-semibold tracking-tight text-slate-950 transition-colors group-hover:text-blue-700"">"
"app/blog/page.tsx","662","REDUCED_MOTION_REVIEW","warning"," <span className=""text-xl leading-none text-blue-700 transition-transform group-open:rotate-45"">"
"app/blog/wohnungsuebergabe-protokoll-guide/page.tsx","50","TOUCH_TARGET_REVIEW","warning"," <p>""Besenrein"" bedeutet in der Praxis: grobe Verschmutzungen entfernt, Böden gefegt, keine persönlichen Gegenstände zurückgelassen. Es bedeutet ausdrücklich <strong>nicht</strong> gründlich gereinigt. Eine saubere <Link"
"app/blog/wohnungsuebergabe-protokoll-guide/page.tsx","50","FOCUS_STYLE_REVIEW","warning"," <p>""Besenrein"" bedeutet in der Praxis: grobe Verschmutzungen entfernt, Böden gefegt, keine persönlichen Gegenstände zurückgelassen. Es bedeutet ausdrücklich <strong>nicht</strong> gründlich gereinigt. Eine saubere <Link"
"app/blog/wohnungsuebergabe-protokoll-guide/page.tsx","56","TOUCH_TARGET_REVIEW","warning"," <p>Wenn die Möbelpacker gerade den letzten Schrank verladen haben, steht das Reinigungsteam schon bereit. Bei <Link href={""/umzug""} className=""text-primary underline hover:text-primary/80"">FLOXANT</Link> bieten wir dies"
"app/blog/wohnungsuebergabe-protokoll-guide/page.tsx","56","FOCUS_STYLE_REVIEW","warning"," <p>Wenn die Möbelpacker gerade den letzten Schrank verladen haben, steht das Reinigungsteam schon bereit. Bei <Link href={""/umzug""} className=""text-primary underline hover:text-primary/80"">FLOXANT</Link> bieten wir dies"
"app/blog/wohnungsuebergabe-protokoll-guide/page.tsx","61","FOCUS_STYLE_REVIEW","warning"," <Link href={""/umzug""} className=""inline-flex items-center gap-2 px-8 py-4 bg-primary text-primary-foreground font-bold rounded-full hover:bg-primary/90 transition-all shadow-lg"">"
"app/blog/wohnungsuebergabe-protokoll-guide/page.tsx","61","REDUCED_MOTION_REVIEW","warning"," <Link href={""/umzug""} className=""inline-flex items-center gap-2 px-8 py-4 bg-primary text-primary-foreground font-bold rounded-full hover:bg-primary/90 transition-all shadow-lg"">"
"app/blog/wohnungsuebergabe-protokoll-guide/page.tsx","68","TOUCH_TARGET_REVIEW","warning"," <Link href={""/blog/umzug-kosten-regensburg""} className=""px-4 py-2 rounded-full border border-border/50 text-sm text-muted-foreground hover:text-primary transition-all"">Umzugskosten Regensburg</Link>"
"app/blog/wohnungsuebergabe-protokoll-guide/page.tsx","68","FOCUS_STYLE_REVIEW","warning"," <Link href={""/blog/umzug-kosten-regensburg""} className=""px-4 py-2 rounded-full border border-border/50 text-sm text-muted-foreground hover:text-primary transition-all"">Umzugskosten Regensburg</Link>"
"app/blog/wohnungsuebergabe-protokoll-guide/page.tsx","68","REDUCED_MOTION_REVIEW","warning"," <Link href={""/blog/umzug-kosten-regensburg""} className=""px-4 py-2 rounded-full border border-border/50 text-sm text-muted-foreground hover:text-primary transition-all"">Umzugskosten Regensburg</Link>"
"app/blog/wohnungsuebergabe-protokoll-guide/page.tsx","69","TOUCH_TARGET_REVIEW","warning"," <Link href={""/blog/umzug-checkliste""} className=""px-4 py-2 rounded-full border border-border/50 text-sm text-muted-foreground hover:text-primary transition-all"">Umzug Checkliste</Link>"
"app/blog/wohnungsuebergabe-protokoll-guide/page.tsx","69","FOCUS_STYLE_REVIEW","warning"," <Link href={""/blog/umzug-checkliste""} className=""px-4 py-2 rounded-full border border-border/50 text-sm text-muted-foreground hover:text-primary transition-all"">Umzug Checkliste</Link>"
"app/blog/wohnungsuebergabe-protokoll-guide/page.tsx","69","REDUCED_MOTION_REVIEW","warning"," <Link href={""/blog/umzug-checkliste""} className=""px-4 py-2 rounded-full border border-border/50 text-sm text-muted-foreground hover:text-primary transition-all"">Umzug Checkliste</Link>"
"app/blog/wohnungsuebergabe-protokoll-guide/page.tsx","70","TOUCH_TARGET_REVIEW","warning"," <Link href={""/blog/umzug-tipps-bayern""} className=""px-4 py-2 rounded-full border border-border/50 text-sm text-muted-foreground hover:text-primary transition-all"">Umzug Tipps Bayern</Link>"
"app/blog/wohnungsuebergabe-protokoll-guide/page.tsx","70","FOCUS_STYLE_REVIEW","warning"," <Link href={""/blog/umzug-tipps-bayern""} className=""px-4 py-2 rounded-full border border-border/50 text-sm text-muted-foreground hover:text-primary transition-all"">Umzug Tipps Bayern</Link>"
"app/blog/wohnungsuebergabe-protokoll-guide/page.tsx","70","REDUCED_MOTION_REVIEW","warning"," <Link href={""/blog/umzug-tipps-bayern""} className=""px-4 py-2 rounded-full border border-border/50 text-sm text-muted-foreground hover:text-primary transition-all"">Umzug Tipps Bayern</Link>"
"app/blog/wohnungsuebergabe-protokoll-guide/page.tsx","71","TOUCH_TARGET_REVIEW","warning"," <Link href={""/ratgeber""} className=""px-4 py-2 rounded-full border border-border/50 text-sm text-muted-foreground hover:text-primary transition-all"">Alle Ratgeber</Link>"
"app/blog/wohnungsuebergabe-protokoll-guide/page.tsx","71","FOCUS_STYLE_REVIEW","warning"," <Link href={""/ratgeber""} className=""px-4 py-2 rounded-full border border-border/50 text-sm text-muted-foreground hover:text-primary transition-all"">Alle Ratgeber</Link>"
"app/blog/wohnungsuebergabe-protokoll-guide/page.tsx","71","REDUCED_MOTION_REVIEW","warning"," <Link href={""/ratgeber""} className=""px-4 py-2 rounded-full border border-border/50 text-sm text-muted-foreground hover:text-primary transition-all"">Alle Ratgeber</Link>"
"app/blog/wohnungsaufloesung-was-tun/page.tsx","120","FOCUS_STYLE_REVIEW","warning"," <a href={`/rechner`} className=""inline-flex items-center gap-2 bg-primary text-white font-bold py-3 px-8 rounded-full hover:bg-primary/90 transition-colors no-underline"">"
"app/blog/wohnungsaufloesung-was-tun/page.tsx","120","REDUCED_MOTION_REVIEW","warning"," <a href={`/rechner`} className=""inline-flex items-center gap-2 bg-primary text-white font-bold py-3 px-8 rounded-full hover:bg-primary/90 transition-colors no-underline"">"
"app/blog/wohnungsaufloesung-was-tun/page.tsx","130","TOUCH_TARGET_REVIEW","warning"," <a href={""/regensburg/umzug""} className=""text-sm font-semibold hover:text-primary transition underline decoration-primary/30 underline-offset-4"">Umzug Regensburg</a>"
"app/blog/wohnungsaufloesung-was-tun/page.tsx","130","FOCUS_STYLE_REVIEW","warning"," <a href={""/regensburg/umzug""} className=""text-sm font-semibold hover:text-primary transition underline decoration-primary/30 underline-offset-4"">Umzug Regensburg</a>"
"app/blog/wohnungsaufloesung-was-tun/page.tsx","130","REDUCED_MOTION_REVIEW","warning"," <a href={""/regensburg/umzug""} className=""text-sm font-semibold hover:text-primary transition underline decoration-primary/30 underline-offset-4"">Umzug Regensburg</a>"
"app/blog/wohnungsaufloesung-was-tun/page.tsx","131","TOUCH_TARGET_REVIEW","warning"," <a href={""/umzug-neutraubling""} className=""text-sm font-semibold hover:text-primary transition underline decoration-primary/30 underline-offset-4"">Umzug Neutraubling</a>"
"app/blog/wohnungsaufloesung-was-tun/page.tsx","131","FOCUS_STYLE_REVIEW","warning"," <a href={""/umzug-neutraubling""} className=""text-sm font-semibold hover:text-primary transition underline decoration-primary/30 underline-offset-4"">Umzug Neutraubling</a>"
"app/blog/wohnungsaufloesung-was-tun/page.tsx","131","REDUCED_MOTION_REVIEW","warning"," <a href={""/umzug-neutraubling""} className=""text-sm font-semibold hover:text-primary transition underline decoration-primary/30 underline-offset-4"">Umzug Neutraubling</a>"
"app/blog/wohnungsaufloesung-was-tun/page.tsx","132","TOUCH_TARGET_REVIEW","warning"," <a href={""/umzug-landshut""} className=""text-sm font-semibold hover:text-primary transition underline decoration-primary/30 underline-offset-4"">Umzug Landshut</a>"
"app/blog/wohnungsaufloesung-was-tun/page.tsx","132","FOCUS_STYLE_REVIEW","warning"," <a href={""/umzug-landshut""} className=""text-sm font-semibold hover:text-primary transition underline decoration-primary/30 underline-offset-4"">Umzug Landshut</a>"
"app/blog/wohnungsaufloesung-was-tun/page.tsx","132","REDUCED_MOTION_REVIEW","warning"," <a href={""/umzug-landshut""} className=""text-sm font-semibold hover:text-primary transition underline decoration-primary/30 underline-offset-4"">Umzug Landshut</a>"
"app/blog/wohnungsaufloesung-was-tun/page.tsx","133","TOUCH_TARGET_REVIEW","warning"," <a href={""/umzug-oberpfalz""} className=""text-sm font-semibold hover:text-primary transition underline decoration-primary/30 underline-offset-4"">Umzug Oberpfalz</a>"
"app/blog/wohnungsaufloesung-was-tun/page.tsx","133","FOCUS_STYLE_REVIEW","warning"," <a href={""/umzug-oberpfalz""} className=""text-sm font-semibold hover:text-primary transition underline decoration-primary/30 underline-offset-4"">Umzug Oberpfalz</a>"
"app/blog/wohnungsaufloesung-was-tun/page.tsx","133","REDUCED_MOTION_REVIEW","warning"," <a href={""/umzug-oberpfalz""} className=""text-sm font-semibold hover:text-primary transition underline decoration-primary/30 underline-offset-4"">Umzug Oberpfalz</a>"
"app/blog/wohnungsaufloesung-was-tun/page.tsx","134","TOUCH_TARGET_REVIEW","warning"," <a href={""/umzug-muenchen""} className=""text-sm font-semibold hover:text-primary transition underline decoration-primary/30 underline-offset-4"">{dict.common.umzug_munich}</a>"
"app/blog/wohnungsaufloesung-was-tun/page.tsx","134","FOCUS_STYLE_REVIEW","warning"," <a href={""/umzug-muenchen""} className=""text-sm font-semibold hover:text-primary transition underline decoration-primary/30 underline-offset-4"">{dict.common.umzug_munich}</a>"
"app/blog/wohnungsaufloesung-was-tun/page.tsx","134","REDUCED_MOTION_REVIEW","warning"," <a href={""/umzug-muenchen""} className=""text-sm font-semibold hover:text-primary transition underline decoration-primary/30 underline-offset-4"">{dict.common.umzug_munich}</a>"
"app/blog/wohnungsaufloesung-was-tun/page.tsx","135","TOUCH_TARGET_REVIEW","warning"," <a href={""/umzug-nuernberg""} className=""text-sm font-semibold hover:text-primary transition underline decoration-primary/30 underline-offset-4"">{dict.common.umzug_nuremberg}</a>"
"app/blog/wohnungsaufloesung-was-tun/page.tsx","135","FOCUS_STYLE_REVIEW","warning"," <a href={""/umzug-nuernberg""} className=""text-sm font-semibold hover:text-primary transition underline decoration-primary/30 underline-offset-4"">{dict.common.umzug_nuremberg}</a>"
"app/blog/wohnungsaufloesung-was-tun/page.tsx","135","REDUCED_MOTION_REVIEW","warning"," <a href={""/umzug-nuernberg""} className=""text-sm font-semibold hover:text-primary transition underline decoration-primary/30 underline-offset-4"">{dict.common.umzug_nuremberg}</a>"
"app/blog/wohnungsaufloesung-was-tun/page.tsx","136","TOUCH_TARGET_REVIEW","warning"," <a href={""/umzug-landkreis-regensburg""} className=""text-sm font-semibold hover:text-primary transition underline decoration-primary/30 underline-offset-4"">Landkreis Regensburg</a>"
"app/blog/wohnungsaufloesung-was-tun/page.tsx","136","FOCUS_STYLE_REVIEW","warning"," <a href={""/umzug-landkreis-regensburg""} className=""text-sm font-semibold hover:text-primary transition underline decoration-primary/30 underline-offset-4"">Landkreis Regensburg</a>"
"app/blog/wohnungsaufloesung-was-tun/page.tsx","136","REDUCED_MOTION_REVIEW","warning"," <a href={""/umzug-landkreis-regensburg""} className=""text-sm font-semibold hover:text-primary transition underline decoration-primary/30 underline-offset-4"">Landkreis Regensburg</a>"
"app/blog/wohnungsaufloesung-was-tun/page.tsx","137","TOUCH_TARGET_REVIEW","warning"," <a href={""/umzug""} className=""text-sm font-semibold hover:text-primary transition underline decoration-primary/30 underline-offset-4"">Dienstleistungen</a>"
"app/blog/wohnungsaufloesung-was-tun/page.tsx","137","FOCUS_STYLE_REVIEW","warning"," <a href={""/umzug""} className=""text-sm font-semibold hover:text-primary transition underline decoration-primary/30 underline-offset-4"">Dienstleistungen</a>"
"app/blog/wohnungsaufloesung-was-tun/page.tsx","137","REDUCED_MOTION_REVIEW","warning"," <a href={""/umzug""} className=""text-sm font-semibold hover:text-primary transition underline decoration-primary/30 underline-offset-4"">Dienstleistungen</a>"
"app/blog/wohnungsaufloesung-was-tun/page.tsx","146","TOUCH_TARGET_REVIEW","warning"," <a href={`/blog/entrumpelung-kosten-bayern`} className=""bg-white border hover:border-primary shadow-sm px-6 py-2 rounded-lg font-medium"">Was kostet eine Auflösung?</a>"
"app/blog/wohnungsaufloesung-was-tun/page.tsx","146","FOCUS_STYLE_REVIEW","warning"," <a href={`/blog/entrumpelung-kosten-bayern`} className=""bg-white border hover:border-primary shadow-sm px-6 py-2 rounded-lg font-medium"">Was kostet eine Auflösung?</a>"
"app/blog/wohnungsaufloesung-was-tun/page.tsx","147","TOUCH_TARGET_REVIEW","warning"," <a href={`/entruempelung-muenchen`} className=""bg-white border hover:border-primary shadow-sm px-6 py-2 rounded-lg font-medium"">Haushaltsauflösung München</a>"
"app/blog/wohnungsaufloesung-was-tun/page.tsx","147","FOCUS_STYLE_REVIEW","warning"," <a href={`/entruempelung-muenchen`} className=""bg-white border hover:border-primary shadow-sm px-6 py-2 rounded-lg font-medium"">Haushaltsauflösung München</a>"
"app/blog/wohnungsaufloesung-was-tun/page.tsx","148","TOUCH_TARGET_REVIEW","warning"," <a href={`/entruempelung-nuernberg`} className=""bg-white border hover:border-primary shadow-sm px-6 py-2 rounded-lg font-medium"">Haushaltsauflösung Nürnberg</a>"
"app/blog/wohnungsaufloesung-was-tun/page.tsx","148","FOCUS_STYLE_REVIEW","warning"," <a href={`/entruempelung-nuernberg`} className=""bg-white border hover:border-primary shadow-sm px-6 py-2 rounded-lg font-medium"">Haushaltsauflösung Nürnberg</a>"
"app/blog/umzugskosten-senken-7-tipps/page.tsx","88","TOUCH_TARGET_REVIEW","warning"," <Link href=""/rechner"" className=""flox-button-primary px-6"">"
"app/blog/umzugskosten-senken-7-tipps/page.tsx","88","FOCUS_STYLE_REVIEW","warning"," <Link href=""/rechner"" className=""flox-button-primary px-6"">"
"app/blog/umzugskosten-senken-7-tipps/page.tsx","92","TOUCH_TARGET_REVIEW","warning"," <Link href=""/anfrage-mit-preisrahmen"" className=""flox-button-secondary px-6"">"
"app/blog/umzugskosten-senken-7-tipps/page.tsx","92","FOCUS_STYLE_REVIEW","warning"," <Link href=""/anfrage-mit-preisrahmen"" className=""flox-button-secondary px-6"">"
"app/blog/umzugskosten-senken-7-tipps/page.tsx","114","REDUCED_MOTION_REVIEW","warning"," className=""rounded-[1.7rem] border border-slate-200 bg-white p-6 shadow-sm shadow-slate-950/5 transition hover:-translate-y-0.5 hover:border-blue-200 hover:shadow-md"""
"app/blog/umzug-tipps-bayern/page.tsx","56","FOCUS_STYLE_REVIEW","warning"," <a href=""/rechner"" className=""inline-block bg-blue-600 text-white font-bold py-3 px-8 rounded-full no-underline hover:bg-blue-700"">"
"app/blog/umzug-regensburg-tipps/page.tsx","50","FOCUS_STYLE_REVIEW","warning"," <a href=""/rechner"" className=""btn-premium inline-flex py-4 px-10 rounded-2xl bg-blue-600 font-bold uppercase tracking-widest"">"
"app/blog/umzug-planen-schritt-fuer-schritt/page.tsx","63","FOCUS_STYLE_REVIEW","warning"," <Link href=""/umzug"" className=""inline-block bg-blue-600 text-white font-bold py-3 px-8 rounded-full no-underline"">"
"app/blog/umzug-mit-kindern-stressfrei/page.tsx","62","TOUCH_TARGET_REVIEW","warning"," <p>Wir wissen aus Erfahrung: Wenn Kinder zufrieden sind, läuft der ganze Umzug besser. Unsere <Link href={""/umzug""} className=""text-primary underline hover:text-primary/80"">Familienumzüge</Link> sind darauf ausgelegt, d"
"app/blog/umzug-mit-kindern-stressfrei/page.tsx","62","FOCUS_STYLE_REVIEW","warning"," <p>Wir wissen aus Erfahrung: Wenn Kinder zufrieden sind, läuft der ganze Umzug besser. Unsere <Link href={""/umzug""} className=""text-primary underline hover:text-primary/80"">Familienumzüge</Link> sind darauf ausgelegt, d"
"app/blog/umzug-mit-kindern-stressfrei/page.tsx","67","FOCUS_STYLE_REVIEW","warning"," <Link href={""/umzug""} className=""inline-flex items-center gap-2 px-8 py-4 bg-primary text-primary-foreground font-bold rounded-full hover:bg-primary/90 transition-all shadow-lg"">"
"app/blog/umzug-mit-kindern-stressfrei/page.tsx","67","REDUCED_MOTION_REVIEW","warning"," <Link href={""/umzug""} className=""inline-flex items-center gap-2 px-8 py-4 bg-primary text-primary-foreground font-bold rounded-full hover:bg-primary/90 transition-all shadow-lg"">"
"app/blog/umzug-mit-kindern-stressfrei/page.tsx","74","TOUCH_TARGET_REVIEW","warning"," <Link href={""/blog/umzug-kosten-regensburg""} className=""px-4 py-2 rounded-full border border-border/50 text-sm text-muted-foreground hover:text-primary transition-all"">Umzugskosten Regensburg</Link>"
"app/blog/umzug-mit-kindern-stressfrei/page.tsx","74","FOCUS_STYLE_REVIEW","warning"," <Link href={""/blog/umzug-kosten-regensburg""} className=""px-4 py-2 rounded-full border border-border/50 text-sm text-muted-foreground hover:text-primary transition-all"">Umzugskosten Regensburg</Link>"
"app/blog/umzug-mit-kindern-stressfrei/page.tsx","74","REDUCED_MOTION_REVIEW","warning"," <Link href={""/blog/umzug-kosten-regensburg""} className=""px-4 py-2 rounded-full border border-border/50 text-sm text-muted-foreground hover:text-primary transition-all"">Umzugskosten Regensburg</Link>"
"app/blog/umzug-mit-kindern-stressfrei/page.tsx","75","TOUCH_TARGET_REVIEW","warning"," <Link href={""/blog/umzug-checkliste""} className=""px-4 py-2 rounded-full border border-border/50 text-sm text-muted-foreground hover:text-primary transition-all"">Umzug Checkliste</Link>"
"app/blog/umzug-mit-kindern-stressfrei/page.tsx","75","FOCUS_STYLE_REVIEW","warning"," <Link href={""/blog/umzug-checkliste""} className=""px-4 py-2 rounded-full border border-border/50 text-sm text-muted-foreground hover:text-primary transition-all"">Umzug Checkliste</Link>"
"app/blog/umzug-mit-kindern-stressfrei/page.tsx","75","REDUCED_MOTION_REVIEW","warning"," <Link href={""/blog/umzug-checkliste""} className=""px-4 py-2 rounded-full border border-border/50 text-sm text-muted-foreground hover:text-primary transition-all"">Umzug Checkliste</Link>"
"app/blog/umzug-mit-kindern-stressfrei/page.tsx","76","TOUCH_TARGET_REVIEW","warning"," <Link href={""/blog/umzug-tipps-bayern""} className=""px-4 py-2 rounded-full border border-border/50 text-sm text-muted-foreground hover:text-primary transition-all"">Umzug Tipps Bayern</Link>"
"app/blog/umzug-mit-kindern-stressfrei/page.tsx","76","FOCUS_STYLE_REVIEW","warning"," <Link href={""/blog/umzug-tipps-bayern""} className=""px-4 py-2 rounded-full border border-border/50 text-sm text-muted-foreground hover:text-primary transition-all"">Umzug Tipps Bayern</Link>"
"app/blog/umzug-mit-kindern-stressfrei/page.tsx","76","REDUCED_MOTION_REVIEW","warning"," <Link href={""/blog/umzug-tipps-bayern""} className=""px-4 py-2 rounded-full border border-border/50 text-sm text-muted-foreground hover:text-primary transition-all"">Umzug Tipps Bayern</Link>"
"app/blog/umzug-mit-kindern-stressfrei/page.tsx","77","TOUCH_TARGET_REVIEW","warning"," <Link href={""/ratgeber""} className=""px-4 py-2 rounded-full border border-border/50 text-sm text-muted-foreground hover:text-primary transition-all"">Alle Ratgeber</Link>"
"app/blog/umzug-mit-kindern-stressfrei/page.tsx","77","FOCUS_STYLE_REVIEW","warning"," <Link href={""/ratgeber""} className=""px-4 py-2 rounded-full border border-border/50 text-sm text-muted-foreground hover:text-primary transition-all"">Alle Ratgeber</Link>"
"app/blog/umzug-mit-kindern-stressfrei/page.tsx","77","REDUCED_MOTION_REVIEW","warning"," <Link href={""/ratgeber""} className=""px-4 py-2 rounded-full border border-border/50 text-sm text-muted-foreground hover:text-primary transition-all"">Alle Ratgeber</Link>"
"app/blog/umzug-checkliste/page.tsx","90","FOCUS_STYLE_REVIEW","warning"," <a href=""/rechner"" className=""inline-block bg-blue-600 text-white font-bold py-3 px-8 rounded-full hover:bg-blue-700 transition-colors no-underline"">"
"app/blog/umzug-checkliste/page.tsx","90","REDUCED_MOTION_REVIEW","warning"," <a href=""/rechner"" className=""inline-block bg-blue-600 text-white font-bold py-3 px-8 rounded-full hover:bg-blue-700 transition-colors no-underline"">"
"app/blog/fernumzug-bayern-nrw-tipps/page.tsx","67","FOCUS_STYLE_REVIEW","warning"," <Link href={""/umzug""} className=""inline-flex items-center gap-2 px-8 py-4 bg-primary text-primary-foreground font-bold rounded-full hover:bg-primary/90 transition-all shadow-lg"">"
"app/blog/fernumzug-bayern-nrw-tipps/page.tsx","67","REDUCED_MOTION_REVIEW","warning"," <Link href={""/umzug""} className=""inline-flex items-center gap-2 px-8 py-4 bg-primary text-primary-foreground font-bold rounded-full hover:bg-primary/90 transition-all shadow-lg"">"
"app/blog/fernumzug-bayern-nrw-tipps/page.tsx","74","TOUCH_TARGET_REVIEW","warning"," <Link href={""/blog/umzug-kosten-regensburg""} className=""px-4 py-2 rounded-full border border-border/50 text-sm text-muted-foreground hover:text-primary transition-all"">Umzugskosten Regensburg</Link>"
"app/blog/fernumzug-bayern-nrw-tipps/page.tsx","74","FOCUS_STYLE_REVIEW","warning"," <Link href={""/blog/umzug-kosten-regensburg""} className=""px-4 py-2 rounded-full border border-border/50 text-sm text-muted-foreground hover:text-primary transition-all"">Umzugskosten Regensburg</Link>"
"app/blog/fernumzug-bayern-nrw-tipps/page.tsx","74","REDUCED_MOTION_REVIEW","warning"," <Link href={""/blog/umzug-kosten-regensburg""} className=""px-4 py-2 rounded-full border border-border/50 text-sm text-muted-foreground hover:text-primary transition-all"">Umzugskosten Regensburg</Link>"
"app/blog/fernumzug-bayern-nrw-tipps/page.tsx","75","TOUCH_TARGET_REVIEW","warning"," <Link href={""/blog/umzug-checkliste""} className=""px-4 py-2 rounded-full border border-border/50 text-sm text-muted-foreground hover:text-primary transition-all"">Umzug Checkliste</Link>"
"app/blog/fernumzug-bayern-nrw-tipps/page.tsx","75","FOCUS_STYLE_REVIEW","warning"," <Link href={""/blog/umzug-checkliste""} className=""px-4 py-2 rounded-full border border-border/50 text-sm text-muted-foreground hover:text-primary transition-all"">Umzug Checkliste</Link>"
"app/blog/fernumzug-bayern-nrw-tipps/page.tsx","75","REDUCED_MOTION_REVIEW","warning"," <Link href={""/blog/umzug-checkliste""} className=""px-4 py-2 rounded-full border border-border/50 text-sm text-muted-foreground hover:text-primary transition-all"">Umzug Checkliste</Link>"
"app/blog/fernumzug-bayern-nrw-tipps/page.tsx","76","TOUCH_TARGET_REVIEW","warning"," <Link href={""/blog/umzug-tipps-bayern""} className=""px-4 py-2 rounded-full border border-border/50 text-sm text-muted-foreground hover:text-primary transition-all"">Umzug Tipps Bayern</Link>"
"app/blog/fernumzug-bayern-nrw-tipps/page.tsx","76","FOCUS_STYLE_REVIEW","warning"," <Link href={""/blog/umzug-tipps-bayern""} className=""px-4 py-2 rounded-full border border-border/50 text-sm text-muted-foreground hover:text-primary transition-all"">Umzug Tipps Bayern</Link>"
"app/blog/fernumzug-bayern-nrw-tipps/page.tsx","76","REDUCED_MOTION_REVIEW","warning"," <Link href={""/blog/umzug-tipps-bayern""} className=""px-4 py-2 rounded-full border border-border/50 text-sm text-muted-foreground hover:text-primary transition-all"">Umzug Tipps Bayern</Link>"
"app/blog/fernumzug-bayern-nrw-tipps/page.tsx","77","TOUCH_TARGET_REVIEW","warning"," <Link href={""/ratgeber""} className=""px-4 py-2 rounded-full border border-border/50 text-sm text-muted-foreground hover:text-primary transition-all"">Alle Ratgeber</Link>"
"app/blog/fernumzug-bayern-nrw-tipps/page.tsx","77","FOCUS_STYLE_REVIEW","warning"," <Link href={""/ratgeber""} className=""px-4 py-2 rounded-full border border-border/50 text-sm text-muted-foreground hover:text-primary transition-all"">Alle Ratgeber</Link>"
"app/blog/fernumzug-bayern-nrw-tipps/page.tsx","77","REDUCED_MOTION_REVIEW","warning"," <Link href={""/ratgeber""} className=""px-4 py-2 rounded-full border border-border/50 text-sm text-muted-foreground hover:text-primary transition-all"">Alle Ratgeber</Link>"
"app/blog/entruempelung-bayern-leitfaden/page.tsx","55","FOCUS_STYLE_REVIEW","warning"," <Link href=""/rechner"" className=""btn-premium inline-flex py-4 px-10 rounded-2xl bg-blue-600 font-bold uppercase tracking-widest"">"
"app/baureinigung-regensburg/page.tsx","301","TOUCH_TARGET_REVIEW","warning"," <a key={href} href={href} className=""flox-chip hover:border-blue-200 hover:bg-blue-50"">"
"app/baureinigung-regensburg/page.tsx","301","FOCUS_STYLE_REVIEW","warning"," <a key={href} href={href} className=""flox-chip hover:border-blue-200 hover:bg-blue-50"">"
"app/baureinigung-regensburg/page.tsx","308","TOUCH_TARGET_REVIEW","warning"," <a href=""#kontakt"" className=""flox-button-primary px-6"">"
"app/baureinigung-regensburg/page.tsx","308","FOCUS_STYLE_REVIEW","warning"," <a href=""#kontakt"" className=""flox-button-primary px-6"">"
"app/baureinigung-regensburg/page.tsx","312","TOUCH_TARGET_REVIEW","warning"," <a href={whatsappUrl} target=""_blank"" rel=""noopener noreferrer"" className=""flox-button-secondary px-6"">"
"app/baureinigung-regensburg/page.tsx","312","FOCUS_STYLE_REVIEW","warning"," <a href={whatsappUrl} target=""_blank"" rel=""noopener noreferrer"" className=""flox-button-secondary px-6"">"
"app/baureinigung-regensburg/page.tsx","564","TOUCH_TARGET_REVIEW","warning"," <Link key={item.href} href={item.href} className=""flox-chip hover:border-blue-200 hover:bg-white"">"
"app/baureinigung-regensburg/page.tsx","564","FOCUS_STYLE_REVIEW","warning"," <Link key={item.href} href={item.href} className=""flox-chip hover:border-blue-200 hover:bg-white"">"
"app/angebotscheck/page.tsx","275","FOCUS_STYLE_REVIEW","warning"," <Link href=""#red-flag-scanner"" className=""inline-flex min-h-12 items-center justify-center gap-2 rounded-xl bg-slate-950 px-6 text-sm font-black text-white transition hover:bg-blue-700"" data-event=""service_card_click"">"
"app/angebotscheck/page.tsx","275","REDUCED_MOTION_REVIEW","warning"," <Link href=""#red-flag-scanner"" className=""inline-flex min-h-12 items-center justify-center gap-2 rounded-xl bg-slate-950 px-6 text-sm font-black text-white transition hover:bg-blue-700"" data-event=""service_card_click"">"
"app/angebotscheck/page.tsx","279","FOCUS_STYLE_REVIEW","warning"," <Link href=""/angebot-guenstiger-pruefen"" className=""inline-flex min-h-12 items-center justify-center gap-2 rounded-xl border border-blue-200 bg-white px-6 text-sm font-black text-blue-800 transition hover:border-blue-30"
"app/angebotscheck/page.tsx","279","REDUCED_MOTION_REVIEW","warning"," <Link href=""/angebot-guenstiger-pruefen"" className=""inline-flex min-h-12 items-center justify-center gap-2 rounded-xl border border-blue-200 bg-white px-6 text-sm font-black text-blue-800 transition hover:border-blue-30"
"app/angebotscheck/page.tsx","283","FOCUS_STYLE_REVIEW","warning"," <a href={whatsappHref} className=""inline-flex min-h-12 items-center justify-center gap-2 rounded-xl border border-emerald-200 bg-emerald-50 px-6 text-sm font-black text-emerald-800 transition hover:bg-emerald-100"" data-"
"app/angebotscheck/page.tsx","283","REDUCED_MOTION_REVIEW","warning"," <a href={whatsappHref} className=""inline-flex min-h-12 items-center justify-center gap-2 rounded-xl border border-emerald-200 bg-emerald-50 px-6 text-sm font-black text-emerald-800 transition hover:bg-emerald-100"" data-"
"app/angebotscheck/page.tsx","367","REDUCED_MOTION_REVIEW","warning"," className=""inline-flex min-h-11 items-center justify-center gap-2 rounded-xl bg-slate-950 px-4 text-sm font-black text-white transition hover:bg-blue-700"""
"app/angebotscheck/page.tsx","376","FOCUS_STYLE_REVIEW","warning"," <Link href={item.route} className=""inline-flex min-h-11 items-center justify-center gap-2 rounded-xl border border-slate-200 bg-white px-4 text-sm font-black text-slate-800 transition hover:border-blue-200 hover:text-bl"
"app/angebotscheck/page.tsx","376","REDUCED_MOTION_REVIEW","warning"," <Link href={item.route} className=""inline-flex min-h-11 items-center justify-center gap-2 rounded-xl border border-slate-200 bg-white px-4 text-sm font-black text-slate-800 transition hover:border-blue-200 hover:text-bl"
"app/angebotscheck/page.tsx","426","TOUCH_TARGET_REVIEW","warning"," <Link href=""/rueckfahrt-boerse"" className=""inline-flex items-center gap-2 font-black text-blue-700 transition hover:text-blue-950"" data-event=""region_select"" data-source=""offer_check_internal_link"">"
"app/angebotscheck/page.tsx","426","FOCUS_STYLE_REVIEW","warning"," <Link href=""/rueckfahrt-boerse"" className=""inline-flex items-center gap-2 font-black text-blue-700 transition hover:text-blue-950"" data-event=""region_select"" data-source=""offer_check_internal_link"">"
"app/angebotscheck/page.tsx","426","REDUCED_MOTION_REVIEW","warning"," <Link href=""/rueckfahrt-boerse"" className=""inline-flex items-center gap-2 font-black text-blue-700 transition hover:text-blue-950"" data-event=""region_select"" data-source=""offer_check_internal_link"">"
"app/angebotscheck/page.tsx","432","TOUCH_TARGET_REVIEW","warning"," <Link href=""/uebergabeakte"" className=""inline-flex items-center gap-2 font-black text-blue-700 transition hover:text-blue-950"" data-event=""service_card_click"" data-source=""offer_check_internal_link"">"
"app/angebotscheck/page.tsx","432","FOCUS_STYLE_REVIEW","warning"," <Link href=""/uebergabeakte"" className=""inline-flex items-center gap-2 font-black text-blue-700 transition hover:text-blue-950"" data-event=""service_card_click"" data-source=""offer_check_internal_link"">"
"app/angebotscheck/page.tsx","432","REDUCED_MOTION_REVIEW","warning"," <Link href=""/uebergabeakte"" className=""inline-flex items-center gap-2 font-black text-blue-700 transition hover:text-blue-950"" data-event=""service_card_click"" data-source=""offer_check_internal_link"">"
"app/angebotscheck/page.tsx","438","TOUCH_TARGET_REVIEW","warning"," <Link href=""/schadensbegrenzung"" className=""inline-flex items-center gap-2 font-black text-red-700 transition hover:text-red-950"" data-event=""service_card_click"" data-source=""offer_check_internal_link"">"
"app/angebotscheck/page.tsx","438","FOCUS_STYLE_REVIEW","warning"," <Link href=""/schadensbegrenzung"" className=""inline-flex items-center gap-2 font-black text-red-700 transition hover:text-red-950"" data-event=""service_card_click"" data-source=""offer_check_internal_link"">"
"app/angebotscheck/page.tsx","438","REDUCED_MOTION_REVIEW","warning"," <Link href=""/schadensbegrenzung"" className=""inline-flex items-center gap-2 font-black text-red-700 transition hover:text-red-950"" data-event=""service_card_click"" data-source=""offer_check_internal_link"">"
"app/angebotscheck/page.tsx","444","TOUCH_TARGET_REVIEW","warning"," <Link href=""/plattform-auftrag-pruefen"" className=""inline-flex items-center gap-2 font-black text-blue-700 transition hover:text-blue-950"" data-event=""service_card_click"" data-source=""offer_check_internal_link"">"
"app/angebotscheck/page.tsx","444","FOCUS_STYLE_REVIEW","warning"," <Link href=""/plattform-auftrag-pruefen"" className=""inline-flex items-center gap-2 font-black text-blue-700 transition hover:text-blue-950"" data-event=""service_card_click"" data-source=""offer_check_internal_link"">"
"app/angebotscheck/page.tsx","444","REDUCED_MOTION_REVIEW","warning"," <Link href=""/plattform-auftrag-pruefen"" className=""inline-flex items-center gap-2 font-black text-blue-700 transition hover:text-blue-950"" data-event=""service_card_click"" data-source=""offer_check_internal_link"">"
"app/angebotscheck/page.tsx","450","TOUCH_TARGET_REVIEW","warning"," <Link href=""/angebot-guenstiger-pruefen"" className=""inline-flex items-center gap-2 font-black text-blue-700 transition hover:text-blue-950"" data-event=""service_card_click"" data-source=""offer_check_internal_link"">"
"app/angebotscheck/page.tsx","450","FOCUS_STYLE_REVIEW","warning"," <Link href=""/angebot-guenstiger-pruefen"" className=""inline-flex items-center gap-2 font-black text-blue-700 transition hover:text-blue-950"" data-event=""service_card_click"" data-source=""offer_check_internal_link"">"
"app/angebotscheck/page.tsx","450","REDUCED_MOTION_REVIEW","warning"," <Link href=""/angebot-guenstiger-pruefen"" className=""inline-flex items-center gap-2 font-black text-blue-700 transition hover:text-blue-950"" data-event=""service_card_click"" data-source=""offer_check_internal_link"">"
"app/angebotscheck/page.tsx","456","TOUCH_TARGET_REVIEW","warning"," <Link href=""/plan-b-service"" className=""inline-flex items-center gap-2 font-black text-amber-700 transition hover:text-amber-950"" data-event=""service_card_click"" data-source=""offer_check_internal_link"">"
"app/angebotscheck/page.tsx","456","FOCUS_STYLE_REVIEW","warning"," <Link href=""/plan-b-service"" className=""inline-flex items-center gap-2 font-black text-amber-700 transition hover:text-amber-950"" data-event=""service_card_click"" data-source=""offer_check_internal_link"">"
"app/angebotscheck/page.tsx","456","REDUCED_MOTION_REVIEW","warning"," <Link href=""/plan-b-service"" className=""inline-flex items-center gap-2 font-black text-amber-700 transition hover:text-amber-950"" data-event=""service_card_click"" data-source=""offer_check_internal_link"">"
"app/angebotscheck/page.tsx","574","FOCUS_STYLE_REVIEW","warning"," <Link href=""#angebotscheck-form"" className=""inline-flex min-h-12 items-center justify-center gap-2 rounded-xl bg-slate-950 px-6 text-sm font-black text-white transition hover:bg-blue-700"" data-event=""hero_cta_click"">"
"app/angebotscheck/page.tsx","574","REDUCED_MOTION_REVIEW","warning"," <Link href=""#angebotscheck-form"" className=""inline-flex min-h-12 items-center justify-center gap-2 rounded-xl bg-slate-950 px-6 text-sm font-black text-white transition hover:bg-blue-700"" data-event=""hero_cta_click"">"
"app/angebotscheck/page.tsx","578","FOCUS_STYLE_REVIEW","warning"," <a href={`tel:${company.phoneRaw}`} className=""inline-flex min-h-12 items-center justify-center rounded-xl border border-slate-200 bg-white px-6 text-sm font-black text-slate-800 transition hover:border-blue-200 hover:t"
"app/angebotscheck/page.tsx","578","REDUCED_MOTION_REVIEW","warning"," <a href={`tel:${company.phoneRaw}`} className=""inline-flex min-h-12 items-center justify-center rounded-xl border border-slate-200 bg-white px-6 text-sm font-black text-slate-800 transition hover:border-blue-200 hover:t"
"app/angebote/[slug]/page.tsx","76","REDUCED_MOTION_REVIEW","warning"," <div className=""absolute -inset-1 bg-gradient-to-r from-blue-500/20 to-violet-500/20 rounded-[2.5rem] blur-xl opacity-0 group-hover:opacity-100 transition duration-1000 group-hover:duration-200"" />"
"app/angebote/[slug]/page.tsx","108","REDUCED_MOTION_REVIEW","warning"," <h3 className=""text-2xl font-light mb-4 text-white hover:text-blue-400 transition-colors"">Stark vernetzt in Ihrer Region</h3>"
"app/angebote/[slug]/page.tsx","134","REDUCED_MOTION_REVIEW","warning"," className=""px-5 py-2.5 rounded-full border border-white/10 text-white/60 hover:text-white hover:bg-white/10 hover:border-white/30 transition-all text-sm"""
"app/angebot-vergleichen-duesseldorf/page.tsx","311","REDUCED_MOTION_REVIEW","warning"," className=""inline-flex min-h-12 w-full items-center justify-center gap-2 rounded-lg bg-white px-6 text-sm font-black text-slate-950 shadow-lg shadow-slate-950/25 transition hover:bg-cyan-50 sm:w-auto"""
"app/angebot-vergleichen-duesseldorf/page.tsx","320","REDUCED_MOTION_REVIEW","warning"," className=""inline-flex min-h-12 w-full items-center justify-center gap-2 rounded-lg bg-emerald-400 px-6 text-sm font-black text-slate-950 transition hover:bg-emerald-300 sm:w-auto"""
"app/angebot-vergleichen-duesseldorf/page.tsx","534","REDUCED_MOTION_REVIEW","warning"," className=""inline-flex min-h-12 items-center justify-center gap-2 rounded-lg bg-slate-950 px-6 text-sm font-black text-white transition hover:bg-blue-800"""
"app/angebot-vergleichen-duesseldorf/page.tsx","543","REDUCED_MOTION_REVIEW","warning"," className=""inline-flex min-h-12 items-center justify-center gap-2 rounded-lg border border-emerald-200 bg-emerald-50 px-6 text-sm font-black text-emerald-800 transition hover:bg-emerald-100"""
"app/angebot-vergleichen-duesseldorf/page.tsx","551","TOUCH_TARGET_REVIEW","warning"," <a href={`tel:${duesseldorfCompany.phoneRaw}`} data-event=""phone_click"" className=""inline-flex items-center gap-2 hover:text-blue-700"">"
"app/angebot-vergleichen-duesseldorf/page.tsx","551","FOCUS_STYLE_REVIEW","warning"," <a href={`tel:${duesseldorfCompany.phoneRaw}`} data-event=""phone_click"" className=""inline-flex items-center gap-2 hover:text-blue-700"">"
"app/angebot-vergleichen-duesseldorf/page.tsx","555","TOUCH_TARGET_REVIEW","warning"," <Link href=""/duesseldorf/putzfirma"" className=""inline-flex items-center gap-2 hover:text-blue-700"">"
"app/angebot-vergleichen-duesseldorf/page.tsx","555","FOCUS_STYLE_REVIEW","warning"," <Link href=""/duesseldorf/putzfirma"" className=""inline-flex items-center gap-2 hover:text-blue-700"">"
"app/angebot-vergleichen-duesseldorf/page.tsx","559","TOUCH_TARGET_REVIEW","warning"," <Link href=""/duesseldorf/wohnungsreinigung"" className=""inline-flex items-center gap-2 hover:text-blue-700"">"
"app/angebot-vergleichen-duesseldorf/page.tsx","559","FOCUS_STYLE_REVIEW","warning"," <Link href=""/duesseldorf/wohnungsreinigung"" className=""inline-flex items-center gap-2 hover:text-blue-700"">"
"app/angebot-vergleichen-duesseldorf/page.tsx","563","TOUCH_TARGET_REVIEW","warning"," <Link href=""/duesseldorf/gewerbereinigung"" className=""inline-flex items-center gap-2 hover:text-blue-700"">"
"app/angebot-vergleichen-duesseldorf/page.tsx","563","FOCUS_STYLE_REVIEW","warning"," <Link href=""/duesseldorf/gewerbereinigung"" className=""inline-flex items-center gap-2 hover:text-blue-700"">"
"app/angebot-vergleichen-duesseldorf/page.tsx","567","TOUCH_TARGET_REVIEW","warning"," <Link href=""/duesseldorf/bueroreinigung"" className=""inline-flex items-center gap-2 hover:text-blue-700"">"
"app/angebot-vergleichen-duesseldorf/page.tsx","567","FOCUS_STYLE_REVIEW","warning"," <Link href=""/duesseldorf/bueroreinigung"" className=""inline-flex items-center gap-2 hover:text-blue-700"">"
"app/angebot-vergleichen-duesseldorf/page.tsx","571","TOUCH_TARGET_REVIEW","warning"," <Link href=""/duesseldorf/praxisreinigung"" className=""inline-flex items-center gap-2 hover:text-blue-700"">"
"app/angebot-vergleichen-duesseldorf/page.tsx","571","FOCUS_STYLE_REVIEW","warning"," <Link href=""/duesseldorf/praxisreinigung"" className=""inline-flex items-center gap-2 hover:text-blue-700"">"
"app/angebot-guenstiger-pruefen/page.tsx","757","REDUCED_MOTION_REVIEW","warning"," className=""inline-flex min-h-12 items-center justify-center gap-2 rounded-xl bg-slate-950 px-6 text-sm font-black text-white shadow-[0_18px_36px_rgba(15,23,42,0.2)] transition hover:-translate-y-0.5 hover:bg-blue-700"""
"app/angebot-guenstiger-pruefen/page.tsx","765","REDUCED_MOTION_REVIEW","warning"," className=""inline-flex min-h-12 items-center justify-center gap-2 rounded-xl border border-blue-200 bg-white px-6 text-sm font-black text-blue-800 transition hover:-translate-y-0.5 hover:border-blue-300 hover:bg-blue-50"
"app/angebot-guenstiger-pruefen/page.tsx","776","REDUCED_MOTION_REVIEW","warning"," className=""inline-flex min-h-12 items-center justify-center gap-2 rounded-xl border border-emerald-200 bg-emerald-50 px-6 text-sm font-black text-emerald-800 transition hover:-translate-y-0.5 hover:bg-emerald-100"""
"app/angebot-guenstiger-pruefen/page.tsx","847","REDUCED_MOTION_REVIEW","warning"," className=""inline-flex min-h-12 items-center justify-center gap-2 rounded-lg bg-blue-700 px-5 text-sm font-black text-white transition hover:bg-slate-950"""
"app/angebot-guenstiger-pruefen/page.tsx","854","REDUCED_MOTION_REVIEW","warning"," className=""inline-flex min-h-12 items-center justify-center gap-2 rounded-lg border border-slate-200 bg-slate-50 px-5 text-sm font-black text-slate-900 transition hover:border-blue-200 hover:bg-blue-50"""
"app/angebot-guenstiger-pruefen/page.tsx","900","REDUCED_MOTION_REVIEW","warning"," className=""mt-4 inline-flex items-center gap-2 text-sm font-black text-blue-700 transition hover:text-slate-950"""
"app/angebot-guenstiger-pruefen/page.tsx","981","REDUCED_MOTION_REVIEW","warning"," className=""mt-4 inline-flex min-h-11 items-center justify-center gap-2 rounded-lg bg-white px-4 text-sm font-black text-slate-950 transition hover:bg-blue-50"""
"app/angebot-guenstiger-pruefen/page.tsx","1188","REDUCED_MOTION_REVIEW","warning"," className=""group rounded-[1.35rem] border border-slate-200 bg-slate-50 p-4 transition hover:-translate-y-0.5 hover:border-blue-200 hover:bg-blue-50"""
"app/angebot-guenstiger-pruefen/page.tsx","1194","REDUCED_MOTION_REVIEW","warning"," <ArrowRight className=""h-3.5 w-3.5 transition group-hover:translate-x-0.5"" />"
"app/angebot-guenstiger-pruefen/page.tsx","1260","REDUCED_MOTION_REVIEW","warning"," className=""group rounded-[1.15rem] border border-slate-200 bg-slate-50 px-4 py-3 text-sm font-black text-slate-800 transition hover:-translate-y-0.5 hover:border-blue-200 hover:bg-blue-50 hover:text-blue-800"""
"app/angebot-guenstiger-pruefen/page.tsx","1265","REDUCED_MOTION_REVIEW","warning"," <ArrowRight className=""h-3.5 w-3.5 shrink-0 text-blue-700 transition group-hover:translate-x-0.5"" />"
"app/angebot-guenstiger-pruefen/page.tsx","1301","REDUCED_MOTION_REVIEW","warning"," className=""group rounded-[1.35rem] border border-white/10 bg-white/[0.08] p-4 transition hover:-translate-y-0.5 hover:border-blue-200/50 hover:bg-white/[0.12]"""
"app/angebot-guenstiger-pruefen/page.tsx","1307","REDUCED_MOTION_REVIEW","warning"," <ArrowRight className=""h-3.5 w-3.5 transition group-hover:translate-x-0.5"" />"
"app/angebot-guenstiger-pruefen/page.tsx","1339","REDUCED_MOTION_REVIEW","warning"," className=""group rounded-[1.45rem] border border-slate-200 bg-white p-5 shadow-sm shadow-slate-950/5 transition hover:-translate-y-0.5 hover:border-blue-200 hover:bg-blue-50"""
"app/angebot-guenstiger-pruefen/page.tsx","1348","REDUCED_MOTION_REVIEW","warning"," <ArrowRight className=""h-3.5 w-3.5 transition group-hover:translate-x-0.5"" />"
"app/angebot-guenstiger-pruefen/page.tsx","1382","REDUCED_MOTION_REVIEW","warning"," className=""group rounded-[1.35rem] border border-slate-200 bg-slate-50 p-4 transition hover:-translate-y-0.5 hover:border-emerald-200 hover:bg-emerald-50"""
"app/angebot-guenstiger-pruefen/page.tsx","1391","REDUCED_MOTION_REVIEW","warning"," <ArrowRight className=""h-3.5 w-3.5 transition group-hover:translate-x-0.5"" />"
"app/angebot-guenstiger-pruefen/page.tsx","1428","REDUCED_MOTION_REVIEW","warning"," className=""rounded-[1.1rem] border border-blue-100 bg-blue-50 px-4 py-3 text-sm font-black text-blue-800 transition hover:bg-blue-100"""
"app/angebot-guenstiger-pruefen/page.tsx","1434","REDUCED_MOTION_REVIEW","warning"," className=""rounded-[1.1rem] border border-amber-100 bg-amber-50 px-4 py-3 text-sm font-black text-amber-900 transition hover:bg-amber-100"""
"app/anbieter-vergleichen/page.tsx","208","FOCUS_STYLE_REVIEW","warning"," <Link href=""/rechner"" className=""rounded-[1.4rem] bg-blue-500 px-5 py-4 text-sm font-black uppercase tracking-[0.14em] text-foreground transition hover:bg-blue-400"">"
"app/anbieter-vergleichen/page.tsx","208","REDUCED_MOTION_REVIEW","warning"," <Link href=""/rechner"" className=""rounded-[1.4rem] bg-blue-500 px-5 py-4 text-sm font-black uppercase tracking-[0.14em] text-foreground transition hover:bg-blue-400"">"
"app/anbieter-vergleichen/page.tsx","211","FOCUS_STYLE_REVIEW","warning"," <Link href=""/leerfahrt-rueckfahrt"" className=""rounded-[1.4rem] border border-emerald-300/20 bg-emerald-400/10 px-5 py-4 text-sm font-black uppercase tracking-[0.14em] text-emerald-500 transition hover:bg-emerald-400/15"""
"app/anbieter-vergleichen/page.tsx","211","REDUCED_MOTION_REVIEW","warning"," <Link href=""/leerfahrt-rueckfahrt"" className=""rounded-[1.4rem] border border-emerald-300/20 bg-emerald-400/10 px-5 py-4 text-sm font-black uppercase tracking-[0.14em] text-emerald-500 transition hover:bg-emerald-400/15"""
"app/anbieter-vergleichen/page.tsx","214","FOCUS_STYLE_REVIEW","warning"," <Link href=""/kontakt"" className=""rounded-[1.4rem] border border-foreground/10 bg-white/[0.04] px-5 py-4 text-sm font-black uppercase tracking-[0.14em] text-foreground/72 transition hover:bg-white/[0.07] hover:text-foreg"
"app/anbieter-vergleichen/page.tsx","214","REDUCED_MOTION_REVIEW","warning"," <Link href=""/kontakt"" className=""rounded-[1.4rem] border border-foreground/10 bg-white/[0.04] px-5 py-4 text-sm font-black uppercase tracking-[0.14em] text-foreground/72 transition hover:bg-white/[0.07] hover:text-foreg"
"app/alternativen/page.tsx","34","REDUCED_MOTION_REVIEW","warning"," className=""group p-8 rounded-3xl bg-white/5 border border-white/10 hover:border-orange-500/30 transition-all"""
"app/alternativen/page.tsx","36","REDUCED_MOTION_REVIEW","warning"," <h3 className=""text-xl font-medium mb-2 group-hover:text-orange-400 transition-colors"">{item.title}</h3>"
"app/alternativen/page.tsx","39","REDUCED_MOTION_REVIEW","warning"," Zum Vergleich <ArrowRight size={16} className=""group-hover:translate-x-1 transition-transform"" />"
"app/alternativen/[slug]/page.tsx","68","REDUCED_MOTION_REVIEW","warning"," <div key={i} className=""grid grid-cols-3 p-4 text-center items-center hover:bg-white/5 transition-colors"">"
"app/alternativen/[slug]/page.tsx","92","REDUCED_MOTION_REVIEW","warning"," <div className=""absolute -inset-1 bg-gradient-to-r from-red-500/10 to-orange-500/10 rounded-[2.5rem] blur-xl opacity-0 group-calc-hover:opacity-100 transition duration-1000"" />"
"app/24h-umzugsservice/page.tsx","113","FOCUS_STYLE_REVIEW","warning"," <Link href=""/buchung?service=umzug&utm_source=24h_umzugsservice&urgency=24h&contact=callback#buchungssystem"" className=""btn-premium inline-flex h-12 items-center gap-2 rounded-xl bg-gradient-to-b from-blue-500 to-blue-6"
"app/24h-umzugsservice/page.tsx","113","REDUCED_MOTION_REVIEW","warning"," <Link href=""/buchung?service=umzug&utm_source=24h_umzugsservice&urgency=24h&contact=callback#buchungssystem"" className=""btn-premium inline-flex h-12 items-center gap-2 rounded-xl bg-gradient-to-b from-blue-500 to-blue-6"
"app/24h-umzugsservice/page.tsx","116","FOCUS_STYLE_REVIEW","warning"," <a href={whatsappUrl} target=""_blank"" rel=""noopener noreferrer"" className=""inline-flex h-12 items-center gap-2 rounded-xl border border-slate-200 bg-white px-6 text-sm font-medium text-slate-700 transition-all hover:bg-"
"app/24h-umzugsservice/page.tsx","116","REDUCED_MOTION_REVIEW","warning"," <a href={whatsappUrl} target=""_blank"" rel=""noopener noreferrer"" className=""inline-flex h-12 items-center gap-2 rounded-xl border border-slate-200 bg-white px-6 text-sm font-medium text-slate-700 transition-all hover:bg-"
"app/24h-umzugsservice/page.tsx","145","REDUCED_MOTION_REVIEW","warning"," className=""group flex min-h-[18rem] flex-col rounded-lg border border-slate-200 bg-white p-5 shadow-[0_16px_38px_rgba(15,23,42,0.06)] transition hover:-translate-y-0.5 hover:border-blue-200 hover:shadow-[0_22px_48px_rgb"
"app/24h-umzugsservice/page.tsx","160","REDUCED_MOTION_REVIEW","warning"," <ArrowRight className=""h-4 w-4 transition group-hover:translate-x-0.5"" />"
"app/24h-umzugsservice/page.tsx","209","REDUCED_MOTION_REVIEW","warning"," className=""card-premium group rounded-xl p-5 transition-all"""
"app/24h-umzugsservice/page.tsx","211","REDUCED_MOTION_REVIEW","warning"," <h3 className=""font-semibold text-slate-950 group-hover:text-blue-700 transition-colors flex items-center gap-2"">"
"app/24h-umzugsservice/page.tsx","213","REDUCED_MOTION_REVIEW","warning"," <ChevronRight className=""w-4 h-4 opacity-0 group-hover:opacity-100 transition-opacity"" />"
"components/AuthorBox.tsx","38","REDUCED_MOTION_REVIEW","warning"," <div className=""absolute top-0 right-0 w-32 h-32 bg-blue-500/5 blur-3xl rounded-full transition-all group-hover:bg-blue-500/10"" />"
"components/AuthorBox.tsx","46","REDUCED_MOTION_REVIEW","warning"," className=""object-cover grayscale hover:grayscale-0 transition-all duration-700"""
"components/AuthorityMagnet.tsx","177","TOUCH_TARGET_REVIEW","warning"," <a href={`tel:${company.phoneRaw}`} className=""block text-lg font-bold text-slate-950 hover:text-blue-700"">"
"components/AuthorityMagnet.tsx","177","FOCUS_STYLE_REVIEW","warning"," <a href={`tel:${company.phoneRaw}`} className=""block text-lg font-bold text-slate-950 hover:text-blue-700"">"
"components/AuthorityMagnet.tsx","244","REDUCED_MOTION_REVIEW","warning"," className=""group rounded-[1.25rem] border border-slate-200 bg-white p-5 shadow-sm shadow-slate-950/5 transition-all hover:-translate-y-0.5 hover:border-blue-200 hover:shadow-lg hover:shadow-slate-950/10"""
"components/AuthorityMagnet.tsx","249","REDUCED_MOTION_REVIEW","warning"," <h4 className=""mt-5 flex items-center gap-2 text-lg font-bold tracking-tight text-slate-950 transition-colors group-hover:text-blue-700"">"
"components/B2BRequestPanel.tsx","40","REDUCED_MOTION_REVIEW","warning"," className=""mt-6 inline-flex min-h-12 items-center justify-center gap-2 rounded-lg bg-slate-950 px-5 text-sm font-black text-white transition hover:bg-cyan-900"""
"components/B2BTrustPanel.tsx","27","FOCUS_STYLE_REVIEW","warning"," <Link href=""/kontakt?service=bueroreinigung&source=b2b-trust"" className=""md:col-span-2 inline-flex min-h-12 items-center justify-center gap-2 rounded-lg bg-slate-950 px-5 text-sm font-black text-white"">"
"components/BackhaulOffersBoard.tsx","224","REDUCED_MOTION_REVIEW","warning"," className=""mt-5 inline-flex min-h-11 items-center justify-center rounded-xl bg-emerald-700 px-5 text-sm font-black text-white transition hover:bg-emerald-800"""
"components/BackhaulOffersBoard.tsx","366","REDUCED_MOTION_REVIEW","warning"," className=""rounded-2xl border border-slate-200 bg-white px-4 py-3 text-left text-sm font-bold text-slate-800 transition hover:border-emerald-200 hover:bg-emerald-50"""
"components/BackhaulOffersBoard.tsx","398","REDUCED_MOTION_REVIEW","warning"," className=""group flex h-14 w-full items-center justify-center gap-3 rounded-2xl bg-gradient-to-r from-blue-600 via-blue-500 to-cyan-500 text-sm font-black uppercase tracking-[0.14em] text-white shadow-[0_18px_48px_rgba("
"components/BackhaulOffersBoard.tsx","400","REDUCED_MOTION_REVIEW","warning"," {isSubmitting ? <Loader2 className=""h-4 w-4 animate-spin"" /> : <Send className=""h-4 w-4 transition-transform group-hover:translate-x-1"" />}"
"components/BackhaulOffersBoard.tsx","458","REDUCED_MOTION_REVIEW","warning"," className=""h-12 w-full rounded-2xl border border-slate-200 bg-white px-4 text-sm font-medium text-slate-950 outline-none transition placeholder:text-slate-400 focus:border-blue-300 focus:bg-blue-50/30"""
"components/BackhaulOffersBoard.tsx","488","REDUCED_MOTION_REVIEW","warning"," className=""h-24 w-full resize-none rounded-2xl border border-slate-200 bg-white px-4 py-3 text-sm font-medium text-slate-950 outline-none transition placeholder:text-slate-400 focus:border-blue-300 focus:bg-blue-50/30"""
"components/BookingForm.tsx","38","REDUCED_MOTION_REVIEW","warning"," <input id=""booking-name"" name=""name"" className=""w-full bg-white/5 border border-white/10 rounded-lg h-11 px-4 focus:outline-none focus:ring-2 focus:ring-primary/50 transition-all"" placeholder=""Max Mustermann"" />"
"components/BookingForm.tsx","42","REDUCED_MOTION_REVIEW","warning"," <input id=""booking-email"" name=""email"" type=""email"" className=""w-full bg-white/5 border border-white/10 rounded-lg h-11 px-4 focus:outline-none focus:ring-2 focus:ring-primary/50 transition-all"" placeholder=""max@example"
"components/BookingForm.tsx","65","TOUCH_TARGET_REVIEW","warning"," <button type=""button"" className=""h-24 rounded-xl border border-white/10 bg-white/5 hover:bg-primary/10 hover:border-primary/50 transition-all flex flex-col items-center justify-center gap-2"">"
"components/BookingForm.tsx","65","FOCUS_STYLE_REVIEW","warning"," <button type=""button"" className=""h-24 rounded-xl border border-white/10 bg-white/5 hover:bg-primary/10 hover:border-primary/50 transition-all flex flex-col items-center justify-center gap-2"">"
"components/BookingForm.tsx","65","REDUCED_MOTION_REVIEW","warning"," <button type=""button"" className=""h-24 rounded-xl border border-white/10 bg-white/5 hover:bg-primary/10 hover:border-primary/50 transition-all flex flex-col items-center justify-center gap-2"">"
"components/BookingForm.tsx","68","TOUCH_TARGET_REVIEW","warning"," <button type=""button"" className=""h-24 rounded-xl border border-white/10 bg-white/5 hover:bg-primary/10 hover:border-primary/50 transition-all flex flex-col items-center justify-center gap-2"">"
"components/BookingForm.tsx","68","FOCUS_STYLE_REVIEW","warning"," <button type=""button"" className=""h-24 rounded-xl border border-white/10 bg-white/5 hover:bg-primary/10 hover:border-primary/50 transition-all flex flex-col items-center justify-center gap-2"">"
"components/BookingForm.tsx","68","REDUCED_MOTION_REVIEW","warning"," <button type=""button"" className=""h-24 rounded-xl border border-white/10 bg-white/5 hover:bg-primary/10 hover:border-primary/50 transition-all flex flex-col items-center justify-center gap-2"">"
"components/BookingForm.tsx","77","REDUCED_MOTION_REVIEW","warning"," <div className=""h-32 border-2 border-dashed border-white/20 rounded-xl flex flex-col items-center justify-center text-muted-foreground hover:border-primary/50 hover:bg-primary/5 transition-colors cursor-pointer"">"
"components/BookingForm.tsx","87","REDUCED_MOTION_REVIEW","warning"," <div className=""h-40 border-2 border-dashed border-white/20 rounded-xl flex flex-col items-center justify-center text-muted-foreground hover:border-primary/50 hover:bg-primary/5 transition-colors cursor-pointer"">"
"components/Breadcrumbs.tsx","39","TOUCH_TARGET_REVIEW","warning"," <Link href={item.href} className=""transition-all hover:text-primary hover:tracking-widest"">"
"components/Breadcrumbs.tsx","39","FOCUS_STYLE_REVIEW","warning"," <Link href={item.href} className=""transition-all hover:text-primary hover:tracking-widest"">"
"components/Breadcrumbs.tsx","39","REDUCED_MOTION_REVIEW","warning"," <Link href={item.href} className=""transition-all hover:text-primary hover:tracking-widest"">"
"components/BudgetContactForm.tsx","144","REDUCED_MOTION_REVIEW","warning"," className=""mt-10 rounded-xl border border-slate-200 bg-white px-6 py-3 text-xs font-bold uppercase tracking-widest text-slate-600 transition-all hover:bg-blue-50 hover:text-slate-950 active:scale-95"""
"components/BudgetContactForm.tsx","189","REDUCED_MOTION_REVIEW","warning"," className=""w-full rounded-2xl border border-slate-200 bg-white py-4 pl-12 pr-4 text-slate-950 placeholder:text-slate-400 outline-none transition-all focus:border-blue-300 focus:bg-blue-50/40"""
"components/BudgetContactForm.tsx","206","REDUCED_MOTION_REVIEW","warning"," className=""w-full rounded-2xl border border-slate-200 bg-white py-4 pl-12 pr-4 text-slate-950 placeholder:text-slate-400 outline-none transition-all focus:border-blue-300 focus:bg-blue-50/40"""
"components/BudgetContactForm.tsx","224","REDUCED_MOTION_REVIEW","warning"," className=""w-full rounded-2xl border border-slate-200 bg-white py-4 pl-12 pr-4 text-slate-950 placeholder:text-slate-400 outline-none transition-all focus:border-blue-300 focus:bg-blue-50/40"""
"components/BudgetContactForm.tsx","241","REDUCED_MOTION_REVIEW","warning"," className=""w-full rounded-2xl border border-slate-200 bg-white py-4 pl-12 pr-4 text-slate-950 placeholder:text-slate-400 outline-none transition-all focus:border-blue-300 focus:bg-blue-50/40"""
"components/BudgetContactForm.tsx","254","REDUCED_MOTION_REVIEW","warning"," className=""w-full appearance-none rounded-2xl border border-slate-200 bg-white px-6 py-4 text-slate-950 outline-none transition-all focus:border-blue-300 focus:bg-blue-50/40"""
"components/BudgetContactForm.tsx","278","REDUCED_MOTION_REVIEW","warning"," className=""w-full appearance-none rounded-2xl border border-slate-200 bg-white py-4 pl-12 pr-4 text-slate-950 outline-none transition-all focus:border-blue-300 focus:bg-blue-50/40"""
"components/BudgetContactForm.tsx","298","REDUCED_MOTION_REVIEW","warning"," className=""w-full appearance-none rounded-2xl border border-slate-200 bg-white py-4 pl-12 pr-4 text-slate-950 outline-none transition-all focus:border-blue-300 focus:bg-blue-50/40"""
"components/BudgetContactForm.tsx","321","REDUCED_MOTION_REVIEW","warning"," className=""w-full rounded-2xl border border-slate-200 bg-white py-4 pl-12 pr-4 text-slate-950 placeholder:text-slate-400 outline-none transition-all focus:border-blue-300 focus:bg-blue-50/40"""
"components/BudgetContactForm.tsx","340","REDUCED_MOTION_REVIEW","warning"," className=""w-full rounded-2xl border border-slate-200 bg-white p-6 text-slate-950 placeholder:text-slate-400 outline-none transition-all focus:border-blue-300 focus:bg-blue-50/40"""
"components/BudgetContactForm.tsx","366","REDUCED_MOTION_REVIEW","warning"," ""group relative flex h-16 w-full items-center justify-center gap-3 overflow-hidden rounded-2xl shadow-xl transition-all duration-300"","
"components/BudgetContactForm.tsx","399","REDUCED_MOTION_REVIEW","warning"," className=""text-white/70 transition-transform group-hover:translate-x-1 group-hover:-translate-y-1"""
"components/BusinessDisposalForm.tsx","230","REDUCED_MOTION_REVIEW","warning"," className=""h-24 w-full resize-none rounded-2xl border border-slate-200 bg-white px-4 py-3 text-sm font-medium text-slate-950 outline-none transition focus:border-cyan-300 focus:bg-cyan-50/40"""
"components/BusinessDisposalForm.tsx","245","REDUCED_MOTION_REVIEW","warning"," className=""group flex h-14 w-full items-center justify-center gap-3 rounded-2xl bg-cyan-500 text-sm font-bold uppercase tracking-[0.14em] text-white transition hover:bg-cyan-400 disabled:opacity-60"""
"components/BusinessDisposalForm.tsx","247","REDUCED_MOTION_REVIEW","warning"," {isSubmitting ? <Loader2 className=""h-4 w-4 animate-spin"" /> : <Send className=""h-4 w-4 transition-transform group-hover:translate-x-1"" />}"
"components/BusinessDisposalForm.tsx","288","REDUCED_MOTION_REVIEW","warning"," className=""h-12 w-full rounded-2xl border border-slate-200 bg-white px-4 text-sm font-medium text-slate-950 outline-none transition focus:border-cyan-300 focus:bg-cyan-50/40"""
"components/CellarTrashroomRescueForm.tsx","262","REDUCED_MOTION_REVIEW","warning"," className={`rounded-2xl border p-4 text-left transition hover:-translate-y-0.5 ${"
"components/CellarTrashroomRescueForm.tsx","279","REDUCED_MOTION_REVIEW","warning"," <input name=""name"" className=""min-h-12 rounded-xl border border-slate-200 px-4 text-sm outline-none transition focus:border-amber-500"" placeholder=""Vor- und Nachname"" />"
"components/CellarTrashroomRescueForm.tsx","283","REDUCED_MOTION_REVIEW","warning"," <input name=""companyName"" className=""min-h-12 rounded-xl border border-slate-200 px-4 text-sm outline-none transition focus:border-amber-500"" placeholder=""Hausverwaltung, WEG, Gewerbe..."" />"
"components/CellarTrashroomRescueForm.tsx","290","REDUCED_MOTION_REVIEW","warning"," <input name=""phone"" type=""tel"" className=""min-h-12 rounded-xl border border-slate-200 px-4 text-sm outline-none transition focus:border-amber-500"" placeholder={PHONE_DISPLAY} />"
"components/CellarTrashroomRescueForm.tsx","294","REDUCED_MOTION_REVIEW","warning"," <input name=""email"" type=""email"" className=""min-h-12 rounded-xl border border-slate-200 px-4 text-sm outline-none transition focus:border-amber-500"" placeholder={EMAIL} />"
"components/CellarTrashroomRescueForm.tsx","305","REDUCED_MOTION_REVIEW","warning"," className=""min-h-12 rounded-xl border border-slate-200 px-4 text-sm outline-none transition focus:border-amber-500"""
"components/CellarTrashroomRescueForm.tsx","319","REDUCED_MOTION_REVIEW","warning"," className=""min-h-12 rounded-xl border border-slate-200 px-4 text-sm outline-none transition focus:border-amber-500"""
"components/CellarTrashroomRescueForm.tsx","328","REDUCED_MOTION_REVIEW","warning"," <input name=""objectLocation"" className=""min-h-12 rounded-xl border border-slate-200 px-4 text-sm outline-none transition focus:border-amber-500"" placeholder=""Regensburg, PLZ..."" />"
"components/CellarTrashroomRescueForm.tsx","335","REDUCED_MOTION_REVIEW","warning"," <input name=""deadline"" className=""min-h-12 rounded-xl border border-slate-200 px-4 text-sm outline-none transition focus:border-amber-500"" placeholder=""z. B. diese Woche, vor Übergabe"" />"
"components/CellarTrashroomRescueForm.tsx","339","REDUCED_MOTION_REVIEW","warning"," <select name=""urgency"" value={urgency} onChange={(event) => setUrgency(event.target.value)} className=""min-h-12 rounded-xl border border-slate-200 px-4 text-sm outline-none transition focus:border-amber-500"">"
"components/CellarTrashroomRescueForm.tsx","347","REDUCED_MOTION_REVIEW","warning"," <input name=""budget"" className=""min-h-12 rounded-xl border border-slate-200 px-4 text-sm outline-none transition focus:border-amber-500"" placeholder=""z. B. 500 EUR"" />"
"components/CellarTrashroomRescueForm.tsx","361","REDUCED_MOTION_REVIEW","warning"," className={`rounded-xl border px-3 py-3 text-left text-xs font-black transition ${"
"components/CellarTrashroomRescueForm.tsx","382","REDUCED_MOTION_REVIEW","warning"," className={`rounded-full border px-3 py-2 text-xs font-black transition ${"
"components/CellarTrashroomRescueForm.tsx","401","REDUCED_MOTION_REVIEW","warning"," className=""min-h-12 rounded-xl border border-slate-200 px-4 text-sm outline-none transition focus:border-amber-500"""
"components/CellarTrashroomRescueForm.tsx","415","REDUCED_MOTION_REVIEW","warning"," className=""min-h-12 rounded-xl border border-slate-200 px-4 text-sm outline-none transition focus:border-amber-500"""
"components/CellarTrashroomRescueForm.tsx","427","REDUCED_MOTION_REVIEW","warning"," <input name=""areaSize"" className=""min-h-12 rounded-xl border border-slate-200 px-4 text-sm outline-none transition focus:border-amber-500"" placeholder=""z. B. 15 m2"" />"
"components/CellarTrashroomRescueForm.tsx","431","REDUCED_MOTION_REVIEW","warning"," <input name=""floor"" className=""min-h-12 rounded-xl border border-slate-200 px-4 text-sm outline-none transition focus:border-amber-500"" placeholder=""Keller, EG, 2. OG..."" />"
"components/CellarTrashroomRescueForm.tsx","435","REDUCED_MOTION_REVIEW","warning"," <select name=""elevator"" className=""min-h-12 rounded-xl border border-slate-200 px-4 text-sm outline-none transition focus:border-amber-500"">"
"components/CellarTrashroomRescueForm.tsx","446","REDUCED_MOTION_REVIEW","warning"," <input name=""keyStatus"" className=""min-h-12 rounded-xl border border-slate-200 px-4 text-sm outline-none transition focus:border-amber-500"" placeholder=""Zugang frei, Schlüssel bei Verwaltung..."" />"
"components/CellarTrashroomRescueForm.tsx","450","REDUCED_MOTION_REVIEW","warning"," <input name=""accessNotes"" className=""min-h-12 rounded-xl border border-slate-200 px-4 text-sm outline-none transition focus:border-amber-500"" placeholder=""enger Keller, Hof, Treppenhaus..."" />"
"components/CellarTrashroomRescueForm.tsx","456","REDUCED_MOTION_REVIEW","warning"," <textarea name=""message"" rows={5} className=""rounded-xl border border-slate-200 px-4 py-3 text-sm outline-none transition focus:border-amber-500"" placeholder=""Was steht dort? Wer beauftragt? Ist Freigabe geklaert? Gibt "
"components/CellarTrashroomRescueForm.tsx","498","REDUCED_MOTION_REVIEW","warning"," className=""inline-flex min-h-12 items-center justify-center gap-2 rounded-xl bg-slate-950 px-6 text-sm font-black text-white transition hover:bg-amber-700 disabled:cursor-not-allowed disabled:opacity-60"""
"components/CellarTrashroomRescueForm.tsx","503","FOCUS_STYLE_REVIEW","warning"," <a href={`https://wa.me/4915771105087?text=${whatsappText}`} className=""inline-flex min-h-12 items-center justify-center gap-2 rounded-xl border border-emerald-200 bg-emerald-50 px-4 text-sm font-black text-emerald-800 "
"components/CellarTrashroomRescueForm.tsx","503","REDUCED_MOTION_REVIEW","warning"," <a href={`https://wa.me/4915771105087?text=${whatsappText}`} className=""inline-flex min-h-12 items-center justify-center gap-2 rounded-xl border border-emerald-200 bg-emerald-50 px-4 text-sm font-black text-emerald-800 "
"components/CellarTrashroomRescueForm.tsx","507","FOCUS_STYLE_REVIEW","warning"," <a href={`mailto:${EMAIL}`} className=""inline-flex min-h-12 items-center justify-center gap-2 rounded-xl border border-slate-200 bg-white px-4 text-sm font-black text-slate-700 transition hover:border-amber-200 hover:bg"
"components/CellarTrashroomRescueForm.tsx","507","REDUCED_MOTION_REVIEW","warning"," <a href={`mailto:${EMAIL}`} className=""inline-flex min-h-12 items-center justify-center gap-2 rounded-xl border border-slate-200 bg-white px-4 text-sm font-black text-slate-700 transition hover:border-amber-200 hover:bg"
"components/CheaperAlternativeForm.tsx","281","REDUCED_MOTION_REVIEW","warning"," <select name=""offerCheckGoal"" className=""min-h-12 rounded-xl border border-slate-200 px-4 text-sm font-medium outline-none transition focus:border-blue-500"">"
"components/CheaperAlternativeForm.tsx","291","REDUCED_MOTION_REVIEW","warning"," <select name=""offerStatus"" className=""min-h-12 rounded-xl border border-slate-200 px-4 text-sm font-medium outline-none transition focus:border-blue-500"">"
"components/CheaperAlternativeForm.tsx","301","REDUCED_MOTION_REVIEW","warning"," <select name=""urgency"" className=""min-h-12 rounded-xl border border-slate-200 px-4 text-sm font-medium outline-none transition focus:border-blue-500"">"
"components/CheaperAlternativeForm.tsx","311","REDUCED_MOTION_REVIEW","warning"," <input name=""name"" className=""min-h-12 rounded-xl border border-slate-200 px-4 text-sm font-medium outline-none transition focus:border-blue-500"" placeholder=""Ihr Name"" />"
"components/CheaperAlternativeForm.tsx","315","REDUCED_MOTION_REVIEW","warning"," <input name=""phone"" type=""tel"" className=""min-h-12 rounded-xl border border-slate-200 px-4 text-sm font-medium outline-none transition focus:border-blue-500"" placeholder=""Für schnelle Rückfragen"" />"
"components/CheaperAlternativeForm.tsx","319","REDUCED_MOTION_REVIEW","warning"," <input name=""email"" type=""email"" className=""min-h-12 rounded-xl border border-slate-200 px-4 text-sm font-medium outline-none transition focus:border-blue-500"" placeholder={EMAIL} />"
"components/CheaperAlternativeForm.tsx","323","REDUCED_MOTION_REVIEW","warning"," <select value={region} onChange={(event) => updateRegion(event.target.value)} name=""region"" className=""min-h-12 rounded-xl border border-slate-200 px-4 text-sm font-medium outline-none transition focus:border-blue-500"">"
"components/CheaperAlternativeForm.tsx","332","REDUCED_MOTION_REVIEW","warning"," <select value={service} onChange={(event) => setService(event.target.value)} name=""service"" className=""min-h-12 rounded-xl border border-slate-200 px-4 text-sm font-medium outline-none transition focus:border-blue-500"">"
"components/CheaperAlternativeForm.tsx","342","REDUCED_MOTION_REVIEW","warning"," <input name=""cityOrZip"" defaultValue={defaultCityOrZip} className=""min-h-12 rounded-xl border border-slate-200 px-4 text-sm font-medium outline-none transition focus:border-blue-500"" placeholder=""z. B. Regensburg, 93047"
"components/CheaperAlternativeForm.tsx","346","REDUCED_MOTION_REVIEW","warning"," <input name=""desiredDate"" className=""min-h-12 rounded-xl border border-slate-200 px-4 text-sm font-medium outline-none transition focus:border-blue-500"" placeholder=""z. B. nächste Woche oder 15.06."" />"
"components/CheaperAlternativeForm.tsx","350","REDUCED_MOTION_REVIEW","warning"," <input name=""quotedPrice"" inputMode=""decimal"" className=""min-h-12 rounded-xl border border-slate-200 px-4 text-sm font-medium outline-none transition focus:border-blue-500"" placeholder=""falls bekannt, z. B. 950 EUR"" />"
"components/CheaperAlternativeForm.tsx","354","REDUCED_MOTION_REVIEW","warning"," <input name=""budget"" inputMode=""decimal"" className=""min-h-12 rounded-xl border border-slate-200 px-4 text-sm font-medium outline-none transition focus:border-blue-500"" placeholder=""z. B. bis 800 EUR, falls realistisch"" "
"components/CheaperAlternativeForm.tsx","358","REDUCED_MOTION_REVIEW","warning"," <select name=""offerSourceType"" className=""min-h-12 rounded-xl border border-slate-200 px-4 text-sm font-medium outline-none transition focus:border-blue-500"">"
"components/CheaperAlternativeForm.tsx","368","REDUCED_MOTION_REVIEW","warning"," <input name=""objectScope"" className=""min-h-12 rounded-xl border border-slate-200 px-4 text-sm font-medium outline-none transition focus:border-blue-500"" placeholder=""z. B. Büro 280 m², Wohnung 72 m²"" />"
"components/CheaperAlternativeForm.tsx","372","REDUCED_MOTION_REVIEW","warning"," <input name=""cleaningFrequency"" className=""min-h-12 rounded-xl border border-slate-200 px-4 text-sm font-medium outline-none transition focus:border-blue-500"" placeholder=""z. B. 2x pro Woche, nach Feierabend"" />"
"components/CheaperAlternativeForm.tsx","408","REDUCED_MOTION_REVIEW","warning"," <textarea name=""offerText"" rows={4} data-event=""form_submit"" className=""rounded-xl border border-slate-200 px-4 py-3 text-sm font-medium outline-none transition focus:border-blue-500"" placeholder=""Falls Sie keine Datei "
"components/CheaperAlternativeForm.tsx","425","REDUCED_MOTION_REVIEW","warning"," <textarea name=""message"" rows={4} defaultValue={defaultMessage} className=""rounded-xl border border-slate-200 px-4 py-3 text-sm font-medium outline-none transition focus:border-blue-500"" placeholder=""Was ist am Angebot "
"components/CheaperAlternativeForm.tsx","460","REDUCED_MOTION_REVIEW","warning"," className=""inline-flex min-h-12 items-center justify-center gap-2 rounded-xl bg-blue-700 px-6 text-sm font-black text-white shadow-lg shadow-blue-900/20 transition hover:bg-slate-950 disabled:cursor-not-allowed disabled"
"components/CheaperAlternativeForm.tsx","468","REDUCED_MOTION_REVIEW","warning"," className=""inline-flex min-h-12 items-center justify-center rounded-xl border border-emerald-200 bg-emerald-50 px-5 text-sm font-black text-emerald-800 transition hover:bg-emerald-100"""
"components/CheaperAlternativeForm.tsx","475","TOUCH_TARGET_REVIEW","warning"," <a href={`tel:${PHONE_TEL}`} data-event=""phone_click"" className=""inline-flex items-center gap-2 transition hover:text-blue-700"">"
"components/CheaperAlternativeForm.tsx","475","FOCUS_STYLE_REVIEW","warning"," <a href={`tel:${PHONE_TEL}`} data-event=""phone_click"" className=""inline-flex items-center gap-2 transition hover:text-blue-700"">"
"components/CheaperAlternativeForm.tsx","475","REDUCED_MOTION_REVIEW","warning"," <a href={`tel:${PHONE_TEL}`} data-event=""phone_click"" className=""inline-flex items-center gap-2 transition hover:text-blue-700"">"
"components/CheaperAlternativeForm.tsx","479","TOUCH_TARGET_REVIEW","warning"," <a href={`mailto:${EMAIL}`} data-event=""hero_cta_click"" className=""inline-flex items-center gap-2 transition hover:text-blue-700"">"
"components/CheaperAlternativeForm.tsx","479","FOCUS_STYLE_REVIEW","warning"," <a href={`mailto:${EMAIL}`} data-event=""hero_cta_click"" className=""inline-flex items-center gap-2 transition hover:text-blue-700"">"
"components/CheaperAlternativeForm.tsx","479","REDUCED_MOTION_REVIEW","warning"," <a href={`mailto:${EMAIL}`} data-event=""hero_cta_click"" className=""inline-flex items-center gap-2 transition hover:text-blue-700"">"
"components/CityServiceCluster.tsx","183","TOUCH_TARGET_REVIEW","warning"," <Link key={service.href} href={service.href} className=""card-premium card-depth rounded-[1.35rem] p-5"">"
"components/CityServiceCluster.tsx","183","FOCUS_STYLE_REVIEW","warning"," <Link key={service.href} href={service.href} className=""card-premium card-depth rounded-[1.35rem] p-5"">"
"components/CityServiceCluster.tsx","208","REDUCED_MOTION_REVIEW","warning"," className=""group rounded-[1.35rem] border border-slate-200 bg-white px-5 py-5 shadow-sm shadow-slate-950/5 transition-all hover:-translate-y-0.5 hover:border-blue-200 hover:shadow-lg hover:shadow-slate-950/10"""
"components/CityServiceCluster.tsx","213","REDUCED_MOTION_REVIEW","warning"," <h3 className=""mt-5 flex items-center gap-2 text-[1.2rem] font-bold tracking-tight text-slate-950 transition-colors group-hover:text-blue-700"">"
"components/CommercialCleaningLeadForm.tsx","299","REDUCED_MOTION_REVIEW","warning"," className=""h-12 w-full rounded-2xl border border-slate-200 bg-slate-50 px-4 text-slate-950 outline-none transition focus:border-blue-300 focus:bg-white"""
"components/CommercialCleaningLeadForm.tsx","308","REDUCED_MOTION_REVIEW","warning"," className=""h-12 w-full rounded-2xl border border-slate-200 bg-slate-50 px-4 text-slate-950 outline-none transition focus:border-blue-300 focus:bg-white"""
"components/CommercialCleaningLeadForm.tsx","318","REDUCED_MOTION_REVIEW","warning"," className=""h-12 w-full rounded-2xl border border-slate-200 bg-slate-50 px-4 text-slate-950 outline-none transition focus:border-blue-300 focus:bg-white"""
"components/CommercialCleaningLeadForm.tsx","329","REDUCED_MOTION_REVIEW","warning"," className=""h-12 w-full rounded-2xl border border-slate-200 bg-slate-50 px-4 text-slate-950 outline-none transition focus:border-blue-300 focus:bg-white"""
"components/CommercialCleaningLeadForm.tsx","338","REDUCED_MOTION_REVIEW","warning"," className=""h-12 w-full rounded-2xl border border-slate-200 bg-slate-50 px-4 text-slate-950 outline-none transition focus:border-blue-300 focus:bg-white"""
"components/CommercialCleaningLeadForm.tsx","361","REDUCED_MOTION_REVIEW","warning"," className=""h-12 w-full rounded-2xl border border-slate-200 bg-slate-50 px-4 text-slate-950 outline-none transition focus:border-blue-300 focus:bg-white"""
"components/CommercialCleaningLeadForm.tsx","375","REDUCED_MOTION_REVIEW","warning"," className=""h-12 w-full rounded-2xl border border-slate-200 bg-slate-50 px-4 text-slate-950 outline-none transition focus:border-blue-300 focus:bg-white"""
"components/CommercialCleaningLeadForm.tsx","390","REDUCED_MOTION_REVIEW","warning"," className=""h-12 w-full rounded-2xl border border-slate-200 bg-slate-50 px-4 text-slate-950 outline-none transition focus:border-blue-300 focus:bg-white"""
"components/CommercialCleaningLeadForm.tsx","399","REDUCED_MOTION_REVIEW","warning"," className=""h-12 w-full rounded-2xl border border-slate-200 bg-slate-50 px-4 text-slate-950 outline-none transition focus:border-blue-300 focus:bg-white"""
"components/CommercialCleaningLeadForm.tsx","408","REDUCED_MOTION_REVIEW","warning"," className=""min-h-[140px] w-full rounded-[1.5rem] border border-slate-200 bg-slate-50 px-4 py-3 text-slate-950 outline-none transition focus:border-blue-300 focus:bg-white"""
"components/CommercialCleaningLeadForm.tsx","430","REDUCED_MOTION_REVIEW","warning"," className=""inline-flex h-12 items-center justify-center gap-2 rounded-2xl bg-blue-600 px-5 text-sm font-black text-white transition hover:bg-blue-700 disabled:cursor-not-allowed disabled:opacity-60"""
"components/CommercialCleaningLeadForm.tsx","476","REDUCED_MOTION_REVIEW","warning"," className=""group mt-5 inline-flex items-center gap-2 rounded-2xl border border-[#25D366]/25 bg-white px-4 py-3 text-sm font-bold text-slate-900 transition hover:border-[#25D366] hover:text-[#25D366]"""
"components/CommercialCleaningLeadForm.tsx","480","REDUCED_MOTION_REVIEW","warning"," <ArrowRight className=""h-4 w-4 transition-transform group-hover:translate-x-0.5"" />"
"components/CommercialCleaningScopeSelector.tsx","65","REDUCED_MOTION_REVIEW","warning"," className=""group rounded-lg border border-slate-200 bg-white p-5 shadow-sm shadow-slate-950/5 transition hover:-translate-y-0.5 hover:border-cyan-200"""
"components/CommercialCleaningScopeSelector.tsx","79","REDUCED_MOTION_REVIEW","warning"," <ArrowRight className=""h-4 w-4 transition group-hover:translate-x-0.5"" />"
"components/ContactPathChooser.tsx","111","REDUCED_MOTION_REVIEW","warning"," className=""group grid min-h-16 grid-cols-[auto_1fr_auto] items-center gap-3 rounded-lg border border-slate-200 bg-slate-50 px-4 py-3 text-left transition hover:border-blue-200 hover:bg-blue-50 focus:outline-none focus-v"
"components/ContactPathChooser.tsx","130","REDUCED_MOTION_REVIEW","warning"," <ArrowRight className=""h-4 w-4 shrink-0 text-slate-400 transition group-hover:translate-x-0.5 group-hover:text-blue-700"" aria-hidden=""true"" />"
"components/CookieBanner.tsx","124","REDUCED_MOTION_REVIEW","warning"," className=""fixed bottom-24 start-5 z-[90] rounded-full border border-slate-200 bg-white/95 p-3 text-slate-900 shadow-[0_16px_34px_rgba(15,23,42,0.18)] ring-1 ring-black/5 transition-all hover:-translate-y-0.5 hover:bg-w"
"components/CookieBanner.tsx","128","REDUCED_MOTION_REVIEW","warning"," <Shield className=""w-5 h-5 text-slate-800 transition-colors group-hover:text-blue-700"" />"
"components/CookieBanner.tsx","154","TOUCH_TARGET_REVIEW","warning"," <a href=""/datenschutz"" className=""transition-colors hover:text-white hover:underline"" style={{ color: ""#cbd5e1"", WebkitTextFillColor: ""#cbd5e1"" }}>{cookie.privacy}</a>"
"components/CookieBanner.tsx","154","FOCUS_STYLE_REVIEW","warning"," <a href=""/datenschutz"" className=""transition-colors hover:text-white hover:underline"" style={{ color: ""#cbd5e1"", WebkitTextFillColor: ""#cbd5e1"" }}>{cookie.privacy}</a>"
"components/CookieBanner.tsx","154","REDUCED_MOTION_REVIEW","warning"," <a href=""/datenschutz"" className=""transition-colors hover:text-white hover:underline"" style={{ color: ""#cbd5e1"", WebkitTextFillColor: ""#cbd5e1"" }}>{cookie.privacy}</a>"
"components/CookieBanner.tsx","155","TOUCH_TARGET_REVIEW","warning"," <a href=""/impressum"" className=""transition-colors hover:text-white hover:underline"" style={{ color: ""#cbd5e1"", WebkitTextFillColor: ""#cbd5e1"" }}>{cookie.imprint}</a>"
"components/CookieBanner.tsx","155","FOCUS_STYLE_REVIEW","warning"," <a href=""/impressum"" className=""transition-colors hover:text-white hover:underline"" style={{ color: ""#cbd5e1"", WebkitTextFillColor: ""#cbd5e1"" }}>{cookie.imprint}</a>"
"components/CookieBanner.tsx","155","REDUCED_MOTION_REVIEW","warning"," <a href=""/impressum"" className=""transition-colors hover:text-white hover:underline"" style={{ color: ""#cbd5e1"", WebkitTextFillColor: ""#cbd5e1"" }}>{cookie.imprint}</a>"
"components/CookieBanner.tsx","162","REDUCED_MOTION_REVIEW","warning"," className=""min-h-10 rounded-lg border border-slate-500 bg-slate-800 px-2 py-2 text-[11px] font-bold leading-tight transition-colors hover:bg-slate-700 sm:text-xs"""
"components/CookieBanner.tsx","171","REDUCED_MOTION_REVIEW","warning"," className=""min-h-10 rounded-lg border border-slate-500 bg-neutral-800 px-2 py-2 text-[11px] font-bold leading-tight transition-colors hover:bg-neutral-700 sm:text-xs"""
"components/CookieBanner.tsx","179","REDUCED_MOTION_REVIEW","warning"," className=""min-h-10 whitespace-nowrap rounded-lg bg-gradient-to-r from-blue-600 via-blue-500 to-cyan-500 px-2 text-[11px] font-bold text-white transition-colors hover:from-blue-700 hover:to-cyan-600 sm:text-xs"""
"components/CookieBanner.tsx","197","TOUCH_TARGET_REVIEW","warning"," <button onClick={() => setShowSettings(false)} className=""rounded-full p-2 text-slate-100 transition-colors hover:bg-white/12"" style={{ color: ""#f8fafc"", WebkitTextFillColor: ""#f8fafc"" }} aria-label={cookie.close}>"
"components/CookieBanner.tsx","197","FOCUS_STYLE_REVIEW","warning"," <button onClick={() => setShowSettings(false)} className=""rounded-full p-2 text-slate-100 transition-colors hover:bg-white/12"" style={{ color: ""#f8fafc"", WebkitTextFillColor: ""#f8fafc"" }} aria-label={cookie.close}>"
"components/CookieBanner.tsx","197","REDUCED_MOTION_REVIEW","warning"," <button onClick={() => setShowSettings(false)} className=""rounded-full p-2 text-slate-100 transition-colors hover:bg-white/12"" style={{ color: ""#f8fafc"", WebkitTextFillColor: ""#f8fafc"" }} aria-label={cookie.close}>"
"components/CookieBanner.tsx","215","REDUCED_MOTION_REVIEW","warning"," <div className=""flex items-start justify-between gap-4 rounded-[0.85rem] border border-white/12 bg-white/6 p-3 transition-colors sm:p-4"">"
"components/CookieBanner.tsx","226","REDUCED_MOTION_REVIEW","warning"," <div className=""w-11 h-6 bg-neutral-700 peer-focus:outline-none rounded-full peer peer-checked:after:translate-x-full peer-checked:after:border-white after:content-[''] after:absolute after:top-[2px] after:left-[2px] af"
"components/CookieBanner.tsx","231","REDUCED_MOTION_REVIEW","warning"," <div className=""flex items-start justify-between gap-4 rounded-[0.85rem] border border-white/12 bg-white/6 p-3 transition-colors sm:p-4"">"
"components/CookieBanner.tsx","242","REDUCED_MOTION_REVIEW","warning"," <div className=""w-11 h-6 bg-neutral-700 peer-focus:outline-none rounded-full peer peer-checked:after:translate-x-full peer-checked:after:border-white after:content-[''] after:absolute after:top-[2px] after:left-[2px] af"
"components/CookieBanner.tsx","251","REDUCED_MOTION_REVIEW","warning"," className=""min-h-10 rounded-[0.75rem] px-5 py-2 text-sm font-bold transition-colors hover:bg-white/10 sm:min-h-11 sm:py-2.5"""
"components/CookieBanner.tsx","260","REDUCED_MOTION_REVIEW","warning"," className=""min-h-10 rounded-[0.75rem] bg-gradient-to-r from-blue-600 via-blue-500 to-cyan-500 px-8 text-sm font-bold text-white transition-colors hover:from-blue-700 hover:to-cyan-600 sm:min-h-11"""
"components/CopyRequestSummaryButton.tsx","31","REDUCED_MOTION_REVIEW","warning"," className=""inline-flex min-h-11 items-center justify-center gap-2 rounded-lg border border-slate-200 bg-white px-4 text-sm font-black text-slate-950 transition hover:bg-blue-50"""
"components/DamageControlForm.tsx","417","REDUCED_MOTION_REVIEW","warning"," className={`rounded-[1.2rem] border p-4 text-left transition ${"
"components/DamageControlForm.tsx","438","REDUCED_MOTION_REVIEW","warning"," <input name=""name"" className=""min-h-12 rounded-xl border border-slate-200 px-4 text-sm font-medium outline-none transition focus:border-red-500"" placeholder=""Ansprechpartner"" />"
"components/DamageControlForm.tsx","442","REDUCED_MOTION_REVIEW","warning"," <input name=""phone"" type=""tel"" className=""min-h-12 rounded-xl border border-slate-200 px-4 text-sm font-medium outline-none transition focus:border-red-500"" placeholder=""für schnelle Rückfragen"" />"
"components/DamageControlForm.tsx","446","REDUCED_MOTION_REVIEW","warning"," <input name=""email"" type=""email"" className=""min-h-12 rounded-xl border border-slate-200 px-4 text-sm font-medium outline-none transition focus:border-red-500"" placeholder={EMAIL} />"
"components/DamageControlForm.tsx","450","REDUCED_MOTION_REVIEW","warning"," <input name=""cityOrZip"" className=""min-h-12 rounded-xl border border-slate-200 px-4 text-sm font-medium outline-none transition focus:border-red-500"" placeholder=""Regensburg, Kelheim, Düsseldorf..."" />"
"components/DamageControlForm.tsx","459","REDUCED_MOTION_REVIEW","warning"," className=""min-h-12 rounded-xl border border-slate-200 px-4 text-sm font-medium outline-none transition focus:border-red-500"""
"components/DamageControlForm.tsx","475","REDUCED_MOTION_REVIEW","warning"," className=""min-h-12 rounded-xl border border-slate-200 px-4 text-sm font-medium outline-none transition focus:border-red-500"""
"components/DamageControlForm.tsx","486","REDUCED_MOTION_REVIEW","warning"," <input name=""deadline"" className=""min-h-12 rounded-xl border border-slate-200 px-4 text-sm font-medium outline-none transition focus:border-red-500"" placeholder=""Heute, morgen, Übergabe am..."" />"
"components/DamageControlForm.tsx","490","REDUCED_MOTION_REVIEW","warning"," <select name=""previousOfferSource"" className=""min-h-12 rounded-xl border border-slate-200 px-4 text-sm font-medium outline-none transition focus:border-red-500"">"
"components/DamageControlForm.tsx","500","REDUCED_MOTION_REVIEW","warning"," <input name=""startLocation"" className=""min-h-12 rounded-xl border border-slate-200 px-4 text-sm font-medium outline-none transition focus:border-red-500"" placeholder=""falls relevant"" />"
"components/DamageControlForm.tsx","504","REDUCED_MOTION_REVIEW","warning"," <input name=""destinationLocation"" className=""min-h-12 rounded-xl border border-slate-200 px-4 text-sm font-medium outline-none transition focus:border-red-500"" placeholder=""falls relevant"" />"
"components/DamageControlForm.tsx","508","REDUCED_MOTION_REVIEW","warning"," <input name=""floor"" className=""min-h-12 rounded-xl border border-slate-200 px-4 text-sm font-medium outline-none transition focus:border-red-500"" placeholder=""z. B. 3. OG"" />"
"components/DamageControlForm.tsx","512","REDUCED_MOTION_REVIEW","warning"," <select name=""elevator"" className=""min-h-12 rounded-xl border border-slate-200 px-4 text-sm font-medium outline-none transition focus:border-red-500"">"
"components/DamageControlForm.tsx","521","REDUCED_MOTION_REVIEW","warning"," <input name=""estimatedVolume"" className=""min-h-12 rounded-xl border border-slate-200 px-4 text-sm font-medium outline-none transition focus:border-red-500"" placeholder=""z. B. Restmöbel, Keller, 20 Kartons"" />"
"components/DamageControlForm.tsx","525","REDUCED_MOTION_REVIEW","warning"," <input name=""budget"" className=""min-h-12 rounded-xl border border-slate-200 px-4 text-sm font-medium outline-none transition focus:border-red-500"" placeholder=""falls vorhanden"" />"
"components/DamageControlForm.tsx","569","REDUCED_MOTION_REVIEW","warning"," <textarea name=""accessNotes"" rows={4} className=""rounded-xl border border-slate-200 px-4 py-3 text-sm font-medium outline-none transition focus:border-red-500"" placeholder=""Parken, Hausflur, Etage, Schlüssel, Trageweg, "
"components/DamageControlForm.tsx","573","REDUCED_MOTION_REVIEW","warning"," <textarea name=""message"" rows={4} className=""rounded-xl border border-slate-200 px-4 py-3 text-sm font-medium outline-none transition focus:border-red-500"" placeholder=""Was ist gekippt? Was muss bis wann stabilisiert we"
"components/DamageControlForm.tsx","639","REDUCED_MOTION_REVIEW","warning"," className=""inline-flex min-h-12 items-center justify-center gap-2 rounded-xl bg-slate-950 px-6 text-sm font-black text-white transition hover:bg-red-700 disabled:opacity-60"""
"components/DamageControlForm.tsx","646","REDUCED_MOTION_REVIEW","warning"," className=""inline-flex min-h-12 items-center justify-center gap-2 rounded-xl border border-emerald-200 bg-emerald-50 px-5 text-sm font-black text-emerald-800 transition hover:bg-emerald-100"""
"components/DamageControlForm.tsx","652","FOCUS_STYLE_REVIEW","warning"," <a href={`mailto:${EMAIL}`} className=""inline-flex min-h-12 items-center justify-center gap-2 rounded-xl border border-slate-200 bg-white px-5 text-sm font-black text-slate-800 transition hover:border-red-200 hover:bg-r"
"components/DamageControlForm.tsx","652","REDUCED_MOTION_REVIEW","warning"," <a href={`mailto:${EMAIL}`} className=""inline-flex min-h-12 items-center justify-center gap-2 rounded-xl border border-slate-200 bg-white px-5 text-sm font-black text-slate-800 transition hover:border-red-200 hover:bg-r"
"components/DamageControlForm.tsx","662","TOUCH_TARGET_REVIEW","warning"," <a href={`tel:${PHONE_TEL}`} className=""font-black text-slate-950"" data-event=""phone_click"">{PHONE_DISPLAY}</a>"
"components/DamageControlForm.tsx","662","FOCUS_STYLE_REVIEW","warning"," <a href={`tel:${PHONE_TEL}`} className=""font-black text-slate-950"" data-event=""phone_click"">{PHONE_DISPLAY}</a>"
"components/DecisionAnswerBlock.tsx","42","REDUCED_MOTION_REVIEW","warning"," className=""mt-5 inline-flex min-h-11 items-center justify-center gap-2 rounded-lg bg-slate-950 px-4 text-sm font-black text-white transition hover:bg-blue-700"""
"components/DecisionCompassPanel.tsx","34","REDUCED_MOTION_REVIEW","warning"," className=""group flex min-h-[11rem] flex-col rounded-lg border border-slate-200 bg-white p-5 shadow-sm transition hover:-translate-y-0.5 hover:border-blue-200"""
"components/DecisionCompassPanel.tsx","44","REDUCED_MOTION_REVIEW","warning"," <ArrowRight className=""h-4 w-4 transition group-hover:translate-x-0.5"" aria-hidden=""true"" />"
"components/DiscreetMoveForm.tsx","325","REDUCED_MOTION_REVIEW","warning"," className={`rounded-[1.25rem] border p-4 text-left transition hover:-translate-y-0.5 ${"
"components/DiscreetMoveForm.tsx","346","REDUCED_MOTION_REVIEW","warning"," className=""min-h-12 rounded-xl border border-stone-200 px-4 text-sm outline-none transition focus:border-stone-600"""
"components/DiscreetMoveForm.tsx","357","REDUCED_MOTION_REVIEW","warning"," className=""min-h-12 rounded-xl border border-stone-200 px-4 text-sm outline-none transition focus:border-stone-600"""
"components/DiscreetMoveForm.tsx","369","REDUCED_MOTION_REVIEW","warning"," className=""min-h-12 rounded-xl border border-stone-200 px-4 text-sm outline-none transition focus:border-stone-600"""
"components/DiscreetMoveForm.tsx","378","REDUCED_MOTION_REVIEW","warning"," className=""min-h-12 rounded-xl border border-stone-200 px-4 text-sm outline-none transition focus:border-stone-600"""
"components/DiscreetMoveForm.tsx","386","REDUCED_MOTION_REVIEW","warning"," className=""min-h-12 rounded-xl border border-stone-200 px-4 text-sm outline-none transition focus:border-stone-600"""
"components/DiscreetMoveForm.tsx","394","REDUCED_MOTION_REVIEW","warning"," className=""min-h-12 rounded-xl border border-stone-200 px-4 text-sm outline-none transition focus:border-stone-600"""
"components/DiscreetMoveForm.tsx","403","REDUCED_MOTION_REVIEW","warning"," className=""min-h-12 rounded-xl border border-stone-200 px-4 text-sm outline-none transition focus:border-stone-600"""
"components/DiscreetMoveForm.tsx","411","REDUCED_MOTION_REVIEW","warning"," className=""min-h-12 rounded-xl border border-stone-200 px-4 text-sm outline-none transition focus:border-stone-600"""
"components/DiscreetMoveForm.tsx","427","REDUCED_MOTION_REVIEW","warning"," className={`rounded-xl border px-3 py-3 text-left text-xs font-black transition ${"
"components/DiscreetMoveForm.tsx","450","REDUCED_MOTION_REVIEW","warning"," className={`rounded-xl border px-3 py-3 text-left text-xs font-black transition ${"
"components/DiscreetMoveForm.tsx","468","REDUCED_MOTION_REVIEW","warning"," className=""min-h-12 rounded-xl border border-stone-200 px-4 text-sm outline-none transition focus:border-stone-600"""
"components/DiscreetMoveForm.tsx","476","REDUCED_MOTION_REVIEW","warning"," className=""min-h-12 rounded-xl border border-stone-200 px-4 text-sm outline-none transition focus:border-stone-600"""
"components/DiscreetMoveForm.tsx","484","REDUCED_MOTION_REVIEW","warning"," className=""min-h-12 rounded-xl border border-stone-200 px-4 text-sm outline-none transition focus:border-stone-600"""
"components/DiscreetMoveForm.tsx","492","REDUCED_MOTION_REVIEW","warning"," className=""min-h-12 rounded-xl border border-stone-200 px-4 text-sm outline-none transition focus:border-stone-600"""
"components/DiscreetMoveForm.tsx","500","REDUCED_MOTION_REVIEW","warning"," className=""min-h-12 rounded-xl border border-stone-200 px-4 text-sm outline-none transition focus:border-stone-600"""
"components/DiscreetMoveForm.tsx","512","REDUCED_MOTION_REVIEW","warning"," className=""min-h-12 rounded-xl border border-stone-200 px-4 text-sm outline-none transition focus:border-stone-600"""
"components/DiscreetMoveForm.tsx","524","REDUCED_MOTION_REVIEW","warning"," className=""rounded-xl border border-stone-200 px-4 py-3 text-sm outline-none transition focus:border-stone-600"""
"components/DiscreetMoveForm.tsx","533","REDUCED_MOTION_REVIEW","warning"," className=""rounded-xl border border-stone-200 px-4 py-3 text-sm outline-none transition focus:border-stone-600"""
"components/DiscreetMoveForm.tsx","599","REDUCED_MOTION_REVIEW","warning"," className=""inline-flex min-h-12 items-center justify-center gap-2 rounded-xl bg-stone-950 px-6 text-sm font-black text-white transition hover:bg-stone-800 disabled:cursor-not-allowed disabled:opacity-60"""
"components/DiscreetMoveForm.tsx","607","REDUCED_MOTION_REVIEW","warning"," className=""inline-flex min-h-12 items-center justify-center gap-2 rounded-xl border border-emerald-200 bg-emerald-50 px-5 text-sm font-black text-emerald-800 transition hover:bg-emerald-100"""
"components/DiscreetMoveForm.tsx","615","REDUCED_MOTION_REVIEW","warning"," className=""inline-flex min-h-12 items-center justify-center gap-2 rounded-xl border border-stone-200 bg-stone-50 px-5 text-sm font-black text-stone-800 transition hover:bg-stone-100"""
"components/DiscreetMoveForm.tsx","622","REDUCED_MOTION_REVIEW","warning"," className=""inline-flex min-h-12 items-center justify-center gap-2 rounded-xl border border-stone-200 bg-white px-5 text-sm font-black text-stone-800 transition hover:bg-stone-50"""
"components/DiscreetMoveForm.tsx","648","REDUCED_MOTION_REVIEW","warning"," className=""rounded-[1.25rem] border border-stone-200 bg-stone-50 p-4 text-left transition hover:-translate-y-0.5 hover:border-stone-400 hover:bg-white"""
"components/DiscreetRequestPanel.tsx","32","REDUCED_MOTION_REVIEW","warning"," className=""mt-6 inline-flex min-h-12 items-center justify-center gap-2 rounded-lg bg-stone-950 px-5 text-sm font-black text-white transition hover:bg-stone-800"""
"components/DiscreetTrustPanel.tsx","26","FOCUS_STYLE_REVIEW","warning"," <Link href=""/kontakt?service=diskret-service&intent=diskret-service&source=trust-proof"" className=""md:col-span-2 inline-flex min-h-12 items-center justify-center gap-2 rounded-lg bg-slate-950 px-5 text-sm font-black tex"
"components/DuesseldorfB2BCleaningForm.tsx","239","REDUCED_MOTION_REVIEW","warning"," className=""relative grid cursor-pointer gap-3 overflow-hidden rounded-lg border border-dashed border-slate-300 bg-slate-50 p-4 text-sm font-semibold text-slate-700 transition hover:border-blue-300 hover:bg-white"""
"components/DuesseldorfB2BCleaningForm.tsx","294","REDUCED_MOTION_REVIEW","warning"," className=""inline-flex min-h-12 items-center justify-center gap-2 rounded-lg bg-slate-950 px-6 text-sm font-black text-white transition hover:bg-blue-800 disabled:cursor-not-allowed disabled:opacity-60"""
"components/DuesseldorfB2BCleaningForm.tsx","303","REDUCED_MOTION_REVIEW","warning"," className=""inline-flex min-h-12 items-center justify-center gap-2 rounded-lg border border-emerald-200 bg-emerald-50 px-5 text-sm font-black text-emerald-800 transition hover:bg-emerald-100"""
"components/DuesseldorfB2BCleaningForm.tsx","312","REDUCED_MOTION_REVIEW","warning"," className=""inline-flex min-h-12 items-center justify-center gap-2 rounded-lg border border-slate-200 bg-white px-5 text-sm font-black text-slate-800 transition hover:bg-slate-50"""
"components/Einsatzradar.tsx","176","REDUCED_MOTION_REVIEW","warning"," <div className=""pointer-events-none absolute inset-x-0 top-0 h-1 bg-gradient-to-r from-blue-600 via-cyan-400 to-emerald-400 opacity-0 transition group-hover:opacity-100"" />"
"components/EstateClearanceForm.tsx","278","REDUCED_MOTION_REVIEW","warning"," className={`rounded-[1.25rem] border p-4 text-left transition hover:-translate-y-0.5 ${"
"components/EstateClearanceForm.tsx","298","REDUCED_MOTION_REVIEW","warning"," <input name=""name"" className=""min-h-12 rounded-xl border border-stone-200 px-4 text-sm outline-none transition focus:border-stone-600"" placeholder=""Ansprechpartner"" />"
"components/EstateClearanceForm.tsx","307","REDUCED_MOTION_REVIEW","warning"," className=""min-h-12 rounded-xl border border-stone-200 px-4 text-sm outline-none transition focus:border-stone-600"""
"components/EstateClearanceForm.tsx","316","REDUCED_MOTION_REVIEW","warning"," <input name=""phone"" type=""tel"" className=""min-h-12 rounded-xl border border-stone-200 px-4 text-sm outline-none transition focus:border-stone-600"" placeholder=""für diskreten Rückruf"" />"
"components/EstateClearanceForm.tsx","320","REDUCED_MOTION_REVIEW","warning"," <input name=""email"" type=""email"" className=""min-h-12 rounded-xl border border-stone-200 px-4 text-sm outline-none transition focus:border-stone-600"" placeholder={EMAIL} />"
"components/EstateClearanceForm.tsx","324","REDUCED_MOTION_REVIEW","warning"," <input name=""objectLocation"" className=""min-h-12 rounded-xl border border-stone-200 px-4 text-sm outline-none transition focus:border-stone-600"" placeholder=""Regensburg, Landkreis, Umgebung..."" />"
"components/EstateClearanceForm.tsx","333","REDUCED_MOTION_REVIEW","warning"," className=""min-h-12 rounded-xl border border-stone-200 px-4 text-sm outline-none transition focus:border-stone-600"""
"components/EstateClearanceForm.tsx","342","REDUCED_MOTION_REVIEW","warning"," <input name=""desiredDate"" className=""min-h-12 rounded-xl border border-stone-200 px-4 text-sm outline-none transition focus:border-stone-600"" placeholder=""z. B. flexibel, nächste Woche, vor Übergabe"" />"
"components/EstateClearanceForm.tsx","346","REDUCED_MOTION_REVIEW","warning"," <select name=""urgency"" className=""min-h-12 rounded-xl border border-stone-200 px-4 text-sm outline-none transition focus:border-stone-600"">"
"components/EstateClearanceForm.tsx","365","REDUCED_MOTION_REVIEW","warning"," className={`rounded-xl border px-3 py-3 text-left text-xs font-black transition ${"
"components/EstateClearanceForm.tsx","379","REDUCED_MOTION_REVIEW","warning"," <input name=""areaM2"" className=""min-h-12 rounded-xl border border-stone-200 px-4 text-sm outline-none transition focus:border-stone-600"" placeholder=""z. B. 80 m2"" />"
"components/EstateClearanceForm.tsx","383","REDUCED_MOTION_REVIEW","warning"," <input name=""roomsCount"" inputMode=""numeric"" className=""min-h-12 rounded-xl border border-stone-200 px-4 text-sm outline-none transition focus:border-stone-600"" placeholder=""z. B. 3"" />"
"components/EstateClearanceForm.tsx","387","REDUCED_MOTION_REVIEW","warning"," <input name=""additionalSpaces"" className=""min-h-12 rounded-xl border border-stone-200 px-4 text-sm outline-none transition focus:border-stone-600"" placeholder=""Keller, Garage, Dachboden"" />"
"components/EstateClearanceForm.tsx","391","REDUCED_MOTION_REVIEW","warning"," <input name=""floor"" className=""min-h-12 rounded-xl border border-stone-200 px-4 text-sm outline-none transition focus:border-stone-600"" placeholder=""z. B. 2. OG"" />"
"components/EstateClearanceForm.tsx","398","REDUCED_MOTION_REVIEW","warning"," <select name=""elevator"" className=""min-h-12 rounded-xl border border-stone-200 px-4 text-sm outline-none transition focus:border-stone-600"">"
"components/EstateClearanceForm.tsx","407","REDUCED_MOTION_REVIEW","warning"," <select name=""legalClearanceStatus"" className=""min-h-12 rounded-xl border border-stone-200 px-4 text-sm outline-none transition focus:border-stone-600"">"
"components/EstateClearanceForm.tsx","415","REDUCED_MOTION_REVIEW","warning"," <select name=""involvedParties"" className=""min-h-12 rounded-xl border border-stone-200 px-4 text-sm outline-none transition focus:border-stone-600"">"
"components/EstateClearanceForm.tsx","423","REDUCED_MOTION_REVIEW","warning"," <select name=""hazardousMaterialsStatus"" className=""min-h-12 rounded-xl border border-stone-200 px-4 text-sm outline-none transition focus:border-stone-600"">"
"components/EstateClearanceForm.tsx","431","REDUCED_MOTION_REVIEW","warning"," <input name=""keyStatus"" className=""min-h-12 rounded-xl border border-stone-200 px-4 text-sm outline-none transition focus:border-stone-600"" placeholder=""Schlüssel bei Erbe, Verwaltung, Makler..."" />"
"components/EstateClearanceForm.tsx","435","REDUCED_MOTION_REVIEW","warning"," <input name=""budget"" className=""min-h-12 rounded-xl border border-stone-200 px-4 text-sm outline-none transition focus:border-stone-600"" placeholder=""falls es einen Rahmen gibt"" />"
"components/EstateClearanceForm.tsx","442","REDUCED_MOTION_REVIEW","warning"," <textarea name=""accessNotes"" rows={4} className=""rounded-xl border border-stone-200 px-4 py-3 text-sm outline-none transition focus:border-stone-600"" placeholder=""Parken, Trageweg, Kellerzugang, Schlüssel, Ansprechpartn"
"components/EstateClearanceForm.tsx","446","REDUCED_MOTION_REVIEW","warning"," <textarea name=""message"" rows={4} className=""rounded-xl border border-stone-200 px-4 py-3 text-sm outline-none transition focus:border-stone-600"" placeholder=""Welche Räume, Gegenstände, Nebenbereiche oder Termine sollen"
"components/EstateClearanceForm.tsx","495","REDUCED_MOTION_REVIEW","warning"," className=""inline-flex min-h-12 items-center justify-center gap-2 rounded-xl bg-stone-950 px-6 text-sm font-black text-white transition hover:bg-stone-800 disabled:cursor-not-allowed disabled:opacity-60"""
"components/EstateClearanceForm.tsx","503","REDUCED_MOTION_REVIEW","warning"," className=""inline-flex min-h-12 items-center justify-center gap-2 rounded-xl border border-emerald-200 bg-emerald-50 px-5 text-sm font-black text-emerald-800 transition hover:bg-emerald-100"""
"components/EstateClearanceForm.tsx","511","REDUCED_MOTION_REVIEW","warning"," className=""inline-flex min-h-12 items-center justify-center gap-2 rounded-xl border border-stone-200 bg-stone-50 px-5 text-sm font-black text-stone-800 transition hover:bg-stone-100"""
"components/EstateClearanceForm.tsx","516","FOCUS_STYLE_REVIEW","warning"," <a href={`mailto:${EMAIL}`} className=""inline-flex min-h-12 items-center justify-center gap-2 rounded-xl border border-stone-200 bg-white px-5 text-sm font-black text-stone-800 transition hover:bg-stone-50"">"
"components/EstateClearanceForm.tsx","516","REDUCED_MOTION_REVIEW","warning"," <a href={`mailto:${EMAIL}`} className=""inline-flex min-h-12 items-center justify-center gap-2 rounded-xl border border-stone-200 bg-white px-5 text-sm font-black text-stone-800 transition hover:bg-stone-50"">"
"components/FloxantNextStepPanel.tsx","234","REDUCED_MOTION_REVIEW","warning"," className=""inline-flex min-h-12 items-center justify-center gap-2 rounded-2xl bg-white px-5 py-3 text-sm font-black text-slate-950 transition hover:bg-cyan-50 focus:outline-none focus:ring-2 focus:ring-cyan-200"""
"components/FloxantNextStepPanel.tsx","241","REDUCED_MOTION_REVIEW","warning"," className=""inline-flex min-h-12 items-center justify-center rounded-2xl border border-white/15 bg-white/8 px-5 py-3 text-sm font-black text-white transition hover:bg-white/14 focus:outline-none focus:ring-2 focus:ring-c"
"components/FloxantNextStepPanel.tsx","256","REDUCED_MOTION_REVIEW","warning"," className=""group flex h-full min-h-[18rem] flex-col justify-between overflow-hidden rounded-[1.45rem] border border-slate-200 bg-slate-50 p-5 shadow-sm transition hover:-translate-y-0.5 hover:border-blue-200 hover:bg-wh"
"components/FloxantNextStepPanel.tsx","260","REDUCED_MOTION_REVIEW","warning"," <span className=""grid h-12 w-12 place-items-center rounded-2xl border border-blue-100 bg-white text-blue-700 shadow-sm transition group-hover:bg-blue-600 group-hover:text-white"">"
"components/FloxantNextStepPanel.tsx","263","REDUCED_MOTION_REVIEW","warning"," <ArrowRight className=""h-4 w-4 text-slate-300 transition group-hover:translate-x-1 group-hover:text-blue-700"" />"
"components/FloxantNextStepPanel.tsx","270","REDUCED_MOTION_REVIEW","warning"," <span className=""mt-5 inline-flex min-h-10 w-fit items-center rounded-xl border border-blue-200 bg-white px-3 text-xs font-black text-blue-700 transition group-hover:border-blue-700 group-hover:bg-blue-700 group-hover:t"
"components/FloxantObjectBrief.tsx","173","REDUCED_MOTION_REVIEW","warning"," className=""inline-flex min-h-12 items-center justify-center gap-2 rounded-lg bg-emerald-400 px-5 text-sm font-black text-slate-950 transition hover:bg-emerald-300"""
"components/FloxantObjectBrief.tsx","183","REDUCED_MOTION_REVIEW","warning"," className=""inline-flex min-h-12 items-center justify-center gap-2 rounded-lg bg-white px-5 text-sm font-black text-slate-950 transition hover:bg-cyan-50"""
"components/FloxantObjectBrief.tsx","193","REDUCED_MOTION_REVIEW","warning"," className=""inline-flex min-h-12 items-center justify-center gap-2 rounded-lg border border-white/20 bg-white/10 px-5 text-sm font-black text-white transition hover:bg-white/15"""
"components/FloxantObjectBriefBuilder.tsx","322","REDUCED_MOTION_REVIEW","warning"," className={`rounded-lg border p-4 text-left transition ${"
"components/FloxantObjectBriefBuilder.tsx","355","REDUCED_MOTION_REVIEW","warning"," className={`rounded-lg border p-4 text-left text-sm font-black leading-6 transition ${"
"components/FloxantObjectBriefBuilder.tsx","380","REDUCED_MOTION_REVIEW","warning"," className=""min-h-12 w-full rounded-lg border border-slate-200 bg-white px-4 text-sm font-bold text-slate-900 outline-none transition focus:border-blue-500 focus:ring-4 focus:ring-blue-100"""
"components/FloxantObjectBriefBuilder.tsx","397","REDUCED_MOTION_REVIEW","warning"," className=""min-h-12 w-full rounded-lg border border-slate-200 bg-white px-4 text-sm font-bold text-slate-900 outline-none transition placeholder:text-slate-400 focus:border-blue-500 focus:ring-4 focus:ring-blue-100"""
"components/FloxantObjectBriefBuilder.tsx","409","REDUCED_MOTION_REVIEW","warning"," className=""min-h-12 w-full rounded-lg border border-slate-200 bg-white px-4 text-sm font-bold text-slate-900 outline-none transition focus:border-blue-500 focus:ring-4 focus:ring-blue-100"""
"components/FloxantObjectBriefBuilder.tsx","425","REDUCED_MOTION_REVIEW","warning"," className=""min-h-12 w-full rounded-lg border border-slate-200 bg-white px-4 text-sm font-bold text-slate-900 outline-none transition focus:border-blue-500 focus:ring-4 focus:ring-blue-100"""
"components/FloxantObjectBriefBuilder.tsx","444","REDUCED_MOTION_REVIEW","warning"," className=""min-h-12 w-full rounded-lg border border-slate-200 bg-white px-4 text-sm font-bold text-slate-900 outline-none transition placeholder:text-slate-400 focus:border-blue-500 focus:ring-4 focus:ring-blue-100"""
"components/FloxantObjectBriefBuilder.tsx","457","REDUCED_MOTION_REVIEW","warning"," className=""min-h-12 w-full rounded-lg border border-slate-200 bg-white px-4 text-sm font-bold text-slate-900 outline-none transition placeholder:text-slate-400 focus:border-blue-500 focus:ring-4 focus:ring-blue-100"""
"components/FloxantObjectBriefBuilder.tsx","565","REDUCED_MOTION_REVIEW","warning"," className=""h-full rounded-full bg-emerald-400 transition-all"""
"components/FloxantObjectBriefBuilder.tsx","603","REDUCED_MOTION_REVIEW","warning"," className=""inline-flex min-h-12 items-center justify-center gap-2 rounded-lg bg-emerald-400 px-5 text-sm font-black text-slate-950 transition hover:bg-emerald-300"""
"components/FloxantObjectBriefBuilder.tsx","615","REDUCED_MOTION_REVIEW","warning"," className=""inline-flex min-h-12 items-center justify-center gap-2 rounded-lg bg-white px-5 text-sm font-black text-slate-950 transition hover:bg-cyan-50"""
"components/FloxantObjectBriefBuilder.tsx","625","REDUCED_MOTION_REVIEW","warning"," className=""inline-flex min-h-12 items-center justify-center gap-2 rounded-lg border border-cyan-200/30 bg-cyan-300/10 px-5 text-sm font-black text-cyan-50 transition hover:bg-cyan-300/15"""
"components/FloxantObjectBriefBuilder.tsx","635","REDUCED_MOTION_REVIEW","warning"," className=""inline-flex min-h-12 items-center justify-center gap-2 rounded-lg border border-white/20 bg-white/10 px-5 text-sm font-black text-white transition hover:bg-white/15"""
"components/FloxNavigation.tsx","180","REDUCED_MOTION_REVIEW","warning"," ""inline-flex h-11 items-center gap-1.5 rounded-lg px-3 text-sm font-black transition focus:outline-none focus-visible:ring-2 focus-visible:ring-blue-600 xl:px-4"","
"components/FloxNavigation.tsx","188","REDUCED_MOTION_REVIEW","warning"," ""mx-auto w-full max-w-[1380px] rounded-xl border border-white/75 bg-white/95 px-3 py-2.5 shadow-[0_18px_55px_rgba(15,23,42,0.14)] backdrop-blur-xl transition sm:px-4"","
"components/FloxNavigation.tsx","246","TOUCH_TARGET_REVIEW","warning"," <Link key={item.href} href={item.href} prefetch={false} role=""menuitem"" onClick={() => closeDesktopMenu()} className=""rounded-lg border border-slate-200 p-4 focus:outline-none focus-visible:ring-2 focus-visible:ring-blu"
"components/FloxNavigation.tsx","257","TOUCH_TARGET_REVIEW","warning"," <Link href=""/angebot-guenstiger-pruefen"" onClick={() => closeDesktopMenu()} className={menuButtonClass(isActive(pathname, ""/angebot-guenstiger-pruefen""))}>"
"components/FloxNavigation.tsx","257","FOCUS_STYLE_REVIEW","warning"," <Link href=""/angebot-guenstiger-pruefen"" onClick={() => closeDesktopMenu()} className={menuButtonClass(isActive(pathname, ""/angebot-guenstiger-pruefen""))}>"
"components/FloxNavigation.tsx","327","REDUCED_MOTION_REVIEW","warning"," className=""hidden h-11 shrink-0 items-center gap-2 rounded-lg bg-slate-950 px-4 text-sm font-black text-white transition hover:bg-blue-800 focus:outline-none focus-visible:ring-2 focus-visible:ring-blue-600 lg:inline-fl"
"components/FloxNavigation.tsx","340","REDUCED_MOTION_REVIEW","warning"," className=""inline-flex h-11 items-center gap-2 rounded-lg border border-cyan-200 bg-cyan-50 px-3 text-sm font-black text-slate-950 transition hover:bg-white focus:outline-none focus-visible:ring-2 focus-visible:ring-blu"
"components/FloxNavigation.tsx","354","REDUCED_MOTION_REVIEW","warning"," className=""inline-flex h-11 items-center gap-2 rounded-lg border border-slate-200 bg-white px-3 text-sm font-black text-slate-950 transition hover:bg-slate-50 focus:outline-none focus-visible:ring-2 focus-visible:ring-b"
"components/FloxNavigation.tsx","366","REDUCED_MOTION_REVIEW","warning"," className=""inline-flex h-11 items-center gap-2 rounded-lg bg-emerald-500 px-3 text-sm font-black text-white transition hover:bg-emerald-400 focus:outline-none focus-visible:ring-2 focus-visible:ring-emerald-600"""
"components/FloxNavigation.tsx","405","FOCUS_STYLE_REVIEW","warning"," <Link key={item.href} href={item.href} prefetch={false} onClick={() => closeMobileMenu()} className=""flex min-h-11 items-center rounded-md px-2 text-sm font-bold text-slate-700 hover:bg-slate-100"">{item.label}</Link>"
"components/FloxNavigation.tsx","409","FOCUS_STYLE_REVIEW","warning"," <Link href=""/angebot-guenstiger-pruefen"" onClick={() => closeMobileMenu()} className=""flex min-h-12 items-center border-b border-slate-200 py-3 text-base font-black"">Angebot prüfen</Link>"
"components/FloxNavigation.tsx","414","FOCUS_STYLE_REVIEW","warning"," <Link key={item.href} href={item.href} prefetch={false} onClick={() => closeMobileMenu()} className=""flex min-h-11 items-center rounded-md px-2 text-sm font-bold text-slate-700 hover:bg-slate-100"">{item.label}</Link>"
"components/FloxNavigation.tsx","419","FOCUS_STYLE_REVIEW","warning"," <Link key={item.href} href={item.href} prefetch={false} onClick={() => closeMobileMenu()} className=""flex min-h-12 items-center border-b border-slate-200 py-3 text-base font-black"">{item.label}</Link>"
"components/FloxNavigation.tsx","421","FOCUS_STYLE_REVIEW","warning"," <Link href=""/kontakt"" onClick={() => closeMobileMenu()} className=""flex min-h-12 items-center border-b border-slate-200 py-3 text-base font-black"">Kontakt</Link>"
"components/FloxNavigation.tsx","424","FOCUS_STYLE_REVIEW","warning"," <Link href={requestHref} onClick={() => closeMobileMenu()} className=""mt-6 inline-flex min-h-12 w-full items-center justify-center gap-2 rounded-lg bg-slate-950 px-5 text-sm font-black text-white"">"
"components/FloxServiceCard.tsx","41","REDUCED_MOTION_REVIEW","warning"," ""group flex h-full min-w-0 flex-col rounded-lg border border-slate-200 bg-white p-4 text-left shadow-sm transition hover:-translate-y-0.5 hover:border-slate-300 hover:shadow-md focus:outline-none focus:ring-2 focus:ring"
"components/FloxServiceCard.tsx","83","REDUCED_MOTION_REVIEW","warning"," className=""h-4 w-4 transition group-hover:translate-x-0.5"""
"components/FloxServicesMegaMenu.tsx","112","REDUCED_MOTION_REVIEW","warning"," className=""flex min-h-10 items-center rounded-md px-2 text-sm font-semibold text-slate-600 transition hover:bg-slate-100 hover:text-slate-950 focus:outline-none focus-visible:ring-2 focus-visible:ring-blue-600"""
"components/FloxServicesMegaMenu.tsx","124","REDUCED_MOTION_REVIEW","warning"," className=""col-span-3 inline-flex min-h-11 items-center justify-center gap-2 rounded-lg bg-slate-950 px-4 text-sm font-black text-white transition hover:bg-blue-800 focus:outline-none focus-visible:ring-2 focus-visible:"
"components/Footer.tsx","106","REDUCED_MOTION_REVIEW","warning"," className=""inline-flex min-h-12 items-center justify-center gap-2 rounded-lg border border-white/20 bg-white/10 px-6 text-sm font-black text-white transition hover:bg-white hover:text-slate-950"""
"components/Footer.tsx","116","REDUCED_MOTION_REVIEW","warning"," className=""inline-flex min-h-12 items-center justify-center gap-2 rounded-lg bg-emerald-400 px-6 text-sm font-black text-slate-950 transition hover:bg-emerald-300"""
"components/Footer.tsx","131","REDUCED_MOTION_REVIEW","warning"," className=""inline-flex min-h-12 items-center justify-center gap-2 rounded-lg border border-white/20 bg-white px-6 text-sm font-black text-slate-950 transition hover:bg-slate-100"""
"components/Footer.tsx","141","TOUCH_TARGET_REVIEW","warning"," <Link href=""/"" className=""text-2xl font-black tracking-[0.16em]"" translate=""no"">"
"components/Footer.tsx","141","FOCUS_STYLE_REVIEW","warning"," <Link href=""/"" className=""text-2xl font-black tracking-[0.16em]"" translate=""no"">"
"components/Footer.tsx","145","TOUCH_TARGET_REVIEW","warning"," <a href={`mailto:${company.email}`} className=""flex items-center gap-2 hover:text-white"" data-event=""seo_email_click"">"
"components/Footer.tsx","145","FOCUS_STYLE_REVIEW","warning"," <a href={`mailto:${company.email}`} className=""flex items-center gap-2 hover:text-white"" data-event=""seo_email_click"">"
"components/Footer.tsx","149","TOUCH_TARGET_REVIEW","warning"," <a href={`tel:${company.phoneRaw}`} className=""flex items-center gap-2 hover:text-white"" data-event=""seo_phone_click"">"
"components/Footer.tsx","149","FOCUS_STYLE_REVIEW","warning"," <a href={`tel:${company.phoneRaw}`} className=""flex items-center gap-2 hover:text-white"" data-event=""seo_phone_click"">"
"components/Footer.tsx","195","REDUCED_MOTION_REVIEW","warning"," className=""rounded-lg border border-white/10 bg-slate-900/70 px-3 py-3 text-sm font-bold leading-5 text-slate-200 transition hover:bg-white hover:text-slate-950"""
"components/Footer.tsx","241","REDUCED_MOTION_REVIEW","warning"," className=""rounded-lg border border-white/10 bg-slate-900/70 px-3 py-3 text-sm font-bold leading-5 text-slate-200 transition hover:bg-white hover:text-slate-950"""
"components/Footer.tsx","256","TOUCH_TARGET_REVIEW","warning"," <Link key={item.href} href={item.href} prefetch={false} className=""hover:text-white"">"
"components/Footer.tsx","256","FOCUS_STYLE_REVIEW","warning"," <Link key={item.href} href={item.href} prefetch={false} className=""hover:text-white"">"
"components/Footer.tsx","266","TOUCH_TARGET_REVIEW","warning"," <Link key={item.href} href={item.href} prefetch={false} className=""hover:text-white"">"
"components/Footer.tsx","266","FOCUS_STYLE_REVIEW","warning"," <Link key={item.href} href={item.href} prefetch={false} className=""hover:text-white"">"
"components/GalleryModal.tsx","86","REDUCED_MOTION_REVIEW","warning"," className=""rounded-full bg-white/10 p-2 text-white transition-colors hover:bg-white/20"""
"components/GalleryModal.tsx","94","REDUCED_MOTION_REVIEW","warning"," className=""rounded-full bg-white/10 p-2 text-white transition-colors hover:bg-white/20"""
"components/GalleryModal.tsx","105","REDUCED_MOTION_REVIEW","warning"," className=""absolute left-4 top-1/2 z-50 -translate-y-1/2 rounded-full bg-white/10 p-3 text-white transition-colors hover:bg-white/20"""
"components/GalleryModal.tsx","116","REDUCED_MOTION_REVIEW","warning"," className=""absolute right-4 top-1/2 z-50 -translate-y-1/2 rounded-full bg-white/10 p-3 text-white transition-colors hover:bg-white/20"""
"components/GalleryModal.tsx","202","REDUCED_MOTION_REVIEW","warning"," ""relative h-12 w-12 overflow-hidden rounded-lg border-2 transition-all"","
"components/GrowthServiceLandingPage.tsx","219","TOUCH_TARGET_REVIEW","warning"," <Link href=""/solarreinigung"" className=""mt-4 inline-flex items-center gap-2 text-sm font-black text-blue-700"">"
"components/GrowthServiceLandingPage.tsx","219","FOCUS_STYLE_REVIEW","warning"," <Link href=""/solarreinigung"" className=""mt-4 inline-flex items-center gap-2 text-sm font-black text-blue-700"">"
"components/GrowthServiceLandingPage.tsx","229","TOUCH_TARGET_REVIEW","warning"," <Link href=""/pv-anlagen-reinigung"" className=""mt-4 inline-flex items-center gap-2 text-sm font-black text-blue-700"">"
"components/GrowthServiceLandingPage.tsx","229","FOCUS_STYLE_REVIEW","warning"," <Link href=""/pv-anlagen-reinigung"" className=""mt-4 inline-flex items-center gap-2 text-sm font-black text-blue-700"">"
"components/GrowthServiceLandingPage.tsx","413","REDUCED_MOTION_REVIEW","warning"," className=""inline-flex min-h-12 items-center justify-center gap-2 rounded-lg bg-white px-6 text-sm font-black text-slate-950 shadow-lg shadow-slate-950/20 transition hover:bg-cyan-50"""
"components/GrowthServiceLandingPage.tsx","430","REDUCED_MOTION_REVIEW","warning"," className=""inline-flex min-h-12 items-center justify-center gap-2 rounded-lg bg-emerald-400 px-6 text-sm font-black text-slate-950 transition hover:bg-emerald-300"""
"components/GrowthServiceLandingPage.tsx","440","REDUCED_MOTION_REVIEW","warning"," className=""inline-flex min-h-12 items-center justify-center gap-2 rounded-lg border border-white/25 bg-white/10 px-6 text-sm font-black text-white transition hover:bg-white/15"""
"components/GscOpportunitySection.tsx","134","REDUCED_MOTION_REVIEW","warning"," className=""group min-w-0 rounded-[1rem] border border-slate-200 bg-slate-50 p-5 transition hover:-translate-y-0.5 hover:border-blue-200 hover:bg-white hover:shadow-lg hover:shadow-slate-950/10"""
"components/GscOpportunitySection.tsx","176","REDUCED_MOTION_REVIEW","warning"," className=""min-w-0 rounded-[0.9rem] border border-blue-100 bg-white p-4 transition hover:-translate-y-0.5 hover:border-blue-200 hover:shadow-sm"""
"components/HandoverDossierDemo.tsx","74","REDUCED_MOTION_REVIEW","warning"," className={`rounded-2xl border px-4 py-3 text-left text-sm font-black transition ${"
"components/HandoverFileForm.tsx","237","REDUCED_MOTION_REVIEW","warning"," className={`rounded-[1.2rem] border p-4 text-left transition ${"
"components/HandoverFileForm.tsx","253","REDUCED_MOTION_REVIEW","warning"," <input name=""name"" className=""min-h-12 rounded-xl border border-slate-200 px-4 text-sm font-medium outline-none transition focus:border-amber-500"" placeholder=""Ihr Name / Ansprechpartner"" />"
"components/HandoverFileForm.tsx","257","REDUCED_MOTION_REVIEW","warning"," <input name=""phone"" type=""tel"" className=""min-h-12 rounded-xl border border-slate-200 px-4 text-sm font-medium outline-none transition focus:border-amber-500"" placeholder=""für schnelle Rückfragen"" />"
"components/HandoverFileForm.tsx","261","REDUCED_MOTION_REVIEW","warning"," <input name=""email"" type=""email"" className=""min-h-12 rounded-xl border border-slate-200 px-4 text-sm font-medium outline-none transition focus:border-amber-500"" placeholder={EMAIL} />"
"components/HandoverFileForm.tsx","265","REDUCED_MOTION_REVIEW","warning"," <select name=""roleType"" className=""min-h-12 rounded-xl border border-slate-200 px-4 text-sm font-medium outline-none transition focus:border-amber-500"">"
"components/HandoverFileForm.tsx","275","REDUCED_MOTION_REVIEW","warning"," <input name=""objectLocation"" className=""min-h-12 rounded-xl border border-slate-200 px-4 text-sm font-medium outline-none transition focus:border-amber-500"" placeholder=""z. B. Regensburg, 93047"" />"
"components/HandoverFileForm.tsx","279","REDUCED_MOTION_REVIEW","warning"," <input name=""objectLabel"" className=""min-h-12 rounded-xl border border-slate-200 px-4 text-sm font-medium outline-none transition focus:border-amber-500"" placeholder=""z. B. Wohnung EG links / Objekt 12"" />"
"components/HandoverFileForm.tsx","283","REDUCED_MOTION_REVIEW","warning"," <select name=""objectType"" className=""min-h-12 rounded-xl border border-slate-200 px-4 text-sm font-medium outline-none transition focus:border-amber-500"">"
"components/HandoverFileForm.tsx","293","REDUCED_MOTION_REVIEW","warning"," <input name=""desiredDate"" className=""min-h-12 rounded-xl border border-slate-200 px-4 text-sm font-medium outline-none transition focus:border-amber-500"" placeholder=""z. B. vor 15.06. oder diese Woche"" />"
"components/HandoverFileForm.tsx","331","REDUCED_MOTION_REVIEW","warning"," <input name=""roomsCount"" inputMode=""numeric"" className=""min-h-12 rounded-xl border border-slate-200 px-4 text-sm font-medium outline-none transition focus:border-amber-500"" placeholder=""z. B. 3"" />"
"components/HandoverFileForm.tsx","335","REDUCED_MOTION_REVIEW","warning"," <input name=""floor"" className=""min-h-12 rounded-xl border border-slate-200 px-4 text-sm font-medium outline-none transition focus:border-amber-500"" placeholder=""z. B. 2. OG, Aufzug ja/nein"" />"
"components/HandoverFileForm.tsx","339","REDUCED_MOTION_REVIEW","warning"," <select name=""keyStatus"" data-event=""service_card_click"" className=""min-h-12 rounded-xl border border-slate-200 px-4 text-sm font-medium outline-none transition focus:border-amber-500"">"
"components/HandoverFileForm.tsx","352","REDUCED_MOTION_REVIEW","warning"," <select name=""recipientType"" className=""min-h-12 rounded-xl border border-slate-200 px-4 text-sm font-medium outline-none transition focus:border-amber-500"">"
"components/HandoverFileForm.tsx","365","REDUCED_MOTION_REVIEW","warning"," <input name=""keyHandoverDate"" className=""min-h-12 rounded-xl border border-slate-200 px-4 text-sm font-medium outline-none transition focus:border-amber-500"" placeholder=""z. B. 14.06., 10 Uhr"" />"
"components/HandoverFileForm.tsx","369","REDUCED_MOTION_REVIEW","warning"," <input name=""keyHandoverRecipient"" className=""min-h-12 rounded-xl border border-slate-200 px-4 text-sm font-medium outline-none transition focus:border-amber-500"" placeholder=""z. B. Hausverwaltung / Makler"" />"
"components/HandoverFileForm.tsx","373","REDUCED_MOTION_REVIEW","warning"," <input name=""accessNotes"" className=""min-h-12 rounded-xl border border-slate-200 px-4 text-sm font-medium outline-none transition focus:border-amber-500"" placeholder=""Zugang, Aufzug, Ansprechpartner"" />"
"components/HandoverFileForm.tsx","417","REDUCED_MOTION_REVIEW","warning"," <textarea name=""budget"" rows={3} className=""rounded-xl border border-slate-200 px-4 py-3 text-sm font-medium outline-none transition focus:border-amber-500"" placeholder=""Falls ein Rahmen oder Kostenziel bekannt ist."" />"
"components/HandoverFileForm.tsx","421","REDUCED_MOTION_REVIEW","warning"," <textarea name=""specialNotes"" rows={3} className=""rounded-xl border border-slate-200 px-4 py-3 text-sm font-medium outline-none transition focus:border-amber-500"" placeholder=""Zugang, Ansprechpartner, offene Punkte, sen"
"components/HandoverFileForm.tsx","425","REDUCED_MOTION_REVIEW","warning"," <textarea name=""keyNotes"" rows={3} className=""rounded-xl border border-slate-200 px-4 py-3 text-sm font-medium outline-none transition focus:border-amber-500"" placeholder=""Was soll zum Schlüsselstatus abgestimmt werden?"
"components/HandoverFileForm.tsx","429","REDUCED_MOTION_REVIEW","warning"," <textarea name=""publicSummary"" rows={3} className=""rounded-xl border border-slate-200 px-4 py-3 text-sm font-medium outline-none transition focus:border-amber-500"" placeholder=""Welche Punkte sollen später in der Akte si"
"components/HandoverFileForm.tsx","447","REDUCED_MOTION_REVIEW","warning"," <textarea name=""message"" rows={4} className=""rounded-xl border border-slate-200 px-4 py-3 text-sm font-medium outline-none transition focus:border-amber-500"" placeholder=""Was soll dokumentiert werden? Welche Leistungen "
"components/HandoverFileForm.tsx","475","REDUCED_MOTION_REVIEW","warning"," className=""inline-flex min-h-12 items-center justify-center gap-2 rounded-xl bg-slate-950 px-6 text-sm font-black text-white transition hover:bg-amber-700 disabled:cursor-not-allowed disabled:opacity-60"""
"components/HandoverFileForm.tsx","483","REDUCED_MOTION_REVIEW","warning"," className=""inline-flex min-h-12 items-center justify-center rounded-xl border border-emerald-200 bg-emerald-50 px-5 text-sm font-black text-emerald-800 transition hover:bg-emerald-100"""
"components/HandoverFileForm.tsx","490","TOUCH_TARGET_REVIEW","warning"," <a href={`tel:${PHONE_TEL}`} data-event=""phone_click"" className=""inline-flex items-center gap-2 transition hover:text-amber-700"">"
"components/HandoverFileForm.tsx","490","FOCUS_STYLE_REVIEW","warning"," <a href={`tel:${PHONE_TEL}`} data-event=""phone_click"" className=""inline-flex items-center gap-2 transition hover:text-amber-700"">"
"components/HandoverFileForm.tsx","490","REDUCED_MOTION_REVIEW","warning"," <a href={`tel:${PHONE_TEL}`} data-event=""phone_click"" className=""inline-flex items-center gap-2 transition hover:text-amber-700"">"
"components/HandoverFileForm.tsx","494","TOUCH_TARGET_REVIEW","warning"," <a href={`mailto:${EMAIL}`} data-event=""hero_cta_click"" className=""inline-flex items-center gap-2 transition hover:text-amber-700"">"
"components/HandoverFileForm.tsx","494","FOCUS_STYLE_REVIEW","warning"," <a href={`mailto:${EMAIL}`} data-event=""hero_cta_click"" className=""inline-flex items-center gap-2 transition hover:text-amber-700"">"
"components/HandoverFileForm.tsx","494","REDUCED_MOTION_REVIEW","warning"," <a href={`mailto:${EMAIL}`} data-event=""hero_cta_click"" className=""inline-flex items-center gap-2 transition hover:text-amber-700"">"
"components/HeroQuickstart.tsx","35","REDUCED_MOTION_REVIEW","warning"," className=""group relative flex items-center gap-2 p-1.5 rounded-2xl bg-white/[0.03] border border-white/10 backdrop-blur-md transition-all hover:border-blue-500/30"""
"components/HeroQuickstart.tsx","55","REDUCED_MOTION_REVIEW","warning"," ""inline-flex h-11 items-center gap-2 px-6 rounded-xl bg-blue-600 text-xs font-bold uppercase tracking-widest text-white transition-all"","
"components/LocalConversionDecisionBox.tsx","52","REDUCED_MOTION_REVIEW","warning"," className=""inline-flex min-h-12 items-center justify-center gap-2 rounded-lg bg-slate-950 px-5 text-sm font-black text-white transition hover:bg-blue-800"""
"components/LocalConversionDecisionBox.tsx","62","REDUCED_MOTION_REVIEW","warning"," className=""inline-flex min-h-12 items-center justify-center gap-2 rounded-lg border border-slate-300 bg-white px-5 text-sm font-black text-slate-950 transition hover:border-blue-200 hover:bg-blue-50"""
"components/LocalProofPanel.tsx","25","FOCUS_STYLE_REVIEW","warning"," <Link href={proof.cta.href} className=""mt-6 inline-flex min-h-12 items-center justify-center gap-2 rounded-lg bg-white px-5 text-sm font-black text-slate-950"">"
"components/LocalSeoSearchIntentBridge.tsx","429","REDUCED_MOTION_REVIEW","warning"," className=""group min-w-0 rounded-[0.95rem] border border-slate-200 bg-white p-5 shadow-sm shadow-slate-950/5 transition hover:-translate-y-0.5 hover:border-blue-200 hover:shadow-lg hover:shadow-slate-950/10"""
"components/LocalSeoSearchIntentBridge.tsx","438","REDUCED_MOTION_REVIEW","warning"," <ArrowRight className=""h-4 w-4 transition group-hover:translate-x-0.5"" />"
"components/LocalServiceSeoPage.tsx","330","REDUCED_MOTION_REVIEW","warning"," className=""inline-flex min-h-12 items-center justify-center gap-2 rounded-lg bg-white px-6 text-sm font-black text-slate-950 transition hover:-translate-y-0.5 hover:bg-cyan-50"""
"components/LocalServiceSeoPage.tsx","341","REDUCED_MOTION_REVIEW","warning"," className=""inline-flex min-h-12 items-center justify-center gap-2 rounded-lg bg-emerald-400 px-6 text-sm font-black text-slate-950 transition hover:-translate-y-0.5 hover:bg-emerald-300"""
"components/LocalServiceSeoPage.tsx","350","REDUCED_MOTION_REVIEW","warning"," className=""inline-flex min-h-12 items-center justify-center gap-2 rounded-lg border border-white/20 bg-white/10 px-6 text-sm font-black text-white backdrop-blur transition hover:bg-white/15"""
"components/LocalServiceSeoPage.tsx","660","REDUCED_MOTION_REVIEW","warning"," className=""group min-w-0 rounded-lg border border-slate-200 bg-slate-50 p-5 transition hover:-translate-y-0.5 hover:border-blue-200 hover:bg-white hover:shadow-md"""
"components/LocalServiceSeoPage.tsx","668","REDUCED_MOTION_REVIEW","warning"," <ArrowRight className=""h-4 w-4 transition group-hover:translate-x-0.5"" aria-hidden=""true"" />"
"components/LocationClarityPanel.tsx","40","TOUCH_TARGET_REVIEW","warning"," <Link href={location.href} className=""mt-5 inline-flex items-center gap-2 text-sm font-black text-blue-700 hover:text-blue-950"">"
"components/LocationClarityPanel.tsx","40","FOCUS_STYLE_REVIEW","warning"," <Link href={location.href} className=""mt-5 inline-flex items-center gap-2 text-sm font-black text-blue-700 hover:text-blue-950"">"
"components/LocationServiceSwitcher.tsx","83","REDUCED_MOTION_REVIEW","warning"," className=""rounded-lg border border-slate-200 bg-slate-50 px-4 py-3 text-sm font-bold leading-6 text-slate-800 transition hover:border-blue-200 hover:bg-white"""
"components/OfferCheckCommercialHero.tsx","21","REDUCED_MOTION_REVIEW","warning"," className=""mt-6 inline-flex min-h-12 items-center justify-center gap-2 rounded-lg bg-slate-950 px-5 text-sm font-black text-white transition hover:bg-blue-800"""
"components/OfferCheckForm.tsx","269","REDUCED_MOTION_REVIEW","warning"," className={`flex flex-1 items-start gap-3 rounded-[1.25rem] border p-4 text-left transition ${"
"components/OfferCheckForm.tsx","296","REDUCED_MOTION_REVIEW","warning"," <input name=""name"" className=""min-h-12 rounded-xl border border-slate-200 px-4 text-sm font-medium outline-none transition focus:border-blue-500"" placeholder=""Ihr Name"" />"
"components/OfferCheckForm.tsx","300","REDUCED_MOTION_REVIEW","warning"," <input name=""phone"" type=""tel"" className=""min-h-12 rounded-xl border border-slate-200 px-4 text-sm font-medium outline-none transition focus:border-blue-500"" placeholder=""Für schnelle Rückfragen"" />"
"components/OfferCheckForm.tsx","304","REDUCED_MOTION_REVIEW","warning"," <input name=""email"" type=""email"" className=""min-h-12 rounded-xl border border-slate-200 px-4 text-sm font-medium outline-none transition focus:border-blue-500"" placeholder={EMAIL} />"
"components/OfferCheckForm.tsx","308","REDUCED_MOTION_REVIEW","warning"," <select value={region} onChange={(event) => updateRegion(event.target.value)} name=""region"" data-event=""region_select"" data-region={region} className=""min-h-12 rounded-xl border border-slate-200 px-4 text-sm font-medium"
"components/OfferCheckForm.tsx","317","REDUCED_MOTION_REVIEW","warning"," <select value={service} onChange={(event) => setService(event.target.value)} name=""service"" data-source=""offer_check_service_select"" className=""min-h-12 rounded-xl border border-slate-200 px-4 text-sm font-medium outlin"
"components/OfferCheckForm.tsx","327","REDUCED_MOTION_REVIEW","warning"," <input name=""cityOrZip"" className=""min-h-12 rounded-xl border border-slate-200 px-4 text-sm font-medium outline-none transition focus:border-blue-500"" placeholder=""z. B. Regensburg, 93047"" />"
"components/OfferCheckForm.tsx","331","REDUCED_MOTION_REVIEW","warning"," <input name=""desiredDate"" className=""min-h-12 rounded-xl border border-slate-200 px-4 text-sm font-medium outline-none transition focus:border-blue-500"" placeholder=""z. B. nächste Woche, 15.06."" />"
"components/OfferCheckForm.tsx","335","REDUCED_MOTION_REVIEW","warning"," <input name=""quotedPrice"" inputMode=""decimal"" className=""min-h-12 rounded-xl border border-slate-200 px-4 text-sm font-medium outline-none transition focus:border-blue-500"" placeholder=""falls bekannt, z. B. 950 €"" />"
"components/OfferCheckForm.tsx","339","REDUCED_MOTION_REVIEW","warning"," <select name=""offerStatus"" defaultValue=""written_offer"" className=""min-h-12 rounded-xl border border-slate-200 px-4 text-sm font-medium outline-none transition focus:border-blue-500"">"
"components/OfferCheckForm.tsx","349","REDUCED_MOTION_REVIEW","warning"," <select name=""offerConcern"" defaultValue=""price_unclear"" className=""min-h-12 rounded-xl border border-slate-200 px-4 text-sm font-medium outline-none transition focus:border-blue-500"">"
"components/OfferCheckForm.tsx","359","REDUCED_MOTION_REVIEW","warning"," <select name=""deadline"" defaultValue="""" className=""min-h-12 rounded-xl border border-slate-200 px-4 text-sm font-medium outline-none transition focus:border-blue-500"">"
"components/OfferCheckForm.tsx","372","REDUCED_MOTION_REVIEW","warning"," <select name=""offerSourceType"" className=""min-h-12 rounded-xl border border-slate-200 px-4 text-sm font-medium outline-none transition focus:border-blue-500"">"
"components/OfferCheckForm.tsx","382","REDUCED_MOTION_REVIEW","warning"," <input name=""budget"" inputMode=""decimal"" className=""min-h-12 rounded-xl border border-slate-200 px-4 text-sm font-medium outline-none transition focus:border-blue-500"" placeholder=""Was wäre für Sie machbar?"" />"
"components/OfferCheckForm.tsx","423","REDUCED_MOTION_REVIEW","warning"," <textarea name=""offerText"" data-source={hasRedFlagResult ? ""red_flag_offer_text"" : ""offer_check_text""} rows={4} className=""rounded-xl border border-slate-200 px-4 py-3 text-sm font-medium outline-none transition focus:b"
"components/OfferCheckForm.tsx","428","REDUCED_MOTION_REVIEW","warning"," <textarea name=""message"" rows={4} className=""rounded-xl border border-slate-200 px-4 py-3 text-sm font-medium outline-none transition focus:border-blue-500"" placeholder=""Was soll geprüft werden? Umfang, Etage, Zugang, T"
"components/OfferCheckForm.tsx","471","REDUCED_MOTION_REVIEW","warning"," className=""inline-flex min-h-12 items-center justify-center gap-2 rounded-xl bg-slate-950 px-6 text-sm font-black text-white transition hover:bg-blue-700 disabled:cursor-not-allowed disabled:opacity-60"""
"components/OfferCheckForm.tsx","480","REDUCED_MOTION_REVIEW","warning"," className=""inline-flex min-h-12 items-center justify-center rounded-xl border border-emerald-200 bg-emerald-50 px-5 text-sm font-black text-emerald-800 transition hover:bg-emerald-100"""
"components/OfferCheckForm.tsx","487","TOUCH_TARGET_REVIEW","warning"," <a href={`tel:${PHONE_TEL}`} data-event=""phone_click"" data-source={hasRedFlagResult ? ""red_flag_phone"" : ""offer_check_phone""} className=""inline-flex items-center gap-2 transition hover:text-blue-700"">"
"components/OfferCheckForm.tsx","487","FOCUS_STYLE_REVIEW","warning"," <a href={`tel:${PHONE_TEL}`} data-event=""phone_click"" data-source={hasRedFlagResult ? ""red_flag_phone"" : ""offer_check_phone""} className=""inline-flex items-center gap-2 transition hover:text-blue-700"">"
"components/OfferCheckForm.tsx","487","REDUCED_MOTION_REVIEW","warning"," <a href={`tel:${PHONE_TEL}`} data-event=""phone_click"" data-source={hasRedFlagResult ? ""red_flag_phone"" : ""offer_check_phone""} className=""inline-flex items-center gap-2 transition hover:text-blue-700"">"
"components/OfferCheckForm.tsx","491","TOUCH_TARGET_REVIEW","warning"," <a href={`mailto:${EMAIL}`} data-event=""hero_cta_click"" className=""inline-flex items-center gap-2 transition hover:text-blue-700"">"
"components/OfferCheckForm.tsx","491","FOCUS_STYLE_REVIEW","warning"," <a href={`mailto:${EMAIL}`} data-event=""hero_cta_click"" className=""inline-flex items-center gap-2 transition hover:text-blue-700"">"
"components/OfferCheckForm.tsx","491","REDUCED_MOTION_REVIEW","warning"," <a href={`mailto:${EMAIL}`} data-event=""hero_cta_click"" className=""inline-flex items-center gap-2 transition hover:text-blue-700"">"
"components/OfferCheckInlineCTA.tsx","52","REDUCED_MOTION_REVIEW","warning"," className=""inline-flex min-h-11 shrink-0 items-center justify-center gap-2 rounded-lg bg-slate-950 px-5 text-sm font-black text-white transition hover:bg-blue-700"""
"components/OfferComparisonAdsForm.tsx","399","REDUCED_MOTION_REVIEW","warning"," <input name=""name"" autoComplete=""name"" className=""min-h-12 rounded-lg border border-slate-300 bg-white px-4 text-base outline-none transition focus:border-blue-600 focus:ring-4 focus:ring-blue-100"" placeholder=""Vorname "
"components/OfferComparisonAdsForm.tsx","403","REDUCED_MOTION_REVIEW","warning"," <input name=""phone"" type=""tel"" autoComplete=""tel"" className=""min-h-12 rounded-lg border border-slate-300 bg-white px-4 text-base outline-none transition focus:border-blue-600 focus:ring-4 focus:ring-blue-100"" placeholde"
"components/OfferComparisonAdsForm.tsx","407","REDUCED_MOTION_REVIEW","warning"," <input name=""email"" type=""email"" autoComplete=""email"" className=""min-h-12 rounded-lg border border-slate-300 bg-white px-4 text-base outline-none transition focus:border-blue-600 focus:ring-4 focus:ring-blue-100"" placeh"
"components/OfferComparisonAdsForm.tsx","411","REDUCED_MOTION_REVIEW","warning"," <input name=""companyName"" autoComplete=""organization"" className=""min-h-12 rounded-lg border border-slate-300 bg-white px-4 text-base outline-none transition focus:border-blue-600 focus:ring-4 focus:ring-blue-100"" placeh"
"components/OfferComparisonAdsForm.tsx","415","REDUCED_MOTION_REVIEW","warning"," <select name=""region"" defaultValue=""duesseldorf"" className=""min-h-12 rounded-lg border border-slate-300 bg-white px-4 text-base outline-none transition focus:border-blue-600 focus:ring-4 focus:ring-blue-100"">"
"components/OfferComparisonAdsForm.tsx","425","REDUCED_MOTION_REVIEW","warning"," <input name=""cityOrZip"" autoComplete=""address-level2"" className=""min-h-12 rounded-lg border border-slate-300 bg-white px-4 text-base outline-none transition focus:border-blue-600 focus:ring-4 focus:ring-blue-100"" placeh"
"components/OfferComparisonAdsForm.tsx","429","REDUCED_MOTION_REVIEW","warning"," <select name=""requestedService"" defaultValue=""reinigung"" className=""min-h-12 rounded-lg border border-slate-300 bg-white px-4 text-base outline-none transition focus:border-blue-600 focus:ring-4 focus:ring-blue-100"">"
"components/OfferComparisonAdsForm.tsx","439","REDUCED_MOTION_REVIEW","warning"," <select name=""propertyType"" defaultValue=""unklar"" className=""min-h-12 rounded-lg border border-slate-300 bg-white px-4 text-base outline-none transition focus:border-blue-600 focus:ring-4 focus:ring-blue-100"">"
"components/OfferComparisonAdsForm.tsx","449","REDUCED_MOTION_REVIEW","warning"," <select name=""offerStatus"" defaultValue=""upload"" className=""min-h-12 rounded-lg border border-slate-300 bg-white px-4 text-base outline-none transition focus:border-blue-600 focus:ring-4 focus:ring-blue-100"">"
"components/OfferComparisonAdsForm.tsx","459","REDUCED_MOTION_REVIEW","warning"," <select name=""offerConcern"" defaultValue=""price_unclear"" className=""min-h-12 rounded-lg border border-slate-300 bg-white px-4 text-base outline-none transition focus:border-blue-600 focus:ring-4 focus:ring-blue-100"">"
"components/OfferComparisonAdsForm.tsx","469","REDUCED_MOTION_REVIEW","warning"," <select name=""urgency"" defaultValue=""normal"" className=""min-h-12 rounded-lg border border-slate-300 bg-white px-4 text-base outline-none transition focus:border-blue-600 focus:ring-4 focus:ring-blue-100"">"
"components/OfferComparisonAdsForm.tsx","479","REDUCED_MOTION_REVIEW","warning"," <select name=""preferredContact"" defaultValue=""telefon"" className=""min-h-12 rounded-lg border border-slate-300 bg-white px-4 text-base outline-none transition focus:border-blue-600 focus:ring-4 focus:ring-blue-100"">"
"components/OfferComparisonAdsForm.tsx","489","REDUCED_MOTION_REVIEW","warning"," <input name=""desiredDate"" className=""min-h-12 rounded-lg border border-slate-300 bg-white px-4 text-base outline-none transition focus:border-blue-600 focus:ring-4 focus:ring-blue-100"" placeholder=""z. B. nächste Woche, "
"components/OfferComparisonAdsForm.tsx","493","REDUCED_MOTION_REVIEW","warning"," <input name=""quotedPrice"" inputMode=""decimal"" className=""min-h-12 rounded-lg border border-slate-300 bg-white px-4 text-base outline-none transition focus:border-blue-600 focus:ring-4 focus:ring-blue-100"" placeholder=""f"
"components/OfferComparisonAdsForm.tsx","497","REDUCED_MOTION_REVIEW","warning"," <input name=""budget"" inputMode=""decimal"" className=""min-h-12 rounded-lg border border-slate-300 bg-white px-4 text-base outline-none transition focus:border-blue-600 focus:ring-4 focus:ring-blue-100"" placeholder=""freiwi"
"components/OfferComparisonAdsForm.tsx","528","REDUCED_MOTION_REVIEW","warning"," className={`grid min-h-44 w-full cursor-pointer place-items-center rounded-lg border border-dashed p-5 text-center transition focus:outline-none focus:ring-4 focus:ring-blue-100 ${"
"components/OfferComparisonAdsForm.tsx","564","REDUCED_MOTION_REVIEW","warning"," className=""inline-flex h-8 w-8 shrink-0 items-center justify-center rounded-md border border-slate-200 text-slate-500 transition hover:border-red-200 hover:bg-red-50 hover:text-red-700"""
"components/OfferComparisonAdsForm.tsx","580","REDUCED_MOTION_REVIEW","warning"," className=""rounded-lg border border-slate-300 bg-white px-4 py-3 text-base outline-none transition focus:border-blue-600 focus:ring-4 focus:ring-blue-100"""
"components/OfferComparisonAdsForm.tsx","608","REDUCED_MOTION_REVIEW","warning"," className=""inline-flex min-h-14 w-full items-center justify-center gap-2 rounded-lg bg-slate-950 px-6 text-base font-black text-white shadow-[0_16px_34px_rgba(15,23,42,0.18)] transition hover:bg-blue-800 disabled:cursor"
"components/OfferComparisonAdsForm.tsx","619","REDUCED_MOTION_REVIEW","warning"," className=""inline-flex min-h-12 items-center justify-center gap-2 rounded-lg border border-emerald-200 bg-emerald-50 px-5 text-sm font-black text-emerald-800 transition hover:bg-emerald-100"""
"components/OfferConcernSelector.tsx","35","REDUCED_MOTION_REVIEW","warning"," className=""group rounded-lg border border-slate-200 bg-white p-4 shadow-sm shadow-slate-950/5 transition hover:-translate-y-0.5 hover:border-blue-200"""
"components/OfferConcernSelector.tsx","48","REDUCED_MOTION_REVIEW","warning"," <ArrowRight className=""h-4 w-4 transition group-hover:translate-x-0.5"" />"
"components/OfferRedFlagScanner.tsx","322","REDUCED_MOTION_REVIEW","warning"," className=""rounded-[1.25rem] border border-slate-200 bg-white p-4 text-left text-slate-700 transition hover:-translate-y-0.5 hover:border-blue-200 hover:shadow-lg hover:shadow-slate-950/5"""
"components/OfferRedFlagScanner.tsx","354","REDUCED_MOTION_REVIEW","warning"," className={`flex cursor-pointer items-start gap-3 rounded-xl border px-3 py-2 text-sm font-semibold leading-6 transition ${"
"components/OfferRedFlagScanner.tsx","417","REDUCED_MOTION_REVIEW","warning"," className=""inline-flex min-h-12 items-center justify-center gap-2 rounded-xl bg-slate-950 px-5 text-sm font-black text-white transition hover:bg-blue-700"""
"components/OfferRedFlagScanner.tsx","425","REDUCED_MOTION_REVIEW","warning"," className=""inline-flex min-h-12 items-center justify-center gap-2 rounded-xl border border-emerald-200 bg-emerald-50 px-5 text-sm font-black text-emerald-800 transition hover:bg-emerald-100"""
"components/PillarServiceHero.tsx","71","TOUCH_TARGET_REVIEW","warning"," <Link href={primaryHref} className=""flox-button-primary px-6"">"
"components/PillarServiceHero.tsx","71","FOCUS_STYLE_REVIEW","warning"," <Link href={primaryHref} className=""flox-button-primary px-6"">"
"components/PillarServiceHero.tsx","76","TOUCH_TARGET_REVIEW","warning"," <Link href={secondaryHref} className=""flox-button-secondary px-6"">"
"components/PillarServiceHero.tsx","76","FOCUS_STYLE_REVIEW","warning"," <Link href={secondaryHref} className=""flox-button-secondary px-6"">"
"components/PillarServiceHero.tsx","90","REDUCED_MOTION_REVIEW","warning"," className=""rounded-full border border-slate-200 bg-white px-3.5 py-2 text-[11px] font-black uppercase tracking-[0.13em] text-slate-700 transition-all hover:-translate-y-0.5 hover:border-blue-200 hover:bg-blue-50 hover:t"
"components/PillarServicePage.tsx","201","REDUCED_MOTION_REVIEW","warning"," className=""group rounded-[1.35rem] border border-white bg-white px-4 py-4 shadow-sm shadow-slate-950/5 transition hover:-translate-y-0.5 hover:border-blue-200 hover:bg-blue-50"""
"components/PillarServicePage.tsx","205","REDUCED_MOTION_REVIEW","warning"," <ArrowRight className=""h-4 w-4 text-slate-400 transition group-hover:translate-x-0.5 group-hover:text-blue-700"" />"
"components/PillarServicePage.tsx","284","TOUCH_TARGET_REVIEW","warning"," <Link href=""/rechner"" className=""flox-button-primary px-6"">"
"components/PillarServicePage.tsx","284","FOCUS_STYLE_REVIEW","warning"," <Link href=""/rechner"" className=""flox-button-primary px-6"">"
"components/PillarServicePage.tsx","288","TOUCH_TARGET_REVIEW","warning"," <Link href=""/buchung"" className=""flox-button-secondary border-white/12 bg-white/6 px-6 text-white"">"
"components/PillarServicePage.tsx","288","FOCUS_STYLE_REVIEW","warning"," <Link href=""/buchung"" className=""flox-button-secondary border-white/12 bg-white/6 px-6 text-white"">"
"components/PillarServicePage.tsx","366","TOUCH_TARGET_REVIEW","warning"," <Link href=""/buchung"" className=""flox-button-primary px-6"">"
"components/PillarServicePage.tsx","366","FOCUS_STYLE_REVIEW","warning"," <Link href=""/buchung"" className=""flox-button-primary px-6"">"
"components/PillarServicePage.tsx","370","TOUCH_TARGET_REVIEW","warning"," <Link href=""/rechner"" className=""flox-button-secondary px-6"">"
"components/PillarServicePage.tsx","370","FOCUS_STYLE_REVIEW","warning"," <Link href=""/rechner"" className=""flox-button-secondary px-6"">"
"components/PillarServicePage.tsx","410","REDUCED_MOTION_REVIEW","warning"," className=""group rounded-[1.2rem] border border-slate-200 bg-white px-4 py-4 text-sm font-semibold text-slate-700 transition-all hover:border-blue-200 hover:bg-blue-50 hover:text-slate-950"""
"components/PillarServicePage.tsx","414","REDUCED_MOTION_REVIEW","warning"," <ArrowRight className=""h-4 w-4 text-slate-400 transition-all group-hover:translate-x-0.5 group-hover:text-blue-700"" />"
"components/PillarServicePage.tsx","431","REDUCED_MOTION_REVIEW","warning"," className=""rounded-[1.2rem] border border-slate-200 bg-slate-50 px-4 py-4 text-sm font-semibold text-slate-700 transition-all hover:border-blue-200 hover:bg-white hover:text-slate-950"""
"components/PlanBServiceForm.tsx","279","REDUCED_MOTION_REVIEW","warning"," className={`rounded-[1.2rem] border p-4 text-left transition ${"
"components/PlanBServiceForm.tsx","295","REDUCED_MOTION_REVIEW","warning"," <input name=""name"" className=""min-h-12 rounded-xl border border-slate-200 px-4 text-sm font-medium outline-none transition focus:border-blue-500"" placeholder=""Ansprechpartner"" />"
"components/PlanBServiceForm.tsx","299","REDUCED_MOTION_REVIEW","warning"," <input name=""phone"" type=""tel"" className=""min-h-12 rounded-xl border border-slate-200 px-4 text-sm font-medium outline-none transition focus:border-blue-500"" placeholder=""für schnelle Rückfragen"" />"
"components/PlanBServiceForm.tsx","303","REDUCED_MOTION_REVIEW","warning"," <input name=""email"" type=""email"" className=""min-h-12 rounded-xl border border-slate-200 px-4 text-sm font-medium outline-none transition focus:border-blue-500"" placeholder={EMAIL} />"
"components/PlanBServiceForm.tsx","307","REDUCED_MOTION_REVIEW","warning"," <input name=""cityOrZip"" className=""min-h-12 rounded-xl border border-slate-200 px-4 text-sm font-medium outline-none transition focus:border-blue-500"" placeholder=""Regensburg, Kelheim, Düsseldorf..."" />"
"components/PlanBServiceForm.tsx","316","REDUCED_MOTION_REVIEW","warning"," className=""min-h-12 rounded-xl border border-slate-200 px-4 text-sm font-medium outline-none transition focus:border-blue-500"""
"components/PlanBServiceForm.tsx","325","REDUCED_MOTION_REVIEW","warning"," <input name=""deadline"" className=""min-h-12 rounded-xl border border-slate-200 px-4 text-sm font-medium outline-none transition focus:border-blue-500"" placeholder=""z. B. diese Woche, Übergabe am..."" />"
"components/PlanBServiceForm.tsx","334","REDUCED_MOTION_REVIEW","warning"," className=""min-h-12 rounded-xl border border-slate-200 px-4 text-sm font-medium outline-none transition focus:border-blue-500"""
"components/PlanBServiceForm.tsx","343","REDUCED_MOTION_REVIEW","warning"," <select name=""previousOfferSource"" className=""min-h-12 rounded-xl border border-slate-200 px-4 text-sm font-medium outline-none transition focus:border-blue-500"">"
"components/PlanBServiceForm.tsx","351","REDUCED_MOTION_REVIEW","warning"," <input name=""startLocation"" className=""min-h-12 rounded-xl border border-slate-200 px-4 text-sm font-medium outline-none transition focus:border-blue-500"" placeholder=""falls relevant"" />"
"components/PlanBServiceForm.tsx","355","REDUCED_MOTION_REVIEW","warning"," <input name=""destinationLocation"" className=""min-h-12 rounded-xl border border-slate-200 px-4 text-sm font-medium outline-none transition focus:border-blue-500"" placeholder=""falls relevant"" />"
"components/PlanBServiceForm.tsx","359","REDUCED_MOTION_REVIEW","warning"," <input name=""floor"" className=""min-h-12 rounded-xl border border-slate-200 px-4 text-sm font-medium outline-none transition focus:border-blue-500"" placeholder=""z. B. 3. OG"" />"
"components/PlanBServiceForm.tsx","363","REDUCED_MOTION_REVIEW","warning"," <select name=""elevator"" className=""min-h-12 rounded-xl border border-slate-200 px-4 text-sm font-medium outline-none transition focus:border-blue-500"">"
"components/PlanBServiceForm.tsx","372","REDUCED_MOTION_REVIEW","warning"," <input name=""estimatedVolume"" className=""min-h-12 rounded-xl border border-slate-200 px-4 text-sm font-medium outline-none transition focus:border-blue-500"" placeholder=""z. B. 20 Kartons, Keller, 2 Zimmer"" />"
"components/PlanBServiceForm.tsx","376","REDUCED_MOTION_REVIEW","warning"," <input name=""budget"" className=""min-h-12 rounded-xl border border-slate-200 px-4 text-sm font-medium outline-none transition focus:border-blue-500"" placeholder=""falls vorhanden"" />"
"components/PlanBServiceForm.tsx","403","REDUCED_MOTION_REVIEW","warning"," <textarea name=""accessNotes"" rows={4} className=""rounded-xl border border-slate-200 px-4 py-3 text-sm font-medium outline-none transition focus:border-blue-500"" placeholder=""Parken, Hausflur, Etage, Schlüssel, Zugang..."
"components/PlanBServiceForm.tsx","407","REDUCED_MOTION_REVIEW","warning"," <textarea name=""message"" rows={4} className=""rounded-xl border border-slate-200 px-4 py-3 text-sm font-medium outline-none transition focus:border-blue-500"" placeholder=""Warum wirkt Plan A unsicher? Was muss bis wann ab"
"components/PlanBServiceForm.tsx","465","FOCUS_STYLE_REVIEW","warning"," <button type=""submit"" disabled={isSubmitting} data-event=""form_submit"" className=""inline-flex min-h-12 items-center justify-center gap-2 rounded-xl bg-slate-950 px-6 text-sm font-black text-white transition hover:bg-blu"
"components/PlanBServiceForm.tsx","465","REDUCED_MOTION_REVIEW","warning"," <button type=""submit"" disabled={isSubmitting} data-event=""form_submit"" className=""inline-flex min-h-12 items-center justify-center gap-2 rounded-xl bg-slate-950 px-6 text-sm font-black text-white transition hover:bg-blu"
"components/PlanBServiceForm.tsx","469","FOCUS_STYLE_REVIEW","warning"," <a href={whatsappHref} className=""inline-flex min-h-12 items-center justify-center gap-2 rounded-xl border border-emerald-200 bg-emerald-50 px-5 text-sm font-black text-emerald-800 transition hover:bg-emerald-100"" data-"
"components/PlanBServiceForm.tsx","469","REDUCED_MOTION_REVIEW","warning"," <a href={whatsappHref} className=""inline-flex min-h-12 items-center justify-center gap-2 rounded-xl border border-emerald-200 bg-emerald-50 px-5 text-sm font-black text-emerald-800 transition hover:bg-emerald-100"" data-"
"components/PlanBServiceForm.tsx","473","FOCUS_STYLE_REVIEW","warning"," <a href={`mailto:${EMAIL}`} className=""inline-flex min-h-12 items-center justify-center gap-2 rounded-xl border border-slate-200 bg-white px-5 text-sm font-black text-slate-800 transition hover:border-blue-200 hover:bg-"
"components/PlanBServiceForm.tsx","473","REDUCED_MOTION_REVIEW","warning"," <a href={`mailto:${EMAIL}`} className=""inline-flex min-h-12 items-center justify-center gap-2 rounded-xl border border-slate-200 bg-white px-5 text-sm font-black text-slate-800 transition hover:border-blue-200 hover:bg-"
"components/PlanBServiceForm.tsx","481","TOUCH_TARGET_REVIEW","warning"," <a href={`tel:${PHONE_TEL}`} className=""font-black text-slate-950"" data-event=""phone_click"">{PHONE_DISPLAY}</a>"
"components/PlanBServiceForm.tsx","481","FOCUS_STYLE_REVIEW","warning"," <a href={`tel:${PHONE_TEL}`} className=""font-black text-slate-950"" data-event=""phone_click"">{PHONE_DISPLAY}</a>"
"components/PlanGekipptTrigger.tsx","284","REDUCED_MOTION_REVIEW","warning"," className=""grid h-9 w-9 shrink-0 place-items-center rounded-[0.7rem] border border-white/10 bg-white/8 text-slate-200 transition hover:bg-white/12"""
"components/PlanGekipptTrigger.tsx","300","REDUCED_MOTION_REVIEW","warning"," className={`rounded-xl border px-3 py-2.5 text-left text-xs font-black transition ${"
"components/PlanGekipptTrigger.tsx","316","REDUCED_MOTION_REVIEW","warning"," className=""inline-flex min-h-11 items-center justify-center gap-2 rounded-[0.72rem] bg-emerald-500 px-4 text-xs font-black text-white transition hover:bg-emerald-400"""
"components/PlanGekipptTrigger.tsx","325","REDUCED_MOTION_REVIEW","warning"," className=""inline-flex min-h-11 items-center justify-center gap-2 rounded-[0.72rem] border border-cyan-200/20 bg-white px-4 text-xs font-black text-slate-950 transition hover:bg-cyan-50"""
"components/PlanGekipptTrigger.tsx","342","REDUCED_MOTION_REVIEW","warning"," className=""mt-3 text-[11px] font-bold text-slate-400 transition hover:text-white"""
"components/PlanGekipptTrigger.tsx","354","REDUCED_MOTION_REVIEW","warning"," className=""group flex max-w-[18rem] items-center gap-3 rounded-[0.9rem] border border-cyan-200/30 bg-[linear-gradient(135deg,#07111f_0%,#102033_56%,#0f766e_100%)] px-3.5 py-3 text-left text-white shadow-[0_20px_60px_rgb"
"components/PlanGekipptTrigger.tsx","359","REDUCED_MOTION_REVIEW","warning"," <span className=""grid h-10 w-10 shrink-0 place-items-center rounded-[0.72rem] bg-white text-emerald-700 transition group-hover:bg-cyan-50"">"
"components/PlatformOrderCheckForm.tsx","236","REDUCED_MOTION_REVIEW","warning"," <input name=""name"" className=""min-h-12 rounded-xl border border-slate-200 px-4 text-sm font-medium outline-none transition focus:border-blue-500"" placeholder=""Ihr Name"" />"
"components/PlatformOrderCheckForm.tsx","240","REDUCED_MOTION_REVIEW","warning"," <input name=""phone"" type=""tel"" className=""min-h-12 rounded-xl border border-slate-200 px-4 text-sm font-medium outline-none transition focus:border-blue-500"" placeholder=""Für schnelle Rückfragen"" />"
"components/PlatformOrderCheckForm.tsx","244","REDUCED_MOTION_REVIEW","warning"," <input name=""email"" type=""email"" className=""min-h-12 rounded-xl border border-slate-200 px-4 text-sm font-medium outline-none transition focus:border-blue-500"" placeholder={EMAIL} />"
"components/PlatformOrderCheckForm.tsx","248","REDUCED_MOTION_REVIEW","warning"," <select value={region} onChange={(event) => updateRegion(event.target.value)} name=""region"" className=""min-h-12 rounded-xl border border-slate-200 px-4 text-sm font-medium outline-none transition focus:border-blue-500"">"
"components/PlatformOrderCheckForm.tsx","257","REDUCED_MOTION_REVIEW","warning"," <select value={service} onChange={(event) => setService(event.target.value)} name=""service"" className=""min-h-12 rounded-xl border border-slate-200 px-4 text-sm font-medium outline-none transition focus:border-blue-500"">"
"components/PlatformOrderCheckForm.tsx","267","REDUCED_MOTION_REVIEW","warning"," <input name=""cityOrZip"" className=""min-h-12 rounded-xl border border-slate-200 px-4 text-sm font-medium outline-none transition focus:border-blue-500"" placeholder=""z. B. Regensburg, 93047"" />"
"components/PlatformOrderCheckForm.tsx","276","REDUCED_MOTION_REVIEW","warning"," className=""min-h-12 rounded-xl border border-slate-200 px-4 text-sm font-medium outline-none transition focus:border-blue-500"""
"components/PlatformOrderCheckForm.tsx","292","REDUCED_MOTION_REVIEW","warning"," className=""min-h-12 rounded-xl border border-slate-200 px-4 text-sm font-medium outline-none transition focus:border-blue-500"""
"components/PlatformOrderCheckForm.tsx","303","REDUCED_MOTION_REVIEW","warning"," <input name=""desiredDate"" className=""min-h-12 rounded-xl border border-slate-200 px-4 text-sm font-medium outline-none transition focus:border-blue-500"" placeholder=""z. B. 15.06. oder nächste Woche"" />"
"components/PlatformOrderCheckForm.tsx","307","REDUCED_MOTION_REVIEW","warning"," <input name=""quotedPrice"" inputMode=""decimal"" className=""min-h-12 rounded-xl border border-slate-200 px-4 text-sm font-medium outline-none transition focus:border-blue-500"" placeholder=""falls bekannt, z. B. 950 EUR"" />"
"components/PlatformOrderCheckForm.tsx","311","REDUCED_MOTION_REVIEW","warning"," <input name=""budget"" inputMode=""decimal"" className=""min-h-12 rounded-xl border border-slate-200 px-4 text-sm font-medium outline-none transition focus:border-blue-500"" placeholder=""optional"" />"
"components/PlatformOrderCheckForm.tsx","347","REDUCED_MOTION_REVIEW","warning"," <textarea name=""offerText"" data-event=""form_submit"" rows={4} className=""rounded-xl border border-slate-200 px-4 py-3 text-sm font-medium outline-none transition focus:border-blue-500"" placeholder=""Falls Sie keinen Uploa"
"components/PlatformOrderCheckForm.tsx","352","REDUCED_MOTION_REVIEW","warning"," <textarea name=""message"" rows={4} className=""rounded-xl border border-slate-200 px-4 py-3 text-sm font-medium outline-none transition focus:border-blue-500"" placeholder=""Was ist unklar? Umfang, Preis, Etage, Zugang, Ter"
"components/PlatformOrderCheckForm.tsx","396","REDUCED_MOTION_REVIEW","warning"," className=""inline-flex min-h-12 items-center justify-center gap-2 rounded-xl bg-slate-950 px-6 text-sm font-black text-white transition hover:bg-blue-700 disabled:cursor-not-allowed disabled:opacity-60"""
"components/PlatformOrderCheckForm.tsx","404","REDUCED_MOTION_REVIEW","warning"," className=""inline-flex min-h-12 items-center justify-center rounded-xl border border-emerald-200 bg-emerald-50 px-5 text-sm font-black text-emerald-800 transition hover:bg-emerald-100"""
"components/PlatformOrderCheckForm.tsx","411","TOUCH_TARGET_REVIEW","warning"," <a href={`tel:${PHONE_TEL}`} data-event=""phone_click"" className=""inline-flex items-center gap-2 transition hover:text-blue-700"">"
"components/PlatformOrderCheckForm.tsx","411","FOCUS_STYLE_REVIEW","warning"," <a href={`tel:${PHONE_TEL}`} data-event=""phone_click"" className=""inline-flex items-center gap-2 transition hover:text-blue-700"">"
"components/PlatformOrderCheckForm.tsx","411","REDUCED_MOTION_REVIEW","warning"," <a href={`tel:${PHONE_TEL}`} data-event=""phone_click"" className=""inline-flex items-center gap-2 transition hover:text-blue-700"">"
"components/PlatformOrderCheckForm.tsx","415","TOUCH_TARGET_REVIEW","warning"," <a href={`mailto:${EMAIL}`} data-event=""hero_cta_click"" className=""inline-flex items-center gap-2 transition hover:text-blue-700"">"
"components/PlatformOrderCheckForm.tsx","415","FOCUS_STYLE_REVIEW","warning"," <a href={`mailto:${EMAIL}`} data-event=""hero_cta_click"" className=""inline-flex items-center gap-2 transition hover:text-blue-700"">"
"components/PlatformOrderCheckForm.tsx","415","REDUCED_MOTION_REVIEW","warning"," <a href={`mailto:${EMAIL}`} data-event=""hero_cta_click"" className=""inline-flex items-center gap-2 transition hover:text-blue-700"">"
"components/PrivacyConsentField.tsx","22","TOUCH_TARGET_REVIEW","warning"," <a className=""font-bold underline underline-offset-2"" href=""/datenschutz"" target=""_blank"" rel=""noreferrer"">"
"components/PrivacyConsentField.tsx","22","FOCUS_STYLE_REVIEW","warning"," <a className=""font-bold underline underline-offset-2"" href=""/datenschutz"" target=""_blank"" rel=""noreferrer"">"
"components/PrivateClientInquiryForm.tsx","167","REDUCED_MOTION_REVIEW","warning"," className=""h-12 w-full rounded-2xl border border-[#C9A45D]/18 bg-[#14100B] px-4 text-sm font-medium text-[#F6EBDD] outline-none transition focus:border-[#D8B76E]/55"""
"components/PrivateClientInquiryForm.tsx","194","REDUCED_MOTION_REVIEW","warning"," className=""group flex h-14 w-full items-center justify-center gap-3 rounded-2xl bg-[#D8B76E] text-[11px] font-bold uppercase tracking-[0.2em] text-[#120D08] transition hover:bg-[#F0D58B] disabled:opacity-60"""
"components/PrivateClientInquiryForm.tsx","196","REDUCED_MOTION_REVIEW","warning"," {isSubmitting ? <Loader2 className=""h-4 w-4 animate-spin"" /> : <Send className=""h-4 w-4 transition-transform group-hover:translate-x-1"" />}"
"components/PrivateClientInquiryForm.tsx","235","REDUCED_MOTION_REVIEW","warning"," className=""h-12 w-full rounded-2xl border border-[#C9A45D]/18 bg-[#14100B] px-4 text-sm font-medium text-[#F6EBDD] outline-none transition placeholder:text-[#E6D8C3]/25 focus:border-[#D8B76E]/55"""
"components/PrivateClientInquiryForm.tsx","262","REDUCED_MOTION_REVIEW","warning"," className=""h-24 w-full resize-none rounded-2xl border border-[#C9A45D]/18 bg-[#14100B] px-4 py-3 text-sm font-medium text-[#F6EBDD] outline-none transition placeholder:text-[#E6D8C3]/25 focus:border-[#D8B76E]/55"""
"components/ProfessionalHero.tsx","45","REDUCED_MOTION_REVIEW","warning"," className=""inline-flex min-h-12 items-center justify-center gap-2 rounded-lg bg-white px-6 text-sm font-black text-slate-950 transition hover:bg-cyan-50"""
"components/ProfessionalHero.tsx","53","REDUCED_MOTION_REVIEW","warning"," className=""inline-flex min-h-12 items-center justify-center gap-2 rounded-lg border border-white/20 bg-white/10 px-6 text-sm font-black text-white transition hover:bg-white/15"""
"components/ProjectStoryCard.tsx","29","TOUCH_TARGET_REVIEW","warning"," <Link href={story.relatedCTA.href} className=""mt-5 inline-flex items-center gap-2 text-sm font-black text-blue-700"">"
"components/ProjectStoryCard.tsx","29","FOCUS_STYLE_REVIEW","warning"," <Link href={story.relatedCTA.href} className=""mt-5 inline-flex items-center gap-2 text-sm font-black text-blue-700"">"
"components/PropertyOperationsLandingPage.tsx","153","REDUCED_MOTION_REVIEW","warning"," className=""group block rounded-lg border border-white/10 bg-white/[0.045] p-5 transition duration-200 hover:-translate-y-1 hover:border-white/25 hover:bg-white/[0.07] focus:outline-none focus:ring-2 focus:ring-cyan-300"""
"components/PropertyOperationsLandingPage.tsx","159","REDUCED_MOTION_REVIEW","warning"," <ArrowRight className=""h-4 w-4 text-white/55 transition group-hover:translate-x-1 group-hover:text-white"" />"
"components/PropertyOperationsLandingPage.tsx","212","REDUCED_MOTION_REVIEW","warning"," className=""inline-flex min-h-12 items-center justify-center gap-2 rounded-lg bg-white px-5 py-3 text-sm font-bold text-slate-950 transition hover:-translate-y-0.5 hover:bg-cyan-50 focus:outline-none focus:ring-2 focus:r"
"components/PropertyOperationsLandingPage.tsx","221","REDUCED_MOTION_REVIEW","warning"," className=""inline-flex min-h-12 items-center justify-center gap-2 rounded-lg border border-emerald-300/40 bg-emerald-400/12 px-5 py-3 text-sm font-bold text-emerald-50 transition hover:-translate-y-0.5 hover:bg-emerald-"
"components/PropertyOperationsLandingPage.tsx","228","REDUCED_MOTION_REVIEW","warning"," className=""inline-flex min-h-12 items-center justify-center gap-2 rounded-lg border border-white/18 bg-white/8 px-5 py-3 text-sm font-bold text-white transition hover:-translate-y-0.5 hover:bg-white/12 focus:outline-non"
"components/PropertyOperationsLandingPage.tsx","452","REDUCED_MOTION_REVIEW","warning"," <span className=""mt-1 text-xl leading-none text-slate-400 transition group-open:rotate-45"">+</span>"
"components/PropertyOperationsLandingPage.tsx","473","TOUCH_TARGET_REVIEW","warning"," <Link href=""/reinigung"" className=""rounded-lg border border-white/10 px-4 py-2 text-sm font-semibold text-slate-200 transition hover:bg-white/10"">"
"components/PropertyOperationsLandingPage.tsx","473","FOCUS_STYLE_REVIEW","warning"," <Link href=""/reinigung"" className=""rounded-lg border border-white/10 px-4 py-2 text-sm font-semibold text-slate-200 transition hover:bg-white/10"">"
"components/PropertyOperationsLandingPage.tsx","473","REDUCED_MOTION_REVIEW","warning"," <Link href=""/reinigung"" className=""rounded-lg border border-white/10 px-4 py-2 text-sm font-semibold text-slate-200 transition hover:bg-white/10"">"
"components/PropertyOperationsLandingPage.tsx","476","TOUCH_TARGET_REVIEW","warning"," <Link href=""/umzug"" className=""rounded-lg border border-white/10 px-4 py-2 text-sm font-semibold text-slate-200 transition hover:bg-white/10"">"
"components/PropertyOperationsLandingPage.tsx","476","FOCUS_STYLE_REVIEW","warning"," <Link href=""/umzug"" className=""rounded-lg border border-white/10 px-4 py-2 text-sm font-semibold text-slate-200 transition hover:bg-white/10"">"
"components/PropertyOperationsLandingPage.tsx","476","REDUCED_MOTION_REVIEW","warning"," <Link href=""/umzug"" className=""rounded-lg border border-white/10 px-4 py-2 text-sm font-semibold text-slate-200 transition hover:bg-white/10"">"
"components/PropertyOperationsLandingPage.tsx","479","TOUCH_TARGET_REVIEW","warning"," <Link href=""/entruempelung"" className=""rounded-lg border border-white/10 px-4 py-2 text-sm font-semibold text-slate-200 transition hover:bg-white/10"">"
"components/PropertyOperationsLandingPage.tsx","479","FOCUS_STYLE_REVIEW","warning"," <Link href=""/entruempelung"" className=""rounded-lg border border-white/10 px-4 py-2 text-sm font-semibold text-slate-200 transition hover:bg-white/10"">"
"components/PropertyOperationsLandingPage.tsx","479","REDUCED_MOTION_REVIEW","warning"," <Link href=""/entruempelung"" className=""rounded-lg border border-white/10 px-4 py-2 text-sm font-semibold text-slate-200 transition hover:bg-white/10"">"
"components/PropertyOperationsLandingPage.tsx","482","TOUCH_TARGET_REVIEW","warning"," <Link href=""/blog"" className=""rounded-lg border border-white/10 px-4 py-2 text-sm font-semibold text-slate-200 transition hover:bg-white/10"">"
"components/PropertyOperationsLandingPage.tsx","482","FOCUS_STYLE_REVIEW","warning"," <Link href=""/blog"" className=""rounded-lg border border-white/10 px-4 py-2 text-sm font-semibold text-slate-200 transition hover:bg-white/10"">"
"components/PropertyOperationsLandingPage.tsx","482","REDUCED_MOTION_REVIEW","warning"," <Link href=""/blog"" className=""rounded-lg border border-white/10 px-4 py-2 text-sm font-semibold text-slate-200 transition hover:bg-white/10"">"
"components/PropertyOperationsLandingPage.tsx","513","TOUCH_TARGET_REVIEW","warning"," <Link key={item.title} href=""/blog"" className=""rounded-lg border border-white/10 bg-white/[0.04] p-5 transition hover:bg-white/[0.07]"">"
"components/PropertyOperationsLandingPage.tsx","513","FOCUS_STYLE_REVIEW","warning"," <Link key={item.title} href=""/blog"" className=""rounded-lg border border-white/10 bg-white/[0.04] p-5 transition hover:bg-white/[0.07]"">"
"components/PropertyOperationsLandingPage.tsx","513","REDUCED_MOTION_REVIEW","warning"," <Link key={item.title} href=""/blog"" className=""rounded-lg border border-white/10 bg-white/[0.04] p-5 transition hover:bg-white/[0.07]"">"
"components/PropertyOperationsLandingPage.tsx","546","REDUCED_MOTION_REVIEW","warning"," className=""inline-flex min-h-12 items-center justify-center gap-2 rounded-lg bg-white px-5 py-3 text-sm font-bold text-slate-950 transition hover:-translate-y-0.5 hover:bg-cyan-50 focus:outline-none focus:ring-2 focus:r"
"components/PropertyOperationsLandingPage.tsx","555","REDUCED_MOTION_REVIEW","warning"," className=""inline-flex min-h-12 items-center justify-center gap-2 rounded-lg border border-emerald-300/40 bg-emerald-400/12 px-5 py-3 text-sm font-bold text-emerald-50 transition hover:-translate-y-0.5 hover:bg-emerald-"
"components/PropertyOperationsLandingPage.tsx","562","REDUCED_MOTION_REVIEW","warning"," className=""inline-flex min-h-12 items-center justify-center gap-2 rounded-lg border border-white/18 bg-white/8 px-5 py-3 text-sm font-bold text-white transition hover:-translate-y-0.5 hover:bg-white/12 focus:outline-non"
"components/PropertyReadyForm.tsx","278","REDUCED_MOTION_REVIEW","warning"," className={`rounded-[1.25rem] border p-4 text-left transition hover:-translate-y-0.5 ${"
"components/PropertyReadyForm.tsx","298","REDUCED_MOTION_REVIEW","warning"," <input name=""name"" className=""min-h-12 rounded-xl border border-stone-200 px-4 text-sm outline-none transition focus:border-amber-600"" placeholder=""Ansprechpartner"" />"
"components/PropertyReadyForm.tsx","302","REDUCED_MOTION_REVIEW","warning"," <input name=""companyName"" className=""min-h-12 rounded-xl border border-stone-200 px-4 text-sm outline-none transition focus:border-amber-600"" placeholder=""Maklerbuero, Hausverwaltung, Erbengemeinschaft..."" />"
"components/PropertyReadyForm.tsx","311","REDUCED_MOTION_REVIEW","warning"," className=""min-h-12 rounded-xl border border-stone-200 px-4 text-sm outline-none transition focus:border-amber-600"""
"components/PropertyReadyForm.tsx","320","REDUCED_MOTION_REVIEW","warning"," <select name=""objectType"" className=""min-h-12 rounded-xl border border-stone-200 px-4 text-sm outline-none transition focus:border-amber-600"">"
"components/PropertyReadyForm.tsx","328","REDUCED_MOTION_REVIEW","warning"," <input name=""phone"" type=""tel"" className=""min-h-12 rounded-xl border border-stone-200 px-4 text-sm outline-none transition focus:border-amber-600"" placeholder=""für schnelle Rückfragen"" />"
"components/PropertyReadyForm.tsx","332","REDUCED_MOTION_REVIEW","warning"," <input name=""email"" type=""email"" className=""min-h-12 rounded-xl border border-stone-200 px-4 text-sm outline-none transition focus:border-amber-600"" placeholder={EMAIL} />"
"components/PropertyReadyForm.tsx","336","REDUCED_MOTION_REVIEW","warning"," <input name=""objectLocation"" className=""min-h-12 rounded-xl border border-stone-200 px-4 text-sm outline-none transition focus:border-amber-600"" placeholder=""Regensburg, Landkreis, Umgebung..."" />"
"components/PropertyReadyForm.tsx","345","REDUCED_MOTION_REVIEW","warning"," className=""min-h-12 rounded-xl border border-stone-200 px-4 text-sm outline-none transition focus:border-amber-600"""
"components/PropertyReadyForm.tsx","354","REDUCED_MOTION_REVIEW","warning"," <input name=""desiredDate"" className=""min-h-12 rounded-xl border border-stone-200 px-4 text-sm outline-none transition focus:border-amber-600"" placeholder=""z. B. vor Besichtigung, nächste Woche"" />"
"components/PropertyReadyForm.tsx","358","REDUCED_MOTION_REVIEW","warning"," <select name=""urgency"" className=""min-h-12 rounded-xl border border-stone-200 px-4 text-sm outline-none transition focus:border-amber-600"">"
"components/PropertyReadyForm.tsx","366","REDUCED_MOTION_REVIEW","warning"," <input name=""viewingDate"" className=""min-h-12 rounded-xl border border-stone-200 px-4 text-sm outline-none transition focus:border-amber-600"" placeholder=""falls bekannt"" />"
"components/PropertyReadyForm.tsx","370","REDUCED_MOTION_REVIEW","warning"," <input name=""exposePhotoDate"" className=""min-h-12 rounded-xl border border-stone-200 px-4 text-sm outline-none transition focus:border-amber-600"" placeholder=""falls bekannt"" />"
"components/PropertyReadyForm.tsx","374","REDUCED_MOTION_REVIEW","warning"," <input name=""saleDeadline"" className=""min-h-12 rounded-xl border border-stone-200 px-4 text-sm outline-none transition focus:border-amber-600"" placeholder=""z. B. vor Notartermin / Eigentuerwechsel"" />"
"components/PropertyReadyForm.tsx","378","REDUCED_MOTION_REVIEW","warning"," <input name=""budget"" className=""min-h-12 rounded-xl border border-stone-200 px-4 text-sm outline-none transition focus:border-amber-600"" placeholder=""falls es einen Rahmen gibt"" />"
"components/PropertyReadyForm.tsx","395","REDUCED_MOTION_REVIEW","warning"," className={`rounded-xl border px-3 py-3 text-left text-xs font-black transition ${"
"components/PropertyReadyForm.tsx","409","REDUCED_MOTION_REVIEW","warning"," <input name=""areaM2"" className=""min-h-12 rounded-xl border border-stone-200 px-4 text-sm outline-none transition focus:border-amber-600"" placeholder=""z. B. 120 m2"" />"
"components/PropertyReadyForm.tsx","413","REDUCED_MOTION_REVIEW","warning"," <input name=""roomsCount"" inputMode=""numeric"" className=""min-h-12 rounded-xl border border-stone-200 px-4 text-sm outline-none transition focus:border-amber-600"" placeholder=""z. B. 4"" />"
"components/PropertyReadyForm.tsx","417","REDUCED_MOTION_REVIEW","warning"," <input name=""additionalSpaces"" className=""min-h-12 rounded-xl border border-stone-200 px-4 text-sm outline-none transition focus:border-amber-600"" placeholder=""Keller, Garage, Dachboden"" />"
"components/PropertyReadyForm.tsx","421","REDUCED_MOTION_REVIEW","warning"," <input name=""floor"" className=""min-h-12 rounded-xl border border-stone-200 px-4 text-sm outline-none transition focus:border-amber-600"" placeholder=""z. B. 2. OG"" />"
"components/PropertyReadyForm.tsx","428","REDUCED_MOTION_REVIEW","warning"," <select name=""elevator"" className=""min-h-12 rounded-xl border border-stone-200 px-4 text-sm outline-none transition focus:border-amber-600"">"
"components/PropertyReadyForm.tsx","437","REDUCED_MOTION_REVIEW","warning"," <select name=""legalClearanceStatus"" className=""min-h-12 rounded-xl border border-stone-200 px-4 text-sm outline-none transition focus:border-amber-600"">"
"components/PropertyReadyForm.tsx","445","REDUCED_MOTION_REVIEW","warning"," <select name=""hazardousMaterialsStatus"" className=""min-h-12 rounded-xl border border-stone-200 px-4 text-sm outline-none transition focus:border-amber-600"">"
"components/PropertyReadyForm.tsx","453","REDUCED_MOTION_REVIEW","warning"," <input name=""keyStatus"" className=""min-h-12 rounded-xl border border-stone-200 px-4 text-sm outline-none transition focus:border-amber-600"" placeholder=""Schlüssel bei Eigentuemer, Makler, Verwaltung..."" />"
"components/PropertyReadyForm.tsx","460","REDUCED_MOTION_REVIEW","warning"," <textarea name=""accessNotes"" rows={4} className=""rounded-xl border border-stone-200 px-4 py-3 text-sm outline-none transition focus:border-amber-600"" placeholder=""Parken, Trageweg, Kellerzugang, Schlüssel, Ansprechpartn"
"components/PropertyReadyForm.tsx","464","REDUCED_MOTION_REVIEW","warning"," <textarea name=""message"" rows={4} className=""rounded-xl border border-stone-200 px-4 py-3 text-sm outline-none transition focus:border-amber-600"" placeholder=""Was soll vor Verkauf, Besichtigung oder Fototermin vorbereit"
"components/PropertyReadyForm.tsx","513","REDUCED_MOTION_REVIEW","warning"," className=""inline-flex min-h-12 items-center justify-center gap-2 rounded-xl bg-stone-950 px-6 text-sm font-black text-white transition hover:bg-amber-800 disabled:cursor-not-allowed disabled:opacity-60"""
"components/PropertyReadyForm.tsx","521","REDUCED_MOTION_REVIEW","warning"," className=""inline-flex min-h-12 items-center justify-center gap-2 rounded-xl border border-emerald-200 bg-emerald-50 px-5 text-sm font-black text-emerald-800 transition hover:bg-emerald-100"""
"components/PropertyReadyForm.tsx","529","REDUCED_MOTION_REVIEW","warning"," className=""inline-flex min-h-12 items-center justify-center gap-2 rounded-xl border border-amber-200 bg-amber-50 px-5 text-sm font-black text-amber-900 transition hover:bg-amber-100"""
"components/PropertyReadyForm.tsx","534","FOCUS_STYLE_REVIEW","warning"," <a href={`mailto:${EMAIL}`} className=""inline-flex min-h-12 items-center justify-center gap-2 rounded-xl border border-stone-200 bg-white px-5 text-sm font-black text-stone-800 transition hover:bg-stone-50"">"
"components/PropertyReadyForm.tsx","534","REDUCED_MOTION_REVIEW","warning"," <a href={`mailto:${EMAIL}`} className=""inline-flex min-h-12 items-center justify-center gap-2 rounded-xl border border-stone-200 bg-white px-5 text-sm font-black text-stone-800 transition hover:bg-stone-50"">"
"components/PsychologicalCleaningLandingRoute.tsx","176","REDUCED_MOTION_REVIEW","warning"," className=""inline-flex items-center justify-center gap-2 rounded-2xl bg-blue-600 px-5 py-3 text-sm font-semibold text-white shadow-lg shadow-blue-600/20 transition hover:bg-blue-500"""
"components/PsychologicalCleaningLandingRoute.tsx","185","REDUCED_MOTION_REVIEW","warning"," className=""inline-flex items-center justify-center gap-2 rounded-2xl border border-emerald-200 bg-emerald-50 px-5 py-3 text-sm font-semibold text-emerald-800 transition hover:border-emerald-300 hover:bg-emerald-100"""
"components/PsychologicalCleaningLandingRoute.tsx","192","REDUCED_MOTION_REVIEW","warning"," className=""inline-flex items-center justify-center gap-2 rounded-2xl border border-slate-200 bg-white px-5 py-3 text-sm font-semibold text-slate-800 transition hover:border-blue-200 hover:bg-blue-50"""
"components/PsychologicalCleaningLandingRoute.tsx","338","FOCUS_STYLE_REVIEW","warning"," <Link href={bookingHref} className=""inline-flex items-center gap-2 rounded-2xl border border-slate-200 bg-white px-5 py-3 text-sm font-semibold text-slate-800 transition hover:border-blue-200 hover:bg-blue-50"">"
"components/PsychologicalCleaningLandingRoute.tsx","338","REDUCED_MOTION_REVIEW","warning"," <Link href={bookingHref} className=""inline-flex items-center gap-2 rounded-2xl border border-slate-200 bg-white px-5 py-3 text-sm font-semibold text-slate-800 transition hover:border-blue-200 hover:bg-blue-50"">"
"components/PsychologicalCleaningLandingRoute.tsx","401","FOCUS_STYLE_REVIEW","warning"," <Link href={bookingHref} className=""flex items-center justify-between gap-3 rounded-2xl bg-white px-5 py-4 text-sm font-semibold text-slate-950 transition hover:bg-blue-50"">"
"components/PsychologicalCleaningLandingRoute.tsx","401","REDUCED_MOTION_REVIEW","warning"," <Link href={bookingHref} className=""flex items-center justify-between gap-3 rounded-2xl bg-white px-5 py-4 text-sm font-semibold text-slate-950 transition hover:bg-blue-50"">"
"components/PsychologicalCleaningLandingRoute.tsx","405","FOCUS_STYLE_REVIEW","warning"," <a href={whatsappHref} target=""_blank"" rel=""noopener noreferrer"" className=""flex items-center justify-between gap-3 rounded-2xl border border-emerald-300/40 bg-emerald-400/10 px-5 py-4 text-sm font-semibold text-emerald"
"components/PsychologicalCleaningLandingRoute.tsx","405","REDUCED_MOTION_REVIEW","warning"," <a href={whatsappHref} target=""_blank"" rel=""noopener noreferrer"" className=""flex items-center justify-between gap-3 rounded-2xl border border-emerald-300/40 bg-emerald-400/10 px-5 py-4 text-sm font-semibold text-emerald"
"components/PsychologicalCleaningLandingRoute.tsx","409","FOCUS_STYLE_REVIEW","warning"," <a href={`tel:${company.phoneRaw}`} className=""flex items-center justify-between gap-3 rounded-2xl border border-white/10 bg-white/10 px-5 py-4 text-sm font-semibold text-white transition hover:bg-white/15"">"
"components/PsychologicalCleaningLandingRoute.tsx","409","REDUCED_MOTION_REVIEW","warning"," <a href={`tel:${company.phoneRaw}`} className=""flex items-center justify-between gap-3 rounded-2xl border border-white/10 bg-white/10 px-5 py-4 text-sm font-semibold text-white transition hover:bg-white/15"">"
"components/PsychologicalCleaningLandingRoute.tsx","478","REDUCED_MOTION_REVIEW","warning"," className=""group rounded-[1.5rem] border border-slate-200 bg-white p-5 shadow-sm shadow-slate-950/5 transition hover:-translate-y-1 hover:border-blue-200 hover:bg-blue-50/40"""
"components/PsychologicalCleaningLandingRoute.tsx","483","REDUCED_MOTION_REVIEW","warning"," <h3 className=""mt-4 text-xl font-semibold text-slate-950 transition group-hover:text-blue-700"">"
"components/PublicAuthorityModules.tsx","428","REDUCED_MOTION_REVIEW","warning"," <span className=""flox-icon-tile h-12 w-12 transition group-hover:bg-blue-600 group-hover:text-white"">"
"components/QuickAnswerBlock.tsx","27","REDUCED_MOTION_REVIEW","warning"," className=""mt-5 inline-flex min-h-11 items-center justify-center gap-2 rounded-lg bg-slate-950 px-4 text-sm font-black text-white transition hover:bg-blue-700"""
"components/QuickBudgetModal.tsx","188","REDUCED_MOTION_REVIEW","warning"," className=""absolute right-6 top-6 flex h-10 w-10 items-center justify-center rounded-full border border-white/5 bg-white/5 text-white/40 transition-all hover:bg-white/10 hover:text-white"""
"components/QuickBudgetModal.tsx","225","REDUCED_MOTION_REVIEW","warning"," className=""h-14 w-full rounded-2xl border border-white/10 bg-white/5 px-5 text-white outline-none transition-all focus:border-blue-500/50 focus:bg-white/10 focus:ring-4 focus:ring-blue-500/5"""
"components/QuickBudgetModal.tsx","236","REDUCED_MOTION_REVIEW","warning"," <div className=""absolute inset-y-0 left-5 flex items-center text-white/30 transition-colors group-focus-within:text-blue-400"">"
"components/QuickBudgetModal.tsx","246","REDUCED_MOTION_REVIEW","warning"," className=""h-14 w-full rounded-2xl border border-white/10 bg-white/5 pl-14 pr-6 text-white outline-none transition-all focus:border-blue-500/50 focus:bg-white/10 focus:ring-4 focus:ring-blue-500/5"""
"components/QuickBudgetModal.tsx","252","REDUCED_MOTION_REVIEW","warning"," <div className=""absolute inset-y-0 left-5 flex items-center text-white/30 transition-colors group-focus-within:text-blue-400"">"
"components/QuickBudgetModal.tsx","261","REDUCED_MOTION_REVIEW","warning"," className=""h-14 w-full rounded-2xl border border-white/10 bg-white/5 pl-14 pr-6 text-white outline-none transition-all focus:border-blue-500/50 focus:bg-white/10 focus:ring-4 focus:ring-blue-500/5"""
"components/QuickBudgetModal.tsx","266","REDUCED_MOTION_REVIEW","warning"," <div className=""absolute inset-y-0 left-5 flex items-center text-white/30 transition-colors group-focus-within:text-blue-400"">"
"components/QuickBudgetModal.tsx","276","REDUCED_MOTION_REVIEW","warning"," className=""h-14 w-full rounded-2xl border border-white/10 bg-white/5 pl-14 pr-6 text-white outline-none transition-all focus:border-blue-500/50 focus:bg-white/10 focus:ring-4 focus:ring-blue-500/5"""
"components/QuickBudgetModal.tsx","282","REDUCED_MOTION_REVIEW","warning"," <div className=""absolute inset-y-0 left-5 flex items-center text-white/30 transition-colors group-focus-within:text-blue-400"">"
"components/QuickBudgetModal.tsx","291","REDUCED_MOTION_REVIEW","warning"," className=""h-14 w-full rounded-2xl border border-white/10 bg-white/5 pl-14 pr-6 text-white outline-none transition-all focus:border-blue-500/50 focus:bg-white/10 focus:ring-4 focus:ring-blue-500/5"""
"components/QuickBudgetModal.tsx","304","REDUCED_MOTION_REVIEW","warning"," className=""h-24 w-full resize-none rounded-2xl border border-white/10 bg-white/5 px-4 py-3 text-sm text-white outline-none transition-all focus:border-blue-500/50 focus:bg-white/10 focus:ring-4 focus:ring-blue-500/5"""
"components/QuickBudgetModal.tsx","321","REDUCED_MOTION_REVIEW","warning"," className=""group relative flex h-14 w-full items-center justify-center gap-3 overflow-hidden rounded-2xl bg-blue-600 font-bold uppercase tracking-wider text-white shadow-xl shadow-blue-900/40 transition-all hover:bg-blu"
"components/QuickBudgetModal.tsx","326","REDUCED_MOTION_REVIEW","warning"," {!isSubmitting && <Send size={18} className=""relative z-10 transition-transform group-hover:translate-x-1 group-hover:-translate-y-1"" />}"
"components/QuickExpressModal.tsx","265","REDUCED_MOTION_REVIEW","warning"," className=""absolute right-6 top-6 flex h-10 w-10 items-center justify-center rounded-full border border-white/15 bg-white/10 text-slate-100 transition-all hover:bg-white/15 hover:text-white"""
"components/QuickExpressModal.tsx","309","REDUCED_MOTION_REVIEW","warning"," ""relative rounded-2xl border px-4 py-3 text-sm font-black transition-all focus:outline-none focus:ring-4 focus:ring-orange-300/20"","
"components/QuickExpressModal.tsx","356","REDUCED_MOTION_REVIEW","warning"," className=""h-24 w-full resize-none rounded-2xl border border-slate-600 bg-slate-900 px-4 py-3 text-sm text-white placeholder:text-slate-300 outline-none transition-all focus:border-orange-300 focus:bg-slate-800"""
"components/QuickExpressModal.tsx","373","REDUCED_MOTION_REVIEW","warning"," className=""group relative flex h-14 w-full items-center justify-center gap-3 overflow-hidden rounded-2xl bg-orange-300 font-black uppercase tracking-[0.08em] text-slate-950 shadow-xl shadow-orange-900/20 transition-all "
"components/QuickExpressModal.tsx","376","REDUCED_MOTION_REVIEW","warning"," {!isSubmitting && <Send size={18} className=""transition-transform group-hover:translate-x-1 group-hover:-translate-y-1"" />}"
"components/QuickExpressModal.tsx","418","REDUCED_MOTION_REVIEW","warning"," className=""h-14 w-full rounded-2xl border border-slate-600 bg-slate-900 px-4 text-white placeholder:text-slate-300 outline-none transition-all focus:border-orange-300 focus:bg-slate-800"""
"components/RealtorLandlordLinkForm.tsx","262","REDUCED_MOTION_REVIEW","warning"," className={`rounded-2xl border p-4 text-left transition hover:-translate-y-0.5 ${"
"components/RealtorLandlordLinkForm.tsx","281","REDUCED_MOTION_REVIEW","warning"," <input name=""name"" className=""min-h-12 rounded-xl border border-slate-200 px-4 text-sm outline-none transition focus:border-slate-950"" placeholder=""Ansprechpartner"" />"
"components/RealtorLandlordLinkForm.tsx","285","REDUCED_MOTION_REVIEW","warning"," <input name=""companyName"" className=""min-h-12 rounded-xl border border-slate-200 px-4 text-sm outline-none transition focus:border-slate-950"" placeholder=""Maklerbuero, Hausverwaltung, Eigentuemer..."" />"
"components/RealtorLandlordLinkForm.tsx","294","REDUCED_MOTION_REVIEW","warning"," className=""min-h-12 rounded-xl border border-slate-200 px-4 text-sm outline-none transition focus:border-slate-950"""
"components/RealtorLandlordLinkForm.tsx","303","REDUCED_MOTION_REVIEW","warning"," <select name=""objectType"" className=""min-h-12 rounded-xl border border-slate-200 px-4 text-sm outline-none transition focus:border-slate-950"">"
"components/RealtorLandlordLinkForm.tsx","311","REDUCED_MOTION_REVIEW","warning"," <input name=""phone"" type=""tel"" className=""min-h-12 rounded-xl border border-slate-200 px-4 text-sm outline-none transition focus:border-slate-950"" placeholder=""für schnelle Rückfragen"" />"
"components/RealtorLandlordLinkForm.tsx","315","REDUCED_MOTION_REVIEW","warning"," <input name=""email"" type=""email"" className=""min-h-12 rounded-xl border border-slate-200 px-4 text-sm outline-none transition focus:border-slate-950"" placeholder={EMAIL} />"
"components/RealtorLandlordLinkForm.tsx","319","REDUCED_MOTION_REVIEW","warning"," <input name=""objectLocation"" className=""min-h-12 rounded-xl border border-slate-200 px-4 text-sm outline-none transition focus:border-slate-950"" placeholder=""z. B. Regensburg, 93047"" />"
"components/RealtorLandlordLinkForm.tsx","328","REDUCED_MOTION_REVIEW","warning"," className=""min-h-12 rounded-xl border border-slate-200 px-4 text-sm outline-none transition focus:border-slate-950"""
"components/RealtorLandlordLinkForm.tsx","337","REDUCED_MOTION_REVIEW","warning"," <input name=""desiredDate"" className=""min-h-12 rounded-xl border border-slate-200 px-4 text-sm outline-none transition focus:border-slate-950"" placeholder=""z. B. vor Besichtigung, nächste Woche"" />"
"components/RealtorLandlordLinkForm.tsx","341","REDUCED_MOTION_REVIEW","warning"," <input name=""viewingDate"" className=""min-h-12 rounded-xl border border-slate-200 px-4 text-sm outline-none transition focus:border-slate-950"" placeholder=""falls bekannt"" />"
"components/RealtorLandlordLinkForm.tsx","345","REDUCED_MOTION_REVIEW","warning"," <input name=""handoverDate"" className=""min-h-12 rounded-xl border border-slate-200 px-4 text-sm outline-none transition focus:border-slate-950"" placeholder=""falls bekannt"" />"
"components/RealtorLandlordLinkForm.tsx","349","REDUCED_MOTION_REVIEW","warning"," <input name=""unitsCount"" inputMode=""numeric"" className=""min-h-12 rounded-xl border border-slate-200 px-4 text-sm outline-none transition focus:border-slate-950"" placeholder=""1 oder mehrere"" />"
"components/RealtorLandlordLinkForm.tsx","363","REDUCED_MOTION_REVIEW","warning"," className={`rounded-xl border px-3 py-3 text-left text-xs font-black transition ${"
"components/RealtorLandlordLinkForm.tsx","377","REDUCED_MOTION_REVIEW","warning"," <textarea name=""accessNotes"" rows={3} className=""rounded-xl border border-slate-200 px-4 py-3 text-sm outline-none transition focus:border-slate-950"" placeholder=""Wer hat Schlüssel? Zugang möglich? Etage, Aufzug, Parken"
"components/RealtorLandlordLinkForm.tsx","381","REDUCED_MOTION_REVIEW","warning"," <textarea name=""budget"" rows={3} className=""rounded-xl border border-slate-200 px-4 py-3 text-sm outline-none transition focus:border-slate-950"" placeholder=""Falls ein Rahmen oder Kostenziel bekannt ist."" />"
"components/RealtorLandlordLinkForm.tsx","388","REDUCED_MOTION_REVIEW","warning"," <input name=""areaM2"" className=""min-h-12 rounded-xl border border-slate-200 px-4 text-sm outline-none transition focus:border-slate-950"" placeholder=""z. B. 72 m2"" />"
"components/RealtorLandlordLinkForm.tsx","392","REDUCED_MOTION_REVIEW","warning"," <input name=""roomsCount"" inputMode=""numeric"" className=""min-h-12 rounded-xl border border-slate-200 px-4 text-sm outline-none transition focus:border-slate-950"" placeholder=""z. B. 3"" />"
"components/RealtorLandlordLinkForm.tsx","396","REDUCED_MOTION_REVIEW","warning"," <input name=""floor"" className=""min-h-12 rounded-xl border border-slate-200 px-4 text-sm outline-none transition focus:border-slate-950"" placeholder=""z. B. 2. OG"" />"
"components/RealtorLandlordLinkForm.tsx","400","REDUCED_MOTION_REVIEW","warning"," <select name=""elevator"" className=""min-h-12 rounded-xl border border-slate-200 px-4 text-sm outline-none transition focus:border-slate-950"">"
"components/RealtorLandlordLinkForm.tsx","423","REDUCED_MOTION_REVIEW","warning"," <textarea name=""message"" rows={4} className=""rounded-xl border border-slate-200 px-4 py-3 text-sm outline-none transition focus:border-slate-950"" placeholder=""Was ist offen? Was soll vorbereitet werden? Gibt es Besichti"
"components/RealtorLandlordLinkForm.tsx","457","REDUCED_MOTION_REVIEW","warning"," className=""inline-flex min-h-12 items-center justify-center gap-2 rounded-xl bg-slate-950 px-6 text-sm font-black text-white transition hover:bg-blue-800 disabled:cursor-not-allowed disabled:opacity-60"""
"components/RealtorLandlordLinkForm.tsx","465","REDUCED_MOTION_REVIEW","warning"," className=""inline-flex min-h-12 items-center justify-center gap-2 rounded-xl border border-emerald-200 bg-emerald-50 px-5 text-sm font-black text-emerald-800 transition hover:bg-emerald-100"""
"components/RealtorLandlordLinkForm.tsx","470","FOCUS_STYLE_REVIEW","warning"," <a href={`mailto:${EMAIL}`} className=""inline-flex min-h-12 items-center justify-center gap-2 rounded-xl border border-slate-200 bg-white px-5 text-sm font-black text-slate-800 transition hover:bg-slate-50"">"
"components/RealtorLandlordLinkForm.tsx","470","REDUCED_MOTION_REVIEW","warning"," <a href={`mailto:${EMAIL}`} className=""inline-flex min-h-12 items-center justify-center gap-2 rounded-xl border border-slate-200 bg-white px-5 text-sm font-black text-slate-800 transition hover:bg-slate-50"">"
"components/ReferralPartnerCodeForm.tsx","218","REDUCED_MOTION_REVIEW","warning"," className=""min-h-12 flex-1 rounded-xl border border-blue-200 bg-white px-4 text-sm font-black uppercase outline-none transition focus:border-blue-600"""
"components/ReferralPartnerCodeForm.tsx","267","REDUCED_MOTION_REVIEW","warning"," <input name=""referrerName"" className=""min-h-12 rounded-xl border border-slate-200 px-4 text-sm outline-none transition focus:border-blue-600"" placeholder=""Empfehlender"" />"
"components/ReferralPartnerCodeForm.tsx","271","REDUCED_MOTION_REVIEW","warning"," <input name=""referrerPhone"" type=""tel"" className=""min-h-12 rounded-xl border border-slate-200 px-4 text-sm outline-none transition focus:border-blue-600"" placeholder={PHONE_DISPLAY} />"
"components/ReferralPartnerCodeForm.tsx","275","REDUCED_MOTION_REVIEW","warning"," <input name=""referrerEmail"" type=""email"" className=""min-h-12 rounded-xl border border-slate-200 px-4 text-sm outline-none transition focus:border-blue-600"" placeholder={EMAIL} />"
"components/ReferralPartnerCodeForm.tsx","279","REDUCED_MOTION_REVIEW","warning"," <select name=""preferredBonusContactMethod"" className=""min-h-12 rounded-xl border border-slate-200 px-4 text-sm outline-none transition focus:border-blue-600"">"
"components/ReferralPartnerCodeForm.tsx","288","REDUCED_MOTION_REVIEW","warning"," <select name=""referredService"" className=""min-h-12 rounded-xl border border-slate-200 px-4 text-sm outline-none transition focus:border-blue-600"">"
"components/ReferralPartnerCodeForm.tsx","296","REDUCED_MOTION_REVIEW","warning"," <input name=""referredCityOrZip"" className=""min-h-12 rounded-xl border border-slate-200 px-4 text-sm outline-none transition focus:border-blue-600"" placeholder=""z. B. Regensburg, 93047"" />"
"components/ReferralPartnerCodeForm.tsx","314","REDUCED_MOTION_REVIEW","warning"," <input name=""referredPersonName"" className=""min-h-12 rounded-xl border border-amber-200 bg-white px-4 text-sm outline-none transition focus:border-amber-600"" />"
"components/ReferralPartnerCodeForm.tsx","318","REDUCED_MOTION_REVIEW","warning"," <input name=""referredPersonPhone"" className=""min-h-12 rounded-xl border border-amber-200 bg-white px-4 text-sm outline-none transition focus:border-amber-600"" placeholder=""Telefon oder E-Mail"" />"
"components/ReferralPartnerCodeForm.tsx","322","REDUCED_MOTION_REVIEW","warning"," <input name=""referredPersonEmail"" type=""email"" className=""min-h-12 rounded-xl border border-amber-200 bg-white px-4 text-sm outline-none transition focus:border-amber-600"" />"
"components/ReferralPartnerCodeForm.tsx","333","REDUCED_MOTION_REVIEW","warning"," <textarea name=""message"" rows={4} className=""rounded-xl border border-slate-200 px-4 py-3 text-sm outline-none transition focus:border-blue-600"" placeholder=""z. B. Person sucht Endreinigung in Regensburg oder ein Untern"
"components/ReferralPartnerCodeForm.tsx","353","REDUCED_MOTION_REVIEW","warning"," className=""inline-flex min-h-12 items-center justify-center gap-2 rounded-xl bg-slate-950 px-6 text-sm font-black text-white transition hover:bg-blue-800 disabled:cursor-wait disabled:opacity-70"""
"components/ReferralPartnerCodeForm.tsx","362","FOCUS_STYLE_REVIEW","warning"," <a href={`tel:${PHONE_TEL}`} className=""inline-flex items-center justify-center gap-2 rounded-xl border border-slate-200 bg-white px-4 py-3 text-xs font-black text-slate-700"" data-event=""phone_click"">"
"components/ReferralPartnerCodeForm.tsx","366","FOCUS_STYLE_REVIEW","warning"," <a href={`mailto:${EMAIL}`} className=""inline-flex items-center justify-center gap-2 rounded-xl border border-slate-200 bg-white px-4 py-3 text-xs font-black text-slate-700"">"
"components/RegensburgApartmentCleaningForm.tsx","12","REDUCED_MOTION_REVIEW","warning"," ""h-12 w-full rounded-lg border border-slate-200 bg-slate-50 px-4 text-slate-950 outline-none transition focus:border-blue-300 focus:bg-white"";"
"components/RegensburgApartmentCleaningForm.tsx","14","REDUCED_MOTION_REVIEW","warning"," ""min-h-28 w-full rounded-lg border border-slate-200 bg-slate-50 px-4 py-3 text-slate-950 outline-none transition focus:border-blue-300 focus:bg-white"";"
"components/RegensburgApartmentCleaningForm.tsx","234","REDUCED_MOTION_REVIEW","warning"," className=""inline-flex min-h-12 items-center justify-center gap-2 rounded-lg bg-slate-950 px-5 text-sm font-black text-white transition hover:bg-blue-800 disabled:cursor-not-allowed disabled:opacity-70"""
"components/RegensburgApartmentCleaningForm.tsx","246","REDUCED_MOTION_REVIEW","warning"," className=""inline-flex min-h-12 items-center justify-center gap-2 rounded-lg border border-emerald-200 bg-emerald-50 px-5 text-sm font-black text-emerald-800 transition hover:bg-emerald-100"""
"components/RegensburgCleaningBuyerPath.tsx","61","FOCUS_STYLE_REVIEW","warning"," <Link href={bookingHref} className=""group rounded-[1.2rem] bg-white px-4 py-4 text-slate-950 transition hover:bg-cyan-50"">"
"components/RegensburgCleaningBuyerPath.tsx","61","REDUCED_MOTION_REVIEW","warning"," <Link href={bookingHref} className=""group rounded-[1.2rem] bg-white px-4 py-4 text-slate-950 transition hover:bg-cyan-50"">"
"components/RegensburgCleaningBuyerPath.tsx","64","REDUCED_MOTION_REVIEW","warning"," <ArrowRight className=""h-4 w-4 transition group-hover:translate-x-0.5"" />"
"components/RegensburgCleaningBuyerPath.tsx","74","REDUCED_MOTION_REVIEW","warning"," className=""group rounded-[1.2rem] border border-emerald-300/30 bg-emerald-400/10 px-4 py-4 text-white transition hover:bg-emerald-400/20"""
"components/RegensburgCleaningBuyerPath.tsx","78","REDUCED_MOTION_REVIEW","warning"," <MessageCircle className=""h-4 w-4 transition group-hover:translate-x-0.5"" />"
"components/RegensburgCleaningBuyerPath.tsx","86","REDUCED_MOTION_REVIEW","warning"," className=""group rounded-[1.2rem] border border-white/10 bg-white/10 px-4 py-4 text-white transition hover:bg-white/15"""
"components/RegensburgCleaningBuyerPath.tsx","90","REDUCED_MOTION_REVIEW","warning"," <Phone className=""h-4 w-4 transition group-hover:translate-x-0.5"" />"
"components/RegensburgCleaningBuyerPath.tsx","104","REDUCED_MOTION_REVIEW","warning"," className=""group flox-panel rounded-[1.5rem] p-5 transition hover:border-blue-200 hover:bg-blue-50/50"""
"components/RegensburgCleaningBuyerPath.tsx","131","REDUCED_MOTION_REVIEW","warning"," <span className=""mt-6 inline-flex items-center gap-2 text-sm font-black text-blue-700 transition group-hover:text-blue-900"">"
"components/RegensburgCleaningBuyerPath.tsx","133","REDUCED_MOTION_REVIEW","warning"," <ArrowRight className=""h-4 w-4 transition group-hover:translate-x-0.5"" />"
"components/RegensburgCleaningClickDecisionPanel.tsx","123","TOUCH_TARGET_REVIEW","warning"," <Link href={item.href} className=""mt-6 inline-flex items-center gap-2 text-sm font-black text-blue-700 transition hover:text-blue-900"">"
"components/RegensburgCleaningClickDecisionPanel.tsx","123","FOCUS_STYLE_REVIEW","warning"," <Link href={item.href} className=""mt-6 inline-flex items-center gap-2 text-sm font-black text-blue-700 transition hover:text-blue-900"">"
"components/RegensburgCleaningClickDecisionPanel.tsx","123","REDUCED_MOTION_REVIEW","warning"," <Link href={item.href} className=""mt-6 inline-flex items-center gap-2 text-sm font-black text-blue-700 transition hover:text-blue-900"">"
"components/RegensburgCleaningConversionLift.tsx","45","REDUCED_MOTION_REVIEW","warning"," className=""group rounded-[1.25rem] border border-white/10 bg-white px-4 py-4 text-slate-950 transition hover:bg-cyan-50"""
"components/RegensburgCleaningConversionLift.tsx","49","REDUCED_MOTION_REVIEW","warning"," <ArrowRight className=""h-4 w-4 transition group-hover:translate-x-0.5"" />"
"components/RegensburgCleaningConversionLift.tsx","59","REDUCED_MOTION_REVIEW","warning"," className=""group rounded-[1.25rem] border border-emerald-300/30 bg-emerald-400/10 px-4 py-4 text-white transition hover:bg-emerald-400/20"""
"components/RegensburgCleaningConversionLift.tsx","63","REDUCED_MOTION_REVIEW","warning"," <MessageCircle className=""h-4 w-4 transition group-hover:translate-x-0.5"" />"
"components/RegensburgCleaningConversionLift.tsx","71","REDUCED_MOTION_REVIEW","warning"," className=""group rounded-[1.25rem] border border-white/10 bg-white/10 px-4 py-4 text-white transition hover:bg-white/15"""
"components/RegensburgCleaningConversionLift.tsx","75","REDUCED_MOTION_REVIEW","warning"," <Phone className=""h-4 w-4 transition group-hover:translate-x-0.5"" />"
"components/RegensburgCleaningConversionLift.tsx","112","TOUCH_TARGET_REVIEW","warning"," <Link href={item.href} className=""mt-6 inline-flex items-center gap-2 text-sm font-black text-blue-700 transition hover:text-blue-900"">"
"components/RegensburgCleaningConversionLift.tsx","112","FOCUS_STYLE_REVIEW","warning"," <Link href={item.href} className=""mt-6 inline-flex items-center gap-2 text-sm font-black text-blue-700 transition hover:text-blue-900"">"
"components/RegensburgCleaningConversionLift.tsx","112","REDUCED_MOTION_REVIEW","warning"," <Link href={item.href} className=""mt-6 inline-flex items-center gap-2 text-sm font-black text-blue-700 transition hover:text-blue-900"">"
"components/RegensburgCleaningConversionLift.tsx","133","REDUCED_MOTION_REVIEW","warning"," className=""group rounded-[1.2rem] border border-slate-200 bg-slate-50 px-4 py-4 transition hover:border-blue-200 hover:bg-white"""
"components/RegensburgCleaningConversionLift.tsx","135","REDUCED_MOTION_REVIEW","warning"," <h3 className=""text-base font-black text-slate-950 transition group-hover:text-blue-700"">"
"components/RegensburgCleaningLocalSignals.tsx","33","REDUCED_MOTION_REVIEW","warning"," className=""group flex gap-4 py-4 transition hover:text-cyan-100"""
"components/RegensburgCleaningLocalSignals.tsx","40","REDUCED_MOTION_REVIEW","warning"," <ArrowRight className=""ml-auto mt-1 h-4 w-4 shrink-0 text-cyan-200 transition group-hover:translate-x-0.5"" />"
"components/RegensburgCleaningLocalSignals.tsx","74","TOUCH_TARGET_REVIEW","warning"," <Link href={area.href} className=""mt-6 inline-flex items-center gap-2 text-sm font-black text-blue-700 transition hover:text-blue-900"">"
"components/RegensburgCleaningLocalSignals.tsx","74","FOCUS_STYLE_REVIEW","warning"," <Link href={area.href} className=""mt-6 inline-flex items-center gap-2 text-sm font-black text-blue-700 transition hover:text-blue-900"">"
"components/RegensburgCleaningLocalSignals.tsx","74","REDUCED_MOTION_REVIEW","warning"," <Link href={area.href} className=""mt-6 inline-flex items-center gap-2 text-sm font-black text-blue-700 transition hover:text-blue-900"">"
"components/RegensburgCleaningServiceHub.tsx","111","REDUCED_MOTION_REVIEW","warning"," className=""group rounded-[1.1rem] border border-white/10 bg-white/6 px-4 py-4 transition hover:border-cyan-200/40 hover:bg-white/10"""
"components/RegensburgCleaningServiceHub.tsx","115","REDUCED_MOTION_REVIEW","warning"," <ArrowRight className=""h-4 w-4 shrink-0 text-cyan-200 transition group-hover:translate-x-0.5"" />"
"components/RegensburgCleaningServiceHub.tsx","137","REDUCED_MOTION_REVIEW","warning"," className=""group flex items-center justify-between gap-3 rounded-lg border border-slate-200 bg-white px-4 py-3 text-sm font-black text-slate-800 transition hover:border-blue-200 hover:text-blue-700"""
"components/RegensburgCleaningServiceHub.tsx","140","REDUCED_MOTION_REVIEW","warning"," <ArrowRight className=""h-4 w-4 shrink-0 transition group-hover:translate-x-0.5"" aria-hidden=""true"" />"
"components/RegensburgCleaningServiceHub.tsx","196","TOUCH_TARGET_REVIEW","warning"," <Link href={service.href} className=""mt-6 inline-flex items-center gap-2 text-sm font-black text-blue-700 transition hover:text-blue-900"">"
"components/RegensburgCleaningServiceHub.tsx","196","FOCUS_STYLE_REVIEW","warning"," <Link href={service.href} className=""mt-6 inline-flex items-center gap-2 text-sm font-black text-blue-700 transition hover:text-blue-900"">"
"components/RegensburgCleaningServiceHub.tsx","196","REDUCED_MOTION_REVIEW","warning"," <Link href={service.href} className=""mt-6 inline-flex items-center gap-2 text-sm font-black text-blue-700 transition hover:text-blue-900"">"
"components/RegionalDominanceGrid.tsx","46","TOUCH_TARGET_REVIEW","warning"," <Link href=""/regensburg"" className=""card-premium card-depth rounded-[2rem] p-6"">"
"components/RegionalDominanceGrid.tsx","46","FOCUS_STYLE_REVIEW","warning"," <Link href=""/regensburg"" className=""card-premium card-depth rounded-[2rem] p-6"">"
"components/RegionalDominanceGrid.tsx","64","REDUCED_MOTION_REVIEW","warning"," <ArrowRight className=""h-3.5 w-3.5 transition-transform group-hover:translate-x-1"" />"
"components/RegionalDominanceGrid.tsx","73","TOUCH_TARGET_REVIEW","warning"," <Link key={service.href} href={service.href} className=""card-premium card-depth rounded-[1.6rem] p-5"">"
"components/RegionalDominanceGrid.tsx","73","FOCUS_STYLE_REVIEW","warning"," <Link key={service.href} href={service.href} className=""card-premium card-depth rounded-[1.6rem] p-5"">"
"components/RegionalDominanceGrid.tsx","118","REDUCED_MOTION_REVIEW","warning"," className=""flex items-center justify-between rounded-[1.1rem] border border-slate-200 bg-white px-4 py-3 text-slate-700 transition-all hover:border-blue-200 hover:bg-blue-50"""
"components/RegionalDominanceGrid.tsx","153","REDUCED_MOTION_REVIEW","warning"," className=""rounded-full border border-slate-200 bg-white px-4 py-2 text-xs font-semibold text-slate-700 shadow-sm shadow-slate-950/5 transition-all hover:-translate-y-0.5 hover:border-blue-200 hover:bg-blue-50 hover:tex"
"components/RegionalRouteNotice.tsx","40","REDUCED_MOTION_REVIEW","warning"," className=""inline-flex min-h-12 items-center justify-center gap-2 rounded-lg bg-white px-4 text-sm font-black text-slate-950 transition hover:bg-cyan-50"""
"components/RegionalRouteNotice.tsx","50","REDUCED_MOTION_REVIEW","warning"," className=""inline-flex min-h-12 items-center justify-center gap-2 rounded-lg border border-white/16 bg-white/10 px-4 text-sm font-black text-white transition hover:bg-white/15"""
"components/RegionSelector.tsx","47","REDUCED_MOTION_REVIEW","warning"," ""group min-w-0 rounded-lg border bg-white/95 p-4 text-left shadow-sm backdrop-blur transition hover:-translate-y-0.5 hover:bg-white hover:shadow-md focus:outline-none focus:ring-2 focus:ring-blue-500 sm:p-5"","
"components/RegionSelector.tsx","64","REDUCED_MOTION_REVIEW","warning"," className=""h-5 w-5 shrink-0 text-slate-400 transition group-hover:translate-x-0.5 group-hover:text-blue-700"""
"components/RelatedSignatureSuggestion.tsx","37","REDUCED_MOTION_REVIEW","warning"," className=""group rounded-lg border border-slate-200 bg-white p-5 shadow-sm transition hover:-translate-y-0.5 hover:border-blue-200 hover:bg-blue-50/40"""
"components/RelatedSignatureSuggestion.tsx","43","REDUCED_MOTION_REVIEW","warning"," <ArrowRight className=""h-4 w-4 transition group-hover:translate-x-0.5"" aria-hidden=""true"" />"
"components/RentalReadyForm.tsx","274","REDUCED_MOTION_REVIEW","warning"," className={`rounded-[1.2rem] border p-4 text-left transition ${"
"components/RentalReadyForm.tsx","293","REDUCED_MOTION_REVIEW","warning"," <input name=""name"" className=""min-h-12 rounded-xl border border-slate-200 px-4 text-sm font-medium outline-none transition focus:border-orange-500"" placeholder=""Ansprechpartner"" />"
"components/RentalReadyForm.tsx","297","REDUCED_MOTION_REVIEW","warning"," <input name=""companyName"" className=""min-h-12 rounded-xl border border-slate-200 px-4 text-sm font-medium outline-none transition focus:border-orange-500"" placeholder=""Hausverwaltung, Maklerbüro, Eigentümergesellschaft"""
"components/RentalReadyForm.tsx","305","REDUCED_MOTION_REVIEW","warning"," className=""min-h-12 rounded-xl border border-slate-200 px-4 text-sm font-medium outline-none transition focus:border-orange-500"""
"components/RentalReadyForm.tsx","321","REDUCED_MOTION_REVIEW","warning"," className=""min-h-12 rounded-xl border border-slate-200 px-4 text-sm font-medium outline-none transition focus:border-orange-500"""
"components/RentalReadyForm.tsx","332","REDUCED_MOTION_REVIEW","warning"," <input name=""phone"" type=""tel"" className=""min-h-12 rounded-xl border border-slate-200 px-4 text-sm font-medium outline-none transition focus:border-orange-500"" placeholder=""für schnelle Rückfragen"" />"
"components/RentalReadyForm.tsx","336","REDUCED_MOTION_REVIEW","warning"," <input name=""email"" type=""email"" className=""min-h-12 rounded-xl border border-slate-200 px-4 text-sm font-medium outline-none transition focus:border-orange-500"" placeholder={EMAIL} />"
"components/RentalReadyForm.tsx","340","REDUCED_MOTION_REVIEW","warning"," <input name=""objectLocation"" className=""min-h-12 rounded-xl border border-slate-200 px-4 text-sm font-medium outline-none transition focus:border-orange-500"" placeholder=""Regensburg, Neutraubling, Kelheim..."" />"
"components/RentalReadyForm.tsx","344","REDUCED_MOTION_REVIEW","warning"," <select name=""objectType"" className=""min-h-12 rounded-xl border border-slate-200 px-4 text-sm font-medium outline-none transition focus:border-orange-500"">"
"components/RentalReadyForm.tsx","354","REDUCED_MOTION_REVIEW","warning"," <input name=""desiredDate"" className=""min-h-12 rounded-xl border border-slate-200 px-4 text-sm font-medium outline-none transition focus:border-orange-500"" placeholder=""z. B. nächste Woche, vor Besichtigung, vor Übergabe"
"components/RentalReadyForm.tsx","358","REDUCED_MOTION_REVIEW","warning"," <select name=""urgency"" className=""min-h-12 rounded-xl border border-slate-200 px-4 text-sm font-medium outline-none transition focus:border-orange-500"">"
"components/RentalReadyForm.tsx","368","REDUCED_MOTION_REVIEW","warning"," <input name=""viewingDate"" className=""min-h-12 rounded-xl border border-slate-200 px-4 text-sm font-medium outline-none transition focus:border-orange-500"" placeholder=""falls schon bekannt"" />"
"components/RentalReadyForm.tsx","372","REDUCED_MOTION_REVIEW","warning"," <input name=""handoverDate"" className=""min-h-12 rounded-xl border border-slate-200 px-4 text-sm font-medium outline-none transition focus:border-orange-500"" placeholder=""falls schon bekannt"" />"
"components/RentalReadyForm.tsx","376","REDUCED_MOTION_REVIEW","warning"," <input name=""areaM2"" inputMode=""numeric"" className=""min-h-12 rounded-xl border border-slate-200 px-4 text-sm font-medium outline-none transition focus:border-orange-500"" placeholder=""z. B. 72 m²"" />"
"components/RentalReadyForm.tsx","380","REDUCED_MOTION_REVIEW","warning"," <input name=""roomsCount"" inputMode=""numeric"" className=""min-h-12 rounded-xl border border-slate-200 px-4 text-sm font-medium outline-none transition focus:border-orange-500"" placeholder=""z. B. 3"" />"
"components/RentalReadyForm.tsx","384","REDUCED_MOTION_REVIEW","warning"," <input name=""floor"" className=""min-h-12 rounded-xl border border-slate-200 px-4 text-sm font-medium outline-none transition focus:border-orange-500"" placeholder=""z. B. 2. OG"" />"
"components/RentalReadyForm.tsx","388","REDUCED_MOTION_REVIEW","warning"," <select name=""elevator"" className=""min-h-12 rounded-xl border border-slate-200 px-4 text-sm font-medium outline-none transition focus:border-orange-500"">"
"components/RentalReadyForm.tsx","397","REDUCED_MOTION_REVIEW","warning"," <input name=""unitsCount"" inputMode=""numeric"" className=""min-h-12 rounded-xl border border-slate-200 px-4 text-sm font-medium outline-none transition focus:border-orange-500"" placeholder=""1 oder mehrere"" />"
"components/RentalReadyForm.tsx","401","REDUCED_MOTION_REVIEW","warning"," <input name=""budget"" className=""min-h-12 rounded-xl border border-slate-200 px-4 text-sm font-medium outline-none transition focus:border-orange-500"" placeholder=""falls es einen Rahmen gibt"" />"
"components/RentalReadyForm.tsx","420","REDUCED_MOTION_REVIEW","warning"," <textarea name=""accessNotes"" rows={4} className=""rounded-xl border border-slate-200 px-4 py-3 text-sm font-medium outline-none transition focus:border-orange-500"" placeholder=""Wer hat Schlüssel? Zugang möglich? Parkplat"
"components/RentalReadyForm.tsx","424","REDUCED_MOTION_REVIEW","warning"," <textarea name=""message"" rows={4} className=""rounded-xl border border-slate-200 px-4 py-3 text-sm font-medium outline-none transition focus:border-orange-500"" placeholder=""Was ist noch offen: Möbel, Sperrmüll, Reinigung"
"components/RentalReadyForm.tsx","465","REDUCED_MOTION_REVIEW","warning"," className=""inline-flex min-h-12 items-center justify-center gap-2 rounded-xl bg-slate-950 px-6 text-sm font-black text-white transition hover:bg-orange-700 disabled:opacity-60"""
"components/RentalReadyForm.tsx","472","REDUCED_MOTION_REVIEW","warning"," className=""inline-flex min-h-12 items-center justify-center gap-2 rounded-xl border border-emerald-200 bg-emerald-50 px-5 text-sm font-black text-emerald-800 transition hover:bg-emerald-100"""
"components/RentalReadyForm.tsx","478","FOCUS_STYLE_REVIEW","warning"," <a href={`mailto:${EMAIL}`} className=""inline-flex min-h-12 items-center justify-center gap-2 rounded-xl border border-slate-200 bg-white px-5 text-sm font-black text-slate-800 transition hover:border-orange-200 hover:b"
"components/RentalReadyForm.tsx","478","REDUCED_MOTION_REVIEW","warning"," <a href={`mailto:${EMAIL}`} className=""inline-flex min-h-12 items-center justify-center gap-2 rounded-xl border border-slate-200 bg-white px-5 text-sm font-black text-slate-800 transition hover:border-orange-200 hover:b"
"components/RentalReadyForm.tsx","485","TOUCH_TARGET_REVIEW","warning"," Direktkontakt: <a href={`tel:${PHONE_TEL}`} className=""font-black text-slate-950"" data-event=""phone_click"">{PHONE_DISPLAY}</a> · {EMAIL}"
"components/RentalReadyForm.tsx","485","FOCUS_STYLE_REVIEW","warning"," Direktkontakt: <a href={`tel:${PHONE_TEL}`} className=""font-black text-slate-950"" data-event=""phone_click"">{PHONE_DISPLAY}</a> · {EMAIL}"
"components/RequestChecklistBlock.tsx","74","REDUCED_MOTION_REVIEW","warning"," className=""mt-5 inline-flex min-h-11 items-center justify-center gap-2 rounded-lg bg-slate-950 px-5 text-sm font-black text-white transition hover:bg-blue-800"""
"components/RequestTypeCards.tsx","82","REDUCED_MOTION_REVIEW","warning"," className=""group rounded-lg border border-slate-200 bg-white p-5 shadow-sm shadow-slate-950/5 transition hover:-translate-y-0.5 hover:border-blue-200"""
"components/RequestTypeCards.tsx","96","REDUCED_MOTION_REVIEW","warning"," <ArrowRight className=""h-4 w-4 transition group-hover:translate-x-0.5"" />"
"components/ReturnTripBoardForm.tsx","175","REDUCED_MOTION_REVIEW","warning"," <input name=""name"" className=""min-h-12 rounded-xl border border-slate-200 px-4 text-sm font-medium outline-none transition focus:border-emerald-500"" placeholder=""Ansprechpartner"" />"
"components/ReturnTripBoardForm.tsx","179","REDUCED_MOTION_REVIEW","warning"," <input name=""phone"" type=""tel"" className=""min-h-12 rounded-xl border border-slate-200 px-4 text-sm font-medium outline-none transition focus:border-emerald-500"" placeholder=""für schnelle Rückfragen"" />"
"components/ReturnTripBoardForm.tsx","183","REDUCED_MOTION_REVIEW","warning"," <input name=""email"" type=""email"" className=""min-h-12 rounded-xl border border-slate-200 px-4 text-sm font-medium outline-none transition focus:border-emerald-500"" placeholder={EMAIL} />"
"components/ReturnTripBoardForm.tsx","191","REDUCED_MOTION_REVIEW","warning"," className=""min-h-12 rounded-xl border border-slate-200 px-4 text-sm font-medium outline-none transition focus:border-emerald-500"""
"components/ReturnTripBoardForm.tsx","202","REDUCED_MOTION_REVIEW","warning"," <input name=""startLocation"" className=""min-h-12 rounded-xl border border-slate-200 px-4 text-sm font-medium outline-none transition focus:border-emerald-500"" placeholder=""z. B. München, 80331"" />"
"components/ReturnTripBoardForm.tsx","206","REDUCED_MOTION_REVIEW","warning"," <input name=""destinationLocation"" className=""min-h-12 rounded-xl border border-slate-200 px-4 text-sm font-medium outline-none transition focus:border-emerald-500"" placeholder=""z. B. Regensburg, 93047"" />"
"components/ReturnTripBoardForm.tsx","210","REDUCED_MOTION_REVIEW","warning"," <input name=""desiredDate"" className=""min-h-12 rounded-xl border border-slate-200 px-4 text-sm font-medium outline-none transition focus:border-emerald-500"" placeholder=""z. B. KW 24, 15.06., diese Woche"" />"
"components/ReturnTripBoardForm.tsx","214","REDUCED_MOTION_REVIEW","warning"," <input name=""timeWindow"" className=""min-h-12 rounded-xl border border-slate-200 px-4 text-sm font-medium outline-none transition focus:border-emerald-500"" placeholder=""z. B. vormittags, ab 16 Uhr"" />"
"components/ReturnTripBoardForm.tsx","230","REDUCED_MOTION_REVIEW","warning"," className={`rounded-xl border px-3 py-3 text-left text-xs transition ${"
"components/ReturnTripBoardForm.tsx","245","REDUCED_MOTION_REVIEW","warning"," <input name=""estimatedVolume"" className=""min-h-12 rounded-xl border border-slate-200 px-4 text-sm font-medium outline-none transition focus:border-emerald-500"" placeholder=""z. B. 8 Kartons, 2 m³, Sofa"" />"
"components/ReturnTripBoardForm.tsx","249","REDUCED_MOTION_REVIEW","warning"," <input name=""startFloor"" className=""min-h-12 rounded-xl border border-slate-200 px-4 text-sm font-medium outline-none transition focus:border-emerald-500"" placeholder=""z. B. EG, 2. OG"" />"
"components/ReturnTripBoardForm.tsx","253","REDUCED_MOTION_REVIEW","warning"," <input name=""destinationFloor"" className=""min-h-12 rounded-xl border border-slate-200 px-4 text-sm font-medium outline-none transition focus:border-emerald-500"" placeholder=""z. B. 1. OG"" />"
"components/ReturnTripBoardForm.tsx","257","REDUCED_MOTION_REVIEW","warning"," <select name=""startElevator"" className=""min-h-12 rounded-xl border border-slate-200 px-4 text-sm font-medium outline-none transition focus:border-emerald-500"">"
"components/ReturnTripBoardForm.tsx","266","REDUCED_MOTION_REVIEW","warning"," <select name=""destinationElevator"" className=""min-h-12 rounded-xl border border-slate-200 px-4 text-sm font-medium outline-none transition focus:border-emerald-500"">"
"components/ReturnTripBoardForm.tsx","275","REDUCED_MOTION_REVIEW","warning"," <select name=""urgency"" className=""min-h-12 rounded-xl border border-slate-200 px-4 text-sm font-medium outline-none transition focus:border-emerald-500"">"
"components/ReturnTripBoardForm.tsx","285","REDUCED_MOTION_REVIEW","warning"," <textarea name=""itemDescription"" rows={4} className=""rounded-xl border border-slate-200 px-4 py-3 text-sm font-medium outline-none transition focus:border-emerald-500"" placeholder=""Was soll transportiert werden? Gibt es"
"components/ReturnTripBoardForm.tsx","291","REDUCED_MOTION_REVIEW","warning"," <textarea name=""accessNotes"" rows={3} className=""rounded-xl border border-slate-200 px-4 py-3 text-sm font-medium outline-none transition focus:border-emerald-500"" placeholder=""Parken, Laufweg, enge Treppe, Ladezone, An"
"components/ReturnTripBoardForm.tsx","295","REDUCED_MOTION_REVIEW","warning"," <textarea name=""budget"" rows={3} className=""rounded-xl border border-slate-200 px-4 py-3 text-sm font-medium outline-none transition focus:border-emerald-500"" placeholder=""Falls ein Rahmen bekannt ist. Kein Festpreisver"
"components/ReturnTripBoardForm.tsx","349","REDUCED_MOTION_REVIEW","warning"," className=""inline-flex min-h-12 items-center justify-center gap-2 rounded-xl bg-slate-950 px-6 text-sm font-black text-white transition hover:bg-emerald-700 disabled:cursor-not-allowed disabled:opacity-60"""
"components/ReturnTripBoardForm.tsx","357","REDUCED_MOTION_REVIEW","warning"," className=""inline-flex min-h-12 items-center justify-center rounded-xl border border-emerald-200 bg-emerald-50 px-5 text-sm font-black text-emerald-800 transition hover:bg-emerald-100"""
"components/ReturnTripBoardForm.tsx","364","TOUCH_TARGET_REVIEW","warning"," <a href={`tel:${PHONE_TEL}`} data-event=""phone_click"" className=""inline-flex items-center gap-2 transition hover:text-emerald-700"">"
"components/ReturnTripBoardForm.tsx","364","FOCUS_STYLE_REVIEW","warning"," <a href={`tel:${PHONE_TEL}`} data-event=""phone_click"" className=""inline-flex items-center gap-2 transition hover:text-emerald-700"">"
"components/ReturnTripBoardForm.tsx","364","REDUCED_MOTION_REVIEW","warning"," <a href={`tel:${PHONE_TEL}`} data-event=""phone_click"" className=""inline-flex items-center gap-2 transition hover:text-emerald-700"">"
"components/ReturnTripBoardForm.tsx","368","TOUCH_TARGET_REVIEW","warning"," <a href={`mailto:${EMAIL}`} data-event=""hero_cta_click"" className=""inline-flex items-center gap-2 transition hover:text-emerald-700"">"
"components/ReturnTripBoardForm.tsx","368","FOCUS_STYLE_REVIEW","warning"," <a href={`mailto:${EMAIL}`} data-event=""hero_cta_click"" className=""inline-flex items-center gap-2 transition hover:text-emerald-700"">"
"components/ReturnTripBoardForm.tsx","368","REDUCED_MOTION_REVIEW","warning"," <a href={`mailto:${EMAIL}`} data-event=""hero_cta_click"" className=""inline-flex items-center gap-2 transition hover:text-emerald-700"">"
"components/SeoLeadForm.tsx","1209","REDUCED_MOTION_REVIEW","warning"," className=""mt-5 inline-flex min-h-11 items-center justify-center rounded-lg border border-emerald-300 bg-white px-5 text-sm font-black text-emerald-900 transition hover:bg-emerald-100"""
"components/SeoLeadForm.tsx","2198","REDUCED_MOTION_REVIEW","warning"," className=""inline-flex min-h-12 items-center justify-center gap-2 rounded-lg bg-blue-700 px-5 text-sm font-black text-white transition hover:bg-blue-600 disabled:cursor-not-allowed disabled:bg-slate-400"""
"components/ServiceClusterGrid.tsx","109","REDUCED_MOTION_REVIEW","warning"," className=""group min-w-0 rounded-lg border border-slate-200 bg-white p-4 transition hover:-translate-y-0.5 hover:border-blue-200 hover:shadow-sm"""
"components/ServiceClusterGrid.tsx","122","REDUCED_MOTION_REVIEW","warning"," <ArrowRight className=""h-4 w-4 transition group-hover:translate-x-0.5"" aria-hidden=""true"" />"
"components/ServiceFitAdvisor.tsx","45","REDUCED_MOTION_REVIEW","warning"," className=""group min-w-0 rounded-lg border border-slate-200 bg-slate-50 p-4 transition hover:-translate-y-0.5 hover:border-blue-200 hover:bg-white hover:shadow-sm"""
"components/ServiceFitAdvisor.tsx","68","REDUCED_MOTION_REVIEW","warning"," <ArrowRight className=""h-4 w-4 transition group-hover:translate-x-0.5"" aria-hidden=""true"" />"
"components/ServiceIntentSelector.tsx","48","REDUCED_MOTION_REVIEW","warning"," className=""inline-flex items-center justify-between gap-3 rounded-lg border border-slate-200 bg-slate-50 px-4 py-3 text-sm font-black text-slate-800 transition hover:border-blue-200 hover:bg-blue-50"""
"components/ServiceNavigationOverview.tsx","67","REDUCED_MOTION_REVIEW","warning"," className=""group flex min-h-[12rem] flex-col rounded-lg border border-slate-200 bg-white p-4 transition hover:-translate-y-0.5 hover:border-blue-200 hover:shadow-sm"""
"components/ServiceNavigationOverview.tsx","78","REDUCED_MOTION_REVIEW","warning"," <ArrowRight className=""h-4 w-4 transition group-hover:translate-x-0.5"" aria-hidden=""true"" />"
"components/ServicePackageSelector.tsx","96","REDUCED_MOTION_REVIEW","warning"," className=""mt-5 inline-flex min-h-11 items-center justify-center gap-2 rounded-lg bg-slate-950 px-4 text-sm font-black text-white transition hover:bg-blue-800"""
"components/ServicePageCustomerSections.tsx","131","REDUCED_MOTION_REVIEW","warning"," className=""group rounded-lg border border-slate-200 bg-slate-50 p-5 transition hover:border-blue-200 hover:bg-white hover:shadow-sm"""
"components/ServicePageCustomerSections.tsx","142","REDUCED_MOTION_REVIEW","warning"," <ArrowRight className=""h-4 w-4 transition group-hover:translate-x-0.5"" />"
"components/ServicePageCustomerSections.tsx","171","REDUCED_MOTION_REVIEW","warning"," className=""group rounded-lg border border-slate-200 bg-white p-5 shadow-sm transition hover:-translate-y-0.5 hover:border-blue-200 hover:shadow-md"""
"components/ServicePageCustomerSections.tsx","180","REDUCED_MOTION_REVIEW","warning"," <ArrowRight className=""h-4 w-4 transition group-hover:translate-x-0.5"" />"
"components/ServicePageCustomerSections.tsx","220","REDUCED_MOTION_REVIEW","warning"," className=""mt-5 inline-flex min-h-12 items-center justify-center gap-2 rounded-lg bg-slate-950 px-5 text-sm font-black text-white transition hover:bg-blue-800"""
"components/ServicePageCustomerSections.tsx","241","REDUCED_MOTION_REVIEW","warning"," className=""inline-flex min-h-11 items-center gap-2 rounded-lg border border-slate-200 bg-slate-50 px-4 text-sm font-black text-slate-800 transition hover:border-blue-200 hover:bg-white hover:text-blue-700"""
"components/ServiceRequestCompass.tsx","185","REDUCED_MOTION_REVIEW","warning"," className=""flox-service-region-link group grid grid-cols-[auto_1fr_auto] items-center gap-3 rounded-[1rem] border border-slate-200 bg-white px-3 py-3 text-left transition hover:border-blue-200 hover:bg-blue-50/70"""
"components/ServiceRequestCompass.tsx","205","REDUCED_MOTION_REVIEW","warning"," <ArrowRight className=""h-4 w-4 text-slate-300 transition group-hover:translate-x-0.5 group-hover:text-blue-700"" />"
"components/ServiceSelector.tsx","38","REDUCED_MOTION_REVIEW","warning"," ""relative flex items-center gap-2 rounded-full px-6 py-3 text-sm font-medium transition-colors"","
"components/SignatureServiceClarityGrid.tsx","31","TOUCH_TARGET_REVIEW","warning"," <Link href={service.href} className=""mt-5 inline-flex items-center gap-2 text-sm font-black text-blue-700 hover:text-blue-950"">"
"components/SignatureServiceClarityGrid.tsx","31","FOCUS_STYLE_REVIEW","warning"," <Link href={service.href} className=""mt-5 inline-flex items-center gap-2 text-sm font-black text-blue-700 hover:text-blue-950"">"
"components/SmartBookingWizard.tsx","1334","REDUCED_MOTION_REVIEW","warning"," <ArrowRight className=""h-3.5 w-3.5 transition-transform group-hover:translate-x-1"" />"
"components/SmartBookingWizard.tsx","1370","REDUCED_MOTION_REVIEW","warning"," <ArrowRight className=""h-3.5 w-3.5 transition-transform group-hover:translate-x-1"" />"
"components/SmartBookingWizard.tsx","1387","REDUCED_MOTION_REVIEW","warning"," className=""inline-flex h-11 items-center justify-center gap-2 rounded-2xl bg-slate-950 px-5 text-[11px] font-black uppercase tracking-[0.14em] text-white transition hover:-translate-y-0.5 hover:bg-blue-700"""
"components/SmartBookingWizard.tsx","1526","REDUCED_MOTION_REVIEW","warning"," className=""inline-flex min-h-9 w-fit items-center justify-center rounded-xl border border-slate-200 bg-slate-50 px-3 text-xs font-black text-slate-700 transition hover:bg-white"""
"components/SmartBookingWizard.tsx","1588","REDUCED_MOTION_REVIEW","warning"," className=""flex w-full items-center justify-between gap-4 rounded-[1.4rem] border border-slate-200 bg-white p-4 text-left transition hover:border-blue-200 hover:bg-blue-50/40"""
"components/SmartBookingWizard.tsx","1773","REDUCED_MOTION_REVIEW","warning"," className=""inline-flex min-h-11 items-center justify-center rounded-2xl border border-slate-200 bg-white px-5 text-sm font-black text-slate-700 transition hover:bg-slate-50"""
"components/SmartBookingWizard.tsx","1933","REDUCED_MOTION_REVIEW","warning"," className=""flex w-full items-center justify-between gap-4 rounded-[1.4rem] border border-slate-200 bg-white px-4 py-4 text-left text-sm font-black text-slate-900 transition hover:border-blue-200 hover:bg-blue-50/40"""
"components/SmartBookingWizard.tsx","2067","REDUCED_MOTION_REVIEW","warning"," ""rounded-[1.6rem] border p-4 transition-all"","
"components/SmartBookingWizard.tsx","2076","REDUCED_MOTION_REVIEW","warning"," ""flex h-10 w-10 items-center justify-center rounded-full border text-sm font-black transition-all"","
"components/SpecialtyPageLayout.tsx","952","REDUCED_MOTION_REVIEW","warning"," className=""rounded-full border border-slate-200 bg-slate-50 px-3 py-2 text-[11px] font-black uppercase tracking-[0.13em] text-slate-700 transition hover:border-blue-200 hover:bg-blue-50 hover:text-slate-950"""
"components/SpecialtyPageLayout.tsx","1043","REDUCED_MOTION_REVIEW","warning"," className=""group rounded-[1.45rem] border border-slate-200 bg-white px-5 py-5 shadow-sm shadow-slate-950/5 transition-all hover:-translate-y-0.5 hover:border-blue-200 hover:shadow-lg hover:shadow-slate-950/10"""
"components/SpecialtyPageLayout.tsx","1048","REDUCED_MOTION_REVIEW","warning"," <h2 className=""mt-3 text-lg font-semibold text-slate-950 transition-colors group-hover:text-blue-700"">"
"components/SpecialtyPageLayout.tsx","1202","REDUCED_MOTION_REVIEW","warning"," className=""inline-flex min-h-12 items-center justify-center gap-2 rounded-full bg-slate-950 px-5 text-xs font-black uppercase tracking-[0.14em] text-white transition hover:-translate-y-0.5 hover:bg-blue-700"""
"components/SpecialtyPageLayout.tsx","1209","REDUCED_MOTION_REVIEW","warning"," className=""inline-flex min-h-12 items-center justify-center gap-2 rounded-full border border-slate-200 bg-white px-5 text-xs font-black uppercase tracking-[0.14em] text-slate-800 transition hover:-translate-y-0.5 hover:"
"components/SpecialtyPageLayout.tsx","1245","REDUCED_MOTION_REVIEW","warning"," className=""inline-flex min-h-11 items-center gap-3 rounded-[1rem] border border-white/10 bg-white/8 px-4 text-sm font-bold text-white transition hover:bg-white/12"""
"components/SpecialtyPageLayout.tsx","1255","REDUCED_MOTION_REVIEW","warning"," className=""inline-flex min-h-11 items-center gap-3 rounded-[1rem] border border-white/10 bg-white/8 px-4 text-sm font-bold text-white transition hover:bg-white/12"""
"components/SpecialtyPageLayout.tsx","1265","REDUCED_MOTION_REVIEW","warning"," className=""inline-flex min-h-11 items-center gap-3 rounded-[1rem] border border-white/10 bg-white/8 px-4 text-sm font-bold text-white transition hover:bg-white/12"""
"components/SpecialtyPageLayout.tsx","1334","REDUCED_MOTION_REVIEW","warning"," className=""inline-flex h-11 items-center justify-center rounded-full bg-white px-4 text-[11px] font-black uppercase tracking-[0.14em] text-slate-950 transition hover:-translate-y-0.5"""
"components/SpecialtyPageLayout.tsx","1343","REDUCED_MOTION_REVIEW","warning"," className=""inline-flex h-11 items-center justify-center rounded-full border border-white/15 bg-white/8 px-4 text-[11px] font-black uppercase tracking-[0.14em] text-white transition hover:-translate-y-0.5 hover:bg-white/"
"components/SpecialtyPageLayout.tsx","1373","REDUCED_MOTION_REVIEW","warning"," className=""group rounded-[1.4rem] border border-slate-200 bg-white px-5 py-5 transition-all hover:-translate-y-0.5 hover:border-blue-200 hover:shadow-lg hover:shadow-slate-950/10"""
"components/SpecialtyPageLayout.tsx","1378","REDUCED_MOTION_REVIEW","warning"," <h3 className=""mt-3 flex items-center gap-2 text-lg font-semibold text-slate-950 transition-colors group-hover:text-blue-700"">"
"components/SpecialtyPageLayout.tsx","1416","REDUCED_MOTION_REVIEW","warning"," className=""group rounded-[1.35rem] border border-white/80 bg-white/92 p-4 shadow-sm shadow-slate-950/5 transition hover:-translate-y-0.5 hover:border-blue-200 hover:shadow-lg hover:shadow-slate-950/10"""
"components/SpecialtyPageLayout.tsx","1424","REDUCED_MOTION_REVIEW","warning"," <h3 className=""mt-4 text-sm font-black leading-6 text-slate-950 transition-colors group-hover:text-blue-700"">"
"components/SpecialtyPageLayout.tsx","1430","REDUCED_MOTION_REVIEW","warning"," <ArrowRight className=""h-3.5 w-3.5 transition group-hover:translate-x-0.5"" />"
"components/SpecialtyPageLayout.tsx","1522","REDUCED_MOTION_REVIEW","warning"," <span className=""text-xl leading-none text-blue-700 transition-transform group-open:rotate-45"">"
"components/SpecialtyPageLayout.tsx","1603","REDUCED_MOTION_REVIEW","warning"," className=""inline-flex min-h-11 items-center justify-center gap-2 rounded-lg bg-slate-950 px-5 text-sm font-black text-white transition hover:bg-blue-800"""
"components/SpecialtyPageLayout.tsx","1621","REDUCED_MOTION_REVIEW","warning"," className=""inline-flex min-h-11 items-center justify-center gap-2 rounded-lg bg-emerald-500 px-5 text-sm font-black text-white transition hover:bg-emerald-600"""
"components/TenantTurnoverForm.tsx","214","REDUCED_MOTION_REVIEW","warning"," className={`rounded-[1.2rem] border p-4 text-left transition ${"
"components/TenantTurnoverForm.tsx","230","REDUCED_MOTION_REVIEW","warning"," <input name=""name"" className=""min-h-12 rounded-xl border border-slate-200 px-4 text-sm font-medium outline-none transition focus:border-cyan-500"" placeholder=""Ansprechpartner"" />"
"components/TenantTurnoverForm.tsx","234","REDUCED_MOTION_REVIEW","warning"," <input name=""companyName"" className=""min-h-12 rounded-xl border border-slate-200 px-4 text-sm font-medium outline-none transition focus:border-cyan-500"" placeholder=""Hausverwaltung, Maklerbüro, Eigentümergesellschaft"" /"
"components/TenantTurnoverForm.tsx","242","REDUCED_MOTION_REVIEW","warning"," className=""min-h-12 rounded-xl border border-slate-200 px-4 text-sm font-medium outline-none transition focus:border-cyan-500"""
"components/TenantTurnoverForm.tsx","253","REDUCED_MOTION_REVIEW","warning"," <select name=""objectType"" className=""min-h-12 rounded-xl border border-slate-200 px-4 text-sm font-medium outline-none transition focus:border-cyan-500"">"
"components/TenantTurnoverForm.tsx","263","REDUCED_MOTION_REVIEW","warning"," <input name=""phone"" type=""tel"" className=""min-h-12 rounded-xl border border-slate-200 px-4 text-sm font-medium outline-none transition focus:border-cyan-500"" placeholder=""für schnelle Rückfragen"" />"
"components/TenantTurnoverForm.tsx","267","REDUCED_MOTION_REVIEW","warning"," <input name=""email"" type=""email"" className=""min-h-12 rounded-xl border border-slate-200 px-4 text-sm font-medium outline-none transition focus:border-cyan-500"" placeholder={EMAIL} />"
"components/TenantTurnoverForm.tsx","271","REDUCED_MOTION_REVIEW","warning"," <input name=""objectLocation"" className=""min-h-12 rounded-xl border border-slate-200 px-4 text-sm font-medium outline-none transition focus:border-cyan-500"" placeholder=""z. B. Regensburg, 93047"" />"
"components/TenantTurnoverForm.tsx","275","REDUCED_MOTION_REVIEW","warning"," <input name=""desiredDate"" className=""min-h-12 rounded-xl border border-slate-200 px-4 text-sm font-medium outline-none transition focus:border-cyan-500"" placeholder=""z. B. diese Woche, vor 15.06."" />"
"components/TenantTurnoverForm.tsx","294","REDUCED_MOTION_REVIEW","warning"," <input name=""areaM2"" inputMode=""decimal"" className=""min-h-12 rounded-xl border border-slate-200 px-4 text-sm font-medium outline-none transition focus:border-cyan-500"" placeholder=""z. B. 72 m²"" />"
"components/TenantTurnoverForm.tsx","298","REDUCED_MOTION_REVIEW","warning"," <input name=""floor"" className=""min-h-12 rounded-xl border border-slate-200 px-4 text-sm font-medium outline-none transition focus:border-cyan-500"" placeholder=""z. B. 3. OG"" />"
"components/TenantTurnoverForm.tsx","302","REDUCED_MOTION_REVIEW","warning"," <select name=""elevator"" className=""min-h-12 rounded-xl border border-slate-200 px-4 text-sm font-medium outline-none transition focus:border-cyan-500"">"
"components/TenantTurnoverForm.tsx","311","REDUCED_MOTION_REVIEW","warning"," <input name=""keyStatus"" className=""min-h-12 rounded-xl border border-slate-200 px-4 text-sm font-medium outline-none transition focus:border-cyan-500"" placeholder=""z. B. Schlüssel bei Verwaltung"" />"
"components/TenantTurnoverForm.tsx","315","REDUCED_MOTION_REVIEW","warning"," <input name=""unitsCount"" inputMode=""numeric"" className=""min-h-12 rounded-xl border border-slate-200 px-4 text-sm font-medium outline-none transition focus:border-cyan-500"" placeholder=""z. B. 1 oder 4"" />"
"components/TenantTurnoverForm.tsx","319","REDUCED_MOTION_REVIEW","warning"," <select name=""urgency"" className=""min-h-12 rounded-xl border border-slate-200 px-4 text-sm font-medium outline-none transition focus:border-cyan-500"">"
"components/TenantTurnoverForm.tsx","331","REDUCED_MOTION_REVIEW","warning"," <textarea name=""accessNotes"" rows={3} className=""rounded-xl border border-slate-200 px-4 py-3 text-sm font-medium outline-none transition focus:border-cyan-500"" placeholder=""Zugang, Parken, Keller, Müllraum, Ansprechpar"
"components/TenantTurnoverForm.tsx","335","REDUCED_MOTION_REVIEW","warning"," <textarea name=""budget"" rows={3} className=""rounded-xl border border-slate-200 px-4 py-3 text-sm font-medium outline-none transition focus:border-cyan-500"" placeholder=""Falls ein Rahmen oder Kostenziel bekannt ist."" />"
"components/TenantTurnoverForm.tsx","353","REDUCED_MOTION_REVIEW","warning"," <textarea name=""message"" rows={4} className=""rounded-xl border border-slate-200 px-4 py-3 text-sm font-medium outline-none transition focus:border-cyan-500"" placeholder=""Was ist nach dem Auszug offen? Was muss bis wann "
"components/TenantTurnoverForm.tsx","385","REDUCED_MOTION_REVIEW","warning"," className=""inline-flex min-h-12 items-center justify-center gap-2 rounded-xl bg-slate-950 px-6 text-sm font-black text-white transition hover:bg-cyan-700 disabled:cursor-not-allowed disabled:opacity-60"""
"components/TenantTurnoverForm.tsx","393","REDUCED_MOTION_REVIEW","warning"," className=""inline-flex min-h-12 items-center justify-center rounded-xl border border-emerald-200 bg-emerald-50 px-5 text-sm font-black text-emerald-800 transition hover:bg-emerald-100"""
"components/TenantTurnoverForm.tsx","400","TOUCH_TARGET_REVIEW","warning"," <a href={`tel:${PHONE_TEL}`} data-event=""phone_click"" className=""inline-flex items-center gap-2 transition hover:text-cyan-700"">"
"components/TenantTurnoverForm.tsx","400","FOCUS_STYLE_REVIEW","warning"," <a href={`tel:${PHONE_TEL}`} data-event=""phone_click"" className=""inline-flex items-center gap-2 transition hover:text-cyan-700"">"
"components/TenantTurnoverForm.tsx","400","REDUCED_MOTION_REVIEW","warning"," <a href={`tel:${PHONE_TEL}`} data-event=""phone_click"" className=""inline-flex items-center gap-2 transition hover:text-cyan-700"">"
"components/TenantTurnoverForm.tsx","404","TOUCH_TARGET_REVIEW","warning"," <a href={`mailto:${EMAIL}`} data-event=""hero_cta_click"" className=""inline-flex items-center gap-2 transition hover:text-cyan-700"">"
"components/TenantTurnoverForm.tsx","404","FOCUS_STYLE_REVIEW","warning"," <a href={`mailto:${EMAIL}`} data-event=""hero_cta_click"" className=""inline-flex items-center gap-2 transition hover:text-cyan-700"">"
"components/TenantTurnoverForm.tsx","404","REDUCED_MOTION_REVIEW","warning"," <a href={`mailto:${EMAIL}`} data-event=""hero_cta_click"" className=""inline-flex items-center gap-2 transition hover:text-cyan-700"">"
"components/TrustProofPanel.tsx","64","TOUCH_TARGET_REVIEW","warning"," <Link href={signal.cta.href} className=""mt-4 inline-flex items-center gap-2 text-sm font-black text-blue-700"">"
"components/TrustProofPanel.tsx","64","FOCUS_STYLE_REVIEW","warning"," <Link href={signal.cta.href} className=""mt-4 inline-flex items-center gap-2 text-sm font-black text-blue-700"">"
"components/TrustStack.tsx","20","REDUCED_MOTION_REVIEW","warning"," <div className=""bg-card p-6 rounded-3xl border border-border shadow-sm flex flex-col items-center text-center group hover:border-primary/40 transition-colors"">"
"components/TrustStack.tsx","21","REDUCED_MOTION_REVIEW","warning"," <div className=""w-16 h-16 bg-emerald-500/10 rounded-full flex items-center justify-center mb-6 group-hover:scale-110 transition-transform"">"
"components/TrustStack.tsx","30","REDUCED_MOTION_REVIEW","warning"," <div className=""bg-card p-6 rounded-3xl border border-border shadow-sm flex flex-col items-center text-center group hover:border-primary/40 transition-colors"">"
"components/TrustStack.tsx","31","REDUCED_MOTION_REVIEW","warning"," <div className=""w-16 h-16 bg-blue-500/10 rounded-full flex items-center justify-center mb-6 group-hover:scale-110 transition-transform"">"
"components/TrustStack.tsx","40","REDUCED_MOTION_REVIEW","warning"," <div className=""bg-card p-6 rounded-3xl border border-border shadow-sm flex flex-col items-center text-center group hover:border-primary/40 transition-colors"">"
"components/TrustStack.tsx","41","REDUCED_MOTION_REVIEW","warning"," <div className=""w-16 h-16 bg-primary/10 rounded-full flex items-center justify-center mb-6 group-hover:scale-110 transition-transform"">"
"components/TrustStack.tsx","50","REDUCED_MOTION_REVIEW","warning"," <div className=""bg-card p-6 rounded-3xl border border-border shadow-sm flex flex-col items-center text-center group hover:border-primary/40 transition-colors"">"
"components/TrustStack.tsx","51","REDUCED_MOTION_REVIEW","warning"," <div className=""w-16 h-16 bg-amber-500/10 rounded-full flex items-center justify-center mb-6 group-hover:scale-110 transition-transform"">"
"components/TrustStack.tsx","82","REDUCED_MOTION_REVIEW","warning"," className=""inline-flex items-center justify-center rounded-full bg-primary px-4 py-2 text-sm font-bold text-primary-foreground hover:bg-primary/90 transition-colors"""
"components/UploadDropCard.tsx","71","REDUCED_MOTION_REVIEW","warning"," className={`group relative grid min-h-[11rem] cursor-pointer gap-4 rounded-[0.9rem] border border-dashed p-4 text-left shadow-sm shadow-slate-950/5 transition hover:-translate-y-0.5 hover:shadow-lg hover:shadow-slate-95"
"components/UploadDropCard.tsx","95","REDUCED_MOTION_REVIEW","warning"," <span className={`inline-flex min-h-11 items-center justify-center rounded-full px-4 text-xs font-black shadow-sm transition ${classes.button}`}>"
"components/WhatsAppButton.tsx","89","REDUCED_MOTION_REVIEW","warning"," className=""flox-whatsapp-cta group relative flex min-h-[70px] w-[302px] items-center gap-3 overflow-hidden rounded-[1.1rem] px-3.5 py-3 text-left transition-[transform,box-shadow,border-color,background-color] duration-"
"components/WhatsAppButton.tsx","95","REDUCED_MOTION_REVIEW","warning"," <span className=""flox-whatsapp-cta__icon relative z-10 flex h-12 w-12 shrink-0 items-center justify-center transition-transform duration-200"">"
"components/WhatsAppButton.tsx","113","REDUCED_MOTION_REVIEW","warning"," <span className=""relative z-10 flex h-8 w-8 shrink-0 items-center justify-center rounded-[0.7rem] border border-white/25 bg-white/12 text-white transition group-hover:translate-x-0.5 group-hover:bg-white/18"">"
"components/ui/GlassCard.tsx","13","REDUCED_MOTION_REVIEW","warning"," ""glass rounded-2xl p-6 transition-all duration-300 hover:shadow-xl border border-white/10"","
"components/ui/PremiumButton.tsx","45","REDUCED_MOTION_REVIEW","warning"," ""group inline-flex items-center justify-center gap-3 rounded-2xl font-bold tracking-[0.08em] transition-all duration-300"","
"components/trust/ReviewCarousel.tsx","130","REDUCED_MOTION_REVIEW","warning"," ""rounded-full border px-3.5 py-2 text-[10px] font-black uppercase tracking-[0.15em] transition-all"","
"components/trust/ReviewCarousel.tsx","206","REDUCED_MOTION_REVIEW","warning"," className=""group rounded-[1rem] border border-slate-200 bg-slate-50/80 px-4 py-3 transition-all hover:border-blue-200 hover:bg-blue-50"""
"components/trust/ReviewCarousel.tsx","210","REDUCED_MOTION_REVIEW","warning"," <ArrowRight className=""h-4 w-4 text-blue-700 transition-transform group-hover:translate-x-0.5"" />"
"components/trust/TrustBlock.tsx","131","REDUCED_MOTION_REVIEW","warning"," <div className=""flex items-center gap-4 rounded-[22px] border border-white/10 bg-[#11131A] p-4 transition-colors hover:bg-white/[0.03]"">"
"components/services/GermanSignatureServicesHub.tsx","126","REDUCED_MOTION_REVIEW","warning"," className=""group rounded-lg border border-slate-200 bg-white p-5 shadow-sm outline-none transition hover:-translate-y-0.5 hover:border-cyan-600 focus-visible:ring-2 focus-visible:ring-cyan-600"""
"components/services/GermanSignatureServicesHub.tsx","133","REDUCED_MOTION_REVIEW","warning"," <ArrowRight className=""h-4 w-4 transition group-hover:translate-x-0.5"" aria-hidden=""true"" />"
"components/services/GermanSignatureServicesHub.tsx","271","REDUCED_MOTION_REVIEW","warning"," className=""group flex items-start justify-between gap-3 rounded-xl border border-slate-200 bg-white p-4 text-sm font-bold leading-6 text-slate-800 outline-none transition hover:border-cyan-600 focus-visible:ring-2 focus"
"components/services/GermanSignatureServicesHub.tsx","279","REDUCED_MOTION_REVIEW","warning"," <ArrowRight className=""mt-1 h-4 w-4 shrink-0 text-blue-800 transition group-hover:translate-x-0.5"" aria-hidden=""true"" />"
"components/services/StrategicServiceFinder.tsx","233","FOCUS_STYLE_REVIEW","warning"," {result.signature ? <div className=""mt-6 rounded-2xl bg-slate-950 p-5 text-white""><p className=""text-xs font-black uppercase tracking-[0.1em] text-cyan-200"">{copy.signature}</p><h3 className=""mt-2 text-xl font-black"">{r"
"components/services/StrategicServiceFinder.tsx","237","TOUCH_TARGET_REVIEW","warning"," {result.primary.faqLinks.slice(0, 2).map((link) => <Link key={link.href} href={link.href} prefetch={false} className=""rounded-xl border border-slate-200 bg-slate-50 p-4 text-sm font-black text-blue-900 outline-none focu"
"components/services/StrategicServiceFinder.tsx","238","TOUCH_TARGET_REVIEW","warning"," {result.primary.articleLinks.slice(0, 2).map((link) => <Link key={link.href} href={link.href} prefetch={false} className=""rounded-xl border border-slate-200 bg-slate-50 p-4 text-sm font-black text-blue-900 outline-none "
"components/seo/AiServiceRecommendationPanel.tsx","287","REDUCED_MOTION_REVIEW","warning"," className=""flox-click-card flox-card-lift group grid gap-4 rounded-[1.55rem] border border-slate-200 bg-white p-5 shadow-sm shadow-slate-950/5 transition hover:-translate-y-0.5 hover:border-blue-200 hover:shadow-xl hove"
"components/seo/AiServiceRecommendationPanel.tsx","290","REDUCED_MOTION_REVIEW","warning"," <span className=""flex h-12 w-12 items-center justify-center rounded-2xl bg-slate-950 text-white transition group-hover:bg-blue-600"">"
"components/seo/AiServiceRecommendationPanel.tsx","301","REDUCED_MOTION_REVIEW","warning"," <span className=""flox-magnetic-cta inline-flex w-fit items-center gap-2 rounded-full border border-blue-100 bg-blue-50 px-3 py-2 text-[10px] font-black uppercase tracking-[0.14em] text-blue-700 transition group-hover:bo"
"components/seo/BookingProcessPanel.tsx","97","REDUCED_MOTION_REVIEW","warning"," className=""premium-scan group rounded-[2rem] border border-foreground/10 bg-[linear-gradient(180deg,rgba(255,255,255,0.06),rgba(255,255,255,0.02))] p-7 transition-all hover:-translate-y-1 hover:border-blue-300/25"""
"components/seo/BookingProcessPanel.tsx","106","REDUCED_MOTION_REVIEW","warning"," <ArrowRight className=""h-3.5 w-3.5 transition-transform group-hover:translate-x-1"" />"
"components/seo/ContactTrustPanel.tsx","76","REDUCED_MOTION_REVIEW","warning"," className=""group flex items-center justify-between rounded-2xl border border-slate-200 bg-slate-50 px-5 py-4 text-slate-700 transition hover:border-blue-300/25 hover:bg-blue-50 hover:text-slate-900"""
"components/seo/ContactTrustPanel.tsx","82","REDUCED_MOTION_REVIEW","warning"," <ArrowRight className=""h-4 w-4 text-blue-700 transition-transform group-hover:translate-x-1"" />"
"components/seo/ContactTrustPanel.tsx","97","REDUCED_MOTION_REVIEW","warning"," className=""group flex items-center justify-between rounded-2xl border border-emerald-200 bg-emerald-50 px-5 py-4 text-emerald-800 transition hover:border-emerald-300 hover:bg-emerald-100 hover:text-emerald-950"""
"components/seo/ContactTrustPanel.tsx","103","REDUCED_MOTION_REVIEW","warning"," <ArrowRight className=""h-4 w-4 text-emerald-600 transition-transform group-hover:translate-x-1"" />"
"components/seo/ContactTrustPanel.tsx","109","REDUCED_MOTION_REVIEW","warning"," className=""group flex items-center justify-between rounded-2xl border border-slate-200 bg-slate-50 px-5 py-4 text-slate-700 transition hover:border-blue-300/25 hover:bg-blue-50 hover:text-slate-900"""
"components/seo/ContactTrustPanel.tsx","115","REDUCED_MOTION_REVIEW","warning"," <ArrowRight className=""h-4 w-4 text-blue-700 transition-transform group-hover:translate-x-1"" />"
"components/seo/ContactTrustPanel.tsx","121","REDUCED_MOTION_REVIEW","warning"," className=""group flex items-center justify-between rounded-2xl border border-slate-200 bg-slate-50 px-5 py-4 text-slate-700 transition hover:border-blue-300/25 hover:bg-blue-50 hover:text-slate-900"""
"components/seo/ContactTrustPanel.tsx","127","REDUCED_MOTION_REVIEW","warning"," <ArrowRight className=""h-4 w-4 text-blue-700 transition-transform group-hover:translate-x-1"" />"
"components/seo/ContactTrustPanel.tsx","158","REDUCED_MOTION_REVIEW","warning"," className=""premium-scan group rounded-[1.75rem] border border-slate-200 bg-white p-6 shadow-sm shadow-slate-950/5 transition hover:-translate-y-1 hover:border-blue-300/25"""
"components/seo/ContactTrustPanel.tsx","167","REDUCED_MOTION_REVIEW","warning"," <ArrowRight className=""h-3.5 w-3.5 transition-transform group-hover:translate-x-1"" />"
"components/seo/ContactTrustPanel.tsx","191","REDUCED_MOTION_REVIEW","warning"," className=""mt-4 inline-flex items-center gap-2 text-sm font-bold text-blue-700 transition hover:text-blue-900"""
"components/seo/CostDriverMatrix.tsx","84","REDUCED_MOTION_REVIEW","warning"," <ArrowRight className=""h-3.5 w-3.5 transition-transform group-hover:translate-x-1"" />"
"components/seo/CustomerIntentRouter.tsx","69","REDUCED_MOTION_REVIEW","warning"," className=""premium-scan group flex min-h-[300px] flex-col rounded-[2rem] border border-slate-200 bg-white/80 p-7 transition-all hover:-translate-y-1 hover:border-blue-300 hover:shadow-lg hover:shadow-blue-900/5"""
"components/seo/CustomerIntentRouter.tsx","83","REDUCED_MOTION_REVIEW","warning"," <ArrowRight className=""h-3.5 w-3.5 transition-transform group-hover:translate-x-1"" />"
"components/seo/DecisionProofGrid.tsx","69","REDUCED_MOTION_REVIEW","warning"," className=""premium-scan group flex min-h-[330px] min-w-0 flex-col rounded-[1rem] border border-foreground/10 bg-[linear-gradient(180deg,rgba(255,255,255,0.065),rgba(255,255,255,0.022))] p-7 transition-all hover:-transla"
"components/seo/DecisionProofGrid.tsx","90","REDUCED_MOTION_REVIEW","warning"," <ArrowRight className=""h-3.5 w-3.5 transition-transform group-hover:translate-x-1"" />"
"components/seo/DecisionProofGrid.tsx","110","TOUCH_TARGET_REVIEW","warning"," <Link href=""/blog/preisrahmen-vorpruefung-statt-festpreis"" className=""inline-flex items-center gap-2 text-[11px] font-bold uppercase tracking-[0.16em] text-emerald-600 "">"
"components/seo/DecisionProofGrid.tsx","110","FOCUS_STYLE_REVIEW","warning"," <Link href=""/blog/preisrahmen-vorpruefung-statt-festpreis"" className=""inline-flex items-center gap-2 text-[11px] font-bold uppercase tracking-[0.16em] text-emerald-600 "">"
"components/seo/DominanceLinkMap.tsx","106","REDUCED_MOTION_REVIEW","warning"," className=""group flex min-w-0 items-center justify-between gap-3 rounded-[0.9rem] border border-foreground/8 bg-foreground/5 px-4 py-3 text-sm font-semibold text-foreground/58 transition-all hover:border-blue-300/25 hov"
"components/seo/DominanceLinkMap.tsx","109","REDUCED_MOTION_REVIEW","warning"," <ArrowRight className=""h-4 w-4 text-blue-700 transition-transform group-hover:translate-x-1"" />"
"components/seo/LocalSeoSignalPanel.tsx","78","TOUCH_TARGET_REVIEW","warning"," <a href={`tel:${company.phoneRaw}`} className=""flox-subtle-link block hover:text-blue-700"">"
"components/seo/LocalSeoSignalPanel.tsx","78","FOCUS_STYLE_REVIEW","warning"," <a href={`tel:${company.phoneRaw}`} className=""flox-subtle-link block hover:text-blue-700"">"
"components/seo/LocalSeoSignalPanel.tsx","81","TOUCH_TARGET_REVIEW","warning"," <a href={`mailto:${company.email}`} className=""flox-subtle-link block hover:text-blue-700"">"
"components/seo/LocalSeoSignalPanel.tsx","81","FOCUS_STYLE_REVIEW","warning"," <a href={`mailto:${company.email}`} className=""flox-subtle-link block hover:text-blue-700"">"
"components/seo/ProviderComparisonPanel.tsx","87","REDUCED_MOTION_REVIEW","warning"," className=""premium-scan group flex min-h-[285px] min-w-0 flex-col rounded-[1rem] border border-foreground/10 bg-[linear-gradient(180deg,rgba(255,255,255,0.06),rgba(255,255,255,0.02))] p-7 transition-all hover:-translate"
"components/seo/ProviderComparisonPanel.tsx","105","REDUCED_MOTION_REVIEW","warning"," <ArrowRight className=""h-3.5 w-3.5 transition-transform group-hover:translate-x-1"" />"
"components/seo/SearchDominanceExperience.tsx","801","REDUCED_MOTION_REVIEW","warning"," className=""flox-magnetic-cta inline-flex min-h-11 items-center justify-center gap-2 rounded-2xl bg-blue-600 px-4 py-3 text-sm font-black text-white transition hover:-translate-y-0.5 hover:bg-blue-700"""
"components/seo/SearchDominanceExperience.tsx","809","REDUCED_MOTION_REVIEW","warning"," className=""inline-flex min-h-11 items-center justify-center gap-2 rounded-2xl border border-slate-200 bg-slate-50 px-4 py-3 text-sm font-black text-slate-950 transition hover:-translate-y-0.5 hover:bg-white"""
"components/seo/SearchDominanceExperience.tsx","841","REDUCED_MOTION_REVIEW","warning"," className=""group rounded-[1.15rem] border border-blue-100 bg-blue-50/70 p-4 transition hover:-translate-y-0.5 hover:border-blue-200 hover:bg-white hover:shadow-lg hover:shadow-blue-950/10"""
"components/seo/SearchDominanceExperience.tsx","853","REDUCED_MOTION_REVIEW","warning"," <ArrowRight className=""h-3.5 w-3.5 transition group-hover:translate-x-0.5"" />"
"components/seo/SearchDominanceExperience.tsx","891","REDUCED_MOTION_REVIEW","warning"," <ArrowRight className=""flox-search-action-arrow h-4 w-4 transition group-hover:translate-x-0.5"" />"
"components/seo/SearchDominanceExperience.tsx","1035","REDUCED_MOTION_REVIEW","warning"," className=""flox-dominance-row rounded-[1.3rem] border border-white/10 bg-white/[0.08] p-4 transition hover:-translate-y-0.5 hover:bg-white/[0.12]"""
"components/seo/SearchDominanceExperience.tsx","1063","REDUCED_MOTION_REVIEW","warning"," <article className=""flox-click-card group flex h-full min-h-[15rem] flex-col justify-between rounded-[1.65rem] border border-white/10 bg-white/[0.07] p-5 backdrop-blur transition hover:-translate-y-1 hover:bg-white/[0.1"
"components/seo/SearchDominanceExperience.tsx","1065","REDUCED_MOTION_REVIEW","warning"," <div className=""flex h-12 w-12 items-center justify-center rounded-2xl border border-cyan-200/20 bg-cyan-300/12 text-cyan-100 transition group-hover:bg-cyan-300/20"">"
"components/seo/SearchIntentExpansion.tsx","138","REDUCED_MOTION_REVIEW","warning"," className=""inline-flex min-h-11 min-w-0 items-center justify-between gap-3 rounded-lg border border-slate-200 bg-white px-4 text-xs font-black leading-5 text-slate-800 shadow-sm transition hover:-translate-y-0.5 hover:b"
"components/seo/ServiceAuthorityFaq.tsx","194","REDUCED_MOTION_REVIEW","warning"," <span className=""text-xl leading-none text-blue-700 transition-transform group-open:rotate-45"">"
"components/seo/ServiceAuthorityFaq.tsx","209","REDUCED_MOTION_REVIEW","warning"," className=""group flex items-center justify-between gap-3 rounded-2xl border border-slate-200 bg-white px-5 py-4 text-sm font-semibold text-slate-700 shadow-sm transition-all hover:-translate-y-0.5 hover:border-blue-200 "
"components/seo/ServiceAuthorityFaq.tsx","212","REDUCED_MOTION_REVIEW","warning"," <ArrowRight className=""h-4 w-4 text-blue-700 transition-transform group-hover:translate-x-1"" />"
"components/seo/ServiceConfidencePanel.tsx","114","REDUCED_MOTION_REVIEW","warning"," className=""premium-scan group flex min-h-[280px] flex-col rounded-[2rem] border border-slate-200 bg-white p-6 shadow-sm shadow-blue-950/5 transition-all hover:-translate-y-1 hover:border-blue-200 hover:shadow-xl hover:s"
"components/seo/ServiceConfidencePanel.tsx","128","REDUCED_MOTION_REVIEW","warning"," <ArrowRight className=""h-3.5 w-3.5 transition-transform group-hover:translate-x-1"" />"
"components/seo/ServiceMatchBoard.tsx","105","REDUCED_MOTION_REVIEW","warning"," className=""premium-scan group flex min-h-[360px] flex-col rounded-[2rem] border border-foreground/10 bg-[linear-gradient(180deg,rgba(255,255,255,0.06),rgba(255,255,255,0.02))] p-7 transition-all hover:-translate-y-1 hov"
"components/seo/ServiceMatchBoard.tsx","129","REDUCED_MOTION_REVIEW","warning"," className=""inline-flex flex-1 items-center justify-center gap-2 rounded-2xl bg-blue-500 px-4 py-3 text-[11px] font-bold uppercase tracking-[0.14em] text-slate-950 transition hover:bg-blue-400"""
"components/seo/ServiceMatchBoard.tsx","136","REDUCED_MOTION_REVIEW","warning"," className=""inline-flex flex-1 items-center justify-center rounded-2xl border border-foreground/10 bg-white/[0.035] px-4 py-3 text-[11px] font-bold uppercase tracking-[0.14em] text-foreground/62 transition hover:bg-white"
"components/seniorenumzug/SeniorMoveSections.tsx","226","REDUCED_MOTION_REVIEW","warning"," className=""rounded-lg border border-slate-200 bg-white p-5 shadow-sm shadow-slate-950/5 transition hover:-translate-y-0.5 hover:border-blue-200 hover:bg-blue-50/40"""
"components/seniorenumzug/SeniorMoveSections.tsx","263","REDUCED_MOTION_REVIEW","warning"," className=""inline-flex min-h-12 items-center justify-center gap-2 rounded-lg bg-slate-950 px-5 text-sm font-black text-white transition hover:bg-blue-800"""
"components/seniorenumzug/SeniorMoveSections.tsx","274","REDUCED_MOTION_REVIEW","warning"," className=""inline-flex min-h-12 items-center justify-center gap-2 rounded-lg border border-blue-200 bg-white px-5 text-sm font-black text-blue-900 transition hover:border-blue-300 hover:bg-blue-50"""
"components/seniorenumzug/SeniorMoveSections.tsx","285","REDUCED_MOTION_REVIEW","warning"," className=""inline-flex min-h-12 items-center justify-center gap-2 rounded-lg border border-slate-200 bg-white px-5 text-sm font-black text-slate-800 transition hover:border-slate-300 hover:bg-slate-100"""
"components/seniorenumzug/SeniorMoveSections.tsx","444","REDUCED_MOTION_REVIEW","warning"," className=""mt-5 inline-flex min-h-11 items-center justify-center gap-2 rounded-lg bg-amber-900 px-4 text-sm font-black text-white transition hover:bg-amber-800"""
"components/seniorenumzug/SeniorMoveSections.tsx","504","REDUCED_MOTION_REVIEW","warning"," className=""inline-flex min-h-12 items-center justify-center gap-2 rounded-lg bg-slate-950 px-5 text-sm font-black text-white transition hover:bg-blue-800"""
"components/seniorenumzug/SeniorMoveSections.tsx","511","REDUCED_MOTION_REVIEW","warning"," className=""inline-flex min-h-12 items-center justify-center gap-2 rounded-lg border border-blue-200 bg-white px-5 text-sm font-black text-blue-900 transition hover:border-blue-300 hover:bg-blue-50"""
"components/seniorenumzug/SeniorMoveSections.tsx","516","FOCUS_STYLE_REVIEW","warning"," <Link href=""/angebot-guenstiger-pruefen"" className=""rounded-lg border border-blue-100 bg-white px-4 py-3 text-sm font-black text-blue-800"">"
"components/seniorenumzug/SeniorMoveSections.tsx","519","FOCUS_STYLE_REVIEW","warning"," <Link href=""/angebotscheck"" className=""rounded-lg border border-blue-100 bg-white px-4 py-3 text-sm font-black text-blue-800"">"
"components/seniorenumzug/SeniorMoveSections.tsx","522","FOCUS_STYLE_REVIEW","warning"," <Link href=""/anbieter-vergleichen"" className=""rounded-lg border border-blue-100 bg-white px-4 py-3 text-sm font-black text-blue-800"">"
"components/seniorenumzug/SeniorMoveSections.tsx","525","FOCUS_STYLE_REVIEW","warning"," <Link href=""/plan-b-service"" className=""rounded-lg border border-blue-100 bg-white px-4 py-3 text-sm font-black text-blue-800"">"
"components/seniorenumzug/SeniorMoveSections.tsx","573","REDUCED_MOTION_REVIEW","warning"," className=""mt-5 inline-flex min-h-11 items-center justify-center gap-2 rounded-lg bg-white px-4 text-sm font-black text-slate-950 transition hover:bg-cyan-50"""
"components/seniorenumzug/SeniorMoveSections.tsx","609","REDUCED_MOTION_REVIEW","warning"," className=""rounded-lg border border-slate-200 bg-white px-4 py-3 text-sm font-black text-slate-800 transition hover:border-blue-200 hover:bg-blue-50"""
"components/seniorenumzug/SeniorMoveSections.tsx","654","FOCUS_STYLE_REVIEW","warning"," <Link href={`/kontakt?service=seniorenumzug&city=${route}&intent=seniorenumzug-${route}&source=seo`} className=""inline-flex min-h-11 items-center justify-center gap-2 rounded-lg bg-slate-950 px-4 text-sm font-black text"
"components/seniorenumzug/SeniorMoveSections.tsx","658","FOCUS_STYLE_REVIEW","warning"," <Link href={offerCheckHref} className=""inline-flex min-h-11 items-center justify-center gap-2 rounded-lg border border-blue-200 bg-blue-50 px-4 text-sm font-black text-blue-900"">"
"components/seniorenumzug/SeniorMoveSections.tsx","662","FOCUS_STYLE_REVIEW","warning"," <Link href=""/seniorenumzug-bayern"" className=""rounded-lg border border-slate-200 bg-slate-50 px-4 py-3 text-sm font-black text-slate-800"">"
"components/seniorenumzug/SeniorMoveSections.tsx","665","FOCUS_STYLE_REVIEW","warning"," <Link href=""/objektbrief"" className=""rounded-lg border border-slate-200 bg-slate-50 px-4 py-3 text-sm font-black text-slate-800"">"
"components/search/PublicSearch.tsx","204","TOUCH_TARGET_REVIEW","warning"," {query ? <button type=""button"" onClick={() => setQuery("""")} aria-label={copy.clear} className=""absolute right-2 top-1/2 grid h-10 w-10 -translate-y-1/2 place-items-center rounded-lg text-slate-700 outline-none hover:bg-"
"components/search/PublicSearch.tsx","232","TOUCH_TARGET_REVIEW","warning"," <Link id={`search-result-${locale}-${index}`} href={entry.url} prefetch={false} className={`group block rounded-2xl border bg-white p-5 outline-none ${activeIndex === index ? ""border-cyan-700 ring-2 ring-cyan-600/30"" : "
"components/search/PublicSearch.tsx","242","TOUCH_TARGET_REVIEW","warning"," <section className=""mt-10""><h2 className=""text-2xl font-black text-slate-950"">{copy.suggestions}</h2><div className=""mt-4 grid gap-3 sm:grid-cols-2"">{fallbackLinks.map((link) => <Link key={link.href} href={link.href} pr"
"components/regensburg/RegensburgServicePage.tsx","362","REDUCED_MOTION_REVIEW","warning"," className=""inline-flex min-h-12 items-center justify-center gap-2 rounded-lg bg-slate-950 px-6 text-sm font-black text-white transition hover:bg-blue-800"""
"components/regensburg/RegensburgServicePage.tsx","372","REDUCED_MOTION_REVIEW","warning"," className=""inline-flex min-h-12 items-center justify-center gap-2 rounded-lg border border-blue-200 bg-blue-50 px-6 text-sm font-black text-blue-800 transition hover:bg-blue-100"""
"components/regensburg/RegensburgServicePage.tsx","426","REDUCED_MOTION_REVIEW","warning"," className=""group flex min-h-[12rem] flex-col rounded-lg border border-slate-200 bg-white p-5 shadow-sm transition hover:-translate-y-0.5 hover:border-blue-200 hover:shadow-md"""
"components/regensburg/RegensburgServicePage.tsx","432","REDUCED_MOTION_REVIEW","warning"," <ArrowRight className=""h-4 w-4 transition group-hover:translate-x-0.5"" aria-hidden=""true"" />"
"components/regensburg/RegensburgServicePage.tsx","555","REDUCED_MOTION_REVIEW","warning"," className=""inline-flex items-center gap-2 rounded-lg border border-cyan-100/20 bg-cyan-100/12 px-3 py-2 text-sm font-bold text-cyan-50 backdrop-blur transition hover:bg-cyan-100/18"""
"components/regensburg/RegensburgServicePage.tsx","578","REDUCED_MOTION_REVIEW","warning"," className=""inline-flex min-h-12 items-center justify-center gap-2 rounded-lg bg-white px-6 text-sm font-black text-slate-950 shadow-lg shadow-slate-950/25 transition hover:bg-cyan-50"""
"components/regensburg/RegensburgServicePage.tsx","594","REDUCED_MOTION_REVIEW","warning"," className=""inline-flex min-h-12 items-center justify-center gap-2 rounded-lg bg-emerald-400 px-6 text-sm font-black text-slate-950 transition hover:bg-emerald-300"""
"components/regensburg/RegensburgServicePage.tsx","604","REDUCED_MOTION_REVIEW","warning"," className=""inline-flex min-h-12 items-center justify-center gap-2 rounded-lg border border-white/25 bg-white/10 px-6 text-sm font-black text-white transition hover:bg-white/15"""
"components/regensburg/RegensburgServicePage.tsx","654","REDUCED_MOTION_REVIEW","warning"," className=""inline-flex min-h-12 items-center justify-center gap-2 rounded-lg bg-slate-950 px-5 text-sm font-black text-white transition hover:bg-blue-800"""
"components/regensburg/RegensburgServicePage.tsx","670","REDUCED_MOTION_REVIEW","warning"," className=""inline-flex min-h-12 items-center justify-center gap-2 rounded-lg border border-emerald-200 bg-emerald-50 px-5 text-sm font-black text-emerald-800 transition hover:bg-emerald-100"""
"components/regensburg/RegensburgServicePage.tsx","902","REDUCED_MOTION_REVIEW","warning"," className=""rounded-lg border border-slate-200 bg-white px-4 py-2 text-sm font-bold text-slate-700 transition hover:border-blue-200 hover:text-blue-700"""
"components/regensburg/RegensburgServicePage.tsx","945","REDUCED_MOTION_REVIEW","warning"," className=""inline-flex min-h-12 items-center justify-center gap-2 rounded-lg bg-slate-950 px-6 text-sm font-black text-white transition hover:bg-blue-800"""
"components/regensburg/RegensburgServicePage.tsx","961","REDUCED_MOTION_REVIEW","warning"," className=""group flex min-h-[11rem] flex-col rounded-lg border border-slate-200 bg-white p-5 shadow-sm transition hover:-translate-y-0.5 hover:border-blue-200 hover:shadow-md"""
"components/regensburg/RegensburgServicePage.tsx","974","REDUCED_MOTION_REVIEW","warning"," <ArrowRight className=""h-4 w-4 transition group-hover:translate-x-0.5"" />"
"components/packages/ServicePackageDecisionExperience.tsx","241","REDUCED_MOTION_REVIEW","warning"," className=""mt-4 inline-flex min-h-10 items-center gap-2 rounded-lg bg-slate-950 px-3 text-xs font-black text-white transition hover:bg-blue-800"""
"components/packages/ServicePackageDecisionExperience.tsx","311","REDUCED_MOTION_REVIEW","warning"," className=""inline-flex min-h-10 items-center justify-center gap-2 rounded-lg border border-slate-300 bg-white px-4 text-sm font-black text-slate-950 transition hover:border-blue-200 hover:bg-blue-50"""
"components/packages/ServicePackageDecisionExperience.tsx","345","REDUCED_MOTION_REVIEW","warning"," className=""mt-4 inline-flex min-h-10 items-center gap-2 rounded-lg bg-slate-950 px-3 text-xs font-black text-white transition hover:bg-blue-800"""
"components/packages/ServicePackageDecisionExperience.tsx","372","REDUCED_MOTION_REVIEW","warning"," className=""rounded-lg border border-slate-200 bg-slate-50 p-3 transition hover:border-blue-200 hover:bg-blue-50"""
"components/packages/ServicePackageDecisionExperience.tsx","395","REDUCED_MOTION_REVIEW","warning"," className=""rounded-lg border border-slate-200 bg-slate-50 p-3 transition hover:border-blue-200 hover:bg-blue-50"""
"components/packages/ServicePackageDecisionExperience.tsx","419","REDUCED_MOTION_REVIEW","warning"," className=""mt-5 inline-flex min-h-11 items-center justify-center gap-2 rounded-lg bg-blue-800 px-4 text-sm font-black text-white transition hover:bg-slate-950"""
"components/operations/BudgetOperatingCta.tsx","64","REDUCED_MOTION_REVIEW","warning"," className=""group inline-flex h-12 w-full min-w-0 items-center justify-center gap-3 rounded-[1.05rem] bg-slate-950 px-5 text-[11px] font-black uppercase tracking-[0.15em] text-white shadow-lg shadow-slate-950/15 transiti"
"components/operations/BudgetOperatingCta.tsx","76","REDUCED_MOTION_REVIEW","warning"," <ArrowRight className=""h-4 w-4 transition group-hover:translate-x-0.5"" />"
"components/operations/PlzOperationScanner.tsx","80","REDUCED_MOTION_REVIEW","warning"," className=""h-11 w-full rounded-[1rem] border border-slate-200 bg-slate-50 pl-10 pr-3 text-sm font-semibold text-slate-900 outline-none transition focus:border-blue-300 focus:bg-white focus:ring-4 focus:ring-blue-100"""
"components/offer-check/OfferCheckSections.tsx","262","FOCUS_STYLE_REVIEW","warning"," <Link href={primaryHref} className=""inline-flex min-h-12 items-center justify-center gap-2 rounded-lg bg-white px-5 text-sm font-black text-slate-950 transition hover:bg-cyan-50"">"
"components/offer-check/OfferCheckSections.tsx","262","REDUCED_MOTION_REVIEW","warning"," <Link href={primaryHref} className=""inline-flex min-h-12 items-center justify-center gap-2 rounded-lg bg-white px-5 text-sm font-black text-slate-950 transition hover:bg-cyan-50"">"
"components/offer-check/OfferCheckSections.tsx","266","FOCUS_STYLE_REVIEW","warning"," <Link href={secondaryHref} className=""inline-flex min-h-12 items-center justify-center gap-2 rounded-lg border border-white/20 bg-white/10 px-5 text-sm font-black text-white transition hover:bg-white hover:text-slate-95"
"components/offer-check/OfferCheckSections.tsx","266","REDUCED_MOTION_REVIEW","warning"," <Link href={secondaryHref} className=""inline-flex min-h-12 items-center justify-center gap-2 rounded-lg border border-white/20 bg-white/10 px-5 text-sm font-black text-white transition hover:bg-white hover:text-slate-95"
"components/offer-check/OfferCheckSections.tsx","317","REDUCED_MOTION_REVIEW","warning"," <article key={title} className=""rounded-lg border border-slate-200 bg-slate-50 p-5 transition hover:-translate-y-0.5 hover:bg-white hover:shadow-md"">"
"components/offer-check/OfferCheckSections.tsx","505","TOUCH_TARGET_REVIEW","warning"," <Link key={item.href} href={item.href} className=""group rounded-lg border border-slate-200 bg-white p-5 transition hover:-translate-y-0.5 hover:border-blue-200 hover:shadow-md"">"
"components/offer-check/OfferCheckSections.tsx","505","FOCUS_STYLE_REVIEW","warning"," <Link key={item.href} href={item.href} className=""group rounded-lg border border-slate-200 bg-white p-5 transition hover:-translate-y-0.5 hover:border-blue-200 hover:shadow-md"">"
"components/offer-check/OfferCheckSections.tsx","505","REDUCED_MOTION_REVIEW","warning"," <Link key={item.href} href={item.href} className=""group rounded-lg border border-slate-200 bg-white p-5 transition hover:-translate-y-0.5 hover:border-blue-200 hover:shadow-md"">"
"components/offer-check/OfferCheckSections.tsx","510","REDUCED_MOTION_REVIEW","warning"," <ArrowRight className=""h-4 w-4 transition group-hover:translate-x-0.5"" aria-hidden=""true"" />"
"components/offer-check/OfferCheckSections.tsx","535","TOUCH_TARGET_REVIEW","warning"," <Link key={item.href} href={item.href} className=""group rounded-lg border border-slate-200 bg-slate-50 p-5 transition hover:-translate-y-0.5 hover:border-blue-200 hover:bg-white hover:shadow-md"">"
"components/offer-check/OfferCheckSections.tsx","535","FOCUS_STYLE_REVIEW","warning"," <Link key={item.href} href={item.href} className=""group rounded-lg border border-slate-200 bg-slate-50 p-5 transition hover:-translate-y-0.5 hover:border-blue-200 hover:bg-white hover:shadow-md"">"
"components/offer-check/OfferCheckSections.tsx","535","REDUCED_MOTION_REVIEW","warning"," <Link key={item.href} href={item.href} className=""group rounded-lg border border-slate-200 bg-slate-50 p-5 transition hover:-translate-y-0.5 hover:border-blue-200 hover:bg-white hover:shadow-md"">"
"components/offer-check/OfferCheckSections.tsx","540","REDUCED_MOTION_REVIEW","warning"," <ArrowRight className=""h-4 w-4 transition group-hover:translate-x-0.5"" aria-hidden=""true"" />"
"components/offer-check/OfferCheckSections.tsx","563","TOUCH_TARGET_REVIEW","warning"," <Link key={item.href} href={item.href} className=""group rounded-lg border border-slate-200 bg-slate-50 p-5 transition hover:-translate-y-0.5 hover:border-blue-200 hover:bg-white hover:shadow-md"">"
"components/offer-check/OfferCheckSections.tsx","563","FOCUS_STYLE_REVIEW","warning"," <Link key={item.href} href={item.href} className=""group rounded-lg border border-slate-200 bg-slate-50 p-5 transition hover:-translate-y-0.5 hover:border-blue-200 hover:bg-white hover:shadow-md"">"
"components/offer-check/OfferCheckSections.tsx","563","REDUCED_MOTION_REVIEW","warning"," <Link key={item.href} href={item.href} className=""group rounded-lg border border-slate-200 bg-slate-50 p-5 transition hover:-translate-y-0.5 hover:border-blue-200 hover:bg-white hover:shadow-md"">"
"components/offer-check/OfferCheckSections.tsx","568","REDUCED_MOTION_REVIEW","warning"," <ArrowRight className=""h-4 w-4 transition group-hover:translate-x-0.5"" aria-hidden=""true"" />"
"components/navigation/CustomerJourneyMobile.tsx","60","REDUCED_MOTION_REVIEW","warning"," className=""inline-flex items-center gap-2 rounded-full border border-slate-200 bg-white/96 px-4 py-3 text-sm font-semibold text-slate-800 shadow-[0_12px_26px_rgba(15,23,42,0.12)] backdrop-blur-xl transition hover:-trans"
"components/navigation/CustomerJourneyMobile.tsx","98","REDUCED_MOTION_REVIEW","warning"," className=""rounded-full p-2 text-slate-500 transition hover:bg-slate-100 hover:text-slate-950"""
"components/navigation/CustomerJourneyNav.tsx","131","REDUCED_MOTION_REVIEW","warning"," className=""inline-flex h-11 items-center gap-2 rounded-[1rem] border border-slate-200 bg-white px-3.5 text-[11px] font-bold uppercase tracking-[0.16em] text-slate-600 transition hover:border-slate-300 hover:bg-slate-50"""
"components/local-seo/LocalSeoPage.tsx","229","REDUCED_MOTION_REVIEW","warning"," className=""inline-flex items-center gap-2 rounded-lg border border-white/20 bg-white/10 px-3 py-2 text-sm font-black text-white transition hover:bg-white/15"""
"components/local-seo/LocalSeoPage.tsx","245","REDUCED_MOTION_REVIEW","warning"," className=""inline-flex min-h-12 items-center justify-center gap-2 rounded-lg bg-white px-6 text-sm font-black text-slate-950 transition hover:bg-cyan-50"""
"components/local-seo/LocalSeoPage.tsx","260","REDUCED_MOTION_REVIEW","warning"," className=""inline-flex min-h-12 items-center justify-center gap-2 rounded-lg bg-emerald-400 px-6 text-sm font-black text-slate-950 transition hover:bg-emerald-300"""
"components/local-seo/LocalSeoPage.tsx","274","REDUCED_MOTION_REVIEW","warning"," className=""inline-flex min-h-12 items-center justify-center gap-2 rounded-lg border border-white/20 bg-white/10 px-6 text-sm font-black text-white transition hover:bg-white/15"""
"components/local-seo/LocalSeoPage.tsx","449","REDUCED_MOTION_REVIEW","warning"," className=""group rounded-lg border border-slate-200 bg-slate-50 p-4 transition hover:-translate-y-0.5 hover:border-blue-200 hover:bg-white hover:shadow-md"""
"components/local-seo/LocalSeoPage.tsx","455","REDUCED_MOTION_REVIEW","warning"," <ArrowRight className=""h-4 w-4 transition group-hover:translate-x-0.5"" aria-hidden=""true"" />"
"components/layout/SiteChrome.tsx","47","TOUCH_TARGET_REVIEW","warning"," <a href=""#main-content"" className=""skip-to-content"">"
"components/layout/SiteChrome.tsx","47","FOCUS_STYLE_REVIEW","warning"," <a href=""#main-content"" className=""skip-to-content"">"
"components/inquiry/InquiryIntentModal.tsx","338","REDUCED_MOTION_REVIEW","warning"," className=""absolute right-4 top-4 z-10 inline-flex h-11 w-11 items-center justify-center rounded-full border border-slate-200 bg-white text-slate-700 shadow-sm transition hover:bg-slate-50 focus:outline-none focus:ring-"
"components/inquiry/InquiryIntentModal.tsx","375","REDUCED_MOTION_REVIEW","warning"," className=""inline-flex min-h-12 items-center justify-center gap-2 rounded-2xl bg-slate-950 px-5 text-sm font-black text-white shadow-[0_14px_30px_rgba(15,23,42,0.18)] transition hover:bg-blue-700 focus:outline-none focu"
"components/inquiry/InquiryIntentModal.tsx","384","REDUCED_MOTION_REVIEW","warning"," className=""inline-flex min-h-12 items-center justify-center gap-2 rounded-2xl border border-emerald-200 bg-emerald-50 px-5 text-sm font-black text-emerald-800 transition hover:bg-emerald-100 focus:outline-none focus:rin"
"components/inquiry/InquiryIntentModal.tsx","402","REDUCED_MOTION_REVIEW","warning"," ""min-h-24 rounded-2xl border p-4 text-left transition focus:outline-none focus:ring-2 focus:ring-blue-500"","
"components/inquiry/InquiryIntentModal.tsx","445","REDUCED_MOTION_REVIEW","warning"," className=""min-h-12 rounded-2xl border border-slate-200 bg-slate-50 px-4 text-sm font-semibold text-slate-950 outline-none transition focus:border-blue-500 focus:bg-white focus:ring-2 focus:ring-blue-100"""
"components/inquiry/InquiryIntentModal.tsx","461","REDUCED_MOTION_REVIEW","warning"," className=""min-h-28 rounded-2xl border border-slate-200 bg-slate-50 px-4 py-3 text-sm font-semibold text-slate-950 outline-none transition placeholder:text-slate-400 focus:border-blue-500 focus:bg-white focus:ring-2 foc"
"components/inquiry/InquiryIntentModal.tsx","470","REDUCED_MOTION_REVIEW","warning"," className=""min-h-12 rounded-2xl border border-slate-200 bg-slate-50 px-4 text-sm font-semibold text-slate-950 outline-none transition placeholder:text-slate-400 focus:border-blue-500 focus:bg-white focus:ring-2 focus:ri"
"components/inquiry/InquiryIntentModal.tsx","504","REDUCED_MOTION_REVIEW","warning"," className=""inline-flex min-h-[3.25rem] items-center justify-center gap-2 rounded-2xl bg-slate-950 px-5 text-sm font-black text-white shadow-[0_14px_30px_rgba(15,23,42,0.18)] transition hover:bg-blue-700 focus:outline-no"
"components/inquiry/InquiryIntentModal.tsx","513","REDUCED_MOTION_REVIEW","warning"," className=""inline-flex min-h-[3.25rem] items-center justify-center gap-2 rounded-2xl border border-emerald-200 bg-emerald-50 px-5 text-sm font-black text-emerald-800 transition hover:bg-emerald-100 focus:outline-none fo"
"components/english/EnglishFooter.tsx","35","TOUCH_TARGET_REVIEW","warning"," <Link href=""/en"" className=""text-2xl font-black"" translate=""no"">"
"components/english/EnglishFooter.tsx","35","FOCUS_STYLE_REVIEW","warning"," <Link href=""/en"" className=""text-2xl font-black"" translate=""no"">"
"components/english/EnglishFooter.tsx","43","TOUCH_TARGET_REVIEW","warning"," <a href={`tel:${company.phoneRaw}`} className=""inline-flex items-center gap-2 hover:text-white"">"
"components/english/EnglishFooter.tsx","43","FOCUS_STYLE_REVIEW","warning"," <a href={`tel:${company.phoneRaw}`} className=""inline-flex items-center gap-2 hover:text-white"">"
"components/english/EnglishFooter.tsx","47","TOUCH_TARGET_REVIEW","warning"," <a href={`mailto:${company.email}`} className=""inline-flex items-center gap-2 hover:text-white"">"
"components/english/EnglishFooter.tsx","47","FOCUS_STYLE_REVIEW","warning"," <a href={`mailto:${company.email}`} className=""inline-flex items-center gap-2 hover:text-white"">"
"components/english/EnglishFooter.tsx","72","TOUCH_TARGET_REVIEW","warning"," <Link href=""/"" hrefLang=""de"" className=""font-black text-cyan-100 hover:text-white"">"
"components/english/EnglishFooter.tsx","72","FOCUS_STYLE_REVIEW","warning"," <Link href=""/"" hrefLang=""de"" className=""font-black text-cyan-100 hover:text-white"">"
"components/english/EnglishFooter.tsx","93","TOUCH_TARGET_REVIEW","warning"," <Link key={link.href} href={link.href} className=""leading-6 hover:text-white"">"
"components/english/EnglishFooter.tsx","93","FOCUS_STYLE_REVIEW","warning"," <Link key={link.href} href={link.href} className=""leading-6 hover:text-white"">"
"components/english/EnglishRequestForm.tsx","205","FOCUS_STYLE_REVIEW","warning"," <button type=""submit"" disabled={state === ""sending""} className=""inline-flex min-h-12 items-center justify-center gap-2 rounded-lg bg-slate-950 px-6 text-sm font-black text-white disabled:opacity-60"">"
"components/editorial/AuthorityBlocks.tsx","122","TOUCH_TARGET_REVIEW","warning"," return <nav aria-label=""Inhaltsverzeichnis"" className=""rounded-2xl border border-slate-200 bg-slate-50 p-5""><p className=""font-black text-slate-950"">Auf dieser Seite</p><ul className=""mt-3 grid gap-2"">{links.map((link) "
"components/editorial/AuthorityBlocks.tsx","169","TOUCH_TARGET_REVIEW","warning"," return <section><h2 className=""text-2xl font-black text-slate-950"">{title}</h2><div className=""mt-4 grid gap-3 sm:grid-cols-2"">{links.map((link) => <Link key={`${link.href}-${link.label}`} href={link.href} prefetch={fal"
"components/editorial/AuthorityBlocks.tsx","173","TOUCH_TARGET_REVIEW","warning"," return <section className=""border-t border-slate-200 pt-6""><h2 className=""text-lg font-black text-slate-950"">Quellen und Grundlagen</h2><ul className=""mt-3 grid gap-2 text-sm font-medium text-slate-700"">{sources.map((so"
"components/editorial/AuthorityBlocks.tsx","173","FOCUS_STYLE_REVIEW","warning"," return <section className=""border-t border-slate-200 pt-6""><h2 className=""text-lg font-black text-slate-950"">Quellen und Grundlagen</h2><ul className=""mt-3 grid gap-2 text-sm font-medium text-slate-700"">{sources.map((so"
"components/editorial/FaqAccordion.tsx","48","REDUCED_MOTION_REVIEW","warning"," className=""flex min-h-14 w-full items-center justify-between gap-4 px-5 py-4 text-left text-base font-black leading-6 text-slate-950 outline-none transition-colors hover:bg-slate-50 focus-visible:ring-2 focus-visible:ri"
"components/editorial/PriorityFaqSection.tsx","128","REDUCED_MOTION_REVIEW","warning"," className={`inline-flex min-h-11 shrink-0 items-center justify-center rounded-full px-5 text-sm font-black transition-colors focus-visible:outline-none focus-visible:ring-2 focus-visible:ring-cyan-600 focus-visible:ring"
"components/duesseldorf/DuesseldorfChrome.tsx","48","TOUCH_TARGET_REVIEW","warning"," <a href={`tel:${duesseldorfCompany.phoneRaw}`} className=""flex items-center gap-2 hover:text-blue-700"">"
"components/duesseldorf/DuesseldorfChrome.tsx","48","FOCUS_STYLE_REVIEW","warning"," <a href={`tel:${duesseldorfCompany.phoneRaw}`} className=""flex items-center gap-2 hover:text-blue-700"">"
"components/duesseldorf/DuesseldorfChrome.tsx","52","TOUCH_TARGET_REVIEW","warning"," <a href={whatsappHref} className=""mt-3 flex items-center gap-2 hover:text-emerald-700"" data-event=""whatsapp_click"">"
"components/duesseldorf/DuesseldorfChrome.tsx","52","FOCUS_STYLE_REVIEW","warning"," <a href={whatsappHref} className=""mt-3 flex items-center gap-2 hover:text-emerald-700"" data-event=""whatsapp_click"">"
"components/duesseldorf/DuesseldorfCleaningServicePage.tsx","1104","REDUCED_MOTION_REVIEW","warning"," ? ""inline-flex min-h-12 items-center justify-center gap-2 rounded-lg bg-white px-5 text-sm font-black text-slate-950 transition hover:bg-cyan-50"""
"components/duesseldorf/DuesseldorfCleaningServicePage.tsx","1106","REDUCED_MOTION_REVIEW","warning"," ? ""inline-flex min-h-12 items-center justify-center gap-2 rounded-lg border border-slate-300 bg-white px-5 text-sm font-black text-slate-900 transition hover:border-cyan-300 hover:bg-cyan-50"""
"components/duesseldorf/DuesseldorfCleaningServicePage.tsx","1107","REDUCED_MOTION_REVIEW","warning"," : ""inline-flex min-h-12 items-center justify-center gap-2 rounded-lg bg-slate-950 px-5 text-sm font-black text-white transition hover:bg-cyan-800"";"
"components/duesseldorf/DuesseldorfCleaningServicePage.tsx","1135","TOUCH_TARGET_REVIEW","warning"," <Link href=""/"" className=""hover:text-white"">FLOXANT</Link>"
"components/duesseldorf/DuesseldorfCleaningServicePage.tsx","1135","FOCUS_STYLE_REVIEW","warning"," <Link href=""/"" className=""hover:text-white"">FLOXANT</Link>"
"components/duesseldorf/DuesseldorfCleaningServicePage.tsx","1137","TOUCH_TARGET_REVIEW","warning"," <Link href=""/duesseldorf"" className=""hover:text-white"">Düsseldorf</Link>"
"components/duesseldorf/DuesseldorfCleaningServicePage.tsx","1137","FOCUS_STYLE_REVIEW","warning"," <Link href=""/duesseldorf"" className=""hover:text-white"">Düsseldorf</Link>"
"components/duesseldorf/DuesseldorfCleaningServicePage.tsx","1254","REDUCED_MOTION_REVIEW","warning"," className=""inline-flex min-h-12 items-center justify-center gap-2 rounded-lg border border-slate-300 bg-white px-5 text-sm font-black text-slate-900 transition hover:border-cyan-300 hover:bg-cyan-50"""
"components/duesseldorf/DuesseldorfCleaningServicePage.tsx","1356","TOUCH_TARGET_REVIEW","warning"," <Link href={item.href} className=""mt-4 inline-flex items-center gap-2 text-sm font-black text-cyan-800"">"
"components/duesseldorf/DuesseldorfCleaningServicePage.tsx","1356","FOCUS_STYLE_REVIEW","warning"," <Link href={item.href} className=""mt-4 inline-flex items-center gap-2 text-sm font-black text-cyan-800"">"
"components/duesseldorf/DuesseldorfCleaningServicePage.tsx","1405","REDUCED_MOTION_REVIEW","warning"," className=""group rounded-lg border border-slate-200 bg-white p-5 shadow-sm transition hover:border-cyan-300 hover:shadow-md"""
"components/duesseldorf/DuesseldorfCleaningServicePage.tsx","1412","REDUCED_MOTION_REVIEW","warning"," <ArrowRight className=""h-4 w-4 transition group-hover:translate-x-0.5"" aria-hidden=""true"" />"
"components/duesseldorf/DuesseldorfCleaningServicePage.tsx","1551","REDUCED_MOTION_REVIEW","warning"," className=""inline-flex min-h-12 items-center justify-center gap-2 rounded-lg border border-emerald-200 bg-white px-5 text-sm font-black text-slate-900 transition hover:border-emerald-400"""
"components/duesseldorf/DuesseldorfCleaningServicePage.tsx","1630","TOUCH_TARGET_REVIEW","warning"," <Link key={item.title} href={item.href} className=""group rounded-lg border border-slate-200 bg-white p-4 transition hover:border-cyan-300"">"
"components/duesseldorf/DuesseldorfCleaningServicePage.tsx","1630","FOCUS_STYLE_REVIEW","warning"," <Link key={item.title} href={item.href} className=""group rounded-lg border border-slate-200 bg-white p-4 transition hover:border-cyan-300"">"
"components/duesseldorf/DuesseldorfCleaningServicePage.tsx","1630","REDUCED_MOTION_REVIEW","warning"," <Link key={item.title} href={item.href} className=""group rounded-lg border border-slate-200 bg-white p-4 transition hover:border-cyan-300"">"
"components/duesseldorf/DuesseldorfCleaningServicePage.tsx","1635","REDUCED_MOTION_REVIEW","warning"," <ArrowRight className=""h-4 w-4 transition group-hover:translate-x-0.5"" aria-hidden=""true"" />"
"components/duesseldorf/DuesseldorfCleaningServicePage.tsx","1780","REDUCED_MOTION_REVIEW","warning"," className=""group rounded-lg border border-slate-200 bg-slate-50 p-5 transition hover:border-cyan-300 hover:bg-white hover:shadow-md"""
"components/duesseldorf/DuesseldorfCleaningServicePage.tsx","1790","REDUCED_MOTION_REVIEW","warning"," <ArrowRight className=""h-4 w-4 transition group-hover:translate-x-0.5"" aria-hidden=""true"" />"
"components/duesseldorf/DuesseldorfCleaningServicePage.tsx","1821","REDUCED_MOTION_REVIEW","warning"," className=""inline-flex min-h-12 items-center justify-center gap-2 rounded-lg border border-cyan-200 bg-white px-5 text-sm font-black text-slate-900 transition hover:border-cyan-400"""
"components/duesseldorf/DuesseldorfCleaningServicePage.tsx","1828","REDUCED_MOTION_REVIEW","warning"," className=""inline-flex min-h-12 items-center justify-center gap-2 rounded-lg border border-cyan-200 bg-white px-5 text-sm font-black text-slate-900 transition hover:border-cyan-400"""
"components/dominance/DuesseldorfCleaningPlanner.tsx","112","FOCUS_STYLE_REVIEW","warning"," <Link href=""/angebot-vergleichen-duesseldorf"" className=""mt-5 inline-flex min-h-11 items-center gap-2 rounded-xl bg-white px-4 text-sm font-black text-blue-950"">"
"components/dominance/RegensburgAuthorityModules.tsx","79","FOCUS_STYLE_REVIEW","warning"," <Link href=""/regensburg/umzug"" className=""inline-flex min-h-11 items-center gap-2 rounded-xl bg-slate-950 px-4 text-sm font-black text-white"">"
"components/dominance/RegensburgAuthorityModules.tsx","83","FOCUS_STYLE_REVIEW","warning"," <Link href=""/umzug-regensburg/anfrage"" className=""inline-flex min-h-11 items-center gap-2 rounded-xl border border-slate-300 bg-white px-4 text-sm font-black text-slate-950"">"
"components/dashboard/AdminHealthControl.tsx","43","REDUCED_MOTION_REVIEW","warning"," className=""p-1 hover:bg-white/5 rounded-lg transition-colors"""
"components/dashboard/BookingDetailView.tsx","375","REDUCED_MOTION_REVIEW","warning"," className=""rounded-full p-2 text-slate-500 transition-colors hover:bg-slate-100 hover:text-slate-950"""
"components/dashboard/BookingDetailView.tsx","413","REDUCED_MOTION_REVIEW","warning"," ""rounded-2xl border p-4 text-left transition-all"","
"components/dashboard/BookingDetailView.tsx","453","REDUCED_MOTION_REVIEW","warning"," className=""mt-3 flex w-full items-center justify-center gap-2 rounded-xl border border-red-200 bg-red-50 px-4 py-2 text-[10px] font-bold uppercase tracking-widest text-red-700 transition-colors hover:bg-red-100 disabled"
"components/dashboard/BookingDetailView.tsx","571","REDUCED_MOTION_REVIEW","warning"," <tr key={key} className=""transition-colors hover:bg-slate-50"">"
"components/dashboard/BookingDetailView.tsx","619","REDUCED_MOTION_REVIEW","warning"," ""rounded-xl border px-3 py-2 text-[10px] font-bold uppercase tracking-wider transition-all"","
"components/dashboard/BookingDetailView.tsx","677","REDUCED_MOTION_REVIEW","warning"," className=""flex items-center justify-center gap-2 rounded-xl border border-slate-200 bg-white px-4 py-2 text-[10px] font-bold uppercase tracking-widest text-slate-700 transition-colors hover:bg-slate-50"""
"components/dashboard/BookingDetailView.tsx","687","REDUCED_MOTION_REVIEW","warning"," className=""rounded-xl border border-slate-200 bg-slate-50 px-4 py-2 text-[10px] font-bold uppercase tracking-widest text-slate-600 transition-colors hover:bg-slate-100"""
"components/dashboard/BookingDetailView.tsx","802","TOUCH_TARGET_REVIEW","warning"," <a href={href} className=""text-sm font-medium text-blue-700 hover:underline"">"
"components/dashboard/BookingDetailView.tsx","802","FOCUS_STYLE_REVIEW","warning"," <a href={href} className=""text-sm font-medium text-blue-700 hover:underline"">"
"components/dashboard/CustomerInbox.tsx","84","REDUCED_MOTION_REVIEW","warning"," className=""h-10 w-full rounded-xl border border-slate-200 bg-white pl-9 pr-4 text-sm outline-none transition focus:border-blue-400 sm:w-64"""
"components/dashboard/CustomerInbox.tsx","90","REDUCED_MOTION_REVIEW","warning"," className=""h-10 rounded-xl border border-slate-200 bg-white px-3 text-sm outline-none transition focus:border-blue-400"""
"components/dashboard/CustomerInbox.tsx","124","REDUCED_MOTION_REVIEW","warning"," className=""group w-full cursor-pointer rounded-[1.5rem] border border-slate-200 bg-white p-5 text-left transition-all hover:-translate-y-0.5 hover:border-blue-300 hover:shadow-lg hover:shadow-blue-900/5"""
"components/dashboard/CustomerInbox.tsx","172","REDUCED_MOTION_REVIEW","warning"," <span className=""flex h-10 items-center justify-center gap-2 rounded-xl border border-slate-200 bg-white px-4 text-sm font-semibold text-slate-700 transition group-hover:border-blue-600 group-hover:bg-blue-600 group-hov"
"components/dashboard/IncomeExpenseTracker.tsx","284","REDUCED_MOTION_REVIEW","warning"," className=""flex w-full items-center justify-center gap-2 rounded-xl bg-blue-600 px-4 py-2.5 font-bold text-foreground transition hover:bg-blue-500"""
"components/dashboard/InternalPricingWorkbench.tsx","432","REDUCED_MOTION_REVIEW","warning"," className=""h-11 w-full rounded-xl border border-slate-200 bg-slate-50 px-3 text-sm text-slate-950 outline-none transition focus:border-blue-300 focus:bg-white"""
"components/dashboard/InternalPricingWorkbench.tsx","457","REDUCED_MOTION_REVIEW","warning"," className=""h-11 w-full rounded-xl border border-slate-200 bg-slate-50 px-3 text-sm text-slate-950 outline-none transition focus:border-blue-300 focus:bg-white"""
"components/dashboard/OperationsControlPanel.tsx","501","REDUCED_MOTION_REVIEW","warning"," ""rounded-2xl border p-4 text-left transition-all"","
"components/dashboard/OperationsControlPanel.tsx","614","REDUCED_MOTION_REVIEW","warning"," className=""rounded-full border border-foreground/10 bg-white/[0.035] px-3 py-1.5 text-[10px] font-bold uppercase tracking-[0.12em] text-foreground/55 transition hover:border-blue-300/25 hover:bg-blue-500/10 hover:text-f"
"components/dashboard/OperationsControlPanel.tsx","686","REDUCED_MOTION_REVIEW","warning"," className=""inline-flex items-center justify-center gap-2 rounded-2xl bg-amber-300 px-4 py-3 text-[10px] font-bold uppercase tracking-[0.14em] text-slate-950 transition hover:bg-amber-200"""
"components/dashboard/OperationsControlPanel.tsx","800","REDUCED_MOTION_REVIEW","warning"," className=""rounded-2xl bg-amber-200 px-4 py-3 text-[10px] font-black uppercase tracking-[0.14em] text-slate-950 transition hover:bg-amber-100"""
"components/dashboard/OperationsControlPanel.tsx","843","FOCUS_STYLE_REVIEW","warning"," <button type=""button"" onClick={() => setLedgerEntries((current) => [...current, newLedgerEntry(""income"")])} className=""rounded-2xl bg-emerald-300 px-4 py-3 text-[10px] font-bold uppercase tracking-[0.14em] text-slate-95"
"components/dashboard/OperationsControlPanel.tsx","846","FOCUS_STYLE_REVIEW","warning"," <button type=""button"" onClick={() => setLedgerEntries((current) => [...current, newLedgerEntry(""expense"")])} className=""rounded-2xl border border-red-200 bg-red-50 px-4 py-3 text-[10px] font-bold uppercase tracking-[0.1"
"components/dashboard/documents/DocumentChainTracker.tsx","63","REDUCED_MOTION_REVIEW","warning"," className=""group relative flex flex-col items-center rounded-[1.4rem] border border-slate-200 bg-slate-50/65 px-4 py-5 text-center transition-all hover:-translate-y-0.5 hover:border-blue-200 hover:bg-white hover:shadow-"
"components/dashboard/documents/DocumentChainTracker.tsx","67","REDUCED_MOTION_REVIEW","warning"," ""relative flex h-14 w-14 items-center justify-center rounded-2xl border transition-all duration-300"","
"components/dashboard/documents/DocumentChainTracker.tsx","100","REDUCED_MOTION_REVIEW","warning"," <div className=""pointer-events-none absolute left-1/2 top-[7.2rem] z-20 invisible w-52 -translate-x-1/2 rounded-2xl border border-slate-200 bg-white p-3 opacity-0 shadow-xl shadow-slate-950/10 transition-all group-hover"
"components/dashboard/documents/DocumentManager.tsx","160","REDUCED_MOTION_REVIEW","warning"," className=""group flex flex-col items-start justify-between gap-4 rounded-2xl border border-slate-200 bg-white p-4 shadow-sm shadow-slate-950/5 transition-all hover:border-blue-200 hover:shadow-md hover:shadow-blue-950/5"
"components/dashboard/documents/DocumentManager.tsx","285","REDUCED_MOTION_REVIEW","warning"," className=""flex h-8 w-8 items-center justify-center rounded-lg border border-slate-200 bg-slate-50 text-slate-500 transition-all hover:border-blue-200 hover:bg-blue-50 hover:text-blue-700"""
"components/dashboard/documents/DocumentSystemClient.tsx","393","TOUCH_TARGET_REVIEW","warning"," <Link href=""/dashboard"" className=""inline-flex items-center gap-2 text-xs font-black uppercase tracking-[0.16em] text-slate-500 hover:text-blue-700"">"
"components/dashboard/documents/DocumentSystemClient.tsx","393","FOCUS_STYLE_REVIEW","warning"," <Link href=""/dashboard"" className=""inline-flex items-center gap-2 text-xs font-black uppercase tracking-[0.16em] text-slate-500 hover:text-blue-700"">"
"components/dashboard/documents/DocumentSystemClient.tsx","461","FOCUS_STYLE_REVIEW","warning"," <button type=""button"" onClick={createDocument} disabled={creating} className=""inline-flex h-11 items-center justify-center gap-2 rounded-xl bg-blue-700 px-4 text-sm font-black text-white transition hover:bg-blue-800 dis"
"components/dashboard/documents/DocumentSystemClient.tsx","461","REDUCED_MOTION_REVIEW","warning"," <button type=""button"" onClick={createDocument} disabled={creating} className=""inline-flex h-11 items-center justify-center gap-2 rounded-xl bg-blue-700 px-4 text-sm font-black text-white transition hover:bg-blue-800 dis"
"components/dashboard/documents/DocumentSystemClient.tsx","486","TOUCH_TARGET_REVIEW","warning"," <button className={filterButton(typeFilter === ""all"")} onClick={() => setTypeFilter(""all"")} type=""button"">Alle</button>"
"components/dashboard/documents/DocumentSystemClient.tsx","486","FOCUS_STYLE_REVIEW","warning"," <button className={filterButton(typeFilter === ""all"")} onClick={() => setTypeFilter(""all"")} type=""button"">Alle</button>"
"components/dashboard/documents/DocumentSystemClient.tsx","488","TOUCH_TARGET_REVIEW","warning"," <button key={type.value} className={filterButton(typeFilter === type.value)} onClick={() => setTypeFilter(type.value)} type=""button"">"
"components/dashboard/documents/DocumentSystemClient.tsx","488","FOCUS_STYLE_REVIEW","warning"," <button key={type.value} className={filterButton(typeFilter === type.value)} onClick={() => setTypeFilter(type.value)} type=""button"">"
"components/dashboard/documents/DocumentSystemClient.tsx","545","TOUCH_TARGET_REVIEW","warning"," <button type=""button"" onClick={saveDraft} disabled={saving} className=""action-primary"">"
"components/dashboard/documents/DocumentSystemClient.tsx","545","FOCUS_STYLE_REVIEW","warning"," <button type=""button"" onClick={saveDraft} disabled={saving} className=""action-primary"">"
"components/dashboard/documents/DocumentSystemClient.tsx","549","TOUCH_TARGET_REVIEW","warning"," <a href={`/api/pdf/${selected.bookingId}?documentId=${selected.document.id}&download=1`} target=""_blank"" rel=""noreferrer"" className=""action-secondary"">"
"components/dashboard/documents/DocumentSystemClient.tsx","549","FOCUS_STYLE_REVIEW","warning"," <a href={`/api/pdf/${selected.bookingId}?documentId=${selected.document.id}&download=1`} target=""_blank"" rel=""noreferrer"" className=""action-secondary"">"
"components/dashboard/documents/DocumentSystemClient.tsx","553","TOUCH_TARGET_REVIEW","warning"," <button type=""button"" onClick={() => window.print()} className=""action-secondary"">"
"components/dashboard/documents/DocumentSystemClient.tsx","553","FOCUS_STYLE_REVIEW","warning"," <button type=""button"" onClick={() => window.print()} className=""action-secondary"">"
"components/dashboard/documents/DocumentSystemClient.tsx","643","TOUCH_TARGET_REVIEW","warning"," <Panel title=""Services"" subtitle=""Services erklären den Auftrag. Positionen kalkulieren den Preis."" right={<button type=""button"" onClick={addService} className=""action-secondary""><Plus className=""h-4 w-4"" /> Service</bu"
"components/dashboard/documents/DocumentSystemClient.tsx","643","FOCUS_STYLE_REVIEW","warning"," <Panel title=""Services"" subtitle=""Services erklären den Auftrag. Positionen kalkulieren den Preis."" right={<button type=""button"" onClick={addService} className=""action-secondary""><Plus className=""h-4 w-4"" /> Service</bu"
"components/dashboard/documents/DocumentSystemClient.tsx","650","FOCUS_STYLE_REVIEW","warning"," <button type=""button"" onClick={() => removeService(service.id)} className=""mt-6 inline-flex h-11 items-center justify-center rounded-xl border border-red-200 bg-red-50 px-3 text-red-700"">"
"components/dashboard/documents/DocumentSystemClient.tsx","663","TOUCH_TARGET_REVIEW","warning"," <Panel title=""Positionen"" subtitle=""Positionen sind die abrechenbaren Zeilen."" right={<button type=""button"" onClick={addItem} className=""action-secondary""><Plus className=""h-4 w-4"" /> Position</button>}>"
"components/dashboard/documents/DocumentSystemClient.tsx","663","FOCUS_STYLE_REVIEW","warning"," <Panel title=""Positionen"" subtitle=""Positionen sind die abrechenbaren Zeilen."" right={<button type=""button"" onClick={addItem} className=""action-secondary""><Plus className=""h-4 w-4"" /> Position</button>}>"
"components/dashboard/documents/DocumentSystemClient.tsx","735","TOUCH_TARGET_REVIEW","warning"," <button type=""button"" onClick={() => runDocumentAction(""duplicate"")} className=""action-secondary""><Copy className=""h-4 w-4"" /> Duplizieren</button>"
"components/dashboard/documents/DocumentSystemClient.tsx","735","FOCUS_STYLE_REVIEW","warning"," <button type=""button"" onClick={() => runDocumentAction(""duplicate"")} className=""action-secondary""><Copy className=""h-4 w-4"" /> Duplizieren</button>"
"components/dashboard/documents/DocumentSystemClient.tsx","738","TOUCH_TARGET_REVIEW","warning"," <button type=""button"" onClick={() => runDocumentAction(""derive"", { targetType: ""order_confirmation"" })} className=""action-secondary""><ShieldCheck className=""h-4 w-4"" /> AB aus Angebot</button>"
"components/dashboard/documents/DocumentSystemClient.tsx","738","FOCUS_STYLE_REVIEW","warning"," <button type=""button"" onClick={() => runDocumentAction(""derive"", { targetType: ""order_confirmation"" })} className=""action-secondary""><ShieldCheck className=""h-4 w-4"" /> AB aus Angebot</button>"
"components/dashboard/documents/DocumentSystemClient.tsx","739","TOUCH_TARGET_REVIEW","warning"," <button type=""button"" onClick={() => runDocumentAction(""derive"", { targetType: ""invoice"" })} className=""action-secondary""><Receipt className=""h-4 w-4"" /> Rechnung aus Angebot</button>"
"components/dashboard/documents/DocumentSystemClient.tsx","739","FOCUS_STYLE_REVIEW","warning"," <button type=""button"" onClick={() => runDocumentAction(""derive"", { targetType: ""invoice"" })} className=""action-secondary""><Receipt className=""h-4 w-4"" /> Rechnung aus Angebot</button>"
"components/dashboard/documents/DocumentSystemClient.tsx","743","TOUCH_TARGET_REVIEW","warning"," <button type=""button"" onClick={() => runDocumentAction(""derive"", { targetType: ""invoice"" })} className=""action-secondary""><Receipt className=""h-4 w-4"" /> Rechnung aus AB</button>"
"components/dashboard/documents/DocumentSystemClient.tsx","743","FOCUS_STYLE_REVIEW","warning"," <button type=""button"" onClick={() => runDocumentAction(""derive"", { targetType: ""invoice"" })} className=""action-secondary""><Receipt className=""h-4 w-4"" /> Rechnung aus AB</button>"
"components/dashboard/documents/DocumentSystemClient.tsx","745","TOUCH_TARGET_REVIEW","warning"," <button type=""button"" onClick={() => void reload(selected.document.id)} className=""action-secondary""><RefreshCw className=""h-4 w-4"" /> Neu laden</button>"
"components/dashboard/documents/DocumentSystemClient.tsx","745","FOCUS_STYLE_REVIEW","warning"," <button type=""button"" onClick={() => void reload(selected.document.id)} className=""action-secondary""><RefreshCw className=""h-4 w-4"" /> Neu laden</button>"
"components/dashboard/documents/QuoteEditor.tsx","170","TOUCH_TARGET_REVIEW","warning"," <button type=""button"" aria-label=""Dokumenteditor schliessen"" onClick={onClose} className=""rounded-full p-2 text-white/45 transition-colors hover:bg-white/10 hover:text-white"">"
"components/dashboard/documents/QuoteEditor.tsx","170","FOCUS_STYLE_REVIEW","warning"," <button type=""button"" aria-label=""Dokumenteditor schliessen"" onClick={onClose} className=""rounded-full p-2 text-white/45 transition-colors hover:bg-white/10 hover:text-white"">"
"components/dashboard/documents/QuoteEditor.tsx","170","REDUCED_MOTION_REVIEW","warning"," <button type=""button"" aria-label=""Dokumenteditor schliessen"" onClick={onClose} className=""rounded-full p-2 text-white/45 transition-colors hover:bg-white/10 hover:text-white"">"
"components/dashboard/documents/QuoteEditor.tsx","220","REDUCED_MOTION_REVIEW","warning"," className=""min-h-[140px] w-full rounded-2xl border border-white/10 bg-white/5 p-4 text-sm text-white outline-none transition-all focus:border-blue-400/30"""
"components/dashboard/documents/QuoteEditor.tsx","368","REDUCED_MOTION_REVIEW","warning"," className=""flex h-11 w-11 items-center justify-center rounded-xl border border-white/10 bg-black/20 text-white/45 transition-all hover:border-red-400/30 hover:text-red-300"""
"components/dashboard/documents/QuoteEditor.tsx","390","REDUCED_MOTION_REVIEW","warning"," className=""min-h-[140px] w-full rounded-2xl border border-white/10 bg-white/5 p-4 text-sm text-white outline-none transition-all focus:border-blue-400/30"""
"components/conversion/InternationalCustomerHint.tsx","69","REDUCED_MOTION_REVIEW","warning"," className=""inline-flex min-h-12 items-center justify-center gap-2 rounded-lg bg-slate-950 px-4 text-sm font-black text-white transition hover:bg-blue-800"""
"components/conversion/InternationalCustomerHint.tsx","76","REDUCED_MOTION_REVIEW","warning"," className=""inline-flex min-h-12 items-center justify-center gap-2 rounded-lg border border-slate-200 bg-slate-50 px-4 text-sm font-black text-slate-900 transition hover:border-blue-200 hover:bg-blue-50"""
"components/conversion/InternationalCustomerHint.tsx","83","REDUCED_MOTION_REVIEW","warning"," className=""inline-flex min-h-12 items-center justify-center gap-2 rounded-lg border border-emerald-200 bg-emerald-50 px-4 text-sm font-black text-emerald-900 transition hover:bg-emerald-100"""
"components/conversion/LocalIntentBlock.tsx","45","REDUCED_MOTION_REVIEW","warning"," className=""inline-flex min-h-10 items-center justify-center gap-2 rounded-lg border border-slate-200 bg-slate-50 px-4 text-sm font-black text-slate-800 transition hover:border-blue-200 hover:bg-blue-50 hover:text-blue-8"
"components/conversion/LocalServiceBridge.tsx","47","REDUCED_MOTION_REVIEW","warning"," className=""group rounded-lg border border-slate-200 bg-slate-50 p-5 transition hover:-translate-y-0.5 hover:border-blue-200 hover:bg-white"""
"components/conversion/LocalServiceBridge.tsx","53","REDUCED_MOTION_REVIEW","warning"," <ArrowRight className=""h-4 w-4 transition group-hover:translate-x-0.5"" aria-hidden=""true"" />"
"components/conversion/OfferCheckCTA.tsx","61","REDUCED_MOTION_REVIEW","warning"," className=""inline-flex min-h-12 shrink-0 items-center justify-center gap-2 rounded-lg bg-white px-5 text-sm font-black text-slate-950 transition hover:bg-cyan-50"""
"components/conversion/ProblemBasedServiceLinks.tsx","35","REDUCED_MOTION_REVIEW","warning"," className=""group rounded-lg border border-slate-200 bg-white p-5 transition hover:-translate-y-0.5 hover:border-blue-200 hover:shadow-sm"""
"components/conversion/ProblemBasedServiceLinks.tsx","41","REDUCED_MOTION_REVIEW","warning"," <ArrowRight className=""h-4 w-4 transition group-hover:translate-x-0.5"" aria-hidden=""true"" />"
"components/conversion/RelatedSpecialServices.tsx","45","REDUCED_MOTION_REVIEW","warning"," className=""group rounded-lg border border-slate-200 bg-slate-50 p-5 transition hover:-translate-y-0.5 hover:border-blue-200 hover:bg-white hover:shadow-md"""
"components/conversion/RelatedSpecialServices.tsx","51","REDUCED_MOTION_REVIEW","warning"," <ArrowRight className=""h-4 w-4 transition group-hover:translate-x-0.5"" aria-hidden=""true"" />"
"components/conversion/ServiceClusterLinks.tsx","37","REDUCED_MOTION_REVIEW","warning"," className=""group rounded-lg border border-slate-200 bg-white p-4 transition hover:-translate-y-0.5 hover:border-blue-200 hover:shadow-sm"""
"components/conversion/ServiceClusterLinks.tsx","43","REDUCED_MOTION_REVIEW","warning"," <ArrowRight className=""h-4 w-4 transition group-hover:translate-x-0.5"" aria-hidden=""true"" />"
"components/conversion/ServiceDecisionGuide.tsx","79","REDUCED_MOTION_REVIEW","warning"," className={`group rounded-lg border p-5 transition hover:-translate-y-0.5 ${cardClass}`}"
"components/conversion/SignatureServicesGrid.tsx","44","REDUCED_MOTION_REVIEW","warning"," className=""group rounded-lg border border-white/12 bg-white/[0.06] p-5 transition hover:-translate-y-0.5 hover:border-cyan-200/45 hover:bg-white/[0.09]"""
"components/conversion/SignatureServicesGrid.tsx","66","REDUCED_MOTION_REVIEW","warning"," <ArrowRight className=""h-4 w-4 transition group-hover:translate-x-0.5"" aria-hidden=""true"" />"
"components/cleaning-seo/CleaningProcessBlock.tsx","81","REDUCED_MOTION_REVIEW","warning"," className=""mt-8 inline-flex min-h-12 items-center justify-center gap-2 rounded-lg bg-slate-950 px-5 text-sm font-black text-white transition hover:bg-blue-800"""
"components/cleaning-seo/LocalTrustBlock.tsx","63","REDUCED_MOTION_REVIEW","warning"," className=""flex gap-3 text-slate-700 transition hover:text-blue-700"""
"components/cleaning-seo/LocalTrustBlock.tsx","73","REDUCED_MOTION_REVIEW","warning"," className=""flex gap-3 text-slate-700 transition hover:text-blue-700"""
"components/cleaning-seo/LocalTrustBlock.tsx","86","REDUCED_MOTION_REVIEW","warning"," className=""mt-6 inline-flex min-h-12 items-center justify-center gap-2 rounded-lg bg-slate-950 px-5 text-sm font-black text-white transition hover:bg-blue-800"""
"components/cleaning-seo/RelatedServicesBlock.tsx","135","REDUCED_MOTION_REVIEW","warning"," className=""inline-flex min-h-12 items-center justify-center gap-2 rounded-lg bg-slate-950 px-5 text-sm font-black text-white transition hover:bg-blue-800"""
"components/cleaning-seo/RelatedServicesBlock.tsx","151","REDUCED_MOTION_REVIEW","warning"," className=""group rounded-lg border border-slate-200 bg-slate-50 p-5 transition hover:-translate-y-0.5 hover:border-blue-200 hover:bg-white hover:shadow-md"""
"components/cleaning-seo/RelatedServicesBlock.tsx","158","REDUCED_MOTION_REVIEW","warning"," <ArrowRight className=""h-4 w-4 transition group-hover:translate-x-0.5"" aria-hidden=""true"" />"
"components/cleaning-seo/RelatedServicesBlock.tsx","179","REDUCED_MOTION_REVIEW","warning"," className=""rounded-lg border border-slate-200 bg-white p-4 text-sm transition hover:border-blue-200 hover:text-blue-700"""
"components/cleaning-seo/RequestChecklistBlock.tsx","59","REDUCED_MOTION_REVIEW","warning"," className=""mt-6 inline-flex min-h-12 items-center justify-center gap-2 rounded-lg bg-white px-5 text-sm font-black text-slate-950 ring-1 ring-slate-200 transition hover:bg-blue-50 hover:text-blue-800"""
"components/calculator/AdvancedCalculator.tsx","213","REDUCED_MOTION_REVIEW","warning"," className={`h-1.5 w-8 rounded-full transition-all duration-300 ${step.id === currentStep ? ""bg-blue-500 shadow-[0_0_10px_rgba(59,130,246,0.5)]"" : ""bg-white/10""}`}"
"components/calculator/AdvancedCalculator.tsx","237","REDUCED_MOTION_REVIEW","warning"," className=""flex items-center gap-2 text-sm font-semibold text-white/40 transition-colors hover:text-white disabled:opacity-0"""
"components/calculator/AdvancedCalculator.tsx","246","REDUCED_MOTION_REVIEW","warning"," className=""flex items-center gap-2 rounded-xl bg-white/5 px-6 py-3 text-sm font-bold text-white transition-all hover:bg-white/10"""
"components/calculator/AdvancedCalculator.tsx","255","REDUCED_MOTION_REVIEW","warning"," className=""flex items-center gap-2 rounded-xl bg-blue-600 px-6 py-3 text-sm font-bold text-white transition-all hover:bg-blue-500 disabled:opacity-40"""
"components/calculator/AdvancedCalculator.tsx","354","REDUCED_MOTION_REVIEW","warning"," className=""group relative flex w-full items-center justify-center gap-3 overflow-hidden rounded-2xl bg-white px-6 py-4.5 text-[16px] font-bold tracking-tight text-black transition-all hover:bg-blue-50 active:scale-[0.98"
"components/calculator/AdvancedCalculator.tsx","356","REDUCED_MOTION_REVIEW","warning"," <PhoneCall size={18} className=""transition-transform group-hover:scale-110"" />"
"components/calculator/DualCalculator.tsx","117","REDUCED_MOTION_REVIEW","warning"," className=""flex items-center text-sm font-medium text-white/40 transition-colors hover:text-white"""
"components/calculator/ExitIntentModal.tsx","125","REDUCED_MOTION_REVIEW","warning"," <ArrowRight className=""h-5 w-5 transition group-hover:translate-x-0.5"" />"
"components/calculator/ExitIntentModal.tsx","142","REDUCED_MOTION_REVIEW","warning"," className=""py-3 text-sm font-bold text-slate-400 transition hover:text-white"""
"components/calculator/ExpertTooltip.tsx","22","REDUCED_MOTION_REVIEW","warning"," className=""ml-2 inline-flex h-4 w-4 items-center justify-center rounded-full bg-white/5 text-white/30 transition-colors hover:bg-white/10 hover:text-white"""
"components/calculator/ExpressCalculator.tsx","193","REDUCED_MOTION_REVIEW","warning"," className=""inline-flex items-center gap-2 rounded-full border border-white/10 bg-white/10 px-8 py-3 text-sm font-medium text-white transition-all duration-200 hover:border-white/20 hover:bg-white/15 disabled:cursor-not-"
"components/calculator/ExpressCalculator.tsx","221","REDUCED_MOTION_REVIEW","warning"," <div className=""flex items-center gap-4 rounded-2xl border border-white/10 bg-white/[0.04] px-4 py-4 transition-colors focus-within:border-blue-500/40 focus-within:bg-white/[0.06]"">"
"components/calculator/ExpressCalculator.tsx","238","REDUCED_MOTION_REVIEW","warning"," <div className=""flex items-center gap-4 rounded-2xl border border-white/10 bg-white/[0.04] px-4 py-4 transition-colors focus-within:border-violet-500/40 focus-within:bg-white/[0.06]"">"
"components/calculator/ExpressCalculator.tsx","373","REDUCED_MOTION_REVIEW","warning"," className=""px-2 py-3 text-sm text-white/45 transition-colors hover:text-white"""
"components/calculator/ExpressCalculator.tsx","384","REDUCED_MOTION_REVIEW","warning"," className=""inline-flex items-center gap-2 rounded-full bg-gradient-to-r from-blue-600 to-violet-600 px-8 py-3 text-sm font-medium text-white shadow-[0_10px_30px_rgba(59,130,246,0.28)] transition-all duration-200 hover:f"
"components/calculator/ExpressCalculator.tsx","449","REDUCED_MOTION_REVIEW","warning"," className=""group relative w-full max-w-sm overflow-hidden rounded-full bg-white px-8 py-4 text-lg font-medium text-black transition-transform duration-200 hover:scale-[1.01]"""
"components/calculator/ExpressCalculator.tsx","451","REDUCED_MOTION_REVIEW","warning"," <div className=""absolute inset-0 bg-gradient-to-r from-blue-100 to-violet-100 opacity-0 transition-opacity duration-200 group-hover:opacity-100"" />"
"components/calculator/ExpressCalculator.tsx","456","REDUCED_MOTION_REVIEW","warning"," className=""transition-transform duration-200 group-hover:translate-x-1"""
"components/calculator/ExpressCalculator.tsx","463","REDUCED_MOTION_REVIEW","warning"," className=""mt-6 text-sm text-white/40 underline-offset-4 transition-colors hover:text-white/80 hover:underline"""
"components/calculator/ExpressCalculator.tsx","491","REDUCED_MOTION_REVIEW","warning"," <label className=""block rounded-2xl border border-white/10 bg-white/[0.04] p-4 transition-colors focus-within:border-white/20 focus-within:bg-white/[0.06]"">"
"components/calculator/ExpressCalculator.tsx","517","REDUCED_MOTION_REVIEW","warning"," ""flex min-h-[148px] w-full flex-col items-center justify-center gap-3 rounded-2xl border p-6 text-center backdrop-blur-md transition-all duration-300"","
"components/calculator/IntakeWizard.tsx","179","REDUCED_MOTION_REVIEW","warning"," <summary className=""flex cursor-pointer list-none items-center justify-between gap-3 font-black uppercase tracking-[0.14em] text-slate-700 transition hover:text-blue-700 [&::-webkit-details-marker]:hidden"">"
"components/calculator/IntakeWizard.tsx","181","REDUCED_MOTION_REVIEW","warning"," <ArrowRight className=""h-4 w-4 transition group-open:rotate-90"" />"
"components/calculator/IntakeWizard.tsx","212","REDUCED_MOTION_REVIEW","warning"," ""rounded-[1.15rem] border p-3 transition-all"","
"components/calculator/IntakeWizard.tsx","241","REDUCED_MOTION_REVIEW","warning"," className=""h-full rounded-full bg-gradient-to-r from-blue-600 via-blue-500 to-cyan-400 transition-all duration-300"""
"components/calculator/IntakeWizard.tsx","266","REDUCED_MOTION_REVIEW","warning"," ""relative overflow-hidden rounded-[1.05rem] border px-3 py-3 transition-all"","
"components/calculator/IntakeWizard.tsx","331","REDUCED_MOTION_REVIEW","warning"," className=""group inline-flex items-center gap-3 rounded-2xl px-1 py-2 text-[11px] font-black uppercase tracking-[0.14em] text-slate-500 transition-all hover:text-slate-900"""
"components/calculator/IntakeWizard.tsx","333","REDUCED_MOTION_REVIEW","warning"," <ArrowLeft size={16} className=""transition-transform group-hover:-translate-x-1"" />"
"components/calculator/IntakeWizard.tsx","384","REDUCED_MOTION_REVIEW","warning"," className=""rounded-full border border-slate-200 bg-white px-3 py-2 text-[11px] font-semibold text-slate-700 shadow-sm shadow-slate-950/5 transition hover:border-blue-200 hover:bg-blue-50 hover:text-slate-950"""
"components/calculator/LeadCaptureForm.tsx","261","REDUCED_MOTION_REVIEW","warning"," className=""rounded-full border border-white/10 bg-white/[0.04] px-8 py-3 text-sm font-medium text-white transition-colors hover:bg-white/[0.08]"""
"components/calculator/LeadCaptureForm.tsx","364","REDUCED_MOTION_REVIEW","warning"," className={`flex cursor-pointer items-center justify-center rounded-xl border px-3 py-3 text-center transition-all ${leadDetails.callbackTime === time"
"components/calculator/LeadCaptureForm.tsx","390","REDUCED_MOTION_REVIEW","warning"," <label className=""flex cursor-pointer items-start gap-4 rounded-2xl border border-white/10 bg-white/[0.03] p-4 transition-colors hover:bg-white/[0.05]"">"
"components/calculator/LeadCaptureForm.tsx","425","REDUCED_MOTION_REVIEW","warning"," className=""flex w-full items-center justify-center gap-2 rounded-xl px-6 py-3.5 text-sm font-medium text-white/55 transition-colors hover:bg-white/[0.04] hover:text-white md:w-auto"""
"components/calculator/LeadCaptureForm.tsx","434","REDUCED_MOTION_REVIEW","warning"," className=""flex w-full items-center justify-center gap-2 rounded-2xl bg-white px-8 py-3.5 font-medium text-black shadow-sm transition-colors hover:bg-white/95 disabled:cursor-not-allowed disabled:opacity-45 md:w-auto"""
"components/calculator/LeadClosing.tsx","207","REDUCED_MOTION_REVIEW","warning"," className=""inline-flex h-12 shrink-0 items-center justify-center gap-3 rounded-[1.1rem] bg-[linear-gradient(135deg,#16a34a_0%,#059669_100%)] px-5 text-[11px] font-black uppercase tracking-[0.14em] text-white shadow-[0_1"
"components/calculator/LeadClosing.tsx","234","REDUCED_MOTION_REVIEW","warning"," className=""mb-6 inline-flex items-center gap-2 text-sm font-semibold text-slate-500 transition-colors hover:text-slate-900"""
"components/calculator/LeadClosing.tsx","369","REDUCED_MOTION_REVIEW","warning"," ""rounded-xl border px-4 py-3 text-[11px] font-black uppercase tracking-[0.14em] transition-all"","
"components/calculator/LeadClosing.tsx","423","REDUCED_MOTION_REVIEW","warning"," ""flex flex-1 items-center justify-center gap-3 rounded-[1.35rem] border px-8 py-4 text-[11px] font-black uppercase tracking-[0.14em] transition-all"","
"components/calculator/ModeSelection.tsx","116","REDUCED_MOTION_REVIEW","warning"," className=""group relative h-full w-full cursor-pointer overflow-hidden rounded-3xl border border-white/10 bg-[#0F1116] p-8 text-start transition-all hover:border-white/20 hover:shadow-2xl hover:shadow-white/5"""
"components/calculator/ModeSelection.tsx","120","REDUCED_MOTION_REVIEW","warning"," ""absolute -right-20 -top-20 h-64 w-64 rounded-full blur-[90px] transition-all duration-700 group-hover:opacity-60 group-hover:blur-[70px]"","
"components/calculator/ModeSelection.tsx","131","REDUCED_MOTION_REVIEW","warning"," ""flex h-16 w-16 items-center justify-center rounded-2xl bg-white/[0.03] shadow-inner transition-transform duration-500 group-hover:scale-110 group-hover:bg-white/[0.08]"","
"components/calculator/ModeSelection.tsx","142","REDUCED_MOTION_REVIEW","warning"," <p className=""mb-8 text-sm leading-relaxed text-white/50 transition-colors group-hover:text-white/70"">"
"components/calculator/ModeSelection.tsx","168","REDUCED_MOTION_REVIEW","warning"," ""flex items-center gap-2 text-sm font-bold tracking-tight transition-all group-hover:translate-x-1"","
"components/calculator/ModeSelection.tsx","178","REDUCED_MOTION_REVIEW","warning"," ""flex items-center gap-2 text-sm font-bold tracking-tight transition-all group-hover:translate-x-1"","
"components/calculator/ServiceRechnerHub.tsx","686","REDUCED_MOTION_REVIEW","warning"," className=""inline-flex h-12 items-center justify-center gap-3 rounded-[1.1rem] border border-amber-200 bg-amber-50 px-6 text-[11px] font-black uppercase tracking-[0.16em] text-amber-900 transition-all hover:bg-amber-100"
"components/calculator/ServiceRechnerHub.tsx","762","REDUCED_MOTION_REVIEW","warning"," ""card-premium service-card-hover group relative cursor-pointer overflow-hidden rounded-[1.35rem] p-5 outline-none transition focus-visible:ring-4 focus-visible:ring-blue-100"","
"components/calculator/ServiceRechnerHub.tsx","770","REDUCED_MOTION_REVIEW","warning"," <span className=""pointer-events-none absolute inset-x-4 top-0 h-px bg-gradient-to-r from-transparent via-blue-400/80 to-transparent opacity-0 transition duration-300 group-hover:opacity-100 group-focus:opacity-100"" />"
"components/calculator/ServiceRechnerHub.tsx","771","REDUCED_MOTION_REVIEW","warning"," <span className=""pointer-events-none absolute inset-0 rounded-[1.35rem] ring-1 ring-inset ring-blue-300/0 transition duration-300 group-hover:ring-blue-300/55 group-focus:ring-blue-300/55"" />"
"components/calculator/ServiceRechnerHub.tsx","811","REDUCED_MOTION_REVIEW","warning"," <div className=""mt-4 max-h-0 overflow-hidden rounded-[1rem] border border-white/80 bg-white/76 px-3 py-0 text-xs font-semibold leading-5 text-slate-600 opacity-0 transition-all duration-300 group-hover:max-h-28 group-ho"
"components/calculator/ServiceRechnerHub.tsx","820","REDUCED_MOTION_REVIEW","warning"," className=""mt-5 inline-flex h-10 w-full items-center justify-between rounded-[1rem] border border-slate-200 bg-white/94 px-4 text-[11px] font-black uppercase tracking-[0.16em] text-slate-900 shadow-sm shadow-slate-950/5"
"components/calculator/ServiceRechnerHub.tsx","823","REDUCED_MOTION_REVIEW","warning"," <ArrowRight className=""h-4 w-4 text-blue-600 transition-transform group-hover:translate-x-1"" />"
"components/calculator/ServiceRechnerHub.tsx","884","REDUCED_MOTION_REVIEW","warning"," <ArrowRight className=""h-4 w-4 text-slate-300 transition-all group-hover:translate-x-1 group-hover:text-blue-600"" />"
"components/calculator/ServiceRechnerHub.tsx","920","REDUCED_MOTION_REVIEW","warning"," className=""rounded-full border border-blue-200 bg-blue-50 px-3 py-2 text-[11px] font-semibold text-blue-700 transition hover:bg-blue-100"""
"components/calculator/ServiceRechnerHub.tsx","928","REDUCED_MOTION_REVIEW","warning"," className=""rounded-full border border-amber-200 bg-amber-50 px-3 py-2 text-[11px] font-semibold text-amber-900 transition hover:bg-amber-100"""
"components/calculator/ServiceRechnerHub.tsx","936","REDUCED_MOTION_REVIEW","warning"," className=""rounded-full border border-emerald-200 bg-emerald-50 px-3 py-2 text-[11px] font-semibold text-emerald-800 transition hover:bg-emerald-100"""
"components/calculator/ServiceRechnerHub.tsx","949","REDUCED_MOTION_REVIEW","warning"," <summary className=""flex cursor-pointer list-none items-center justify-between gap-3 text-[11px] font-black uppercase tracking-[0.14em] text-slate-700 outline-none transition hover:text-blue-700 focus-visible:ring-4 foc"
"components/calculator/ServiceRechnerHub.tsx","951","REDUCED_MOTION_REVIEW","warning"," <ArrowRight className=""h-4 w-4 transition group-open:rotate-90"" />"
"components/calculator/ServiceRechnerHub.tsx","1019","REDUCED_MOTION_REVIEW","warning"," className=""inline-flex h-10 items-center justify-center rounded-full border border-slate-200 bg-slate-50 px-4 text-[11px] font-black uppercase tracking-[0.14em] text-slate-700 transition hover:border-blue-200 hover:bg-b"
"components/calculator/ServiceRechnerHub.tsx","1029","REDUCED_MOTION_REVIEW","warning"," className={`group rounded-[1.15rem] border p-4 transition hover:-translate-y-0.5 hover:shadow-lg hover:shadow-slate-950/10 ${item.tone}`}"
"components/calculator/ServiceRechnerHub.tsx","1033","REDUCED_MOTION_REVIEW","warning"," <ArrowRight className=""mt-0.5 h-4 w-4 shrink-0 opacity-45 transition group-hover:translate-x-0.5 group-hover:opacity-100"" />"
"components/calculator/ui/FloxButton.tsx","69","REDUCED_MOTION_REVIEW","warning"," ""relative overflow-hidden group inline-flex items-center justify-center gap-2.5 rounded-[1.35rem] px-10 py-5 font-bold uppercase tracking-[0.16em] transition-all duration-300 focus-visible:outline-none focus-visible:rin"
"components/calculator/ui/FloxButton.tsx","80","REDUCED_MOTION_REVIEW","warning"," <div className=""absolute inset-0 opacity-0 group-hover:opacity-100 transition-opacity duration-500 pointer-events-none"">"
"components/calculator/ui/FloxButton.tsx","86","REDUCED_MOTION_REVIEW","warning"," <div className=""absolute inset-0 z-0 opacity-0 group-hover:opacity-100 transition-opacity duration-700 pointer-events-none"">"
"components/calculator/ui/FloxButton.tsx","97","REDUCED_MOTION_REVIEW","warning"," <span className=""transition-transform duration-500 group-hover:translate-x-1.5 group-hover:-translate-y-1"">"
"components/calculator/ui/FloxButton.tsx","104","REDUCED_MOTION_REVIEW","warning"," <div className=""absolute inset-0 pointer-events-none rounded-2xl ring-1 ring-white/40 opacity-0 shadow-[0_0_30px_rgba(37,99,235,0.16)] transition-opacity duration-500 group-hover:opacity-100"" />"
"components/calculator/ui/ValuationSummary.tsx","281","REDUCED_MOTION_REVIEW","warning"," className=""text-blue-100/80 transition-colors hover:text-white"""
"components/calculator/standalone/FloxUmzugRechner.tsx","76","REDUCED_MOTION_REVIEW","warning"," className={`h-1.5 flex-1 rounded-full transition-all duration-500 ${step.id === currentStep ? ""bg-gradient-to-r from-blue-500 to-blue-400 shadow-[0_0_12px_rgba(59,130,246,0.6)]"" : ""bg-white/10""}`}"
"components/calculator/standalone/FloxUmzugRechner.tsx","90","REDUCED_MOTION_REVIEW","warning"," className=""flex items-center gap-2 rounded-xl px-4 py-2.5 text-sm font-semibold text-white/40 transition-colors hover:text-white disabled:opacity-0"""
"components/calculator/forms/ArchiveForm.tsx","197","REDUCED_MOTION_REVIEW","warning"," className={`flex cursor-pointer items-start gap-4 rounded-2xl border p-5 transition-all ${checked ? ""border-blue-500/30 bg-blue-500/10"" : ""border-white/5 bg-[#0B0D12] hover:bg-white/5""}`}"
"components/calculator/forms/PaintingForm.tsx","89","REDUCED_MOTION_REVIEW","warning"," className={`flex flex-col items-start gap-1 rounded-2xl border p-4 text-left transition-all ${"
"components/calculator/forms/PaintingForm.tsx","179","REDUCED_MOTION_REVIEW","warning"," className={`flex cursor-pointer items-start gap-4 rounded-2xl border p-5 transition-all ${checked ? ""border-blue-500/30 bg-blue-500/10"" : ""border-white/5 bg-[#0B0D12] hover:bg-white/5""}`}"
"components/calculator/forms/PianoForm.tsx","82","REDUCED_MOTION_REVIEW","warning"," className={`flex flex-col items-center justify-center rounded-2xl border p-8 transition-all ${klaviertransportData.pianoType === ""upright"" ? ""border-blue-500/30 bg-blue-500/10"" : ""border-white/5 bg-[#0B0D12] hover:bg-wh"
"components/calculator/forms/PianoForm.tsx","92","REDUCED_MOTION_REVIEW","warning"," className={`flex flex-col items-center justify-center rounded-2xl border p-8 transition-all ${klaviertransportData.pianoType === ""grand"" ? ""border-blue-500/30 bg-blue-500/10"" : ""border-white/5 bg-[#0B0D12] hover:bg-whit"
"components/calculator/forms/PianoForm.tsx","184","REDUCED_MOTION_REVIEW","warning"," <label key={i} className={`flex cursor-pointer items-center justify-between rounded-xl border px-3 py-3 transition-all ${item.checked ? ""border-blue-500/30 bg-blue-500/10"" : ""border-white/5 bg-[#0B0D12] hover:bg-white/5"
"components/calculator/forms/ReinigungForm.tsx","194","REDUCED_MOTION_REVIEW","warning"," <summary className=""flex cursor-pointer list-none items-center justify-between gap-3 font-black uppercase tracking-[0.14em] text-emerald-800 transition hover:text-emerald-700 [&::-webkit-details-marker]:hidden"">"
"components/calculator/forms/ReinigungForm.tsx","196","REDUCED_MOTION_REVIEW","warning"," <CheckCircle2 className=""h-4 w-4 transition group-open:rotate-12"" />"
"components/calculator/forms/ReinigungForm.tsx","221","REDUCED_MOTION_REVIEW","warning"," className=""group rounded-[1.15rem] border border-emerald-100 bg-white px-4 py-4 text-left shadow-sm shadow-slate-950/5 transition hover:-translate-y-0.5 hover:border-emerald-200 hover:bg-white hover:shadow-md"""
"components/calculator/forms/StorageForm.tsx","154","REDUCED_MOTION_REVIEW","warning"," className={`flex cursor-pointer items-start gap-4 rounded-2xl border p-5 transition-all ${checked ? ""border-blue-500/30 bg-blue-500/10"" : ""border-white/5 bg-[#0B0D12] hover:bg-white/5""}`}"
"components/calculator/forms/UmzugForm.tsx","163","REDUCED_MOTION_REVIEW","warning"," className=""rounded-xl bg-blue-600 px-3 py-2 text-[10px] font-black uppercase tracking-[0.14em] text-white shadow-[0_12px_24px_rgba(37,99,235,0.2)] transition-all hover:bg-blue-500"""
"components/calculator/elite/CleaningEliteCalculator.tsx","84","REDUCED_MOTION_REVIEW","warning"," className=""flex items-center gap-2 text-sm font-bold text-white/30 transition-colors hover:text-white"""
"components/calculator/elite/CleaningEliteCalculator.tsx","91","REDUCED_MOTION_REVIEW","warning"," className=""flex items-center gap-2 rounded-2xl bg-emerald-600 px-8 py-4 text-sm font-bold text-white shadow-xl shadow-emerald-900/20 transition-all hover:bg-emerald-500 active:scale-95"""
"components/calculator/elite/DisposalEliteCalculator.tsx","75","REDUCED_MOTION_REVIEW","warning"," className=""flex items-center gap-2 text-sm font-bold text-white/30 transition-colors hover:text-white"""
"components/calculator/elite/DisposalEliteCalculator.tsx","81","REDUCED_MOTION_REVIEW","warning"," className=""flex items-center gap-2 rounded-2xl bg-amber-600 px-8 py-4 text-sm font-bold text-white shadow-xl shadow-amber-900/20 transition-all hover:bg-amber-500 active:scale-95"""
"components/calculator/elite/MovingEliteCalculator.tsx","123","REDUCED_MOTION_REVIEW","warning"," className={`h-1.5 w-10 rounded-full transition-all duration-500 ${step.id === currentStep ? ""bg-blue-500 shadow-[0_0_12px_rgba(59,130,246,0.6)]"" : ""bg-white/10""}`}"
"components/calculator/elite/MovingEliteCalculator.tsx","136","REDUCED_MOTION_REVIEW","warning"," className=""flex items-center gap-2 text-sm font-bold text-white/30 transition-colors hover:text-white disabled:opacity-0"""
"components/calculator/elite/MovingEliteCalculator.tsx","144","REDUCED_MOTION_REVIEW","warning"," className=""flex items-center gap-2 rounded-2xl bg-blue-600 px-8 py-4 text-sm font-bold text-white shadow-xl shadow-blue-900/20 transition-all hover:bg-blue-500 active:scale-95"""
"components/calculator/elite/MovingEliteCalculator.tsx","152","REDUCED_MOTION_REVIEW","warning"," className=""flex items-center gap-2 rounded-2xl bg-white px-8 py-4 text-sm font-bold text-black transition-all hover:bg-blue-50 active:scale-95"""
"components/blog/BlogArticlePage.tsx","230","REDUCED_MOTION_REVIEW","warning"," className=""group rounded-2xl border border-white bg-white px-4 py-4 shadow-sm shadow-slate-950/5 transition hover:-translate-y-0.5 hover:border-blue-200 hover:bg-blue-50"""
"components/blog/BlogArticlePage.tsx","236","REDUCED_MOTION_REVIEW","warning"," <ArrowRight className=""h-4 w-4 text-slate-400 transition group-hover:translate-x-0.5 group-hover:text-blue-700"" />"
"components/blog/BlogArticlePage.tsx","332","REDUCED_MOTION_REVIEW","warning"," className=""group flex items-center justify-between gap-3 rounded-2xl border border-slate-200 bg-slate-50 p-4 text-sm font-semibold text-slate-800 transition-all hover:border-blue-200 hover:bg-blue-50 hover:text-slate-95"
"components/blog/BlogArticlePage.tsx","335","REDUCED_MOTION_REVIEW","warning"," <ArrowRight className=""h-4 w-4 text-blue-600 transition-transform group-hover:translate-x-1"" />"
"components/blog/BlogArticlePage.tsx","345","REDUCED_MOTION_REVIEW","warning"," className=""mt-4 flex items-center justify-between gap-3 rounded-2xl border border-[#25D366]/25 bg-white p-4 text-sm font-semibold text-slate-800 shadow-sm shadow-slate-950/5 transition-all hover:border-[#25D366] hover:b"
"components/blog/BlogArticlePage.tsx","365","REDUCED_MOTION_REVIEW","warning"," className=""flex items-start gap-3 rounded-xl px-3 py-3 text-sm text-slate-600 transition hover:bg-blue-50 hover:text-slate-950"""
"components/blog/BlogSupportBlocks.tsx","238","REDUCED_MOTION_REVIEW","warning"," className=""mt-5 inline-flex min-h-11 items-center justify-center gap-2 rounded-xl bg-slate-950 px-4 text-sm font-bold text-white transition hover:bg-blue-800"""
"components/blog/BlogSupportBlocks.tsx","262","REDUCED_MOTION_REVIEW","warning"," className=""group block rounded-2xl border border-slate-200 bg-slate-50 p-4 transition hover:border-blue-200 hover:bg-blue-50"""
"components/blog/BlogSupportBlocks.tsx","266","REDUCED_MOTION_REVIEW","warning"," <ArrowRight className=""h-4 w-4 text-blue-600 transition group-hover:translate-x-0.5"" aria-hidden=""true"" />"
"components/blog/BlogSupportBlocks.tsx","294","REDUCED_MOTION_REVIEW","warning"," className=""inline-flex min-h-11 items-center justify-center gap-2 rounded-xl bg-white px-4 text-sm font-bold text-slate-950 transition hover:bg-cyan-50"""
"components/blog/BlogSupportBlocks.tsx","301","REDUCED_MOTION_REVIEW","warning"," className=""inline-flex min-h-11 items-center justify-center gap-2 rounded-xl border border-white/20 bg-white/10 px-4 text-sm font-bold text-white transition hover:bg-white hover:text-slate-950"""
"components/blog/BlogSupportBlocks.tsx","322","FOCUS_STYLE_REVIEW","warning"," <Link key={item.href} href={item.href} className=""block rounded-xl px-3 py-3 text-sm text-slate-600 transition hover:bg-blue-50 hover:text-slate-950"">"
"components/blog/BlogSupportBlocks.tsx","322","REDUCED_MOTION_REVIEW","warning"," <Link key={item.href} href={item.href} className=""block rounded-xl px-3 py-3 text-sm text-slate-600 transition hover:bg-blue-50 hover:text-slate-950"">"
"components/blog/BlogSupportBlocks.tsx","345","REDUCED_MOTION_REVIEW","warning"," className=""group block rounded-xl px-3 py-3 text-sm text-slate-600 transition hover:bg-blue-50 hover:text-slate-950"""
"components/blog/BlogSupportBlocks.tsx","349","REDUCED_MOTION_REVIEW","warning"," <ArrowRight className=""h-4 w-4 text-blue-600 transition group-hover:translate-x-0.5"" />"
"components/authority/FullServiceAuthorityExperience.tsx","106","REDUCED_MOTION_REVIEW","warning"," className=""group rounded-lg border border-slate-200 bg-white p-4 shadow-sm transition hover:-translate-y-0.5 hover:border-blue-200 hover:shadow-md"""
"components/authority/FullServiceAuthorityExperience.tsx","115","REDUCED_MOTION_REVIEW","warning"," <ArrowRight className=""h-3.5 w-3.5 transition group-hover:translate-x-0.5"" aria-hidden=""true"" />"
"components/authority/FullServiceAuthorityExperience.tsx","144","REDUCED_MOTION_REVIEW","warning"," className=""rounded-lg border border-slate-200 bg-slate-50 p-3 transition hover:border-blue-200 hover:bg-blue-50"""
"components/authority/FullServiceAuthorityExperience.tsx","176","REDUCED_MOTION_REVIEW","warning"," className=""rounded-lg border border-slate-200 bg-slate-50 p-3 transition hover:border-blue-200 hover:bg-blue-50"""
"components/authority/FullServiceAuthorityExperience.tsx","206","REDUCED_MOTION_REVIEW","warning"," className=""rounded-lg border border-slate-200 bg-slate-50 p-3 transition hover:border-emerald-200 hover:bg-emerald-50"""
"components/authority/FullServiceAuthorityExperience.tsx","237","REDUCED_MOTION_REVIEW","warning"," className=""hidden shrink-0 rounded-lg border border-slate-200 px-3 py-2 text-xs font-black text-slate-700 transition hover:border-blue-200 hover:bg-blue-50 sm:inline-flex"""
"components/authority/FullServiceAuthorityExperience.tsx","247","REDUCED_MOTION_REVIEW","warning"," className=""rounded-lg border border-slate-200 bg-slate-50 p-3 text-sm font-bold text-slate-800 transition hover:border-blue-200 hover:bg-blue-50"""
"components/ai-answer/AiAnswerBlock.tsx","44","REDUCED_MOTION_REVIEW","warning"," className=""mt-6 inline-flex min-h-12 items-center justify-center gap-2 rounded-lg bg-slate-950 px-5 text-sm font-black text-white transition hover:bg-blue-700"""
"components/ai-answer/QuickDecisionBox.tsx","47","REDUCED_MOTION_REVIEW","warning"," className=""mt-5 inline-flex min-h-11 items-center justify-center gap-2 rounded-lg bg-slate-950 px-4 text-sm font-black text-white transition hover:bg-blue-700"""
"components/ads/AdsLandingChrome.tsx","62","TOUCH_TARGET_REVIEW","warning"," <Link href=""/impressum"" className=""hover:text-slate-950"">Impressum</Link>"
"components/ads/AdsLandingChrome.tsx","62","FOCUS_STYLE_REVIEW","warning"," <Link href=""/impressum"" className=""hover:text-slate-950"">Impressum</Link>"
"components/ads/AdsLandingChrome.tsx","63","TOUCH_TARGET_REVIEW","warning"," <Link href=""/datenschutz"" className=""hover:text-slate-950"">Datenschutz</Link>"
"components/ads/AdsLandingChrome.tsx","63","FOCUS_STYLE_REVIEW","warning"," <Link href=""/datenschutz"" className=""hover:text-slate-950"">Datenschutz</Link>"
"components/ads/AdsLandingChrome.tsx","64","TOUCH_TARGET_REVIEW","warning"," <Link href=""/kontakt"" className=""hover:text-slate-950"">Kontakt</Link>"
"components/ads/AdsLandingChrome.tsx","64","FOCUS_STYLE_REVIEW","warning"," <Link href=""/kontakt"" className=""hover:text-slate-950"">Kontakt</Link>"
"components/admin-dashboard/AdminDashboard.tsx","253","REDUCED_MOTION_REVIEW","warning"," className=""inline-flex min-h-10 items-center gap-2 rounded-xl border border-white/10 bg-white/[0.05] px-4 text-sm font-black text-slate-200 transition hover:bg-white/10 hover:text-white focus:outline-none focus-visible:"
"components/admin-dashboard/AdminDashboard.tsx","274","REDUCED_MOTION_REVIEW","warning"," className=""inline-flex min-h-11 items-center justify-center gap-2 rounded-xl bg-cyan-300 px-5 text-sm font-black text-slate-950 transition hover:bg-cyan-200 focus:outline-none focus-visible:ring-2 focus-visible:ring-whi"
"components/admin-dashboard/AdminDashboard.tsx","368","REDUCED_MOTION_REVIEW","warning"," <tr key={booking.id} className=""border-b border-white/[0.07] align-top transition hover:bg-white/[0.035]"">"
"components/admin-dashboard/AdminDashboard.tsx","398","REDUCED_MOTION_REVIEW","warning"," className=""inline-flex min-h-10 items-center gap-2 rounded-xl border border-white/10 bg-white/[0.05] px-4 text-xs font-black text-slate-200 transition hover:bg-white/10 hover:text-white focus:outline-none focus-visible:"
"components/admin-dashboard/AdminDashboard.tsx","439","FOCUS_STYLE_REVIEW","warning"," <button type=""button"" onClick={() => setSelectedId(booking.id)} className=""inline-flex min-h-11 items-center justify-center gap-1 rounded-xl bg-cyan-300 px-4 text-xs font-black text-slate-950"">"
"components/admin-dashboard/AdminDashboard.tsx","489","TOUCH_TARGET_REVIEW","warning"," <button type=""button"" className=""absolute inset-0 cursor-default"" onClick={onClose} aria-label=""Detailansicht schließen"" />"
"components/admin-dashboard/AdminDashboard.tsx","489","FOCUS_STYLE_REVIEW","warning"," <button type=""button"" className=""absolute inset-0 cursor-default"" onClick={onClose} aria-label=""Detailansicht schließen"" />"
"components/admin-dashboard/AdminDashboard.tsx","497","REDUCED_MOTION_REVIEW","warning"," <button type=""button"" onClick={onClose} className=""grid h-11 w-11 shrink-0 place-items-center rounded-xl border border-white/10 bg-white/[0.05] text-slate-300 transition hover:bg-white/10 hover:text-white focus:outline-"
"components/admin-dashboard/AdminDashboard.tsx","516","FOCUS_STYLE_REVIEW","warning"," <a href={`mailto:${summary.email}`} className=""flex min-h-11 min-w-0 items-center gap-3 rounded-xl border border-white/10 bg-black/15 px-4 text-sm font-bold text-cyan-100 transition hover:bg-white/[0.06]"">"
"components/admin-dashboard/AdminDashboard.tsx","516","REDUCED_MOTION_REVIEW","warning"," <a href={`mailto:${summary.email}`} className=""flex min-h-11 min-w-0 items-center gap-3 rounded-xl border border-white/10 bg-black/15 px-4 text-sm font-bold text-cyan-100 transition hover:bg-white/[0.06]"">"
"components/admin-dashboard/AdminDashboard.tsx","521","FOCUS_STYLE_REVIEW","warning"," <a href={phoneHref(summary.phone)} className=""flex min-h-11 min-w-0 items-center gap-3 rounded-xl border border-white/10 bg-black/15 px-4 text-sm font-bold text-cyan-100 transition hover:bg-white/[0.06]"">"
"components/admin-dashboard/AdminDashboard.tsx","521","REDUCED_MOTION_REVIEW","warning"," <a href={phoneHref(summary.phone)} className=""flex min-h-11 min-w-0 items-center gap-3 rounded-xl border border-white/10 bg-black/15 px-4 text-sm font-bold text-cyan-100 transition hover:bg-white/[0.06]"">"
"components/admin-dashboard/AdminLogin.tsx","170","REDUCED_MOTION_REVIEW","warning"," <span className=""mt-2 flex min-h-12 items-center gap-3 rounded-xl border border-white/10 bg-black/20 px-4 transition focus-within:border-cyan-200/50 focus-within:ring-2 focus-within:ring-cyan-300/10"">"
"components/admin-dashboard/AdminLogin.tsx","187","REDUCED_MOTION_REVIEW","warning"," <span className=""mt-2 flex min-h-12 items-center gap-3 rounded-xl border border-white/10 bg-black/20 px-4 transition focus-within:border-cyan-200/50 focus-within:ring-2 focus-within:ring-cyan-300/10"">"
"components/admin-dashboard/AdminLogin.tsx","202","REDUCED_MOTION_REVIEW","warning"," className=""grid h-9 w-9 shrink-0 place-items-center rounded-lg text-slate-400 transition hover:bg-white/10 hover:text-white focus:outline-none focus-visible:ring-2 focus-visible:ring-cyan-300"""
"components/admin-dashboard/AdminLogin.tsx","219","REDUCED_MOTION_REVIEW","warning"," className=""inline-flex min-h-12 w-full items-center justify-center gap-2 rounded-xl bg-cyan-300 px-5 text-sm font-black text-slate-950 transition hover:bg-cyan-200 focus:outline-none focus-visible:ring-2 focus-visible:r"
