aggregateType,sourceFile,sourceRow,query,clicks,impressions,ctrPercent,position,priority,classifications,cluster,service,city,suggestedPrimaryRoute,relationStatus,relationBasis,recommendedAction
QUERY,Suchanfragen.csv,2,grundreinigung wohnung düsseldorf,2,59,3.39,9.05,P1,PROTECT_WINNER,duesseldorf-deep-cleaning,grundreinigung,duesseldorf,/duesseldorf/grundreinigung,LIKELY,"Semantische Intent-Übereinstimmung; Query- und Seitenexport bleiben getrennt, daher kein Query-zu-URL-Beweis.","Gewinner-Signale schützen; keine radikale URL-, Canonical- oder Inhaltsänderung."
QUERY,Suchanfragen.csv,3,floxant,2,47,4.26,1.53,P2,PROTECT_WINNER,brand,,,/,LIKELY,"Markenquery; semantische Zuordnung, nicht durch eine Query-zu-URL-Zeile bestätigt.","Gewinner-Signale schützen; keine radikale URL-, Canonical- oder Inhaltsänderung."
QUERY,Suchanfragen.csv,4,praxisreinigung düsseldorf,1,405,0.25,11.06,P1,HIGH_IMPRESSIONS_LOW_CTR|POSITION_11_TO_20,duesseldorf-practice-cleaning,praxisreinigung,duesseldorf,/duesseldorf/praxisreinigung,LIKELY,"Semantische Intent-Übereinstimmung; Query- und Seitenexport bleiben getrennt, daher kein Query-zu-URL-Beweis.","Title, Description und erste sichtbare Aussage kontrolliert prüfen; keine Query-zu-URL-Zuordnung behaupten."
QUERY,Suchanfragen.csv,5,fensterreinigung düsseldorf,1,224,0.45,8.02,P1,HIGH_IMPRESSIONS_LOW_CTR|POSITION_6_TO_10_LOW_CTR,duesseldorf-window-cleaning,fensterreinigung,duesseldorf,/duesseldorf/fensterreinigung,LIKELY,"Semantische Intent-Übereinstimmung; Query- und Seitenexport bleiben getrennt, daher kein Query-zu-URL-Beweis.","Title, Description und erste sichtbare Aussage kontrolliert prüfen; keine Query-zu-URL-Zuordnung behaupten."
QUERY,Suchanfragen.csv,6,putzfirma düsseldorf,1,157,0.64,7.8,P1,HIGH_IMPRESSIONS_LOW_CTR|POSITION_6_TO_10_LOW_CTR,duesseldorf-cleaning-hub,reinigung,duesseldorf,/duesseldorf/reinigung,LIKELY,"Semantische Intent-Übereinstimmung; Query- und Seitenexport bleiben getrennt, daher kein Query-zu-URL-Beweis.","Title, Description und erste sichtbare Aussage kontrolliert prüfen; keine Query-zu-URL-Zuordnung behaupten."
QUERY,Suchanfragen.csv,7,bauendreinigung düsseldorf,1,142,0.7,4.94,P1,PROTECT_WINNER|HIGH_IMPRESSIONS_LOW_CTR,duesseldorf-construction-cleaning,baureinigung,duesseldorf,/duesseldorf/baureinigung,LIKELY,"Semantische Intent-Übereinstimmung; Query- und Seitenexport bleiben getrennt, daher kein Query-zu-URL-Beweis.",URL und Hauptsignale schützen; höchstens einen kontrollierten Snippet-Test über mindestens 28 Tage messen.
QUERY,Suchanfragen.csv,8,umzugsunternehmen regensburg,1,96,1.04,42.64,P1,MANUAL_REVIEW,regensburg-move,umzug,regensburg,/regensburg/umzug,LIKELY,"Semantische Intent-Übereinstimmung; Query- und Seitenexport bleiben getrennt, daher kein Query-zu-URL-Beweis.",Query manuell prüfen; der getrennte Export beweist keine Zielseite.
QUERY,Suchanfragen.csv,9,klaviertransport regensburg,1,29,3.45,3.17,P3,MANUAL_REVIEW,unclassified,,,,MANUAL_REVIEW,Kein belastbarer Zielseitenhinweis im Query-Aggregat; manuelle Prüfung vor Seiten- oder Routingentscheidungen.,Query manuell prüfen; der getrennte Export beweist keine Zielseite.
QUERY,Suchanfragen.csv,10,entrümpelung düsseldorf,1,13,7.69,16.62,P3,POSITION_11_TO_20|MANUAL_REVIEW,unclassified,,,,MANUAL_REVIEW,Kein belastbarer Zielseitenhinweis im Query-Aggregat; manuelle Prüfung vor Seiten- oder Routingentscheidungen.,Intent-spezifischen Inhalt und interne Links prüfen; keine Synonymseite erzeugen.
QUERY,Suchanfragen.csv,11,büroreinigung düsseldorf,0,572,0,9.43,P1,HIGH_IMPRESSIONS_LOW_CTR|POSITION_6_TO_10_LOW_CTR,duesseldorf-office-cleaning,bueroreinigung,duesseldorf,/duesseldorf/bueroreinigung,LIKELY,"Semantische Intent-Übereinstimmung; Query- und Seitenexport bleiben getrennt, daher kein Query-zu-URL-Beweis.","Title, Description und erste sichtbare Aussage kontrolliert prüfen; keine Query-zu-URL-Zuordnung behaupten."
QUERY,Suchanfragen.csv,12,reinigungsdienst düsseldorf,0,211,0,7.49,P1,HIGH_IMPRESSIONS_LOW_CTR|POSITION_6_TO_10_LOW_CTR,duesseldorf-cleaning-hub,reinigung,duesseldorf,/duesseldorf/reinigung,LIKELY,"Semantische Intent-Übereinstimmung; Query- und Seitenexport bleiben getrennt, daher kein Query-zu-URL-Beweis.","Title, Description und erste sichtbare Aussage kontrolliert prüfen; keine Query-zu-URL-Zuordnung behaupten."
QUERY,Suchanfragen.csv,13,grundreinigung düsseldorf,0,206,0,4.73,P1,PROTECT_WINNER|HIGH_IMPRESSIONS_LOW_CTR|POSITION_1_TO_5_NO_CLICK,duesseldorf-deep-cleaning,grundreinigung,duesseldorf,/duesseldorf/grundreinigung,LIKELY,"Semantische Intent-Übereinstimmung; Query- und Seitenexport bleiben getrennt, daher kein Query-zu-URL-Beweis.",URL und Hauptsignale schützen; höchstens einen kontrollierten Snippet-Test über mindestens 28 Tage messen.
QUERY,Suchanfragen.csv,14,unterhaltsreinigung düsseldorf,0,199,0,10.53,P1,HIGH_IMPRESSIONS_LOW_CTR|POSITION_11_TO_20,duesseldorf-maintenance-cleaning,unterhaltsreinigung,duesseldorf,/duesseldorf/unterhaltsreinigung,LIKELY,"Semantische Intent-Übereinstimmung; Query- und Seitenexport bleiben getrennt, daher kein Query-zu-URL-Beweis.","Title, Description und erste sichtbare Aussage kontrolliert prüfen; keine Query-zu-URL-Zuordnung behaupten."
QUERY,Suchanfragen.csv,15,hausmeisterservice düsseldorf,0,156,0,6.76,P2,HIGH_IMPRESSIONS_LOW_CTR|POSITION_6_TO_10_LOW_CTR|MANUAL_REVIEW,unclassified,,,,MANUAL_REVIEW,Kein belastbarer Zielseitenhinweis im Query-Aggregat; manuelle Prüfung vor Seiten- oder Routingentscheidungen.,"Title, Description und erste sichtbare Aussage kontrolliert prüfen; keine Query-zu-URL-Zuordnung behaupten."
QUERY,Suchanfragen.csv,16,reinigungsunternehmen düsseldorf,0,149,0,5.8,P1,HIGH_IMPRESSIONS_LOW_CTR|POSITION_6_TO_10_LOW_CTR,duesseldorf-cleaning-hub,reinigung,duesseldorf,/duesseldorf/reinigung,LIKELY,"Semantische Intent-Übereinstimmung; Query- und Seitenexport bleiben getrennt, daher kein Query-zu-URL-Beweis.","Title, Description und erste sichtbare Aussage kontrolliert prüfen; keine Query-zu-URL-Zuordnung behaupten."
QUERY,Suchanfragen.csv,17,angebot reinigungsfirma,0,144,0,27.65,P2,HIGH_IMPRESSIONS_LOW_CTR,cleaning-offer,reinigungsangebot,,/reinigungsfirma-angebot,LIKELY,"Semantische Intent-Übereinstimmung; Query- und Seitenexport bleiben getrennt, daher kein Query-zu-URL-Beweis.","Title, Description und erste sichtbare Aussage kontrolliert prüfen; keine Query-zu-URL-Zuordnung behaupten."
QUERY,Suchanfragen.csv,18,umzug regensburg,0,135,0,23.76,P1,HIGH_IMPRESSIONS_LOW_CTR,regensburg-move,umzug,regensburg,/regensburg/umzug,LIKELY,"Semantische Intent-Übereinstimmung; Query- und Seitenexport bleiben getrennt, daher kein Query-zu-URL-Beweis.","Title, Description und erste sichtbare Aussage kontrolliert prüfen; keine Query-zu-URL-Zuordnung behaupten."
QUERY,Suchanfragen.csv,19,fensterreiniger düsseldorf,0,134,0,8.28,P1,HIGH_IMPRESSIONS_LOW_CTR|POSITION_6_TO_10_LOW_CTR,duesseldorf-window-cleaning,fensterreinigung,duesseldorf,/duesseldorf/fensterreinigung,LIKELY,"Semantische Intent-Übereinstimmung; Query- und Seitenexport bleiben getrennt, daher kein Query-zu-URL-Beweis.","Title, Description und erste sichtbare Aussage kontrolliert prüfen; keine Query-zu-URL-Zuordnung behaupten."
QUERY,Suchanfragen.csv,20,glasreinigung düsseldorf,0,130,0,11.38,P1,HIGH_IMPRESSIONS_LOW_CTR|POSITION_11_TO_20,duesseldorf-window-cleaning,fensterreinigung,duesseldorf,/duesseldorf/fensterreinigung,LIKELY,"Semantische Intent-Übereinstimmung; Query- und Seitenexport bleiben getrennt, daher kein Query-zu-URL-Beweis.","Title, Description und erste sichtbare Aussage kontrolliert prüfen; keine Query-zu-URL-Zuordnung behaupten."
QUERY,Suchanfragen.csv,21,büroreinigung,0,124,0,12.41,P2,HIGH_IMPRESSIONS_LOW_CTR|POSITION_11_TO_20|MANUAL_REVIEW,unclassified,,,,MANUAL_REVIEW,Kein belastbarer Zielseitenhinweis im Query-Aggregat; manuelle Prüfung vor Seiten- oder Routingentscheidungen.,"Title, Description und erste sichtbare Aussage kontrolliert prüfen; keine Query-zu-URL-Zuordnung behaupten."
QUERY,Suchanfragen.csv,22,entrümpelung regensburg,0,107,0,74.85,P2,HIGH_IMPRESSIONS_LOW_CTR,regensburg-clearance,entruempelung,regensburg,/regensburg/entruempelung,LIKELY,"Semantische Intent-Übereinstimmung; Query- und Seitenexport bleiben getrennt, daher kein Query-zu-URL-Beweis.","Title, Description und erste sichtbare Aussage kontrolliert prüfen; keine Query-zu-URL-Zuordnung behaupten."
QUERY,Suchanfragen.csv,23,baureinigung düsseldorf,0,106,0,15.12,P1,HIGH_IMPRESSIONS_LOW_CTR|POSITION_11_TO_20,duesseldorf-construction-cleaning,baureinigung,duesseldorf,/duesseldorf/baureinigung,LIKELY,"Semantische Intent-Übereinstimmung; Query- und Seitenexport bleiben getrennt, daher kein Query-zu-URL-Beweis.","Title, Description und erste sichtbare Aussage kontrolliert prüfen; keine Query-zu-URL-Zuordnung behaupten."
QUERY,Suchanfragen.csv,24,büroreinigung düesseldorf,0,102,0,8.52,P1,HIGH_IMPRESSIONS_LOW_CTR|POSITION_6_TO_10_LOW_CTR,duesseldorf-office-cleaning,bueroreinigung,duesseldorf,/duesseldorf/bueroreinigung,LIKELY,"Semantische Intent-Übereinstimmung; Query- und Seitenexport bleiben getrennt, daher kein Query-zu-URL-Beweis.","Title, Description und erste sichtbare Aussage kontrolliert prüfen; keine Query-zu-URL-Zuordnung behaupten."
QUERY,Suchanfragen.csv,25,bauendreinigung,0,98,0,14.13,P3,POSITION_11_TO_20|MANUAL_REVIEW,unclassified,,,,MANUAL_REVIEW,Kein belastbarer Zielseitenhinweis im Query-Aggregat; manuelle Prüfung vor Seiten- oder Routingentscheidungen.,Intent-spezifischen Inhalt und interne Links prüfen; keine Synonymseite erzeugen.
QUERY,Suchanfragen.csv,26,büroreinigung in düsseldorf,0,86,0,10.3,P1,POSITION_11_TO_20,duesseldorf-office-cleaning,bueroreinigung,duesseldorf,/duesseldorf/bueroreinigung,LIKELY,"Semantische Intent-Übereinstimmung; Query- und Seitenexport bleiben getrennt, daher kein Query-zu-URL-Beweis.",Intent-spezifischen Inhalt und interne Links prüfen; keine Synonymseite erzeugen.
QUERY,Suchanfragen.csv,27,gewerbereinigung,0,85,0,31.04,P3,MANUAL_REVIEW,unclassified,,,,MANUAL_REVIEW,Kein belastbarer Zielseitenhinweis im Query-Aggregat; manuelle Prüfung vor Seiten- oder Routingentscheidungen.,Query manuell prüfen; der getrennte Export beweist keine Zielseite.
QUERY,Suchanfragen.csv,28,reinigungsfirma angebot,0,82,0,39.35,P2,MANUAL_REVIEW,cleaning-offer,reinigungsangebot,,/reinigungsfirma-angebot,LIKELY,"Semantische Intent-Übereinstimmung; Query- und Seitenexport bleiben getrennt, daher kein Query-zu-URL-Beweis.",Query manuell prüfen; der getrennte Export beweist keine Zielseite.
QUERY,Suchanfragen.csv,29,hausmeisterdienst düsseldorf,0,80,0,4.04,P3,POSITION_1_TO_5_NO_CLICK|MANUAL_REVIEW,unclassified,,,,MANUAL_REVIEW,Kein belastbarer Zielseitenhinweis im Query-Aggregat; manuelle Prüfung vor Seiten- oder Routingentscheidungen.,Snippet und Suchintention prüfen; vorhandene Zielseite vor einer neuen Seite manuell bestätigen.
QUERY,Suchanfragen.csv,30,grundreinigung,0,75,0,4.67,P3,POSITION_1_TO_5_NO_CLICK|MANUAL_REVIEW,unclassified,,,,MANUAL_REVIEW,Kein belastbarer Zielseitenhinweis im Query-Aggregat; manuelle Prüfung vor Seiten- oder Routingentscheidungen.,Snippet und Suchintention prüfen; vorhandene Zielseite vor einer neuen Seite manuell bestätigen.
QUERY,Suchanfragen.csv,31,büroreinigung duesseldorf,0,75,0,11.59,P1,POSITION_11_TO_20,duesseldorf-office-cleaning,bueroreinigung,duesseldorf,/duesseldorf/bueroreinigung,LIKELY,"Semantische Intent-Übereinstimmung; Query- und Seitenexport bleiben getrennt, daher kein Query-zu-URL-Beweis.",Intent-spezifischen Inhalt und interne Links prüfen; keine Synonymseite erzeugen.
QUERY,Suchanfragen.csv,32,baureinigung,0,73,0,6.86,P3,POSITION_6_TO_10_LOW_CTR|MANUAL_REVIEW,unclassified,,,,MANUAL_REVIEW,Kein belastbarer Zielseitenhinweis im Query-Aggregat; manuelle Prüfung vor Seiten- oder Routingentscheidungen.,CTR-Hypothese mit einer begrenzten Snippet-Änderung testen und 28 Tage messen.
QUERY,Suchanfragen.csv,33,umzug im alter bayern,0,68,0,9.13,P3,POSITION_6_TO_10_LOW_CTR|MANUAL_REVIEW,unclassified,,,,MANUAL_REVIEW,Kein belastbarer Zielseitenhinweis im Query-Aggregat; manuelle Prüfung vor Seiten- oder Routingentscheidungen.,CTR-Hypothese mit einer begrenzten Snippet-Änderung testen und 28 Tage messen.
QUERY,Suchanfragen.csv,34,umzug im alter erlangen,0,67,0,2.73,P3,POSITION_1_TO_5_NO_CLICK|MANUAL_REVIEW,unclassified,,,,MANUAL_REVIEW,Kein belastbarer Zielseitenhinweis im Query-Aggregat; manuelle Prüfung vor Seiten- oder Routingentscheidungen.,Snippet und Suchintention prüfen; vorhandene Zielseite vor einer neuen Seite manuell bestätigen.
QUERY,Suchanfragen.csv,35,wohnungsreinigung düsseldorf,0,65,0,22.75,P1,MANUAL_REVIEW,duesseldorf-cleaning-hub,reinigung,duesseldorf,/duesseldorf/reinigung,LIKELY,"Semantische Intent-Übereinstimmung; Query- und Seitenexport bleiben getrennt, daher kein Query-zu-URL-Beweis.",Query manuell prüfen; der getrennte Export beweist keine Zielseite.
QUERY,Suchanfragen.csv,36,praxisreinigung,0,61,0,5.8,P3,POSITION_6_TO_10_LOW_CTR|MANUAL_REVIEW,unclassified,,,,MANUAL_REVIEW,Kein belastbarer Zielseitenhinweis im Query-Aggregat; manuelle Prüfung vor Seiten- oder Routingentscheidungen.,CTR-Hypothese mit einer begrenzten Snippet-Änderung testen und 28 Tage messen.
QUERY,Suchanfragen.csv,37,reinigungsfirma düsseldorf,0,59,0,32.8,P1,MANUAL_REVIEW,duesseldorf-cleaning-hub,reinigung,duesseldorf,/duesseldorf/reinigung,LIKELY,"Semantische Intent-Übereinstimmung; Query- und Seitenexport bleiben getrennt, daher kein Query-zu-URL-Beweis.",Query manuell prüfen; der getrennte Export beweist keine Zielseite.
QUERY,Suchanfragen.csv,38,reinigungsfirmen düsseldorf,0,56,0,9.16,P1,POSITION_6_TO_10_LOW_CTR,duesseldorf-cleaning-hub,reinigung,duesseldorf,/duesseldorf/reinigung,LIKELY,"Semantische Intent-Übereinstimmung; Query- und Seitenexport bleiben getrennt, daher kein Query-zu-URL-Beweis.",CTR-Hypothese mit einer begrenzten Snippet-Änderung testen und 28 Tage messen.
QUERY,Suchanfragen.csv,39,reinigungsdienst,0,52,0,2.31,P3,POSITION_1_TO_5_NO_CLICK|MANUAL_REVIEW,unclassified,,,,MANUAL_REVIEW,Kein belastbarer Zielseitenhinweis im Query-Aggregat; manuelle Prüfung vor Seiten- oder Routingentscheidungen.,Snippet und Suchintention prüfen; vorhandene Zielseite vor einer neuen Seite manuell bestätigen.
QUERY,Suchanfragen.csv,40,spezialreinigung düsseldorf,0,52,0,3.83,P1,POSITION_1_TO_5_NO_CLICK,duesseldorf-cleaning-hub,reinigung,duesseldorf,/duesseldorf/reinigung,LIKELY,"Semantische Intent-Übereinstimmung; Query- und Seitenexport bleiben getrennt, daher kein Query-zu-URL-Beweis.",Snippet und Suchintention prüfen; vorhandene Zielseite vor einer neuen Seite manuell bestätigen.
QUERY,Suchanfragen.csv,41,baustellenreinigung düsseldorf,0,52,0,4.6,P1,POSITION_1_TO_5_NO_CLICK,duesseldorf-construction-cleaning,baureinigung,duesseldorf,/duesseldorf/baureinigung,LIKELY,"Semantische Intent-Übereinstimmung; Query- und Seitenexport bleiben getrennt, daher kein Query-zu-URL-Beweis.",Snippet und Suchintention prüfen; vorhandene Zielseite vor einer neuen Seite manuell bestätigen.
QUERY,Suchanfragen.csv,42,gebäudereinigung düsseldorf,0,51,0,3.41,P1,POSITION_1_TO_5_NO_CLICK,duesseldorf-cleaning-hub,reinigung,duesseldorf,/duesseldorf/reinigung,LIKELY,"Semantische Intent-Übereinstimmung; Query- und Seitenexport bleiben getrennt, daher kein Query-zu-URL-Beweis.",Snippet und Suchintention prüfen; vorhandene Zielseite vor einer neuen Seite manuell bestätigen.
QUERY,Suchanfragen.csv,43,umzugshelfer für senioren nürnberg,0,50,0,16.28,P3,POSITION_11_TO_20|MANUAL_REVIEW,unclassified,,,,MANUAL_REVIEW,Kein belastbarer Zielseitenhinweis im Query-Aggregat; manuelle Prüfung vor Seiten- oder Routingentscheidungen.,Intent-spezifischen Inhalt und interne Links prüfen; keine Synonymseite erzeugen.
QUERY,Suchanfragen.csv,44,reinigungsfirma regensburg,0,49,0,48.14,P3,MANUAL_REVIEW,unclassified,,,,MANUAL_REVIEW,Kein belastbarer Zielseitenhinweis im Query-Aggregat; manuelle Prüfung vor Seiten- oder Routingentscheidungen.,Query manuell prüfen; der getrennte Export beweist keine Zielseite.
QUERY,Suchanfragen.csv,45,büroreinigung regensburg,0,48,0,26.25,P3,MANUAL_REVIEW,unclassified,,,,MANUAL_REVIEW,Kein belastbarer Zielseitenhinweis im Query-Aggregat; manuelle Prüfung vor Seiten- oder Routingentscheidungen.,Query manuell prüfen; der getrennte Export beweist keine Zielseite.
QUERY,Suchanfragen.csv,46,baufeinreinigung düsseldorf,0,47,0,4.15,P1,POSITION_1_TO_5_NO_CLICK,duesseldorf-construction-cleaning,baureinigung,duesseldorf,/duesseldorf/baureinigung,LIKELY,"Semantische Intent-Übereinstimmung; Query- und Seitenexport bleiben getrennt, daher kein Query-zu-URL-Beweis.",Snippet und Suchintention prüfen; vorhandene Zielseite vor einer neuen Seite manuell bestätigen.
QUERY,Suchanfragen.csv,47,fensterreinigung,0,46,0,4.98,P3,POSITION_1_TO_5_NO_CLICK|MANUAL_REVIEW,unclassified,,,,MANUAL_REVIEW,Kein belastbarer Zielseitenhinweis im Query-Aggregat; manuelle Prüfung vor Seiten- oder Routingentscheidungen.,Snippet und Suchintention prüfen; vorhandene Zielseite vor einer neuen Seite manuell bestätigen.
QUERY,Suchanfragen.csv,48,putzfirmen düsseldorf,0,46,0,19.57,P3,POSITION_11_TO_20|MANUAL_REVIEW,unclassified,,,,MANUAL_REVIEW,Kein belastbarer Zielseitenhinweis im Query-Aggregat; manuelle Prüfung vor Seiten- oder Routingentscheidungen.,Intent-spezifischen Inhalt und interne Links prüfen; keine Synonymseite erzeugen.
QUERY,Suchanfragen.csv,49,hausmeisterservice,0,45,0,6.44,P3,POSITION_6_TO_10_LOW_CTR|MANUAL_REVIEW,unclassified,,,,MANUAL_REVIEW,Kein belastbarer Zielseitenhinweis im Query-Aggregat; manuelle Prüfung vor Seiten- oder Routingentscheidungen.,CTR-Hypothese mit einer begrenzten Snippet-Änderung testen und 28 Tage messen.
QUERY,Suchanfragen.csv,50,umzug im alter fürth,0,43,0,5.56,P3,POSITION_6_TO_10_LOW_CTR|MANUAL_REVIEW,unclassified,,,,MANUAL_REVIEW,Kein belastbarer Zielseitenhinweis im Query-Aggregat; manuelle Prüfung vor Seiten- oder Routingentscheidungen.,CTR-Hypothese mit einer begrenzten Snippet-Änderung testen und 28 Tage messen.
QUERY,Suchanfragen.csv,51,zu wohnungsauflösung,0,43,0,23.09,P3,MANUAL_REVIEW,unclassified,,,,MANUAL_REVIEW,Kein belastbarer Zielseitenhinweis im Query-Aggregat; manuelle Prüfung vor Seiten- oder Routingentscheidungen.,Query manuell prüfen; der getrennte Export beweist keine Zielseite.
QUERY,Suchanfragen.csv,52,treppenreinigung düsseldorf,0,42,0,2.57,P1,POSITION_1_TO_5_NO_CLICK,duesseldorf-cleaning-hub,reinigung,duesseldorf,/duesseldorf/reinigung,LIKELY,"Semantische Intent-Übereinstimmung; Query- und Seitenexport bleiben getrennt, daher kein Query-zu-URL-Beweis.",Snippet und Suchintention prüfen; vorhandene Zielseite vor einer neuen Seite manuell bestätigen.
QUERY,Suchanfragen.csv,53,wohnungsauflösung regensburg,0,42,0,57.83,P2,MANUAL_REVIEW,regensburg-household-clearance,wohnungsaufloesung,regensburg,/regensburg/wohnungsaufloesung,LIKELY,"Semantische Intent-Übereinstimmung; Query- und Seitenexport bleiben getrennt, daher kein Query-zu-URL-Beweis.",Query manuell prüfen; der getrennte Export beweist keine Zielseite.
QUERY,Suchanfragen.csv,54,umzugshelfer für senioren erlangen,0,40,0,11.18,P3,POSITION_11_TO_20|MANUAL_REVIEW,unclassified,,,,MANUAL_REVIEW,Kein belastbarer Zielseitenhinweis im Query-Aggregat; manuelle Prüfung vor Seiten- oder Routingentscheidungen.,Intent-spezifischen Inhalt und interne Links prüfen; keine Synonymseite erzeugen.
QUERY,Suchanfragen.csv,55,umzug vohenstrauß,0,39,0,4.95,P3,POSITION_1_TO_5_NO_CLICK|MANUAL_REVIEW,unclassified,,,,MANUAL_REVIEW,Kein belastbarer Zielseitenhinweis im Query-Aggregat; manuelle Prüfung vor Seiten- oder Routingentscheidungen.,Snippet und Suchintention prüfen; vorhandene Zielseite vor einer neuen Seite manuell bestätigen.
QUERY,Suchanfragen.csv,56,unterhaltsreinigung,0,39,0,12.21,P3,POSITION_11_TO_20|MANUAL_REVIEW,unclassified,,,,MANUAL_REVIEW,Kein belastbarer Zielseitenhinweis im Query-Aggregat; manuelle Prüfung vor Seiten- oder Routingentscheidungen.,Intent-spezifischen Inhalt und interne Links prüfen; keine Synonymseite erzeugen.
QUERY,Suchanfragen.csv,57,umzüge regensburg,0,39,0,13.13,P3,POSITION_11_TO_20|MANUAL_REVIEW,unclassified,,,,MANUAL_REVIEW,Kein belastbarer Zielseitenhinweis im Query-Aggregat; manuelle Prüfung vor Seiten- oder Routingentscheidungen.,Intent-spezifischen Inhalt und interne Links prüfen; keine Synonymseite erzeugen.
QUERY,Suchanfragen.csv,58,geruchsneutralisation düsseldorf,0,37,0,6.19,P3,POSITION_6_TO_10_LOW_CTR|MANUAL_REVIEW,unclassified,,,,MANUAL_REVIEW,Kein belastbarer Zielseitenhinweis im Query-Aggregat; manuelle Prüfung vor Seiten- oder Routingentscheidungen.,CTR-Hypothese mit einer begrenzten Snippet-Änderung testen und 28 Tage messen.
QUERY,Suchanfragen.csv,59,geruchsneutralisation wohnung düsseldorf,0,36,0,4.42,P3,POSITION_1_TO_5_NO_CLICK|MANUAL_REVIEW,unclassified,,,,MANUAL_REVIEW,Kein belastbarer Zielseitenhinweis im Query-Aggregat; manuelle Prüfung vor Seiten- oder Routingentscheidungen.,Snippet und Suchintention prüfen; vorhandene Zielseite vor einer neuen Seite manuell bestätigen.
QUERY,Suchanfragen.csv,60,kosten umzugsreinigung,0,36,0,49.25,P2,MANUAL_REVIEW,cleaning-calculator-intent,cleaning,,/reinigung-preis-rechner,MANUAL_REVIEW,"Kosten-/Preisabsicht kann Rechner-, Ratgeber- oder Leistungsintention sein und erfordert manuelle Prüfung.",Query manuell prüfen; der getrennte Export beweist keine Zielseite.
QUERY,Suchanfragen.csv,61,umzugshelfer für senioren fürth,0,34,0,8.44,P3,POSITION_6_TO_10_LOW_CTR|MANUAL_REVIEW,unclassified,,,,MANUAL_REVIEW,Kein belastbarer Zielseitenhinweis im Query-Aggregat; manuelle Prüfung vor Seiten- oder Routingentscheidungen.,CTR-Hypothese mit einer begrenzten Snippet-Änderung testen und 28 Tage messen.
QUERY,Suchanfragen.csv,62,seniorenumzug landshut,0,34,0,14.88,P3,POSITION_11_TO_20|MANUAL_REVIEW,unclassified,,,,MANUAL_REVIEW,Kein belastbarer Zielseitenhinweis im Query-Aggregat; manuelle Prüfung vor Seiten- oder Routingentscheidungen.,Intent-spezifischen Inhalt und interne Links prüfen; keine Synonymseite erzeugen.
QUERY,Suchanfragen.csv,63,hausreinigung düsseldorf,0,33,0,1.45,P1,POSITION_1_TO_5_NO_CLICK,duesseldorf-cleaning-hub,reinigung,duesseldorf,/duesseldorf/reinigung,LIKELY,"Semantische Intent-Übereinstimmung; Query- und Seitenexport bleiben getrennt, daher kein Query-zu-URL-Beweis.",Snippet und Suchintention prüfen; vorhandene Zielseite vor einer neuen Seite manuell bestätigen.
QUERY,Suchanfragen.csv,64,schaufensterreinigung düsseldorf,0,33,0,13.82,P1,POSITION_11_TO_20,duesseldorf-window-cleaning,fensterreinigung,duesseldorf,/duesseldorf/fensterreinigung,LIKELY,"Semantische Intent-Übereinstimmung; Query- und Seitenexport bleiben getrennt, daher kein Query-zu-URL-Beweis.",Intent-spezifischen Inhalt und interne Links prüfen; keine Synonymseite erzeugen.
QUERY,Suchanfragen.csv,65,reinigungsfirma regensburg privathaushalt,0,33,0,37.73,P3,MANUAL_REVIEW,unclassified,,,,MANUAL_REVIEW,Kein belastbarer Zielseitenhinweis im Query-Aggregat; manuelle Prüfung vor Seiten- oder Routingentscheidungen.,Query manuell prüfen; der getrennte Export beweist keine Zielseite.
QUERY,Suchanfragen.csv,66,internationale umzüge,0,32,0,13.66,P3,POSITION_11_TO_20|MANUAL_REVIEW,unclassified,,,,MANUAL_REVIEW,Kein belastbarer Zielseitenhinweis im Query-Aggregat; manuelle Prüfung vor Seiten- oder Routingentscheidungen.,Intent-spezifischen Inhalt und interne Links prüfen; keine Synonymseite erzeugen.
QUERY,Suchanfragen.csv,67,umzug erding preise,0,32,0,13.91,P2,POSITION_11_TO_20|MANUAL_REVIEW,moving-calculator-intent,moving,,/umzug-kosten-rechner,MANUAL_REVIEW,"Kosten-/Preisabsicht kann Rechner-, Ratgeber- oder Leistungsintention sein und erfordert manuelle Prüfung.",Intent-spezifischen Inhalt und interne Links prüfen; keine Synonymseite erzeugen.
QUERY,Suchanfragen.csv,68,praxisentrümpelung nürnberg,0,32,0,29.47,P3,MANUAL_REVIEW,unclassified,,,,MANUAL_REVIEW,Kein belastbarer Zielseitenhinweis im Query-Aggregat; manuelle Prüfung vor Seiten- oder Routingentscheidungen.,Query manuell prüfen; der getrennte Export beweist keine Zielseite.
QUERY,Suchanfragen.csv,69,putzfirma regensburg,0,32,0,42.44,P3,MANUAL_REVIEW,unclassified,,,,MANUAL_REVIEW,Kein belastbarer Zielseitenhinweis im Query-Aggregat; manuelle Prüfung vor Seiten- oder Routingentscheidungen.,Query manuell prüfen; der getrennte Export beweist keine Zielseite.
QUERY,Suchanfragen.csv,70,reinigungsfirma angebot erstellen,0,32,0,47.88,P2,MANUAL_REVIEW,cleaning-offer,reinigungsangebot,,/reinigungsfirma-angebot,LIKELY,"Semantische Intent-Übereinstimmung; Query- und Seitenexport bleiben getrennt, daher kein Query-zu-URL-Beweis.",Query manuell prüfen; der getrennte Export beweist keine Zielseite.
QUERY,Suchanfragen.csv,71,reinigungs angebot schreiben,0,32,0,55.56,P2,MANUAL_REVIEW,cleaning-offer,reinigungsangebot,,/reinigungsfirma-angebot,LIKELY,"Semantische Intent-Übereinstimmung; Query- und Seitenexport bleiben getrennt, daher kein Query-zu-URL-Beweis.",Query manuell prüfen; der getrennte Export beweist keine Zielseite.
QUERY,Suchanfragen.csv,72,bodenreinigung düsseldorf,0,31,0,1.77,P1,POSITION_1_TO_5_NO_CLICK,duesseldorf-cleaning-hub,reinigung,duesseldorf,/duesseldorf/reinigung,LIKELY,"Semantische Intent-Übereinstimmung; Query- und Seitenexport bleiben getrennt, daher kein Query-zu-URL-Beweis.",Snippet und Suchintention prüfen; vorhandene Zielseite vor einer neuen Seite manuell bestätigen.
QUERY,Suchanfragen.csv,73,büro putzen düsseldorf,0,31,0,4.32,P3,POSITION_1_TO_5_NO_CLICK|MANUAL_REVIEW,unclassified,,,,MANUAL_REVIEW,Kein belastbarer Zielseitenhinweis im Query-Aggregat; manuelle Prüfung vor Seiten- oder Routingentscheidungen.,Snippet und Suchintention prüfen; vorhandene Zielseite vor einer neuen Seite manuell bestätigen.
QUERY,Suchanfragen.csv,74,house cleaning service,0,31,0,5.61,P3,POSITION_6_TO_10_LOW_CTR|MANUAL_REVIEW,unclassified,,,,MANUAL_REVIEW,Kein belastbarer Zielseitenhinweis im Query-Aggregat; manuelle Prüfung vor Seiten- oder Routingentscheidungen.,CTR-Hypothese mit einer begrenzten Snippet-Änderung testen und 28 Tage messen.
QUERY,Suchanfragen.csv,75,wohnung geruchsentfernung düsseldorf,0,31,0,7.32,P3,POSITION_6_TO_10_LOW_CTR|MANUAL_REVIEW,unclassified,,,,MANUAL_REVIEW,Kein belastbarer Zielseitenhinweis im Query-Aggregat; manuelle Prüfung vor Seiten- oder Routingentscheidungen.,CTR-Hypothese mit einer begrenzten Snippet-Änderung testen und 28 Tage messen.
QUERY,Suchanfragen.csv,76,wohnungsauflösungen regensburg,0,31,0,69.97,P2,MANUAL_REVIEW,regensburg-household-clearance,wohnungsaufloesung,regensburg,/regensburg/wohnungsaufloesung,LIKELY,"Semantische Intent-Übereinstimmung; Query- und Seitenexport bleiben getrennt, daher kein Query-zu-URL-Beweis.",Query manuell prüfen; der getrennte Export beweist keine Zielseite.
QUERY,Suchanfragen.csv,77,gebäudereinigungsfirma düsseldorf,0,30,0,4.93,P1,POSITION_1_TO_5_NO_CLICK,duesseldorf-cleaning-hub,reinigung,duesseldorf,/duesseldorf/reinigung,LIKELY,"Semantische Intent-Übereinstimmung; Query- und Seitenexport bleiben getrennt, daher kein Query-zu-URL-Beweis.",Snippet und Suchintention prüfen; vorhandene Zielseite vor einer neuen Seite manuell bestätigen.
QUERY,Suchanfragen.csv,78,umzugsservice für privat und gewerbliche kunden in kreis traunstein,0,30,0,8.43,P3,POSITION_6_TO_10_LOW_CTR|MANUAL_REVIEW,unclassified,,,,MANUAL_REVIEW,Kein belastbarer Zielseitenhinweis im Query-Aggregat; manuelle Prüfung vor Seiten- oder Routingentscheidungen.,CTR-Hypothese mit einer begrenzten Snippet-Änderung testen und 28 Tage messen.
QUERY,Suchanfragen.csv,79,verkaufsflächenreinigung,0,30,0,43.1,P3,MANUAL_REVIEW,unclassified,,,,MANUAL_REVIEW,Kein belastbarer Zielseitenhinweis im Query-Aggregat; manuelle Prüfung vor Seiten- oder Routingentscheidungen.,Query manuell prüfen; der getrennte Export beweist keine Zielseite.
QUERY,Suchanfragen.csv,80,gebäudereinigung düsseldorf altstadt,0,29,0,2.76,P1,POSITION_1_TO_5_NO_CLICK,duesseldorf-cleaning-hub,reinigung,duesseldorf,/duesseldorf/reinigung,LIKELY,"Semantische Intent-Übereinstimmung; Query- und Seitenexport bleiben getrennt, daher kein Query-zu-URL-Beweis.",Snippet und Suchintention prüfen; vorhandene Zielseite vor einer neuen Seite manuell bestätigen.
QUERY,Suchanfragen.csv,81,schulreinigung düsseldorf,0,29,0,16.03,P1,POSITION_11_TO_20,duesseldorf-cleaning-hub,reinigung,duesseldorf,/duesseldorf/reinigung,LIKELY,"Semantische Intent-Übereinstimmung; Query- und Seitenexport bleiben getrennt, daher kein Query-zu-URL-Beweis.",Intent-spezifischen Inhalt und interne Links prüfen; keine Synonymseite erzeugen.
QUERY,Suchanfragen.csv,82,angebot für reinigungsarbeiten,0,29,0,32.52,P2,MANUAL_REVIEW,cleaning-offer,reinigungsangebot,,/reinigungsfirma-angebot,LIKELY,"Semantische Intent-Übereinstimmung; Query- und Seitenexport bleiben getrennt, daher kein Query-zu-URL-Beweis.",Query manuell prüfen; der getrennte Export beweist keine Zielseite.
QUERY,Suchanfragen.csv,83,fachkundige umzugshelfer in regensburg,0,28,0,35.82,P1,MANUAL_REVIEW,regensburg-move,umzug,regensburg,/regensburg/umzug,LIKELY,"Semantische Intent-Übereinstimmung; Query- und Seitenexport bleiben getrennt, daher kein Query-zu-URL-Beweis.",Query manuell prüfen; der getrennte Export beweist keine Zielseite.
QUERY,Suchanfragen.csv,84,grundreinigung regensburg,0,28,0,53.21,P3,MANUAL_REVIEW,unclassified,,,,MANUAL_REVIEW,Kein belastbarer Zielseitenhinweis im Query-Aggregat; manuelle Prüfung vor Seiten- oder Routingentscheidungen.,Query manuell prüfen; der getrennte Export beweist keine Zielseite.
QUERY,Suchanfragen.csv,85,geruchsbeseitigung düsseldorf,0,27,0,17.33,P3,POSITION_11_TO_20|MANUAL_REVIEW,unclassified,,,,MANUAL_REVIEW,Kein belastbarer Zielseitenhinweis im Query-Aggregat; manuelle Prüfung vor Seiten- oder Routingentscheidungen.,Intent-spezifischen Inhalt und interne Links prüfen; keine Synonymseite erzeugen.
QUERY,Suchanfragen.csv,86,praxis entrümpelung nürnberg,0,27,0,39.85,P3,MANUAL_REVIEW,unclassified,,,,MANUAL_REVIEW,Kein belastbarer Zielseitenhinweis im Query-Aggregat; manuelle Prüfung vor Seiten- oder Routingentscheidungen.,Query manuell prüfen; der getrennte Export beweist keine Zielseite.
QUERY,Suchanfragen.csv,87,reinigungsunternehmen regensburg,0,27,0,39.93,P3,MANUAL_REVIEW,unclassified,,,,MANUAL_REVIEW,Kein belastbarer Zielseitenhinweis im Query-Aggregat; manuelle Prüfung vor Seiten- oder Routingentscheidungen.,Query manuell prüfen; der getrennte Export beweist keine Zielseite.
QUERY,Suchanfragen.csv,88,putzdienst regensburg,0,27,0,41.74,P3,MANUAL_REVIEW,unclassified,,,,MANUAL_REVIEW,Kein belastbarer Zielseitenhinweis im Query-Aggregat; manuelle Prüfung vor Seiten- oder Routingentscheidungen.,Query manuell prüfen; der getrennte Export beweist keine Zielseite.
QUERY,Suchanfragen.csv,89,regensburg reinigung,0,27,0,44.37,P3,MANUAL_REVIEW,unclassified,,,,MANUAL_REVIEW,Kein belastbarer Zielseitenhinweis im Query-Aggregat; manuelle Prüfung vor Seiten- oder Routingentscheidungen.,Query manuell prüfen; der getrennte Export beweist keine Zielseite.
QUERY,Suchanfragen.csv,90,professionelle lagerhallenreinigung in düsseldorf und umkreis,0,26,0,2.12,P1,POSITION_1_TO_5_NO_CLICK,duesseldorf-cleaning-hub,reinigung,duesseldorf,/duesseldorf/reinigung,LIKELY,"Semantische Intent-Übereinstimmung; Query- und Seitenexport bleiben getrennt, daher kein Query-zu-URL-Beweis.",Snippet und Suchintention prüfen; vorhandene Zielseite vor einer neuen Seite manuell bestätigen.
QUERY,Suchanfragen.csv,91,reinigung von lüftungsanlagen düsseldorf,0,26,0,7.58,P1,POSITION_6_TO_10_LOW_CTR,duesseldorf-cleaning-hub,reinigung,duesseldorf,/duesseldorf/reinigung,LIKELY,"Semantische Intent-Übereinstimmung; Query- und Seitenexport bleiben getrennt, daher kein Query-zu-URL-Beweis.",CTR-Hypothese mit einer begrenzten Snippet-Änderung testen und 28 Tage messen.
QUERY,Suchanfragen.csv,92,gebäudereinigung regensburg,0,26,0,40.73,P3,MANUAL_REVIEW,unclassified,,,,MANUAL_REVIEW,Kein belastbarer Zielseitenhinweis im Query-Aggregat; manuelle Prüfung vor Seiten- oder Routingentscheidungen.,Query manuell prüfen; der getrennte Export beweist keine Zielseite.
QUERY,Suchanfragen.csv,93,angebot schreiben reinigung,0,26,0,48.85,P2,MANUAL_REVIEW,cleaning-offer,reinigungsangebot,,/reinigungsfirma-angebot,LIKELY,"Semantische Intent-Übereinstimmung; Query- und Seitenexport bleiben getrennt, daher kein Query-zu-URL-Beweis.",Query manuell prüfen; der getrennte Export beweist keine Zielseite.
QUERY,Suchanfragen.csv,94,grundreinigung duesseldorf,0,25,0,4.08,P1,PROTECT_WINNER|POSITION_1_TO_5_NO_CLICK,duesseldorf-deep-cleaning,grundreinigung,duesseldorf,/duesseldorf/grundreinigung,LIKELY,"Semantische Intent-Übereinstimmung; Query- und Seitenexport bleiben getrennt, daher kein Query-zu-URL-Beweis.","Gewinner-Signale schützen; keine radikale URL-, Canonical- oder Inhaltsänderung."
QUERY,Suchanfragen.csv,95,umzugshelfer für senioren bayern,0,25,0,18.64,P3,POSITION_11_TO_20|MANUAL_REVIEW,unclassified,,,,MANUAL_REVIEW,Kein belastbarer Zielseitenhinweis im Query-Aggregat; manuelle Prüfung vor Seiten- oder Routingentscheidungen.,Intent-spezifischen Inhalt und interne Links prüfen; keine Synonymseite erzeugen.
QUERY,Suchanfragen.csv,96,firmenumzug regensburg,0,25,0,52.36,P1,MANUAL_REVIEW,regensburg-move,umzug,regensburg,/regensburg/umzug,LIKELY,"Semantische Intent-Übereinstimmung; Query- und Seitenexport bleiben getrennt, daher kein Query-zu-URL-Beweis.",Query manuell prüfen; der getrennte Export beweist keine Zielseite.
QUERY,Suchanfragen.csv,97,umzugsreinigung düsseldorf,0,24,0,1.79,P1,POSITION_1_TO_5_NO_CLICK,duesseldorf-cleaning-hub,reinigung,duesseldorf,/duesseldorf/reinigung,LIKELY,"Semantische Intent-Übereinstimmung; Query- und Seitenexport bleiben getrennt, daher kein Query-zu-URL-Beweis.",Snippet und Suchintention prüfen; vorhandene Zielseite vor einer neuen Seite manuell bestätigen.
QUERY,Suchanfragen.csv,98,umzugsreinigung,0,24,0,3.29,P3,POSITION_1_TO_5_NO_CLICK|MANUAL_REVIEW,unclassified,,,,MANUAL_REVIEW,Kein belastbarer Zielseitenhinweis im Query-Aggregat; manuelle Prüfung vor Seiten- oder Routingentscheidungen.,Snippet und Suchintention prüfen; vorhandene Zielseite vor einer neuen Seite manuell bestätigen.
QUERY,Suchanfragen.csv,99,umzug neustadt an der waldnaab,0,24,0,3.38,P3,POSITION_1_TO_5_NO_CLICK|MANUAL_REVIEW,unclassified,,,,MANUAL_REVIEW,Kein belastbarer Zielseitenhinweis im Query-Aggregat; manuelle Prüfung vor Seiten- oder Routingentscheidungen.,Snippet und Suchintention prüfen; vorhandene Zielseite vor einer neuen Seite manuell bestätigen.
QUERY,Suchanfragen.csv,100,zuverlässiges reinigungsunternehmen in düsseldorf und umgebung,0,24,0,7.96,P1,POSITION_6_TO_10_LOW_CTR,duesseldorf-cleaning-hub,reinigung,duesseldorf,/duesseldorf/reinigung,LIKELY,"Semantische Intent-Übereinstimmung; Query- und Seitenexport bleiben getrennt, daher kein Query-zu-URL-Beweis.",CTR-Hypothese mit einer begrenzten Snippet-Änderung testen und 28 Tage messen.
QUERY,Suchanfragen.csv,101,gebäudereinigungen düsseldorf,0,24,0,9.04,P1,POSITION_6_TO_10_LOW_CTR,duesseldorf-cleaning-hub,reinigung,duesseldorf,/duesseldorf/reinigung,LIKELY,"Semantische Intent-Übereinstimmung; Query- und Seitenexport bleiben getrennt, daher kein Query-zu-URL-Beweis.",CTR-Hypothese mit einer begrenzten Snippet-Änderung testen und 28 Tage messen.
QUERY,Suchanfragen.csv,102,umzug erding kosten,0,24,0,18,P2,POSITION_11_TO_20|MANUAL_REVIEW,moving-calculator-intent,moving,,/umzug-kosten-rechner,MANUAL_REVIEW,"Kosten-/Preisabsicht kann Rechner-, Ratgeber- oder Leistungsintention sein und erfordert manuelle Prüfung.",Intent-spezifischen Inhalt und interne Links prüfen; keine Synonymseite erzeugen.
QUERY,Suchanfragen.csv,103,umzug im alter nürnberg,0,24,0,25.83,P3,MANUAL_REVIEW,unclassified,,,,MANUAL_REVIEW,Kein belastbarer Zielseitenhinweis im Query-Aggregat; manuelle Prüfung vor Seiten- oder Routingentscheidungen.,Query manuell prüfen; der getrennte Export beweist keine Zielseite.
QUERY,Suchanfragen.csv,104,gebäudereinigung düsseldorf golzheim,0,23,0,10.43,P1,POSITION_11_TO_20,duesseldorf-cleaning-hub,reinigung,duesseldorf,/duesseldorf/reinigung,LIKELY,"Semantische Intent-Übereinstimmung; Query- und Seitenexport bleiben getrennt, daher kein Query-zu-URL-Beweis.",Intent-spezifischen Inhalt und interne Links prüfen; keine Synonymseite erzeugen.
QUERY,Suchanfragen.csv,105,top-bauendreinigung in düsseldorf und umgebung,0,23,0,10.7,P1,POSITION_11_TO_20,duesseldorf-construction-cleaning,baureinigung,duesseldorf,/duesseldorf/baureinigung,LIKELY,"Semantische Intent-Übereinstimmung; Query- und Seitenexport bleiben getrennt, daher kein Query-zu-URL-Beweis.",Intent-spezifischen Inhalt und interne Links prüfen; keine Synonymseite erzeugen.
QUERY,Suchanfragen.csv,106,reinigungsfirma düsseldorf privathaushalt,0,23,0,18.65,P1,POSITION_11_TO_20,duesseldorf-cleaning-hub,reinigung,duesseldorf,/duesseldorf/reinigung,LIKELY,"Semantische Intent-Übereinstimmung; Query- und Seitenexport bleiben getrennt, daher kein Query-zu-URL-Beweis.",Intent-spezifischen Inhalt und interne Links prüfen; keine Synonymseite erzeugen.
QUERY,Suchanfragen.csv,107,reinigungsfirma düsseldorf location trade,0,23,0,20.22,P1,MANUAL_REVIEW,duesseldorf-cleaning-hub,reinigung,duesseldorf,/duesseldorf/reinigung,LIKELY,"Semantische Intent-Übereinstimmung; Query- und Seitenexport bleiben getrennt, daher kein Query-zu-URL-Beweis.",Query manuell prüfen; der getrennte Export beweist keine Zielseite.
QUERY,Suchanfragen.csv,108,reinigung regensburg,0,23,0,51.61,P3,MANUAL_REVIEW,unclassified,,,,MANUAL_REVIEW,Kein belastbarer Zielseitenhinweis im Query-Aggregat; manuelle Prüfung vor Seiten- oder Routingentscheidungen.,Query manuell prüfen; der getrennte Export beweist keine Zielseite.
QUERY,Suchanfragen.csv,109,umzug im alter mittelfranken,0,23,0,60.78,P3,MANUAL_REVIEW,unclassified,,,,MANUAL_REVIEW,Kein belastbarer Zielseitenhinweis im Query-Aggregat; manuelle Prüfung vor Seiten- oder Routingentscheidungen.,Query manuell prüfen; der getrennte Export beweist keine Zielseite.
QUERY,Suchanfragen.csv,110,reinigung wartung rigole düsseldorf,0,23,0,62.74,P1,MANUAL_REVIEW,duesseldorf-cleaning-hub,reinigung,duesseldorf,/duesseldorf/reinigung,LIKELY,"Semantische Intent-Übereinstimmung; Query- und Seitenexport bleiben getrennt, daher kein Query-zu-URL-Beweis.",Query manuell prüfen; der getrennte Export beweist keine Zielseite.
QUERY,Suchanfragen.csv,111,international moving services,0,22,0,2.55,P3,POSITION_1_TO_5_NO_CLICK|MANUAL_REVIEW,unclassified,,,,MANUAL_REVIEW,Kein belastbarer Zielseitenhinweis im Query-Aggregat; manuelle Prüfung vor Seiten- oder Routingentscheidungen.,Snippet und Suchintention prüfen; vorhandene Zielseite vor einer neuen Seite manuell bestätigen.
QUERY,Suchanfragen.csv,112,reinigungskraft düsseldorf,0,22,0,5.86,P1,POSITION_6_TO_10_LOW_CTR,duesseldorf-cleaning-hub,reinigung,duesseldorf,/duesseldorf/reinigung,LIKELY,"Semantische Intent-Übereinstimmung; Query- und Seitenexport bleiben getrennt, daher kein Query-zu-URL-Beweis.",CTR-Hypothese mit einer begrenzten Snippet-Änderung testen und 28 Tage messen.
QUERY,Suchanfragen.csv,113,grundreinigung in düsseldorf,0,22,0,6,P1,POSITION_6_TO_10_LOW_CTR,duesseldorf-deep-cleaning,grundreinigung,duesseldorf,/duesseldorf/grundreinigung,LIKELY,"Semantische Intent-Übereinstimmung; Query- und Seitenexport bleiben getrennt, daher kein Query-zu-URL-Beweis.",CTR-Hypothese mit einer begrenzten Snippet-Änderung testen und 28 Tage messen.
QUERY,Suchanfragen.csv,114,reinigungsdienste düsseldorf,0,22,0,14.23,P1,POSITION_11_TO_20,duesseldorf-cleaning-hub,reinigung,duesseldorf,/duesseldorf/reinigung,LIKELY,"Semantische Intent-Übereinstimmung; Query- und Seitenexport bleiben getrennt, daher kein Query-zu-URL-Beweis.",Intent-spezifischen Inhalt und interne Links prüfen; keine Synonymseite erzeugen.
QUERY,Suchanfragen.csv,115,reinigungsdienste regensburg,0,22,0,44.59,P3,MANUAL_REVIEW,unclassified,,,,MANUAL_REVIEW,Kein belastbarer Zielseitenhinweis im Query-Aggregat; manuelle Prüfung vor Seiten- oder Routingentscheidungen.,Query manuell prüfen; der getrennte Export beweist keine Zielseite.
QUERY,Suchanfragen.csv,116,angebote schreiben reinigungsfirma,0,22,0,51,P2,MANUAL_REVIEW,cleaning-offer,reinigungsangebot,,/reinigungsfirma-angebot,LIKELY,"Semantische Intent-Übereinstimmung; Query- und Seitenexport bleiben getrennt, daher kein Query-zu-URL-Beweis.",Query manuell prüfen; der getrennte Export beweist keine Zielseite.
QUERY,Suchanfragen.csv,117,wohnungsreinigung münchen,0,22,0,51.5,P3,MANUAL_REVIEW,unclassified,,,,MANUAL_REVIEW,Kein belastbarer Zielseitenhinweis im Query-Aggregat; manuelle Prüfung vor Seiten- oder Routingentscheidungen.,Query manuell prüfen; der getrennte Export beweist keine Zielseite.
QUERY,Suchanfragen.csv,118,bau reinigung düsseldorf,0,21,0,2,P1,POSITION_1_TO_5_NO_CLICK,duesseldorf-cleaning-hub,reinigung,duesseldorf,/duesseldorf/reinigung,LIKELY,"Semantische Intent-Übereinstimmung; Query- und Seitenexport bleiben getrennt, daher kein Query-zu-URL-Beweis.",Snippet und Suchintention prüfen; vorhandene Zielseite vor einer neuen Seite manuell bestätigen.
QUERY,Suchanfragen.csv,119,düsseldorf putzfirma büro,0,21,0,14.05,P1,POSITION_11_TO_20,duesseldorf-cleaning-hub,reinigung,duesseldorf,/duesseldorf/reinigung,LIKELY,"Semantische Intent-Übereinstimmung; Query- und Seitenexport bleiben getrennt, daher kein Query-zu-URL-Beweis.",Intent-spezifischen Inhalt und interne Links prüfen; keine Synonymseite erzeugen.
QUERY,Suchanfragen.csv,120,putzfirmen regensburg,0,21,0,38.57,P3,MANUAL_REVIEW,unclassified,,,,MANUAL_REVIEW,Kein belastbarer Zielseitenhinweis im Query-Aggregat; manuelle Prüfung vor Seiten- oder Routingentscheidungen.,Query manuell prüfen; der getrennte Export beweist keine Zielseite.
QUERY,Suchanfragen.csv,121,wie schreibt man ein angebot fur reinigung,0,21,0,39.76,P2,MANUAL_REVIEW,cleaning-offer,reinigungsangebot,,/reinigungsfirma-angebot,LIKELY,"Semantische Intent-Übereinstimmung; Query- und Seitenexport bleiben getrennt, daher kein Query-zu-URL-Beweis.",Query manuell prüfen; der getrennte Export beweist keine Zielseite.
QUERY,Suchanfragen.csv,122,reinigungsfirmen regensburg,0,21,0,42.86,P3,MANUAL_REVIEW,unclassified,,,,MANUAL_REVIEW,Kein belastbarer Zielseitenhinweis im Query-Aggregat; manuelle Prüfung vor Seiten- oder Routingentscheidungen.,Query manuell prüfen; der getrennte Export beweist keine Zielseite.
QUERY,Suchanfragen.csv,123,umzug im alter bamberg,0,20,0,4.25,P3,POSITION_1_TO_5_NO_CLICK|MANUAL_REVIEW,unclassified,,,,MANUAL_REVIEW,Kein belastbarer Zielseitenhinweis im Query-Aggregat; manuelle Prüfung vor Seiten- oder Routingentscheidungen.,Snippet und Suchintention prüfen; vorhandene Zielseite vor einer neuen Seite manuell bestätigen.
QUERY,Suchanfragen.csv,124,büroumzug rosenheim,0,20,0,6.7,P3,POSITION_6_TO_10_LOW_CTR|MANUAL_REVIEW,unclassified,,,,MANUAL_REVIEW,Kein belastbarer Zielseitenhinweis im Query-Aggregat; manuelle Prüfung vor Seiten- oder Routingentscheidungen.,CTR-Hypothese mit einer begrenzten Snippet-Änderung testen und 28 Tage messen.
QUERY,Suchanfragen.csv,125,reinigung düsseldorf,0,20,0,36.3,P1,MANUAL_REVIEW,duesseldorf-cleaning-hub,reinigung,duesseldorf,/duesseldorf/reinigung,LIKELY,"Semantische Intent-Übereinstimmung; Query- und Seitenexport bleiben getrennt, daher kein Query-zu-URL-Beweis.",Query manuell prüfen; der getrennte Export beweist keine Zielseite.
QUERY,Suchanfragen.csv,126,reinigung offerte schreiben,0,20,0,39.9,P3,MANUAL_REVIEW,unclassified,,,,MANUAL_REVIEW,Kein belastbarer Zielseitenhinweis im Query-Aggregat; manuelle Prüfung vor Seiten- oder Routingentscheidungen.,Query manuell prüfen; der getrennte Export beweist keine Zielseite.
QUERY,Suchanfragen.csv,127,fensterreinigung in der nähe,0,19,0,2.32,P3,POSITION_1_TO_5_NO_CLICK|MANUAL_REVIEW,unclassified,,,,MANUAL_REVIEW,Kein belastbarer Zielseitenhinweis im Query-Aggregat; manuelle Prüfung vor Seiten- oder Routingentscheidungen.,Snippet und Suchintention prüfen; vorhandene Zielseite vor einer neuen Seite manuell bestätigen.
QUERY,Suchanfragen.csv,128,putzen düsseldorf,0,19,0,5.95,P3,POSITION_6_TO_10_LOW_CTR|MANUAL_REVIEW,unclassified,,,,MANUAL_REVIEW,Kein belastbarer Zielseitenhinweis im Query-Aggregat; manuelle Prüfung vor Seiten- oder Routingentscheidungen.,CTR-Hypothese mit einer begrenzten Snippet-Änderung testen und 28 Tage messen.
QUERY,Suchanfragen.csv,129,gebäudereinigungsfirmen in düsseldorf,0,19,0,7.58,P1,POSITION_6_TO_10_LOW_CTR,duesseldorf-cleaning-hub,reinigung,duesseldorf,/duesseldorf/reinigung,LIKELY,"Semantische Intent-Übereinstimmung; Query- und Seitenexport bleiben getrennt, daher kein Query-zu-URL-Beweis.",CTR-Hypothese mit einer begrenzten Snippet-Änderung testen und 28 Tage messen.
QUERY,Suchanfragen.csv,130,baustellereinigung düsseldorf,0,19,0,10.74,P1,POSITION_11_TO_20,duesseldorf-cleaning-hub,reinigung,duesseldorf,/duesseldorf/reinigung,LIKELY,"Semantische Intent-Übereinstimmung; Query- und Seitenexport bleiben getrennt, daher kein Query-zu-URL-Beweis.",Intent-spezifischen Inhalt und interne Links prüfen; keine Synonymseite erzeugen.
QUERY,Suchanfragen.csv,131,gebäudereinigung düsseldorf friedrichstadt,0,19,0,12.32,P1,POSITION_11_TO_20,duesseldorf-cleaning-hub,reinigung,duesseldorf,/duesseldorf/reinigung,LIKELY,"Semantische Intent-Übereinstimmung; Query- und Seitenexport bleiben getrennt, daher kein Query-zu-URL-Beweis.",Intent-spezifischen Inhalt und interne Links prüfen; keine Synonymseite erzeugen.
QUERY,Suchanfragen.csv,132,reinigungsangebot,0,19,0,26,P2,MANUAL_REVIEW,cleaning-offer,reinigungsangebot,,/reinigungsfirma-angebot,LIKELY,"Semantische Intent-Übereinstimmung; Query- und Seitenexport bleiben getrennt, daher kein Query-zu-URL-Beweis.",Query manuell prüfen; der getrennte Export beweist keine Zielseite.
QUERY,Suchanfragen.csv,133,wie schreibt man ein angebot für reinigung,0,19,0,39.89,P2,MANUAL_REVIEW,cleaning-offer,reinigungsangebot,,/reinigungsfirma-angebot,LIKELY,"Semantische Intent-Übereinstimmung; Query- und Seitenexport bleiben getrennt, daher kein Query-zu-URL-Beweis.",Query manuell prüfen; der getrennte Export beweist keine Zielseite.
QUERY,Suchanfragen.csv,134,cleaning companies in dusseldorf,0,18,0,1.22,P3,POSITION_1_TO_5_NO_CLICK|MANUAL_REVIEW,unclassified,,,,MANUAL_REVIEW,Kein belastbarer Zielseitenhinweis im Query-Aggregat; manuelle Prüfung vor Seiten- oder Routingentscheidungen.,Snippet und Suchintention prüfen; vorhandene Zielseite vor einer neuen Seite manuell bestätigen.
QUERY,Suchanfragen.csv,135,maschinenreinigung düsseldorf,0,18,0,1.56,P1,POSITION_1_TO_5_NO_CLICK,duesseldorf-cleaning-hub,reinigung,duesseldorf,/duesseldorf/reinigung,LIKELY,"Semantische Intent-Übereinstimmung; Query- und Seitenexport bleiben getrennt, daher kein Query-zu-URL-Beweis.",Snippet und Suchintention prüfen; vorhandene Zielseite vor einer neuen Seite manuell bestätigen.
QUERY,Suchanfragen.csv,136,gebäudereinigung düsseldorf unterbilk,0,18,0,6.61,P1,POSITION_6_TO_10_LOW_CTR,duesseldorf-cleaning-hub,reinigung,duesseldorf,/duesseldorf/reinigung,LIKELY,"Semantische Intent-Übereinstimmung; Query- und Seitenexport bleiben getrennt, daher kein Query-zu-URL-Beweis.",CTR-Hypothese mit einer begrenzten Snippet-Änderung testen und 28 Tage messen.
QUERY,Suchanfragen.csv,137,putzfirma büro düsseldorf,0,18,0,7.39,P1,POSITION_6_TO_10_LOW_CTR,duesseldorf-cleaning-hub,reinigung,duesseldorf,/duesseldorf/reinigung,LIKELY,"Semantische Intent-Übereinstimmung; Query- und Seitenexport bleiben getrennt, daher kein Query-zu-URL-Beweis.",CTR-Hypothese mit einer begrenzten Snippet-Änderung testen und 28 Tage messen.
QUERY,Suchanfragen.csv,138,düsseldorf reinigungsfirma,0,18,0,18.83,P1,POSITION_11_TO_20,duesseldorf-cleaning-hub,reinigung,duesseldorf,/duesseldorf/reinigung,LIKELY,"Semantische Intent-Übereinstimmung; Query- und Seitenexport bleiben getrennt, daher kein Query-zu-URL-Beweis.",Intent-spezifischen Inhalt und interne Links prüfen; keine Synonymseite erzeugen.
QUERY,Suchanfragen.csv,139,angebot reinigung,0,18,0,19.5,P2,POSITION_11_TO_20,cleaning-offer,reinigungsangebot,,/reinigungsfirma-angebot,LIKELY,"Semantische Intent-Übereinstimmung; Query- und Seitenexport bleiben getrennt, daher kein Query-zu-URL-Beweis.",Intent-spezifischen Inhalt und interne Links prüfen; keine Synonymseite erzeugen.
QUERY,Suchanfragen.csv,140,umzüge neutraubling,0,18,0,42.83,P3,MANUAL_REVIEW,unclassified,,,,MANUAL_REVIEW,Kein belastbarer Zielseitenhinweis im Query-Aggregat; manuelle Prüfung vor Seiten- oder Routingentscheidungen.,Query manuell prüfen; der getrennte Export beweist keine Zielseite.
QUERY,Suchanfragen.csv,141,bauschlussreinigung düsseldorf,0,17,0,1.47,P1,POSITION_1_TO_5_NO_CLICK,duesseldorf-cleaning-hub,reinigung,duesseldorf,/duesseldorf/reinigung,LIKELY,"Semantische Intent-Übereinstimmung; Query- und Seitenexport bleiben getrennt, daher kein Query-zu-URL-Beweis.",Snippet und Suchintention prüfen; vorhandene Zielseite vor einer neuen Seite manuell bestätigen.
QUERY,Suchanfragen.csv,142,reinigungsdienst in der nähe,0,17,0,1.47,P3,POSITION_1_TO_5_NO_CLICK|MANUAL_REVIEW,unclassified,,,,MANUAL_REVIEW,Kein belastbarer Zielseitenhinweis im Query-Aggregat; manuelle Prüfung vor Seiten- oder Routingentscheidungen.,Snippet und Suchintention prüfen; vorhandene Zielseite vor einer neuen Seite manuell bestätigen.
QUERY,Suchanfragen.csv,143,räumungsservice landshut,0,17,0,7,P3,POSITION_6_TO_10_LOW_CTR|MANUAL_REVIEW,unclassified,,,,MANUAL_REVIEW,Kein belastbarer Zielseitenhinweis im Query-Aggregat; manuelle Prüfung vor Seiten- oder Routingentscheidungen.,CTR-Hypothese mit einer begrenzten Snippet-Änderung testen und 28 Tage messen.
QUERY,Suchanfragen.csv,144,regensburg umzug,0,17,0,9.35,P1,POSITION_6_TO_10_LOW_CTR,regensburg-move,umzug,regensburg,/regensburg/umzug,LIKELY,"Semantische Intent-Übereinstimmung; Query- und Seitenexport bleiben getrennt, daher kein Query-zu-URL-Beweis.",CTR-Hypothese mit einer begrenzten Snippet-Änderung testen und 28 Tage messen.
QUERY,Suchanfragen.csv,145,cleaning service düsseldorf,0,17,0,10.06,P3,POSITION_11_TO_20|MANUAL_REVIEW,unclassified,,,,MANUAL_REVIEW,Kein belastbarer Zielseitenhinweis im Query-Aggregat; manuelle Prüfung vor Seiten- oder Routingentscheidungen.,Intent-spezifischen Inhalt und interne Links prüfen; keine Synonymseite erzeugen.
QUERY,Suchanfragen.csv,146,gebäudereinigung düsseldorf pempelfort,0,17,0,14.53,P1,POSITION_11_TO_20,duesseldorf-cleaning-hub,reinigung,duesseldorf,/duesseldorf/reinigung,LIKELY,"Semantische Intent-Übereinstimmung; Query- und Seitenexport bleiben getrennt, daher kein Query-zu-URL-Beweis.",Intent-spezifischen Inhalt und interne Links prüfen; keine Synonymseite erzeugen.
QUERY,Suchanfragen.csv,147,putzen mit abnahmegarantie,0,17,0,31.59,P3,MANUAL_REVIEW,unclassified,,,,MANUAL_REVIEW,Kein belastbarer Zielseitenhinweis im Query-Aggregat; manuelle Prüfung vor Seiten- oder Routingentscheidungen.,Query manuell prüfen; der getrennte Export beweist keine Zielseite.
QUERY,Suchanfragen.csv,148,"bestes umzugsunternehmen in konstanz, regensburg",0,17,0,38.47,P1,MANUAL_REVIEW,regensburg-move,umzug,regensburg,/regensburg/umzug,LIKELY,"Semantische Intent-Übereinstimmung; Query- und Seitenexport bleiben getrennt, daher kein Query-zu-URL-Beweis.",Query manuell prüfen; der getrennte Export beweist keine Zielseite.
QUERY,Suchanfragen.csv,149,treppenhausreinigung angebot erstellen,0,17,0,50.53,P2,MANUAL_REVIEW,cleaning-offer,reinigungsangebot,,/reinigungsfirma-angebot,LIKELY,"Semantische Intent-Übereinstimmung; Query- und Seitenexport bleiben getrennt, daher kein Query-zu-URL-Beweis.",Query manuell prüfen; der getrennte Export beweist keine Zielseite.
QUERY,Suchanfragen.csv,150,professioneller reinigungsdienst,0,16,0,1.62,P3,POSITION_1_TO_5_NO_CLICK|MANUAL_REVIEW,unclassified,,,,MANUAL_REVIEW,Kein belastbarer Zielseitenhinweis im Query-Aggregat; manuelle Prüfung vor Seiten- oder Routingentscheidungen.,Snippet und Suchintention prüfen; vorhandene Zielseite vor einer neuen Seite manuell bestätigen.
QUERY,Suchanfragen.csv,151,unterhalt reinigung düsseldorf,0,16,0,11.25,P1,POSITION_11_TO_20,duesseldorf-cleaning-hub,reinigung,duesseldorf,/duesseldorf/reinigung,LIKELY,"Semantische Intent-Übereinstimmung; Query- und Seitenexport bleiben getrennt, daher kein Query-zu-URL-Beweis.",Intent-spezifischen Inhalt und interne Links prüfen; keine Synonymseite erzeugen.
QUERY,Suchanfragen.csv,152,putzarbeiten düsseldorf,0,16,0,15.19,P3,POSITION_11_TO_20|MANUAL_REVIEW,unclassified,,,,MANUAL_REVIEW,Kein belastbarer Zielseitenhinweis im Query-Aggregat; manuelle Prüfung vor Seiten- oder Routingentscheidungen.,Intent-spezifischen Inhalt und interne Links prüfen; keine Synonymseite erzeugen.
QUERY,Suchanfragen.csv,153,cleaner regensburg,0,16,0,25.19,P3,MANUAL_REVIEW,unclassified,,,,MANUAL_REVIEW,Kein belastbarer Zielseitenhinweis im Query-Aggregat; manuelle Prüfung vor Seiten- oder Routingentscheidungen.,Query manuell prüfen; der getrennte Export beweist keine Zielseite.
QUERY,Suchanfragen.csv,154,unterhaltsreinigung regensburg,0,16,0,50.56,P3,MANUAL_REVIEW,unclassified,,,,MANUAL_REVIEW,Kein belastbarer Zielseitenhinweis im Query-Aggregat; manuelle Prüfung vor Seiten- oder Routingentscheidungen.,Query manuell prüfen; der getrennte Export beweist keine Zielseite.
QUERY,Suchanfragen.csv,155,seniorenumzug nürnberg,0,16,0,86.38,P3,MANUAL_REVIEW,unclassified,,,,MANUAL_REVIEW,Kein belastbarer Zielseitenhinweis im Query-Aggregat; manuelle Prüfung vor Seiten- oder Routingentscheidungen.,Query manuell prüfen; der getrennte Export beweist keine Zielseite.
QUERY,Suchanfragen.csv,156,cleaning service dusseldorf,0,15,0,7.2,P3,POSITION_6_TO_10_LOW_CTR|MANUAL_REVIEW,unclassified,,,,MANUAL_REVIEW,Kein belastbarer Zielseitenhinweis im Query-Aggregat; manuelle Prüfung vor Seiten- oder Routingentscheidungen.,CTR-Hypothese mit einer begrenzten Snippet-Änderung testen und 28 Tage messen.
QUERY,Suchanfragen.csv,157,düsseldorf reinigungsdienst büro,0,15,0,7.67,P1,POSITION_6_TO_10_LOW_CTR,duesseldorf-cleaning-hub,reinigung,duesseldorf,/duesseldorf/reinigung,LIKELY,"Semantische Intent-Übereinstimmung; Query- und Seitenexport bleiben getrennt, daher kein Query-zu-URL-Beweis.",CTR-Hypothese mit einer begrenzten Snippet-Änderung testen und 28 Tage messen.
QUERY,Suchanfragen.csv,158,düsseldorf reinigung,0,15,0,16.27,P1,POSITION_11_TO_20,duesseldorf-cleaning-hub,reinigung,duesseldorf,/duesseldorf/reinigung,LIKELY,"Semantische Intent-Übereinstimmung; Query- und Seitenexport bleiben getrennt, daher kein Query-zu-URL-Beweis.",Intent-spezifischen Inhalt und interne Links prüfen; keine Synonymseite erzeugen.
QUERY,Suchanfragen.csv,159,professionelle lagerhallen reinigung in düsseldorf und umkreis,0,15,0,47.13,P1,MANUAL_REVIEW,duesseldorf-cleaning-hub,reinigung,duesseldorf,/duesseldorf/reinigung,LIKELY,"Semantische Intent-Übereinstimmung; Query- und Seitenexport bleiben getrennt, daher kein Query-zu-URL-Beweis.",Query manuell prüfen; der getrennte Export beweist keine Zielseite.
QUERY,Suchanfragen.csv,160,privatumzug nürnberg,0,15,0,63.2,P3,MANUAL_REVIEW,unclassified,,,,MANUAL_REVIEW,Kein belastbarer Zielseitenhinweis im Query-Aggregat; manuelle Prüfung vor Seiten- oder Routingentscheidungen.,Query manuell prüfen; der getrennte Export beweist keine Zielseite.
QUERY,Suchanfragen.csv,161,treppenreinigung,0,14,0,3.79,P3,POSITION_1_TO_5_NO_CLICK|MANUAL_REVIEW,unclassified,,,,MANUAL_REVIEW,Kein belastbarer Zielseitenhinweis im Query-Aggregat; manuelle Prüfung vor Seiten- oder Routingentscheidungen.,Snippet und Suchintention prüfen; vorhandene Zielseite vor einer neuen Seite manuell bestätigen.
QUERY,Suchanfragen.csv,162,hausreinigung,0,14,0,4.07,P3,POSITION_1_TO_5_NO_CLICK|MANUAL_REVIEW,unclassified,,,,MANUAL_REVIEW,Kein belastbarer Zielseitenhinweis im Query-Aggregat; manuelle Prüfung vor Seiten- oder Routingentscheidungen.,Snippet und Suchintention prüfen; vorhandene Zielseite vor einer neuen Seite manuell bestätigen.
QUERY,Suchanfragen.csv,163,hausreinigung dusseldorf,0,14,0,6.79,P1,POSITION_6_TO_10_LOW_CTR,duesseldorf-cleaning-hub,reinigung,duesseldorf,/duesseldorf/reinigung,LIKELY,"Semantische Intent-Übereinstimmung; Query- und Seitenexport bleiben getrennt, daher kein Query-zu-URL-Beweis.",CTR-Hypothese mit einer begrenzten Snippet-Änderung testen und 28 Tage messen.
QUERY,Suchanfragen.csv,164,reinigungsdienst büro düsseldorf,0,14,0,7.79,P1,POSITION_6_TO_10_LOW_CTR,duesseldorf-cleaning-hub,reinigung,duesseldorf,/duesseldorf/reinigung,LIKELY,"Semantische Intent-Übereinstimmung; Query- und Seitenexport bleiben getrennt, daher kein Query-zu-URL-Beweis.",CTR-Hypothese mit einer begrenzten Snippet-Änderung testen und 28 Tage messen.
QUERY,Suchanfragen.csv,165,desinfektion wohnung düsseldorf,0,14,0,12.57,P3,POSITION_11_TO_20|MANUAL_REVIEW,unclassified,,,,MANUAL_REVIEW,Kein belastbarer Zielseitenhinweis im Query-Aggregat; manuelle Prüfung vor Seiten- oder Routingentscheidungen.,Intent-spezifischen Inhalt und interne Links prüfen; keine Synonymseite erzeugen.
QUERY,Suchanfragen.csv,166,musterangebote für reinigung,0,14,0,39.43,P2,MANUAL_REVIEW,cleaning-offer,reinigungsangebot,,/reinigungsfirma-angebot,LIKELY,"Semantische Intent-Übereinstimmung; Query- und Seitenexport bleiben getrennt, daher kein Query-zu-URL-Beweis.",Query manuell prüfen; der getrennte Export beweist keine Zielseite.
QUERY,Suchanfragen.csv,167,reinigungsservice düsseldorf,0,14,0,44.14,P1,MANUAL_REVIEW,duesseldorf-cleaning-hub,reinigung,duesseldorf,/duesseldorf/reinigung,LIKELY,"Semantische Intent-Übereinstimmung; Query- und Seitenexport bleiben getrennt, daher kein Query-zu-URL-Beweis.",Query manuell prüfen; der getrennte Export beweist keine Zielseite.
QUERY,Suchanfragen.csv,168,angebot reinigungsfirma muster,0,14,0,46.21,P2,MANUAL_REVIEW,cleaning-offer,reinigungsangebot,,/reinigungsfirma-angebot,LIKELY,"Semantische Intent-Übereinstimmung; Query- und Seitenexport bleiben getrennt, daher kein Query-zu-URL-Beweis.",Query manuell prüfen; der getrennte Export beweist keine Zielseite.
QUERY,Suchanfragen.csv,169,angebotsschreiben reinigung,0,14,0,49,P2,MANUAL_REVIEW,cleaning-offer,reinigungsangebot,,/reinigungsfirma-angebot,LIKELY,"Semantische Intent-Übereinstimmung; Query- und Seitenexport bleiben getrennt, daher kein Query-zu-URL-Beweis.",Query manuell prüfen; der getrennte Export beweist keine Zielseite.
QUERY,Suchanfragen.csv,170,seniorenumzug erding,0,13,0,2.62,P3,POSITION_1_TO_5_NO_CLICK|MANUAL_REVIEW,unclassified,,,,MANUAL_REVIEW,Kein belastbarer Zielseitenhinweis im Query-Aggregat; manuelle Prüfung vor Seiten- oder Routingentscheidungen.,Snippet und Suchintention prüfen; vorhandene Zielseite vor einer neuen Seite manuell bestätigen.
QUERY,Suchanfragen.csv,171,cleaning service,0,13,0,4.77,P3,POSITION_1_TO_5_NO_CLICK|MANUAL_REVIEW,unclassified,,,,MANUAL_REVIEW,Kein belastbarer Zielseitenhinweis im Query-Aggregat; manuelle Prüfung vor Seiten- oder Routingentscheidungen.,Snippet und Suchintention prüfen; vorhandene Zielseite vor einer neuen Seite manuell bestätigen.
QUERY,Suchanfragen.csv,172,cleaning services,0,13,0,4.92,P3,POSITION_1_TO_5_NO_CLICK|MANUAL_REVIEW,unclassified,,,,MANUAL_REVIEW,Kein belastbarer Zielseitenhinweis im Query-Aggregat; manuelle Prüfung vor Seiten- oder Routingentscheidungen.,Snippet und Suchintention prüfen; vorhandene Zielseite vor einer neuen Seite manuell bestätigen.
QUERY,Suchanfragen.csv,173,fernumzug münchen,0,13,0,9,P3,POSITION_6_TO_10_LOW_CTR|MANUAL_REVIEW,unclassified,,,,MANUAL_REVIEW,Kein belastbarer Zielseitenhinweis im Query-Aggregat; manuelle Prüfung vor Seiten- oder Routingentscheidungen.,CTR-Hypothese mit einer begrenzten Snippet-Änderung testen und 28 Tage messen.
QUERY,Suchanfragen.csv,174,umzugsservice regensburg,0,13,0,15.23,P1,POSITION_11_TO_20,regensburg-move,umzug,regensburg,/regensburg/umzug,LIKELY,"Semantische Intent-Übereinstimmung; Query- und Seitenexport bleiben getrennt, daher kein Query-zu-URL-Beweis.",Intent-spezifischen Inhalt und interne Links prüfen; keine Synonymseite erzeugen.
QUERY,Suchanfragen.csv,175,gewerbeobjekt reinigung,0,13,0,15.92,P3,POSITION_11_TO_20|MANUAL_REVIEW,unclassified,,,,MANUAL_REVIEW,Kein belastbarer Zielseitenhinweis im Query-Aggregat; manuelle Prüfung vor Seiten- oder Routingentscheidungen.,Intent-spezifischen Inhalt und interne Links prüfen; keine Synonymseite erzeugen.
QUERY,Suchanfragen.csv,176,"professionelle umzüge und entrümpelungen in regensburg, deutschland und 
europaweit",0,13,0,22.54,P2,MANUAL_REVIEW,regensburg-clearance,entruempelung,regensburg,/regensburg/entruempelung,LIKELY,"Semantische Intent-Übereinstimmung; Query- und Seitenexport bleiben getrennt, daher kein Query-zu-URL-Beweis.",Query manuell prüfen; der getrennte Export beweist keine Zielseite.
QUERY,Suchanfragen.csv,177,praxisreinigung regensburg,0,13,0,41,P3,MANUAL_REVIEW,unclassified,,,,MANUAL_REVIEW,Kein belastbarer Zielseitenhinweis im Query-Aggregat; manuelle Prüfung vor Seiten- oder Routingentscheidungen.,Query manuell prüfen; der getrennte Export beweist keine Zielseite.
QUERY,Suchanfragen.csv,178,muster angebote für reinigung,0,13,0,60.77,P2,MANUAL_REVIEW,cleaning-offer,reinigungsangebot,,/reinigungsfirma-angebot,LIKELY,"Semantische Intent-Übereinstimmung; Query- und Seitenexport bleiben getrennt, daher kein Query-zu-URL-Beweis.",Query manuell prüfen; der getrennte Export beweist keine Zielseite.
QUERY,Suchanfragen.csv,179,angebot reinigungsarbeiten muster,0,13,0,62.38,P2,MANUAL_REVIEW,cleaning-offer,reinigungsangebot,,/reinigungsfirma-angebot,LIKELY,"Semantische Intent-Übereinstimmung; Query- und Seitenexport bleiben getrennt, daher kein Query-zu-URL-Beweis.",Query manuell prüfen; der getrennte Export beweist keine Zielseite.
QUERY,Suchanfragen.csv,180,baugrobreinigung düsseldorf,0,12,0,1.33,P1,POSITION_1_TO_5_NO_CLICK,duesseldorf-cleaning-hub,reinigung,duesseldorf,/duesseldorf/reinigung,LIKELY,"Semantische Intent-Übereinstimmung; Query- und Seitenexport bleiben getrennt, daher kein Query-zu-URL-Beweis.",Snippet und Suchintention prüfen; vorhandene Zielseite vor einer neuen Seite manuell bestätigen.
QUERY,Suchanfragen.csv,181,cleaning services dusseldorf,0,12,0,1.42,P3,POSITION_1_TO_5_NO_CLICK|MANUAL_REVIEW,unclassified,,,,MANUAL_REVIEW,Kein belastbarer Zielseitenhinweis im Query-Aggregat; manuelle Prüfung vor Seiten- oder Routingentscheidungen.,Snippet und Suchintention prüfen; vorhandene Zielseite vor einer neuen Seite manuell bestätigen.
QUERY,Suchanfragen.csv,182,reinigungsunternehmen,0,12,0,2.08,P3,POSITION_1_TO_5_NO_CLICK|MANUAL_REVIEW,unclassified,,,,MANUAL_REVIEW,Kein belastbarer Zielseitenhinweis im Query-Aggregat; manuelle Prüfung vor Seiten- oder Routingentscheidungen.,Snippet und Suchintention prüfen; vorhandene Zielseite vor einer neuen Seite manuell bestätigen.
QUERY,Suchanfragen.csv,183,lüftungsanlagen reinigen lassen düsseldorf,0,12,0,7.33,P3,POSITION_6_TO_10_LOW_CTR|MANUAL_REVIEW,unclassified,,,,MANUAL_REVIEW,Kein belastbarer Zielseitenhinweis im Query-Aggregat; manuelle Prüfung vor Seiten- oder Routingentscheidungen.,CTR-Hypothese mit einer begrenzten Snippet-Änderung testen und 28 Tage messen.
QUERY,Suchanfragen.csv,184,umzugsfirma regensburg,0,12,0,11.25,P1,POSITION_11_TO_20,regensburg-move,umzug,regensburg,/regensburg/umzug,LIKELY,"Semantische Intent-Übereinstimmung; Query- und Seitenexport bleiben getrennt, daher kein Query-zu-URL-Beweis.",Intent-spezifischen Inhalt und interne Links prüfen; keine Synonymseite erzeugen.
QUERY,Suchanfragen.csv,185,umzugshelfer für senioren bamberg,0,12,0,12.92,P3,POSITION_11_TO_20|MANUAL_REVIEW,unclassified,,,,MANUAL_REVIEW,Kein belastbarer Zielseitenhinweis im Query-Aggregat; manuelle Prüfung vor Seiten- oder Routingentscheidungen.,Intent-spezifischen Inhalt und interne Links prüfen; keine Synonymseite erzeugen.
QUERY,Suchanfragen.csv,186,desinfektion gewerbe düsseldorf,0,12,0,18.42,P3,POSITION_11_TO_20|MANUAL_REVIEW,unclassified,,,,MANUAL_REVIEW,Kein belastbarer Zielseitenhinweis im Query-Aggregat; manuelle Prüfung vor Seiten- oder Routingentscheidungen.,Intent-spezifischen Inhalt und interne Links prüfen; keine Synonymseite erzeugen.
QUERY,Suchanfragen.csv,187,büroumzug erding,0,12,0,19.92,P3,POSITION_11_TO_20|MANUAL_REVIEW,unclassified,,,,MANUAL_REVIEW,Kein belastbarer Zielseitenhinweis im Query-Aggregat; manuelle Prüfung vor Seiten- oder Routingentscheidungen.,Intent-spezifischen Inhalt und interne Links prüfen; keine Synonymseite erzeugen.
QUERY,Suchanfragen.csv,188,reinigung angebot,0,12,0,21.83,P2,MANUAL_REVIEW,cleaning-offer,reinigungsangebot,,/reinigungsfirma-angebot,LIKELY,"Semantische Intent-Übereinstimmung; Query- und Seitenexport bleiben getrennt, daher kein Query-zu-URL-Beweis.",Query manuell prüfen; der getrennte Export beweist keine Zielseite.
QUERY,Suchanfragen.csv,189,gebäudereinigung angebot schreiben,0,12,0,53.5,P2,MANUAL_REVIEW,cleaning-offer,reinigungsangebot,,/reinigungsfirma-angebot,LIKELY,"Semantische Intent-Übereinstimmung; Query- und Seitenexport bleiben getrennt, daher kein Query-zu-URL-Beweis.",Query manuell prüfen; der getrennte Export beweist keine Zielseite.
QUERY,Suchanfragen.csv,190,angebot reinigung muster,0,12,0,56.25,P2,MANUAL_REVIEW,cleaning-offer,reinigungsangebot,,/reinigungsfirma-angebot,LIKELY,"Semantische Intent-Übereinstimmung; Query- und Seitenexport bleiben getrennt, daher kein Query-zu-URL-Beweis.",Query manuell prüfen; der getrennte Export beweist keine Zielseite.
QUERY,Suchanfragen.csv,191,reinigung nach umzug münchen,0,12,0,62,P3,MANUAL_REVIEW,unclassified,,,,MANUAL_REVIEW,Kein belastbarer Zielseitenhinweis im Query-Aggregat; manuelle Prüfung vor Seiten- oder Routingentscheidungen.,Query manuell prüfen; der getrennte Export beweist keine Zielseite.
QUERY,Suchanfragen.csv,192,endreinigung wohnung münchen,0,12,0,69,P3,MANUAL_REVIEW,unclassified,,,,MANUAL_REVIEW,Kein belastbarer Zielseitenhinweis im Query-Aggregat; manuelle Prüfung vor Seiten- oder Routingentscheidungen.,Query manuell prüfen; der getrennte Export beweist keine Zielseite.
QUERY,Suchanfragen.csv,193,umzugshilfe regensburg,0,11,0,2.45,P1,POSITION_1_TO_5_NO_CLICK,regensburg-move,umzug,regensburg,/regensburg/umzug,LIKELY,"Semantische Intent-Übereinstimmung; Query- und Seitenexport bleiben getrennt, daher kein Query-zu-URL-Beweis.",Snippet und Suchintention prüfen; vorhandene Zielseite vor einer neuen Seite manuell bestätigen.
QUERY,Suchanfragen.csv,194,reinigungsfirma,0,11,0,5.27,P3,POSITION_6_TO_10_LOW_CTR|MANUAL_REVIEW,unclassified,,,,MANUAL_REVIEW,Kein belastbarer Zielseitenhinweis im Query-Aggregat; manuelle Prüfung vor Seiten- oder Routingentscheidungen.,CTR-Hypothese mit einer begrenzten Snippet-Änderung testen und 28 Tage messen.
QUERY,Suchanfragen.csv,195,diskreter service,0,11,0,8.91,P3,POSITION_6_TO_10_LOW_CTR|MANUAL_REVIEW,unclassified,,,,MANUAL_REVIEW,Kein belastbarer Zielseitenhinweis im Query-Aggregat; manuelle Prüfung vor Seiten- oder Routingentscheidungen.,CTR-Hypothese mit einer begrenzten Snippet-Änderung testen und 28 Tage messen.
QUERY,Suchanfragen.csv,196,gebäudereinigung düsseldorf düsseltal,0,11,0,9.09,P1,POSITION_6_TO_10_LOW_CTR,duesseldorf-cleaning-hub,reinigung,duesseldorf,/duesseldorf/reinigung,LIKELY,"Semantische Intent-Übereinstimmung; Query- und Seitenexport bleiben getrennt, daher kein Query-zu-URL-Beweis.",CTR-Hypothese mit einer begrenzten Snippet-Änderung testen und 28 Tage messen.
QUERY,Suchanfragen.csv,197,seniorenumzug starnberg,0,11,0,9.91,P3,POSITION_6_TO_10_LOW_CTR|MANUAL_REVIEW,unclassified,,,,MANUAL_REVIEW,Kein belastbarer Zielseitenhinweis im Query-Aggregat; manuelle Prüfung vor Seiten- oder Routingentscheidungen.,CTR-Hypothese mit einer begrenzten Snippet-Änderung testen und 28 Tage messen.
QUERY,Suchanfragen.csv,198,düsseldorf hausmeisterdienst,0,11,0,10.18,P3,POSITION_11_TO_20|MANUAL_REVIEW,unclassified,,,,MANUAL_REVIEW,Kein belastbarer Zielseitenhinweis im Query-Aggregat; manuelle Prüfung vor Seiten- oder Routingentscheidungen.,Intent-spezifischen Inhalt und interne Links prüfen; keine Synonymseite erzeugen.
QUERY,Suchanfragen.csv,199,cleaning service near me,0,11,0,10.64,P3,POSITION_11_TO_20|MANUAL_REVIEW,unclassified,,,,MANUAL_REVIEW,Kein belastbarer Zielseitenhinweis im Query-Aggregat; manuelle Prüfung vor Seiten- oder Routingentscheidungen.,Intent-spezifischen Inhalt und interne Links prüfen; keine Synonymseite erzeugen.
QUERY,Suchanfragen.csv,200,düsseldorf hausmeisterdienste,0,11,0,13.27,P3,POSITION_11_TO_20|MANUAL_REVIEW,unclassified,,,,MANUAL_REVIEW,Kein belastbarer Zielseitenhinweis im Query-Aggregat; manuelle Prüfung vor Seiten- oder Routingentscheidungen.,Intent-spezifischen Inhalt und interne Links prüfen; keine Synonymseite erzeugen.
QUERY,Suchanfragen.csv,201,putzdienst düsseldorf,0,11,0,32.27,P3,MANUAL_REVIEW,unclassified,,,,MANUAL_REVIEW,Kein belastbarer Zielseitenhinweis im Query-Aggregat; manuelle Prüfung vor Seiten- oder Routingentscheidungen.,Query manuell prüfen; der getrennte Export beweist keine Zielseite.
QUERY,Suchanfragen.csv,202,gebäudereinigungsfirma regensburg,0,11,0,47.36,P3,MANUAL_REVIEW,unclassified,,,,MANUAL_REVIEW,Kein belastbarer Zielseitenhinweis im Query-Aggregat; manuelle Prüfung vor Seiten- oder Routingentscheidungen.,Query manuell prüfen; der getrennte Export beweist keine Zielseite.
QUERY,Suchanfragen.csv,203,umzug festpreis ingolstadt,0,11,0,61.27,P2,MANUAL_REVIEW,moving-calculator-intent,moving,,/umzug-kosten-rechner,MANUAL_REVIEW,"Kosten-/Preisabsicht kann Rechner-, Ratgeber- oder Leistungsintention sein und erfordert manuelle Prüfung.",Query manuell prüfen; der getrennte Export beweist keine Zielseite.
QUERY,Suchanfragen.csv,204,angebotsschreiben reinigung muster,0,11,0,64,P2,MANUAL_REVIEW,cleaning-offer,reinigungsangebot,,/reinigungsfirma-angebot,LIKELY,"Semantische Intent-Übereinstimmung; Query- und Seitenexport bleiben getrennt, daher kein Query-zu-URL-Beweis.",Query manuell prüfen; der getrennte Export beweist keine Zielseite.
QUERY,Suchanfragen.csv,205,kompetente büroreiniger in düsseldorf,0,11,0,67.27,P3,MANUAL_REVIEW,unclassified,,,,MANUAL_REVIEW,Kein belastbarer Zielseitenhinweis im Query-Aggregat; manuelle Prüfung vor Seiten- oder Routingentscheidungen.,Query manuell prüfen; der getrennte Export beweist keine Zielseite.
QUERY,Suchanfragen.csv,206,angebote schreiben für treppenhausreinigung,0,11,0,76.18,P2,MANUAL_REVIEW,cleaning-offer,reinigungsangebot,,/reinigungsfirma-angebot,LIKELY,"Semantische Intent-Übereinstimmung; Query- und Seitenexport bleiben getrennt, daher kein Query-zu-URL-Beweis.",Query manuell prüfen; der getrennte Export beweist keine Zielseite.
QUERY,Suchanfragen.csv,207,baugrundreinigung düsseldorf,0,10,0,1.6,P1,PROTECT_WINNER|POSITION_1_TO_5_NO_CLICK,duesseldorf-deep-cleaning,grundreinigung,duesseldorf,/duesseldorf/grundreinigung,LIKELY,"Semantische Intent-Übereinstimmung; Query- und Seitenexport bleiben getrennt, daher kein Query-zu-URL-Beweis.","Gewinner-Signale schützen; keine radikale URL-, Canonical- oder Inhaltsänderung."
QUERY,Suchanfragen.csv,208,grundreinigung wohnung,0,10,0,3.7,P3,POSITION_1_TO_5_NO_CLICK|MANUAL_REVIEW,unclassified,,,,MANUAL_REVIEW,Kein belastbarer Zielseitenhinweis im Query-Aggregat; manuelle Prüfung vor Seiten- oder Routingentscheidungen.,Snippet und Suchintention prüfen; vorhandene Zielseite vor einer neuen Seite manuell bestätigen.
QUERY,Suchanfragen.csv,209,umzug,0,10,0,4.9,P3,POSITION_1_TO_5_NO_CLICK|MANUAL_REVIEW,unclassified,,,,MANUAL_REVIEW,Kein belastbarer Zielseitenhinweis im Query-Aggregat; manuelle Prüfung vor Seiten- oder Routingentscheidungen.,Snippet und Suchintention prüfen; vorhandene Zielseite vor einer neuen Seite manuell bestätigen.
QUERY,Suchanfragen.csv,210,fensterreinigung service,0,10,0,5.7,P3,POSITION_6_TO_10_LOW_CTR|MANUAL_REVIEW,unclassified,,,,MANUAL_REVIEW,Kein belastbarer Zielseitenhinweis im Query-Aggregat; manuelle Prüfung vor Seiten- oder Routingentscheidungen.,CTR-Hypothese mit einer begrenzten Snippet-Änderung testen und 28 Tage messen.
QUERY,Suchanfragen.csv,211,umzugshilfe,0,10,0,6.2,P3,POSITION_6_TO_10_LOW_CTR|MANUAL_REVIEW,unclassified,,,,MANUAL_REVIEW,Kein belastbarer Zielseitenhinweis im Query-Aggregat; manuelle Prüfung vor Seiten- oder Routingentscheidungen.,CTR-Hypothese mit einer begrenzten Snippet-Änderung testen und 28 Tage messen.
QUERY,Suchanfragen.csv,212,angebot zu teuer prüfen,0,10,0,7.8,P3,POSITION_6_TO_10_LOW_CTR|MANUAL_REVIEW,unclassified,,,,MANUAL_REVIEW,Kein belastbarer Zielseitenhinweis im Query-Aggregat; manuelle Prüfung vor Seiten- oder Routingentscheidungen.,CTR-Hypothese mit einer begrenzten Snippet-Änderung testen und 28 Tage messen.
QUERY,Suchanfragen.csv,213,"günstige reinigung von glasoberflächen für privatkunden in düsseldorf und 
umgebung",0,10,0,10,P1,POSITION_6_TO_10_LOW_CTR,duesseldorf-cleaning-hub,reinigung,duesseldorf,/duesseldorf/reinigung,LIKELY,"Semantische Intent-Übereinstimmung; Query- und Seitenexport bleiben getrennt, daher kein Query-zu-URL-Beweis.",CTR-Hypothese mit einer begrenzten Snippet-Änderung testen und 28 Tage messen.
QUERY,Suchanfragen.csv,214,zuverlässige reinigung,0,10,0,12.7,P3,POSITION_11_TO_20|MANUAL_REVIEW,unclassified,,,,MANUAL_REVIEW,Kein belastbarer Zielseitenhinweis im Query-Aggregat; manuelle Prüfung vor Seiten- oder Routingentscheidungen.,Intent-spezifischen Inhalt und interne Links prüfen; keine Synonymseite erzeugen.
QUERY,Suchanfragen.csv,215,desinfektion für privat und gewerbe düsseldorf,0,10,0,24.7,P3,MANUAL_REVIEW,unclassified,,,,MANUAL_REVIEW,Kein belastbarer Zielseitenhinweis im Query-Aggregat; manuelle Prüfung vor Seiten- oder Routingentscheidungen.,Query manuell prüfen; der getrennte Export beweist keine Zielseite.
QUERY,Suchanfragen.csv,216,cleaning service regensburg,0,10,0,25.2,P3,MANUAL_REVIEW,unclassified,,,,MANUAL_REVIEW,Kein belastbarer Zielseitenhinweis im Query-Aggregat; manuelle Prüfung vor Seiten- oder Routingentscheidungen.,Query manuell prüfen; der getrennte Export beweist keine Zielseite.
QUERY,Suchanfragen.csv,217,desinfektion praxis düsseldorf,0,10,0,27.4,P3,MANUAL_REVIEW,unclassified,,,,MANUAL_REVIEW,Kein belastbarer Zielseitenhinweis im Query-Aggregat; manuelle Prüfung vor Seiten- oder Routingentscheidungen.,Query manuell prüfen; der getrennte Export beweist keine Zielseite.
QUERY,Suchanfragen.csv,218,house cleaning regensburg,0,10,0,27.5,P3,MANUAL_REVIEW,unclassified,,,,MANUAL_REVIEW,Kein belastbarer Zielseitenhinweis im Query-Aggregat; manuelle Prüfung vor Seiten- oder Routingentscheidungen.,Query manuell prüfen; der getrennte Export beweist keine Zielseite.
QUERY,Suchanfragen.csv,219,reinigung umzugsreinigung,0,10,0,37.3,P3,MANUAL_REVIEW,unclassified,,,,MANUAL_REVIEW,Kein belastbarer Zielseitenhinweis im Query-Aggregat; manuelle Prüfung vor Seiten- oder Routingentscheidungen.,Query manuell prüfen; der getrennte Export beweist keine Zielseite.
QUERY,Suchanfragen.csv,220,leerfahrten,0,10,0,70.7,P3,MANUAL_REVIEW,unclassified,,,,MANUAL_REVIEW,Kein belastbarer Zielseitenhinweis im Query-Aggregat; manuelle Prüfung vor Seiten- oder Routingentscheidungen.,Query manuell prüfen; der getrennte Export beweist keine Zielseite.
QUERY,Suchanfragen.csv,221,hausauflösung regensburg,0,10,0,81.3,P3,MANUAL_REVIEW,unclassified,,,,MANUAL_REVIEW,Kein belastbarer Zielseitenhinweis im Query-Aggregat; manuelle Prüfung vor Seiten- oder Routingentscheidungen.,Query manuell prüfen; der getrennte Export beweist keine Zielseite.
QUERY,Suchanfragen.csv,222,fenster putzen düsseldorf,0,9,0,12.33,P3,NEW_OR_LOW_DATA,unclassified,,,,UNCLEAR,Kein belastbarer Zielseitenhinweis im Query-Aggregat; manuelle Prüfung vor Seiten- oder Routingentscheidungen.,Mehr Daten sammeln; keine Routing- oder Redirect-Entscheidung treffen.
QUERY,Suchanfragen.csv,223,gebäudereinigung,0,9,0,12.78,P3,NEW_OR_LOW_DATA,unclassified,,,,UNCLEAR,Kein belastbarer Zielseitenhinweis im Query-Aggregat; manuelle Prüfung vor Seiten- oder Routingentscheidungen.,Mehr Daten sammeln; keine Routing- oder Redirect-Entscheidung treffen.
QUERY,Suchanfragen.csv,224,reinigungskraft duesseldorf,0,9,0,13.56,P1,NEW_OR_LOW_DATA,duesseldorf-cleaning-hub,reinigung,duesseldorf,/duesseldorf/reinigung,LIKELY,"Semantische Intent-Übereinstimmung; Query- und Seitenexport bleiben getrennt, daher kein Query-zu-URL-Beweis.",Mehr Daten sammeln; keine Routing- oder Redirect-Entscheidung treffen.
QUERY,Suchanfragen.csv,225,beste unterhaltsreinigung in düsseldorf,0,9,0,13.67,P1,NEW_OR_LOW_DATA,duesseldorf-maintenance-cleaning,unterhaltsreinigung,duesseldorf,/duesseldorf/unterhaltsreinigung,LIKELY,"Semantische Intent-Übereinstimmung; Query- und Seitenexport bleiben getrennt, daher kein Query-zu-URL-Beweis.",Mehr Daten sammeln; keine Routing- oder Redirect-Entscheidung treffen.
QUERY,Suchanfragen.csv,226,reinigung nach todesfall kosten,0,9,0,66.56,P2,NEW_OR_LOW_DATA|MANUAL_REVIEW,cleaning-calculator-intent,cleaning,,/reinigung-preis-rechner,MANUAL_REVIEW,"Kosten-/Preisabsicht kann Rechner-, Ratgeber- oder Leistungsintention sein und erfordert manuelle Prüfung.",Mehr Daten sammeln; keine Routing- oder Redirect-Entscheidung treffen.
QUERY,Suchanfragen.csv,227,house cleaning dusseldorf,0,8,0,1.38,P3,NEW_OR_LOW_DATA,unclassified,,,,UNCLEAR,Kein belastbarer Zielseitenhinweis im Query-Aggregat; manuelle Prüfung vor Seiten- oder Routingentscheidungen.,Mehr Daten sammeln; keine Routing- oder Redirect-Entscheidung treffen.
QUERY,Suchanfragen.csv,228,hausmeisterdienste düsseldorf,0,8,0,2.25,P3,NEW_OR_LOW_DATA,unclassified,,,,UNCLEAR,Kein belastbarer Zielseitenhinweis im Query-Aggregat; manuelle Prüfung vor Seiten- oder Routingentscheidungen.,Mehr Daten sammeln; keine Routing- oder Redirect-Entscheidung treffen.
QUERY,Suchanfragen.csv,229,professionelle praxisreinigung,0,8,0,4,P3,NEW_OR_LOW_DATA,unclassified,,,,UNCLEAR,Kein belastbarer Zielseitenhinweis im Query-Aggregat; manuelle Prüfung vor Seiten- oder Routingentscheidungen.,Mehr Daten sammeln; keine Routing- oder Redirect-Entscheidung treffen.
QUERY,Suchanfragen.csv,230,cleaner dusseldorf,0,8,0,6,P3,NEW_OR_LOW_DATA,unclassified,,,,UNCLEAR,Kein belastbarer Zielseitenhinweis im Query-Aggregat; manuelle Prüfung vor Seiten- oder Routingentscheidungen.,Mehr Daten sammeln; keine Routing- oder Redirect-Entscheidung treffen.
QUERY,Suchanfragen.csv,231,reinigungsunternehmen in der nähe,0,8,0,6,P3,NEW_OR_LOW_DATA,unclassified,,,,UNCLEAR,Kein belastbarer Zielseitenhinweis im Query-Aggregat; manuelle Prüfung vor Seiten- oder Routingentscheidungen.,Mehr Daten sammeln; keine Routing- oder Redirect-Entscheidung treffen.
QUERY,Suchanfragen.csv,232,hausmeister service düsseldorf,0,8,0,10.5,P3,NEW_OR_LOW_DATA,unclassified,,,,UNCLEAR,Kein belastbarer Zielseitenhinweis im Query-Aggregat; manuelle Prüfung vor Seiten- oder Routingentscheidungen.,Mehr Daten sammeln; keine Routing- oder Redirect-Entscheidung treffen.
QUERY,Suchanfragen.csv,233,reinigung firma in der nähe,0,8,0,11,P3,NEW_OR_LOW_DATA,unclassified,,,,UNCLEAR,Kein belastbarer Zielseitenhinweis im Query-Aggregat; manuelle Prüfung vor Seiten- oder Routingentscheidungen.,Mehr Daten sammeln; keine Routing- oder Redirect-Entscheidung treffen.
QUERY,Suchanfragen.csv,234,düsseldorf hausmeister,0,8,0,11.5,P3,NEW_OR_LOW_DATA,unclassified,,,,UNCLEAR,Kein belastbarer Zielseitenhinweis im Query-Aggregat; manuelle Prüfung vor Seiten- oder Routingentscheidungen.,Mehr Daten sammeln; keine Routing- oder Redirect-Entscheidung treffen.
QUERY,Suchanfragen.csv,235,unterhaltsreinigung in düsseldorf,0,8,0,12.25,P1,NEW_OR_LOW_DATA,duesseldorf-maintenance-cleaning,unterhaltsreinigung,duesseldorf,/duesseldorf/unterhaltsreinigung,LIKELY,"Semantische Intent-Übereinstimmung; Query- und Seitenexport bleiben getrennt, daher kein Query-zu-URL-Beweis.",Mehr Daten sammeln; keine Routing- oder Redirect-Entscheidung treffen.
QUERY,Suchanfragen.csv,236,düsseldorf unterhaltsreinigung,0,8,0,12.75,P1,NEW_OR_LOW_DATA,duesseldorf-maintenance-cleaning,unterhaltsreinigung,duesseldorf,/duesseldorf/unterhaltsreinigung,LIKELY,"Semantische Intent-Übereinstimmung; Query- und Seitenexport bleiben getrennt, daher kein Query-zu-URL-Beweis.",Mehr Daten sammeln; keine Routing- oder Redirect-Entscheidung treffen.
QUERY,Suchanfragen.csv,237,klaviertransport nürnberg,0,8,0,13.38,P3,NEW_OR_LOW_DATA,unclassified,,,,UNCLEAR,Kein belastbarer Zielseitenhinweis im Query-Aggregat; manuelle Prüfung vor Seiten- oder Routingentscheidungen.,Mehr Daten sammeln; keine Routing- oder Redirect-Entscheidung treffen.
QUERY,Suchanfragen.csv,238,cleaning services regensburg,0,8,0,20.88,P3,NEW_OR_LOW_DATA,unclassified,,,,UNCLEAR,Kein belastbarer Zielseitenhinweis im Query-Aggregat; manuelle Prüfung vor Seiten- oder Routingentscheidungen.,Mehr Daten sammeln; keine Routing- oder Redirect-Entscheidung treffen.
QUERY,Suchanfragen.csv,239,wohnungsreinigung generic service service,0,8,0,23.12,P3,NEW_OR_LOW_DATA,unclassified,,,,UNCLEAR,Kein belastbarer Zielseitenhinweis im Query-Aggregat; manuelle Prüfung vor Seiten- oder Routingentscheidungen.,Mehr Daten sammeln; keine Routing- oder Redirect-Entscheidung treffen.
QUERY,Suchanfragen.csv,240,cleanpany,0,8,0,24.25,P3,NEW_OR_LOW_DATA,unclassified,,,,UNCLEAR,Kein belastbarer Zielseitenhinweis im Query-Aggregat; manuelle Prüfung vor Seiten- oder Routingentscheidungen.,Mehr Daten sammeln; keine Routing- oder Redirect-Entscheidung treffen.
QUERY,Suchanfragen.csv,241,düsseldorf reinigungsfirma büro,0,8,0,28.62,P1,NEW_OR_LOW_DATA,duesseldorf-cleaning-hub,reinigung,duesseldorf,/duesseldorf/reinigung,LIKELY,"Semantische Intent-Übereinstimmung; Query- und Seitenexport bleiben getrennt, daher kein Query-zu-URL-Beweis.",Mehr Daten sammeln; keine Routing- oder Redirect-Entscheidung treffen.
QUERY,Suchanfragen.csv,242,umzugsreinigung preise,0,8,0,36.5,P2,NEW_OR_LOW_DATA|MANUAL_REVIEW,cleaning-calculator-intent,cleaning,,/reinigung-preis-rechner,MANUAL_REVIEW,"Kosten-/Preisabsicht kann Rechner-, Ratgeber- oder Leistungsintention sein und erfordert manuelle Prüfung.",Mehr Daten sammeln; keine Routing- oder Redirect-Entscheidung treffen.
QUERY,Suchanfragen.csv,243,amft dienstleistung düsseldorf,0,8,0,39.75,P3,NEW_OR_LOW_DATA,unclassified,,,,UNCLEAR,Kein belastbarer Zielseitenhinweis im Query-Aggregat; manuelle Prüfung vor Seiten- oder Routingentscheidungen.,Mehr Daten sammeln; keine Routing- oder Redirect-Entscheidung treffen.
QUERY,Suchanfragen.csv,244,dienstleistungen regensburg,0,8,0,49,P3,NEW_OR_LOW_DATA,unclassified,,,,UNCLEAR,Kein belastbarer Zielseitenhinweis im Query-Aggregat; manuelle Prüfung vor Seiten- oder Routingentscheidungen.,Mehr Daten sammeln; keine Routing- oder Redirect-Entscheidung treffen.
QUERY,Suchanfragen.csv,245,reinigung angebot muster,0,8,0,49.25,P2,NEW_OR_LOW_DATA,cleaning-offer,reinigungsangebot,,/reinigungsfirma-angebot,LIKELY,"Semantische Intent-Übereinstimmung; Query- und Seitenexport bleiben getrennt, daher kein Query-zu-URL-Beweis.",Mehr Daten sammeln; keine Routing- oder Redirect-Entscheidung treffen.
QUERY,Suchanfragen.csv,246,professioneller wlan umzugsservice in bayern,0,8,0,55.62,P3,NEW_OR_LOW_DATA,unclassified,,,,UNCLEAR,Kein belastbarer Zielseitenhinweis im Query-Aggregat; manuelle Prüfung vor Seiten- oder Routingentscheidungen.,Mehr Daten sammeln; keine Routing- oder Redirect-Entscheidung treffen.
QUERY,Suchanfragen.csv,247,haushaltsauflösung regensburg,0,8,0,65,P2,NEW_OR_LOW_DATA,regensburg-household-clearance,wohnungsaufloesung,regensburg,/regensburg/wohnungsaufloesung,LIKELY,"Semantische Intent-Übereinstimmung; Query- und Seitenexport bleiben getrennt, daher kein Query-zu-URL-Beweis.",Mehr Daten sammeln; keine Routing- oder Redirect-Entscheidung treffen.
QUERY,Suchanfragen.csv,248,umzugsservice,0,7,0,3.14,P3,NEW_OR_LOW_DATA,unclassified,,,,UNCLEAR,Kein belastbarer Zielseitenhinweis im Query-Aggregat; manuelle Prüfung vor Seiten- oder Routingentscheidungen.,Mehr Daten sammeln; keine Routing- oder Redirect-Entscheidung treffen.
QUERY,Suchanfragen.csv,249,24 stunden reinigung düsseldorf,0,7,0,3.57,P1,NEW_OR_LOW_DATA,duesseldorf-cleaning-hub,reinigung,duesseldorf,/duesseldorf/reinigung,LIKELY,"Semantische Intent-Übereinstimmung; Query- und Seitenexport bleiben getrennt, daher kein Query-zu-URL-Beweis.",Mehr Daten sammeln; keine Routing- oder Redirect-Entscheidung treffen.
QUERY,Suchanfragen.csv,250,umzugsunternehmen,0,7,0,3.57,P3,NEW_OR_LOW_DATA,unclassified,,,,UNCLEAR,Kein belastbarer Zielseitenhinweis im Query-Aggregat; manuelle Prüfung vor Seiten- oder Routingentscheidungen.,Mehr Daten sammeln; keine Routing- oder Redirect-Entscheidung treffen.
QUERY,Suchanfragen.csv,251,reinigungskräfte düsseldorf,0,7,0,3.86,P1,NEW_OR_LOW_DATA,duesseldorf-cleaning-hub,reinigung,duesseldorf,/duesseldorf/reinigung,LIKELY,"Semantische Intent-Übereinstimmung; Query- und Seitenexport bleiben getrennt, daher kein Query-zu-URL-Beweis.",Mehr Daten sammeln; keine Routing- oder Redirect-Entscheidung treffen.
QUERY,Suchanfragen.csv,252,entsorgung düsseldorf,0,7,0,6.71,P3,NEW_OR_LOW_DATA,unclassified,,,,UNCLEAR,Kein belastbarer Zielseitenhinweis im Query-Aggregat; manuelle Prüfung vor Seiten- oder Routingentscheidungen.,Mehr Daten sammeln; keine Routing- oder Redirect-Entscheidung treffen.
QUERY,Suchanfragen.csv,253,firma düsseldorf,0,7,0,7.14,P3,NEW_OR_LOW_DATA,unclassified,,,,UNCLEAR,Kein belastbarer Zielseitenhinweis im Query-Aggregat; manuelle Prüfung vor Seiten- oder Routingentscheidungen.,Mehr Daten sammeln; keine Routing- oder Redirect-Entscheidung treffen.
QUERY,Suchanfragen.csv,254,haushaltsauflösung düsseldorf,0,7,0,7.86,P3,NEW_OR_LOW_DATA,unclassified,,,,UNCLEAR,Kein belastbarer Zielseitenhinweis im Query-Aggregat; manuelle Prüfung vor Seiten- oder Routingentscheidungen.,Mehr Daten sammeln; keine Routing- oder Redirect-Entscheidung treffen.
QUERY,Suchanfragen.csv,255,umzüge schierling,0,7,0,8.29,P3,NEW_OR_LOW_DATA,unclassified,,,,UNCLEAR,Kein belastbarer Zielseitenhinweis im Query-Aggregat; manuelle Prüfung vor Seiten- oder Routingentscheidungen.,Mehr Daten sammeln; keine Routing- oder Redirect-Entscheidung treffen.
QUERY,Suchanfragen.csv,256,gewerbliche reinigung,0,7,0,8.86,P3,NEW_OR_LOW_DATA,unclassified,,,,UNCLEAR,Kein belastbarer Zielseitenhinweis im Query-Aggregat; manuelle Prüfung vor Seiten- oder Routingentscheidungen.,Mehr Daten sammeln; keine Routing- oder Redirect-Entscheidung treffen.
QUERY,Suchanfragen.csv,257,putzfirmen in düsseldorf,0,7,0,10.86,P3,NEW_OR_LOW_DATA,unclassified,,,,UNCLEAR,Kein belastbarer Zielseitenhinweis im Query-Aggregat; manuelle Prüfung vor Seiten- oder Routingentscheidungen.,Mehr Daten sammeln; keine Routing- oder Redirect-Entscheidung treffen.
QUERY,Suchanfragen.csv,258,rückfahrt,0,7,0,11.29,P3,NEW_OR_LOW_DATA,unclassified,,,,UNCLEAR,Kein belastbarer Zielseitenhinweis im Query-Aggregat; manuelle Prüfung vor Seiten- oder Routingentscheidungen.,Mehr Daten sammeln; keine Routing- oder Redirect-Entscheidung treffen.
QUERY,Suchanfragen.csv,259,unterhaltsreinigungen düsseldorf,0,7,0,11.29,P1,NEW_OR_LOW_DATA,duesseldorf-maintenance-cleaning,unterhaltsreinigung,duesseldorf,/duesseldorf/unterhaltsreinigung,LIKELY,"Semantische Intent-Übereinstimmung; Query- und Seitenexport bleiben getrennt, daher kein Query-zu-URL-Beweis.",Mehr Daten sammeln; keine Routing- oder Redirect-Entscheidung treffen.
QUERY,Suchanfragen.csv,260,internationale umzüge preise,0,7,0,11.57,P3,NEW_OR_LOW_DATA,unclassified,,,,UNCLEAR,Kein belastbarer Zielseitenhinweis im Query-Aggregat; manuelle Prüfung vor Seiten- oder Routingentscheidungen.,Mehr Daten sammeln; keine Routing- oder Redirect-Entscheidung treffen.
QUERY,Suchanfragen.csv,261,reinigung nach entrümpelung landshut,0,7,0,12.43,P3,NEW_OR_LOW_DATA,unclassified,,,,UNCLEAR,Kein belastbarer Zielseitenhinweis im Query-Aggregat; manuelle Prüfung vor Seiten- oder Routingentscheidungen.,Mehr Daten sammeln; keine Routing- oder Redirect-Entscheidung treffen.
QUERY,Suchanfragen.csv,262,unterhaltsreinigung dusseldorf,0,7,0,14.57,P1,NEW_OR_LOW_DATA,duesseldorf-maintenance-cleaning,unterhaltsreinigung,duesseldorf,/duesseldorf/unterhaltsreinigung,LIKELY,"Semantische Intent-Übereinstimmung; Query- und Seitenexport bleiben getrennt, daher kein Query-zu-URL-Beweis.",Mehr Daten sammeln; keine Routing- oder Redirect-Entscheidung treffen.
QUERY,Suchanfragen.csv,263,professionelle praxisreinigung düsseldorf,0,7,0,16.14,P1,NEW_OR_LOW_DATA,duesseldorf-practice-cleaning,praxisreinigung,duesseldorf,/duesseldorf/praxisreinigung,LIKELY,"Semantische Intent-Übereinstimmung; Query- und Seitenexport bleiben getrennt, daher kein Query-zu-URL-Beweis.",Mehr Daten sammeln; keine Routing- oder Redirect-Entscheidung treffen.
QUERY,Suchanfragen.csv,264,gebäudereinigungsunternehmen düsseldorf,0,7,0,17.71,P1,NEW_OR_LOW_DATA,duesseldorf-cleaning-hub,reinigung,duesseldorf,/duesseldorf/reinigung,LIKELY,"Semantische Intent-Übereinstimmung; Query- und Seitenexport bleiben getrennt, daher kein Query-zu-URL-Beweis.",Mehr Daten sammeln; keine Routing- oder Redirect-Entscheidung treffen.
QUERY,Suchanfragen.csv,265,geruchsneutralisation nach fäkalien düsseldorf,0,7,0,18,P3,NEW_OR_LOW_DATA,unclassified,,,,UNCLEAR,Kein belastbarer Zielseitenhinweis im Query-Aggregat; manuelle Prüfung vor Seiten- oder Routingentscheidungen.,Mehr Daten sammeln; keine Routing- oder Redirect-Entscheidung treffen.
QUERY,Suchanfragen.csv,266,desinfektion arztpraxis düsseldorf,0,7,0,19.43,P3,NEW_OR_LOW_DATA,unclassified,,,,UNCLEAR,Kein belastbarer Zielseitenhinweis im Query-Aggregat; manuelle Prüfung vor Seiten- oder Routingentscheidungen.,Mehr Daten sammeln; keine Routing- oder Redirect-Entscheidung treffen.
QUERY,Suchanfragen.csv,267,termin fassadenreinigung,0,7,0,21.86,P3,NEW_OR_LOW_DATA,unclassified,,,,UNCLEAR,Kein belastbarer Zielseitenhinweis im Query-Aggregat; manuelle Prüfung vor Seiten- oder Routingentscheidungen.,Mehr Daten sammeln; keine Routing- oder Redirect-Entscheidung treffen.
QUERY,Suchanfragen.csv,268,praxisauflösung düsseldorf,0,7,0,29.43,P3,NEW_OR_LOW_DATA,unclassified,,,,UNCLEAR,Kein belastbarer Zielseitenhinweis im Query-Aggregat; manuelle Prüfung vor Seiten- oder Routingentscheidungen.,Mehr Daten sammeln; keine Routing- oder Redirect-Entscheidung treffen.
QUERY,Suchanfragen.csv,269,treppenhausreinigung regensburg,0,7,0,36.43,P3,NEW_OR_LOW_DATA,unclassified,,,,UNCLEAR,Kein belastbarer Zielseitenhinweis im Query-Aggregat; manuelle Prüfung vor Seiten- oder Routingentscheidungen.,Mehr Daten sammeln; keine Routing- oder Redirect-Entscheidung treffen.
QUERY,Suchanfragen.csv,270,zuverlässige büroreiniger in düsseldorf,0,7,0,61,P3,NEW_OR_LOW_DATA,unclassified,,,,UNCLEAR,Kein belastbarer Zielseitenhinweis im Query-Aggregat; manuelle Prüfung vor Seiten- oder Routingentscheidungen.,Mehr Daten sammeln; keine Routing- oder Redirect-Entscheidung treffen.
QUERY,Suchanfragen.csv,271,house cleaning,0,6,0,2.17,P3,NEW_OR_LOW_DATA,unclassified,,,,UNCLEAR,Kein belastbarer Zielseitenhinweis im Query-Aggregat; manuelle Prüfung vor Seiten- oder Routingentscheidungen.,Mehr Daten sammeln; keine Routing- oder Redirect-Entscheidung treffen.
QUERY,Suchanfragen.csv,272,büroumzug schweinfurt,0,6,0,3.5,P3,NEW_OR_LOW_DATA,unclassified,,,,UNCLEAR,Kein belastbarer Zielseitenhinweis im Query-Aggregat; manuelle Prüfung vor Seiten- oder Routingentscheidungen.,Mehr Daten sammeln; keine Routing- oder Redirect-Entscheidung treffen.
QUERY,Suchanfragen.csv,273,umzugsfirma,0,6,0,4.5,P3,NEW_OR_LOW_DATA,unclassified,,,,UNCLEAR,Kein belastbarer Zielseitenhinweis im Query-Aggregat; manuelle Prüfung vor Seiten- oder Routingentscheidungen.,Mehr Daten sammeln; keine Routing- oder Redirect-Entscheidung treffen.
QUERY,Suchanfragen.csv,274,verkehrsmittelreinigung düsseldorf,0,6,0,5.5,P1,NEW_OR_LOW_DATA,duesseldorf-cleaning-hub,reinigung,duesseldorf,/duesseldorf/reinigung,LIKELY,"Semantische Intent-Übereinstimmung; Query- und Seitenexport bleiben getrennt, daher kein Query-zu-URL-Beweis.",Mehr Daten sammeln; keine Routing- oder Redirect-Entscheidung treffen.
QUERY,Suchanfragen.csv,275,düsseldorf treppenreinigung,0,6,0,6.67,P1,NEW_OR_LOW_DATA,duesseldorf-cleaning-hub,reinigung,duesseldorf,/duesseldorf/reinigung,LIKELY,"Semantische Intent-Übereinstimmung; Query- und Seitenexport bleiben getrennt, daher kein Query-zu-URL-Beweis.",Mehr Daten sammeln; keine Routing- oder Redirect-Entscheidung treffen.
QUERY,Suchanfragen.csv,276,professionelle glasreinigung,0,6,0,7.5,P3,NEW_OR_LOW_DATA,unclassified,,,,UNCLEAR,Kein belastbarer Zielseitenhinweis im Query-Aggregat; manuelle Prüfung vor Seiten- oder Routingentscheidungen.,Mehr Daten sammeln; keine Routing- oder Redirect-Entscheidung treffen.
QUERY,Suchanfragen.csv,277,entrümpelung carlstadt,0,6,0,8.17,P3,NEW_OR_LOW_DATA,unclassified,,,,UNCLEAR,Kein belastbarer Zielseitenhinweis im Query-Aggregat; manuelle Prüfung vor Seiten- oder Routingentscheidungen.,Mehr Daten sammeln; keine Routing- oder Redirect-Entscheidung treffen.
QUERY,Suchanfragen.csv,278,commercial cleaning,0,6,0,8.33,P3,NEW_OR_LOW_DATA,unclassified,,,,UNCLEAR,Kein belastbarer Zielseitenhinweis im Query-Aggregat; manuelle Prüfung vor Seiten- oder Routingentscheidungen.,Mehr Daten sammeln; keine Routing- oder Redirect-Entscheidung treffen.
QUERY,Suchanfragen.csv,279,wohnungsreinigung,0,6,0,12.67,P3,NEW_OR_LOW_DATA,unclassified,,,,UNCLEAR,Kein belastbarer Zielseitenhinweis im Query-Aggregat; manuelle Prüfung vor Seiten- oder Routingentscheidungen.,Mehr Daten sammeln; keine Routing- oder Redirect-Entscheidung treffen.
QUERY,Suchanfragen.csv,280,entrümpelungsfirma düsseldorf,0,6,0,12.83,P3,NEW_OR_LOW_DATA,unclassified,,,,UNCLEAR,Kein belastbarer Zielseitenhinweis im Query-Aggregat; manuelle Prüfung vor Seiten- oder Routingentscheidungen.,Mehr Daten sammeln; keine Routing- oder Redirect-Entscheidung treffen.
QUERY,Suchanfragen.csv,281,desinfektion büro düsseldorf,0,6,0,13.67,P3,NEW_OR_LOW_DATA,unclassified,,,,UNCLEAR,Kein belastbarer Zielseitenhinweis im Query-Aggregat; manuelle Prüfung vor Seiten- oder Routingentscheidungen.,Mehr Daten sammeln; keine Routing- oder Redirect-Entscheidung treffen.
QUERY,Suchanfragen.csv,282,arztpraxis reinigung regensburg,0,6,0,15,P3,NEW_OR_LOW_DATA,unclassified,,,,UNCLEAR,Kein belastbarer Zielseitenhinweis im Query-Aggregat; manuelle Prüfung vor Seiten- oder Routingentscheidungen.,Mehr Daten sammeln; keine Routing- oder Redirect-Entscheidung treffen.
QUERY,Suchanfragen.csv,283,erledigungsservice,0,6,0,18,P3,NEW_OR_LOW_DATA,unclassified,,,,UNCLEAR,Kein belastbarer Zielseitenhinweis im Query-Aggregat; manuelle Prüfung vor Seiten- oder Routingentscheidungen.,Mehr Daten sammeln; keine Routing- oder Redirect-Entscheidung treffen.
QUERY,Suchanfragen.csv,284,apartment düsseldorf mit wöchentlicher reinigung,0,6,0,28.17,P1,NEW_OR_LOW_DATA,duesseldorf-cleaning-hub,reinigung,duesseldorf,/duesseldorf/reinigung,LIKELY,"Semantische Intent-Übereinstimmung; Query- und Seitenexport bleiben getrennt, daher kein Query-zu-URL-Beweis.",Mehr Daten sammeln; keine Routing- oder Redirect-Entscheidung treffen.
QUERY,Suchanfragen.csv,285,wohnung putzen münchen,0,6,0,33.67,P3,NEW_OR_LOW_DATA,unclassified,,,,UNCLEAR,Kein belastbarer Zielseitenhinweis im Query-Aggregat; manuelle Prüfung vor Seiten- oder Routingentscheidungen.,Mehr Daten sammeln; keine Routing- oder Redirect-Entscheidung treffen.
QUERY,Suchanfragen.csv,286,reinigung in regensburg,0,6,0,33.83,P3,NEW_OR_LOW_DATA,unclassified,,,,UNCLEAR,Kein belastbarer Zielseitenhinweis im Query-Aggregat; manuelle Prüfung vor Seiten- oder Routingentscheidungen.,Mehr Daten sammeln; keine Routing- oder Redirect-Entscheidung treffen.
QUERY,Suchanfragen.csv,287,putzfirma generic trades trade,0,6,0,35.5,P3,NEW_OR_LOW_DATA,unclassified,,,,UNCLEAR,Kein belastbarer Zielseitenhinweis im Query-Aggregat; manuelle Prüfung vor Seiten- oder Routingentscheidungen.,Mehr Daten sammeln; keine Routing- oder Redirect-Entscheidung treffen.
QUERY,Suchanfragen.csv,288,gebäudereiniger regensburg,0,6,0,43.67,P3,NEW_OR_LOW_DATA,unclassified,,,,UNCLEAR,Kein belastbarer Zielseitenhinweis im Query-Aggregat; manuelle Prüfung vor Seiten- oder Routingentscheidungen.,Mehr Daten sammeln; keine Routing- oder Redirect-Entscheidung treffen.
QUERY,Suchanfragen.csv,289,wohnung aufräumen lassen,0,6,0,51.67,P3,NEW_OR_LOW_DATA,unclassified,,,,UNCLEAR,Kein belastbarer Zielseitenhinweis im Query-Aggregat; manuelle Prüfung vor Seiten- oder Routingentscheidungen.,Mehr Daten sammeln; keine Routing- oder Redirect-Entscheidung treffen.
QUERY,Suchanfragen.csv,290,"räumungsarbeiten mit kleineren reparaturen für privatkunden in konstanz und 
umgebung",0,6,0,67.33,P3,NEW_OR_LOW_DATA,unclassified,,,,UNCLEAR,Kein belastbarer Zielseitenhinweis im Query-Aggregat; manuelle Prüfung vor Seiten- oder Routingentscheidungen.,Mehr Daten sammeln; keine Routing- oder Redirect-Entscheidung treffen.
QUERY,Suchanfragen.csv,291,professional packing and moving,0,5,0,1,P3,NEW_OR_LOW_DATA,unclassified,,,,UNCLEAR,Kein belastbarer Zielseitenhinweis im Query-Aggregat; manuelle Prüfung vor Seiten- oder Routingentscheidungen.,Mehr Daten sammeln; keine Routing- oder Redirect-Entscheidung treffen.
QUERY,Suchanfragen.csv,292,dienstleistung düsseldorf,0,5,0,1.2,P3,NEW_OR_LOW_DATA,unclassified,,,,UNCLEAR,Kein belastbarer Zielseitenhinweis im Query-Aggregat; manuelle Prüfung vor Seiten- oder Routingentscheidungen.,Mehr Daten sammeln; keine Routing- oder Redirect-Entscheidung treffen.
QUERY,Suchanfragen.csv,293,cleaning duesseldorf,0,5,0,1.8,P3,NEW_OR_LOW_DATA,unclassified,,,,UNCLEAR,Kein belastbarer Zielseitenhinweis im Query-Aggregat; manuelle Prüfung vor Seiten- oder Routingentscheidungen.,Mehr Daten sammeln; keine Routing- oder Redirect-Entscheidung treffen.
QUERY,Suchanfragen.csv,294,putzfirma in der nähe,0,5,0,6.4,P3,NEW_OR_LOW_DATA,unclassified,,,,UNCLEAR,Kein belastbarer Zielseitenhinweis im Query-Aggregat; manuelle Prüfung vor Seiten- oder Routingentscheidungen.,Mehr Daten sammeln; keine Routing- oder Redirect-Entscheidung treffen.
QUERY,Suchanfragen.csv,295,reinigung,0,5,0,6.4,P3,NEW_OR_LOW_DATA,unclassified,,,,UNCLEAR,Kein belastbarer Zielseitenhinweis im Query-Aggregat; manuelle Prüfung vor Seiten- oder Routingentscheidungen.,Mehr Daten sammeln; keine Routing- oder Redirect-Entscheidung treffen.
QUERY,Suchanfragen.csv,296,wohnung putzen lassen,0,5,0,6.6,P3,NEW_OR_LOW_DATA,unclassified,,,,UNCLEAR,Kein belastbarer Zielseitenhinweis im Query-Aggregat; manuelle Prüfung vor Seiten- oder Routingentscheidungen.,Mehr Daten sammeln; keine Routing- oder Redirect-Entscheidung treffen.
QUERY,Suchanfragen.csv,297,fahrzeugtransport,0,5,0,8,P3,NEW_OR_LOW_DATA,unclassified,,,,UNCLEAR,Kein belastbarer Zielseitenhinweis im Query-Aggregat; manuelle Prüfung vor Seiten- oder Routingentscheidungen.,Mehr Daten sammeln; keine Routing- oder Redirect-Entscheidung treffen.
QUERY,Suchanfragen.csv,298,fensterreinigung für gewerbe,0,5,0,8.6,P3,NEW_OR_LOW_DATA,unclassified,,,,UNCLEAR,Kein belastbarer Zielseitenhinweis im Query-Aggregat; manuelle Prüfung vor Seiten- oder Routingentscheidungen.,Mehr Daten sammeln; keine Routing- oder Redirect-Entscheidung treffen.
QUERY,Suchanfragen.csv,299,düsseldorf unternehmen,0,5,0,9,P3,NEW_OR_LOW_DATA,unclassified,,,,UNCLEAR,Kein belastbarer Zielseitenhinweis im Query-Aggregat; manuelle Prüfung vor Seiten- oder Routingentscheidungen.,Mehr Daten sammeln; keine Routing- oder Redirect-Entscheidung treffen.
QUERY,Suchanfragen.csv,300,reinigungsservice büro düsseldorf,0,5,0,11,P1,NEW_OR_LOW_DATA,duesseldorf-cleaning-hub,reinigung,duesseldorf,/duesseldorf/reinigung,LIKELY,"Semantische Intent-Übereinstimmung; Query- und Seitenexport bleiben getrennt, daher kein Query-zu-URL-Beweis.",Mehr Daten sammeln; keine Routing- oder Redirect-Entscheidung treffen.
QUERY,Suchanfragen.csv,301,seniorenumzug fürth,0,5,0,11.2,P3,NEW_OR_LOW_DATA,unclassified,,,,UNCLEAR,Kein belastbarer Zielseitenhinweis im Query-Aggregat; manuelle Prüfung vor Seiten- oder Routingentscheidungen.,Mehr Daten sammeln; keine Routing- oder Redirect-Entscheidung treffen.
QUERY,Suchanfragen.csv,302,umzug abensberg,0,5,0,11.2,P3,NEW_OR_LOW_DATA,unclassified,,,,UNCLEAR,Kein belastbarer Zielseitenhinweis im Query-Aggregat; manuelle Prüfung vor Seiten- oder Routingentscheidungen.,Mehr Daten sammeln; keine Routing- oder Redirect-Entscheidung treffen.
QUERY,Suchanfragen.csv,303,wohnung reinigen lassen,0,5,0,11.2,P3,NEW_OR_LOW_DATA,unclassified,,,,UNCLEAR,Kein belastbarer Zielseitenhinweis im Query-Aggregat; manuelle Prüfung vor Seiten- oder Routingentscheidungen.,Mehr Daten sammeln; keine Routing- oder Redirect-Entscheidung treffen.
QUERY,Suchanfragen.csv,304,umzug münchen schwabing,0,5,0,11.4,P3,NEW_OR_LOW_DATA,unclassified,,,,UNCLEAR,Kein belastbarer Zielseitenhinweis im Query-Aggregat; manuelle Prüfung vor Seiten- oder Routingentscheidungen.,Mehr Daten sammeln; keine Routing- oder Redirect-Entscheidung treffen.
QUERY,Suchanfragen.csv,305,internationale umzugsfirmen,0,5,0,16.4,P3,NEW_OR_LOW_DATA,unclassified,,,,UNCLEAR,Kein belastbarer Zielseitenhinweis im Query-Aggregat; manuelle Prüfung vor Seiten- oder Routingentscheidungen.,Mehr Daten sammeln; keine Routing- oder Redirect-Entscheidung treffen.
QUERY,Suchanfragen.csv,306,desinfektionsreinigung düsseldorf,0,5,0,16.8,P1,NEW_OR_LOW_DATA,duesseldorf-cleaning-hub,reinigung,duesseldorf,/duesseldorf/reinigung,LIKELY,"Semantische Intent-Übereinstimmung; Query- und Seitenexport bleiben getrennt, daher kein Query-zu-URL-Beweis.",Mehr Daten sammeln; keine Routing- oder Redirect-Entscheidung treffen.
QUERY,Suchanfragen.csv,307,büro reinigen düsseldorf,0,5,0,17.6,P3,NEW_OR_LOW_DATA,unclassified,,,,UNCLEAR,Kein belastbarer Zielseitenhinweis im Query-Aggregat; manuelle Prüfung vor Seiten- oder Routingentscheidungen.,Mehr Daten sammeln; keine Routing- oder Redirect-Entscheidung treffen.
QUERY,Suchanfragen.csv,308,angebot prüfen lassen,0,5,0,18.8,P3,NEW_OR_LOW_DATA,unclassified,,,,UNCLEAR,Kein belastbarer Zielseitenhinweis im Query-Aggregat; manuelle Prüfung vor Seiten- oder Routingentscheidungen.,Mehr Daten sammeln; keine Routing- oder Redirect-Entscheidung treffen.
QUERY,Suchanfragen.csv,309,desinfektion wohnung nach krankheit düsseldorf,0,5,0,19.4,P3,NEW_OR_LOW_DATA,unclassified,,,,UNCLEAR,Kein belastbarer Zielseitenhinweis im Query-Aggregat; manuelle Prüfung vor Seiten- oder Routingentscheidungen.,Mehr Daten sammeln; keine Routing- oder Redirect-Entscheidung treffen.
QUERY,Suchanfragen.csv,310,fensterreinigung düsseldorf preise,0,5,0,23,P1,NEW_OR_LOW_DATA,duesseldorf-window-cleaning,fensterreinigung,duesseldorf,/duesseldorf/fensterreinigung,LIKELY,"Semantische Intent-Übereinstimmung; Query- und Seitenexport bleiben getrennt, daher kein Query-zu-URL-Beweis.",Mehr Daten sammeln; keine Routing- oder Redirect-Entscheidung treffen.
QUERY,Suchanfragen.csv,311,günstige entrümpelungshelfer mit reinigungsdiensten in swisttal und umgebung,0,5,0,35.8,P3,NEW_OR_LOW_DATA,unclassified,,,,UNCLEAR,Kein belastbarer Zielseitenhinweis im Query-Aggregat; manuelle Prüfung vor Seiten- oder Routingentscheidungen.,Mehr Daten sammeln; keine Routing- oder Redirect-Entscheidung treffen.
QUERY,Suchanfragen.csv,312,reinigung angebot schreiben,0,5,0,42.8,P2,NEW_OR_LOW_DATA,cleaning-offer,reinigungsangebot,,/reinigungsfirma-angebot,LIKELY,"Semantische Intent-Übereinstimmung; Query- und Seitenexport bleiben getrennt, daher kein Query-zu-URL-Beweis.",Mehr Daten sammeln; keine Routing- oder Redirect-Entscheidung treffen.
QUERY,Suchanfragen.csv,313,angebot gebäudereinigung,0,5,0,47.8,P2,NEW_OR_LOW_DATA,cleaning-offer,reinigungsangebot,,/reinigungsfirma-angebot,LIKELY,"Semantische Intent-Übereinstimmung; Query- und Seitenexport bleiben getrennt, daher kein Query-zu-URL-Beweis.",Mehr Daten sammeln; keine Routing- oder Redirect-Entscheidung treffen.
QUERY,Suchanfragen.csv,314,reinigungsservice regensburg,0,5,0,52.6,P3,NEW_OR_LOW_DATA,unclassified,,,,UNCLEAR,Kein belastbarer Zielseitenhinweis im Query-Aggregat; manuelle Prüfung vor Seiten- oder Routingentscheidungen.,Mehr Daten sammeln; keine Routing- oder Redirect-Entscheidung treffen.
QUERY,Suchanfragen.csv,315,umzugsreinigung münchen,0,5,0,60.2,P3,NEW_OR_LOW_DATA,unclassified,,,,UNCLEAR,Kein belastbarer Zielseitenhinweis im Query-Aggregat; manuelle Prüfung vor Seiten- oder Routingentscheidungen.,Mehr Daten sammeln; keine Routing- oder Redirect-Entscheidung treffen.
QUERY,Suchanfragen.csv,316,gebäudereinigung angebot,0,5,0,60.8,P2,NEW_OR_LOW_DATA,cleaning-offer,reinigungsangebot,,/reinigungsfirma-angebot,LIKELY,"Semantische Intent-Übereinstimmung; Query- und Seitenexport bleiben getrennt, daher kein Query-zu-URL-Beweis.",Mehr Daten sammeln; keine Routing- oder Redirect-Entscheidung treffen.
QUERY,Suchanfragen.csv,317,haushalt auflösen lassen,0,5,0,68.8,P3,NEW_OR_LOW_DATA,unclassified,,,,UNCLEAR,Kein belastbarer Zielseitenhinweis im Query-Aggregat; manuelle Prüfung vor Seiten- oder Routingentscheidungen.,Mehr Daten sammeln; keine Routing- oder Redirect-Entscheidung treffen.
QUERY,Suchanfragen.csv,318,professioneller reinigungsservice und umzüge in frankfurt und stuttgart,0,5,0,72.4,P3,NEW_OR_LOW_DATA,unclassified,,,,UNCLEAR,Kein belastbarer Zielseitenhinweis im Query-Aggregat; manuelle Prüfung vor Seiten- oder Routingentscheidungen.,Mehr Daten sammeln; keine Routing- oder Redirect-Entscheidung treffen.
QUERY,Suchanfragen.csv,319,checkliste wohnungsauflösung nach todesfall,0,5,0,75.8,P3,NEW_OR_LOW_DATA,unclassified,,,,UNCLEAR,Kein belastbarer Zielseitenhinweis im Query-Aggregat; manuelle Prüfung vor Seiten- oder Routingentscheidungen.,Mehr Daten sammeln; keine Routing- oder Redirect-Entscheidung treffen.
QUERY,Suchanfragen.csv,320,glasreinigung regensburg,0,5,0,86.6,P3,NEW_OR_LOW_DATA,unclassified,,,,UNCLEAR,Kein belastbarer Zielseitenhinweis im Query-Aggregat; manuelle Prüfung vor Seiten- oder Routingentscheidungen.,Mehr Daten sammeln; keine Routing- oder Redirect-Entscheidung treffen.
QUERY,Suchanfragen.csv,321,wohnungsauflösung nach todesfall kosten,0,5,0,97.8,P2,NEW_OR_LOW_DATA|MANUAL_REVIEW,disposal-calculator-intent,disposal,,/entsorgung-kosten-rechner,MANUAL_REVIEW,"Kosten-/Preisabsicht kann Rechner-, Ratgeber- oder Leistungsintention sein und erfordert manuelle Prüfung.",Mehr Daten sammeln; keine Routing- oder Redirect-Entscheidung treffen.
QUERY,Suchanfragen.csv,322,wohnungsauflösung im todesfall,0,5,0,98.8,P3,NEW_OR_LOW_DATA,unclassified,,,,UNCLEAR,Kein belastbarer Zielseitenhinweis im Query-Aggregat; manuelle Prüfung vor Seiten- oder Routingentscheidungen.,Mehr Daten sammeln; keine Routing- oder Redirect-Entscheidung treffen.
QUERY,Suchanfragen.csv,323,endreinigung düsseldorf,0,4,0,1.5,P1,NEW_OR_LOW_DATA,duesseldorf-cleaning-hub,reinigung,duesseldorf,/duesseldorf/reinigung,LIKELY,"Semantische Intent-Übereinstimmung; Query- und Seitenexport bleiben getrennt, daher kein Query-zu-URL-Beweis.",Mehr Daten sammeln; keine Routing- oder Redirect-Entscheidung treffen.
QUERY,Suchanfragen.csv,324,ladenreinigung düsseldorf,0,4,0,1.5,P1,NEW_OR_LOW_DATA,duesseldorf-cleaning-hub,reinigung,duesseldorf,/duesseldorf/reinigung,LIKELY,"Semantische Intent-Übereinstimmung; Query- und Seitenexport bleiben getrennt, daher kein Query-zu-URL-Beweis.",Mehr Daten sammeln; keine Routing- oder Redirect-Entscheidung treffen.
QUERY,Suchanfragen.csv,325,reinigungsdienste,0,4,0,1.5,P3,NEW_OR_LOW_DATA,unclassified,,,,UNCLEAR,Kein belastbarer Zielseitenhinweis im Query-Aggregat; manuelle Prüfung vor Seiten- oder Routingentscheidungen.,Mehr Daten sammeln; keine Routing- oder Redirect-Entscheidung treffen.
QUERY,Suchanfragen.csv,326,balkonreinigung 40231 düsseldorf,0,4,0,2,P1,NEW_OR_LOW_DATA,duesseldorf-cleaning-hub,reinigung,duesseldorf,/duesseldorf/reinigung,LIKELY,"Semantische Intent-Übereinstimmung; Query- und Seitenexport bleiben getrennt, daher kein Query-zu-URL-Beweis.",Mehr Daten sammeln; keine Routing- oder Redirect-Entscheidung treffen.
QUERY,Suchanfragen.csv,327,lüftungsanlagen reinigen düsseldorf,0,4,0,2,P3,NEW_OR_LOW_DATA,unclassified,,,,UNCLEAR,Kein belastbarer Zielseitenhinweis im Query-Aggregat; manuelle Prüfung vor Seiten- oder Routingentscheidungen.,Mehr Daten sammeln; keine Routing- oder Redirect-Entscheidung treffen.
QUERY,Suchanfragen.csv,328,hausreinigung in düsseldorf,0,4,0,2.25,P1,NEW_OR_LOW_DATA,duesseldorf-cleaning-hub,reinigung,duesseldorf,/duesseldorf/reinigung,LIKELY,"Semantische Intent-Übereinstimmung; Query- und Seitenexport bleiben getrennt, daher kein Query-zu-URL-Beweis.",Mehr Daten sammeln; keine Routing- oder Redirect-Entscheidung treffen.
QUERY,Suchanfragen.csv,329,entrümpelungsfirma regensburg,0,4,0,3.5,P2,NEW_OR_LOW_DATA,regensburg-clearance,entruempelung,regensburg,/regensburg/entruempelung,LIKELY,"Semantische Intent-Übereinstimmung; Query- und Seitenexport bleiben getrennt, daher kein Query-zu-URL-Beweis.",Mehr Daten sammeln; keine Routing- oder Redirect-Entscheidung treffen.
QUERY,Suchanfragen.csv,330,möbelmontage,0,4,0,4,P3,NEW_OR_LOW_DATA,unclassified,,,,UNCLEAR,Kein belastbarer Zielseitenhinweis im Query-Aggregat; manuelle Prüfung vor Seiten- oder Routingentscheidungen.,Mehr Daten sammeln; keine Routing- oder Redirect-Entscheidung treffen.
QUERY,Suchanfragen.csv,331,professionelle reinigungsfirma;,0,4,0,4,P3,NEW_OR_LOW_DATA,unclassified,,,,UNCLEAR,Kein belastbarer Zielseitenhinweis im Query-Aggregat; manuelle Prüfung vor Seiten- oder Routingentscheidungen.,Mehr Daten sammeln; keine Routing- oder Redirect-Entscheidung treffen.
QUERY,Suchanfragen.csv,332,professioneller reinigungsservice,0,4,0,4,P3,NEW_OR_LOW_DATA,unclassified,,,,UNCLEAR,Kein belastbarer Zielseitenhinweis im Query-Aggregat; manuelle Prüfung vor Seiten- oder Routingentscheidungen.,Mehr Daten sammeln; keine Routing- oder Redirect-Entscheidung treffen.
QUERY,Suchanfragen.csv,333,praxenreinigung,0,4,0,4.25,P3,NEW_OR_LOW_DATA,unclassified,,,,UNCLEAR,Kein belastbarer Zielseitenhinweis im Query-Aggregat; manuelle Prüfung vor Seiten- oder Routingentscheidungen.,Mehr Daten sammeln; keine Routing- oder Redirect-Entscheidung treffen.
QUERY,Suchanfragen.csv,334,zuverlässige reinigungsfirma,0,4,0,4.25,P3,NEW_OR_LOW_DATA,unclassified,,,,UNCLEAR,Kein belastbarer Zielseitenhinweis im Query-Aggregat; manuelle Prüfung vor Seiten- oder Routingentscheidungen.,Mehr Daten sammeln; keine Routing- oder Redirect-Entscheidung treffen.
QUERY,Suchanfragen.csv,335,entrümpler düsseldorf,0,4,0,5.5,P3,NEW_OR_LOW_DATA,unclassified,,,,UNCLEAR,Kein belastbarer Zielseitenhinweis im Query-Aggregat; manuelle Prüfung vor Seiten- oder Routingentscheidungen.,Mehr Daten sammeln; keine Routing- oder Redirect-Entscheidung treffen.
QUERY,Suchanfragen.csv,336,praxis reinigung,0,4,0,5.5,P3,NEW_OR_LOW_DATA,unclassified,,,,UNCLEAR,Kein belastbarer Zielseitenhinweis im Query-Aggregat; manuelle Prüfung vor Seiten- oder Routingentscheidungen.,Mehr Daten sammeln; keine Routing- oder Redirect-Entscheidung treffen.
QUERY,Suchanfragen.csv,337,düsseldorf reinigungsservice büro,0,4,0,7.25,P1,NEW_OR_LOW_DATA,duesseldorf-cleaning-hub,reinigung,duesseldorf,/duesseldorf/reinigung,LIKELY,"Semantische Intent-Übereinstimmung; Query- und Seitenexport bleiben getrennt, daher kein Query-zu-URL-Beweis.",Mehr Daten sammeln; keine Routing- oder Redirect-Entscheidung treffen.
QUERY,Suchanfragen.csv,338,glasreinigung firma,0,4,0,7.5,P3,NEW_OR_LOW_DATA,unclassified,,,,UNCLEAR,Kein belastbarer Zielseitenhinweis im Query-Aggregat; manuelle Prüfung vor Seiten- oder Routingentscheidungen.,Mehr Daten sammeln; keine Routing- oder Redirect-Entscheidung treffen.
QUERY,Suchanfragen.csv,339,umziehen regensburg,0,4,0,9.5,P3,NEW_OR_LOW_DATA,unclassified,,,,UNCLEAR,Kein belastbarer Zielseitenhinweis im Query-Aggregat; manuelle Prüfung vor Seiten- oder Routingentscheidungen.,Mehr Daten sammeln; keine Routing- oder Redirect-Entscheidung treffen.
QUERY,Suchanfragen.csv,340,kellerentrümpelung,0,4,0,11.25,P3,NEW_OR_LOW_DATA,unclassified,,,,UNCLEAR,Kein belastbarer Zielseitenhinweis im Query-Aggregat; manuelle Prüfung vor Seiten- oder Routingentscheidungen.,Mehr Daten sammeln; keine Routing- oder Redirect-Entscheidung treffen.
QUERY,Suchanfragen.csv,341,reinigungen düsseldorf,0,4,0,12.75,P1,NEW_OR_LOW_DATA,duesseldorf-cleaning-hub,reinigung,duesseldorf,/duesseldorf/reinigung,LIKELY,"Semantische Intent-Übereinstimmung; Query- und Seitenexport bleiben getrennt, daher kein Query-zu-URL-Beweis.",Mehr Daten sammeln; keine Routing- oder Redirect-Entscheidung treffen.
QUERY,Suchanfragen.csv,342,putzservice düsseldorf,0,4,0,15.5,P3,NEW_OR_LOW_DATA,unclassified,,,,UNCLEAR,Kein belastbarer Zielseitenhinweis im Query-Aggregat; manuelle Prüfung vor Seiten- oder Routingentscheidungen.,Mehr Daten sammeln; keine Routing- oder Redirect-Entscheidung treffen.
QUERY,Suchanfragen.csv,343,umzug nach erding,0,4,0,15.5,P3,NEW_OR_LOW_DATA,unclassified,,,,UNCLEAR,Kein belastbarer Zielseitenhinweis im Query-Aggregat; manuelle Prüfung vor Seiten- oder Routingentscheidungen.,Mehr Daten sammeln; keine Routing- oder Redirect-Entscheidung treffen.
QUERY,Suchanfragen.csv,344,reinigungsfirma in der nähe,0,4,0,15.75,P3,NEW_OR_LOW_DATA,unclassified,,,,UNCLEAR,Kein belastbarer Zielseitenhinweis im Query-Aggregat; manuelle Prüfung vor Seiten- oder Routingentscheidungen.,Mehr Daten sammeln; keine Routing- oder Redirect-Entscheidung treffen.
QUERY,Suchanfragen.csv,345,unterhaltsreiniger düsseldorf,0,4,0,20.25,P3,NEW_OR_LOW_DATA,unclassified,,,,UNCLEAR,Kein belastbarer Zielseitenhinweis im Query-Aggregat; manuelle Prüfung vor Seiten- oder Routingentscheidungen.,Mehr Daten sammeln; keine Routing- oder Redirect-Entscheidung treffen.
QUERY,Suchanfragen.csv,346,"gewerbliche objektpflege mit reinigung und grünflächenbetreuung in 
regensburg und umgebung",0,4,0,20.5,P3,NEW_OR_LOW_DATA,unclassified,,,,UNCLEAR,Kein belastbarer Zielseitenhinweis im Query-Aggregat; manuelle Prüfung vor Seiten- oder Routingentscheidungen.,Mehr Daten sammeln; keine Routing- oder Redirect-Entscheidung treffen.
QUERY,Suchanfragen.csv,347,möbellagerung,0,4,0,20.5,P3,NEW_OR_LOW_DATA,unclassified,,,,UNCLEAR,Kein belastbarer Zielseitenhinweis im Query-Aggregat; manuelle Prüfung vor Seiten- oder Routingentscheidungen.,Mehr Daten sammeln; keine Routing- oder Redirect-Entscheidung treffen.
QUERY,Suchanfragen.csv,348,privatumzug erding,0,4,0,20.5,P3,NEW_OR_LOW_DATA,unclassified,,,,UNCLEAR,Kein belastbarer Zielseitenhinweis im Query-Aggregat; manuelle Prüfung vor Seiten- oder Routingentscheidungen.,Mehr Daten sammeln; keine Routing- oder Redirect-Entscheidung treffen.
QUERY,Suchanfragen.csv,349,"intensive grundreinigung von wohnungen und gewerbeflächen in ansbach und 
umgebung",0,4,0,31,P3,NEW_OR_LOW_DATA,unclassified,,,,UNCLEAR,Kein belastbarer Zielseitenhinweis im Query-Aggregat; manuelle Prüfung vor Seiten- oder Routingentscheidungen.,Mehr Daten sammeln; keine Routing- oder Redirect-Entscheidung treffen.
QUERY,Suchanfragen.csv,350,düsseldorf treppenhaus reinigung,0,4,0,31.25,P1,NEW_OR_LOW_DATA,duesseldorf-cleaning-hub,reinigung,duesseldorf,/duesseldorf/reinigung,LIKELY,"Semantische Intent-Übereinstimmung; Query- und Seitenexport bleiben getrennt, daher kein Query-zu-URL-Beweis.",Mehr Daten sammeln; keine Routing- oder Redirect-Entscheidung treffen.
QUERY,Suchanfragen.csv,351,reinigungsservice düsseldorf privathaushalt,0,4,0,32.25,P1,NEW_OR_LOW_DATA,duesseldorf-cleaning-hub,reinigung,duesseldorf,/duesseldorf/reinigung,LIKELY,"Semantische Intent-Übereinstimmung; Query- und Seitenexport bleiben getrennt, daher kein Query-zu-URL-Beweis.",Mehr Daten sammeln; keine Routing- oder Redirect-Entscheidung treffen.
QUERY,Suchanfragen.csv,352,angebot fur reinigung,0,4,0,36,P2,NEW_OR_LOW_DATA,cleaning-offer,reinigungsangebot,,/reinigungsfirma-angebot,LIKELY,"Semantische Intent-Übereinstimmung; Query- und Seitenexport bleiben getrennt, daher kein Query-zu-URL-Beweis.",Mehr Daten sammeln; keine Routing- oder Redirect-Entscheidung treffen.
QUERY,Suchanfragen.csv,353,büroumzug regensburg,0,4,0,42.5,P1,NEW_OR_LOW_DATA,regensburg-move,umzug,regensburg,/regensburg/umzug,LIKELY,"Semantische Intent-Übereinstimmung; Query- und Seitenexport bleiben getrennt, daher kein Query-zu-URL-Beweis.",Mehr Daten sammeln; keine Routing- oder Redirect-Entscheidung treffen.
QUERY,Suchanfragen.csv,354,chemische reinigung regensburg,0,4,0,43.5,P3,NEW_OR_LOW_DATA,unclassified,,,,UNCLEAR,Kein belastbarer Zielseitenhinweis im Query-Aggregat; manuelle Prüfung vor Seiten- oder Routingentscheidungen.,Mehr Daten sammeln; keine Routing- oder Redirect-Entscheidung treffen.
QUERY,Suchanfragen.csv,355,werbeflächenreinigung,0,4,0,46,P3,NEW_OR_LOW_DATA,unclassified,,,,UNCLEAR,Kein belastbarer Zielseitenhinweis im Query-Aggregat; manuelle Prüfung vor Seiten- oder Routingentscheidungen.,Mehr Daten sammeln; keine Routing- oder Redirect-Entscheidung treffen.
QUERY,Suchanfragen.csv,356,regensburg entrümpelung,0,4,0,49,P2,NEW_OR_LOW_DATA,regensburg-clearance,entruempelung,regensburg,/regensburg/entruempelung,LIKELY,"Semantische Intent-Übereinstimmung; Query- und Seitenexport bleiben getrennt, daher kein Query-zu-URL-Beweis.",Mehr Daten sammeln; keine Routing- oder Redirect-Entscheidung treffen.
QUERY,Suchanfragen.csv,357,entrümpelungen regensburg,0,4,0,50,P2,NEW_OR_LOW_DATA,regensburg-clearance,entruempelung,regensburg,/regensburg/entruempelung,LIKELY,"Semantische Intent-Übereinstimmung; Query- und Seitenexport bleiben getrennt, daher kein Query-zu-URL-Beweis.",Mehr Daten sammeln; keine Routing- oder Redirect-Entscheidung treffen.
QUERY,Suchanfragen.csv,358,lüftungsreinigung düsseldorf,0,4,0,52.75,P1,NEW_OR_LOW_DATA,duesseldorf-cleaning-hub,reinigung,duesseldorf,/duesseldorf/reinigung,LIKELY,"Semantische Intent-Übereinstimmung; Query- und Seitenexport bleiben getrennt, daher kein Query-zu-URL-Beweis.",Mehr Daten sammeln; keine Routing- oder Redirect-Entscheidung treffen.
QUERY,Suchanfragen.csv,359,reinigungsfirma mit gartenpflege in regensburg und umkreis,0,4,0,57.75,P3,NEW_OR_LOW_DATA,unclassified,,,,UNCLEAR,Kein belastbarer Zielseitenhinweis im Query-Aggregat; manuelle Prüfung vor Seiten- oder Routingentscheidungen.,Mehr Daten sammeln; keine Routing- oder Redirect-Entscheidung treffen.
QUERY,Suchanfragen.csv,360,reinigungsfirma wechseln,0,4,0,58.5,P3,NEW_OR_LOW_DATA,unclassified,,,,UNCLEAR,Kein belastbarer Zielseitenhinweis im Query-Aggregat; manuelle Prüfung vor Seiten- oder Routingentscheidungen.,Mehr Daten sammeln; keine Routing- oder Redirect-Entscheidung treffen.
QUERY,Suchanfragen.csv,361,reinigung desinfektion regensburg,0,4,0,60.25,P3,NEW_OR_LOW_DATA,unclassified,,,,UNCLEAR,Kein belastbarer Zielseitenhinweis im Query-Aggregat; manuelle Prüfung vor Seiten- oder Routingentscheidungen.,Mehr Daten sammeln; keine Routing- oder Redirect-Entscheidung treffen.
QUERY,Suchanfragen.csv,362,professionelle wohnungsreinigung düsseldorf,0,4,0,80,P1,NEW_OR_LOW_DATA,duesseldorf-cleaning-hub,reinigung,duesseldorf,/duesseldorf/reinigung,LIKELY,"Semantische Intent-Übereinstimmung; Query- und Seitenexport bleiben getrennt, daher kein Query-zu-URL-Beweis.",Mehr Daten sammeln; keine Routing- oder Redirect-Entscheidung treffen.
QUERY,Suchanfragen.csv,363,haushaltsauflösung flensburg,0,4,0,90.25,P3,NEW_OR_LOW_DATA,unclassified,,,,UNCLEAR,Kein belastbarer Zielseitenhinweis im Query-Aggregat; manuelle Prüfung vor Seiten- oder Routingentscheidungen.,Mehr Daten sammeln; keine Routing- oder Redirect-Entscheidung treffen.
QUERY,Suchanfragen.csv,364,verkaufsflächen reinigen,0,4,0,91.25,P3,NEW_OR_LOW_DATA,unclassified,,,,UNCLEAR,Kein belastbarer Zielseitenhinweis im Query-Aggregat; manuelle Prüfung vor Seiten- oder Routingentscheidungen.,Mehr Daten sammeln; keine Routing- oder Redirect-Entscheidung treffen.
QUERY,Suchanfragen.csv,365,entrümpelungen flensburg,0,4,0,94.75,P3,NEW_OR_LOW_DATA,unclassified,,,,UNCLEAR,Kein belastbarer Zielseitenhinweis im Query-Aggregat; manuelle Prüfung vor Seiten- oder Routingentscheidungen.,Mehr Daten sammeln; keine Routing- oder Redirect-Entscheidung treffen.
QUERY,Suchanfragen.csv,366,wohnung ausräumen nach todesfall kosten,0,4,0,96.75,P2,NEW_OR_LOW_DATA|MANUAL_REVIEW,disposal-calculator-intent,disposal,,/entsorgung-kosten-rechner,MANUAL_REVIEW,"Kosten-/Preisabsicht kann Rechner-, Ratgeber- oder Leistungsintention sein und erfordert manuelle Prüfung.",Mehr Daten sammeln; keine Routing- oder Redirect-Entscheidung treffen.
QUERY,Suchanfragen.csv,367,wohnungsauflösung wer zahlt,0,4,0,96.75,P3,NEW_OR_LOW_DATA,unclassified,,,,UNCLEAR,Kein belastbarer Zielseitenhinweis im Query-Aggregat; manuelle Prüfung vor Seiten- oder Routingentscheidungen.,Mehr Daten sammeln; keine Routing- oder Redirect-Entscheidung treffen.
QUERY,Suchanfragen.csv,368,kosten haushaltsauflösung tod,0,4,0,97.75,P2,NEW_OR_LOW_DATA|MANUAL_REVIEW,disposal-calculator-intent,disposal,,/entsorgung-kosten-rechner,MANUAL_REVIEW,"Kosten-/Preisabsicht kann Rechner-, Ratgeber- oder Leistungsintention sein und erfordert manuelle Prüfung.",Mehr Daten sammeln; keine Routing- oder Redirect-Entscheidung treffen.
QUERY,Suchanfragen.csv,369,umzüge,0,3,0,1,P3,NEW_OR_LOW_DATA,unclassified,,,,UNCLEAR,Kein belastbarer Zielseitenhinweis im Query-Aggregat; manuelle Prüfung vor Seiten- oder Routingentscheidungen.,Mehr Daten sammeln; keine Routing- oder Redirect-Entscheidung treffen.
QUERY,Suchanfragen.csv,370,umzüge in der nähe,0,3,0,1,P3,NEW_OR_LOW_DATA,unclassified,,,,UNCLEAR,Kein belastbarer Zielseitenhinweis im Query-Aggregat; manuelle Prüfung vor Seiten- oder Routingentscheidungen.,Mehr Daten sammeln; keine Routing- oder Redirect-Entscheidung treffen.
QUERY,Suchanfragen.csv,371,reinigungsfirma für privathaushalte in der nähe near me trade,0,3,0,1.33,P3,NEW_OR_LOW_DATA,unclassified,,,,UNCLEAR,Kein belastbarer Zielseitenhinweis im Query-Aggregat; manuelle Prüfung vor Seiten- oder Routingentscheidungen.,Mehr Daten sammeln; keine Routing- oder Redirect-Entscheidung treffen.
QUERY,Suchanfragen.csv,372,einzugsreinigung,0,3,0,1.67,P3,NEW_OR_LOW_DATA,unclassified,,,,UNCLEAR,Kein belastbarer Zielseitenhinweis im Query-Aggregat; manuelle Prüfung vor Seiten- oder Routingentscheidungen.,Mehr Daten sammeln; keine Routing- oder Redirect-Entscheidung treffen.
QUERY,Suchanfragen.csv,373,reinigungsfirmen,0,3,0,2.33,P3,NEW_OR_LOW_DATA,unclassified,,,,UNCLEAR,Kein belastbarer Zielseitenhinweis im Query-Aggregat; manuelle Prüfung vor Seiten- oder Routingentscheidungen.,Mehr Daten sammeln; keine Routing- oder Redirect-Entscheidung treffen.
QUERY,Suchanfragen.csv,374,unternehmen düsseldorf,0,3,0,2.33,P3,NEW_OR_LOW_DATA,unclassified,,,,UNCLEAR,Kein belastbarer Zielseitenhinweis im Query-Aggregat; manuelle Prüfung vor Seiten- oder Routingentscheidungen.,Mehr Daten sammeln; keine Routing- oder Redirect-Entscheidung treffen.
QUERY,Suchanfragen.csv,375,sonderreinigung,0,3,0,2.67,P3,NEW_OR_LOW_DATA,unclassified,,,,UNCLEAR,Kein belastbarer Zielseitenhinweis im Query-Aggregat; manuelle Prüfung vor Seiten- oder Routingentscheidungen.,Mehr Daten sammeln; keine Routing- oder Redirect-Entscheidung treffen.
QUERY,Suchanfragen.csv,376,endreinigung,0,3,0,3.67,P3,NEW_OR_LOW_DATA,unclassified,,,,UNCLEAR,Kein belastbarer Zielseitenhinweis im Query-Aggregat; manuelle Prüfung vor Seiten- oder Routingentscheidungen.,Mehr Daten sammeln; keine Routing- oder Redirect-Entscheidung treffen.
QUERY,Suchanfragen.csv,377,gebäudereinigungsfirmen,0,3,0,4,P3,NEW_OR_LOW_DATA,unclassified,,,,UNCLEAR,Kein belastbarer Zielseitenhinweis im Query-Aggregat; manuelle Prüfung vor Seiten- oder Routingentscheidungen.,Mehr Daten sammeln; keine Routing- oder Redirect-Entscheidung treffen.
QUERY,Suchanfragen.csv,378,einmalige wohnungsreinigung,0,3,0,7,P3,NEW_OR_LOW_DATA,unclassified,,,,UNCLEAR,Kein belastbarer Zielseitenhinweis im Query-Aggregat; manuelle Prüfung vor Seiten- oder Routingentscheidungen.,Mehr Daten sammeln; keine Routing- oder Redirect-Entscheidung treffen.
QUERY,Suchanfragen.csv,379,firma,0,3,0,7,P3,NEW_OR_LOW_DATA,unclassified,,,,UNCLEAR,Kein belastbarer Zielseitenhinweis im Query-Aggregat; manuelle Prüfung vor Seiten- oder Routingentscheidungen.,Mehr Daten sammeln; keine Routing- oder Redirect-Entscheidung treffen.
QUERY,Suchanfragen.csv,380,büro reinigung,0,3,0,8,P3,NEW_OR_LOW_DATA,unclassified,,,,UNCLEAR,Kein belastbarer Zielseitenhinweis im Query-Aggregat; manuelle Prüfung vor Seiten- oder Routingentscheidungen.,Mehr Daten sammeln; keine Routing- oder Redirect-Entscheidung treffen.
QUERY,Suchanfragen.csv,381,cleaner duesseldorf,0,3,0,8.33,P3,NEW_OR_LOW_DATA,unclassified,,,,UNCLEAR,Kein belastbarer Zielseitenhinweis im Query-Aggregat; manuelle Prüfung vor Seiten- oder Routingentscheidungen.,Mehr Daten sammeln; keine Routing- oder Redirect-Entscheidung treffen.
QUERY,Suchanfragen.csv,382,b2b büroreinigung,0,3,0,8.67,P3,NEW_OR_LOW_DATA,unclassified,,,,UNCLEAR,Kein belastbarer Zielseitenhinweis im Query-Aggregat; manuelle Prüfung vor Seiten- oder Routingentscheidungen.,Mehr Daten sammeln; keine Routing- oder Redirect-Entscheidung treffen.
QUERY,Suchanfragen.csv,383,gebäudereinigungsunternehmen,0,3,0,8.67,P3,NEW_OR_LOW_DATA,unclassified,,,,UNCLEAR,Kein belastbarer Zielseitenhinweis im Query-Aggregat; manuelle Prüfung vor Seiten- oder Routingentscheidungen.,Mehr Daten sammeln; keine Routing- oder Redirect-Entscheidung treffen.
QUERY,Suchanfragen.csv,384,praxis putzen,0,3,0,8.67,P3,NEW_OR_LOW_DATA,unclassified,,,,UNCLEAR,Kein belastbarer Zielseitenhinweis im Query-Aggregat; manuelle Prüfung vor Seiten- oder Routingentscheidungen.,Mehr Daten sammeln; keine Routing- oder Redirect-Entscheidung treffen.
QUERY,Suchanfragen.csv,385,check übergabe,0,3,0,10,P3,NEW_OR_LOW_DATA,unclassified,,,,UNCLEAR,Kein belastbarer Zielseitenhinweis im Query-Aggregat; manuelle Prüfung vor Seiten- oder Routingentscheidungen.,Mehr Daten sammeln; keine Routing- oder Redirect-Entscheidung treffen.
QUERY,Suchanfragen.csv,386,reinigung gebäude,0,3,0,10,P3,NEW_OR_LOW_DATA,unclassified,,,,UNCLEAR,Kein belastbarer Zielseitenhinweis im Query-Aggregat; manuelle Prüfung vor Seiten- oder Routingentscheidungen.,Mehr Daten sammeln; keine Routing- oder Redirect-Entscheidung treffen.
QUERY,Suchanfragen.csv,387,airbnb reinigungsservice,0,3,0,11,P3,NEW_OR_LOW_DATA,unclassified,,,,UNCLEAR,Kein belastbarer Zielseitenhinweis im Query-Aggregat; manuelle Prüfung vor Seiten- oder Routingentscheidungen.,Mehr Daten sammeln; keine Routing- oder Redirect-Entscheidung treffen.
QUERY,Suchanfragen.csv,388,reinigungsfirma freilassung,0,3,0,12,P3,NEW_OR_LOW_DATA,unclassified,,,,UNCLEAR,Kein belastbarer Zielseitenhinweis im Query-Aggregat; manuelle Prüfung vor Seiten- oder Routingentscheidungen.,Mehr Daten sammeln; keine Routing- oder Redirect-Entscheidung treffen.
QUERY,Suchanfragen.csv,389,sonderreinigung düsseldorf,0,3,0,13.33,P1,NEW_OR_LOW_DATA,duesseldorf-cleaning-hub,reinigung,duesseldorf,/duesseldorf/reinigung,LIKELY,"Semantische Intent-Übereinstimmung; Query- und Seitenexport bleiben getrennt, daher kein Query-zu-URL-Beweis.",Mehr Daten sammeln; keine Routing- oder Redirect-Entscheidung treffen.
QUERY,Suchanfragen.csv,390,entrümpelungsdienst düsseldorf,0,3,0,14,P3,NEW_OR_LOW_DATA,unclassified,,,,UNCLEAR,Kein belastbarer Zielseitenhinweis im Query-Aggregat; manuelle Prüfung vor Seiten- oder Routingentscheidungen.,Mehr Daten sammeln; keine Routing- oder Redirect-Entscheidung treffen.
QUERY,Suchanfragen.csv,391,umzug erding angebot,0,3,0,15,P3,NEW_OR_LOW_DATA,unclassified,,,,UNCLEAR,Kein belastbarer Zielseitenhinweis im Query-Aggregat; manuelle Prüfung vor Seiten- oder Routingentscheidungen.,Mehr Daten sammeln; keine Routing- oder Redirect-Entscheidung treffen.
QUERY,Suchanfragen.csv,392,hygienereinigung düsseldorf,0,3,0,16,P1,NEW_OR_LOW_DATA,duesseldorf-cleaning-hub,reinigung,duesseldorf,/duesseldorf/reinigung,LIKELY,"Semantische Intent-Übereinstimmung; Query- und Seitenexport bleiben getrennt, daher kein Query-zu-URL-Beweis.",Mehr Daten sammeln; keine Routing- oder Redirect-Entscheidung treffen.
QUERY,Suchanfragen.csv,393,reinigungsfirma in düsseldorf,0,3,0,16.67,P1,NEW_OR_LOW_DATA,duesseldorf-cleaning-hub,reinigung,duesseldorf,/duesseldorf/reinigung,LIKELY,"Semantische Intent-Übereinstimmung; Query- und Seitenexport bleiben getrennt, daher kein Query-zu-URL-Beweis.",Mehr Daten sammeln; keine Routing- oder Redirect-Entscheidung treffen.
QUERY,Suchanfragen.csv,394,umzug erding festpreis,0,3,0,17.33,P2,NEW_OR_LOW_DATA|MANUAL_REVIEW,moving-calculator-intent,moving,,/umzug-kosten-rechner,MANUAL_REVIEW,"Kosten-/Preisabsicht kann Rechner-, Ratgeber- oder Leistungsintention sein und erfordert manuelle Prüfung.",Mehr Daten sammeln; keine Routing- oder Redirect-Entscheidung treffen.
QUERY,Suchanfragen.csv,395,marketingagentur angebot prüfen,0,3,0,19,P3,NEW_OR_LOW_DATA,unclassified,,,,UNCLEAR,Kein belastbarer Zielseitenhinweis im Query-Aggregat; manuelle Prüfung vor Seiten- oder Routingentscheidungen.,Mehr Daten sammeln; keine Routing- oder Redirect-Entscheidung treffen.
QUERY,Suchanfragen.csv,396,betriebsauflösung düsseldorf,0,3,0,19.67,P3,NEW_OR_LOW_DATA,unclassified,,,,UNCLEAR,Kein belastbarer Zielseitenhinweis im Query-Aggregat; manuelle Prüfung vor Seiten- oder Routingentscheidungen.,Mehr Daten sammeln; keine Routing- oder Redirect-Entscheidung treffen.
QUERY,Suchanfragen.csv,397,umzug mit möbelaufbau regensburg,0,3,0,20,P1,NEW_OR_LOW_DATA,regensburg-move,umzug,regensburg,/regensburg/umzug,LIKELY,"Semantische Intent-Übereinstimmung; Query- und Seitenexport bleiben getrennt, daher kein Query-zu-URL-Beweis.",Mehr Daten sammeln; keine Routing- oder Redirect-Entscheidung treffen.
QUERY,Suchanfragen.csv,398,putzfirma,0,3,0,20.33,P3,NEW_OR_LOW_DATA,unclassified,,,,UNCLEAR,Kein belastbarer Zielseitenhinweis im Query-Aggregat; manuelle Prüfung vor Seiten- oder Routingentscheidungen.,Mehr Daten sammeln; keine Routing- oder Redirect-Entscheidung treffen.
QUERY,Suchanfragen.csv,399,solarreinigung düsseldorf,0,3,0,22,P1,NEW_OR_LOW_DATA,duesseldorf-cleaning-hub,reinigung,duesseldorf,/duesseldorf/reinigung,LIKELY,"Semantische Intent-Übereinstimmung; Query- und Seitenexport bleiben getrennt, daher kein Query-zu-URL-Beweis.",Mehr Daten sammeln; keine Routing- oder Redirect-Entscheidung treffen.
QUERY,Suchanfragen.csv,400,reinigung verwaltung,0,3,0,22.67,P3,NEW_OR_LOW_DATA,unclassified,,,,UNCLEAR,Kein belastbarer Zielseitenhinweis im Query-Aggregat; manuelle Prüfung vor Seiten- oder Routingentscheidungen.,Mehr Daten sammeln; keine Routing- oder Redirect-Entscheidung treffen.
QUERY,Suchanfragen.csv,401,kontaktweg,0,3,0,28.33,P3,NEW_OR_LOW_DATA,unclassified,,,,UNCLEAR,Kein belastbarer Zielseitenhinweis im Query-Aggregat; manuelle Prüfung vor Seiten- oder Routingentscheidungen.,Mehr Daten sammeln; keine Routing- oder Redirect-Entscheidung treffen.
QUERY,Suchanfragen.csv,402,putzfrau düsseldorf einmalig,0,3,0,30.67,P3,NEW_OR_LOW_DATA,unclassified,,,,UNCLEAR,Kein belastbarer Zielseitenhinweis im Query-Aggregat; manuelle Prüfung vor Seiten- oder Routingentscheidungen.,Mehr Daten sammeln; keine Routing- oder Redirect-Entscheidung treffen.
QUERY,Suchanfragen.csv,403,büroreinigung in der nähe,0,3,0,32,P3,NEW_OR_LOW_DATA,unclassified,,,,UNCLEAR,Kein belastbarer Zielseitenhinweis im Query-Aggregat; manuelle Prüfung vor Seiten- oder Routingentscheidungen.,Mehr Daten sammeln; keine Routing- oder Redirect-Entscheidung treffen.
QUERY,Suchanfragen.csv,404,reinigungs kommando,0,3,0,32.67,P3,NEW_OR_LOW_DATA,unclassified,,,,UNCLEAR,Kein belastbarer Zielseitenhinweis im Query-Aggregat; manuelle Prüfung vor Seiten- oder Routingentscheidungen.,Mehr Daten sammeln; keine Routing- oder Redirect-Entscheidung treffen.
QUERY,Suchanfragen.csv,405,reinigung gewerbeflächen düsseldorf,0,3,0,33,P1,NEW_OR_LOW_DATA,duesseldorf-cleaning-hub,reinigung,duesseldorf,/duesseldorf/reinigung,LIKELY,"Semantische Intent-Übereinstimmung; Query- und Seitenexport bleiben getrennt, daher kein Query-zu-URL-Beweis.",Mehr Daten sammeln; keine Routing- oder Redirect-Entscheidung treffen.
QUERY,Suchanfragen.csv,406,düsseldorf treppenhausreinigung,0,3,0,34.33,P1,NEW_OR_LOW_DATA,duesseldorf-cleaning-hub,reinigung,duesseldorf,/duesseldorf/reinigung,LIKELY,"Semantische Intent-Übereinstimmung; Query- und Seitenexport bleiben getrennt, daher kein Query-zu-URL-Beweis.",Mehr Daten sammeln; keine Routing- oder Redirect-Entscheidung treffen.
QUERY,Suchanfragen.csv,407,büro reinigen gebäudereinigung düsseldorf,0,3,0,36.33,P1,NEW_OR_LOW_DATA,duesseldorf-cleaning-hub,reinigung,duesseldorf,/duesseldorf/reinigung,LIKELY,"Semantische Intent-Übereinstimmung; Query- und Seitenexport bleiben getrennt, daher kein Query-zu-URL-Beweis.",Mehr Daten sammeln; keine Routing- oder Redirect-Entscheidung treffen.
QUERY,Suchanfragen.csv,408,express reinigung regensburg,0,3,0,39.67,P3,NEW_OR_LOW_DATA,unclassified,,,,UNCLEAR,Kein belastbarer Zielseitenhinweis im Query-Aggregat; manuelle Prüfung vor Seiten- oder Routingentscheidungen.,Mehr Daten sammeln; keine Routing- oder Redirect-Entscheidung treffen.
QUERY,Suchanfragen.csv,409,büro reinigungsfirma düsseldorf,0,3,0,43,P1,NEW_OR_LOW_DATA,duesseldorf-cleaning-hub,reinigung,duesseldorf,/duesseldorf/reinigung,LIKELY,"Semantische Intent-Übereinstimmung; Query- und Seitenexport bleiben getrennt, daher kein Query-zu-URL-Beweis.",Mehr Daten sammeln; keine Routing- oder Redirect-Entscheidung treffen.
QUERY,Suchanfragen.csv,410,haushaltsreinigung düsseldorf,0,3,0,47,P1,NEW_OR_LOW_DATA,duesseldorf-cleaning-hub,reinigung,duesseldorf,/duesseldorf/reinigung,LIKELY,"Semantische Intent-Übereinstimmung; Query- und Seitenexport bleiben getrennt, daher kein Query-zu-URL-Beweis.",Mehr Daten sammeln; keine Routing- oder Redirect-Entscheidung treffen.
QUERY,Suchanfragen.csv,411,tiefgaragenreinigung düsseldorf,0,3,0,48,P1,NEW_OR_LOW_DATA,duesseldorf-cleaning-hub,reinigung,duesseldorf,/duesseldorf/reinigung,LIKELY,"Semantische Intent-Übereinstimmung; Query- und Seitenexport bleiben getrennt, daher kein Query-zu-URL-Beweis.",Mehr Daten sammeln; keine Routing- oder Redirect-Entscheidung treffen.
QUERY,Suchanfragen.csv,412,reinigung ergolding,0,3,0,52.67,P3,NEW_OR_LOW_DATA,unclassified,,,,UNCLEAR,Kein belastbarer Zielseitenhinweis im Query-Aggregat; manuelle Prüfung vor Seiten- oder Routingentscheidungen.,Mehr Daten sammeln; keine Routing- oder Redirect-Entscheidung treffen.
QUERY,Suchanfragen.csv,413,büroreinigung reinigungsfirma düsseldorf,0,3,0,56.33,P1,NEW_OR_LOW_DATA,duesseldorf-office-cleaning,bueroreinigung,duesseldorf,/duesseldorf/bueroreinigung,LIKELY,"Semantische Intent-Übereinstimmung; Query- und Seitenexport bleiben getrennt, daher kein Query-zu-URL-Beweis.",Mehr Daten sammeln; keine Routing- oder Redirect-Entscheidung treffen.
QUERY,Suchanfragen.csv,414,modulreinigung,0,3,0,63.67,P3,NEW_OR_LOW_DATA,unclassified,,,,UNCLEAR,Kein belastbarer Zielseitenhinweis im Query-Aggregat; manuelle Prüfung vor Seiten- oder Routingentscheidungen.,Mehr Daten sammeln; keine Routing- oder Redirect-Entscheidung treffen.
QUERY,Suchanfragen.csv,415,kaugummientfernung düsseldorf,0,3,0,65,P3,NEW_OR_LOW_DATA,unclassified,,,,UNCLEAR,Kein belastbarer Zielseitenhinweis im Query-Aggregat; manuelle Prüfung vor Seiten- oder Routingentscheidungen.,Mehr Daten sammeln; keine Routing- oder Redirect-Entscheidung treffen.
QUERY,Suchanfragen.csv,416,entrümpelung landshut,0,3,0,66.33,P3,NEW_OR_LOW_DATA,unclassified,,,,UNCLEAR,Kein belastbarer Zielseitenhinweis im Query-Aggregat; manuelle Prüfung vor Seiten- oder Routingentscheidungen.,Mehr Daten sammeln; keine Routing- oder Redirect-Entscheidung treffen.
QUERY,Suchanfragen.csv,417,büroreinigung 40231 düsseldorf,0,3,0,67.67,P1,NEW_OR_LOW_DATA,duesseldorf-office-cleaning,bueroreinigung,duesseldorf,/duesseldorf/bueroreinigung,LIKELY,"Semantische Intent-Übereinstimmung; Query- und Seitenexport bleiben getrennt, daher kein Query-zu-URL-Beweis.",Mehr Daten sammeln; keine Routing- oder Redirect-Entscheidung treffen.
QUERY,Suchanfragen.csv,418,fensterreinigung regensburg,0,3,0,69,P3,NEW_OR_LOW_DATA,unclassified,,,,UNCLEAR,Kein belastbarer Zielseitenhinweis im Query-Aggregat; manuelle Prüfung vor Seiten- oder Routingentscheidungen.,Mehr Daten sammeln; keine Routing- oder Redirect-Entscheidung treffen.
QUERY,Suchanfragen.csv,419,angebot für reinigung,0,3,0,70,P2,NEW_OR_LOW_DATA,cleaning-offer,reinigungsangebot,,/reinigungsfirma-angebot,LIKELY,"Semantische Intent-Übereinstimmung; Query- und Seitenexport bleiben getrennt, daher kein Query-zu-URL-Beweis.",Mehr Daten sammeln; keine Routing- oder Redirect-Entscheidung treffen.
QUERY,Suchanfragen.csv,420,desinfektion regensburg,0,3,0,75,P3,NEW_OR_LOW_DATA,unclassified,,,,UNCLEAR,Kein belastbarer Zielseitenhinweis im Query-Aggregat; manuelle Prüfung vor Seiten- oder Routingentscheidungen.,Mehr Daten sammeln; keine Routing- oder Redirect-Entscheidung treffen.
QUERY,Suchanfragen.csv,421,haushaltsauflösung landshut,0,3,0,77.33,P3,NEW_OR_LOW_DATA,unclassified,,,,UNCLEAR,Kein belastbarer Zielseitenhinweis im Query-Aggregat; manuelle Prüfung vor Seiten- oder Routingentscheidungen.,Mehr Daten sammeln; keine Routing- oder Redirect-Entscheidung treffen.
QUERY,Suchanfragen.csv,422,entrümpelung amberg,0,3,0,85,P3,NEW_OR_LOW_DATA,unclassified,,,,UNCLEAR,Kein belastbarer Zielseitenhinweis im Query-Aggregat; manuelle Prüfung vor Seiten- oder Routingentscheidungen.,Mehr Daten sammeln; keine Routing- oder Redirect-Entscheidung treffen.
QUERY,Suchanfragen.csv,423,reinigung wohnung nach todesfall,0,3,0,89,P3,NEW_OR_LOW_DATA,unclassified,,,,UNCLEAR,Kein belastbarer Zielseitenhinweis im Query-Aggregat; manuelle Prüfung vor Seiten- oder Routingentscheidungen.,Mehr Daten sammeln; keine Routing- oder Redirect-Entscheidung treffen.
QUERY,Suchanfragen.csv,424,wohnungsauflösung todesfall kosten,0,3,0,95.33,P2,NEW_OR_LOW_DATA|MANUAL_REVIEW,disposal-calculator-intent,disposal,,/entsorgung-kosten-rechner,MANUAL_REVIEW,"Kosten-/Preisabsicht kann Rechner-, Ratgeber- oder Leistungsintention sein und erfordert manuelle Prüfung.",Mehr Daten sammeln; keine Routing- oder Redirect-Entscheidung treffen.
QUERY,Suchanfragen.csv,425,todesfall wohnungsauflösung,0,3,0,96.67,P3,NEW_OR_LOW_DATA,unclassified,,,,UNCLEAR,Kein belastbarer Zielseitenhinweis im Query-Aggregat; manuelle Prüfung vor Seiten- oder Routingentscheidungen.,Mehr Daten sammeln; keine Routing- oder Redirect-Entscheidung treffen.
QUERY,Suchanfragen.csv,426,wer zahlt wohnungsauflösung bei tod,0,3,0,98.33,P3,NEW_OR_LOW_DATA,unclassified,,,,UNCLEAR,Kein belastbarer Zielseitenhinweis im Query-Aggregat; manuelle Prüfung vor Seiten- oder Routingentscheidungen.,Mehr Daten sammeln; keine Routing- oder Redirect-Entscheidung treffen.
QUERY,Suchanfragen.csv,427,kosten wohnungsauflösung nach tod,0,3,0,99,P2,NEW_OR_LOW_DATA|MANUAL_REVIEW,disposal-calculator-intent,disposal,,/entsorgung-kosten-rechner,MANUAL_REVIEW,"Kosten-/Preisabsicht kann Rechner-, Ratgeber- oder Leistungsintention sein und erfordert manuelle Prüfung.",Mehr Daten sammeln; keine Routing- oder Redirect-Entscheidung treffen.
QUERY,Suchanfragen.csv,428,individuell gestaltetes reinigungsangebot,0,2,0,1,P2,NEW_OR_LOW_DATA,cleaning-offer,reinigungsangebot,,/reinigungsfirma-angebot,LIKELY,"Semantische Intent-Übereinstimmung; Query- und Seitenexport bleiben getrennt, daher kein Query-zu-URL-Beweis.",Mehr Daten sammeln; keine Routing- oder Redirect-Entscheidung treffen.
QUERY,Suchanfragen.csv,429,individuelle reinigungsdienste,0,2,0,1,P3,NEW_OR_LOW_DATA,unclassified,,,,UNCLEAR,Kein belastbarer Zielseitenhinweis im Query-Aggregat; manuelle Prüfung vor Seiten- oder Routingentscheidungen.,Mehr Daten sammeln; keine Routing- oder Redirect-Entscheidung treffen.
QUERY,Suchanfragen.csv,430,klaviertransport in der nähe,0,2,0,1,P3,NEW_OR_LOW_DATA,unclassified,,,,UNCLEAR,Kein belastbarer Zielseitenhinweis im Query-Aggregat; manuelle Prüfung vor Seiten- oder Routingentscheidungen.,Mehr Daten sammeln; keine Routing- oder Redirect-Entscheidung treffen.
QUERY,Suchanfragen.csv,431,möbel montage,0,2,0,1,P3,NEW_OR_LOW_DATA,unclassified,,,,UNCLEAR,Kein belastbarer Zielseitenhinweis im Query-Aggregat; manuelle Prüfung vor Seiten- oder Routingentscheidungen.,Mehr Daten sammeln; keine Routing- oder Redirect-Entscheidung treffen.
QUERY,Suchanfragen.csv,432,reinigungskraft in düsseldorf,0,2,0,1,P1,NEW_OR_LOW_DATA,duesseldorf-cleaning-hub,reinigung,duesseldorf,/duesseldorf/reinigung,LIKELY,"Semantische Intent-Übereinstimmung; Query- und Seitenexport bleiben getrennt, daher kein Query-zu-URL-Beweis.",Mehr Daten sammeln; keine Routing- oder Redirect-Entscheidung treffen.
QUERY,Suchanfragen.csv,433,umzug transport,0,2,0,1,P3,NEW_OR_LOW_DATA,unclassified,,,,UNCLEAR,Kein belastbarer Zielseitenhinweis im Query-Aggregat; manuelle Prüfung vor Seiten- oder Routingentscheidungen.,Mehr Daten sammeln; keine Routing- oder Redirect-Entscheidung treffen.
QUERY,Suchanfragen.csv,434,lager regensburg,0,2,0,1.5,P3,NEW_OR_LOW_DATA,unclassified,,,,UNCLEAR,Kein belastbarer Zielseitenhinweis im Query-Aggregat; manuelle Prüfung vor Seiten- oder Routingentscheidungen.,Mehr Daten sammeln; keine Routing- oder Redirect-Entscheidung treffen.
QUERY,Suchanfragen.csv,435,reinigungsservice mit treppenhausreinigung,0,2,0,1.5,P3,NEW_OR_LOW_DATA,unclassified,,,,UNCLEAR,Kein belastbarer Zielseitenhinweis im Query-Aggregat; manuelle Prüfung vor Seiten- oder Routingentscheidungen.,Mehr Daten sammeln; keine Routing- oder Redirect-Entscheidung treffen.
QUERY,Suchanfragen.csv,436,umzug firma,0,2,0,1.5,P3,NEW_OR_LOW_DATA,unclassified,,,,UNCLEAR,Kein belastbarer Zielseitenhinweis im Query-Aggregat; manuelle Prüfung vor Seiten- oder Routingentscheidungen.,Mehr Daten sammeln; keine Routing- oder Redirect-Entscheidung treffen.
QUERY,Suchanfragen.csv,437,cleaning,0,2,0,2.5,P3,NEW_OR_LOW_DATA,unclassified,,,,UNCLEAR,Kein belastbarer Zielseitenhinweis im Query-Aggregat; manuelle Prüfung vor Seiten- oder Routingentscheidungen.,Mehr Daten sammeln; keine Routing- oder Redirect-Entscheidung treffen.
QUERY,Suchanfragen.csv,438,reinigungsfirma für privathaushalte in der nähe,0,2,0,2.5,P3,NEW_OR_LOW_DATA,unclassified,,,,UNCLEAR,Kein belastbarer Zielseitenhinweis im Query-Aggregat; manuelle Prüfung vor Seiten- oder Routingentscheidungen.,Mehr Daten sammeln; keine Routing- oder Redirect-Entscheidung treffen.
QUERY,Suchanfragen.csv,439,fenster reinigung,0,2,0,3,P3,NEW_OR_LOW_DATA,unclassified,,,,UNCLEAR,Kein belastbarer Zielseitenhinweis im Query-Aggregat; manuelle Prüfung vor Seiten- oder Routingentscheidungen.,Mehr Daten sammeln; keine Routing- oder Redirect-Entscheidung treffen.
QUERY,Suchanfragen.csv,440,klavierentsorgung coburg,0,2,0,4,P3,NEW_OR_LOW_DATA,unclassified,,,,UNCLEAR,Kein belastbarer Zielseitenhinweis im Query-Aggregat; manuelle Prüfung vor Seiten- oder Routingentscheidungen.,Mehr Daten sammeln; keine Routing- oder Redirect-Entscheidung treffen.
QUERY,Suchanfragen.csv,441,bau-endreinigung,0,2,0,4.5,P3,NEW_OR_LOW_DATA,unclassified,,,,UNCLEAR,Kein belastbarer Zielseitenhinweis im Query-Aggregat; manuelle Prüfung vor Seiten- oder Routingentscheidungen.,Mehr Daten sammeln; keine Routing- oder Redirect-Entscheidung treffen.
QUERY,Suchanfragen.csv,442,google maps regensburg,0,2,0,4.5,P3,NEW_OR_LOW_DATA,unclassified,,,,UNCLEAR,Kein belastbarer Zielseitenhinweis im Query-Aggregat; manuelle Prüfung vor Seiten- oder Routingentscheidungen.,Mehr Daten sammeln; keine Routing- oder Redirect-Entscheidung treffen.
QUERY,Suchanfragen.csv,443,klavier transport,0,2,0,5.5,P3,NEW_OR_LOW_DATA,unclassified,,,,UNCLEAR,Kein belastbarer Zielseitenhinweis im Query-Aggregat; manuelle Prüfung vor Seiten- oder Routingentscheidungen.,Mehr Daten sammeln; keine Routing- oder Redirect-Entscheidung treffen.
QUERY,Suchanfragen.csv,444,möbeltransport,0,2,0,5.5,P3,NEW_OR_LOW_DATA,unclassified,,,,UNCLEAR,Kein belastbarer Zielseitenhinweis im Query-Aggregat; manuelle Prüfung vor Seiten- oder Routingentscheidungen.,Mehr Daten sammeln; keine Routing- oder Redirect-Entscheidung treffen.
QUERY,Suchanfragen.csv,445,ab 24 service düsseldorf,0,2,0,6,P3,NEW_OR_LOW_DATA,unclassified,,,,UNCLEAR,Kein belastbarer Zielseitenhinweis im Query-Aggregat; manuelle Prüfung vor Seiten- oder Routingentscheidungen.,Mehr Daten sammeln; keine Routing- oder Redirect-Entscheidung treffen.
QUERY,Suchanfragen.csv,446,professionelle putzfirma,0,2,0,6,P3,NEW_OR_LOW_DATA,unclassified,,,,UNCLEAR,Kein belastbarer Zielseitenhinweis im Query-Aggregat; manuelle Prüfung vor Seiten- oder Routingentscheidungen.,Mehr Daten sammeln; keine Routing- oder Redirect-Entscheidung treffen.
QUERY,Suchanfragen.csv,447,deep cleaning,0,2,0,6.5,P3,NEW_OR_LOW_DATA,unclassified,,,,UNCLEAR,Kein belastbarer Zielseitenhinweis im Query-Aggregat; manuelle Prüfung vor Seiten- oder Routingentscheidungen.,Mehr Daten sammeln; keine Routing- oder Redirect-Entscheidung treffen.
QUERY,Suchanfragen.csv,448,gewerbeflächenreinigung,0,2,0,7,P3,NEW_OR_LOW_DATA,unclassified,,,,UNCLEAR,Kein belastbarer Zielseitenhinweis im Query-Aggregat; manuelle Prüfung vor Seiten- oder Routingentscheidungen.,Mehr Daten sammeln; keine Routing- oder Redirect-Entscheidung treffen.
QUERY,Suchanfragen.csv,449,professionelle büroreinigung düsseldorf,0,2,0,7,P1,NEW_OR_LOW_DATA,duesseldorf-office-cleaning,bueroreinigung,duesseldorf,/duesseldorf/bueroreinigung,LIKELY,"Semantische Intent-Übereinstimmung; Query- und Seitenexport bleiben getrennt, daher kein Query-zu-URL-Beweis.",Mehr Daten sammeln; keine Routing- oder Redirect-Entscheidung treffen.
QUERY,Suchanfragen.csv,450,fensterputzer service,0,2,0,7.5,P3,NEW_OR_LOW_DATA,unclassified,,,,UNCLEAR,Kein belastbarer Zielseitenhinweis im Query-Aggregat; manuelle Prüfung vor Seiten- oder Routingentscheidungen.,Mehr Daten sammeln; keine Routing- oder Redirect-Entscheidung treffen.
QUERY,Suchanfragen.csv,451,gästewechsel,0,2,0,8,P3,NEW_OR_LOW_DATA,unclassified,,,,UNCLEAR,Kein belastbarer Zielseitenhinweis im Query-Aggregat; manuelle Prüfung vor Seiten- oder Routingentscheidungen.,Mehr Daten sammeln; keine Routing- oder Redirect-Entscheidung treffen.
QUERY,Suchanfragen.csv,452,windiws,0,2,0,8,P3,NEW_OR_LOW_DATA,unclassified,,,,UNCLEAR,Kein belastbarer Zielseitenhinweis im Query-Aggregat; manuelle Prüfung vor Seiten- oder Routingentscheidungen.,Mehr Daten sammeln; keine Routing- oder Redirect-Entscheidung treffen.
QUERY,Suchanfragen.csv,453,demontage,0,2,0,8.5,P3,NEW_OR_LOW_DATA,unclassified,,,,UNCLEAR,Kein belastbarer Zielseitenhinweis im Query-Aggregat; manuelle Prüfung vor Seiten- oder Routingentscheidungen.,Mehr Daten sammeln; keine Routing- oder Redirect-Entscheidung treffen.
QUERY,Suchanfragen.csv,454,wie lange sich baustaub absetzt.,0,2,0,8.5,P3,NEW_OR_LOW_DATA,unclassified,,,,UNCLEAR,Kein belastbarer Zielseitenhinweis im Query-Aggregat; manuelle Prüfung vor Seiten- oder Routingentscheidungen.,Mehr Daten sammeln; keine Routing- oder Redirect-Entscheidung treffen.
QUERY,Suchanfragen.csv,455,professionelle grundreinigung,0,2,0,9.5,P3,NEW_OR_LOW_DATA,unclassified,,,,UNCLEAR,Kein belastbarer Zielseitenhinweis im Query-Aggregat; manuelle Prüfung vor Seiten- oder Routingentscheidungen.,Mehr Daten sammeln; keine Routing- oder Redirect-Entscheidung treffen.
QUERY,Suchanfragen.csv,456,fernumzug,0,2,0,10,P3,NEW_OR_LOW_DATA,unclassified,,,,UNCLEAR,Kein belastbarer Zielseitenhinweis im Query-Aggregat; manuelle Prüfung vor Seiten- oder Routingentscheidungen.,Mehr Daten sammeln; keine Routing- oder Redirect-Entscheidung treffen.
QUERY,Suchanfragen.csv,457,industrie reinigungsfirma,0,2,0,10.5,P3,NEW_OR_LOW_DATA,unclassified,,,,UNCLEAR,Kein belastbarer Zielseitenhinweis im Query-Aggregat; manuelle Prüfung vor Seiten- oder Routingentscheidungen.,Mehr Daten sammeln; keine Routing- oder Redirect-Entscheidung treffen.
QUERY,Suchanfragen.csv,458,reinigungsservice dusseldorf,0,2,0,11,P1,NEW_OR_LOW_DATA,duesseldorf-cleaning-hub,reinigung,duesseldorf,/duesseldorf/reinigung,LIKELY,"Semantische Intent-Übereinstimmung; Query- und Seitenexport bleiben getrennt, daher kein Query-zu-URL-Beweis.",Mehr Daten sammeln; keine Routing- oder Redirect-Entscheidung treffen.
QUERY,Suchanfragen.csv,459,sauberkeit service,0,2,0,11,P3,NEW_OR_LOW_DATA,unclassified,,,,UNCLEAR,Kein belastbarer Zielseitenhinweis im Query-Aggregat; manuelle Prüfung vor Seiten- oder Routingentscheidungen.,Mehr Daten sammeln; keine Routing- oder Redirect-Entscheidung treffen.
QUERY,Suchanfragen.csv,460,wohnungsreinigung in der nähe,0,2,0,11,P3,NEW_OR_LOW_DATA,unclassified,,,,UNCLEAR,Kein belastbarer Zielseitenhinweis im Query-Aggregat; manuelle Prüfung vor Seiten- oder Routingentscheidungen.,Mehr Daten sammeln; keine Routing- oder Redirect-Entscheidung treffen.
QUERY,Suchanfragen.csv,461,regensburg möbellagerung,0,2,0,11.5,P3,NEW_OR_LOW_DATA,unclassified,,,,UNCLEAR,Kein belastbarer Zielseitenhinweis im Query-Aggregat; manuelle Prüfung vor Seiten- oder Routingentscheidungen.,Mehr Daten sammeln; keine Routing- oder Redirect-Entscheidung treffen.
QUERY,Suchanfragen.csv,462,top reinigung,0,2,0,11.5,P3,NEW_OR_LOW_DATA,unclassified,,,,UNCLEAR,Kein belastbarer Zielseitenhinweis im Query-Aggregat; manuelle Prüfung vor Seiten- oder Routingentscheidungen.,Mehr Daten sammeln; keine Routing- oder Redirect-Entscheidung treffen.
QUERY,Suchanfragen.csv,463,umzug nabburg,0,2,0,11.5,P3,NEW_OR_LOW_DATA,unclassified,,,,UNCLEAR,Kein belastbarer Zielseitenhinweis im Query-Aggregat; manuelle Prüfung vor Seiten- oder Routingentscheidungen.,Mehr Daten sammeln; keine Routing- oder Redirect-Entscheidung treffen.
QUERY,Suchanfragen.csv,464,gebäudereinigung düsseldorf bilk,0,2,0,12,P1,NEW_OR_LOW_DATA,duesseldorf-cleaning-hub,reinigung,duesseldorf,/duesseldorf/reinigung,LIKELY,"Semantische Intent-Übereinstimmung; Query- und Seitenexport bleiben getrennt, daher kein Query-zu-URL-Beweis.",Mehr Daten sammeln; keine Routing- oder Redirect-Entscheidung treffen.
QUERY,Suchanfragen.csv,465,sperrmüllabholung regensburg,0,2,0,12,P3,NEW_OR_LOW_DATA,unclassified,,,,UNCLEAR,Kein belastbarer Zielseitenhinweis im Query-Aggregat; manuelle Prüfung vor Seiten- oder Routingentscheidungen.,Mehr Daten sammeln; keine Routing- oder Redirect-Entscheidung treffen.
QUERY,Suchanfragen.csv,466,"intensive grundreinigung von wohnungen und gewerbeflächen in hensbach und 
umgebung",0,2,0,12.5,P3,NEW_OR_LOW_DATA,unclassified,,,,UNCLEAR,Kein belastbarer Zielseitenhinweis im Query-Aggregat; manuelle Prüfung vor Seiten- oder Routingentscheidungen.,Mehr Daten sammeln; keine Routing- oder Redirect-Entscheidung treffen.
QUERY,Suchanfragen.csv,467,lackiertechnologien kosten anbieter,0,2,0,12.5,P3,NEW_OR_LOW_DATA|IRRELEVANT_QUERY,irrelevant,,,,UNCLEAR,Keine belastbare Übereinstimmung mit dem geprüften FLOXANT-Leistungs- und Rechnerumfang.,Nicht auf eine neue Seite ausrichten; Relevanz manuell bestätigen.
QUERY,Suchanfragen.csv,468,klaviertransporte nürnberg,0,2,0,13,P3,NEW_OR_LOW_DATA,unclassified,,,,UNCLEAR,Kein belastbarer Zielseitenhinweis im Query-Aggregat; manuelle Prüfung vor Seiten- oder Routingentscheidungen.,Mehr Daten sammeln; keine Routing- oder Redirect-Entscheidung treffen.
QUERY,Suchanfragen.csv,469,professionell fensterreinigung,0,2,0,13,P3,NEW_OR_LOW_DATA,unclassified,,,,UNCLEAR,Kein belastbarer Zielseitenhinweis im Query-Aggregat; manuelle Prüfung vor Seiten- oder Routingentscheidungen.,Mehr Daten sammeln; keine Routing- oder Redirect-Entscheidung treffen.
QUERY,Suchanfragen.csv,470,umzugshelfer,0,2,0,13.5,P3,NEW_OR_LOW_DATA,unclassified,,,,UNCLEAR,Kein belastbarer Zielseitenhinweis im Query-Aggregat; manuelle Prüfung vor Seiten- oder Routingentscheidungen.,Mehr Daten sammeln; keine Routing- oder Redirect-Entscheidung treffen.
QUERY,Suchanfragen.csv,471,winterdienst düsseldorf,0,2,0,13.5,P3,NEW_OR_LOW_DATA,unclassified,,,,UNCLEAR,Kein belastbarer Zielseitenhinweis im Query-Aggregat; manuelle Prüfung vor Seiten- oder Routingentscheidungen.,Mehr Daten sammeln; keine Routing- oder Redirect-Entscheidung treffen.
QUERY,Suchanfragen.csv,472,duesseldorf büroreinigung,0,2,0,14.5,P1,NEW_OR_LOW_DATA,duesseldorf-office-cleaning,bueroreinigung,duesseldorf,/duesseldorf/bueroreinigung,LIKELY,"Semantische Intent-Übereinstimmung; Query- und Seitenexport bleiben getrennt, daher kein Query-zu-URL-Beweis.",Mehr Daten sammeln; keine Routing- oder Redirect-Entscheidung treffen.
QUERY,Suchanfragen.csv,473,reinigung büro,0,2,0,14.5,P3,NEW_OR_LOW_DATA,unclassified,,,,UNCLEAR,Kein belastbarer Zielseitenhinweis im Query-Aggregat; manuelle Prüfung vor Seiten- oder Routingentscheidungen.,Mehr Daten sammeln; keine Routing- oder Redirect-Entscheidung treffen.
QUERY,Suchanfragen.csv,474,gebäudereinigung heerdt,0,2,0,15,P3,NEW_OR_LOW_DATA,unclassified,,,,UNCLEAR,Kein belastbarer Zielseitenhinweis im Query-Aggregat; manuelle Prüfung vor Seiten- oder Routingentscheidungen.,Mehr Daten sammeln; keine Routing- oder Redirect-Entscheidung treffen.
QUERY,Suchanfragen.csv,475,schmutzmattenservice düsseldorf,0,2,0,15,P3,NEW_OR_LOW_DATA,unclassified,,,,UNCLEAR,Kein belastbarer Zielseitenhinweis im Query-Aggregat; manuelle Prüfung vor Seiten- oder Routingentscheidungen.,Mehr Daten sammeln; keine Routing- oder Redirect-Entscheidung treffen.
QUERY,Suchanfragen.csv,476,renigungsfirma düsseldorf,0,2,0,15.5,P3,NEW_OR_LOW_DATA,unclassified,,,,UNCLEAR,Kein belastbarer Zielseitenhinweis im Query-Aggregat; manuelle Prüfung vor Seiten- oder Routingentscheidungen.,Mehr Daten sammeln; keine Routing- oder Redirect-Entscheidung treffen.
QUERY,Suchanfragen.csv,477,besenreine übergabe landshut,0,2,0,16,P3,NEW_OR_LOW_DATA,unclassified,,,,UNCLEAR,Kein belastbarer Zielseitenhinweis im Query-Aggregat; manuelle Prüfung vor Seiten- oder Routingentscheidungen.,Mehr Daten sammeln; keine Routing- oder Redirect-Entscheidung treffen.
QUERY,Suchanfragen.csv,478,wohnungsentrümpelung düsseldorf,0,2,0,16.5,P3,NEW_OR_LOW_DATA,unclassified,,,,UNCLEAR,Kein belastbarer Zielseitenhinweis im Query-Aggregat; manuelle Prüfung vor Seiten- oder Routingentscheidungen.,Mehr Daten sammeln; keine Routing- oder Redirect-Entscheidung treffen.
QUERY,Suchanfragen.csv,479,wohnungsendreinigung,0,2,0,17,P3,NEW_OR_LOW_DATA,unclassified,,,,UNCLEAR,Kein belastbarer Zielseitenhinweis im Query-Aggregat; manuelle Prüfung vor Seiten- oder Routingentscheidungen.,Mehr Daten sammeln; keine Routing- oder Redirect-Entscheidung treffen.
QUERY,Suchanfragen.csv,480,praxisreinigung erkrath,0,2,0,17.5,P3,NEW_OR_LOW_DATA,unclassified,,,,UNCLEAR,Kein belastbarer Zielseitenhinweis im Query-Aggregat; manuelle Prüfung vor Seiten- oder Routingentscheidungen.,Mehr Daten sammeln; keine Routing- oder Redirect-Entscheidung treffen.
QUERY,Suchanfragen.csv,481,baustaub entfernen neubau,0,2,0,19,P3,NEW_OR_LOW_DATA,unclassified,,,,UNCLEAR,Kein belastbarer Zielseitenhinweis im Query-Aggregat; manuelle Prüfung vor Seiten- oder Routingentscheidungen.,Mehr Daten sammeln; keine Routing- oder Redirect-Entscheidung treffen.
QUERY,Suchanfragen.csv,482,mietfußmatten düsseldorf,0,2,0,20.5,P3,NEW_OR_LOW_DATA,unclassified,,,,UNCLEAR,Kein belastbarer Zielseitenhinweis im Query-Aggregat; manuelle Prüfung vor Seiten- oder Routingentscheidungen.,Mehr Daten sammeln; keine Routing- oder Redirect-Entscheidung treffen.
QUERY,Suchanfragen.csv,483,umzug planen lassen regensburg,0,2,0,21,P1,NEW_OR_LOW_DATA,regensburg-move,umzug,regensburg,/regensburg/umzug,LIKELY,"Semantische Intent-Übereinstimmung; Query- und Seitenexport bleiben getrennt, daher kein Query-zu-URL-Beweis.",Mehr Daten sammeln; keine Routing- oder Redirect-Entscheidung treffen.
QUERY,Suchanfragen.csv,484,praxisreinigung ratingen,0,2,0,23,P3,NEW_OR_LOW_DATA,unclassified,,,,UNCLEAR,Kein belastbarer Zielseitenhinweis im Query-Aggregat; manuelle Prüfung vor Seiten- oder Routingentscheidungen.,Mehr Daten sammeln; keine Routing- oder Redirect-Entscheidung treffen.
QUERY,Suchanfragen.csv,485,reinigungsfirma mit abnahmegarantie,0,2,0,23,P3,NEW_OR_LOW_DATA,unclassified,,,,UNCLEAR,Kein belastbarer Zielseitenhinweis im Query-Aggregat; manuelle Prüfung vor Seiten- oder Routingentscheidungen.,Mehr Daten sammeln; keine Routing- oder Redirect-Entscheidung treffen.
QUERY,Suchanfragen.csv,486,umzug düsseldorf,0,2,0,23,P3,NEW_OR_LOW_DATA,unclassified,,,,UNCLEAR,Kein belastbarer Zielseitenhinweis im Query-Aggregat; manuelle Prüfung vor Seiten- oder Routingentscheidungen.,Mehr Daten sammeln; keine Routing- oder Redirect-Entscheidung treffen.
QUERY,Suchanfragen.csv,487,marketingagentur angebot vor unterschrift prüfen,0,2,0,24.5,P3,NEW_OR_LOW_DATA,unclassified,,,,UNCLEAR,Kein belastbarer Zielseitenhinweis im Query-Aggregat; manuelle Prüfung vor Seiten- oder Routingentscheidungen.,Mehr Daten sammeln; keine Routing- oder Redirect-Entscheidung treffen.
QUERY,Suchanfragen.csv,488,umzug erding vergleich,0,2,0,24.5,P3,NEW_OR_LOW_DATA,unclassified,,,,UNCLEAR,Kein belastbarer Zielseitenhinweis im Query-Aggregat; manuelle Prüfung vor Seiten- oder Routingentscheidungen.,Mehr Daten sammeln; keine Routing- oder Redirect-Entscheidung treffen.
QUERY,Suchanfragen.csv,489,küchenabluft reinigung regensburg,0,2,0,25,P3,NEW_OR_LOW_DATA,unclassified,,,,UNCLEAR,Kein belastbarer Zielseitenhinweis im Query-Aggregat; manuelle Prüfung vor Seiten- oder Routingentscheidungen.,Mehr Daten sammeln; keine Routing- oder Redirect-Entscheidung treffen.
QUERY,Suchanfragen.csv,490,internationale umzugsunternehmen,0,2,0,25.5,P3,NEW_OR_LOW_DATA,unclassified,,,,UNCLEAR,Kein belastbarer Zielseitenhinweis im Query-Aggregat; manuelle Prüfung vor Seiten- oder Routingentscheidungen.,Mehr Daten sammeln; keine Routing- oder Redirect-Entscheidung treffen.
QUERY,Suchanfragen.csv,491,reinigung für firmen,0,2,0,26,P3,NEW_OR_LOW_DATA,unclassified,,,,UNCLEAR,Kein belastbarer Zielseitenhinweis im Query-Aggregat; manuelle Prüfung vor Seiten- oder Routingentscheidungen.,Mehr Daten sammeln; keine Routing- oder Redirect-Entscheidung treffen.
QUERY,Suchanfragen.csv,492,reinigung düsseldorf in der nähe,0,2,0,29,P1,NEW_OR_LOW_DATA,duesseldorf-cleaning-hub,reinigung,duesseldorf,/duesseldorf/reinigung,LIKELY,"Semantische Intent-Übereinstimmung; Query- und Seitenexport bleiben getrennt, daher kein Query-zu-URL-Beweis.",Mehr Daten sammeln; keine Routing- oder Redirect-Entscheidung treffen.
QUERY,Suchanfragen.csv,493,preise umzugsreinigung,0,2,0,29.5,P2,NEW_OR_LOW_DATA|MANUAL_REVIEW,cleaning-calculator-intent,cleaning,,/reinigung-preis-rechner,MANUAL_REVIEW,"Kosten-/Preisabsicht kann Rechner-, Ratgeber- oder Leistungsintention sein und erfordert manuelle Prüfung.",Mehr Daten sammeln; keine Routing- oder Redirect-Entscheidung treffen.
QUERY,Suchanfragen.csv,494,sofortiger service für privatumzüge in regensburg,0,2,0,30.5,P3,NEW_OR_LOW_DATA,unclassified,,,,UNCLEAR,Kein belastbarer Zielseitenhinweis im Query-Aggregat; manuelle Prüfung vor Seiten- oder Routingentscheidungen.,Mehr Daten sammeln; keine Routing- oder Redirect-Entscheidung treffen.
QUERY,Suchanfragen.csv,495,"beste objektbetreuung und umzugsservice mit reinigung in münchen und 
umgebung",0,2,0,32,P3,NEW_OR_LOW_DATA,unclassified,,,,UNCLEAR,Kein belastbarer Zielseitenhinweis im Query-Aggregat; manuelle Prüfung vor Seiten- oder Routingentscheidungen.,Mehr Daten sammeln; keine Routing- oder Redirect-Entscheidung treffen.
QUERY,Suchanfragen.csv,496,reinigungsfirma buchen,0,2,0,35,P3,NEW_OR_LOW_DATA,unclassified,,,,UNCLEAR,Kein belastbarer Zielseitenhinweis im Query-Aggregat; manuelle Prüfung vor Seiten- oder Routingentscheidungen.,Mehr Daten sammeln; keine Routing- oder Redirect-Entscheidung treffen.
QUERY,Suchanfragen.csv,497,digitalagentur angebot prüfen,0,2,0,35.5,P3,NEW_OR_LOW_DATA,unclassified,,,,UNCLEAR,Kein belastbarer Zielseitenhinweis im Query-Aggregat; manuelle Prüfung vor Seiten- oder Routingentscheidungen.,Mehr Daten sammeln; keine Routing- oder Redirect-Entscheidung treffen.
QUERY,Suchanfragen.csv,498,reinigungsfirma in meiner nähe,0,2,0,35.5,P3,NEW_OR_LOW_DATA,unclassified,,,,UNCLEAR,Kein belastbarer Zielseitenhinweis im Query-Aggregat; manuelle Prüfung vor Seiten- oder Routingentscheidungen.,Mehr Daten sammeln; keine Routing- oder Redirect-Entscheidung treffen.
QUERY,Suchanfragen.csv,499,angebot reinigungsdienst,0,2,0,36.5,P2,NEW_OR_LOW_DATA,cleaning-offer,reinigungsangebot,,/reinigungsfirma-angebot,LIKELY,"Semantische Intent-Übereinstimmung; Query- und Seitenexport bleiben getrennt, daher kein Query-zu-URL-Beweis.",Mehr Daten sammeln; keine Routing- oder Redirect-Entscheidung treffen.
QUERY,Suchanfragen.csv,500,umzugspreisvergleich regensburg,0,2,0,37,P1,NEW_OR_LOW_DATA,regensburg-move,umzug,regensburg,/regensburg/umzug,LIKELY,"Semantische Intent-Übereinstimmung; Query- und Seitenexport bleiben getrennt, daher kein Query-zu-URL-Beweis.",Mehr Daten sammeln; keine Routing- oder Redirect-Entscheidung treffen.
QUERY,Suchanfragen.csv,501,fäkalien düsseldorf,0,2,0,40,P3,NEW_OR_LOW_DATA,unclassified,,,,UNCLEAR,Kein belastbarer Zielseitenhinweis im Query-Aggregat; manuelle Prüfung vor Seiten- oder Routingentscheidungen.,Mehr Daten sammeln; keine Routing- oder Redirect-Entscheidung treffen.
QUERY,Suchanfragen.csv,502,tapetenentfernung nürnberg,0,2,0,40,P3,NEW_OR_LOW_DATA,unclassified,,,,UNCLEAR,Kein belastbarer Zielseitenhinweis im Query-Aggregat; manuelle Prüfung vor Seiten- oder Routingentscheidungen.,Mehr Daten sammeln; keine Routing- oder Redirect-Entscheidung treffen.
QUERY,Suchanfragen.csv,503,stellen gebäudereinigung düsseldorf,0,2,0,41,P1,NEW_OR_LOW_DATA,duesseldorf-cleaning-hub,reinigung,duesseldorf,/duesseldorf/reinigung,LIKELY,"Semantische Intent-Übereinstimmung; Query- und Seitenexport bleiben getrennt, daher kein Query-zu-URL-Beweis.",Mehr Daten sammeln; keine Routing- oder Redirect-Entscheidung treffen.
QUERY,Suchanfragen.csv,504,angebot reinigungsfirma vorlage,0,2,0,43.5,P2,NEW_OR_LOW_DATA,cleaning-offer,reinigungsangebot,,/reinigungsfirma-angebot,LIKELY,"Semantische Intent-Übereinstimmung; Query- und Seitenexport bleiben getrennt, daher kein Query-zu-URL-Beweis.",Mehr Daten sammeln; keine Routing- oder Redirect-Entscheidung treffen.
QUERY,Suchanfragen.csv,505,bürodienstleistungen düsseldorf,0,2,0,47.5,P3,NEW_OR_LOW_DATA,unclassified,,,,UNCLEAR,Kein belastbarer Zielseitenhinweis im Query-Aggregat; manuelle Prüfung vor Seiten- oder Routingentscheidungen.,Mehr Daten sammeln; keine Routing- oder Redirect-Entscheidung treffen.
QUERY,Suchanfragen.csv,506,lagerauflösung landshut,0,2,0,47.5,P3,NEW_OR_LOW_DATA,unclassified,,,,UNCLEAR,Kein belastbarer Zielseitenhinweis im Query-Aggregat; manuelle Prüfung vor Seiten- oder Routingentscheidungen.,Mehr Daten sammeln; keine Routing- oder Redirect-Entscheidung treffen.
QUERY,Suchanfragen.csv,507,büroreinigung flensburg,0,2,0,49,P3,NEW_OR_LOW_DATA,unclassified,,,,UNCLEAR,Kein belastbarer Zielseitenhinweis im Query-Aggregat; manuelle Prüfung vor Seiten- oder Routingentscheidungen.,Mehr Daten sammeln; keine Routing- oder Redirect-Entscheidung treffen.
QUERY,Suchanfragen.csv,508,hochwertige umzüge bayern,0,2,0,51.5,P3,NEW_OR_LOW_DATA,unclassified,,,,UNCLEAR,Kein belastbarer Zielseitenhinweis im Query-Aggregat; manuelle Prüfung vor Seiten- oder Routingentscheidungen.,Mehr Daten sammeln; keine Routing- oder Redirect-Entscheidung treffen.
QUERY,Suchanfragen.csv,509,reinigung urdenbach,0,2,0,52.5,P3,NEW_OR_LOW_DATA,unclassified,,,,UNCLEAR,Kein belastbarer Zielseitenhinweis im Query-Aggregat; manuelle Prüfung vor Seiten- oder Routingentscheidungen.,Mehr Daten sammeln; keine Routing- oder Redirect-Entscheidung treffen.
QUERY,Suchanfragen.csv,510,reinigungsfirma beauftragen,0,2,0,53,P3,NEW_OR_LOW_DATA,unclassified,,,,UNCLEAR,Kein belastbarer Zielseitenhinweis im Query-Aggregat; manuelle Prüfung vor Seiten- oder Routingentscheidungen.,Mehr Daten sammeln; keine Routing- oder Redirect-Entscheidung treffen.
QUERY,Suchanfragen.csv,511,angebot reinigung vorlage,0,2,0,54,P2,NEW_OR_LOW_DATA,cleaning-offer,reinigungsangebot,,/reinigungsfirma-angebot,LIKELY,"Semantische Intent-Übereinstimmung; Query- und Seitenexport bleiben getrennt, daher kein Query-zu-URL-Beweis.",Mehr Daten sammeln; keine Routing- oder Redirect-Entscheidung treffen.
QUERY,Suchanfragen.csv,512,umzugskosten senken,0,2,0,56,P2,NEW_OR_LOW_DATA|MANUAL_REVIEW,moving-calculator-intent,moving,,/umzug-kosten-rechner,MANUAL_REVIEW,"Kosten-/Preisabsicht kann Rechner-, Ratgeber- oder Leistungsintention sein und erfordert manuelle Prüfung.",Mehr Daten sammeln; keine Routing- oder Redirect-Entscheidung treffen.
QUERY,Suchanfragen.csv,513,abnahmegarantie,0,2,0,62.5,P3,NEW_OR_LOW_DATA,unclassified,,,,UNCLEAR,Kein belastbarer Zielseitenhinweis im Query-Aggregat; manuelle Prüfung vor Seiten- oder Routingentscheidungen.,Mehr Daten sammeln; keine Routing- oder Redirect-Entscheidung treffen.
QUERY,Suchanfragen.csv,514,fleckenentfernung service,0,2,0,65,P3,NEW_OR_LOW_DATA,unclassified,,,,UNCLEAR,Kein belastbarer Zielseitenhinweis im Query-Aggregat; manuelle Prüfung vor Seiten- oder Routingentscheidungen.,Mehr Daten sammeln; keine Routing- oder Redirect-Entscheidung treffen.
QUERY,Suchanfragen.csv,515,umzugsunternehmen mit aufbauservice regensburg,0,2,0,65.5,P1,NEW_OR_LOW_DATA,regensburg-move,umzug,regensburg,/regensburg/umzug,LIKELY,"Semantische Intent-Übereinstimmung; Query- und Seitenexport bleiben getrennt, daher kein Query-zu-URL-Beweis.",Mehr Daten sammeln; keine Routing- oder Redirect-Entscheidung treffen.
QUERY,Suchanfragen.csv,516,wohnungsauflösung bei tod,0,2,0,66,P3,NEW_OR_LOW_DATA,unclassified,,,,UNCLEAR,Kein belastbarer Zielseitenhinweis im Query-Aggregat; manuelle Prüfung vor Seiten- oder Routingentscheidungen.,Mehr Daten sammeln; keine Routing- oder Redirect-Entscheidung treffen.
QUERY,Suchanfragen.csv,517,wohnungsauflösung landshut,0,2,0,72,P3,NEW_OR_LOW_DATA,unclassified,,,,UNCLEAR,Kein belastbarer Zielseitenhinweis im Query-Aggregat; manuelle Prüfung vor Seiten- oder Routingentscheidungen.,Mehr Daten sammeln; keine Routing- oder Redirect-Entscheidung treffen.
QUERY,Suchanfragen.csv,518,schmutzfangmatten mieten düsseldorf,0,2,0,74,P3,NEW_OR_LOW_DATA,unclassified,,,,UNCLEAR,Kein belastbarer Zielseitenhinweis im Query-Aggregat; manuelle Prüfung vor Seiten- oder Routingentscheidungen.,Mehr Daten sammeln; keine Routing- oder Redirect-Entscheidung treffen.
QUERY,Suchanfragen.csv,519,umzugsservice bayern,0,2,0,74,P3,NEW_OR_LOW_DATA,unclassified,,,,UNCLEAR,Kein belastbarer Zielseitenhinweis im Query-Aggregat; manuelle Prüfung vor Seiten- oder Routingentscheidungen.,Mehr Daten sammeln; keine Routing- oder Redirect-Entscheidung treffen.
QUERY,Suchanfragen.csv,520,desinfektion düsseldorf,0,2,0,75.5,P3,NEW_OR_LOW_DATA,unclassified,,,,UNCLEAR,Kein belastbarer Zielseitenhinweis im Query-Aggregat; manuelle Prüfung vor Seiten- oder Routingentscheidungen.,Mehr Daten sammeln; keine Routing- oder Redirect-Entscheidung treffen.
QUERY,Suchanfragen.csv,521,kanzleireinigung köln,0,2,0,75.5,P3,NEW_OR_LOW_DATA,unclassified,,,,UNCLEAR,Kein belastbarer Zielseitenhinweis im Query-Aggregat; manuelle Prüfung vor Seiten- oder Routingentscheidungen.,Mehr Daten sammeln; keine Routing- oder Redirect-Entscheidung treffen.
QUERY,Suchanfragen.csv,522,grundreinigung wohnung münchen,0,2,0,76,P3,NEW_OR_LOW_DATA,unclassified,,,,UNCLEAR,Kein belastbarer Zielseitenhinweis im Query-Aggregat; manuelle Prüfung vor Seiten- oder Routingentscheidungen.,Mehr Daten sammeln; keine Routing- oder Redirect-Entscheidung treffen.
QUERY,Suchanfragen.csv,523,reinigungsdienst für treppenhäuser düsseldorf,0,2,0,78,P1,NEW_OR_LOW_DATA,duesseldorf-cleaning-hub,reinigung,duesseldorf,/duesseldorf/reinigung,LIKELY,"Semantische Intent-Übereinstimmung; Query- und Seitenexport bleiben getrennt, daher kein Query-zu-URL-Beweis.",Mehr Daten sammeln; keine Routing- oder Redirect-Entscheidung treffen.
QUERY,Suchanfragen.csv,524,umzugskosten vergleich,0,2,0,81,P2,NEW_OR_LOW_DATA|MANUAL_REVIEW,moving-calculator-intent,moving,,/umzug-kosten-rechner,MANUAL_REVIEW,"Kosten-/Preisabsicht kann Rechner-, Ratgeber- oder Leistungsintention sein und erfordert manuelle Prüfung.",Mehr Daten sammeln; keine Routing- oder Redirect-Entscheidung treffen.
QUERY,Suchanfragen.csv,525,verwesungsgeruch entfernen düsseldorf,0,2,0,82,P3,NEW_OR_LOW_DATA,unclassified,,,,UNCLEAR,Kein belastbarer Zielseitenhinweis im Query-Aggregat; manuelle Prüfung vor Seiten- oder Routingentscheidungen.,Mehr Daten sammeln; keine Routing- oder Redirect-Entscheidung treffen.
QUERY,Suchanfragen.csv,526,reinigungsmittel abfüllen lassen,0,2,0,82.5,P3,NEW_OR_LOW_DATA,unclassified,,,,UNCLEAR,Kein belastbarer Zielseitenhinweis im Query-Aggregat; manuelle Prüfung vor Seiten- oder Routingentscheidungen.,Mehr Daten sammeln; keine Routing- oder Redirect-Entscheidung treffen.
QUERY,Suchanfragen.csv,527,nürnberg umzug,0,2,0,87,P3,NEW_OR_LOW_DATA,unclassified,,,,UNCLEAR,Kein belastbarer Zielseitenhinweis im Query-Aggregat; manuelle Prüfung vor Seiten- oder Routingentscheidungen.,Mehr Daten sammeln; keine Routing- oder Redirect-Entscheidung treffen.
QUERY,Suchanfragen.csv,528,entrümpelung flensburg,0,2,0,89,P3,NEW_OR_LOW_DATA,unclassified,,,,UNCLEAR,Kein belastbarer Zielseitenhinweis im Query-Aggregat; manuelle Prüfung vor Seiten- oder Routingentscheidungen.,Mehr Daten sammeln; keine Routing- oder Redirect-Entscheidung treffen.
QUERY,Suchanfragen.csv,529,firmenumzug nürnberg,0,2,0,90.5,P3,NEW_OR_LOW_DATA,unclassified,,,,UNCLEAR,Kein belastbarer Zielseitenhinweis im Query-Aggregat; manuelle Prüfung vor Seiten- oder Routingentscheidungen.,Mehr Daten sammeln; keine Routing- oder Redirect-Entscheidung treffen.
QUERY,Suchanfragen.csv,530,zügige umzugsreinigung für privatkunden in münchen,0,2,0,92,P3,NEW_OR_LOW_DATA,unclassified,,,,UNCLEAR,Kein belastbarer Zielseitenhinweis im Query-Aggregat; manuelle Prüfung vor Seiten- oder Routingentscheidungen.,Mehr Daten sammeln; keine Routing- oder Redirect-Entscheidung treffen.
QUERY,Suchanfragen.csv,531,umzugsunternehmen augsburg,0,2,0,92.5,P3,NEW_OR_LOW_DATA,unclassified,,,,UNCLEAR,Kein belastbarer Zielseitenhinweis im Query-Aggregat; manuelle Prüfung vor Seiten- oder Routingentscheidungen.,Mehr Daten sammeln; keine Routing- oder Redirect-Entscheidung treffen.
QUERY,Suchanfragen.csv,532,erbe wohnungsauflösung,0,2,0,100,P3,NEW_OR_LOW_DATA,unclassified,,,,UNCLEAR,Kein belastbarer Zielseitenhinweis im Query-Aggregat; manuelle Prüfung vor Seiten- oder Routingentscheidungen.,Mehr Daten sammeln; keine Routing- oder Redirect-Entscheidung treffen.
QUERY,Suchanfragen.csv,533,innenputz kosten regensburg,0,2,0,100,P3,NEW_OR_LOW_DATA,unclassified,,,,UNCLEAR,Kein belastbarer Zielseitenhinweis im Query-Aggregat; manuelle Prüfung vor Seiten- oder Routingentscheidungen.,Mehr Daten sammeln; keine Routing- oder Redirect-Entscheidung treffen.
QUERY,Suchanfragen.csv,534,reinigung von wohnungskomplexen herrnsheim,0,2,0,100,P3,NEW_OR_LOW_DATA,unclassified,,,,UNCLEAR,Kein belastbarer Zielseitenhinweis im Query-Aggregat; manuelle Prüfung vor Seiten- oder Routingentscheidungen.,Mehr Daten sammeln; keine Routing- oder Redirect-Entscheidung treffen.
QUERY,Suchanfragen.csv,535,andere person,0,1,0,1,P3,NEW_OR_LOW_DATA,unclassified,,,,UNCLEAR,Kein belastbarer Zielseitenhinweis im Query-Aggregat; manuelle Prüfung vor Seiten- oder Routingentscheidungen.,Mehr Daten sammeln; keine Routing- oder Redirect-Entscheidung treffen.
QUERY,Suchanfragen.csv,536,beste reinigungsfirma,0,1,0,1,P3,NEW_OR_LOW_DATA,unclassified,,,,UNCLEAR,Kein belastbarer Zielseitenhinweis im Query-Aggregat; manuelle Prüfung vor Seiten- oder Routingentscheidungen.,Mehr Daten sammeln; keine Routing- oder Redirect-Entscheidung treffen.
QUERY,Suchanfragen.csv,537,bewerte dieses angebot,0,1,0,1,P3,NEW_OR_LOW_DATA,unclassified,,,,UNCLEAR,Kein belastbarer Zielseitenhinweis im Query-Aggregat; manuelle Prüfung vor Seiten- oder Routingentscheidungen.,Mehr Daten sammeln; keine Routing- oder Redirect-Entscheidung treffen.
QUERY,Suchanfragen.csv,538,büro reinigungsdienst,0,1,0,1,P3,NEW_OR_LOW_DATA,unclassified,,,,UNCLEAR,Kein belastbarer Zielseitenhinweis im Query-Aggregat; manuelle Prüfung vor Seiten- oder Routingentscheidungen.,Mehr Daten sammeln; keine Routing- oder Redirect-Entscheidung treffen.
QUERY,Suchanfragen.csv,539,clean firma,0,1,0,1,P3,NEW_OR_LOW_DATA,unclassified,,,,UNCLEAR,Kein belastbarer Zielseitenhinweis im Query-Aggregat; manuelle Prüfung vor Seiten- oder Routingentscheidungen.,Mehr Daten sammeln; keine Routing- oder Redirect-Entscheidung treffen.
QUERY,Suchanfragen.csv,540,deep cleaning near me,0,1,0,1,P3,NEW_OR_LOW_DATA,unclassified,,,,UNCLEAR,Kein belastbarer Zielseitenhinweis im Query-Aggregat; manuelle Prüfung vor Seiten- oder Routingentscheidungen.,Mehr Daten sammeln; keine Routing- oder Redirect-Entscheidung treffen.
QUERY,Suchanfragen.csv,541,disinfection services companies near me,0,1,0,1,P3,NEW_OR_LOW_DATA,unclassified,,,,UNCLEAR,Kein belastbarer Zielseitenhinweis im Query-Aggregat; manuelle Prüfung vor Seiten- oder Routingentscheidungen.,Mehr Daten sammeln; keine Routing- oder Redirect-Entscheidung treffen.
QUERY,Suchanfragen.csv,542,entsorgungsunternehmen düsseldorf,0,1,0,1,P3,NEW_OR_LOW_DATA,unclassified,,,,UNCLEAR,Kein belastbarer Zielseitenhinweis im Query-Aggregat; manuelle Prüfung vor Seiten- oder Routingentscheidungen.,Mehr Daten sammeln; keine Routing- oder Redirect-Entscheidung treffen.
QUERY,Suchanfragen.csv,543,günstige umzugsfirma in der nähe,0,1,0,1,P3,NEW_OR_LOW_DATA,unclassified,,,,UNCLEAR,Kein belastbarer Zielseitenhinweis im Query-Aggregat; manuelle Prüfung vor Seiten- oder Routingentscheidungen.,Mehr Daten sammeln; keine Routing- oder Redirect-Entscheidung treffen.
QUERY,Suchanfragen.csv,544,halteverbotszone beantragen,0,1,0,1,P3,NEW_OR_LOW_DATA,unclassified,,,,UNCLEAR,Kein belastbarer Zielseitenhinweis im Query-Aggregat; manuelle Prüfung vor Seiten- oder Routingentscheidungen.,Mehr Daten sammeln; keine Routing- oder Redirect-Entscheidung treffen.
QUERY,Suchanfragen.csv,545,hauswirtschaft,0,1,0,1,P3,NEW_OR_LOW_DATA,unclassified,,,,UNCLEAR,Kein belastbarer Zielseitenhinweis im Query-Aggregat; manuelle Prüfung vor Seiten- oder Routingentscheidungen.,Mehr Daten sammeln; keine Routing- oder Redirect-Entscheidung treffen.
QUERY,Suchanfragen.csv,546,hotel cleaning service,0,1,0,1,P3,NEW_OR_LOW_DATA,unclassified,,,,UNCLEAR,Kein belastbarer Zielseitenhinweis im Query-Aggregat; manuelle Prüfung vor Seiten- oder Routingentscheidungen.,Mehr Daten sammeln; keine Routing- oder Redirect-Entscheidung treffen.
QUERY,Suchanfragen.csv,547,housekeeping services,0,1,0,1,P3,NEW_OR_LOW_DATA,unclassified,,,,UNCLEAR,Kein belastbarer Zielseitenhinweis im Query-Aggregat; manuelle Prüfung vor Seiten- oder Routingentscheidungen.,Mehr Daten sammeln; keine Routing- oder Redirect-Entscheidung treffen.
QUERY,Suchanfragen.csv,548,in dachau?,0,1,0,1,P3,NEW_OR_LOW_DATA,unclassified,,,,UNCLEAR,Kein belastbarer Zielseitenhinweis im Query-Aggregat; manuelle Prüfung vor Seiten- oder Routingentscheidungen.,Mehr Daten sammeln; keine Routing- oder Redirect-Entscheidung treffen.
QUERY,Suchanfragen.csv,549,ist das ein gutes angebot,0,1,0,1,P3,NEW_OR_LOW_DATA,unclassified,,,,UNCLEAR,Kein belastbarer Zielseitenhinweis im Query-Aggregat; manuelle Prüfung vor Seiten- oder Routingentscheidungen.,Mehr Daten sammeln; keine Routing- oder Redirect-Entscheidung treffen.
QUERY,Suchanfragen.csv,550,professionelle polsterreinigung in der nähe,0,1,0,1,P3,NEW_OR_LOW_DATA,unclassified,,,,UNCLEAR,Kein belastbarer Zielseitenhinweis im Query-Aggregat; manuelle Prüfung vor Seiten- oder Routingentscheidungen.,Mehr Daten sammeln; keine Routing- oder Redirect-Entscheidung treffen.
QUERY,Suchanfragen.csv,551,reinigungsfirma privathaushalt,0,1,0,1,P3,NEW_OR_LOW_DATA,unclassified,,,,UNCLEAR,Kein belastbarer Zielseitenhinweis im Query-Aggregat; manuelle Prüfung vor Seiten- oder Routingentscheidungen.,Mehr Daten sammeln; keine Routing- oder Redirect-Entscheidung treffen.
QUERY,Suchanfragen.csv,552,reinigungsservice,0,1,0,1,P3,NEW_OR_LOW_DATA,unclassified,,,,UNCLEAR,Kein belastbarer Zielseitenhinweis im Query-Aggregat; manuelle Prüfung vor Seiten- oder Routingentscheidungen.,Mehr Daten sammeln; keine Routing- oder Redirect-Entscheidung treffen.
QUERY,Suchanfragen.csv,553,umzug reinigung,0,1,0,1,P3,NEW_OR_LOW_DATA,unclassified,,,,UNCLEAR,Kein belastbarer Zielseitenhinweis im Query-Aggregat; manuelle Prüfung vor Seiten- oder Routingentscheidungen.,Mehr Daten sammeln; keine Routing- oder Redirect-Entscheidung treffen.
QUERY,Suchanfragen.csv,554,umzug und einlagerung,0,1,0,1,P3,NEW_OR_LOW_DATA,unclassified,,,,UNCLEAR,Kein belastbarer Zielseitenhinweis im Query-Aggregat; manuelle Prüfung vor Seiten- oder Routingentscheidungen.,Mehr Daten sammeln; keine Routing- oder Redirect-Entscheidung treffen.
QUERY,Suchanfragen.csv,555,umzugsfirma in der nähe,0,1,0,1,P3,NEW_OR_LOW_DATA,unclassified,,,,UNCLEAR,Kein belastbarer Zielseitenhinweis im Query-Aggregat; manuelle Prüfung vor Seiten- oder Routingentscheidungen.,Mehr Daten sammeln; keine Routing- oder Redirect-Entscheidung treffen.
QUERY,Suchanfragen.csv,556,umzugsfirmen in meiner nähe,0,1,0,1,P3,NEW_OR_LOW_DATA,unclassified,,,,UNCLEAR,Kein belastbarer Zielseitenhinweis im Query-Aggregat; manuelle Prüfung vor Seiten- oder Routingentscheidungen.,Mehr Daten sammeln; keine Routing- oder Redirect-Entscheidung treffen.
QUERY,Suchanfragen.csv,557,umzugsreinigung rostock,0,1,0,1,P3,NEW_OR_LOW_DATA,unclassified,,,,UNCLEAR,Kein belastbarer Zielseitenhinweis im Query-Aggregat; manuelle Prüfung vor Seiten- oder Routingentscheidungen.,Mehr Daten sammeln; keine Routing- oder Redirect-Entscheidung treffen.
QUERY,Suchanfragen.csv,558,unzug,0,1,0,1,P3,NEW_OR_LOW_DATA,unclassified,,,,UNCLEAR,Kein belastbarer Zielseitenhinweis im Query-Aggregat; manuelle Prüfung vor Seiten- oder Routingentscheidungen.,Mehr Daten sammeln; keine Routing- oder Redirect-Entscheidung treffen.
QUERY,Suchanfragen.csv,559,vcleaning,0,1,0,1,P3,NEW_OR_LOW_DATA,unclassified,,,,UNCLEAR,Kein belastbarer Zielseitenhinweis im Query-Aggregat; manuelle Prüfung vor Seiten- oder Routingentscheidungen.,Mehr Daten sammeln; keine Routing- oder Redirect-Entscheidung treffen.
QUERY,Suchanfragen.csv,560,24-stunden-service haushaltsauflösung,0,1,0,2,P3,NEW_OR_LOW_DATA,unclassified,,,,UNCLEAR,Kein belastbarer Zielseitenhinweis im Query-Aggregat; manuelle Prüfung vor Seiten- oder Routingentscheidungen.,Mehr Daten sammeln; keine Routing- oder Redirect-Entscheidung treffen.
QUERY,Suchanfragen.csv,561,autoüberführung,0,1,0,2,P3,NEW_OR_LOW_DATA,unclassified,,,,UNCLEAR,Kein belastbarer Zielseitenhinweis im Query-Aggregat; manuelle Prüfung vor Seiten- oder Routingentscheidungen.,Mehr Daten sammeln; keine Routing- oder Redirect-Entscheidung treffen.
QUERY,Suchanfragen.csv,562,basement cleaning services near me,0,1,0,2,P3,NEW_OR_LOW_DATA,unclassified,,,,UNCLEAR,Kein belastbarer Zielseitenhinweis im Query-Aggregat; manuelle Prüfung vor Seiten- oder Routingentscheidungen.,Mehr Daten sammeln; keine Routing- oder Redirect-Entscheidung treffen.
QUERY,Suchanfragen.csv,563,cleaning house,0,1,0,2,P3,NEW_OR_LOW_DATA,unclassified,,,,UNCLEAR,Kein belastbarer Zielseitenhinweis im Query-Aggregat; manuelle Prüfung vor Seiten- oder Routingentscheidungen.,Mehr Daten sammeln; keine Routing- oder Redirect-Entscheidung treffen.
QUERY,Suchanfragen.csv,564,deep clean,0,1,0,2,P3,NEW_OR_LOW_DATA,unclassified,,,,UNCLEAR,Kein belastbarer Zielseitenhinweis im Query-Aggregat; manuelle Prüfung vor Seiten- oder Routingentscheidungen.,Mehr Daten sammeln; keine Routing- oder Redirect-Entscheidung treffen.
QUERY,Suchanfragen.csv,565,günstig umzugsunternehmen,0,1,0,2,P3,NEW_OR_LOW_DATA,unclassified,,,,UNCLEAR,Kein belastbarer Zielseitenhinweis im Query-Aggregat; manuelle Prüfung vor Seiten- oder Routingentscheidungen.,Mehr Daten sammeln; keine Routing- oder Redirect-Entscheidung treffen.
QUERY,Suchanfragen.csv,566,klaviertransport,0,1,0,2,P3,NEW_OR_LOW_DATA,unclassified,,,,UNCLEAR,Kein belastbarer Zielseitenhinweis im Query-Aggregat; manuelle Prüfung vor Seiten- oder Routingentscheidungen.,Mehr Daten sammeln; keine Routing- oder Redirect-Entscheidung treffen.
QUERY,Suchanfragen.csv,567,küche reinigung,0,1,0,2,P3,NEW_OR_LOW_DATA,unclassified,,,,UNCLEAR,Kein belastbarer Zielseitenhinweis im Query-Aggregat; manuelle Prüfung vor Seiten- oder Routingentscheidungen.,Mehr Daten sammeln; keine Routing- oder Redirect-Entscheidung treffen.
QUERY,Suchanfragen.csv,568,nettoyage,0,1,0,2,P3,NEW_OR_LOW_DATA,unclassified,,,,UNCLEAR,Kein belastbarer Zielseitenhinweis im Query-Aggregat; manuelle Prüfung vor Seiten- oder Routingentscheidungen.,Mehr Daten sammeln; keine Routing- oder Redirect-Entscheidung treffen.
QUERY,Suchanfragen.csv,569,reinigung umzug,0,1,0,2,P3,NEW_OR_LOW_DATA,unclassified,,,,UNCLEAR,Kein belastbarer Zielseitenhinweis im Query-Aggregat; manuelle Prüfung vor Seiten- oder Routingentscheidungen.,Mehr Daten sammeln; keine Routing- oder Redirect-Entscheidung treffen.
QUERY,Suchanfragen.csv,570,reinigungs unternehmen,0,1,0,2,P3,NEW_OR_LOW_DATA,unclassified,,,,UNCLEAR,Kein belastbarer Zielseitenhinweis im Query-Aggregat; manuelle Prüfung vor Seiten- oder Routingentscheidungen.,Mehr Daten sammeln; keine Routing- oder Redirect-Entscheidung treffen.
QUERY,Suchanfragen.csv,571,vergleiche anbieter zum töpfekauf nach preis und garantie,0,1,0,2,P3,NEW_OR_LOW_DATA|IRRELEVANT_QUERY,irrelevant,,,,UNCLEAR,Keine belastbare Übereinstimmung mit dem geprüften FLOXANT-Leistungs- und Rechnerumfang.,Nicht auf eine neue Seite ausrichten; Relevanz manuell bestätigen.
QUERY,Suchanfragen.csv,572,büro reinigung kosten,0,1,0,3,P2,NEW_OR_LOW_DATA|MANUAL_REVIEW,cleaning-calculator-intent,cleaning,,/reinigung-preis-rechner,MANUAL_REVIEW,"Kosten-/Preisabsicht kann Rechner-, Ratgeber- oder Leistungsintention sein und erfordert manuelle Prüfung.",Mehr Daten sammeln; keine Routing- oder Redirect-Entscheidung treffen.
QUERY,Suchanfragen.csv,573,büroreinigungsdienst,0,1,0,3,P3,NEW_OR_LOW_DATA,unclassified,,,,UNCLEAR,Kein belastbarer Zielseitenhinweis im Query-Aggregat; manuelle Prüfung vor Seiten- oder Routingentscheidungen.,Mehr Daten sammeln; keine Routing- oder Redirect-Entscheidung treffen.
QUERY,Suchanfragen.csv,574,erding,0,1,0,3,P3,NEW_OR_LOW_DATA,unclassified,,,,UNCLEAR,Kein belastbarer Zielseitenhinweis im Query-Aggregat; manuelle Prüfung vor Seiten- oder Routingentscheidungen.,Mehr Daten sammeln; keine Routing- oder Redirect-Entscheidung treffen.
QUERY,Suchanfragen.csv,575,maps google regensburg,0,1,0,3,P3,NEW_OR_LOW_DATA,unclassified,,,,UNCLEAR,Kein belastbarer Zielseitenhinweis im Query-Aggregat; manuelle Prüfung vor Seiten- oder Routingentscheidungen.,Mehr Daten sammeln; keine Routing- oder Redirect-Entscheidung treffen.
QUERY,Suchanfragen.csv,576,ok,0,1,0,3,P3,NEW_OR_LOW_DATA,unclassified,,,,UNCLEAR,Kein belastbarer Zielseitenhinweis im Query-Aggregat; manuelle Prüfung vor Seiten- oder Routingentscheidungen.,Mehr Daten sammeln; keine Routing- oder Redirect-Entscheidung treffen.
QUERY,Suchanfragen.csv,577,private kontaktaufnahme,0,1,0,3,P3,NEW_OR_LOW_DATA,unclassified,,,,UNCLEAR,Kein belastbarer Zielseitenhinweis im Query-Aggregat; manuelle Prüfung vor Seiten- oder Routingentscheidungen.,Mehr Daten sammeln; keine Routing- oder Redirect-Entscheidung treffen.
QUERY,Suchanfragen.csv,578,reinigungsfirma gesucht,0,1,0,3,P3,NEW_OR_LOW_DATA,unclassified,,,,UNCLEAR,Kein belastbarer Zielseitenhinweis im Query-Aggregat; manuelle Prüfung vor Seiten- oder Routingentscheidungen.,Mehr Daten sammeln; keine Routing- oder Redirect-Entscheidung treffen.
QUERY,Suchanfragen.csv,579,übergabereinigung,0,1,0,3,P3,NEW_OR_LOW_DATA,unclassified,,,,UNCLEAR,Kein belastbarer Zielseitenhinweis im Query-Aggregat; manuelle Prüfung vor Seiten- oder Routingentscheidungen.,Mehr Daten sammeln; keine Routing- oder Redirect-Entscheidung treffen.
QUERY,Suchanfragen.csv,580,angebot bitte,0,1,0,4,P3,NEW_OR_LOW_DATA,unclassified,,,,UNCLEAR,Kein belastbarer Zielseitenhinweis im Query-Aggregat; manuelle Prüfung vor Seiten- oder Routingentscheidungen.,Mehr Daten sammeln; keine Routing- oder Redirect-Entscheidung treffen.
QUERY,Suchanfragen.csv,581,grund reinigung,0,1,0,4,P3,NEW_OR_LOW_DATA,unclassified,,,,UNCLEAR,Kein belastbarer Zielseitenhinweis im Query-Aggregat; manuelle Prüfung vor Seiten- oder Routingentscheidungen.,Mehr Daten sammeln; keine Routing- oder Redirect-Entscheidung treffen.
QUERY,Suchanfragen.csv,582,haushaltsdienstleistungen,0,1,0,4,P3,NEW_OR_LOW_DATA,unclassified,,,,UNCLEAR,Kein belastbarer Zielseitenhinweis im Query-Aggregat; manuelle Prüfung vor Seiten- oder Routingentscheidungen.,Mehr Daten sammeln; keine Routing- oder Redirect-Entscheidung treffen.
QUERY,Suchanfragen.csv,583,reinigung wohnungsübergabe,0,1,0,4,P3,NEW_OR_LOW_DATA,unclassified,,,,UNCLEAR,Kein belastbarer Zielseitenhinweis im Query-Aggregat; manuelle Prüfung vor Seiten- oder Routingentscheidungen.,Mehr Daten sammeln; keine Routing- oder Redirect-Entscheidung treffen.
QUERY,Suchanfragen.csv,584,einmalige reinigung wohnung,0,1,0,5,P3,NEW_OR_LOW_DATA,unclassified,,,,UNCLEAR,Kein belastbarer Zielseitenhinweis im Query-Aggregat; manuelle Prüfung vor Seiten- oder Routingentscheidungen.,Mehr Daten sammeln; keine Routing- oder Redirect-Entscheidung treffen.
QUERY,Suchanfragen.csv,585,entrümpelung in düsseldorf,0,1,0,5,P3,NEW_OR_LOW_DATA,unclassified,,,,UNCLEAR,Kein belastbarer Zielseitenhinweis im Query-Aggregat; manuelle Prüfung vor Seiten- oder Routingentscheidungen.,Mehr Daten sammeln; keine Routing- oder Redirect-Entscheidung treffen.
QUERY,Suchanfragen.csv,586,hausreinigungsdienst,0,1,0,5,P3,NEW_OR_LOW_DATA,unclassified,,,,UNCLEAR,Kein belastbarer Zielseitenhinweis im Query-Aggregat; manuelle Prüfung vor Seiten- oder Routingentscheidungen.,Mehr Daten sammeln; keine Routing- oder Redirect-Entscheidung treffen.
QUERY,Suchanfragen.csv,587,reinigungsfirmen in der nähe near me trade,0,1,0,5,P3,NEW_OR_LOW_DATA,unclassified,,,,UNCLEAR,Kein belastbarer Zielseitenhinweis im Query-Aggregat; manuelle Prüfung vor Seiten- oder Routingentscheidungen.,Mehr Daten sammeln; keine Routing- oder Redirect-Entscheidung treffen.
QUERY,Suchanfragen.csv,588,service düsseldorf,0,1,0,5,P3,NEW_OR_LOW_DATA,unclassified,,,,UNCLEAR,Kein belastbarer Zielseitenhinweis im Query-Aggregat; manuelle Prüfung vor Seiten- oder Routingentscheidungen.,Mehr Daten sammeln; keine Routing- oder Redirect-Entscheidung treffen.
QUERY,Suchanfragen.csv,589,umzug münchen haidhausen,0,1,0,5,P3,NEW_OR_LOW_DATA,unclassified,,,,UNCLEAR,Kein belastbarer Zielseitenhinweis im Query-Aggregat; manuelle Prüfung vor Seiten- oder Routingentscheidungen.,Mehr Daten sammeln; keine Routing- oder Redirect-Entscheidung treffen.
QUERY,Suchanfragen.csv,590,umzugsfirma straubing,0,1,0,5,P3,NEW_OR_LOW_DATA,unclassified,,,,UNCLEAR,Kein belastbarer Zielseitenhinweis im Query-Aggregat; manuelle Prüfung vor Seiten- oder Routingentscheidungen.,Mehr Daten sammeln; keine Routing- oder Redirect-Entscheidung treffen.
QUERY,Suchanfragen.csv,591,umzugsunternehmen in der nähe,0,1,0,5,P3,NEW_OR_LOW_DATA,unclassified,,,,UNCLEAR,Kein belastbarer Zielseitenhinweis im Query-Aggregat; manuelle Prüfung vor Seiten- oder Routingentscheidungen.,Mehr Daten sammeln; keine Routing- oder Redirect-Entscheidung treffen.
QUERY,Suchanfragen.csv,592,endreinigung rosenberg,0,1,0,6,P3,NEW_OR_LOW_DATA,unclassified,,,,UNCLEAR,Kein belastbarer Zielseitenhinweis im Query-Aggregat; manuelle Prüfung vor Seiten- oder Routingentscheidungen.,Mehr Daten sammeln; keine Routing- oder Redirect-Entscheidung treffen.
QUERY,Suchanfragen.csv,593,entrümpelung berching,0,1,0,6,P3,NEW_OR_LOW_DATA,unclassified,,,,UNCLEAR,Kein belastbarer Zielseitenhinweis im Query-Aggregat; manuelle Prüfung vor Seiten- oder Routingentscheidungen.,Mehr Daten sammeln; keine Routing- oder Redirect-Entscheidung treffen.
QUERY,Suchanfragen.csv,594,fenstereinigung,0,1,0,6,P3,NEW_OR_LOW_DATA,unclassified,,,,UNCLEAR,Kein belastbarer Zielseitenhinweis im Query-Aggregat; manuelle Prüfung vor Seiten- oder Routingentscheidungen.,Mehr Daten sammeln; keine Routing- oder Redirect-Entscheidung treffen.
QUERY,Suchanfragen.csv,595,fensterreinigung innen und außen,0,1,0,6,P3,NEW_OR_LOW_DATA,unclassified,,,,UNCLEAR,Kein belastbarer Zielseitenhinweis im Query-Aggregat; manuelle Prüfung vor Seiten- oder Routingentscheidungen.,Mehr Daten sammeln; keine Routing- oder Redirect-Entscheidung treffen.
QUERY,Suchanfragen.csv,596,kleine umzüge,0,1,0,6,P3,NEW_OR_LOW_DATA,unclassified,,,,UNCLEAR,Kein belastbarer Zielseitenhinweis im Query-Aggregat; manuelle Prüfung vor Seiten- oder Routingentscheidungen.,Mehr Daten sammeln; keine Routing- oder Redirect-Entscheidung treffen.
QUERY,Suchanfragen.csv,597,möbel in der nähe,0,1,0,6,P3,NEW_OR_LOW_DATA,unclassified,,,,UNCLEAR,Kein belastbarer Zielseitenhinweis im Query-Aggregat; manuelle Prüfung vor Seiten- oder Routingentscheidungen.,Mehr Daten sammeln; keine Routing- oder Redirect-Entscheidung treffen.
QUERY,Suchanfragen.csv,598,wohnung reinigen,0,1,0,6,P3,NEW_OR_LOW_DATA,unclassified,,,,UNCLEAR,Kein belastbarer Zielseitenhinweis im Query-Aggregat; manuelle Prüfung vor Seiten- oder Routingentscheidungen.,Mehr Daten sammeln; keine Routing- oder Redirect-Entscheidung treffen.
QUERY,Suchanfragen.csv,599,wohnung reinigung,0,1,0,6,P3,NEW_OR_LOW_DATA,unclassified,,,,UNCLEAR,Kein belastbarer Zielseitenhinweis im Query-Aggregat; manuelle Prüfung vor Seiten- oder Routingentscheidungen.,Mehr Daten sammeln; keine Routing- oder Redirect-Entscheidung treffen.
QUERY,Suchanfragen.csv,600,24/7 cleaning,0,1,0,7,P3,NEW_OR_LOW_DATA,unclassified,,,,UNCLEAR,Kein belastbarer Zielseitenhinweis im Query-Aggregat; manuelle Prüfung vor Seiten- oder Routingentscheidungen.,Mehr Daten sammeln; keine Routing- oder Redirect-Entscheidung treffen.
QUERY,Suchanfragen.csv,601,grundreinigung haus vor einzug,0,1,0,7,P3,NEW_OR_LOW_DATA,unclassified,,,,UNCLEAR,Kein belastbarer Zielseitenhinweis im Query-Aggregat; manuelle Prüfung vor Seiten- oder Routingentscheidungen.,Mehr Daten sammeln; keine Routing- oder Redirect-Entscheidung treffen.
QUERY,Suchanfragen.csv,602,"ich brauche eine schnelle und effiziente reinigung für meine 
gewerbeimmobilie, wer kann das leisten?",0,1,0,7,P3,NEW_OR_LOW_DATA,unclassified,,,,UNCLEAR,Kein belastbarer Zielseitenhinweis im Query-Aggregat; manuelle Prüfung vor Seiten- oder Routingentscheidungen.,Mehr Daten sammeln; keine Routing- oder Redirect-Entscheidung treffen.
QUERY,Suchanfragen.csv,603,moving and packing services,0,1,0,7,P3,NEW_OR_LOW_DATA,unclassified,,,,UNCLEAR,Kein belastbarer Zielseitenhinweis im Query-Aggregat; manuelle Prüfung vor Seiten- oder Routingentscheidungen.,Mehr Daten sammeln; keine Routing- oder Redirect-Entscheidung treffen.
QUERY,Suchanfragen.csv,604,preiswerte umzugsfirmen,0,1,0,7,P2,NEW_OR_LOW_DATA|MANUAL_REVIEW,moving-calculator-intent,moving,,/umzug-kosten-rechner,MANUAL_REVIEW,"Kosten-/Preisabsicht kann Rechner-, Ratgeber- oder Leistungsintention sein und erfordert manuelle Prüfung.",Mehr Daten sammeln; keine Routing- oder Redirect-Entscheidung treffen.
QUERY,Suchanfragen.csv,605,relocation,0,1,0,7,P3,NEW_OR_LOW_DATA,unclassified,,,,UNCLEAR,Kein belastbarer Zielseitenhinweis im Query-Aggregat; manuelle Prüfung vor Seiten- oder Routingentscheidungen.,Mehr Daten sammeln; keine Routing- oder Redirect-Entscheidung treffen.
QUERY,Suchanfragen.csv,606,badezimmer grundreinigung,0,1,0,8,P3,NEW_OR_LOW_DATA,unclassified,,,,UNCLEAR,Kein belastbarer Zielseitenhinweis im Query-Aggregat; manuelle Prüfung vor Seiten- oder Routingentscheidungen.,Mehr Daten sammeln; keine Routing- oder Redirect-Entscheidung treffen.
QUERY,Suchanfragen.csv,607,entrümelungsbetrieb,0,1,0,8,P3,NEW_OR_LOW_DATA,unclassified,,,,UNCLEAR,Kein belastbarer Zielseitenhinweis im Query-Aggregat; manuelle Prüfung vor Seiten- oder Routingentscheidungen.,Mehr Daten sammeln; keine Routing- oder Redirect-Entscheidung treffen.
QUERY,Suchanfragen.csv,608,couch cleaner,0,1,0,9,P3,NEW_OR_LOW_DATA,unclassified,,,,UNCLEAR,Kein belastbarer Zielseitenhinweis im Query-Aggregat; manuelle Prüfung vor Seiten- oder Routingentscheidungen.,Mehr Daten sammeln; keine Routing- oder Redirect-Entscheidung treffen.
QUERY,Suchanfragen.csv,609,einmalige reinigung,0,1,0,9,P3,NEW_OR_LOW_DATA,unclassified,,,,UNCLEAR,Kein belastbarer Zielseitenhinweis im Query-Aggregat; manuelle Prüfung vor Seiten- oder Routingentscheidungen.,Mehr Daten sammeln; keine Routing- oder Redirect-Entscheidung treffen.
QUERY,Suchanfragen.csv,610,grundreinigung badezimmer,0,1,0,9,P3,NEW_OR_LOW_DATA,unclassified,,,,UNCLEAR,Kein belastbarer Zielseitenhinweis im Query-Aggregat; manuelle Prüfung vor Seiten- oder Routingentscheidungen.,Mehr Daten sammeln; keine Routing- oder Redirect-Entscheidung treffen.
QUERY,Suchanfragen.csv,611,reinigungsfirma schnaittenbach,0,1,0,9,P3,NEW_OR_LOW_DATA,unclassified,,,,UNCLEAR,Kein belastbarer Zielseitenhinweis im Query-Aggregat; manuelle Prüfung vor Seiten- oder Routingentscheidungen.,Mehr Daten sammeln; keine Routing- oder Redirect-Entscheidung treffen.
QUERY,Suchanfragen.csv,612,sperrgut düsseldorf,0,1,0,9,P3,NEW_OR_LOW_DATA,unclassified,,,,UNCLEAR,Kein belastbarer Zielseitenhinweis im Query-Aggregat; manuelle Prüfung vor Seiten- oder Routingentscheidungen.,Mehr Daten sammeln; keine Routing- oder Redirect-Entscheidung treffen.
QUERY,Suchanfragen.csv,613,entkalkung düsseldorf,0,1,0,10,P3,NEW_OR_LOW_DATA,unclassified,,,,UNCLEAR,Kein belastbarer Zielseitenhinweis im Query-Aggregat; manuelle Prüfung vor Seiten- oder Routingentscheidungen.,Mehr Daten sammeln; keine Routing- oder Redirect-Entscheidung treffen.
QUERY,Suchanfragen.csv,614,glas und fensterreinigung,0,1,0,10,P3,NEW_OR_LOW_DATA,unclassified,,,,UNCLEAR,Kein belastbarer Zielseitenhinweis im Query-Aggregat; manuelle Prüfung vor Seiten- oder Routingentscheidungen.,Mehr Daten sammeln; keine Routing- oder Redirect-Entscheidung treffen.
QUERY,Suchanfragen.csv,615,johanna kinkel straße 1 regensburg,0,1,0,10,P3,NEW_OR_LOW_DATA,unclassified,,,,UNCLEAR,Kein belastbarer Zielseitenhinweis im Query-Aggregat; manuelle Prüfung vor Seiten- oder Routingentscheidungen.,Mehr Daten sammeln; keine Routing- oder Redirect-Entscheidung treffen.
QUERY,Suchanfragen.csv,616,professionelle reinigung von privathaushalten,0,1,0,10,P3,NEW_OR_LOW_DATA,unclassified,,,,UNCLEAR,Kein belastbarer Zielseitenhinweis im Query-Aggregat; manuelle Prüfung vor Seiten- oder Routingentscheidungen.,Mehr Daten sammeln; keine Routing- oder Redirect-Entscheidung treffen.
QUERY,Suchanfragen.csv,617,reinigung praxis,0,1,0,10,P3,NEW_OR_LOW_DATA,unclassified,,,,UNCLEAR,Kein belastbarer Zielseitenhinweis im Query-Aggregat; manuelle Prüfung vor Seiten- oder Routingentscheidungen.,Mehr Daten sammeln; keine Routing- oder Redirect-Entscheidung treffen.
QUERY,Suchanfragen.csv,618,ruckfahrt,0,1,0,10,P3,NEW_OR_LOW_DATA,unclassified,,,,UNCLEAR,Kein belastbarer Zielseitenhinweis im Query-Aggregat; manuelle Prüfung vor Seiten- oder Routingentscheidungen.,Mehr Daten sammeln; keine Routing- oder Redirect-Entscheidung treffen.
QUERY,Suchanfragen.csv,619,spezialreinigung wohnung,0,1,0,10,P3,NEW_OR_LOW_DATA,unclassified,,,,UNCLEAR,Kein belastbarer Zielseitenhinweis im Query-Aggregat; manuelle Prüfung vor Seiten- oder Routingentscheidungen.,Mehr Daten sammeln; keine Routing- oder Redirect-Entscheidung treffen.
QUERY,Suchanfragen.csv,620,commercial cleaning company near me,0,1,0,11,P3,NEW_OR_LOW_DATA,unclassified,,,,UNCLEAR,Kein belastbarer Zielseitenhinweis im Query-Aggregat; manuelle Prüfung vor Seiten- oder Routingentscheidungen.,Mehr Daten sammeln; keine Routing- oder Redirect-Entscheidung treffen.
QUERY,Suchanfragen.csv,621,gewerbeauszug,0,1,0,11,P3,NEW_OR_LOW_DATA,unclassified,,,,UNCLEAR,Kein belastbarer Zielseitenhinweis im Query-Aggregat; manuelle Prüfung vor Seiten- oder Routingentscheidungen.,Mehr Daten sammeln; keine Routing- oder Redirect-Entscheidung treffen.
QUERY,Suchanfragen.csv,622,gewerbeflächen reinigen,0,1,0,11,P3,NEW_OR_LOW_DATA,unclassified,,,,UNCLEAR,Kein belastbarer Zielseitenhinweis im Query-Aggregat; manuelle Prüfung vor Seiten- oder Routingentscheidungen.,Mehr Daten sammeln; keine Routing- oder Redirect-Entscheidung treffen.
QUERY,Suchanfragen.csv,623,kostengünstige reinigung,0,1,0,11,P2,NEW_OR_LOW_DATA|MANUAL_REVIEW,cleaning-calculator-intent,cleaning,,/reinigung-preis-rechner,MANUAL_REVIEW,"Kosten-/Preisabsicht kann Rechner-, Ratgeber- oder Leistungsintention sein und erfordert manuelle Prüfung.",Mehr Daten sammeln; keine Routing- oder Redirect-Entscheidung treffen.
QUERY,Suchanfragen.csv,624,reinigung dienstleistung,0,1,0,11,P3,NEW_OR_LOW_DATA,unclassified,,,,UNCLEAR,Kein belastbarer Zielseitenhinweis im Query-Aggregat; manuelle Prüfung vor Seiten- oder Routingentscheidungen.,Mehr Daten sammeln; keine Routing- oder Redirect-Entscheidung treffen.
QUERY,Suchanfragen.csv,625,reinigung haushaltsreinigung praxisreinigung,0,1,0,11,P3,NEW_OR_LOW_DATA,unclassified,,,,UNCLEAR,Kein belastbarer Zielseitenhinweis im Query-Aggregat; manuelle Prüfung vor Seiten- oder Routingentscheidungen.,Mehr Daten sammeln; keine Routing- oder Redirect-Entscheidung treffen.
QUERY,Suchanfragen.csv,626,umzugsfirma digitalisieren,0,1,0,11,P3,NEW_OR_LOW_DATA,unclassified,,,,UNCLEAR,Kein belastbarer Zielseitenhinweis im Query-Aggregat; manuelle Prüfung vor Seiten- oder Routingentscheidungen.,Mehr Daten sammeln; keine Routing- oder Redirect-Entscheidung treffen.
QUERY,Suchanfragen.csv,627,umzugsunternehmen neumarkt i.d.opf.,0,1,0,11,P3,NEW_OR_LOW_DATA,unclassified,,,,UNCLEAR,Kein belastbarer Zielseitenhinweis im Query-Aggregat; manuelle Prüfung vor Seiten- oder Routingentscheidungen.,Mehr Daten sammeln; keine Routing- oder Redirect-Entscheidung treffen.
QUERY,Suchanfragen.csv,628,umzüge und transporte,0,1,0,11,P3,NEW_OR_LOW_DATA,unclassified,,,,UNCLEAR,Kein belastbarer Zielseitenhinweis im Query-Aggregat; manuelle Prüfung vor Seiten- oder Routingentscheidungen.,Mehr Daten sammeln; keine Routing- oder Redirect-Entscheidung treffen.
QUERY,Suchanfragen.csv,629,unternehmen in düsseldorf,0,1,0,11,P3,NEW_OR_LOW_DATA,unclassified,,,,UNCLEAR,Kein belastbarer Zielseitenhinweis im Query-Aggregat; manuelle Prüfung vor Seiten- oder Routingentscheidungen.,Mehr Daten sammeln; keine Routing- oder Redirect-Entscheidung treffen.
QUERY,Suchanfragen.csv,630,viola reinigungsfirma,0,1,0,11,P3,NEW_OR_LOW_DATA,unclassified,,,,UNCLEAR,Kein belastbarer Zielseitenhinweis im Query-Aggregat; manuelle Prüfung vor Seiten- oder Routingentscheidungen.,Mehr Daten sammeln; keine Routing- oder Redirect-Entscheidung treffen.
QUERY,Suchanfragen.csv,631,wohnungsentrümpelung,0,1,0,11,P3,NEW_OR_LOW_DATA,unclassified,,,,UNCLEAR,Kein belastbarer Zielseitenhinweis im Query-Aggregat; manuelle Prüfung vor Seiten- oder Routingentscheidungen.,Mehr Daten sammeln; keine Routing- oder Redirect-Entscheidung treffen.
QUERY,Suchanfragen.csv,632,cleaning work near me,0,1,0,12,P3,NEW_OR_LOW_DATA,unclassified,,,,UNCLEAR,Kein belastbarer Zielseitenhinweis im Query-Aggregat; manuelle Prüfung vor Seiten- oder Routingentscheidungen.,Mehr Daten sammeln; keine Routing- oder Redirect-Entscheidung treffen.
QUERY,Suchanfragen.csv,633,gewerbeimmobilien reinigung,0,1,0,12,P3,NEW_OR_LOW_DATA,unclassified,,,,UNCLEAR,Kein belastbarer Zielseitenhinweis im Query-Aggregat; manuelle Prüfung vor Seiten- oder Routingentscheidungen.,Mehr Daten sammeln; keine Routing- oder Redirect-Entscheidung treffen.
QUERY,Suchanfragen.csv,634,günstige umzugshelfer,0,1,0,12,P3,NEW_OR_LOW_DATA,unclassified,,,,UNCLEAR,Kein belastbarer Zielseitenhinweis im Query-Aggregat; manuelle Prüfung vor Seiten- oder Routingentscheidungen.,Mehr Daten sammeln; keine Routing- oder Redirect-Entscheidung treffen.
QUERY,Suchanfragen.csv,635,klaviertransport etagenwohnung,0,1,0,12,P3,NEW_OR_LOW_DATA,unclassified,,,,UNCLEAR,Kein belastbarer Zielseitenhinweis im Query-Aggregat; manuelle Prüfung vor Seiten- oder Routingentscheidungen.,Mehr Daten sammeln; keine Routing- oder Redirect-Entscheidung treffen.
QUERY,Suchanfragen.csv,636,regensburg maps,0,1,0,12,P3,NEW_OR_LOW_DATA,unclassified,,,,UNCLEAR,Kein belastbarer Zielseitenhinweis im Query-Aggregat; manuelle Prüfung vor Seiten- oder Routingentscheidungen.,Mehr Daten sammeln; keine Routing- oder Redirect-Entscheidung treffen.
QUERY,Suchanfragen.csv,637,reinigung landau isar,0,1,0,12,P3,NEW_OR_LOW_DATA,unclassified,,,,UNCLEAR,Kein belastbarer Zielseitenhinweis im Query-Aggregat; manuelle Prüfung vor Seiten- oder Routingentscheidungen.,Mehr Daten sammeln; keine Routing- oder Redirect-Entscheidung treffen.
QUERY,Suchanfragen.csv,638,umzugsunternehmen weiden i.d.opf.,0,1,0,12,P3,NEW_OR_LOW_DATA,unclassified,,,,UNCLEAR,Kein belastbarer Zielseitenhinweis im Query-Aggregat; manuelle Prüfung vor Seiten- oder Routingentscheidungen.,Mehr Daten sammeln; keine Routing- oder Redirect-Entscheidung treffen.
QUERY,Suchanfragen.csv,639,airbnb cleaning company,0,1,0,13,P3,NEW_OR_LOW_DATA,unclassified,,,,UNCLEAR,Kein belastbarer Zielseitenhinweis im Query-Aggregat; manuelle Prüfung vor Seiten- oder Routingentscheidungen.,Mehr Daten sammeln; keine Routing- oder Redirect-Entscheidung treffen.
QUERY,Suchanfragen.csv,640,auszugsreinigung,0,1,0,13,P3,NEW_OR_LOW_DATA,unclassified,,,,UNCLEAR,Kein belastbarer Zielseitenhinweis im Query-Aggregat; manuelle Prüfung vor Seiten- oder Routingentscheidungen.,Mehr Daten sammeln; keine Routing- oder Redirect-Entscheidung treffen.
QUERY,Suchanfragen.csv,641,commercial property cleaning,0,1,0,13,P3,NEW_OR_LOW_DATA,unclassified,,,,UNCLEAR,Kein belastbarer Zielseitenhinweis im Query-Aggregat; manuelle Prüfung vor Seiten- oder Routingentscheidungen.,Mehr Daten sammeln; keine Routing- oder Redirect-Entscheidung treffen.
QUERY,Suchanfragen.csv,642,parkhausreinigung düsseldorf,0,1,0,13,P1,NEW_OR_LOW_DATA,duesseldorf-cleaning-hub,reinigung,duesseldorf,/duesseldorf/reinigung,LIKELY,"Semantische Intent-Übereinstimmung; Query- und Seitenexport bleiben getrennt, daher kein Query-zu-URL-Beweis.",Mehr Daten sammeln; keine Routing- oder Redirect-Entscheidung treffen.
QUERY,Suchanfragen.csv,643,professioneller reinigungsservice mit entrümpelungen für firmen in kamen,0,1,0,13,P3,NEW_OR_LOW_DATA,unclassified,,,,UNCLEAR,Kein belastbarer Zielseitenhinweis im Query-Aggregat; manuelle Prüfung vor Seiten- oder Routingentscheidungen.,Mehr Daten sammeln; keine Routing- oder Redirect-Entscheidung treffen.
QUERY,Suchanfragen.csv,644,umzug und transport,0,1,0,13,P3,NEW_OR_LOW_DATA,unclassified,,,,UNCLEAR,Kein belastbarer Zielseitenhinweis im Query-Aggregat; manuelle Prüfung vor Seiten- oder Routingentscheidungen.,Mehr Daten sammeln; keine Routing- oder Redirect-Entscheidung treffen.
QUERY,Suchanfragen.csv,645,airbnb cleaning service,0,1,0,14,P3,NEW_OR_LOW_DATA,unclassified,,,,UNCLEAR,Kein belastbarer Zielseitenhinweis im Query-Aggregat; manuelle Prüfung vor Seiten- oder Routingentscheidungen.,Mehr Daten sammeln; keine Routing- oder Redirect-Entscheidung treffen.
QUERY,Suchanfragen.csv,646,bestes umzugsunternehmen,0,1,0,14,P3,NEW_OR_LOW_DATA,unclassified,,,,UNCLEAR,Kein belastbarer Zielseitenhinweis im Query-Aggregat; manuelle Prüfung vor Seiten- oder Routingentscheidungen.,Mehr Daten sammeln; keine Routing- oder Redirect-Entscheidung treffen.
QUERY,Suchanfragen.csv,647,deep cleaning services,0,1,0,14,P3,NEW_OR_LOW_DATA,unclassified,,,,UNCLEAR,Kein belastbarer Zielseitenhinweis im Query-Aggregat; manuelle Prüfung vor Seiten- oder Routingentscheidungen.,Mehr Daten sammeln; keine Routing- oder Redirect-Entscheidung treffen.
QUERY,Suchanfragen.csv,648,entrümpelung,0,1,0,14,P3,NEW_OR_LOW_DATA,unclassified,,,,UNCLEAR,Kein belastbarer Zielseitenhinweis im Query-Aggregat; manuelle Prüfung vor Seiten- oder Routingentscheidungen.,Mehr Daten sammeln; keine Routing- oder Redirect-Entscheidung treffen.
QUERY,Suchanfragen.csv,649,gebäudereiniger düsseldorf,0,1,0,14,P3,NEW_OR_LOW_DATA,unclassified,,,,UNCLEAR,Kein belastbarer Zielseitenhinweis im Query-Aggregat; manuelle Prüfung vor Seiten- oder Routingentscheidungen.,Mehr Daten sammeln; keine Routing- oder Redirect-Entscheidung treffen.
QUERY,Suchanfragen.csv,650,gebäudereinigung düsseldorf oberbilk,0,1,0,14,P1,NEW_OR_LOW_DATA,duesseldorf-cleaning-hub,reinigung,duesseldorf,/duesseldorf/reinigung,LIKELY,"Semantische Intent-Übereinstimmung; Query- und Seitenexport bleiben getrennt, daher kein Query-zu-URL-Beweis.",Mehr Daten sammeln; keine Routing- oder Redirect-Entscheidung treffen.
QUERY,Suchanfragen.csv,651,haushaltsauflösung,0,1,0,14,P3,NEW_OR_LOW_DATA,unclassified,,,,UNCLEAR,Kein belastbarer Zielseitenhinweis im Query-Aggregat; manuelle Prüfung vor Seiten- oder Routingentscheidungen.,Mehr Daten sammeln; keine Routing- oder Redirect-Entscheidung treffen.
QUERY,Suchanfragen.csv,652,privatumzug regensburg,0,1,0,14,P1,NEW_OR_LOW_DATA,regensburg-move,umzug,regensburg,/regensburg/umzug,LIKELY,"Semantische Intent-Übereinstimmung; Query- und Seitenexport bleiben getrennt, daher kein Query-zu-URL-Beweis.",Mehr Daten sammeln; keine Routing- oder Redirect-Entscheidung treffen.
QUERY,Suchanfragen.csv,653,pv reinigung vilshofen,0,1,0,14,P3,NEW_OR_LOW_DATA,unclassified,,,,UNCLEAR,Kein belastbarer Zielseitenhinweis im Query-Aggregat; manuelle Prüfung vor Seiten- oder Routingentscheidungen.,Mehr Daten sammeln; keine Routing- oder Redirect-Entscheidung treffen.
QUERY,Suchanfragen.csv,654,reinigungsbetrieb düsseldorf,0,1,0,14,P1,NEW_OR_LOW_DATA,duesseldorf-cleaning-hub,reinigung,duesseldorf,/duesseldorf/reinigung,LIKELY,"Semantische Intent-Übereinstimmung; Query- und Seitenexport bleiben getrennt, daher kein Query-zu-URL-Beweis.",Mehr Daten sammeln; keine Routing- oder Redirect-Entscheidung treffen.
QUERY,Suchanfragen.csv,655,sperrmüllentsorgung,0,1,0,14,P3,NEW_OR_LOW_DATA,unclassified,,,,UNCLEAR,Kein belastbarer Zielseitenhinweis im Query-Aggregat; manuelle Prüfung vor Seiten- oder Routingentscheidungen.,Mehr Daten sammeln; keine Routing- oder Redirect-Entscheidung treffen.
QUERY,Suchanfragen.csv,656,umzug einlagerung,0,1,0,14,P3,NEW_OR_LOW_DATA,unclassified,,,,UNCLEAR,Kein belastbarer Zielseitenhinweis im Query-Aggregat; manuelle Prüfung vor Seiten- oder Routingentscheidungen.,Mehr Daten sammeln; keine Routing- oder Redirect-Entscheidung treffen.
QUERY,Suchanfragen.csv,657,umzugsfirma finden,0,1,0,14,P3,NEW_OR_LOW_DATA,unclassified,,,,UNCLEAR,Kein belastbarer Zielseitenhinweis im Query-Aggregat; manuelle Prüfung vor Seiten- oder Routingentscheidungen.,Mehr Daten sammeln; keine Routing- oder Redirect-Entscheidung treffen.
QUERY,Suchanfragen.csv,658,windows,0,1,0,14,P3,NEW_OR_LOW_DATA,unclassified,,,,UNCLEAR,Kein belastbarer Zielseitenhinweis im Query-Aggregat; manuelle Prüfung vor Seiten- oder Routingentscheidungen.,Mehr Daten sammeln; keine Routing- oder Redirect-Entscheidung treffen.
QUERY,Suchanfragen.csv,659,reinigungsdienste für unternehmen,0,1,0,15,P3,NEW_OR_LOW_DATA,unclassified,,,,UNCLEAR,Kein belastbarer Zielseitenhinweis im Query-Aggregat; manuelle Prüfung vor Seiten- oder Routingentscheidungen.,Mehr Daten sammeln; keine Routing- oder Redirect-Entscheidung treffen.
QUERY,Suchanfragen.csv,660,relocation support,0,1,0,15,P3,NEW_OR_LOW_DATA,unclassified,,,,UNCLEAR,Kein belastbarer Zielseitenhinweis im Query-Aggregat; manuelle Prüfung vor Seiten- oder Routingentscheidungen.,Mehr Daten sammeln; keine Routing- oder Redirect-Entscheidung treffen.
QUERY,Suchanfragen.csv,661,fensterreinigung ratingen,0,1,0,16,P3,NEW_OR_LOW_DATA,unclassified,,,,UNCLEAR,Kein belastbarer Zielseitenhinweis im Query-Aggregat; manuelle Prüfung vor Seiten- oder Routingentscheidungen.,Mehr Daten sammeln; keine Routing- oder Redirect-Entscheidung treffen.
QUERY,Suchanfragen.csv,662,flexible reinigungsdienste,0,1,0,16,P3,NEW_OR_LOW_DATA,unclassified,,,,UNCLEAR,Kein belastbarer Zielseitenhinweis im Query-Aggregat; manuelle Prüfung vor Seiten- oder Routingentscheidungen.,Mehr Daten sammeln; keine Routing- oder Redirect-Entscheidung treffen.
QUERY,Suchanfragen.csv,663,haushaltsreinigung dusseldorf,0,1,0,16,P1,NEW_OR_LOW_DATA,duesseldorf-cleaning-hub,reinigung,duesseldorf,/duesseldorf/reinigung,LIKELY,"Semantische Intent-Übereinstimmung; Query- und Seitenexport bleiben getrennt, daher kein Query-zu-URL-Beweis.",Mehr Daten sammeln; keine Routing- oder Redirect-Entscheidung treffen.
QUERY,Suchanfragen.csv,664,fensterreinigung neuss,0,1,0,17,P3,NEW_OR_LOW_DATA,unclassified,,,,UNCLEAR,Kein belastbarer Zielseitenhinweis im Query-Aggregat; manuelle Prüfung vor Seiten- oder Routingentscheidungen.,Mehr Daten sammeln; keine Routing- oder Redirect-Entscheidung treffen.
QUERY,Suchanfragen.csv,665,anbieter von fassadenzugang,0,1,0,18,P3,NEW_OR_LOW_DATA,unclassified,,,,UNCLEAR,Kein belastbarer Zielseitenhinweis im Query-Aggregat; manuelle Prüfung vor Seiten- oder Routingentscheidungen.,Mehr Daten sammeln; keine Routing- oder Redirect-Entscheidung treffen.
QUERY,Suchanfragen.csv,666,umzugsservice in deggendorf,0,1,0,18,P3,NEW_OR_LOW_DATA,unclassified,,,,UNCLEAR,Kein belastbarer Zielseitenhinweis im Query-Aggregat; manuelle Prüfung vor Seiten- oder Routingentscheidungen.,Mehr Daten sammeln; keine Routing- oder Redirect-Entscheidung treffen.
QUERY,Suchanfragen.csv,667,commercial cleaning services near me,0,1,0,19,P3,NEW_OR_LOW_DATA,unclassified,,,,UNCLEAR,Kein belastbarer Zielseitenhinweis im Query-Aggregat; manuelle Prüfung vor Seiten- oder Routingentscheidungen.,Mehr Daten sammeln; keine Routing- oder Redirect-Entscheidung treffen.
QUERY,Suchanfragen.csv,668,ermitteln regensburg,0,1,0,19,P3,NEW_OR_LOW_DATA,unclassified,,,,UNCLEAR,Kein belastbarer Zielseitenhinweis im Query-Aggregat; manuelle Prüfung vor Seiten- oder Routingentscheidungen.,Mehr Daten sammeln; keine Routing- oder Redirect-Entscheidung treffen.
QUERY,Suchanfragen.csv,669,professionelle schlussdesinfektion düsseldorf,0,1,0,19,P3,NEW_OR_LOW_DATA,unclassified,,,,UNCLEAR,Kein belastbarer Zielseitenhinweis im Query-Aggregat; manuelle Prüfung vor Seiten- oder Routingentscheidungen.,Mehr Daten sammeln; keine Routing- oder Redirect-Entscheidung treffen.
QUERY,Suchanfragen.csv,670,entrümpelung neustadt an der donau,0,1,0,20,P3,NEW_OR_LOW_DATA,unclassified,,,,UNCLEAR,Kein belastbarer Zielseitenhinweis im Query-Aggregat; manuelle Prüfung vor Seiten- oder Routingentscheidungen.,Mehr Daten sammeln; keine Routing- oder Redirect-Entscheidung treffen.
QUERY,Suchanfragen.csv,671,flughafentransfer postbauer heng,0,1,0,22,P3,NEW_OR_LOW_DATA,unclassified,,,,UNCLEAR,Kein belastbarer Zielseitenhinweis im Query-Aggregat; manuelle Prüfung vor Seiten- oder Routingentscheidungen.,Mehr Daten sammeln; keine Routing- oder Redirect-Entscheidung treffen.
QUERY,Suchanfragen.csv,672,lagerhilfe regensburg,0,1,0,22,P3,NEW_OR_LOW_DATA,unclassified,,,,UNCLEAR,Kein belastbarer Zielseitenhinweis im Query-Aggregat; manuelle Prüfung vor Seiten- oder Routingentscheidungen.,Mehr Daten sammeln; keine Routing- oder Redirect-Entscheidung treffen.
QUERY,Suchanfragen.csv,673,angebot solarreinigung,0,1,0,23,P2,NEW_OR_LOW_DATA,cleaning-offer,reinigungsangebot,,/reinigungsfirma-angebot,LIKELY,"Semantische Intent-Übereinstimmung; Query- und Seitenexport bleiben getrennt, daher kein Query-zu-URL-Beweis.",Mehr Daten sammeln; keine Routing- oder Redirect-Entscheidung treffen.
QUERY,Suchanfragen.csv,674,sauberkeit dienst,0,1,0,24,P3,NEW_OR_LOW_DATA,unclassified,,,,UNCLEAR,Kein belastbarer Zielseitenhinweis im Query-Aggregat; manuelle Prüfung vor Seiten- oder Routingentscheidungen.,Mehr Daten sammeln; keine Routing- oder Redirect-Entscheidung treffen.
QUERY,Suchanfragen.csv,675,wohnungsauflösung,0,1,0,26,P3,NEW_OR_LOW_DATA,unclassified,,,,UNCLEAR,Kein belastbarer Zielseitenhinweis im Query-Aggregat; manuelle Prüfung vor Seiten- oder Routingentscheidungen.,Mehr Daten sammeln; keine Routing- oder Redirect-Entscheidung treffen.
QUERY,Suchanfragen.csv,676,reinigung münchen sofort termin,0,1,0,27,P3,NEW_OR_LOW_DATA,unclassified,,,,UNCLEAR,Kein belastbarer Zielseitenhinweis im Query-Aggregat; manuelle Prüfung vor Seiten- oder Routingentscheidungen.,Mehr Daten sammeln; keine Routing- oder Redirect-Entscheidung treffen.
QUERY,Suchanfragen.csv,677,reinigung sanitäranlagen düsseldorf,0,1,0,28,P1,NEW_OR_LOW_DATA,duesseldorf-cleaning-hub,reinigung,duesseldorf,/duesseldorf/reinigung,LIKELY,"Semantische Intent-Übereinstimmung; Query- und Seitenexport bleiben getrennt, daher kein Query-zu-URL-Beweis.",Mehr Daten sammeln; keine Routing- oder Redirect-Entscheidung treffen.
QUERY,Suchanfragen.csv,678,anfrage reinigungsfirma muster,0,1,0,30,P3,NEW_OR_LOW_DATA,unclassified,,,,UNCLEAR,Kein belastbarer Zielseitenhinweis im Query-Aggregat; manuelle Prüfung vor Seiten- oder Routingentscheidungen.,Mehr Daten sammeln; keine Routing- oder Redirect-Entscheidung treffen.
QUERY,Suchanfragen.csv,679,reinigung küchenabluft regensburg,0,1,0,30,P3,NEW_OR_LOW_DATA,unclassified,,,,UNCLEAR,Kein belastbarer Zielseitenhinweis im Query-Aggregat; manuelle Prüfung vor Seiten- oder Routingentscheidungen.,Mehr Daten sammeln; keine Routing- oder Redirect-Entscheidung treffen.
QUERY,Suchanfragen.csv,680,regelmäßige reinigungsdienste für gewerbeflächen in germersheim und umkreis,0,1,0,31,P3,NEW_OR_LOW_DATA,unclassified,,,,UNCLEAR,Kein belastbarer Zielseitenhinweis im Query-Aggregat; manuelle Prüfung vor Seiten- oder Routingentscheidungen.,Mehr Daten sammeln; keine Routing- oder Redirect-Entscheidung treffen.
QUERY,Suchanfragen.csv,681,unterhaltsreinigung und entrümpelung,0,1,0,31,P3,NEW_OR_LOW_DATA,unclassified,,,,UNCLEAR,Kein belastbarer Zielseitenhinweis im Query-Aggregat; manuelle Prüfung vor Seiten- oder Routingentscheidungen.,Mehr Daten sammeln; keine Routing- oder Redirect-Entscheidung treffen.
QUERY,Suchanfragen.csv,682,kindergartenreinigung düsseldorf,0,1,0,32,P1,NEW_OR_LOW_DATA,duesseldorf-cleaning-hub,reinigung,duesseldorf,/duesseldorf/reinigung,LIKELY,"Semantische Intent-Übereinstimmung; Query- und Seitenexport bleiben getrennt, daher kein Query-zu-URL-Beweis.",Mehr Daten sammeln; keine Routing- oder Redirect-Entscheidung treffen.
QUERY,Suchanfragen.csv,683,umzugsunternehmen bayern,0,1,0,32,P3,NEW_OR_LOW_DATA,unclassified,,,,UNCLEAR,Kein belastbarer Zielseitenhinweis im Query-Aggregat; manuelle Prüfung vor Seiten- oder Routingentscheidungen.,Mehr Daten sammeln; keine Routing- oder Redirect-Entscheidung treffen.
QUERY,Suchanfragen.csv,684,angebot für gebäudereinigung,0,1,0,33,P2,NEW_OR_LOW_DATA,cleaning-offer,reinigungsangebot,,/reinigungsfirma-angebot,LIKELY,"Semantische Intent-Übereinstimmung; Query- und Seitenexport bleiben getrennt, daher kein Query-zu-URL-Beweis.",Mehr Daten sammeln; keine Routing- oder Redirect-Entscheidung treffen.
QUERY,Suchanfragen.csv,685,entrümpelung neustadt an der waldnaab,0,1,0,34,P3,NEW_OR_LOW_DATA,unclassified,,,,UNCLEAR,Kein belastbarer Zielseitenhinweis im Query-Aggregat; manuelle Prüfung vor Seiten- oder Routingentscheidungen.,Mehr Daten sammeln; keine Routing- oder Redirect-Entscheidung treffen.
QUERY,Suchanfragen.csv,686,reinigung nach auflösung,0,1,0,34,P3,NEW_OR_LOW_DATA,unclassified,,,,UNCLEAR,Kein belastbarer Zielseitenhinweis im Query-Aggregat; manuelle Prüfung vor Seiten- oder Routingentscheidungen.,Mehr Daten sammeln; keine Routing- oder Redirect-Entscheidung treffen.
QUERY,Suchanfragen.csv,687,treppenhaus reinigen düsseldorf,0,1,0,34,P3,NEW_OR_LOW_DATA,unclassified,,,,UNCLEAR,Kein belastbarer Zielseitenhinweis im Query-Aggregat; manuelle Prüfung vor Seiten- oder Routingentscheidungen.,Mehr Daten sammeln; keine Routing- oder Redirect-Entscheidung treffen.
QUERY,Suchanfragen.csv,688,baustaub entfernen,0,1,0,35,P3,NEW_OR_LOW_DATA,unclassified,,,,UNCLEAR,Kein belastbarer Zielseitenhinweis im Query-Aggregat; manuelle Prüfung vor Seiten- oder Routingentscheidungen.,Mehr Daten sammeln; keine Routing- oder Redirect-Entscheidung treffen.
QUERY,Suchanfragen.csv,689,reinigung landshut,0,1,0,35,P3,NEW_OR_LOW_DATA,unclassified,,,,UNCLEAR,Kein belastbarer Zielseitenhinweis im Query-Aggregat; manuelle Prüfung vor Seiten- oder Routingentscheidungen.,Mehr Daten sammeln; keine Routing- oder Redirect-Entscheidung treffen.
QUERY,Suchanfragen.csv,690,umzugsunternehmen angebote,0,1,0,35,P3,NEW_OR_LOW_DATA,unclassified,,,,UNCLEAR,Kein belastbarer Zielseitenhinweis im Query-Aggregat; manuelle Prüfung vor Seiten- oder Routingentscheidungen.,Mehr Daten sammeln; keine Routing- oder Redirect-Entscheidung treffen.
QUERY,Suchanfragen.csv,691,bauendreinigung regensburg,0,1,0,36,P3,NEW_OR_LOW_DATA,unclassified,,,,UNCLEAR,Kein belastbarer Zielseitenhinweis im Query-Aggregat; manuelle Prüfung vor Seiten- oder Routingentscheidungen.,Mehr Daten sammeln; keine Routing- oder Redirect-Entscheidung treffen.
QUERY,Suchanfragen.csv,692,haushaltsreinigung,0,1,0,36,P3,NEW_OR_LOW_DATA,unclassified,,,,UNCLEAR,Kein belastbarer Zielseitenhinweis im Query-Aggregat; manuelle Prüfung vor Seiten- oder Routingentscheidungen.,Mehr Daten sammeln; keine Routing- oder Redirect-Entscheidung treffen.
QUERY,Suchanfragen.csv,693,apartment reinigung,0,1,0,37,P3,NEW_OR_LOW_DATA,unclassified,,,,UNCLEAR,Kein belastbarer Zielseitenhinweis im Query-Aggregat; manuelle Prüfung vor Seiten- oder Routingentscheidungen.,Mehr Daten sammeln; keine Routing- oder Redirect-Entscheidung treffen.
QUERY,Suchanfragen.csv,694,angebot unterhaltsreinigung,0,1,0,39,P2,NEW_OR_LOW_DATA,cleaning-offer,reinigungsangebot,,/reinigungsfirma-angebot,LIKELY,"Semantische Intent-Übereinstimmung; Query- und Seitenexport bleiben getrennt, daher kein Query-zu-URL-Beweis.",Mehr Daten sammeln; keine Routing- oder Redirect-Entscheidung treffen.
QUERY,Suchanfragen.csv,695,entrümpelungsbetrieb,0,1,0,39,P3,NEW_OR_LOW_DATA,unclassified,,,,UNCLEAR,Kein belastbarer Zielseitenhinweis im Query-Aggregat; manuelle Prüfung vor Seiten- oder Routingentscheidungen.,Mehr Daten sammeln; keine Routing- oder Redirect-Entscheidung treffen.
QUERY,Suchanfragen.csv,696,umzug nach tod des partners,0,1,0,39,P3,NEW_OR_LOW_DATA,unclassified,,,,UNCLEAR,Kein belastbarer Zielseitenhinweis im Query-Aggregat; manuelle Prüfung vor Seiten- oder Routingentscheidungen.,Mehr Daten sammeln; keine Routing- oder Redirect-Entscheidung treffen.
QUERY,Suchanfragen.csv,697,gebäudereinigung für hausverwaltungen,0,1,0,40,P3,NEW_OR_LOW_DATA,unclassified,,,,UNCLEAR,Kein belastbarer Zielseitenhinweis im Query-Aggregat; manuelle Prüfung vor Seiten- oder Routingentscheidungen.,Mehr Daten sammeln; keine Routing- oder Redirect-Entscheidung treffen.
QUERY,Suchanfragen.csv,698,leerfahrt,0,1,0,40,P3,NEW_OR_LOW_DATA,unclassified,,,,UNCLEAR,Kein belastbarer Zielseitenhinweis im Query-Aggregat; manuelle Prüfung vor Seiten- oder Routingentscheidungen.,Mehr Daten sammeln; keine Routing- oder Redirect-Entscheidung treffen.
QUERY,Suchanfragen.csv,699,professionelle umzugsreinigung,0,1,0,40,P3,NEW_OR_LOW_DATA,unclassified,,,,UNCLEAR,Kein belastbarer Zielseitenhinweis im Query-Aggregat; manuelle Prüfung vor Seiten- oder Routingentscheidungen.,Mehr Daten sammeln; keine Routing- oder Redirect-Entscheidung treffen.
QUERY,Suchanfragen.csv,700,reinigung unterbach,0,1,0,40,P3,NEW_OR_LOW_DATA,unclassified,,,,UNCLEAR,Kein belastbarer Zielseitenhinweis im Query-Aggregat; manuelle Prüfung vor Seiten- oder Routingentscheidungen.,Mehr Daten sammeln; keine Routing- oder Redirect-Entscheidung treffen.
QUERY,Suchanfragen.csv,701,reinigung wohnung,0,1,0,40,P3,NEW_OR_LOW_DATA,unclassified,,,,UNCLEAR,Kein belastbarer Zielseitenhinweis im Query-Aggregat; manuelle Prüfung vor Seiten- oder Routingentscheidungen.,Mehr Daten sammeln; keine Routing- oder Redirect-Entscheidung treffen.
QUERY,Suchanfragen.csv,702,ausstellungsfläche reinigung,0,1,0,41,P3,NEW_OR_LOW_DATA,unclassified,,,,UNCLEAR,Kein belastbarer Zielseitenhinweis im Query-Aggregat; manuelle Prüfung vor Seiten- oder Routingentscheidungen.,Mehr Daten sammeln; keine Routing- oder Redirect-Entscheidung treffen.
QUERY,Suchanfragen.csv,703,umzug nürnberg,0,1,0,43,P3,NEW_OR_LOW_DATA,unclassified,,,,UNCLEAR,Kein belastbarer Zielseitenhinweis im Query-Aggregat; manuelle Prüfung vor Seiten- oder Routingentscheidungen.,Mehr Daten sammeln; keine Routing- oder Redirect-Entscheidung treffen.
QUERY,Suchanfragen.csv,704,reinigung teublitz burglengenfeld maxhütte schwandorf,0,1,0,44,P3,NEW_OR_LOW_DATA,unclassified,,,,UNCLEAR,Kein belastbarer Zielseitenhinweis im Query-Aggregat; manuelle Prüfung vor Seiten- oder Routingentscheidungen.,Mehr Daten sammeln; keine Routing- oder Redirect-Entscheidung treffen.
QUERY,Suchanfragen.csv,705,firma für putzen,0,1,0,45,P3,NEW_OR_LOW_DATA,unclassified,,,,UNCLEAR,Kein belastbarer Zielseitenhinweis im Query-Aggregat; manuelle Prüfung vor Seiten- oder Routingentscheidungen.,Mehr Daten sammeln; keine Routing- oder Redirect-Entscheidung treffen.
QUERY,Suchanfragen.csv,706,ufer umzug,0,1,0,45,P3,NEW_OR_LOW_DATA,unclassified,,,,UNCLEAR,Kein belastbarer Zielseitenhinweis im Query-Aggregat; manuelle Prüfung vor Seiten- oder Routingentscheidungen.,Mehr Daten sammeln; keine Routing- oder Redirect-Entscheidung treffen.
QUERY,Suchanfragen.csv,707,umzugskosten nürnberg,0,1,0,45,P2,NEW_OR_LOW_DATA|MANUAL_REVIEW,moving-calculator-intent,moving,,/umzug-kosten-rechner,MANUAL_REVIEW,"Kosten-/Preisabsicht kann Rechner-, Ratgeber- oder Leistungsintention sein und erfordert manuelle Prüfung.",Mehr Daten sammeln; keine Routing- oder Redirect-Entscheidung treffen.
QUERY,Suchanfragen.csv,708,klaviertransport wipperfürth,0,1,0,46,P3,NEW_OR_LOW_DATA,unclassified,,,,UNCLEAR,Kein belastbarer Zielseitenhinweis im Query-Aggregat; manuelle Prüfung vor Seiten- oder Routingentscheidungen.,Mehr Daten sammeln; keine Routing- oder Redirect-Entscheidung treffen.
QUERY,Suchanfragen.csv,709,wohnungsputz umzug,0,1,0,46,P3,NEW_OR_LOW_DATA,unclassified,,,,UNCLEAR,Kein belastbarer Zielseitenhinweis im Query-Aggregat; manuelle Prüfung vor Seiten- oder Routingentscheidungen.,Mehr Daten sammeln; keine Routing- oder Redirect-Entscheidung treffen.
QUERY,Suchanfragen.csv,710,entrümpeln in münchen,0,1,0,47,P3,NEW_OR_LOW_DATA,unclassified,,,,UNCLEAR,Kein belastbarer Zielseitenhinweis im Query-Aggregat; manuelle Prüfung vor Seiten- oder Routingentscheidungen.,Mehr Daten sammeln; keine Routing- oder Redirect-Entscheidung treffen.
QUERY,Suchanfragen.csv,711,op reinigung düsseldorf,0,1,0,47,P1,NEW_OR_LOW_DATA,duesseldorf-cleaning-hub,reinigung,duesseldorf,/duesseldorf/reinigung,LIKELY,"Semantische Intent-Übereinstimmung; Query- und Seitenexport bleiben getrennt, daher kein Query-zu-URL-Beweis.",Mehr Daten sammeln; keine Routing- oder Redirect-Entscheidung treffen.
QUERY,Suchanfragen.csv,712,polsterreinigung regensburg,0,1,0,47,P3,NEW_OR_LOW_DATA,unclassified,,,,UNCLEAR,Kein belastbarer Zielseitenhinweis im Query-Aggregat; manuelle Prüfung vor Seiten- oder Routingentscheidungen.,Mehr Daten sammeln; keine Routing- oder Redirect-Entscheidung treffen.
QUERY,Suchanfragen.csv,713,reinigung vor ort,0,1,0,47,P3,NEW_OR_LOW_DATA,unclassified,,,,UNCLEAR,Kein belastbarer Zielseitenhinweis im Query-Aggregat; manuelle Prüfung vor Seiten- oder Routingentscheidungen.,Mehr Daten sammeln; keine Routing- oder Redirect-Entscheidung treffen.
QUERY,Suchanfragen.csv,714,reinigungsfirma für privathaushalte,0,1,0,47,P3,NEW_OR_LOW_DATA,unclassified,,,,UNCLEAR,Kein belastbarer Zielseitenhinweis im Query-Aggregat; manuelle Prüfung vor Seiten- oder Routingentscheidungen.,Mehr Daten sammeln; keine Routing- oder Redirect-Entscheidung treffen.
QUERY,Suchanfragen.csv,715,solarreinigung frankfurt,0,1,0,47,P3,NEW_OR_LOW_DATA,unclassified,,,,UNCLEAR,Kein belastbarer Zielseitenhinweis im Query-Aggregat; manuelle Prüfung vor Seiten- oder Routingentscheidungen.,Mehr Daten sammeln; keine Routing- oder Redirect-Entscheidung treffen.
QUERY,Suchanfragen.csv,716,endreinigung münchen,0,1,0,48,P3,NEW_OR_LOW_DATA,unclassified,,,,UNCLEAR,Kein belastbarer Zielseitenhinweis im Query-Aggregat; manuelle Prüfung vor Seiten- oder Routingentscheidungen.,Mehr Daten sammeln; keine Routing- oder Redirect-Entscheidung treffen.
QUERY,Suchanfragen.csv,717,expressanfrage,0,1,0,48,P3,NEW_OR_LOW_DATA,unclassified,,,,UNCLEAR,Kein belastbarer Zielseitenhinweis im Query-Aggregat; manuelle Prüfung vor Seiten- oder Routingentscheidungen.,Mehr Daten sammeln; keine Routing- oder Redirect-Entscheidung treffen.
QUERY,Suchanfragen.csv,718,reinifgungsfirma dauerhaft buchen,0,1,0,48,P3,NEW_OR_LOW_DATA,unclassified,,,,UNCLEAR,Kein belastbarer Zielseitenhinweis im Query-Aggregat; manuelle Prüfung vor Seiten- oder Routingentscheidungen.,Mehr Daten sammeln; keine Routing- oder Redirect-Entscheidung treffen.
QUERY,Suchanfragen.csv,719,umzug günstig,0,1,0,48,P3,NEW_OR_LOW_DATA,unclassified,,,,UNCLEAR,Kein belastbarer Zielseitenhinweis im Query-Aggregat; manuelle Prüfung vor Seiten- oder Routingentscheidungen.,Mehr Daten sammeln; keine Routing- oder Redirect-Entscheidung treffen.
QUERY,Suchanfragen.csv,720,baureinigung regensburg,0,1,0,50,P3,NEW_OR_LOW_DATA,unclassified,,,,UNCLEAR,Kein belastbarer Zielseitenhinweis im Query-Aggregat; manuelle Prüfung vor Seiten- oder Routingentscheidungen.,Mehr Daten sammeln; keine Routing- oder Redirect-Entscheidung treffen.
QUERY,Suchanfragen.csv,721,flexibles reinigungsunternehmen,0,1,0,50,P3,NEW_OR_LOW_DATA,unclassified,,,,UNCLEAR,Kein belastbarer Zielseitenhinweis im Query-Aggregat; manuelle Prüfung vor Seiten- oder Routingentscheidungen.,Mehr Daten sammeln; keine Routing- oder Redirect-Entscheidung treffen.
QUERY,Suchanfragen.csv,722,nikotin geruch neutralisieren düsseldorf,0,1,0,50,P3,NEW_OR_LOW_DATA,unclassified,,,,UNCLEAR,Kein belastbarer Zielseitenhinweis im Query-Aggregat; manuelle Prüfung vor Seiten- oder Routingentscheidungen.,Mehr Daten sammeln; keine Routing- oder Redirect-Entscheidung treffen.
QUERY,Suchanfragen.csv,723,energie düsseldorf,0,1,0,51,P3,NEW_OR_LOW_DATA,unclassified,,,,UNCLEAR,Kein belastbarer Zielseitenhinweis im Query-Aggregat; manuelle Prüfung vor Seiten- oder Routingentscheidungen.,Mehr Daten sammeln; keine Routing- oder Redirect-Entscheidung treffen.
QUERY,Suchanfragen.csv,724,property clean outs,0,1,0,51,P3,NEW_OR_LOW_DATA,unclassified,,,,UNCLEAR,Kein belastbarer Zielseitenhinweis im Query-Aggregat; manuelle Prüfung vor Seiten- oder Routingentscheidungen.,Mehr Daten sammeln; keine Routing- oder Redirect-Entscheidung treffen.
QUERY,Suchanfragen.csv,725,mülltonnenreinigung münchen,0,1,0,53,P3,NEW_OR_LOW_DATA,unclassified,,,,UNCLEAR,Kein belastbarer Zielseitenhinweis im Query-Aggregat; manuelle Prüfung vor Seiten- oder Routingentscheidungen.,Mehr Daten sammeln; keine Routing- oder Redirect-Entscheidung treffen.
QUERY,Suchanfragen.csv,726,cleanpany gebäudeservice,0,1,0,54,P3,NEW_OR_LOW_DATA,unclassified,,,,UNCLEAR,Kein belastbarer Zielseitenhinweis im Query-Aggregat; manuelle Prüfung vor Seiten- oder Routingentscheidungen.,Mehr Daten sammeln; keine Routing- oder Redirect-Entscheidung treffen.
QUERY,Suchanfragen.csv,727,angebote reinigung,0,1,0,56,P2,NEW_OR_LOW_DATA,cleaning-offer,reinigungsangebot,,/reinigungsfirma-angebot,LIKELY,"Semantische Intent-Übereinstimmung; Query- und Seitenexport bleiben getrennt, daher kein Query-zu-URL-Beweis.",Mehr Daten sammeln; keine Routing- oder Redirect-Entscheidung treffen.
QUERY,Suchanfragen.csv,728,angebotsschreiben für gebäudereinigung,0,1,0,57,P2,NEW_OR_LOW_DATA,cleaning-offer,reinigungsangebot,,/reinigungsfirma-angebot,LIKELY,"Semantische Intent-Übereinstimmung; Query- und Seitenexport bleiben getrennt, daher kein Query-zu-URL-Beweis.",Mehr Daten sammeln; keine Routing- oder Redirect-Entscheidung treffen.
QUERY,Suchanfragen.csv,729,umzug augsburg,0,1,0,58,P3,NEW_OR_LOW_DATA,unclassified,,,,UNCLEAR,Kein belastbarer Zielseitenhinweis im Query-Aggregat; manuelle Prüfung vor Seiten- oder Routingentscheidungen.,Mehr Daten sammeln; keine Routing- oder Redirect-Entscheidung treffen.
QUERY,Suchanfragen.csv,730,kosten umzugsservice,0,1,0,59,P2,NEW_OR_LOW_DATA|MANUAL_REVIEW,moving-calculator-intent,moving,,/umzug-kosten-rechner,MANUAL_REVIEW,"Kosten-/Preisabsicht kann Rechner-, Ratgeber- oder Leistungsintention sein und erfordert manuelle Prüfung.",Mehr Daten sammeln; keine Routing- oder Redirect-Entscheidung treffen.
QUERY,Suchanfragen.csv,731,angebotsschreiben gebaudereinigung,0,1,0,60,P2,NEW_OR_LOW_DATA,cleaning-offer,reinigungsangebot,,/reinigungsfirma-angebot,LIKELY,"Semantische Intent-Übereinstimmung; Query- und Seitenexport bleiben getrennt, daher kein Query-zu-URL-Beweis.",Mehr Daten sammeln; keine Routing- oder Redirect-Entscheidung treffen.
QUERY,Suchanfragen.csv,732,lkw leerfahrten nutzen,0,1,0,61,P3,NEW_OR_LOW_DATA,unclassified,,,,UNCLEAR,Kein belastbarer Zielseitenhinweis im Query-Aggregat; manuelle Prüfung vor Seiten- oder Routingentscheidungen.,Mehr Daten sammeln; keine Routing- oder Redirect-Entscheidung treffen.
QUERY,Suchanfragen.csv,733,spezialist für büroreinigung düsseldorf,0,1,0,61,P1,NEW_OR_LOW_DATA,duesseldorf-office-cleaning,bueroreinigung,duesseldorf,/duesseldorf/bueroreinigung,LIKELY,"Semantische Intent-Übereinstimmung; Query- und Seitenexport bleiben getrennt, daher kein Query-zu-URL-Beweis.",Mehr Daten sammeln; keine Routing- oder Redirect-Entscheidung treffen.
QUERY,Suchanfragen.csv,734,umfangreiche grundreinigungsarbeiten in bürogebäuden in gummersbach,0,1,0,64,P3,NEW_OR_LOW_DATA,unclassified,,,,UNCLEAR,Kein belastbarer Zielseitenhinweis im Query-Aggregat; manuelle Prüfung vor Seiten- oder Routingentscheidungen.,Mehr Daten sammeln; keine Routing- oder Redirect-Entscheidung treffen.
QUERY,Suchanfragen.csv,735,umzug bayern,0,1,0,64,P3,NEW_OR_LOW_DATA,unclassified,,,,UNCLEAR,Kein belastbarer Zielseitenhinweis im Query-Aggregat; manuelle Prüfung vor Seiten- oder Routingentscheidungen.,Mehr Daten sammeln; keine Routing- oder Redirect-Entscheidung treffen.
QUERY,Suchanfragen.csv,736,umzugsfirma augsburg,0,1,0,65,P3,NEW_OR_LOW_DATA,unclassified,,,,UNCLEAR,Kein belastbarer Zielseitenhinweis im Query-Aggregat; manuelle Prüfung vor Seiten- oder Routingentscheidungen.,Mehr Daten sammeln; keine Routing- oder Redirect-Entscheidung treffen.
QUERY,Suchanfragen.csv,737,hotelreinigung regensburg,0,1,0,66,P3,NEW_OR_LOW_DATA,unclassified,,,,UNCLEAR,Kein belastbarer Zielseitenhinweis im Query-Aggregat; manuelle Prüfung vor Seiten- oder Routingentscheidungen.,Mehr Daten sammeln; keine Routing- oder Redirect-Entscheidung treffen.
QUERY,Suchanfragen.csv,738,möbeltransport regensburg,0,1,0,66,P3,NEW_OR_LOW_DATA,unclassified,,,,UNCLEAR,Kein belastbarer Zielseitenhinweis im Query-Aggregat; manuelle Prüfung vor Seiten- oder Routingentscheidungen.,Mehr Daten sammeln; keine Routing- oder Redirect-Entscheidung treffen.
QUERY,Suchanfragen.csv,739,raumpflege,0,1,0,66,P3,NEW_OR_LOW_DATA,unclassified,,,,UNCLEAR,Kein belastbarer Zielseitenhinweis im Query-Aggregat; manuelle Prüfung vor Seiten- oder Routingentscheidungen.,Mehr Daten sammeln; keine Routing- oder Redirect-Entscheidung treffen.
QUERY,Suchanfragen.csv,740,reservierung mit schlüsselübergabe,0,1,0,66,P3,NEW_OR_LOW_DATA,unclassified,,,,UNCLEAR,Kein belastbarer Zielseitenhinweis im Query-Aggregat; manuelle Prüfung vor Seiten- oder Routingentscheidungen.,Mehr Daten sammeln; keine Routing- oder Redirect-Entscheidung treffen.
QUERY,Suchanfragen.csv,741,fensterreinigung düsseldorf location trade,0,1,0,69,P1,NEW_OR_LOW_DATA,duesseldorf-window-cleaning,fensterreinigung,duesseldorf,/duesseldorf/fensterreinigung,LIKELY,"Semantische Intent-Übereinstimmung; Query- und Seitenexport bleiben getrennt, daher kein Query-zu-URL-Beweis.",Mehr Daten sammeln; keine Routing- oder Redirect-Entscheidung treffen.
QUERY,Suchanfragen.csv,742,reinigungsdienst mit rechnung,0,1,0,73,P3,NEW_OR_LOW_DATA,unclassified,,,,UNCLEAR,Kein belastbarer Zielseitenhinweis im Query-Aggregat; manuelle Prüfung vor Seiten- oder Routingentscheidungen.,Mehr Daten sammeln; keine Routing- oder Redirect-Entscheidung treffen.
QUERY,Suchanfragen.csv,743,ozonbehandlung wohnung düsseldorf,0,1,0,75,P3,NEW_OR_LOW_DATA,unclassified,,,,UNCLEAR,Kein belastbarer Zielseitenhinweis im Query-Aggregat; manuelle Prüfung vor Seiten- oder Routingentscheidungen.,Mehr Daten sammeln; keine Routing- oder Redirect-Entscheidung treffen.
QUERY,Suchanfragen.csv,744,professionelles reinigungsunternehmen im kreis segeberg,0,1,0,76,P3,NEW_OR_LOW_DATA,unclassified,,,,UNCLEAR,Kein belastbarer Zielseitenhinweis im Query-Aggregat; manuelle Prüfung vor Seiten- oder Routingentscheidungen.,Mehr Daten sammeln; keine Routing- oder Redirect-Entscheidung treffen.
QUERY,Suchanfragen.csv,745,preiswerter umzugs- und reinigungsservice in bad honnef,0,1,0,77,P2,NEW_OR_LOW_DATA|MANUAL_REVIEW,mixed-calculator-intent,mixed,,/rechner,MANUAL_REVIEW,"Kosten-/Preisabsicht kann Rechner-, Ratgeber- oder Leistungsintention sein und erfordert manuelle Prüfung.",Mehr Daten sammeln; keine Routing- oder Redirect-Entscheidung treffen.
QUERY,Suchanfragen.csv,746,desinfektion haus düsseldorf,0,1,0,78,P3,NEW_OR_LOW_DATA,unclassified,,,,UNCLEAR,Kein belastbarer Zielseitenhinweis im Query-Aggregat; manuelle Prüfung vor Seiten- oder Routingentscheidungen.,Mehr Daten sammeln; keine Routing- oder Redirect-Entscheidung treffen.
QUERY,Suchanfragen.csv,747,landshut reinigung,0,1,0,80,P3,NEW_OR_LOW_DATA,unclassified,,,,UNCLEAR,Kein belastbarer Zielseitenhinweis im Query-Aggregat; manuelle Prüfung vor Seiten- oder Routingentscheidungen.,Mehr Daten sammeln; keine Routing- oder Redirect-Entscheidung treffen.
QUERY,Suchanfragen.csv,748,gastronomiereinigung regensburg,0,1,0,81,P3,NEW_OR_LOW_DATA,unclassified,,,,UNCLEAR,Kein belastbarer Zielseitenhinweis im Query-Aggregat; manuelle Prüfung vor Seiten- oder Routingentscheidungen.,Mehr Daten sammeln; keine Routing- oder Redirect-Entscheidung treffen.
QUERY,Suchanfragen.csv,749,reinigungsunternehmen landshut,0,1,0,81,P3,NEW_OR_LOW_DATA,unclassified,,,,UNCLEAR,Kein belastbarer Zielseitenhinweis im Query-Aggregat; manuelle Prüfung vor Seiten- oder Routingentscheidungen.,Mehr Daten sammeln; keine Routing- oder Redirect-Entscheidung treffen.
QUERY,Suchanfragen.csv,750,gebaeudereinigung regensburg,0,1,0,85,P3,NEW_OR_LOW_DATA,unclassified,,,,UNCLEAR,Kein belastbarer Zielseitenhinweis im Query-Aggregat; manuelle Prüfung vor Seiten- oder Routingentscheidungen.,Mehr Daten sammeln; keine Routing- oder Redirect-Entscheidung treffen.
QUERY,Suchanfragen.csv,751,gebäudereinigung oberpfalz,0,1,0,85,P3,NEW_OR_LOW_DATA,unclassified,,,,UNCLEAR,Kein belastbarer Zielseitenhinweis im Query-Aggregat; manuelle Prüfung vor Seiten- oder Routingentscheidungen.,Mehr Daten sammeln; keine Routing- oder Redirect-Entscheidung treffen.
QUERY,Suchanfragen.csv,752,wpc terrassenreinigung düsseldorf,0,1,0,85,P1,NEW_OR_LOW_DATA,duesseldorf-cleaning-hub,reinigung,duesseldorf,/duesseldorf/reinigung,LIKELY,"Semantische Intent-Übereinstimmung; Query- und Seitenexport bleiben getrennt, daher kein Query-zu-URL-Beweis.",Mehr Daten sammeln; keine Routing- oder Redirect-Entscheidung treffen.
QUERY,Suchanfragen.csv,753,house clearance service,0,1,0,86,P3,NEW_OR_LOW_DATA,unclassified,,,,UNCLEAR,Kein belastbarer Zielseitenhinweis im Query-Aggregat; manuelle Prüfung vor Seiten- oder Routingentscheidungen.,Mehr Daten sammeln; keine Routing- oder Redirect-Entscheidung treffen.
QUERY,Suchanfragen.csv,754,fassadenreinigung regensburg,0,1,0,89,P3,NEW_OR_LOW_DATA,unclassified,,,,UNCLEAR,Kein belastbarer Zielseitenhinweis im Query-Aggregat; manuelle Prüfung vor Seiten- oder Routingentscheidungen.,Mehr Daten sammeln; keine Routing- oder Redirect-Entscheidung treffen.
QUERY,Suchanfragen.csv,755,umzug barzahlung,0,1,0,89,P3,NEW_OR_LOW_DATA,unclassified,,,,UNCLEAR,Kein belastbarer Zielseitenhinweis im Query-Aggregat; manuelle Prüfung vor Seiten- oder Routingentscheidungen.,Mehr Daten sammeln; keine Routing- oder Redirect-Entscheidung treffen.
QUERY,Suchanfragen.csv,756,desinfektion privatkunden düsseldorf,0,1,0,90,P3,NEW_OR_LOW_DATA,unclassified,,,,UNCLEAR,Kein belastbarer Zielseitenhinweis im Query-Aggregat; manuelle Prüfung vor Seiten- oder Routingentscheidungen.,Mehr Daten sammeln; keine Routing- oder Redirect-Entscheidung treffen.
QUERY,Suchanfragen.csv,757,fernumzug kosten,0,1,0,90,P2,NEW_OR_LOW_DATA|MANUAL_REVIEW,moving-calculator-intent,moving,,/umzug-kosten-rechner,MANUAL_REVIEW,"Kosten-/Preisabsicht kann Rechner-, Ratgeber- oder Leistungsintention sein und erfordert manuelle Prüfung.",Mehr Daten sammeln; keine Routing- oder Redirect-Entscheidung treffen.
QUERY,Suchanfragen.csv,758,wohnung entrümpeln regensburg,0,1,0,90,P3,NEW_OR_LOW_DATA,unclassified,,,,UNCLEAR,Kein belastbarer Zielseitenhinweis im Query-Aggregat; manuelle Prüfung vor Seiten- oder Routingentscheidungen.,Mehr Daten sammeln; keine Routing- oder Redirect-Entscheidung treffen.
QUERY,Suchanfragen.csv,759,reinigung nach entrümpelung ebersberg,0,1,0,91,P3,NEW_OR_LOW_DATA,unclassified,,,,UNCLEAR,Kein belastbarer Zielseitenhinweis im Query-Aggregat; manuelle Prüfung vor Seiten- oder Routingentscheidungen.,Mehr Daten sammeln; keine Routing- oder Redirect-Entscheidung treffen.
QUERY,Suchanfragen.csv,760,reinigungsfirma generic trades trade,0,1,0,91,P3,NEW_OR_LOW_DATA,unclassified,,,,UNCLEAR,Kein belastbarer Zielseitenhinweis im Query-Aggregat; manuelle Prüfung vor Seiten- oder Routingentscheidungen.,Mehr Daten sammeln; keine Routing- oder Redirect-Entscheidung treffen.
QUERY,Suchanfragen.csv,761,komplettlösung umzugsunternehmen,0,1,0,93,P3,NEW_OR_LOW_DATA,unclassified,,,,UNCLEAR,Kein belastbarer Zielseitenhinweis im Query-Aggregat; manuelle Prüfung vor Seiten- oder Routingentscheidungen.,Mehr Daten sammeln; keine Routing- oder Redirect-Entscheidung treffen.
QUERY,Suchanfragen.csv,762,professionelle desinfektion düsseldorf,0,1,0,93,P3,NEW_OR_LOW_DATA,unclassified,,,,UNCLEAR,Kein belastbarer Zielseitenhinweis im Query-Aggregat; manuelle Prüfung vor Seiten- oder Routingentscheidungen.,Mehr Daten sammeln; keine Routing- oder Redirect-Entscheidung treffen.
QUERY,Suchanfragen.csv,763,desinfektion düsseldorf köln ruhrgebiet,0,1,0,94,P3,NEW_OR_LOW_DATA,unclassified,,,,UNCLEAR,Kein belastbarer Zielseitenhinweis im Query-Aggregat; manuelle Prüfung vor Seiten- oder Routingentscheidungen.,Mehr Daten sammeln; keine Routing- oder Redirect-Entscheidung treffen.
QUERY,Suchanfragen.csv,764,gebäudereinigung büro düsseldorf,0,1,0,94,P1,NEW_OR_LOW_DATA,duesseldorf-cleaning-hub,reinigung,duesseldorf,/duesseldorf/reinigung,LIKELY,"Semantische Intent-Übereinstimmung; Query- und Seitenexport bleiben getrennt, daher kein Query-zu-URL-Beweis.",Mehr Daten sammeln; keine Routing- oder Redirect-Entscheidung treffen.
QUERY,Suchanfragen.csv,765,reinigung kommune,0,1,0,94,P3,NEW_OR_LOW_DATA,unclassified,,,,UNCLEAR,Kein belastbarer Zielseitenhinweis im Query-Aggregat; manuelle Prüfung vor Seiten- oder Routingentscheidungen.,Mehr Daten sammeln; keine Routing- oder Redirect-Entscheidung treffen.
QUERY,Suchanfragen.csv,766,düsseldorf gebäudereinigung büro,0,1,0,95,P1,NEW_OR_LOW_DATA,duesseldorf-cleaning-hub,reinigung,duesseldorf,/duesseldorf/reinigung,LIKELY,"Semantische Intent-Übereinstimmung; Query- und Seitenexport bleiben getrennt, daher kein Query-zu-URL-Beweis.",Mehr Daten sammeln; keine Routing- oder Redirect-Entscheidung treffen.
QUERY,Suchanfragen.csv,767,reinigung arbeitskleidung regensburg,0,1,0,95,P3,NEW_OR_LOW_DATA,unclassified,,,,UNCLEAR,Kein belastbarer Zielseitenhinweis im Query-Aggregat; manuelle Prüfung vor Seiten- oder Routingentscheidungen.,Mehr Daten sammeln; keine Routing- oder Redirect-Entscheidung treffen.
QUERY,Suchanfragen.csv,768,reinigung hausverwaltungen,0,1,0,95,P3,NEW_OR_LOW_DATA,unclassified,,,,UNCLEAR,Kein belastbarer Zielseitenhinweis im Query-Aggregat; manuelle Prüfung vor Seiten- oder Routingentscheidungen.,Mehr Daten sammeln; keine Routing- oder Redirect-Entscheidung treffen.
QUERY,Suchanfragen.csv,769,reinigungsfirma bad segeberg,0,1,0,95,P3,NEW_OR_LOW_DATA,unclassified,,,,UNCLEAR,Kein belastbarer Zielseitenhinweis im Query-Aggregat; manuelle Prüfung vor Seiten- oder Routingentscheidungen.,Mehr Daten sammeln; keine Routing- oder Redirect-Entscheidung treffen.
QUERY,Suchanfragen.csv,770,sterbefall wohnungsauflösung,0,1,0,96,P3,NEW_OR_LOW_DATA,unclassified,,,,UNCLEAR,Kein belastbarer Zielseitenhinweis im Query-Aggregat; manuelle Prüfung vor Seiten- oder Routingentscheidungen.,Mehr Daten sammeln; keine Routing- oder Redirect-Entscheidung treffen.
QUERY,Suchanfragen.csv,771,umzugskosten,0,1,0,97,P2,NEW_OR_LOW_DATA|MANUAL_REVIEW,moving-calculator-intent,moving,,/umzug-kosten-rechner,MANUAL_REVIEW,"Kosten-/Preisabsicht kann Rechner-, Ratgeber- oder Leistungsintention sein und erfordert manuelle Prüfung.",Mehr Daten sammeln; keine Routing- oder Redirect-Entscheidung treffen.
QUERY,Suchanfragen.csv,772,entrümpelung vohenstrauss,0,1,0,98,P3,NEW_OR_LOW_DATA,unclassified,,,,UNCLEAR,Kein belastbarer Zielseitenhinweis im Query-Aggregat; manuelle Prüfung vor Seiten- oder Routingentscheidungen.,Mehr Daten sammeln; keine Routing- oder Redirect-Entscheidung treffen.
QUERY,Suchanfragen.csv,773,wohnung auflösen bei todesfall,0,1,0,98,P3,NEW_OR_LOW_DATA,unclassified,,,,UNCLEAR,Kein belastbarer Zielseitenhinweis im Query-Aggregat; manuelle Prüfung vor Seiten- oder Routingentscheidungen.,Mehr Daten sammeln; keine Routing- oder Redirect-Entscheidung treffen.
QUERY,Suchanfragen.csv,774,entrümpelung waldfeucht,0,1,0,99,P3,NEW_OR_LOW_DATA,unclassified,,,,UNCLEAR,Kein belastbarer Zielseitenhinweis im Query-Aggregat; manuelle Prüfung vor Seiten- oder Routingentscheidungen.,Mehr Daten sammeln; keine Routing- oder Redirect-Entscheidung treffen.
QUERY,Suchanfragen.csv,775,haushaltsauflösung im todesfall,0,1,0,99,P3,NEW_OR_LOW_DATA,unclassified,,,,UNCLEAR,Kein belastbarer Zielseitenhinweis im Query-Aggregat; manuelle Prüfung vor Seiten- oder Routingentscheidungen.,Mehr Daten sammeln; keine Routing- oder Redirect-Entscheidung treffen.
QUERY,Suchanfragen.csv,776,todesfall haushaltsauflösung,0,1,0,99,P3,NEW_OR_LOW_DATA,unclassified,,,,UNCLEAR,Kein belastbarer Zielseitenhinweis im Query-Aggregat; manuelle Prüfung vor Seiten- oder Routingentscheidungen.,Mehr Daten sammeln; keine Routing- oder Redirect-Entscheidung treffen.
QUERY,Suchanfragen.csv,777,wer muss die wohnung eines verstorbenen räumen,0,1,0,99,P3,NEW_OR_LOW_DATA,unclassified,,,,UNCLEAR,Kein belastbarer Zielseitenhinweis im Query-Aggregat; manuelle Prüfung vor Seiten- oder Routingentscheidungen.,Mehr Daten sammeln; keine Routing- oder Redirect-Entscheidung treffen.
QUERY,Suchanfragen.csv,778,wohnungsauflösung oberpfalz,0,1,0,100,P3,NEW_OR_LOW_DATA,unclassified,,,,UNCLEAR,Kein belastbarer Zielseitenhinweis im Query-Aggregat; manuelle Prüfung vor Seiten- oder Routingentscheidungen.,Mehr Daten sammeln; keine Routing- oder Redirect-Entscheidung treffen.
QUERY,Suchanfragen.csv,779,wohnungsräumung nach todesfall,0,1,0,100,P3,NEW_OR_LOW_DATA,unclassified,,,,UNCLEAR,Kein belastbarer Zielseitenhinweis im Query-Aggregat; manuelle Prüfung vor Seiten- oder Routingentscheidungen.,Mehr Daten sammeln; keine Routing- oder Redirect-Entscheidung treffen.
