aggregateType,sourceFile,sourceRow,pageUrl,path,clicks,impressions,ctrPercent,position,priority,classifications,cluster,service,city,relatedPrimaryRouteForReview,evidenceBoundary,recommendedAction
PAGE,Seiten.csv,2,https://www.floxant.de/duesseldorf/reinigung,/duesseldorf/reinigung,19,6783,0.28,6.58,P0,PROTECT_WINNER|HIGH_IMPRESSIONS_LOW_CTR|POSITION_6_TO_10_LOW_CTR,duesseldorf-cleaning-hub,reinigung,duesseldorf,/duesseldorf/reinigung,Nur Seitenaggregat; keine Query-Zuordnung und keine Redirect-Ableitung.,URL und Hauptsignale schützen; höchstens einen kontrollierten Snippet-Test über mindestens 28 Tage messen.
PAGE,Seiten.csv,3,https://www.floxant.de/,/,8,818,0.98,7.53,P3,PROTECT_WINNER|HIGH_IMPRESSIONS_LOW_CTR|POSITION_6_TO_10_LOW_CTR,unclassified,,,,Nur Seitenaggregat; keine Query-Zuordnung und keine Redirect-Ableitung.,URL und Hauptsignale schützen; höchstens einen kontrollierten Snippet-Test über mindestens 28 Tage messen.
PAGE,Seiten.csv,4,https://www.floxant.de/klaviertransport-ergoldsbach,/klaviertransport-ergoldsbach,3,7,42.86,1.14,P3,PROTECT_WINNER|NEW_OR_LOW_DATA,unclassified,,,,Nur Seitenaggregat; keine Query-Zuordnung und keine Redirect-Ableitung.,"Gewinner-Signale schützen; keine radikale URL-, Canonical- oder Inhaltsänderung."
PAGE,Seiten.csv,5,https://www.floxant.de/duesseldorf,/duesseldorf,2,773,0.26,44.88,P3,HIGH_IMPRESSIONS_LOW_CTR,unclassified,,,,Nur Seitenaggregat; keine Query-Zuordnung und keine Redirect-Ableitung.,"Title, Description und erste sichtbare Aussage kontrolliert prüfen; keine Query-zu-URL-Zuordnung behaupten."
PAGE,Seiten.csv,6,https://www.floxant.de/regensburg/reinigung,/regensburg/reinigung,2,556,0.36,38.37,P3,HIGH_IMPRESSIONS_LOW_CTR,unclassified,,,,Nur Seitenaggregat; keine Query-Zuordnung und keine Redirect-Ableitung.,"Title, Description und erste sichtbare Aussage kontrolliert prüfen; keine Query-zu-URL-Zuordnung behaupten."
PAGE,Seiten.csv,7,https://www.floxant.de/en,/en,2,43,4.65,10.65,P3,POSITION_11_TO_20,unclassified,,,,Nur Seitenaggregat; keine Query-Zuordnung und keine Redirect-Ableitung.,Intent-spezifischen Inhalt und interne Links prüfen; keine Synonymseite erzeugen.
PAGE,Seiten.csv,8,https://www.floxant.de/klaviertransport-mainburg,/klaviertransport-mainburg,2,4,50,3,P3,NEW_OR_LOW_DATA,unclassified,,,,Nur Seitenaggregat; keine Query-Zuordnung und keine Redirect-Ableitung.,Mehr Daten sammeln; keine Routing- oder Redirect-Entscheidung treffen.
PAGE,Seiten.csv,9,https://www.floxant.de/klaviertransport-regenstauf,/klaviertransport-regenstauf,2,3,66.67,3,P3,NEW_OR_LOW_DATA,unclassified,,,,Nur Seitenaggregat; keine Query-Zuordnung und keine Redirect-Ableitung.,Mehr Daten sammeln; keine Routing- oder Redirect-Entscheidung treffen.
PAGE,Seiten.csv,10,https://www.floxant.de/duesseldorf/praxisreinigung,/duesseldorf/praxisreinigung,1,356,0.28,25.01,P1,HIGH_IMPRESSIONS_LOW_CTR|WEAK_SERVICE_PAGE,duesseldorf-practice-cleaning,praxisreinigung,duesseldorf,/duesseldorf/praxisreinigung,Nur Seitenaggregat; keine Query-Zuordnung und keine Redirect-Ableitung.,"Title, Description und erste sichtbare Aussage kontrolliert prüfen; keine Query-zu-URL-Zuordnung behaupten."
PAGE,Seiten.csv,11,https://www.floxant.de/regensburg/entruempelung,/regensburg/entruempelung,1,227,0.44,69.2,P2,HIGH_IMPRESSIONS_LOW_CTR|WEAK_SERVICE_PAGE,regensburg-clearance,entruempelung,regensburg,/regensburg/entruempelung,Nur Seitenaggregat; keine Query-Zuordnung und keine Redirect-Ableitung.,"Title, Description und erste sichtbare Aussage kontrolliert prüfen; keine Query-zu-URL-Zuordnung behaupten."
PAGE,Seiten.csv,12,https://www.floxant.de/klaviertransport-regensburg,/klaviertransport-regensburg,1,52,1.92,7.81,P3,MANUAL_REVIEW,unclassified,,,,Nur Seitenaggregat; keine Query-Zuordnung und keine Redirect-Ableitung.,Seite manuell prüfen.
PAGE,Seiten.csv,13,https://www.floxant.de/regensburg,/regensburg,1,49,2.04,7.59,P3,MANUAL_REVIEW,unclassified,,,,Nur Seitenaggregat; keine Query-Zuordnung und keine Redirect-Ableitung.,Seite manuell prüfen.
PAGE,Seiten.csv,14,https://www.floxant.de/impressum,/impressum,1,23,4.35,4.17,P3,MANUAL_REVIEW,unclassified,,,,Nur Seitenaggregat; keine Query-Zuordnung und keine Redirect-Ableitung.,Seite manuell prüfen.
PAGE,Seiten.csv,15,https://www.floxant.de/studentenumzug-roding,/studentenumzug-roding,1,6,16.67,6,P3,NEW_OR_LOW_DATA,unclassified,,,,Nur Seitenaggregat; keine Query-Zuordnung und keine Redirect-Ableitung.,Mehr Daten sammeln; keine Routing- oder Redirect-Entscheidung treffen.
PAGE,Seiten.csv,16,https://www.floxant.de/klaviertransport-amberg,/klaviertransport-amberg,1,6,16.67,7.83,P3,NEW_OR_LOW_DATA,unclassified,,,,Nur Seitenaggregat; keine Query-Zuordnung und keine Redirect-Ableitung.,Mehr Daten sammeln; keine Routing- oder Redirect-Entscheidung treffen.
PAGE,Seiten.csv,17,https://www.floxant.de/entruempelung-kosten-regensburg,/entruempelung-kosten-regensburg,1,5,20,3,P3,NEW_OR_LOW_DATA,unclassified,,,,Nur Seitenaggregat; keine Query-Zuordnung und keine Redirect-Ableitung.,Mehr Daten sammeln; keine Routing- oder Redirect-Entscheidung treffen.
PAGE,Seiten.csv,18,https://www.floxant.de/klaviertransport-osterhofen,/klaviertransport-osterhofen,1,4,25,2.5,P3,NEW_OR_LOW_DATA,unclassified,,,,Nur Seitenaggregat; keine Query-Zuordnung und keine Redirect-Ableitung.,Mehr Daten sammeln; keine Routing- oder Redirect-Entscheidung treffen.
PAGE,Seiten.csv,19,https://www.floxant.de/klaviertransport-neumarkt,/klaviertransport-neumarkt,1,4,25,3.25,P3,NEW_OR_LOW_DATA,unclassified,,,,Nur Seitenaggregat; keine Query-Zuordnung und keine Redirect-Ableitung.,Mehr Daten sammeln; keine Routing- oder Redirect-Entscheidung treffen.
PAGE,Seiten.csv,20,https://www.floxant.de/reinigung-bernhardswald,/reinigung-bernhardswald,1,4,25,4.25,P3,NEW_OR_LOW_DATA,unclassified,,,,Nur Seitenaggregat; keine Query-Zuordnung und keine Redirect-Ableitung.,Mehr Daten sammeln; keine Routing- oder Redirect-Entscheidung treffen.
PAGE,Seiten.csv,21,https://www.floxant.de/en/koeln/cleaning,/en/koeln/cleaning,1,4,25,9,P3,NEW_OR_LOW_DATA,unclassified,,,,Nur Seitenaggregat; keine Query-Zuordnung und keine Redirect-Ableitung.,Mehr Daten sammeln; keine Routing- oder Redirect-Entscheidung treffen.
PAGE,Seiten.csv,22,https://www.floxant.de/blog/grundreinigung-duesseldorf-angebot-kosten-pruefen,/blog/grundreinigung-duesseldorf-angebot-kosten-pruefen,1,4,25,13,P3,NEW_OR_LOW_DATA,unclassified,,,,Nur Seitenaggregat; keine Query-Zuordnung und keine Redirect-Ableitung.,Mehr Daten sammeln; keine Routing- oder Redirect-Entscheidung treffen.
PAGE,Seiten.csv,23,https://www.floxant.de/rechner,/rechner,1,4,25,22.75,P1,NEW_OR_LOW_DATA,calculator-hub,calculator,,/rechner,Nur Seitenaggregat; keine Query-Zuordnung und keine Redirect-Ableitung.,Mehr Daten sammeln; keine Routing- oder Redirect-Entscheidung treffen.
PAGE,Seiten.csv,24,https://www.floxant.de/umzug-geisenfeld,/umzug-geisenfeld,1,3,33.33,2.67,P3,NEW_OR_LOW_DATA,unclassified,,,,Nur Seitenaggregat; keine Query-Zuordnung und keine Redirect-Ableitung.,Mehr Daten sammeln; keine Routing- oder Redirect-Entscheidung treffen.
PAGE,Seiten.csv,25,https://www.floxant.de/entruempelung-starnberg,/entruempelung-starnberg,1,3,33.33,5.67,P3,NEW_OR_LOW_DATA,unclassified,,,,Nur Seitenaggregat; keine Query-Zuordnung und keine Redirect-Ableitung.,Mehr Daten sammeln; keine Routing- oder Redirect-Entscheidung treffen.
PAGE,Seiten.csv,26,https://www.floxant.de/reinigung-lappersdorf,/reinigung-lappersdorf,1,3,33.33,8.33,P3,NEW_OR_LOW_DATA,unclassified,,,,Nur Seitenaggregat; keine Query-Zuordnung und keine Redirect-Ableitung.,Mehr Daten sammeln; keine Routing- oder Redirect-Entscheidung treffen.
PAGE,Seiten.csv,27,https://www.floxant.de/klaviertransport-weilheim-in-oberbayern,/klaviertransport-weilheim-in-oberbayern,1,2,50,2.5,P3,NEW_OR_LOW_DATA,unclassified,,,,Nur Seitenaggregat; keine Query-Zuordnung und keine Redirect-Ableitung.,Mehr Daten sammeln; keine Routing- oder Redirect-Entscheidung treffen.
PAGE,Seiten.csv,28,https://www.floxant.de/blog/b2b-reinigung-buero-praxis-hausverwaltung-richtig-anfragen,/blog/b2b-reinigung-buero-praxis-hausverwaltung-richtig-anfragen,1,2,50,4,P3,NEW_OR_LOW_DATA,unclassified,,,,Nur Seitenaggregat; keine Query-Zuordnung und keine Redirect-Ableitung.,Mehr Daten sammeln; keine Routing- oder Redirect-Entscheidung treffen.
PAGE,Seiten.csv,29,https://www.floxant.de/klaviertransport-landsberg-am-lech,/klaviertransport-landsberg-am-lech,1,2,50,6,P3,NEW_OR_LOW_DATA,unclassified,,,,Nur Seitenaggregat; keine Query-Zuordnung und keine Redirect-Ableitung.,Mehr Daten sammeln; keine Routing- oder Redirect-Entscheidung treffen.
PAGE,Seiten.csv,30,https://www.floxant.de/reinigung-wernberg-koeblitz,/reinigung-wernberg-koeblitz,1,2,50,6,P3,NEW_OR_LOW_DATA,unclassified,,,,Nur Seitenaggregat; keine Query-Zuordnung und keine Redirect-Ableitung.,Mehr Daten sammeln; keine Routing- oder Redirect-Entscheidung treffen.
PAGE,Seiten.csv,31,https://www.floxant.de/umzug-neustadt-an-der-donau,/umzug-neustadt-an-der-donau,1,2,50,6.5,P3,NEW_OR_LOW_DATA,unclassified,,,,Nur Seitenaggregat; keine Query-Zuordnung und keine Redirect-Ableitung.,Mehr Daten sammeln; keine Routing- oder Redirect-Entscheidung treffen.
PAGE,Seiten.csv,32,https://www.floxant.de/ritual-exit-box,/ritual-exit-box,1,1,100,1,P3,NEW_OR_LOW_DATA,unclassified,,,,Nur Seitenaggregat; keine Query-Zuordnung und keine Redirect-Ableitung.,Mehr Daten sammeln; keine Routing- oder Redirect-Entscheidung treffen.
PAGE,Seiten.csv,33,https://www.floxant.de/wohnungsaufloesung-postbauer-heng,/wohnungsaufloesung-postbauer-heng,1,1,100,2,P3,NEW_OR_LOW_DATA,unclassified,,,,Nur Seitenaggregat; keine Query-Zuordnung und keine Redirect-Ableitung.,Mehr Daten sammeln; keine Routing- oder Redirect-Entscheidung treffen.
PAGE,Seiten.csv,34,https://www.floxant.de/klaviertransport-nittendorf,/klaviertransport-nittendorf,1,1,100,9,P3,NEW_OR_LOW_DATA,unclassified,,,,Nur Seitenaggregat; keine Query-Zuordnung und keine Redirect-Ableitung.,Mehr Daten sammeln; keine Routing- oder Redirect-Entscheidung treffen.
PAGE,Seiten.csv,35,https://www.floxant.de/schluesseluebergabe,/schluesseluebergabe,1,1,100,9,P3,NEW_OR_LOW_DATA,unclassified,,,,Nur Seitenaggregat; keine Query-Zuordnung und keine Redirect-Ableitung.,Mehr Daten sammeln; keine Routing- oder Redirect-Entscheidung treffen.
PAGE,Seiten.csv,36,https://www.floxant.de/seniorenumzug-viechtach,/seniorenumzug-viechtach,1,1,100,22,P3,NEW_OR_LOW_DATA,unclassified,,,,Nur Seitenaggregat; keine Query-Zuordnung und keine Redirect-Ableitung.,Mehr Daten sammeln; keine Routing- oder Redirect-Entscheidung treffen.
PAGE,Seiten.csv,37,https://www.floxant.de/duesseldorf/bueroreinigung,/duesseldorf/bueroreinigung,0,526,0,42.75,P1,HIGH_IMPRESSIONS_LOW_CTR|WEAK_SERVICE_PAGE,duesseldorf-office-cleaning,bueroreinigung,duesseldorf,/duesseldorf/bueroreinigung,Nur Seitenaggregat; keine Query-Zuordnung und keine Redirect-Ableitung.,"Title, Description und erste sichtbare Aussage kontrolliert prüfen; keine Query-zu-URL-Zuordnung behaupten."
PAGE,Seiten.csv,38,https://www.floxant.de/reinigungsfirma-angebot,/reinigungsfirma-angebot,0,494,0,45.39,P2,HIGH_IMPRESSIONS_LOW_CTR|WEAK_SERVICE_PAGE,cleaning-offer,reinigungsangebot,,/reinigungsfirma-angebot,Nur Seitenaggregat; keine Query-Zuordnung und keine Redirect-Ableitung.,"Title, Description und erste sichtbare Aussage kontrolliert prüfen; keine Query-zu-URL-Zuordnung behaupten."
PAGE,Seiten.csv,39,https://www.floxant.de/regensburg/umzug,/regensburg/umzug,0,260,0,58.43,P1,HIGH_IMPRESSIONS_LOW_CTR|WEAK_SERVICE_PAGE,regensburg-move,umzug,regensburg,/regensburg/umzug,Nur Seitenaggregat; keine Query-Zuordnung und keine Redirect-Ableitung.,"Title, Description und erste sichtbare Aussage kontrolliert prüfen; keine Query-zu-URL-Zuordnung behaupten."
PAGE,Seiten.csv,40,https://www.floxant.de/duesseldorf/gewerbereinigung,/duesseldorf/gewerbereinigung,0,156,0,42.87,P2,HIGH_IMPRESSIONS_LOW_CTR|WEAK_SERVICE_PAGE,duesseldorf-commercial-cleaning,gewerbereinigung,duesseldorf,/duesseldorf/gewerbereinigung,Nur Seitenaggregat; keine Query-Zuordnung und keine Redirect-Ableitung.,"Title, Description und erste sichtbare Aussage kontrolliert prüfen; keine Query-zu-URL-Zuordnung behaupten."
PAGE,Seiten.csv,41,https://www.floxant.de/seniorenumzug-bayern,/seniorenumzug-bayern,0,116,0,21.54,P3,HIGH_IMPRESSIONS_LOW_CTR,unclassified,,,,Nur Seitenaggregat; keine Query-Zuordnung und keine Redirect-Ableitung.,"Title, Description und erste sichtbare Aussage kontrolliert prüfen; keine Query-zu-URL-Zuordnung behaupten."
PAGE,Seiten.csv,42,https://www.floxant.de/leistungen,/leistungen,0,96,0,46.19,P3,MANUAL_REVIEW,unclassified,,,,Nur Seitenaggregat; keine Query-Zuordnung und keine Redirect-Ableitung.,Seite manuell prüfen.
PAGE,Seiten.csv,43,https://www.floxant.de/regensburg/reinigungsfirma,/regensburg/reinigungsfirma,0,94,0,40.65,P3,MANUAL_REVIEW,unclassified,,,,Nur Seitenaggregat; keine Query-Zuordnung und keine Redirect-Ableitung.,Seite manuell prüfen.
PAGE,Seiten.csv,44,https://www.floxant.de/seniorenumzug-erlangen,/seniorenumzug-erlangen,0,86,0,6.28,P3,POSITION_6_TO_10_LOW_CTR,unclassified,,,,Nur Seitenaggregat; keine Query-Zuordnung und keine Redirect-Ableitung.,CTR-Hypothese mit einer begrenzten Snippet-Änderung testen und 28 Tage messen.
PAGE,Seiten.csv,45,https://www.floxant.de/seniorenumzug-fuerth,/seniorenumzug-fuerth,0,84,0,7.07,P3,POSITION_6_TO_10_LOW_CTR,unclassified,,,,Nur Seitenaggregat; keine Query-Zuordnung und keine Redirect-Ableitung.,CTR-Hypothese mit einer begrenzten Snippet-Änderung testen und 28 Tage messen.
PAGE,Seiten.csv,46,https://www.floxant.de/angebot-vergleichen-duesseldorf,/angebot-vergleichen-duesseldorf,0,80,0,47.48,P3,MANUAL_REVIEW,unclassified,,,,Nur Seitenaggregat; keine Query-Zuordnung und keine Redirect-Ableitung.,Seite manuell prüfen.
PAGE,Seiten.csv,47,https://www.floxant.de/reinigung-muenchen,/reinigung-muenchen,0,78,0,52.6,P3,MANUAL_REVIEW,unclassified,,,,Nur Seitenaggregat; keine Query-Zuordnung und keine Redirect-Ableitung.,Seite manuell prüfen.
PAGE,Seiten.csv,48,https://www.floxant.de/seniorenumzug-nuernberg,/seniorenumzug-nuernberg,0,72,0,15.79,P3,POSITION_11_TO_20,unclassified,,,,Nur Seitenaggregat; keine Query-Zuordnung und keine Redirect-Ableitung.,Intent-spezifischen Inhalt und interne Links prüfen; keine Synonymseite erzeugen.
PAGE,Seiten.csv,49,https://www.floxant.de/studentenumzug-erding,/studentenumzug-erding,0,71,0,16.59,P3,POSITION_11_TO_20,unclassified,,,,Nur Seitenaggregat; keine Query-Zuordnung und keine Redirect-Ableitung.,Intent-spezifischen Inhalt und interne Links prüfen; keine Synonymseite erzeugen.
PAGE,Seiten.csv,50,https://www.floxant.de/duesseldorf/angebot-vergleichen,/duesseldorf/angebot-vergleichen,0,68,0,18.66,P3,POSITION_11_TO_20,unclassified,,,,Nur Seitenaggregat; keine Query-Zuordnung und keine Redirect-Ableitung.,Intent-spezifischen Inhalt und interne Links prüfen; keine Synonymseite erzeugen.
PAGE,Seiten.csv,51,https://www.floxant.de/blog,/blog,0,65,0,45.29,P3,MANUAL_REVIEW,unclassified,,,,Nur Seitenaggregat; keine Query-Zuordnung und keine Redirect-Ableitung.,Seite manuell prüfen.
PAGE,Seiten.csv,52,https://www.floxant.de/ru/blog/wohnungsaufloesung-was-tun,/ru/blog/wohnungsaufloesung-was-tun,0,64,0,87.3,P3,MANUAL_REVIEW,unclassified,,,,Nur Seitenaggregat; keine Query-Zuordnung und keine Redirect-Ableitung.,Seite manuell prüfen.
PAGE,Seiten.csv,53,https://www.floxant.de/diskret-service,/diskret-service,0,61,0,7.51,P3,POSITION_6_TO_10_LOW_CTR,unclassified,,,,Nur Seitenaggregat; keine Query-Zuordnung und keine Redirect-Ableitung.,CTR-Hypothese mit einer begrenzten Snippet-Änderung testen und 28 Tage messen.
PAGE,Seiten.csv,54,https://www.floxant.de/angebot-guenstiger-pruefen,/angebot-guenstiger-pruefen,0,60,0,8.65,P3,POSITION_6_TO_10_LOW_CTR,unclassified,,,,Nur Seitenaggregat; keine Query-Zuordnung und keine Redirect-Ableitung.,CTR-Hypothese mit einer begrenzten Snippet-Änderung testen und 28 Tage messen.
PAGE,Seiten.csv,55,https://www.floxant.de/umzug-nuernberg,/umzug-nuernberg,0,59,0,64.19,P3,MANUAL_REVIEW,unclassified,,,,Nur Seitenaggregat; keine Query-Zuordnung und keine Redirect-Ableitung.,Seite manuell prüfen.
PAGE,Seiten.csv,56,https://www.floxant.de/region-duesseldorf,/region-duesseldorf,0,58,0,37.02,P3,MANUAL_REVIEW,unclassified,,,,Nur Seitenaggregat; keine Query-Zuordnung und keine Redirect-Ableitung.,Seite manuell prüfen.
PAGE,Seiten.csv,57,https://www.floxant.de/kontakt,/kontakt,0,57,0,24.16,P3,MANUAL_REVIEW,unclassified,,,,Nur Seitenaggregat; keine Query-Zuordnung und keine Redirect-Ableitung.,Seite manuell prüfen.
PAGE,Seiten.csv,58,https://www.floxant.de/umzug-vohenstrauss,/umzug-vohenstrauss,0,54,0,7.81,P3,POSITION_6_TO_10_LOW_CTR,unclassified,,,,Nur Seitenaggregat; keine Query-Zuordnung und keine Redirect-Ableitung.,CTR-Hypothese mit einer begrenzten Snippet-Änderung testen und 28 Tage messen.
PAGE,Seiten.csv,59,https://www.floxant.de/blog/praxisentruempelung-nuernberg-richtig-anfragen,/blog/praxisentruempelung-nuernberg-richtig-anfragen,0,54,0,33.98,P3,MANUAL_REVIEW,unclassified,,,,Nur Seitenaggregat; keine Query-Zuordnung und keine Redirect-Ableitung.,Seite manuell prüfen.
PAGE,Seiten.csv,60,https://www.floxant.de/buchung,/buchung,0,50,0,7.86,P3,POSITION_6_TO_10_LOW_CTR,unclassified,,,,Nur Seitenaggregat; keine Query-Zuordnung und keine Redirect-Ableitung.,CTR-Hypothese mit einer begrenzten Snippet-Änderung testen und 28 Tage messen.
PAGE,Seiten.csv,61,https://www.floxant.de/blog/wohnungsaufloesung-was-tun,/blog/wohnungsaufloesung-was-tun,0,50,0,26.76,P3,MANUAL_REVIEW,unclassified,,,,Nur Seitenaggregat; keine Query-Zuordnung und keine Redirect-Ableitung.,Seite manuell prüfen.
PAGE,Seiten.csv,62,https://www.floxant.de/leerfahrt-rueckfahrt,/leerfahrt-rueckfahrt,0,44,0,23.8,P3,MANUAL_REVIEW,unclassified,,,,Nur Seitenaggregat; keine Query-Zuordnung und keine Redirect-Ableitung.,Seite manuell prüfen.
PAGE,Seiten.csv,63,https://www.floxant.de/duesseldorf/geruchsneutralisation,/duesseldorf/geruchsneutralisation,0,42,0,3.19,P3,POSITION_1_TO_5_NO_CLICK,unclassified,,,,Nur Seitenaggregat; keine Query-Zuordnung und keine Redirect-Ableitung.,Snippet und Suchintention prüfen; vorhandene Zielseite vor einer neuen Seite manuell bestätigen.
PAGE,Seiten.csv,64,https://www.floxant.de/duesseldorf/grundreinigung,/duesseldorf/grundreinigung,0,42,0,8.71,P1,PROTECT_WINNER|POSITION_6_TO_10_LOW_CTR,duesseldorf-deep-cleaning,grundreinigung,duesseldorf,/duesseldorf/grundreinigung,Nur Seitenaggregat; keine Query-Zuordnung und keine Redirect-Ableitung.,"Gewinner-Signale schützen; keine radikale URL-, Canonical- oder Inhaltsänderung."
PAGE,Seiten.csv,65,https://www.floxant.de/entruempelung-nuernberg,/entruempelung-nuernberg,0,41,0,74.05,P3,MANUAL_REVIEW,unclassified,,,,Nur Seitenaggregat; keine Query-Zuordnung und keine Redirect-Ableitung.,Seite manuell prüfen.
PAGE,Seiten.csv,66,https://www.floxant.de/regensburg/gewerbereinigung,/regensburg/gewerbereinigung,0,38,0,41.79,P3,MANUAL_REVIEW,unclassified,,,,Nur Seitenaggregat; keine Query-Zuordnung und keine Redirect-Ableitung.,Seite manuell prüfen.
PAGE,Seiten.csv,67,https://www.floxant.de/blog/umzug-im-alter-erlangen-bamberg-fuerth,/blog/umzug-im-alter-erlangen-bamberg-fuerth,0,34,0,12.85,P3,POSITION_11_TO_20,unclassified,,,,Nur Seitenaggregat; keine Query-Zuordnung und keine Redirect-Ableitung.,Intent-spezifischen Inhalt und interne Links prüfen; keine Synonymseite erzeugen.
PAGE,Seiten.csv,68,https://www.floxant.de/landshut/umzug,/landshut/umzug,0,34,0,15.24,P3,POSITION_11_TO_20,unclassified,,,,Nur Seitenaggregat; keine Query-Zuordnung und keine Redirect-Ableitung.,Intent-spezifischen Inhalt und interne Links prüfen; keine Synonymseite erzeugen.
PAGE,Seiten.csv,69,https://www.floxant.de/seniorenumzug-bamberg,/seniorenumzug-bamberg,0,32,0,7.5,P3,POSITION_6_TO_10_LOW_CTR,unclassified,,,,Nur Seitenaggregat; keine Query-Zuordnung und keine Redirect-Ableitung.,CTR-Hypothese mit einer begrenzten Snippet-Änderung testen und 28 Tage messen.
PAGE,Seiten.csv,70,https://www.floxant.de/studentenumzug-traunstein,/studentenumzug-traunstein,0,32,0,8.41,P3,POSITION_6_TO_10_LOW_CTR,unclassified,,,,Nur Seitenaggregat; keine Query-Zuordnung und keine Redirect-Ableitung.,CTR-Hypothese mit einer begrenzten Snippet-Änderung testen und 28 Tage messen.
PAGE,Seiten.csv,71,https://www.floxant.de/umzug-neustadt-an-der-waldnaab,/umzug-neustadt-an-der-waldnaab,0,30,0,4.73,P3,POSITION_1_TO_5_NO_CLICK,unclassified,,,,Nur Seitenaggregat; keine Query-Zuordnung und keine Redirect-Ableitung.,Snippet und Suchintention prüfen; vorhandene Zielseite vor einer neuen Seite manuell bestätigen.
PAGE,Seiten.csv,72,https://www.floxant.de/reinigung,/reinigung,0,30,0,31.03,P3,MANUAL_REVIEW,unclassified,,,,Nur Seitenaggregat; keine Query-Zuordnung und keine Redirect-Ableitung.,Seite manuell prüfen.
PAGE,Seiten.csv,73,https://www.floxant.de/blog/grundreinigung-oder-unterhaltsreinigung-duesseldorf,/blog/grundreinigung-oder-unterhaltsreinigung-duesseldorf,0,29,0,24.38,P3,MANUAL_REVIEW,unclassified,,,,Nur Seitenaggregat; keine Query-Zuordnung und keine Redirect-Ableitung.,Seite manuell prüfen.
PAGE,Seiten.csv,74,https://www.floxant.de/blog/bauendreinigung-baufeinreinigung-unterschied-duesseldorf,/blog/bauendreinigung-baufeinreinigung-unterschied-duesseldorf,0,29,0,59.48,P3,MANUAL_REVIEW,unclassified,,,,Nur Seitenaggregat; keine Query-Zuordnung und keine Redirect-Ableitung.,Seite manuell prüfen.
PAGE,Seiten.csv,75,https://www.floxant.de/entsorgung-duesseldorf,/entsorgung-duesseldorf,0,28,0,10.21,P3,POSITION_11_TO_20,unclassified,,,,Nur Seitenaggregat; keine Query-Zuordnung und keine Redirect-Ableitung.,Intent-spezifischen Inhalt und interne Links prüfen; keine Synonymseite erzeugen.
PAGE,Seiten.csv,76,https://www.floxant.de/blog/reinigungsfirma-düsseldorf-preise-kosten-angebot-prüfen,/blog/reinigungsfirma-d%C3%BCsseldorf-preise-kosten-angebot-pr%C3%BCfen,0,28,0,25.61,P3,MANUAL_REVIEW,unclassified,,,,Nur Seitenaggregat; keine Query-Zuordnung und keine Redirect-Ableitung.,Seite manuell prüfen.
PAGE,Seiten.csv,77,https://www.floxant.de/plan-b-service,/plan-b-service,0,27,0,7.37,P3,POSITION_6_TO_10_LOW_CTR,unclassified,,,,Nur Seitenaggregat; keine Query-Zuordnung und keine Redirect-Ableitung.,CTR-Hypothese mit einer begrenzten Snippet-Änderung testen und 28 Tage messen.
PAGE,Seiten.csv,78,https://www.floxant.de/duesseldorf/reinigungsfirma,/duesseldorf/reinigungsfirma,0,27,0,60.63,P2,LIKELY_CANNIBALIZATION|WEAK_SERVICE_PAGE|MANUAL_REVIEW,duesseldorf-cleaning-hub-variant,reinigung,duesseldorf,/duesseldorf/reinigung,Nur Seitenaggregat; keine Query-Zuordnung und keine Redirect-Ableitung.,"Historie, Canonical, Sitemap und interne Links manuell prüfen; keinen Redirect aus GSC-Aggregaten ableiten."
PAGE,Seiten.csv,79,https://www.floxant.de/entruempelung-landshut,/entruempelung-landshut,0,26,0,19.73,P3,POSITION_11_TO_20,unclassified,,,,Nur Seitenaggregat; keine Query-Zuordnung und keine Redirect-Ableitung.,Intent-spezifischen Inhalt und interne Links prüfen; keine Synonymseite erzeugen.
PAGE,Seiten.csv,80,https://www.floxant.de/klaviertransport-nuernberg,/klaviertransport-nuernberg,0,24,0,12.83,P3,POSITION_11_TO_20,unclassified,,,,Nur Seitenaggregat; keine Query-Zuordnung und keine Redirect-Ableitung.,Intent-spezifischen Inhalt und interne Links prüfen; keine Synonymseite erzeugen.
PAGE,Seiten.csv,81,https://www.floxant.de/umzug-muenchen-bogenhausen,/umzug-muenchen-bogenhausen,0,24,0,43.29,P3,MANUAL_REVIEW,unclassified,,,,Nur Seitenaggregat; keine Query-Zuordnung und keine Redirect-Ableitung.,Seite manuell prüfen.
PAGE,Seiten.csv,82,https://www.floxant.de/angebotscheck,/angebotscheck,0,23,0,4.91,P3,POSITION_1_TO_5_NO_CLICK,unclassified,,,,Nur Seitenaggregat; keine Query-Zuordnung und keine Redirect-Ableitung.,Snippet und Suchintention prüfen; vorhandene Zielseite vor einer neuen Seite manuell bestätigen.
PAGE,Seiten.csv,83,https://www.floxant.de/bueroumzug-rosenheim,/bueroumzug-rosenheim,0,20,0,6.7,P3,POSITION_6_TO_10_LOW_CTR,unclassified,,,,Nur Seitenaggregat; keine Query-Zuordnung und keine Redirect-Ableitung.,CTR-Hypothese mit einer begrenzten Snippet-Änderung testen und 28 Tage messen.
PAGE,Seiten.csv,84,https://www.floxant.de/entruempelung,/entruempelung,0,19,0,35.47,P3,MANUAL_REVIEW,unclassified,,,,Nur Seitenaggregat; keine Query-Zuordnung und keine Redirect-Ableitung.,Seite manuell prüfen.
PAGE,Seiten.csv,85,https://www.floxant.de/reinigung-bayreuth,/reinigung-bayreuth,0,18,0,5,P3,POSITION_1_TO_5_NO_CLICK,unclassified,,,,Nur Seitenaggregat; keine Query-Zuordnung und keine Redirect-Ableitung.,Snippet und Suchintention prüfen; vorhandene Zielseite vor einer neuen Seite manuell bestätigen.
PAGE,Seiten.csv,86,https://www.floxant.de/duesseldorf/hausverwaltung-reinigung,/duesseldorf/hausverwaltung-reinigung,0,18,0,13.28,P3,POSITION_11_TO_20,unclassified,,,,Nur Seitenaggregat; keine Query-Zuordnung und keine Redirect-Ableitung.,Intent-spezifischen Inhalt und interne Links prüfen; keine Synonymseite erzeugen.
PAGE,Seiten.csv,87,https://www.floxant.de/umzug-schierling,/umzug-schierling,0,17,0,7.59,P3,POSITION_6_TO_10_LOW_CTR,unclassified,,,,Nur Seitenaggregat; keine Query-Zuordnung und keine Redirect-Ableitung.,CTR-Hypothese mit einer begrenzten Snippet-Änderung testen und 28 Tage messen.
PAGE,Seiten.csv,88,https://www.floxant.de/blog/umzug-regensburg-tipps,/blog/umzug-regensburg-tipps,0,17,0,8.88,P3,POSITION_6_TO_10_LOW_CTR,unclassified,,,,Nur Seitenaggregat; keine Query-Zuordnung und keine Redirect-Ableitung.,CTR-Hypothese mit einer begrenzten Snippet-Änderung testen und 28 Tage messen.
PAGE,Seiten.csv,89,https://www.floxant.de/fernumzug-muenchen,/fernumzug-muenchen,0,17,0,11,P3,POSITION_11_TO_20,unclassified,,,,Nur Seitenaggregat; keine Query-Zuordnung und keine Redirect-Ableitung.,Intent-spezifischen Inhalt und interne Links prüfen; keine Synonymseite erzeugen.
PAGE,Seiten.csv,90,https://www.floxant.de/duesseldorf/reinigung-stadtteile-umgebung,/duesseldorf/reinigung-stadtteile-umgebung,0,17,0,17.06,P3,POSITION_11_TO_20,unclassified,,,,Nur Seitenaggregat; keine Query-Zuordnung und keine Redirect-Ableitung.,Intent-spezifischen Inhalt und interne Links prüfen; keine Synonymseite erzeugen.
PAGE,Seiten.csv,91,https://www.floxant.de/umzug-neutraubling,/umzug-neutraubling,0,17,0,46.88,P3,MANUAL_REVIEW,unclassified,,,,Nur Seitenaggregat; keine Query-Zuordnung und keine Redirect-Ableitung.,Seite manuell prüfen.
PAGE,Seiten.csv,92,https://www.floxant.de/redaktion,/redaktion,0,16,0,6.06,P3,POSITION_6_TO_10_LOW_CTR,unclassified,,,,Nur Seitenaggregat; keine Query-Zuordnung und keine Redirect-Ableitung.,CTR-Hypothese mit einer begrenzten Snippet-Änderung testen und 28 Tage messen.
PAGE,Seiten.csv,93,https://www.floxant.de/blog/angebot-pruefen-lassen-wann-floxant-sinnvoll-ist,/blog/angebot-pruefen-lassen-wann-floxant-sinnvoll-ist,0,16,0,10.5,P3,POSITION_11_TO_20,unclassified,,,,Nur Seitenaggregat; keine Query-Zuordnung und keine Redirect-Ableitung.,Intent-spezifischen Inhalt und interne Links prüfen; keine Synonymseite erzeugen.
PAGE,Seiten.csv,94,https://www.floxant.de/de/umzug-bayern,/de/umzug-bayern,0,16,0,42.12,P3,MANUAL_REVIEW,unclassified,,,,Nur Seitenaggregat; keine Query-Zuordnung und keine Redirect-Ableitung.,Seite manuell prüfen.
PAGE,Seiten.csv,95,https://www.floxant.de/reinigung-landshut,/reinigung-landshut,0,16,0,48.19,P3,MANUAL_REVIEW,unclassified,,,,Nur Seitenaggregat; keine Query-Zuordnung und keine Redirect-Ableitung.,Seite manuell prüfen.
PAGE,Seiten.csv,96,https://www.floxant.de/fragen,/fragen,0,15,0,6.67,P3,POSITION_6_TO_10_LOW_CTR,unclassified,,,,Nur Seitenaggregat; keine Query-Zuordnung und keine Redirect-Ableitung.,CTR-Hypothese mit einer begrenzten Snippet-Änderung testen und 28 Tage messen.
PAGE,Seiten.csv,97,https://www.floxant.de/ratgeber/reinigung-nach-umzug,/ratgeber/reinigung-nach-umzug,0,15,0,35.4,P3,MANUAL_REVIEW,unclassified,,,,Nur Seitenaggregat; keine Query-Zuordnung und keine Redirect-Ableitung.,Seite manuell prüfen.
PAGE,Seiten.csv,98,https://www.floxant.de/seniorenumzug-erding,/seniorenumzug-erding,0,14,0,2.79,P3,POSITION_1_TO_5_NO_CLICK,unclassified,,,,Nur Seitenaggregat; keine Query-Zuordnung und keine Redirect-Ableitung.,Snippet und Suchintention prüfen; vorhandene Zielseite vor einer neuen Seite manuell bestätigen.
PAGE,Seiten.csv,99,https://www.floxant.de/klaviertransport-schwabach,/klaviertransport-schwabach,0,14,0,5.21,P3,POSITION_6_TO_10_LOW_CTR,unclassified,,,,Nur Seitenaggregat; keine Query-Zuordnung und keine Redirect-Ableitung.,CTR-Hypothese mit einer begrenzten Snippet-Änderung testen und 28 Tage messen.
PAGE,Seiten.csv,100,https://www.floxant.de/umzugskosten-bayern,/umzugskosten-bayern,0,14,0,48.64,P3,MANUAL_REVIEW,unclassified,,,,Nur Seitenaggregat; keine Query-Zuordnung und keine Redirect-Ableitung.,Seite manuell prüfen.
PAGE,Seiten.csv,101,https://www.floxant.de/datenschutz,/datenschutz,0,13,0,5.77,P3,POSITION_6_TO_10_LOW_CTR,unclassified,,,,Nur Seitenaggregat; keine Query-Zuordnung und keine Redirect-Ableitung.,CTR-Hypothese mit einer begrenzten Snippet-Änderung testen und 28 Tage messen.
PAGE,Seiten.csv,102,https://www.floxant.de/uebergabeakte,/uebergabeakte,0,13,0,5.77,P3,POSITION_6_TO_10_LOW_CTR,unclassified,,,,Nur Seitenaggregat; keine Query-Zuordnung und keine Redirect-Ableitung.,CTR-Hypothese mit einer begrenzten Snippet-Änderung testen und 28 Tage messen.
PAGE,Seiten.csv,103,https://www.floxant.de/reinigung-alteglofsheim,/reinigung-alteglofsheim,0,13,0,6.31,P3,POSITION_6_TO_10_LOW_CTR,unclassified,,,,Nur Seitenaggregat; keine Query-Zuordnung und keine Redirect-Ableitung.,CTR-Hypothese mit einer begrenzten Snippet-Änderung testen und 28 Tage messen.
PAGE,Seiten.csv,104,https://www.floxant.de/blog/baustaub-nach-renovierung-reihenfolge,/blog/baustaub-nach-renovierung-reihenfolge,0,12,0,9.75,P3,POSITION_6_TO_10_LOW_CTR,unclassified,,,,Nur Seitenaggregat; keine Query-Zuordnung und keine Redirect-Ableitung.,CTR-Hypothese mit einer begrenzten Snippet-Änderung testen und 28 Tage messen.
PAGE,Seiten.csv,105,https://www.floxant.de/duesseldorf/fensterreinigung,/duesseldorf/fensterreinigung,0,12,0,61.08,P1,WEAK_SERVICE_PAGE,duesseldorf-window-cleaning,fensterreinigung,duesseldorf,/duesseldorf/fensterreinigung,Nur Seitenaggregat; keine Query-Zuordnung und keine Redirect-Ableitung.,"Indexierbarkeit, Canonical, Sitemap, interne Links und Seitenfokus prüfen."
PAGE,Seiten.csv,106,https://www.floxant.de/klaviertransport-erding,/klaviertransport-erding,0,11,0,3.91,P3,POSITION_1_TO_5_NO_CLICK,unclassified,,,,Nur Seitenaggregat; keine Query-Zuordnung und keine Redirect-Ableitung.,Snippet und Suchintention prüfen; vorhandene Zielseite vor einer neuen Seite manuell bestätigen.
PAGE,Seiten.csv,107,https://www.floxant.de/klaviertransport-rosenheim,/klaviertransport-rosenheim,0,11,0,10,P3,POSITION_6_TO_10_LOW_CTR,unclassified,,,,Nur Seitenaggregat; keine Query-Zuordnung und keine Redirect-Ableitung.,CTR-Hypothese mit einer begrenzten Snippet-Änderung testen und 28 Tage messen.
PAGE,Seiten.csv,108,https://www.floxant.de/objektbrief,/objektbrief,0,11,0,11.45,P3,POSITION_11_TO_20,unclassified,,,,Nur Seitenaggregat; keine Query-Zuordnung und keine Redirect-Ableitung.,Intent-spezifischen Inhalt und interne Links prüfen; keine Synonymseite erzeugen.
PAGE,Seiten.csv,109,https://www.floxant.de/blog/reinigungsangebot-duesseldorf-klar-vergleichen,/blog/reinigungsangebot-duesseldorf-klar-vergleichen,0,11,0,13.27,P3,POSITION_11_TO_20,unclassified,,,,Nur Seitenaggregat; keine Query-Zuordnung und keine Redirect-Ableitung.,Intent-spezifischen Inhalt und interne Links prüfen; keine Synonymseite erzeugen.
PAGE,Seiten.csv,110,https://www.floxant.de/reinigung-moeblierte-wohnung-duesseldorf,/reinigung-moeblierte-wohnung-duesseldorf,0,11,0,14.45,P3,POSITION_11_TO_20,unclassified,,,,Nur Seitenaggregat; keine Query-Zuordnung und keine Redirect-Ableitung.,Intent-spezifischen Inhalt und interne Links prüfen; keine Synonymseite erzeugen.
PAGE,Seiten.csv,111,https://www.floxant.de/koeln/reinigung,/koeln/reinigung,0,11,0,45.64,P3,MANUAL_REVIEW,unclassified,,,,Nur Seitenaggregat; keine Query-Zuordnung und keine Redirect-Ableitung.,Seite manuell prüfen.
PAGE,Seiten.csv,112,https://www.floxant.de/pl/umzug-ingolstadt,/pl/umzug-ingolstadt,0,11,0,61.27,P3,MANUAL_REVIEW,unclassified,,,,Nur Seitenaggregat; keine Query-Zuordnung und keine Redirect-Ableitung.,Seite manuell prüfen.
PAGE,Seiten.csv,113,https://www.floxant.de/seniorenumzug-starnberg,/seniorenumzug-starnberg,0,10,0,3.2,P3,POSITION_1_TO_5_NO_CLICK,unclassified,,,,Nur Seitenaggregat; keine Query-Zuordnung und keine Redirect-Ableitung.,Snippet und Suchintention prüfen; vorhandene Zielseite vor einer neuen Seite manuell bestätigen.
PAGE,Seiten.csv,114,https://www.floxant.de/blog/angebot-wirkt-zu-teuer-welche-fragen-stellen,/blog/angebot-wirkt-zu-teuer-welche-fragen-stellen,0,10,0,6.4,P3,POSITION_6_TO_10_LOW_CTR,unclassified,,,,Nur Seitenaggregat; keine Query-Zuordnung und keine Redirect-Ableitung.,CTR-Hypothese mit einer begrenzten Snippet-Änderung testen und 28 Tage messen.
PAGE,Seiten.csv,115,https://www.floxant.de/en/duesseldorf/cleaning,/en/duesseldorf/cleaning,0,10,0,9.7,P3,POSITION_6_TO_10_LOW_CTR,unclassified,,,,Nur Seitenaggregat; keine Query-Zuordnung und keine Redirect-Ableitung.,CTR-Hypothese mit einer begrenzten Snippet-Änderung testen und 28 Tage messen.
PAGE,Seiten.csv,116,https://www.floxant.de/teppichreinigung-regensburg,/teppichreinigung-regensburg,0,10,0,11,P3,POSITION_11_TO_20,unclassified,,,,Nur Seitenaggregat; keine Query-Zuordnung und keine Redirect-Ableitung.,Intent-spezifischen Inhalt und interne Links prüfen; keine Synonymseite erzeugen.
PAGE,Seiten.csv,117,https://www.floxant.de/umzug-erding,/umzug-erding,0,10,0,15.9,P3,POSITION_11_TO_20,unclassified,,,,Nur Seitenaggregat; keine Query-Zuordnung und keine Redirect-Ableitung.,Intent-spezifischen Inhalt und interne Links prüfen; keine Synonymseite erzeugen.
PAGE,Seiten.csv,118,https://www.floxant.de/meerbusch/reinigung,/meerbusch/reinigung,0,10,0,22.3,P3,MANUAL_REVIEW,unclassified,,,,Nur Seitenaggregat; keine Query-Zuordnung und keine Redirect-Ableitung.,Seite manuell prüfen.
PAGE,Seiten.csv,119,https://www.floxant.de/studentenumzug-deggendorf,/studentenumzug-deggendorf,0,9,0,5.67,P3,NEW_OR_LOW_DATA,unclassified,,,,Nur Seitenaggregat; keine Query-Zuordnung und keine Redirect-Ableitung.,Mehr Daten sammeln; keine Routing- oder Redirect-Entscheidung treffen.
PAGE,Seiten.csv,120,https://www.floxant.de/blog/reinigung-checkliste-uebergabe,/blog/reinigung-checkliste-uebergabe,0,9,0,10,P3,NEW_OR_LOW_DATA,unclassified,,,,Nur Seitenaggregat; keine Query-Zuordnung und keine Redirect-Ableitung.,Mehr Daten sammeln; keine Routing- oder Redirect-Entscheidung treffen.
PAGE,Seiten.csv,121,https://www.floxant.de/blog/schluesseluebergabe-vorbereiten-nicht-vor-ort,/blog/schluesseluebergabe-vorbereiten-nicht-vor-ort,0,9,0,13.78,P3,NEW_OR_LOW_DATA,unclassified,,,,Nur Seitenaggregat; keine Query-Zuordnung und keine Redirect-Ableitung.,Mehr Daten sammeln; keine Routing- oder Redirect-Entscheidung treffen.
PAGE,Seiten.csv,122,https://www.floxant.de/airbnb-turnover-express,/airbnb-turnover-express,0,9,0,15.11,P3,NEW_OR_LOW_DATA,unclassified,,,,Nur Seitenaggregat; keine Query-Zuordnung und keine Redirect-Ableitung.,Mehr Daten sammeln; keine Routing- oder Redirect-Entscheidung treffen.
PAGE,Seiten.csv,123,https://www.floxant.de/duesseldorf/treppenhausreinigung,/duesseldorf/treppenhausreinigung,0,9,0,45.89,P3,NEW_OR_LOW_DATA,unclassified,,,,Nur Seitenaggregat; keine Query-Zuordnung und keine Redirect-Ableitung.,Mehr Daten sammeln; keine Routing- oder Redirect-Entscheidung treffen.
PAGE,Seiten.csv,124,https://www.floxant.de/entruempelung-passau,/entruempelung-passau,0,9,0,54.78,P3,NEW_OR_LOW_DATA,unclassified,,,,Nur Seitenaggregat; keine Query-Zuordnung und keine Redirect-Ableitung.,Mehr Daten sammeln; keine Routing- oder Redirect-Entscheidung treffen.
PAGE,Seiten.csv,125,https://www.floxant.de/blog/fensterreinigung-hoehe-rahmen-zugang-duesseldorf,/blog/fensterreinigung-hoehe-rahmen-zugang-duesseldorf,0,8,0,2.38,P3,NEW_OR_LOW_DATA,unclassified,,,,Nur Seitenaggregat; keine Query-Zuordnung und keine Redirect-Ableitung.,Mehr Daten sammeln; keine Routing- oder Redirect-Entscheidung treffen.
PAGE,Seiten.csv,126,https://www.floxant.de/blog/baufeinreinigung-vor-einzug-uebergabe,/blog/baufeinreinigung-vor-einzug-uebergabe,0,8,0,7.88,P3,NEW_OR_LOW_DATA,unclassified,,,,Nur Seitenaggregat; keine Query-Zuordnung und keine Redirect-Ableitung.,Mehr Daten sammeln; keine Routing- oder Redirect-Entscheidung treffen.
PAGE,Seiten.csv,127,https://www.floxant.de/en/duesseldorf/commercial-cleaning,/en/duesseldorf/commercial-cleaning,0,8,0,8.5,P3,NEW_OR_LOW_DATA,unclassified,,,,Nur Seitenaggregat; keine Query-Zuordnung und keine Redirect-Ableitung.,Mehr Daten sammeln; keine Routing- oder Redirect-Entscheidung treffen.
PAGE,Seiten.csv,128,https://www.floxant.de/blog/kueche-bad-textilien-geruch,/blog/kueche-bad-textilien-geruch,0,8,0,8.75,P3,NEW_OR_LOW_DATA,unclassified,,,,Nur Seitenaggregat; keine Query-Zuordnung und keine Redirect-Ableitung.,Mehr Daten sammeln; keine Routing- oder Redirect-Entscheidung treffen.
PAGE,Seiten.csv,129,https://www.floxant.de/duisburg/reinigung,/duisburg/reinigung,0,8,0,10.25,P3,NEW_OR_LOW_DATA,unclassified,,,,Nur Seitenaggregat; keine Query-Zuordnung und keine Redirect-Ableitung.,Mehr Daten sammeln; keine Routing- oder Redirect-Entscheidung treffen.
PAGE,Seiten.csv,130,https://www.floxant.de/blog/diskrete-reinigung-peinliche-wohnsituation,/blog/diskrete-reinigung-peinliche-wohnsituation,0,8,0,12.38,P3,NEW_OR_LOW_DATA,unclassified,,,,Nur Seitenaggregat; keine Query-Zuordnung und keine Redirect-Ableitung.,Mehr Daten sammeln; keine Routing- oder Redirect-Entscheidung treffen.
PAGE,Seiten.csv,131,https://www.floxant.de/reinigung-schierling,/reinigung-schierling,0,8,0,13.25,P3,NEW_OR_LOW_DATA,unclassified,,,,Nur Seitenaggregat; keine Query-Zuordnung und keine Redirect-Ableitung.,Mehr Daten sammeln; keine Routing- oder Redirect-Entscheidung treffen.
PAGE,Seiten.csv,132,https://www.floxant.de/en/regensburg/apartment-cleaning,/en/regensburg/apartment-cleaning,0,8,0,14.25,P3,NEW_OR_LOW_DATA,unclassified,,,,Nur Seitenaggregat; keine Query-Zuordnung und keine Redirect-Ableitung.,Mehr Daten sammeln; keine Routing- oder Redirect-Entscheidung treffen.
PAGE,Seiten.csv,133,https://www.floxant.de/en/duesseldorf/apartment-cleaning,/en/duesseldorf/apartment-cleaning,0,8,0,24.12,P3,NEW_OR_LOW_DATA,unclassified,,,,Nur Seitenaggregat; keine Query-Zuordnung und keine Redirect-Ableitung.,Mehr Daten sammeln; keine Routing- oder Redirect-Entscheidung treffen.
PAGE,Seiten.csv,134,https://www.floxant.de/tr/impressum,/tr/impressum,0,7,0,2,P3,NEW_OR_LOW_DATA,unclassified,,,,Nur Seitenaggregat; keine Query-Zuordnung und keine Redirect-Ableitung.,Mehr Daten sammeln; keine Routing- oder Redirect-Entscheidung treffen.
PAGE,Seiten.csv,135,https://www.floxant.de/entruempelung-vilseck,/entruempelung-vilseck,0,7,0,4.86,P3,NEW_OR_LOW_DATA,unclassified,,,,Nur Seitenaggregat; keine Query-Zuordnung und keine Redirect-Ableitung.,Mehr Daten sammeln; keine Routing- oder Redirect-Entscheidung treffen.
PAGE,Seiten.csv,136,https://www.floxant.de/wohnungsaufloesung-schwarzenfeld,/wohnungsaufloesung-schwarzenfeld,0,7,0,6.14,P3,NEW_OR_LOW_DATA,unclassified,,,,Nur Seitenaggregat; keine Query-Zuordnung und keine Redirect-Ableitung.,Mehr Daten sammeln; keine Routing- oder Redirect-Entscheidung treffen.
PAGE,Seiten.csv,137,https://www.floxant.de/seniorenumzug-neu-ulm,/seniorenumzug-neu-ulm,0,7,0,7.57,P3,NEW_OR_LOW_DATA,unclassified,,,,Nur Seitenaggregat; keine Query-Zuordnung und keine Redirect-Ableitung.,Mehr Daten sammeln; keine Routing- oder Redirect-Entscheidung treffen.
PAGE,Seiten.csv,138,https://www.floxant.de/entruempelung-riedenburg,/entruempelung-riedenburg,0,7,0,9.71,P3,NEW_OR_LOW_DATA,unclassified,,,,Nur Seitenaggregat; keine Query-Zuordnung und keine Redirect-Ableitung.,Mehr Daten sammeln; keine Routing- oder Redirect-Entscheidung treffen.
PAGE,Seiten.csv,139,https://www.floxant.de/klaviertransport-viechtach,/klaviertransport-viechtach,0,7,0,9.71,P3,NEW_OR_LOW_DATA,unclassified,,,,Nur Seitenaggregat; keine Query-Zuordnung und keine Redirect-Ableitung.,Mehr Daten sammeln; keine Routing- oder Redirect-Entscheidung treffen.
PAGE,Seiten.csv,140,https://www.floxant.de/umzug-neumarkt,/umzug-neumarkt,0,7,0,9.71,P3,NEW_OR_LOW_DATA,unclassified,,,,Nur Seitenaggregat; keine Query-Zuordnung und keine Redirect-Ableitung.,Mehr Daten sammeln; keine Routing- oder Redirect-Entscheidung treffen.
PAGE,Seiten.csv,141,https://www.floxant.de/umzug-mainburg,/umzug-mainburg,0,7,0,10.43,P3,NEW_OR_LOW_DATA,unclassified,,,,Nur Seitenaggregat; keine Query-Zuordnung und keine Redirect-Ableitung.,Mehr Daten sammeln; keine Routing- oder Redirect-Entscheidung treffen.
PAGE,Seiten.csv,142,https://www.floxant.de/bueroumzug-erding,/bueroumzug-erding,0,7,0,20.14,P3,NEW_OR_LOW_DATA,unclassified,,,,Nur Seitenaggregat; keine Query-Zuordnung und keine Redirect-Ableitung.,Mehr Daten sammeln; keine Routing- oder Redirect-Entscheidung treffen.
PAGE,Seiten.csv,143,https://www.floxant.de/fassadenreinigung,/fassadenreinigung,0,7,0,21.86,P3,NEW_OR_LOW_DATA,unclassified,,,,Nur Seitenaggregat; keine Query-Zuordnung und keine Redirect-Ableitung.,Mehr Daten sammeln; keine Routing- oder Redirect-Entscheidung treffen.
PAGE,Seiten.csv,144,https://www.floxant.de/umzug-erlangen,/umzug-erlangen,0,7,0,29.71,P3,NEW_OR_LOW_DATA,unclassified,,,,Nur Seitenaggregat; keine Query-Zuordnung und keine Redirect-Ableitung.,Mehr Daten sammeln; keine Routing- oder Redirect-Entscheidung treffen.
PAGE,Seiten.csv,145,https://www.floxant.de/regensburg/wohnungsaufloesung,/regensburg/wohnungsaufloesung,0,7,0,37,P2,NEW_OR_LOW_DATA,regensburg-household-clearance,wohnungsaufloesung,regensburg,/regensburg/wohnungsaufloesung,Nur Seitenaggregat; keine Query-Zuordnung und keine Redirect-Ableitung.,Mehr Daten sammeln; keine Routing- oder Redirect-Entscheidung treffen.
PAGE,Seiten.csv,146,https://www.floxant.de/umzug-bad-toelz,/umzug-bad-toelz,0,7,0,89.71,P3,NEW_OR_LOW_DATA,unclassified,,,,Nur Seitenaggregat; keine Query-Zuordnung und keine Redirect-Ableitung.,Mehr Daten sammeln; keine Routing- oder Redirect-Entscheidung treffen.
PAGE,Seiten.csv,147,https://www.floxant.de/klaviertransport-cham,/klaviertransport-cham,0,6,0,2,P3,NEW_OR_LOW_DATA,unclassified,,,,Nur Seitenaggregat; keine Query-Zuordnung und keine Redirect-Ableitung.,Mehr Daten sammeln; keine Routing- oder Redirect-Entscheidung treffen.
PAGE,Seiten.csv,148,https://www.floxant.de/bueroumzug-schweinfurt,/bueroumzug-schweinfurt,0,6,0,3.5,P3,NEW_OR_LOW_DATA,unclassified,,,,Nur Seitenaggregat; keine Query-Zuordnung und keine Redirect-Ableitung.,Mehr Daten sammeln; keine Routing- oder Redirect-Entscheidung treffen.
PAGE,Seiten.csv,149,https://www.floxant.de/methodik,/methodik,0,6,0,6.17,P3,NEW_OR_LOW_DATA,unclassified,,,,Nur Seitenaggregat; keine Query-Zuordnung und keine Redirect-Ableitung.,Mehr Daten sammeln; keine Routing- oder Redirect-Entscheidung treffen.
PAGE,Seiten.csv,150,https://www.floxant.de/klaviertransport-coburg,/klaviertransport-coburg,0,6,0,6.33,P3,NEW_OR_LOW_DATA,unclassified,,,,Nur Seitenaggregat; keine Query-Zuordnung und keine Redirect-Ableitung.,Mehr Daten sammeln; keine Routing- oder Redirect-Entscheidung treffen.
PAGE,Seiten.csv,151,https://www.floxant.de/blog/pauschalpreis-oder-aufwand-angebot-pruefen,/blog/pauschalpreis-oder-aufwand-angebot-pruefen,0,6,0,6.83,P3,NEW_OR_LOW_DATA,unclassified,,,,Nur Seitenaggregat; keine Query-Zuordnung und keine Redirect-Ableitung.,Mehr Daten sammeln; keine Routing- oder Redirect-Entscheidung treffen.
PAGE,Seiten.csv,152,https://www.floxant.de/blog/anbieter-hat-abgesagt-was-tun,/blog/anbieter-hat-abgesagt-was-tun,0,6,0,7.17,P3,NEW_OR_LOW_DATA,unclassified,,,,Nur Seitenaggregat; keine Query-Zuordnung und keine Redirect-Ableitung.,Mehr Daten sammeln; keine Routing- oder Redirect-Entscheidung treffen.
PAGE,Seiten.csv,153,https://www.floxant.de/blog/uebergabe-check-vor-vermietertermin,/blog/uebergabe-check-vor-vermietertermin,0,6,0,7.33,P3,NEW_OR_LOW_DATA,unclassified,,,,Nur Seitenaggregat; keine Query-Zuordnung und keine Redirect-Ableitung.,Mehr Daten sammeln; keine Routing- oder Redirect-Entscheidung treffen.
PAGE,Seiten.csv,154,https://www.floxant.de/klaviertransport-landshut,/klaviertransport-landshut,0,6,0,7.67,P3,NEW_OR_LOW_DATA,unclassified,,,,Nur Seitenaggregat; keine Query-Zuordnung und keine Redirect-Ableitung.,Mehr Daten sammeln; keine Routing- oder Redirect-Entscheidung treffen.
PAGE,Seiten.csv,155,https://www.floxant.de/umzug-eggenfelden,/umzug-eggenfelden,0,6,0,7.83,P3,NEW_OR_LOW_DATA,unclassified,,,,Nur Seitenaggregat; keine Query-Zuordnung und keine Redirect-Ableitung.,Mehr Daten sammeln; keine Routing- oder Redirect-Entscheidung treffen.
PAGE,Seiten.csv,156,https://www.floxant.de/reinigung-koefering,/reinigung-koefering,0,6,0,8.17,P3,NEW_OR_LOW_DATA,unclassified,,,,Nur Seitenaggregat; keine Query-Zuordnung und keine Redirect-Ableitung.,Mehr Daten sammeln; keine Routing- oder Redirect-Entscheidung treffen.
PAGE,Seiten.csv,157,https://www.floxant.de/entruempelung-berching,/entruempelung-berching,0,6,0,8.67,P3,NEW_OR_LOW_DATA,unclassified,,,,Nur Seitenaggregat; keine Query-Zuordnung und keine Redirect-Ableitung.,Mehr Daten sammeln; keine Routing- oder Redirect-Entscheidung treffen.
PAGE,Seiten.csv,158,https://www.floxant.de/klaviertransport-erlangen,/klaviertransport-erlangen,0,6,0,10.83,P3,NEW_OR_LOW_DATA,unclassified,,,,Nur Seitenaggregat; keine Query-Zuordnung und keine Redirect-Ableitung.,Mehr Daten sammeln; keine Routing- oder Redirect-Entscheidung treffen.
PAGE,Seiten.csv,159,https://www.floxant.de/entruempelung-regenstauf,/entruempelung-regenstauf,0,6,0,11.33,P3,NEW_OR_LOW_DATA,unclassified,,,,Nur Seitenaggregat; keine Query-Zuordnung und keine Redirect-Ableitung.,Mehr Daten sammeln; keine Routing- oder Redirect-Entscheidung treffen.
PAGE,Seiten.csv,160,https://www.floxant.de/entruempelung-hemau,/entruempelung-hemau,0,6,0,12.67,P3,NEW_OR_LOW_DATA,unclassified,,,,Nur Seitenaggregat; keine Query-Zuordnung und keine Redirect-Ableitung.,Mehr Daten sammeln; keine Routing- oder Redirect-Entscheidung treffen.
PAGE,Seiten.csv,161,https://www.floxant.de/blog/angaben-reinigungsangebot-duesseldorf,/blog/angaben-reinigungsangebot-duesseldorf,0,6,0,13.67,P3,NEW_OR_LOW_DATA,unclassified,,,,Nur Seitenaggregat; keine Query-Zuordnung und keine Redirect-Ableitung.,Mehr Daten sammeln; keine Routing- oder Redirect-Entscheidung treffen.
PAGE,Seiten.csv,162,https://www.floxant.de/business-errand-service,/business-errand-service,0,6,0,16.5,P3,NEW_OR_LOW_DATA,unclassified,,,,Nur Seitenaggregat; keine Query-Zuordnung und keine Redirect-Ableitung.,Mehr Daten sammeln; keine Routing- oder Redirect-Entscheidung treffen.
PAGE,Seiten.csv,163,https://www.floxant.de/service-finder,/service-finder,0,6,0,20,P3,NEW_OR_LOW_DATA,unclassified,,,,Nur Seitenaggregat; keine Query-Zuordnung und keine Redirect-Ableitung.,Mehr Daten sammeln; keine Routing- oder Redirect-Entscheidung treffen.
PAGE,Seiten.csv,164,https://www.floxant.de/en/regensburg/house-clearance,/en/regensburg/house-clearance,0,6,0,27.17,P3,NEW_OR_LOW_DATA,unclassified,,,,Nur Seitenaggregat; keine Query-Zuordnung und keine Redirect-Ableitung.,Mehr Daten sammeln; keine Routing- oder Redirect-Entscheidung treffen.
PAGE,Seiten.csv,165,https://www.floxant.de/duesseldorf/endreinigung,/duesseldorf/endreinigung,0,6,0,28.5,P3,NEW_OR_LOW_DATA,unclassified,,,,Nur Seitenaggregat; keine Query-Zuordnung und keine Redirect-Ableitung.,Mehr Daten sammeln; keine Routing- oder Redirect-Entscheidung treffen.
PAGE,Seiten.csv,166,https://www.floxant.de/pv-anlagen-reinigung,/pv-anlagen-reinigung,0,6,0,35.5,P3,NEW_OR_LOW_DATA,unclassified,,,,Nur Seitenaggregat; keine Query-Zuordnung und keine Redirect-Ableitung.,Mehr Daten sammeln; keine Routing- oder Redirect-Entscheidung treffen.
PAGE,Seiten.csv,167,https://www.floxant.de/vi/reinigung,/vi/reinigung,0,6,0,37,P3,NEW_OR_LOW_DATA,unclassified,,,,Nur Seitenaggregat; keine Query-Zuordnung und keine Redirect-Ableitung.,Mehr Daten sammeln; keine Routing- oder Redirect-Entscheidung treffen.
PAGE,Seiten.csv,168,https://www.floxant.de/duesseldorf/gewerbeflaechen-reinigung,/duesseldorf/gewerbeflaechen-reinigung,0,6,0,50.17,P3,NEW_OR_LOW_DATA,unclassified,,,,Nur Seitenaggregat; keine Query-Zuordnung und keine Redirect-Ableitung.,Mehr Daten sammeln; keine Routing- oder Redirect-Entscheidung treffen.
PAGE,Seiten.csv,169,https://www.floxant.de/angebot-pruefen,/angebot-pruefen,0,6,0,65.5,P3,NEW_OR_LOW_DATA,unclassified,,,,Nur Seitenaggregat; keine Query-Zuordnung und keine Redirect-Ableitung.,Mehr Daten sammeln; keine Routing- oder Redirect-Entscheidung treffen.
PAGE,Seiten.csv,170,https://www.floxant.de/ratgeber/umzug-versicherung,/ratgeber/umzug-versicherung,0,5,0,3.2,P3,NEW_OR_LOW_DATA,unclassified,,,,Nur Seitenaggregat; keine Query-Zuordnung und keine Redirect-Ableitung.,Mehr Daten sammeln; keine Routing- oder Redirect-Entscheidung treffen.
PAGE,Seiten.csv,171,https://www.floxant.de/wohnungsaufloesung-neustadt-an-der-donau,/wohnungsaufloesung-neustadt-an-der-donau,0,5,0,4.8,P3,NEW_OR_LOW_DATA,unclassified,,,,Nur Seitenaggregat; keine Query-Zuordnung und keine Redirect-Ableitung.,Mehr Daten sammeln; keine Routing- oder Redirect-Entscheidung treffen.
PAGE,Seiten.csv,172,https://www.floxant.de/en/methodology,/en/methodology,0,5,0,5,P3,NEW_OR_LOW_DATA,unclassified,,,,Nur Seitenaggregat; keine Query-Zuordnung und keine Redirect-Ableitung.,Mehr Daten sammeln; keine Routing- oder Redirect-Entscheidung treffen.
PAGE,Seiten.csv,173,https://www.floxant.de/umzug-teublitz,/umzug-teublitz,0,5,0,5.2,P3,NEW_OR_LOW_DATA,unclassified,,,,Nur Seitenaggregat; keine Query-Zuordnung und keine Redirect-Ableitung.,Mehr Daten sammeln; keine Routing- oder Redirect-Entscheidung treffen.
PAGE,Seiten.csv,174,https://www.floxant.de/en/umzug-deggendorf,/en/umzug-deggendorf,0,5,0,6,P3,NEW_OR_LOW_DATA,unclassified,,,,Nur Seitenaggregat; keine Query-Zuordnung und keine Redirect-Ableitung.,Mehr Daten sammeln; keine Routing- oder Redirect-Entscheidung treffen.
PAGE,Seiten.csv,175,https://www.floxant.de/blog/grundreinigung-regensburg-angebot-kosten-pruefen,/blog/grundreinigung-regensburg-angebot-kosten-pruefen,0,5,0,6.4,P3,NEW_OR_LOW_DATA,unclassified,,,,Nur Seitenaggregat; keine Query-Zuordnung und keine Redirect-Ableitung.,Mehr Daten sammeln; keine Routing- oder Redirect-Entscheidung treffen.
PAGE,Seiten.csv,176,https://www.floxant.de/studentenumzug-neunburg-vorm-wald,/studentenumzug-neunburg-vorm-wald,0,5,0,6.4,P3,NEW_OR_LOW_DATA,unclassified,,,,Nur Seitenaggregat; keine Query-Zuordnung und keine Redirect-Ableitung.,Mehr Daten sammeln; keine Routing- oder Redirect-Entscheidung treffen.
PAGE,Seiten.csv,177,https://www.floxant.de/fairpreis-check,/fairpreis-check,0,5,0,6.6,P3,NEW_OR_LOW_DATA,unclassified,,,,Nur Seitenaggregat; keine Query-Zuordnung und keine Redirect-Ableitung.,Mehr Daten sammeln; keine Routing- oder Redirect-Entscheidung treffen.
PAGE,Seiten.csv,178,https://www.floxant.de/en/bueroumzug-ingolstadt,/en/bueroumzug-ingolstadt,0,5,0,6.8,P3,NEW_OR_LOW_DATA,unclassified,,,,Nur Seitenaggregat; keine Query-Zuordnung und keine Redirect-Ableitung.,Mehr Daten sammeln; keine Routing- oder Redirect-Entscheidung treffen.
PAGE,Seiten.csv,179,https://www.floxant.de/korrekturen,/korrekturen,0,5,0,7,P3,NEW_OR_LOW_DATA,unclassified,,,,Nur Seitenaggregat; keine Query-Zuordnung und keine Redirect-Ableitung.,Mehr Daten sammeln; keine Routing- oder Redirect-Entscheidung treffen.
PAGE,Seiten.csv,180,https://www.floxant.de/blog/hausverwaltung-treppenhausreinigung-regensburg,/blog/hausverwaltung-treppenhausreinigung-regensburg,0,5,0,7.6,P3,NEW_OR_LOW_DATA,unclassified,,,,Nur Seitenaggregat; keine Query-Zuordnung und keine Redirect-Ableitung.,Mehr Daten sammeln; keine Routing- oder Redirect-Entscheidung treffen.
PAGE,Seiten.csv,181,https://www.floxant.de/umzug-weiden,/umzug-weiden,0,5,0,7.8,P3,NEW_OR_LOW_DATA,unclassified,,,,Nur Seitenaggregat; keine Query-Zuordnung und keine Redirect-Ableitung.,Mehr Daten sammeln; keine Routing- oder Redirect-Entscheidung treffen.
PAGE,Seiten.csv,182,https://www.floxant.de/reinigung-teublitz,/reinigung-teublitz,0,5,0,8,P3,NEW_OR_LOW_DATA,unclassified,,,,Nur Seitenaggregat; keine Query-Zuordnung und keine Redirect-Ableitung.,Mehr Daten sammeln; keine Routing- oder Redirect-Entscheidung treffen.
PAGE,Seiten.csv,183,https://www.floxant.de/duesseldorf/luxusreinigung,/duesseldorf/luxusreinigung,0,5,0,9,P3,NEW_OR_LOW_DATA,unclassified,,,,Nur Seitenaggregat; keine Query-Zuordnung und keine Redirect-Ableitung.,Mehr Daten sammeln; keine Routing- oder Redirect-Entscheidung treffen.
PAGE,Seiten.csv,184,https://www.floxant.de/reinigung-geisenfeld,/reinigung-geisenfeld,0,5,0,9.8,P3,NEW_OR_LOW_DATA,unclassified,,,,Nur Seitenaggregat; keine Query-Zuordnung und keine Redirect-Ableitung.,Mehr Daten sammeln; keine Routing- oder Redirect-Entscheidung treffen.
PAGE,Seiten.csv,185,https://www.floxant.de/umzug-ergoldsbach,/umzug-ergoldsbach,0,5,0,10.2,P3,NEW_OR_LOW_DATA,unclassified,,,,Nur Seitenaggregat; keine Query-Zuordnung und keine Redirect-Ableitung.,Mehr Daten sammeln; keine Routing- oder Redirect-Entscheidung treffen.
PAGE,Seiten.csv,186,https://www.floxant.de/umzug-abensberg,/umzug-abensberg,0,5,0,11,P3,NEW_OR_LOW_DATA,unclassified,,,,Nur Seitenaggregat; keine Query-Zuordnung und keine Redirect-Ableitung.,Mehr Daten sammeln; keine Routing- oder Redirect-Entscheidung treffen.
PAGE,Seiten.csv,187,https://www.floxant.de/umzug-muenchen-schwabing,/umzug-muenchen-schwabing,0,5,0,11.4,P3,NEW_OR_LOW_DATA,unclassified,,,,Nur Seitenaggregat; keine Query-Zuordnung und keine Redirect-Ableitung.,Mehr Daten sammeln; keine Routing- oder Redirect-Entscheidung treffen.
PAGE,Seiten.csv,188,https://www.floxant.de/blog/klaviertransport-regensburg-vorbereiten,/blog/klaviertransport-regensburg-vorbereiten,0,5,0,11.8,P3,NEW_OR_LOW_DATA,unclassified,,,,Nur Seitenaggregat; keine Query-Zuordnung und keine Redirect-Ableitung.,Mehr Daten sammeln; keine Routing- oder Redirect-Entscheidung treffen.
PAGE,Seiten.csv,189,https://www.floxant.de/reinigung-beratzhausen,/reinigung-beratzhausen,0,5,0,11.8,P3,NEW_OR_LOW_DATA,unclassified,,,,Nur Seitenaggregat; keine Query-Zuordnung und keine Redirect-Ableitung.,Mehr Daten sammeln; keine Routing- oder Redirect-Entscheidung treffen.
PAGE,Seiten.csv,190,https://www.floxant.de/krefeld/reinigung,/krefeld/reinigung,0,5,0,12.2,P3,NEW_OR_LOW_DATA,unclassified,,,,Nur Seitenaggregat; keine Query-Zuordnung und keine Redirect-Ableitung.,Mehr Daten sammeln; keine Routing- oder Redirect-Entscheidung treffen.
PAGE,Seiten.csv,191,https://www.floxant.de/eventreinigung,/eventreinigung,0,5,0,13.6,P3,NEW_OR_LOW_DATA,unclassified,,,,Nur Seitenaggregat; keine Query-Zuordnung und keine Redirect-Ableitung.,Mehr Daten sammeln; keine Routing- oder Redirect-Entscheidung treffen.
PAGE,Seiten.csv,192,https://www.floxant.de/property-operations,/property-operations,0,5,0,20.4,P3,NEW_OR_LOW_DATA,unclassified,,,,Nur Seitenaggregat; keine Query-Zuordnung und keine Redirect-Ableitung.,Mehr Daten sammeln; keine Routing- oder Redirect-Entscheidung treffen.
PAGE,Seiten.csv,193,https://www.floxant.de/reinigung-pfeffenhausen,/reinigung-pfeffenhausen,0,5,0,29.2,P3,NEW_OR_LOW_DATA,unclassified,,,,Nur Seitenaggregat; keine Query-Zuordnung und keine Redirect-Ableitung.,Mehr Daten sammeln; keine Routing- oder Redirect-Entscheidung treffen.
PAGE,Seiten.csv,194,https://www.floxant.de/entruempelung-gersthofen,/entruempelung-gersthofen,0,5,0,37.4,P3,NEW_OR_LOW_DATA,unclassified,,,,Nur Seitenaggregat; keine Query-Zuordnung und keine Redirect-Ableitung.,Mehr Daten sammeln; keine Routing- oder Redirect-Entscheidung treffen.
PAGE,Seiten.csv,195,https://www.floxant.de/entruempelung-oberasbach,/entruempelung-oberasbach,0,5,0,38.8,P3,NEW_OR_LOW_DATA,unclassified,,,,Nur Seitenaggregat; keine Query-Zuordnung und keine Redirect-Ableitung.,Mehr Daten sammeln; keine Routing- oder Redirect-Entscheidung treffen.
PAGE,Seiten.csv,196,https://www.floxant.de/entruempelung-dingolfing,/entruempelung-dingolfing,0,5,0,52.8,P3,NEW_OR_LOW_DATA,unclassified,,,,Nur Seitenaggregat; keine Query-Zuordnung und keine Redirect-Ableitung.,Mehr Daten sammeln; keine Routing- oder Redirect-Entscheidung treffen.
PAGE,Seiten.csv,197,https://www.floxant.de/blog/wohnung-uebergabebereit-machen,/blog/wohnung-uebergabebereit-machen,0,4,0,2.25,P3,NEW_OR_LOW_DATA,unclassified,,,,Nur Seitenaggregat; keine Query-Zuordnung und keine Redirect-Ableitung.,Mehr Daten sammeln; keine Routing- oder Redirect-Entscheidung treffen.
PAGE,Seiten.csv,198,https://www.floxant.de/klaviertransport-mering,/klaviertransport-mering,0,4,0,2.25,P3,NEW_OR_LOW_DATA,unclassified,,,,Nur Seitenaggregat; keine Query-Zuordnung und keine Redirect-Ableitung.,Mehr Daten sammeln; keine Routing- oder Redirect-Entscheidung treffen.
PAGE,Seiten.csv,199,https://www.floxant.de/blog/google-unternehmensprofil-buchungslink-regensburg,/blog/google-unternehmensprofil-buchungslink-regensburg,0,4,0,3,P3,NEW_OR_LOW_DATA,unclassified,,,,Nur Seitenaggregat; keine Query-Zuordnung und keine Redirect-Ableitung.,Mehr Daten sammeln; keine Routing- oder Redirect-Entscheidung treffen.
PAGE,Seiten.csv,200,https://www.floxant.de/en/editorial-policy,/en/editorial-policy,0,4,0,3.5,P3,NEW_OR_LOW_DATA,unclassified,,,,Nur Seitenaggregat; keine Query-Zuordnung und keine Redirect-Ableitung.,Mehr Daten sammeln; keine Routing- oder Redirect-Entscheidung treffen.
PAGE,Seiten.csv,201,https://www.floxant.de/wohnungsaufloesung-thalmassing,/wohnungsaufloesung-thalmassing,0,4,0,3.5,P3,NEW_OR_LOW_DATA,unclassified,,,,Nur Seitenaggregat; keine Query-Zuordnung und keine Redirect-Ableitung.,Mehr Daten sammeln; keine Routing- oder Redirect-Entscheidung treffen.
PAGE,Seiten.csv,202,https://www.floxant.de/ar/umzug-muenchen,/ar/umzug-muenchen,0,4,0,4,P3,NEW_OR_LOW_DATA,unclassified,,,,Nur Seitenaggregat; keine Query-Zuordnung und keine Redirect-Ableitung.,Mehr Daten sammeln; keine Routing- oder Redirect-Entscheidung treffen.
PAGE,Seiten.csv,203,https://www.floxant.de/klaviertransport-freising,/klaviertransport-freising,0,4,0,4.25,P3,NEW_OR_LOW_DATA,unclassified,,,,Nur Seitenaggregat; keine Query-Zuordnung und keine Redirect-Ableitung.,Mehr Daten sammeln; keine Routing- oder Redirect-Entscheidung treffen.
PAGE,Seiten.csv,204,https://www.floxant.de/unterhaltsreinigung-regensburg,/unterhaltsreinigung-regensburg,0,4,0,4.5,P3,NEW_OR_LOW_DATA,unclassified,,,,Nur Seitenaggregat; keine Query-Zuordnung und keine Redirect-Ableitung.,Mehr Daten sammeln; keine Routing- oder Redirect-Entscheidung treffen.
PAGE,Seiten.csv,205,https://www.floxant.de/en/duesseldorf/office-cleaning,/en/duesseldorf/office-cleaning,0,4,0,4.75,P3,NEW_OR_LOW_DATA,unclassified,,,,Nur Seitenaggregat; keine Query-Zuordnung und keine Redirect-Ableitung.,Mehr Daten sammeln; keine Routing- oder Redirect-Entscheidung treffen.
PAGE,Seiten.csv,206,https://www.floxant.de/blog/google-maps-buchungslink-regensburg,/blog/google-maps-buchungslink-regensburg,0,4,0,6,P3,NEW_OR_LOW_DATA,unclassified,,,,Nur Seitenaggregat; keine Query-Zuordnung und keine Redirect-Ableitung.,Mehr Daten sammeln; keine Routing- oder Redirect-Entscheidung treffen.
PAGE,Seiten.csv,207,https://www.floxant.de/blog/fernumzug-bayern-nrw-tipps,/blog/fernumzug-bayern-nrw-tipps,0,4,0,6.25,P3,NEW_OR_LOW_DATA,unclassified,,,,Nur Seitenaggregat; keine Query-Zuordnung und keine Redirect-Ableitung.,Mehr Daten sammeln; keine Routing- oder Redirect-Entscheidung treffen.
PAGE,Seiten.csv,208,https://www.floxant.de/blog/sichtbare-sauberkeit-vermietertermin,/blog/sichtbare-sauberkeit-vermietertermin,0,4,0,6.5,P3,NEW_OR_LOW_DATA,unclassified,,,,Nur Seitenaggregat; keine Query-Zuordnung und keine Redirect-Ableitung.,Mehr Daten sammeln; keine Routing- oder Redirect-Entscheidung treffen.
PAGE,Seiten.csv,209,https://www.floxant.de/blog/budget-planung-umzug-kosten,/blog/budget-planung-umzug-kosten,0,4,0,6.75,P3,NEW_OR_LOW_DATA,unclassified,,,,Nur Seitenaggregat; keine Query-Zuordnung und keine Redirect-Ableitung.,Mehr Daten sammeln; keine Routing- oder Redirect-Entscheidung treffen.
PAGE,Seiten.csv,210,https://www.floxant.de/regensburg/solarreinigung,/regensburg/solarreinigung,0,4,0,6.75,P3,NEW_OR_LOW_DATA,unclassified,,,,Nur Seitenaggregat; keine Query-Zuordnung und keine Redirect-Ableitung.,Mehr Daten sammeln; keine Routing- oder Redirect-Entscheidung treffen.
PAGE,Seiten.csv,211,https://www.floxant.de/blog/service-kombination-umzug-reinigung-entruempelung,/blog/service-kombination-umzug-reinigung-entruempelung,0,4,0,7,P3,NEW_OR_LOW_DATA,unclassified,,,,Nur Seitenaggregat; keine Query-Zuordnung und keine Redirect-Ableitung.,Mehr Daten sammeln; keine Routing- oder Redirect-Entscheidung treffen.
PAGE,Seiten.csv,212,https://www.floxant.de/klaviertransport-bamberg,/klaviertransport-bamberg,0,4,0,7.5,P3,NEW_OR_LOW_DATA,unclassified,,,,Nur Seitenaggregat; keine Query-Zuordnung und keine Redirect-Ableitung.,Mehr Daten sammeln; keine Routing- oder Redirect-Entscheidung treffen.
PAGE,Seiten.csv,213,https://www.floxant.de/umzug-auerbach-in-der-oberpfalz,/umzug-auerbach-in-der-oberpfalz,0,4,0,7.75,P3,NEW_OR_LOW_DATA,unclassified,,,,Nur Seitenaggregat; keine Query-Zuordnung und keine Redirect-Ableitung.,Mehr Daten sammeln; keine Routing- oder Redirect-Entscheidung treffen.
PAGE,Seiten.csv,214,https://www.floxant.de/reinigung-painten,/reinigung-painten,0,4,0,8,P3,NEW_OR_LOW_DATA,unclassified,,,,Nur Seitenaggregat; keine Query-Zuordnung und keine Redirect-Ableitung.,Mehr Daten sammeln; keine Routing- oder Redirect-Entscheidung treffen.
PAGE,Seiten.csv,215,https://www.floxant.de/umzug-waldmuenchen,/umzug-waldmuenchen,0,4,0,8,P3,NEW_OR_LOW_DATA,unclassified,,,,Nur Seitenaggregat; keine Query-Zuordnung und keine Redirect-Ableitung.,Mehr Daten sammeln; keine Routing- oder Redirect-Entscheidung treffen.
PAGE,Seiten.csv,216,https://www.floxant.de/blog/entruempelung-vor-wohnungsuebergabe,/blog/entruempelung-vor-wohnungsuebergabe,0,4,0,8.5,P3,NEW_OR_LOW_DATA,unclassified,,,,Nur Seitenaggregat; keine Query-Zuordnung und keine Redirect-Ableitung.,Mehr Daten sammeln; keine Routing- oder Redirect-Entscheidung treffen.
PAGE,Seiten.csv,217,https://www.floxant.de/klaviertransport-bayreuth,/klaviertransport-bayreuth,0,4,0,9,P3,NEW_OR_LOW_DATA,unclassified,,,,Nur Seitenaggregat; keine Query-Zuordnung und keine Redirect-Ableitung.,Mehr Daten sammeln; keine Routing- oder Redirect-Entscheidung treffen.
PAGE,Seiten.csv,218,https://www.floxant.de/entruempelung-teublitz,/entruempelung-teublitz,0,4,0,9.5,P3,NEW_OR_LOW_DATA,unclassified,,,,Nur Seitenaggregat; keine Query-Zuordnung und keine Redirect-Ableitung.,Mehr Daten sammeln; keine Routing- oder Redirect-Entscheidung treffen.
PAGE,Seiten.csv,219,https://www.floxant.de/blog/hausverwaltung-weg-mieterwechsel-objektbetreuung-floxant,/blog/hausverwaltung-weg-mieterwechsel-objektbetreuung-floxant,0,4,0,9.75,P3,NEW_OR_LOW_DATA,unclassified,,,,Nur Seitenaggregat; keine Query-Zuordnung und keine Redirect-Ableitung.,Mehr Daten sammeln; keine Routing- oder Redirect-Entscheidung treffen.
PAGE,Seiten.csv,220,https://www.floxant.de/bg/umzug-abensberg,/bg/umzug-abensberg,0,4,0,10.25,P3,NEW_OR_LOW_DATA,unclassified,,,,Nur Seitenaggregat; keine Query-Zuordnung und keine Redirect-Ableitung.,Mehr Daten sammeln; keine Routing- oder Redirect-Entscheidung treffen.
PAGE,Seiten.csv,221,https://www.floxant.de/duesseldorf/haushaltsreinigung,/duesseldorf/haushaltsreinigung,0,4,0,10.5,P3,NEW_OR_LOW_DATA,unclassified,,,,Nur Seitenaggregat; keine Query-Zuordnung und keine Redirect-Ableitung.,Mehr Daten sammeln; keine Routing- oder Redirect-Entscheidung treffen.
PAGE,Seiten.csv,222,https://www.floxant.de/klaviertransport-schweinfurt,/klaviertransport-schweinfurt,0,4,0,10.5,P3,NEW_OR_LOW_DATA,unclassified,,,,Nur Seitenaggregat; keine Query-Zuordnung und keine Redirect-Ableitung.,Mehr Daten sammeln; keine Routing- oder Redirect-Entscheidung treffen.
PAGE,Seiten.csv,223,https://www.floxant.de/entruempelung-neufahrn-in-niederbayern,/entruempelung-neufahrn-in-niederbayern,0,4,0,10.75,P3,NEW_OR_LOW_DATA,unclassified,,,,Nur Seitenaggregat; keine Query-Zuordnung und keine Redirect-Ableitung.,Mehr Daten sammeln; keine Routing- oder Redirect-Entscheidung treffen.
PAGE,Seiten.csv,224,https://www.floxant.de/entruempelung-thalmassing,/entruempelung-thalmassing,0,4,0,10.75,P3,NEW_OR_LOW_DATA,unclassified,,,,Nur Seitenaggregat; keine Query-Zuordnung und keine Redirect-Ableitung.,Mehr Daten sammeln; keine Routing- oder Redirect-Entscheidung treffen.
PAGE,Seiten.csv,225,https://www.floxant.de/umzug-oberviechtach,/umzug-oberviechtach,0,4,0,10.75,P3,NEW_OR_LOW_DATA,unclassified,,,,Nur Seitenaggregat; keine Query-Zuordnung und keine Redirect-Ableitung.,Mehr Daten sammeln; keine Routing- oder Redirect-Entscheidung treffen.
PAGE,Seiten.csv,226,https://www.floxant.de/anbieter-vergleichen,/anbieter-vergleichen,0,4,0,11.25,P3,NEW_OR_LOW_DATA,unclassified,,,,Nur Seitenaggregat; keine Query-Zuordnung und keine Redirect-Ableitung.,Mehr Daten sammeln; keine Routing- oder Redirect-Entscheidung treffen.
PAGE,Seiten.csv,227,https://www.floxant.de/duesseldorf/solarreinigung,/duesseldorf/solarreinigung,0,4,0,11.25,P3,NEW_OR_LOW_DATA,unclassified,,,,Nur Seitenaggregat; keine Query-Zuordnung und keine Redirect-Ableitung.,Mehr Daten sammeln; keine Routing- oder Redirect-Entscheidung treffen.
PAGE,Seiten.csv,228,https://www.floxant.de/praxisreinigung-regensburg,/praxisreinigung-regensburg,0,4,0,11.5,P3,NEW_OR_LOW_DATA,unclassified,,,,Nur Seitenaggregat; keine Query-Zuordnung und keine Redirect-Ableitung.,Mehr Daten sammeln; keine Routing- oder Redirect-Entscheidung treffen.
PAGE,Seiten.csv,229,https://www.floxant.de/ratingen/reinigung,/ratingen/reinigung,0,4,0,16,P3,NEW_OR_LOW_DATA,unclassified,,,,Nur Seitenaggregat; keine Query-Zuordnung und keine Redirect-Ableitung.,Mehr Daten sammeln; keine Routing- oder Redirect-Entscheidung treffen.
PAGE,Seiten.csv,230,https://www.floxant.de/klaviertransport-fuerth,/klaviertransport-fuerth,0,4,0,17.25,P3,NEW_OR_LOW_DATA,unclassified,,,,Nur Seitenaggregat; keine Query-Zuordnung und keine Redirect-Ableitung.,Mehr Daten sammeln; keine Routing- oder Redirect-Entscheidung treffen.
PAGE,Seiten.csv,231,https://www.floxant.de/ru/umzug-rosenheim,/ru/umzug-rosenheim,0,4,0,22.75,P3,NEW_OR_LOW_DATA,unclassified,,,,Nur Seitenaggregat; keine Query-Zuordnung und keine Redirect-Ableitung.,Mehr Daten sammeln; keine Routing- oder Redirect-Entscheidung treffen.
PAGE,Seiten.csv,232,https://www.floxant.de/regensburg/bueroreinigung,/regensburg/bueroreinigung,0,4,0,34.75,P3,NEW_OR_LOW_DATA,unclassified,,,,Nur Seitenaggregat; keine Query-Zuordnung und keine Redirect-Ableitung.,Mehr Daten sammeln; keine Routing- oder Redirect-Entscheidung treffen.
PAGE,Seiten.csv,233,https://www.floxant.de/blog/praxisreinigung-duesseldorf-angebot-pruefen,/blog/praxisreinigung-duesseldorf-angebot-pruefen,0,4,0,44.25,P3,NEW_OR_LOW_DATA,unclassified,,,,Nur Seitenaggregat; keine Query-Zuordnung und keine Redirect-Ableitung.,Mehr Daten sammeln; keine Routing- oder Redirect-Entscheidung treffen.
PAGE,Seiten.csv,234,https://www.floxant.de/blog/warum-baustaub-wiederkommt,/blog/warum-baustaub-wiederkommt,0,4,0,49.75,P3,NEW_OR_LOW_DATA,unclassified,,,,Nur Seitenaggregat; keine Query-Zuordnung und keine Redirect-Ableitung.,Mehr Daten sammeln; keine Routing- oder Redirect-Entscheidung treffen.
PAGE,Seiten.csv,235,https://www.floxant.de/blog/reinigungsbetrieb-reinigungsunternehmen-regensburg-kosten,/blog/reinigungsbetrieb-reinigungsunternehmen-regensburg-kosten,0,4,0,69.25,P3,NEW_OR_LOW_DATA,unclassified,,,,Nur Seitenaggregat; keine Query-Zuordnung und keine Redirect-Ableitung.,Mehr Daten sammeln; keine Routing- oder Redirect-Entscheidung treffen.
PAGE,Seiten.csv,236,https://www.floxant.de/bg/umzug-augsburg,/bg/umzug-augsburg,0,4,0,77,P3,NEW_OR_LOW_DATA,unclassified,,,,Nur Seitenaggregat; keine Query-Zuordnung und keine Redirect-Ableitung.,Mehr Daten sammeln; keine Routing- oder Redirect-Entscheidung treffen.
PAGE,Seiten.csv,237,https://www.floxant.de/blog/regensburg-reinigung-services-gewerbe-praxis-hausverwaltung,/blog/regensburg-reinigung-services-gewerbe-praxis-hausverwaltung,0,4,0,79,P3,NEW_OR_LOW_DATA,unclassified,,,,Nur Seitenaggregat; keine Query-Zuordnung und keine Redirect-Ableitung.,Mehr Daten sammeln; keine Routing- oder Redirect-Entscheidung treffen.
PAGE,Seiten.csv,238,https://www.floxant.de/fa/entruempelung-deggendorf,/fa/entruempelung-deggendorf,0,4,0,82,P3,NEW_OR_LOW_DATA,unclassified,,,,Nur Seitenaggregat; keine Query-Zuordnung und keine Redirect-Ableitung.,Mehr Daten sammeln; keine Routing- oder Redirect-Entscheidung treffen.
PAGE,Seiten.csv,239,https://www.floxant.de/blog/floxant-regensburg-regensburg-wo-taetig,/blog/floxant-regensburg-regensburg-wo-taetig,0,3,0,1,P3,NEW_OR_LOW_DATA,unclassified,,,,Nur Seitenaggregat; keine Query-Zuordnung und keine Redirect-Ableitung.,Mehr Daten sammeln; keine Routing- oder Redirect-Entscheidung treffen.
PAGE,Seiten.csv,240,https://www.floxant.de/blog/angebot-ohne-besichtigung-riskant,/blog/angebot-ohne-besichtigung-riskant,0,3,0,3.33,P3,NEW_OR_LOW_DATA,unclassified,,,,Nur Seitenaggregat; keine Query-Zuordnung und keine Redirect-Ableitung.,Mehr Daten sammeln; keine Routing- oder Redirect-Entscheidung treffen.
PAGE,Seiten.csv,241,https://www.floxant.de/blog/geruchsproblem-dokumentieren-statt-ueberdecken,/blog/geruchsproblem-dokumentieren-statt-ueberdecken,0,3,0,3.33,P3,NEW_OR_LOW_DATA,unclassified,,,,Nur Seitenaggregat; keine Query-Zuordnung und keine Redirect-Ableitung.,Mehr Daten sammeln; keine Routing- oder Redirect-Entscheidung treffen.
PAGE,Seiten.csv,242,https://www.floxant.de/en/regensburg/moving-costs,/en/regensburg/moving-costs,0,3,0,3.33,P3,NEW_OR_LOW_DATA,unclassified,,,,Nur Seitenaggregat; keine Query-Zuordnung und keine Redirect-Ableitung.,Mehr Daten sammeln; keine Routing- oder Redirect-Entscheidung treffen.
PAGE,Seiten.csv,243,https://www.floxant.de/klaviertransport-dachau,/klaviertransport-dachau,0,3,0,3.67,P3,NEW_OR_LOW_DATA,unclassified,,,,Nur Seitenaggregat; keine Query-Zuordnung und keine Redirect-Ableitung.,Mehr Daten sammeln; keine Routing- oder Redirect-Entscheidung treffen.
PAGE,Seiten.csv,244,https://www.floxant.de/klaviertransport-eichstaett,/klaviertransport-eichstaett,0,3,0,4,P3,NEW_OR_LOW_DATA,unclassified,,,,Nur Seitenaggregat; keine Query-Zuordnung und keine Redirect-Ableitung.,Mehr Daten sammeln; keine Routing- oder Redirect-Entscheidung treffen.
PAGE,Seiten.csv,245,https://www.floxant.de/reinigung-lauf-an-der-pegnitz,/reinigung-lauf-an-der-pegnitz,0,3,0,4,P3,NEW_OR_LOW_DATA,unclassified,,,,Nur Seitenaggregat; keine Query-Zuordnung und keine Redirect-Ableitung.,Mehr Daten sammeln; keine Routing- oder Redirect-Entscheidung treffen.
PAGE,Seiten.csv,246,https://www.floxant.de/studentenumzug-hausen,/studentenumzug-hausen,0,3,0,4,P3,NEW_OR_LOW_DATA,unclassified,,,,Nur Seitenaggregat; keine Query-Zuordnung und keine Redirect-Ableitung.,Mehr Daten sammeln; keine Routing- oder Redirect-Entscheidung treffen.
PAGE,Seiten.csv,247,https://www.floxant.de/klaviertransport-schwandorf,/klaviertransport-schwandorf,0,3,0,4.33,P3,NEW_OR_LOW_DATA,unclassified,,,,Nur Seitenaggregat; keine Query-Zuordnung und keine Redirect-Ableitung.,Mehr Daten sammeln; keine Routing- oder Redirect-Entscheidung treffen.
PAGE,Seiten.csv,248,https://www.floxant.de/umzug-zeitlarn,/umzug-zeitlarn,0,3,0,4.33,P3,NEW_OR_LOW_DATA,unclassified,,,,Nur Seitenaggregat; keine Query-Zuordnung und keine Redirect-Ableitung.,Mehr Daten sammeln; keine Routing- oder Redirect-Entscheidung treffen.
PAGE,Seiten.csv,249,https://www.floxant.de/agb,/agb,0,3,0,5.33,P3,NEW_OR_LOW_DATA,unclassified,,,,Nur Seitenaggregat; keine Query-Zuordnung und keine Redirect-Ableitung.,Mehr Daten sammeln; keine Routing- oder Redirect-Entscheidung treffen.
PAGE,Seiten.csv,250,https://www.floxant.de/blog/diskreter-umzug-sensible-situationen,/blog/diskreter-umzug-sensible-situationen,0,3,0,5.33,P3,NEW_OR_LOW_DATA,unclassified,,,,Nur Seitenaggregat; keine Query-Zuordnung und keine Redirect-Ableitung.,Mehr Daten sammeln; keine Routing- oder Redirect-Entscheidung treffen.
PAGE,Seiten.csv,251,https://www.floxant.de/klaviertransport-starnberg,/klaviertransport-starnberg,0,3,0,5.33,P3,NEW_OR_LOW_DATA,unclassified,,,,Nur Seitenaggregat; keine Query-Zuordnung und keine Redirect-Ableitung.,Mehr Daten sammeln; keine Routing- oder Redirect-Entscheidung treffen.
PAGE,Seiten.csv,252,https://www.floxant.de/en/corrections,/en/corrections,0,3,0,5.67,P3,NEW_OR_LOW_DATA,unclassified,,,,Nur Seitenaggregat; keine Query-Zuordnung und keine Redirect-Ableitung.,Mehr Daten sammeln; keine Routing- oder Redirect-Entscheidung treffen.
PAGE,Seiten.csv,253,https://www.floxant.de/wohnungsaufloesung-seubersdorf,/wohnungsaufloesung-seubersdorf,0,3,0,5.67,P3,NEW_OR_LOW_DATA,unclassified,,,,Nur Seitenaggregat; keine Query-Zuordnung und keine Redirect-Ableitung.,Mehr Daten sammeln; keine Routing- oder Redirect-Entscheidung treffen.
PAGE,Seiten.csv,254,https://www.floxant.de/blog/grundreinigung-bodenreinigung-hauseingang-duesseldorf,/blog/grundreinigung-bodenreinigung-hauseingang-duesseldorf,0,3,0,6,P3,NEW_OR_LOW_DATA,unclassified,,,,Nur Seitenaggregat; keine Query-Zuordnung und keine Redirect-Ableitung.,Mehr Daten sammeln; keine Routing- oder Redirect-Entscheidung treffen.
PAGE,Seiten.csv,255,https://www.floxant.de/amberg/umzug,/amberg/umzug,0,3,0,6.33,P3,NEW_OR_LOW_DATA,unclassified,,,,Nur Seitenaggregat; keine Query-Zuordnung und keine Redirect-Ableitung.,Mehr Daten sammeln; keine Routing- oder Redirect-Entscheidung treffen.
PAGE,Seiten.csv,256,https://www.floxant.de/umzug-lappersdorf,/umzug-lappersdorf,0,3,0,6.33,P3,NEW_OR_LOW_DATA,unclassified,,,,Nur Seitenaggregat; keine Query-Zuordnung und keine Redirect-Ableitung.,Mehr Daten sammeln; keine Routing- oder Redirect-Entscheidung treffen.
PAGE,Seiten.csv,257,https://www.floxant.de/duesseldorf/entruempelung,/duesseldorf/entruempelung,0,3,0,6.67,P3,NEW_OR_LOW_DATA,unclassified,,,,Nur Seitenaggregat; keine Query-Zuordnung und keine Redirect-Ableitung.,Mehr Daten sammeln; keine Routing- oder Redirect-Entscheidung treffen.
PAGE,Seiten.csv,258,https://www.floxant.de/umzug-schwarzenfeld,/umzug-schwarzenfeld,0,3,0,6.67,P3,NEW_OR_LOW_DATA,unclassified,,,,Nur Seitenaggregat; keine Query-Zuordnung und keine Redirect-Ableitung.,Mehr Daten sammeln; keine Routing- oder Redirect-Entscheidung treffen.
PAGE,Seiten.csv,259,https://www.floxant.de/wohnungsaufloesung-eschenbach-in-der-oberpfalz,/wohnungsaufloesung-eschenbach-in-der-oberpfalz,0,3,0,6.67,P3,NEW_OR_LOW_DATA,unclassified,,,,Nur Seitenaggregat; keine Query-Zuordnung und keine Redirect-Ableitung.,Mehr Daten sammeln; keine Routing- oder Redirect-Entscheidung treffen.
PAGE,Seiten.csv,260,https://www.floxant.de/blog/saubere-fotos-vor-wohnungsuebergabe,/blog/saubere-fotos-vor-wohnungsuebergabe,0,3,0,7,P3,NEW_OR_LOW_DATA,unclassified,,,,Nur Seitenaggregat; keine Query-Zuordnung und keine Redirect-Ableitung.,Mehr Daten sammeln; keine Routing- oder Redirect-Entscheidung treffen.
PAGE,Seiten.csv,261,https://www.floxant.de/regensburg/uebergabereinigung,/regensburg/uebergabereinigung,0,3,0,7,P3,NEW_OR_LOW_DATA,unclassified,,,,Nur Seitenaggregat; keine Query-Zuordnung und keine Redirect-Ableitung.,Mehr Daten sammeln; keine Routing- oder Redirect-Entscheidung treffen.
PAGE,Seiten.csv,262,https://www.floxant.de/signature-services,/signature-services,0,3,0,7,P3,NEW_OR_LOW_DATA,unclassified,,,,Nur Seitenaggregat; keine Query-Zuordnung und keine Redirect-Ableitung.,Mehr Daten sammeln; keine Routing- oder Redirect-Entscheidung treffen.
PAGE,Seiten.csv,263,https://www.floxant.de/blog/gewerbe-auszug-rueckgabevorbereitung,/blog/gewerbe-auszug-rueckgabevorbereitung,0,3,0,7.33,P3,NEW_OR_LOW_DATA,unclassified,,,,Nur Seitenaggregat; keine Query-Zuordnung und keine Redirect-Ableitung.,Mehr Daten sammeln; keine Routing- oder Redirect-Entscheidung treffen.
PAGE,Seiten.csv,264,https://www.floxant.de/entruempelung-waldkirchen,/entruempelung-waldkirchen,0,3,0,7.33,P3,NEW_OR_LOW_DATA,unclassified,,,,Nur Seitenaggregat; keine Query-Zuordnung und keine Redirect-Ableitung.,Mehr Daten sammeln; keine Routing- oder Redirect-Entscheidung treffen.
PAGE,Seiten.csv,265,https://www.floxant.de/private-client-service,/private-client-service,0,3,0,7.33,P3,NEW_OR_LOW_DATA,unclassified,,,,Nur Seitenaggregat; keine Query-Zuordnung und keine Redirect-Ableitung.,Mehr Daten sammeln; keine Routing- oder Redirect-Entscheidung treffen.
PAGE,Seiten.csv,266,https://www.floxant.de/umzug-freystadt,/umzug-freystadt,0,3,0,7.33,P3,NEW_OR_LOW_DATA,unclassified,,,,Nur Seitenaggregat; keine Query-Zuordnung und keine Redirect-Ableitung.,Mehr Daten sammeln; keine Routing- oder Redirect-Entscheidung treffen.
PAGE,Seiten.csv,267,https://www.floxant.de/bueroumzug-gersthofen,/bueroumzug-gersthofen,0,3,0,8.33,P3,NEW_OR_LOW_DATA,unclassified,,,,Nur Seitenaggregat; keine Query-Zuordnung und keine Redirect-Ableitung.,Mehr Daten sammeln; keine Routing- oder Redirect-Entscheidung treffen.
PAGE,Seiten.csv,268,https://www.floxant.de/blog/entruempelung-endreinigung-bayern,/blog/entruempelung-endreinigung-bayern,0,3,0,9,P3,NEW_OR_LOW_DATA,unclassified,,,,Nur Seitenaggregat; keine Query-Zuordnung und keine Redirect-Ableitung.,Mehr Daten sammeln; keine Routing- oder Redirect-Entscheidung treffen.
PAGE,Seiten.csv,269,https://www.floxant.de/klaviertransport-freystadt,/klaviertransport-freystadt,0,3,0,9,P3,NEW_OR_LOW_DATA,unclassified,,,,Nur Seitenaggregat; keine Query-Zuordnung und keine Redirect-Ableitung.,Mehr Daten sammeln; keine Routing- oder Redirect-Entscheidung treffen.
PAGE,Seiten.csv,270,https://www.floxant.de/weiden/umzug,/weiden/umzug,0,3,0,9,P3,NEW_OR_LOW_DATA,unclassified,,,,Nur Seitenaggregat; keine Query-Zuordnung und keine Redirect-Ableitung.,Mehr Daten sammeln; keine Routing- oder Redirect-Entscheidung treffen.
PAGE,Seiten.csv,271,https://www.floxant.de/blog/duesseldorf-buero-praxis-hausverwaltung-reinigung-anfrage,/blog/duesseldorf-buero-praxis-hausverwaltung-reinigung-anfrage,0,3,0,9.67,P3,NEW_OR_LOW_DATA,unclassified,,,,Nur Seitenaggregat; keine Query-Zuordnung und keine Redirect-Ableitung.,Mehr Daten sammeln; keine Routing- oder Redirect-Entscheidung treffen.
PAGE,Seiten.csv,272,https://www.floxant.de/blog/regensburg-services-umzug-reinigung-entruempelung-uebergabe,/blog/regensburg-services-umzug-reinigung-entruempelung-uebergabe,0,3,0,9.67,P3,NEW_OR_LOW_DATA,unclassified,,,,Nur Seitenaggregat; keine Query-Zuordnung und keine Redirect-Ableitung.,Mehr Daten sammeln; keine Routing- oder Redirect-Entscheidung treffen.
PAGE,Seiten.csv,273,https://www.floxant.de/seniorenumzug-coburg,/seniorenumzug-coburg,0,3,0,9.67,P3,NEW_OR_LOW_DATA,unclassified,,,,Nur Seitenaggregat; keine Query-Zuordnung und keine Redirect-Ableitung.,Mehr Daten sammeln; keine Routing- oder Redirect-Entscheidung treffen.
PAGE,Seiten.csv,274,https://www.floxant.de/umzug-cham,/umzug-cham,0,3,0,10,P3,NEW_OR_LOW_DATA,unclassified,,,,Nur Seitenaggregat; keine Query-Zuordnung und keine Redirect-Ableitung.,Mehr Daten sammeln; keine Routing- oder Redirect-Entscheidung treffen.
PAGE,Seiten.csv,275,https://www.floxant.de/umzug-nittenau,/umzug-nittenau,0,3,0,10.67,P3,NEW_OR_LOW_DATA,unclassified,,,,Nur Seitenaggregat; keine Query-Zuordnung und keine Redirect-Ableitung.,Mehr Daten sammeln; keine Routing- oder Redirect-Entscheidung treffen.
PAGE,Seiten.csv,276,https://www.floxant.de/wohnungsaufloesung-weiden,/wohnungsaufloesung-weiden,0,3,0,10.67,P3,NEW_OR_LOW_DATA,unclassified,,,,Nur Seitenaggregat; keine Query-Zuordnung und keine Redirect-Ableitung.,Mehr Daten sammeln; keine Routing- oder Redirect-Entscheidung treffen.
PAGE,Seiten.csv,277,https://www.floxant.de/hilden/reinigung,/hilden/reinigung,0,3,0,11.67,P3,NEW_OR_LOW_DATA,unclassified,,,,Nur Seitenaggregat; keine Query-Zuordnung und keine Redirect-Ableitung.,Mehr Daten sammeln; keine Routing- oder Redirect-Entscheidung treffen.
PAGE,Seiten.csv,278,https://www.floxant.de/entruempelung-forchheim,/entruempelung-forchheim,0,3,0,12.33,P3,NEW_OR_LOW_DATA,unclassified,,,,Nur Seitenaggregat; keine Query-Zuordnung und keine Redirect-Ableitung.,Mehr Daten sammeln; keine Routing- oder Redirect-Entscheidung treffen.
PAGE,Seiten.csv,279,https://www.floxant.de/umzug-vilsbiburg,/umzug-vilsbiburg,0,3,0,12.33,P3,NEW_OR_LOW_DATA,unclassified,,,,Nur Seitenaggregat; keine Query-Zuordnung und keine Redirect-Ableitung.,Mehr Daten sammeln; keine Routing- oder Redirect-Entscheidung treffen.
PAGE,Seiten.csv,280,https://www.floxant.de/reinigung-ansbach,/reinigung-ansbach,0,3,0,17.67,P3,NEW_OR_LOW_DATA,unclassified,,,,Nur Seitenaggregat; keine Query-Zuordnung und keine Redirect-Ableitung.,Mehr Daten sammeln; keine Routing- oder Redirect-Entscheidung treffen.
PAGE,Seiten.csv,281,https://www.floxant.de/en/bueroumzug-landshut,/en/bueroumzug-landshut,0,3,0,18.67,P3,NEW_OR_LOW_DATA,unclassified,,,,Nur Seitenaggregat; keine Query-Zuordnung und keine Redirect-Ableitung.,Mehr Daten sammeln; keine Routing- oder Redirect-Entscheidung treffen.
PAGE,Seiten.csv,282,https://www.floxant.de/solarreinigung,/solarreinigung,0,3,0,20,P3,NEW_OR_LOW_DATA,unclassified,,,,Nur Seitenaggregat; keine Query-Zuordnung und keine Redirect-Ableitung.,Mehr Daten sammeln; keine Routing- oder Redirect-Entscheidung treffen.
PAGE,Seiten.csv,283,https://www.floxant.de/umzug-nuernberg-ziegelstein,/umzug-nuernberg-ziegelstein,0,3,0,22.33,P3,NEW_OR_LOW_DATA,unclassified,,,,Nur Seitenaggregat; keine Query-Zuordnung und keine Redirect-Ableitung.,Mehr Daten sammeln; keine Routing- oder Redirect-Entscheidung treffen.
PAGE,Seiten.csv,284,https://www.floxant.de/neuss/reinigung,/neuss/reinigung,0,3,0,24.67,P3,NEW_OR_LOW_DATA,unclassified,,,,Nur Seitenaggregat; keine Query-Zuordnung und keine Redirect-Ableitung.,Mehr Daten sammeln; keine Routing- oder Redirect-Entscheidung treffen.
PAGE,Seiten.csv,285,https://www.floxant.de/blog/reinigungsfirma-regensburg-in-der-naehe-stadtteile,/blog/reinigungsfirma-regensburg-in-der-naehe-stadtteile,0,3,0,25.67,P3,NEW_OR_LOW_DATA,unclassified,,,,Nur Seitenaggregat; keine Query-Zuordnung und keine Redirect-Ableitung.,Mehr Daten sammeln; keine Routing- oder Redirect-Entscheidung treffen.
PAGE,Seiten.csv,286,https://www.floxant.de/reinigung-sinzing,/reinigung-sinzing,0,3,0,38,P3,NEW_OR_LOW_DATA,unclassified,,,,Nur Seitenaggregat; keine Query-Zuordnung und keine Redirect-Ableitung.,Mehr Daten sammeln; keine Routing- oder Redirect-Entscheidung treffen.
PAGE,Seiten.csv,287,https://www.floxant.de/reinigung-nuernberg,/reinigung-nuernberg,0,3,0,40.33,P3,NEW_OR_LOW_DATA,unclassified,,,,Nur Seitenaggregat; keine Query-Zuordnung und keine Redirect-Ableitung.,Mehr Daten sammeln; keine Routing- oder Redirect-Entscheidung treffen.
PAGE,Seiten.csv,288,https://www.floxant.de/gewerbereinigung,/gewerbereinigung,0,3,0,40.67,P3,NEW_OR_LOW_DATA,unclassified,,,,Nur Seitenaggregat; keine Query-Zuordnung und keine Redirect-Ableitung.,Mehr Daten sammeln; keine Routing- oder Redirect-Entscheidung treffen.
PAGE,Seiten.csv,289,https://www.floxant.de/blog/reinigungsfirma-regensburg-preise-kosten-angebot-pruefen,/blog/reinigungsfirma-regensburg-preise-kosten-angebot-pruefen,0,3,0,43.33,P3,NEW_OR_LOW_DATA,unclassified,,,,Nur Seitenaggregat; keine Query-Zuordnung und keine Redirect-Ableitung.,Mehr Daten sammeln; keine Routing- oder Redirect-Entscheidung treffen.
PAGE,Seiten.csv,290,https://www.floxant.de/umzug,/umzug,0,3,0,49,P3,NEW_OR_LOW_DATA,unclassified,,,,Nur Seitenaggregat; keine Query-Zuordnung und keine Redirect-Ableitung.,Mehr Daten sammeln; keine Routing- oder Redirect-Entscheidung treffen.
PAGE,Seiten.csv,291,https://www.floxant.de/duesseldorf/reinigungsdienst,/duesseldorf/reinigungsdienst,0,3,0,53.67,P2,LIKELY_CANNIBALIZATION|NEW_OR_LOW_DATA|MANUAL_REVIEW,duesseldorf-cleaning-hub-variant,reinigung,duesseldorf,/duesseldorf/reinigung,Nur Seitenaggregat; keine Query-Zuordnung und keine Redirect-Ableitung.,"Historie, Canonical, Sitemap und interne Links manuell prüfen; keinen Redirect aus GSC-Aggregaten ableiten."
PAGE,Seiten.csv,292,https://www.floxant.de/ro/entruempelung,/ro/entruempelung,0,3,0,82,P3,NEW_OR_LOW_DATA,unclassified,,,,Nur Seitenaggregat; keine Query-Zuordnung und keine Redirect-Ableitung.,Mehr Daten sammeln; keine Routing- oder Redirect-Entscheidung treffen.
PAGE,Seiten.csv,293,https://www.floxant.de/bg/entruempelung-amberg,/bg/entruempelung-amberg,0,3,0,85,P3,NEW_OR_LOW_DATA,unclassified,,,,Nur Seitenaggregat; keine Query-Zuordnung und keine Redirect-Ableitung.,Mehr Daten sammeln; keine Routing- oder Redirect-Entscheidung treffen.
PAGE,Seiten.csv,294,https://www.floxant.de/bg/umzug-bayern,/bg/umzug-bayern,0,3,0,86.67,P3,NEW_OR_LOW_DATA,unclassified,,,,Nur Seitenaggregat; keine Query-Zuordnung und keine Redirect-Ableitung.,Mehr Daten sammeln; keine Routing- oder Redirect-Entscheidung treffen.
PAGE,Seiten.csv,295,https://www.floxant.de/seniorenumzug-bad-toelz,/seniorenumzug-bad-toelz,0,3,0,91.67,P3,NEW_OR_LOW_DATA,unclassified,,,,Nur Seitenaggregat; keine Query-Zuordnung und keine Redirect-Ableitung.,Mehr Daten sammeln; keine Routing- oder Redirect-Entscheidung treffen.
PAGE,Seiten.csv,296,https://www.floxant.de/blog/google-maps-regensburg-direkt-anfragen,/blog/google-maps-regensburg-direkt-anfragen,0,2,0,1,P3,NEW_OR_LOW_DATA,unclassified,,,,Nur Seitenaggregat; keine Query-Zuordnung und keine Redirect-Ableitung.,Mehr Daten sammeln; keine Routing- oder Redirect-Entscheidung treffen.
PAGE,Seiten.csv,297,https://www.floxant.de/buchung-ablauf,/buchung-ablauf,0,2,0,2,P3,NEW_OR_LOW_DATA,unclassified,,,,Nur Seitenaggregat; keine Query-Zuordnung und keine Redirect-Ableitung.,Mehr Daten sammeln; keine Routing- oder Redirect-Entscheidung treffen.
PAGE,Seiten.csv,298,https://www.floxant.de/umzug-kosten-rechner,/umzug-kosten-rechner,0,2,0,2,P1,NEW_OR_LOW_DATA,moving-calculator,moving,,/umzug-kosten-rechner,Nur Seitenaggregat; keine Query-Zuordnung und keine Redirect-Ableitung.,Mehr Daten sammeln; keine Routing- oder Redirect-Entscheidung treffen.
PAGE,Seiten.csv,299,https://www.floxant.de/regensburg/reinigung-nach-umzug,/regensburg/reinigung-nach-umzug,0,2,0,2.5,P3,NEW_OR_LOW_DATA,unclassified,,,,Nur Seitenaggregat; keine Query-Zuordnung und keine Redirect-Ableitung.,Mehr Daten sammeln; keine Routing- oder Redirect-Entscheidung treffen.
PAGE,Seiten.csv,300,https://www.floxant.de/studentenumzug-moosburg,/studentenumzug-moosburg,0,2,0,2.5,P3,NEW_OR_LOW_DATA,unclassified,,,,Nur Seitenaggregat; keine Query-Zuordnung und keine Redirect-Ableitung.,Mehr Daten sammeln; keine Routing- oder Redirect-Entscheidung treffen.
PAGE,Seiten.csv,301,https://www.floxant.de/en/regensburg/deep-cleaning,/en/regensburg/deep-cleaning,0,2,0,3.5,P3,NEW_OR_LOW_DATA,unclassified,,,,Nur Seitenaggregat; keine Query-Zuordnung und keine Redirect-Ableitung.,Mehr Daten sammeln; keine Routing- oder Redirect-Entscheidung treffen.
PAGE,Seiten.csv,302,https://www.floxant.de/klaviertransport-freyung,/klaviertransport-freyung,0,2,0,3.5,P3,NEW_OR_LOW_DATA,unclassified,,,,Nur Seitenaggregat; keine Query-Zuordnung und keine Redirect-Ableitung.,Mehr Daten sammeln; keine Routing- oder Redirect-Entscheidung treffen.
PAGE,Seiten.csv,303,https://www.floxant.de/klaviertransport-lauf-an-der-pegnitz,/klaviertransport-lauf-an-der-pegnitz,0,2,0,3.5,P3,NEW_OR_LOW_DATA,unclassified,,,,Nur Seitenaggregat; keine Query-Zuordnung und keine Redirect-Ableitung.,Mehr Daten sammeln; keine Routing- oder Redirect-Entscheidung treffen.
PAGE,Seiten.csv,304,https://www.floxant.de/buchungsbedingungen,/buchungsbedingungen,0,2,0,4,P3,NEW_OR_LOW_DATA,unclassified,,,,Nur Seitenaggregat; keine Query-Zuordnung und keine Redirect-Ableitung.,Mehr Daten sammeln; keine Routing- oder Redirect-Entscheidung treffen.
PAGE,Seiten.csv,305,https://www.floxant.de/en/questions,/en/questions,0,2,0,4,P3,NEW_OR_LOW_DATA,unclassified,,,,Nur Seitenaggregat; keine Query-Zuordnung und keine Redirect-Ableitung.,Mehr Daten sammeln; keine Routing- oder Redirect-Entscheidung treffen.
PAGE,Seiten.csv,306,https://www.floxant.de/human-api,/human-api,0,2,0,4,P3,NEW_OR_LOW_DATA,unclassified,,,,Nur Seitenaggregat; keine Query-Zuordnung und keine Redirect-Ableitung.,Mehr Daten sammeln; keine Routing- oder Redirect-Entscheidung treffen.
PAGE,Seiten.csv,307,https://www.floxant.de/klaviertransport-regen,/klaviertransport-regen,0,2,0,4,P3,NEW_OR_LOW_DATA,unclassified,,,,Nur Seitenaggregat; keine Query-Zuordnung und keine Redirect-Ableitung.,Mehr Daten sammeln; keine Routing- oder Redirect-Entscheidung treffen.
PAGE,Seiten.csv,308,https://www.floxant.de/reinigung-preis-rechner,/reinigung-preis-rechner,0,2,0,4,P1,NEW_OR_LOW_DATA,cleaning-calculator,cleaning,,/reinigung-preis-rechner,Nur Seitenaggregat; keine Query-Zuordnung und keine Redirect-Ableitung.,Mehr Daten sammeln; keine Routing- oder Redirect-Entscheidung treffen.
PAGE,Seiten.csv,309,https://www.floxant.de/umzug-obertraubling,/umzug-obertraubling,0,2,0,4,P3,NEW_OR_LOW_DATA,unclassified,,,,Nur Seitenaggregat; keine Query-Zuordnung und keine Redirect-Ableitung.,Mehr Daten sammeln; keine Routing- oder Redirect-Entscheidung treffen.
PAGE,Seiten.csv,310,https://www.floxant.de/blog/schluesseluebergabe-ohne-stress,/blog/schluesseluebergabe-ohne-stress,0,2,0,4.5,P3,NEW_OR_LOW_DATA,unclassified,,,,Nur Seitenaggregat; keine Query-Zuordnung und keine Redirect-Ableitung.,Mehr Daten sammeln; keine Routing- oder Redirect-Entscheidung treffen.
PAGE,Seiten.csv,311,https://www.floxant.de/reinigung-passau,/reinigung-passau,0,2,0,4.5,P3,NEW_OR_LOW_DATA,unclassified,,,,Nur Seitenaggregat; keine Query-Zuordnung und keine Redirect-Ableitung.,Mehr Daten sammeln; keine Routing- oder Redirect-Entscheidung treffen.
PAGE,Seiten.csv,312,https://www.floxant.de/schadensbegrenzung,/schadensbegrenzung,0,2,0,4.5,P3,NEW_OR_LOW_DATA,unclassified,,,,Nur Seitenaggregat; keine Query-Zuordnung und keine Redirect-Ableitung.,Mehr Daten sammeln; keine Routing- oder Redirect-Entscheidung treffen.
PAGE,Seiten.csv,313,https://www.floxant.de/blog/besseres-guenstigeres-angebot-floxant-pruefen,/blog/besseres-guenstigeres-angebot-floxant-pruefen,0,2,0,5,P3,NEW_OR_LOW_DATA,unclassified,,,,Nur Seitenaggregat; keine Query-Zuordnung und keine Redirect-Ableitung.,Mehr Daten sammeln; keine Routing- oder Redirect-Entscheidung treffen.
PAGE,Seiten.csv,314,https://www.floxant.de/blog/kurzfristige-reinigung-regensburg-24h-realistisch,/blog/kurzfristige-reinigung-regensburg-24h-realistisch,0,2,0,5,P3,NEW_OR_LOW_DATA,unclassified,,,,Nur Seitenaggregat; keine Query-Zuordnung und keine Redirect-Ableitung.,Mehr Daten sammeln; keine Routing- oder Redirect-Entscheidung treffen.
PAGE,Seiten.csv,315,https://www.floxant.de/blog/umzugsangebot-muenchen-pruefen-festpreis-guenstiger,/blog/umzugsangebot-muenchen-pruefen-festpreis-guenstiger,0,2,0,5,P3,NEW_OR_LOW_DATA,unclassified,,,,Nur Seitenaggregat; keine Query-Zuordnung und keine Redirect-Ableitung.,Mehr Daten sammeln; keine Routing- oder Redirect-Entscheidung treffen.
PAGE,Seiten.csv,316,https://www.floxant.de/en/meerbusch/cleaning,/en/meerbusch/cleaning,0,2,0,5,P3,NEW_OR_LOW_DATA,unclassified,,,,Nur Seitenaggregat; keine Query-Zuordnung und keine Redirect-Ableitung.,Mehr Daten sammeln; keine Routing- oder Redirect-Entscheidung treffen.
PAGE,Seiten.csv,317,https://www.floxant.de/entruempelung-zeitlarn,/entruempelung-zeitlarn,0,2,0,5,P3,NEW_OR_LOW_DATA,unclassified,,,,Nur Seitenaggregat; keine Query-Zuordnung und keine Redirect-Ableitung.,Mehr Daten sammeln; keine Routing- oder Redirect-Entscheidung treffen.
PAGE,Seiten.csv,318,https://www.floxant.de/klaviertransport-olching,/klaviertransport-olching,0,2,0,5,P3,NEW_OR_LOW_DATA,unclassified,,,,Nur Seitenaggregat; keine Query-Zuordnung und keine Redirect-Ableitung.,Mehr Daten sammeln; keine Routing- oder Redirect-Entscheidung treffen.
PAGE,Seiten.csv,319,https://www.floxant.de/reinigung-wolfsegg,/reinigung-wolfsegg,0,2,0,5,P3,NEW_OR_LOW_DATA,unclassified,,,,Nur Seitenaggregat; keine Query-Zuordnung und keine Redirect-Ableitung.,Mehr Daten sammeln; keine Routing- oder Redirect-Entscheidung treffen.
PAGE,Seiten.csv,320,https://www.floxant.de/entruempelung-wiesent,/entruempelung-wiesent,0,2,0,5.5,P3,NEW_OR_LOW_DATA,unclassified,,,,Nur Seitenaggregat; keine Query-Zuordnung und keine Redirect-Ableitung.,Mehr Daten sammeln; keine Routing- oder Redirect-Entscheidung treffen.
PAGE,Seiten.csv,321,https://www.floxant.de/it/umzug-feucht,/it/umzug-feucht,0,2,0,5.5,P3,NEW_OR_LOW_DATA,unclassified,,,,Nur Seitenaggregat; keine Query-Zuordnung und keine Redirect-Ableitung.,Mehr Daten sammeln; keine Routing- oder Redirect-Entscheidung treffen.
PAGE,Seiten.csv,322,https://www.floxant.de/mieterwechsel-service-regensburg,/mieterwechsel-service-regensburg,0,2,0,5.5,P3,NEW_OR_LOW_DATA,unclassified,,,,Nur Seitenaggregat; keine Query-Zuordnung und keine Redirect-Ableitung.,Mehr Daten sammeln; keine Routing- oder Redirect-Entscheidung treffen.
PAGE,Seiten.csv,323,https://www.floxant.de/reinigung-sulzbach-rosenberg,/reinigung-sulzbach-rosenberg,0,2,0,5.5,P3,NEW_OR_LOW_DATA,unclassified,,,,Nur Seitenaggregat; keine Query-Zuordnung und keine Redirect-Ableitung.,Mehr Daten sammeln; keine Routing- oder Redirect-Entscheidung treffen.
PAGE,Seiten.csv,324,https://www.floxant.de/blog/grundreinigung-bodenreinigung-hauseingang-regensburg,/blog/grundreinigung-bodenreinigung-hauseingang-regensburg,0,2,0,6,P3,NEW_OR_LOW_DATA,unclassified,,,,Nur Seitenaggregat; keine Query-Zuordnung und keine Redirect-Ableitung.,Mehr Daten sammeln; keine Routing- oder Redirect-Entscheidung treffen.
PAGE,Seiten.csv,325,https://www.floxant.de/keller-muellraum-rettung-regensburg,/keller-muellraum-rettung-regensburg,0,2,0,6,P3,NEW_OR_LOW_DATA,unclassified,,,,Nur Seitenaggregat; keine Query-Zuordnung und keine Redirect-Ableitung.,Mehr Daten sammeln; keine Routing- oder Redirect-Entscheidung treffen.
PAGE,Seiten.csv,326,https://www.floxant.de/klaviertransport-ingolstadt,/klaviertransport-ingolstadt,0,2,0,6,P3,NEW_OR_LOW_DATA,unclassified,,,,Nur Seitenaggregat; keine Query-Zuordnung und keine Redirect-Ableitung.,Mehr Daten sammeln; keine Routing- oder Redirect-Entscheidung treffen.
PAGE,Seiten.csv,327,https://www.floxant.de/blog/beiladung-bayern-wann-lohnt-es-sich,/blog/beiladung-bayern-wann-lohnt-es-sich,0,2,0,6.5,P3,NEW_OR_LOW_DATA,unclassified,,,,Nur Seitenaggregat; keine Query-Zuordnung und keine Redirect-Ableitung.,Mehr Daten sammeln; keine Routing- oder Redirect-Entscheidung treffen.
PAGE,Seiten.csv,328,https://www.floxant.de/blog/entruempelungsangebot-pruefen-serioes,/blog/entruempelungsangebot-pruefen-serioes,0,2,0,6.5,P3,NEW_OR_LOW_DATA,unclassified,,,,Nur Seitenaggregat; keine Query-Zuordnung und keine Redirect-Ableitung.,Mehr Daten sammeln; keine Routing- oder Redirect-Entscheidung treffen.
PAGE,Seiten.csv,329,https://www.floxant.de/erinnerungskapsel,/erinnerungskapsel,0,2,0,6.5,P3,NEW_OR_LOW_DATA,unclassified,,,,Nur Seitenaggregat; keine Query-Zuordnung und keine Redirect-Ableitung.,Mehr Daten sammeln; keine Routing- oder Redirect-Entscheidung treffen.
PAGE,Seiten.csv,330,https://www.floxant.de/klaviertransport-guenzburg,/klaviertransport-guenzburg,0,2,0,6.5,P3,NEW_OR_LOW_DATA,unclassified,,,,Nur Seitenaggregat; keine Query-Zuordnung und keine Redirect-Ableitung.,Mehr Daten sammeln; keine Routing- oder Redirect-Entscheidung treffen.
PAGE,Seiten.csv,331,https://www.floxant.de/reinigung-hemau,/reinigung-hemau,0,2,0,6.5,P3,NEW_OR_LOW_DATA,unclassified,,,,Nur Seitenaggregat; keine Query-Zuordnung und keine Redirect-Ableitung.,Mehr Daten sammeln; keine Routing- oder Redirect-Entscheidung treffen.
PAGE,Seiten.csv,332,https://www.floxant.de/reinigung-hirschau,/reinigung-hirschau,0,2,0,6.5,P3,NEW_OR_LOW_DATA,unclassified,,,,Nur Seitenaggregat; keine Query-Zuordnung und keine Redirect-Ableitung.,Mehr Daten sammeln; keine Routing- oder Redirect-Entscheidung treffen.
PAGE,Seiten.csv,333,https://www.floxant.de/umzug-osterhofen,/umzug-osterhofen,0,2,0,6.5,P3,NEW_OR_LOW_DATA,unclassified,,,,Nur Seitenaggregat; keine Query-Zuordnung und keine Redirect-Ableitung.,Mehr Daten sammeln; keine Routing- oder Redirect-Entscheidung treffen.
PAGE,Seiten.csv,334,https://www.floxant.de/blog/reinigung-nach-umzug-regensburg-angebot-pruefen,/blog/reinigung-nach-umzug-regensburg-angebot-pruefen,0,2,0,7,P3,NEW_OR_LOW_DATA,unclassified,,,,Nur Seitenaggregat; keine Query-Zuordnung und keine Redirect-Ableitung.,Mehr Daten sammeln; keine Routing- oder Redirect-Entscheidung treffen.
PAGE,Seiten.csv,335,https://www.floxant.de/ratgeber/gute-umzugsfirma-finden,/ratgeber/gute-umzugsfirma-finden,0,2,0,7,P3,NEW_OR_LOW_DATA,unclassified,,,,Nur Seitenaggregat; keine Query-Zuordnung und keine Redirect-Ableitung.,Mehr Daten sammeln; keine Routing- oder Redirect-Entscheidung treffen.
PAGE,Seiten.csv,336,https://www.floxant.de/reinigung-eschenbach-in-der-oberpfalz,/reinigung-eschenbach-in-der-oberpfalz,0,2,0,7,P3,NEW_OR_LOW_DATA,unclassified,,,,Nur Seitenaggregat; keine Query-Zuordnung und keine Redirect-Ableitung.,Mehr Daten sammeln; keine Routing- oder Redirect-Entscheidung treffen.
PAGE,Seiten.csv,337,https://www.floxant.de/umzug-sulzbach-rosenberg,/umzug-sulzbach-rosenberg,0,2,0,7,P3,NEW_OR_LOW_DATA,unclassified,,,,Nur Seitenaggregat; keine Query-Zuordnung und keine Redirect-Ableitung.,Mehr Daten sammeln; keine Routing- oder Redirect-Entscheidung treffen.
PAGE,Seiten.csv,338,https://www.floxant.de/umzug-zwiesel,/umzug-zwiesel,0,2,0,7,P3,NEW_OR_LOW_DATA,unclassified,,,,Nur Seitenaggregat; keine Query-Zuordnung und keine Redirect-Ableitung.,Mehr Daten sammeln; keine Routing- oder Redirect-Entscheidung treffen.
PAGE,Seiten.csv,339,https://www.floxant.de/wohnungsaufloesung-tirschenreuth,/wohnungsaufloesung-tirschenreuth,0,2,0,7,P3,NEW_OR_LOW_DATA,unclassified,,,,Nur Seitenaggregat; keine Query-Zuordnung und keine Redirect-Ableitung.,Mehr Daten sammeln; keine Routing- oder Redirect-Entscheidung treffen.
PAGE,Seiten.csv,340,https://www.floxant.de/bueroumzug-muenchen,/bueroumzug-muenchen,0,2,0,7.5,P3,NEW_OR_LOW_DATA,unclassified,,,,Nur Seitenaggregat; keine Query-Zuordnung und keine Redirect-Ableitung.,Mehr Daten sammeln; keine Routing- oder Redirect-Entscheidung treffen.
PAGE,Seiten.csv,341,https://www.floxant.de/reinigung-pfatter,/reinigung-pfatter,0,2,0,7.5,P3,NEW_OR_LOW_DATA,unclassified,,,,Nur Seitenaggregat; keine Query-Zuordnung und keine Redirect-Ableitung.,Mehr Daten sammeln; keine Routing- oder Redirect-Entscheidung treffen.
PAGE,Seiten.csv,342,https://www.floxant.de/reinigung-suenching,/reinigung-suenching,0,2,0,7.5,P3,NEW_OR_LOW_DATA,unclassified,,,,Nur Seitenaggregat; keine Query-Zuordnung und keine Redirect-Ableitung.,Mehr Daten sammeln; keine Routing- oder Redirect-Entscheidung treffen.
PAGE,Seiten.csv,343,https://www.floxant.de/umzug-pocking,/umzug-pocking,0,2,0,7.5,P3,NEW_OR_LOW_DATA,unclassified,,,,Nur Seitenaggregat; keine Query-Zuordnung und keine Redirect-Ableitung.,Mehr Daten sammeln; keine Routing- oder Redirect-Entscheidung treffen.
PAGE,Seiten.csv,344,https://www.floxant.de/umzug-wolfsegg,/umzug-wolfsegg,0,2,0,7.5,P3,NEW_OR_LOW_DATA,unclassified,,,,Nur Seitenaggregat; keine Query-Zuordnung und keine Redirect-Ableitung.,Mehr Daten sammeln; keine Routing- oder Redirect-Entscheidung treffen.
PAGE,Seiten.csv,345,https://www.floxant.de/wohnungsaufloesung-neunburg-vorm-wald,/wohnungsaufloesung-neunburg-vorm-wald,0,2,0,7.5,P3,NEW_OR_LOW_DATA,unclassified,,,,Nur Seitenaggregat; keine Query-Zuordnung und keine Redirect-Ableitung.,Mehr Daten sammeln; keine Routing- oder Redirect-Entscheidung treffen.
PAGE,Seiten.csv,346,https://www.floxant.de/entruempelung-brennberg,/entruempelung-brennberg,0,2,0,8,P3,NEW_OR_LOW_DATA,unclassified,,,,Nur Seitenaggregat; keine Query-Zuordnung und keine Redirect-Ableitung.,Mehr Daten sammeln; keine Routing- oder Redirect-Entscheidung treffen.
PAGE,Seiten.csv,347,https://www.floxant.de/entruempelung-grafenwoehr,/entruempelung-grafenwoehr,0,2,0,8,P3,NEW_OR_LOW_DATA,unclassified,,,,Nur Seitenaggregat; keine Query-Zuordnung und keine Redirect-Ableitung.,Mehr Daten sammeln; keine Routing- oder Redirect-Entscheidung treffen.
PAGE,Seiten.csv,348,https://www.floxant.de/entruempelung-windischeschenbach,/entruempelung-windischeschenbach,0,2,0,8,P3,NEW_OR_LOW_DATA,unclassified,,,,Nur Seitenaggregat; keine Query-Zuordnung und keine Redirect-Ableitung.,Mehr Daten sammeln; keine Routing- oder Redirect-Entscheidung treffen.
PAGE,Seiten.csv,349,https://www.floxant.de/reinigung-zeitlarn,/reinigung-zeitlarn,0,2,0,8,P3,NEW_OR_LOW_DATA,unclassified,,,,Nur Seitenaggregat; keine Query-Zuordnung und keine Redirect-Ableitung.,Mehr Daten sammeln; keine Routing- oder Redirect-Entscheidung treffen.
PAGE,Seiten.csv,350,https://www.floxant.de/wohnungsaufloesung-unterhaching,/wohnungsaufloesung-unterhaching,0,2,0,8,P3,NEW_OR_LOW_DATA,unclassified,,,,Nur Seitenaggregat; keine Query-Zuordnung und keine Redirect-Ableitung.,Mehr Daten sammeln; keine Routing- oder Redirect-Entscheidung treffen.
PAGE,Seiten.csv,351,https://www.floxant.de/entruempelung-bad-koetzting,/entruempelung-bad-koetzting,0,2,0,8.5,P3,NEW_OR_LOW_DATA,unclassified,,,,Nur Seitenaggregat; keine Query-Zuordnung und keine Redirect-Ableitung.,Mehr Daten sammeln; keine Routing- oder Redirect-Entscheidung treffen.
PAGE,Seiten.csv,352,https://www.floxant.de/klaviertransport-straubing,/klaviertransport-straubing,0,2,0,8.5,P3,NEW_OR_LOW_DATA,unclassified,,,,Nur Seitenaggregat; keine Query-Zuordnung und keine Redirect-Ableitung.,Mehr Daten sammeln; keine Routing- oder Redirect-Entscheidung treffen.
PAGE,Seiten.csv,353,https://www.floxant.de/umzug-tirschenreuth,/umzug-tirschenreuth,0,2,0,8.5,P3,NEW_OR_LOW_DATA,unclassified,,,,Nur Seitenaggregat; keine Query-Zuordnung und keine Redirect-Ableitung.,Mehr Daten sammeln; keine Routing- oder Redirect-Entscheidung treffen.
PAGE,Seiten.csv,354,https://www.floxant.de/umzug-eschenbach-in-der-oberpfalz,/umzug-eschenbach-in-der-oberpfalz,0,2,0,9.5,P3,NEW_OR_LOW_DATA,unclassified,,,,Nur Seitenaggregat; keine Query-Zuordnung und keine Redirect-Ableitung.,Mehr Daten sammeln; keine Routing- oder Redirect-Entscheidung treffen.
PAGE,Seiten.csv,355,https://www.floxant.de/wohnungsaufloesung-sulzbach-rosenberg,/wohnungsaufloesung-sulzbach-rosenberg,0,2,0,9.5,P3,NEW_OR_LOW_DATA,unclassified,,,,Nur Seitenaggregat; keine Query-Zuordnung und keine Redirect-Ableitung.,Mehr Daten sammeln; keine Routing- oder Redirect-Entscheidung treffen.
PAGE,Seiten.csv,356,https://www.floxant.de/blog/entsorgungsangebot-pruefen-regensburg-regensburg,/blog/entsorgungsangebot-pruefen-regensburg-regensburg,0,2,0,10,P3,NEW_OR_LOW_DATA,unclassified,,,,Nur Seitenaggregat; keine Query-Zuordnung und keine Redirect-Ableitung.,Mehr Daten sammeln; keine Routing- oder Redirect-Entscheidung treffen.
PAGE,Seiten.csv,357,https://www.floxant.de/blog/umzug-reinigung-entruempelung-wer-hilft-regensburg-bayern,/blog/umzug-reinigung-entruempelung-wer-hilft-regensburg-bayern,0,2,0,10,P3,NEW_OR_LOW_DATA,unclassified,,,,Nur Seitenaggregat; keine Query-Zuordnung und keine Redirect-Ableitung.,Mehr Daten sammeln; keine Routing- oder Redirect-Entscheidung treffen.
PAGE,Seiten.csv,358,https://www.floxant.de/en/search,/en/search,0,2,0,10,P3,NEW_OR_LOW_DATA,unclassified,,,,Nur Seitenaggregat; keine Query-Zuordnung und keine Redirect-Ableitung.,Mehr Daten sammeln; keine Routing- oder Redirect-Entscheidung treffen.
PAGE,Seiten.csv,359,https://www.floxant.de/umzug-freyung,/umzug-freyung,0,2,0,10,P3,NEW_OR_LOW_DATA,unclassified,,,,Nur Seitenaggregat; keine Query-Zuordnung und keine Redirect-Ableitung.,Mehr Daten sammeln; keine Routing- oder Redirect-Entscheidung treffen.
PAGE,Seiten.csv,360,https://www.floxant.de/umzug-woerth-an-der-donau,/umzug-woerth-an-der-donau,0,2,0,10,P3,NEW_OR_LOW_DATA,unclassified,,,,Nur Seitenaggregat; keine Query-Zuordnung und keine Redirect-Ableitung.,Mehr Daten sammeln; keine Routing- oder Redirect-Entscheidung treffen.
PAGE,Seiten.csv,361,https://www.floxant.de/umzug-bad-abbach,/umzug-bad-abbach,0,2,0,10.5,P3,NEW_OR_LOW_DATA,unclassified,,,,Nur Seitenaggregat; keine Query-Zuordnung und keine Redirect-Ableitung.,Mehr Daten sammeln; keine Routing- oder Redirect-Entscheidung treffen.
PAGE,Seiten.csv,362,https://www.floxant.de/blog/reinigungsangebot-duesseldorf-pruefen,/blog/reinigungsangebot-duesseldorf-pruefen,0,2,0,11,P3,NEW_OR_LOW_DATA,unclassified,,,,Nur Seitenaggregat; keine Query-Zuordnung und keine Redirect-Ableitung.,Mehr Daten sammeln; keine Routing- oder Redirect-Entscheidung treffen.
PAGE,Seiten.csv,363,https://www.floxant.de/entruempelung-sinzing,/entruempelung-sinzing,0,2,0,11,P3,NEW_OR_LOW_DATA,unclassified,,,,Nur Seitenaggregat; keine Query-Zuordnung und keine Redirect-Ableitung.,Mehr Daten sammeln; keine Routing- oder Redirect-Entscheidung treffen.
PAGE,Seiten.csv,364,https://www.floxant.de/moenchengladbach/reinigung,/moenchengladbach/reinigung,0,2,0,11,P3,NEW_OR_LOW_DATA,unclassified,,,,Nur Seitenaggregat; keine Query-Zuordnung und keine Redirect-Ableitung.,Mehr Daten sammeln; keine Routing- oder Redirect-Entscheidung treffen.
PAGE,Seiten.csv,365,https://www.floxant.de/schluesselruhe-service,/schluesselruhe-service,0,2,0,11,P3,NEW_OR_LOW_DATA,unclassified,,,,Nur Seitenaggregat; keine Query-Zuordnung und keine Redirect-Ableitung.,Mehr Daten sammeln; keine Routing- oder Redirect-Entscheidung treffen.
PAGE,Seiten.csv,366,https://www.floxant.de/seniorenumzug-tirschenreuth,/seniorenumzug-tirschenreuth,0,2,0,11,P3,NEW_OR_LOW_DATA,unclassified,,,,Nur Seitenaggregat; keine Query-Zuordnung und keine Redirect-Ableitung.,Mehr Daten sammeln; keine Routing- oder Redirect-Entscheidung treffen.
PAGE,Seiten.csv,367,https://www.floxant.de/straubing/umzug,/straubing/umzug,0,2,0,11,P3,NEW_OR_LOW_DATA,unclassified,,,,Nur Seitenaggregat; keine Query-Zuordnung und keine Redirect-Ableitung.,Mehr Daten sammeln; keine Routing- oder Redirect-Entscheidung treffen.
PAGE,Seiten.csv,368,https://www.floxant.de/umzug-nabburg,/umzug-nabburg,0,2,0,11.5,P3,NEW_OR_LOW_DATA,unclassified,,,,Nur Seitenaggregat; keine Query-Zuordnung und keine Redirect-Ableitung.,Mehr Daten sammeln; keine Routing- oder Redirect-Entscheidung treffen.
PAGE,Seiten.csv,369,https://www.floxant.de/entruempelung-eschenbach-in-der-oberpfalz,/entruempelung-eschenbach-in-der-oberpfalz,0,2,0,12,P3,NEW_OR_LOW_DATA,unclassified,,,,Nur Seitenaggregat; keine Query-Zuordnung und keine Redirect-Ableitung.,Mehr Daten sammeln; keine Routing- oder Redirect-Entscheidung treffen.
PAGE,Seiten.csv,370,https://www.floxant.de/reinigung-saal-an-der-donau,/reinigung-saal-an-der-donau,0,2,0,12,P3,NEW_OR_LOW_DATA,unclassified,,,,Nur Seitenaggregat; keine Query-Zuordnung und keine Redirect-Ableitung.,Mehr Daten sammeln; keine Routing- oder Redirect-Entscheidung treffen.
PAGE,Seiten.csv,371,https://www.floxant.de/studentenumzug-forchheim,/studentenumzug-forchheim,0,2,0,12,P3,NEW_OR_LOW_DATA,unclassified,,,,Nur Seitenaggregat; keine Query-Zuordnung und keine Redirect-Ableitung.,Mehr Daten sammeln; keine Routing- oder Redirect-Entscheidung treffen.
PAGE,Seiten.csv,372,https://www.floxant.de/umzug-kempten,/umzug-kempten,0,2,0,12,P3,NEW_OR_LOW_DATA,unclassified,,,,Nur Seitenaggregat; keine Query-Zuordnung und keine Redirect-Ableitung.,Mehr Daten sammeln; keine Routing- oder Redirect-Entscheidung treffen.
PAGE,Seiten.csv,373,https://www.floxant.de/wohnungsaufloesung-altdorf-bei-nuernberg,/wohnungsaufloesung-altdorf-bei-nuernberg,0,2,0,12,P3,NEW_OR_LOW_DATA,unclassified,,,,Nur Seitenaggregat; keine Query-Zuordnung und keine Redirect-Ableitung.,Mehr Daten sammeln; keine Routing- oder Redirect-Entscheidung treffen.
PAGE,Seiten.csv,374,https://www.floxant.de/reinigung-freystadt,/reinigung-freystadt,0,2,0,12.5,P3,NEW_OR_LOW_DATA,unclassified,,,,Nur Seitenaggregat; keine Query-Zuordnung und keine Redirect-Ableitung.,Mehr Daten sammeln; keine Routing- oder Redirect-Entscheidung treffen.
PAGE,Seiten.csv,375,https://www.floxant.de/blog/buero-reinigen-regensburg-bueroreinigung-angebot,/blog/buero-reinigen-regensburg-bueroreinigung-angebot,0,2,0,13,P3,NEW_OR_LOW_DATA,unclassified,,,,Nur Seitenaggregat; keine Query-Zuordnung und keine Redirect-Ableitung.,Mehr Daten sammeln; keine Routing- oder Redirect-Entscheidung treffen.
PAGE,Seiten.csv,376,https://www.floxant.de/studentenumzug-pfaffenhofen,/studentenumzug-pfaffenhofen,0,2,0,13,P3,NEW_OR_LOW_DATA,unclassified,,,,Nur Seitenaggregat; keine Query-Zuordnung und keine Redirect-Ableitung.,Mehr Daten sammeln; keine Routing- oder Redirect-Entscheidung treffen.
PAGE,Seiten.csv,377,https://www.floxant.de/entruempelung-burglengenfeld,/entruempelung-burglengenfeld,0,2,0,13.5,P3,NEW_OR_LOW_DATA,unclassified,,,,Nur Seitenaggregat; keine Query-Zuordnung und keine Redirect-Ableitung.,Mehr Daten sammeln; keine Routing- oder Redirect-Entscheidung treffen.
PAGE,Seiten.csv,378,https://www.floxant.de/bueroumzug-augsburg,/bueroumzug-augsburg,0,2,0,14,P3,NEW_OR_LOW_DATA,unclassified,,,,Nur Seitenaggregat; keine Query-Zuordnung und keine Redirect-Ableitung.,Mehr Daten sammeln; keine Routing- oder Redirect-Entscheidung treffen.
PAGE,Seiten.csv,379,https://www.floxant.de/erkrath/reinigung,/erkrath/reinigung,0,2,0,14,P3,NEW_OR_LOW_DATA,unclassified,,,,Nur Seitenaggregat; keine Query-Zuordnung und keine Redirect-Ableitung.,Mehr Daten sammeln; keine Routing- oder Redirect-Entscheidung treffen.
PAGE,Seiten.csv,380,https://www.floxant.de/bueroumzug-postbauer-heng,/bueroumzug-postbauer-heng,0,2,0,14.5,P3,NEW_OR_LOW_DATA,unclassified,,,,Nur Seitenaggregat; keine Query-Zuordnung und keine Redirect-Ableitung.,Mehr Daten sammeln; keine Routing- oder Redirect-Entscheidung treffen.
PAGE,Seiten.csv,381,https://www.floxant.de/reinigung-bamberg,/reinigung-bamberg,0,2,0,15,P3,NEW_OR_LOW_DATA,unclassified,,,,Nur Seitenaggregat; keine Query-Zuordnung und keine Redirect-Ableitung.,Mehr Daten sammeln; keine Routing- oder Redirect-Entscheidung treffen.
PAGE,Seiten.csv,382,https://www.floxant.de/regensburg/angebot-vergleichen,/regensburg/angebot-vergleichen,0,2,0,15.5,P3,NEW_OR_LOW_DATA,unclassified,,,,Nur Seitenaggregat; keine Query-Zuordnung und keine Redirect-Ableitung.,Mehr Daten sammeln; keine Routing- oder Redirect-Entscheidung treffen.
PAGE,Seiten.csv,383,https://www.floxant.de/blog/regensburg-buero-praxis-hausverwaltung-reinigung-anfrage,/blog/regensburg-buero-praxis-hausverwaltung-reinigung-anfrage,0,2,0,16.5,P3,NEW_OR_LOW_DATA,unclassified,,,,Nur Seitenaggregat; keine Query-Zuordnung und keine Redirect-Ableitung.,Mehr Daten sammeln; keine Routing- oder Redirect-Entscheidung treffen.
PAGE,Seiten.csv,384,https://www.floxant.de/blog/reinigungsfirma-duesseldorf-preise-kosten-angebot-pruefen,/blog/reinigungsfirma-duesseldorf-preise-kosten-angebot-pruefen,0,2,0,17,P3,NEW_OR_LOW_DATA,unclassified,,,,Nur Seitenaggregat; keine Query-Zuordnung und keine Redirect-Ableitung.,Mehr Daten sammeln; keine Routing- oder Redirect-Entscheidung treffen.
PAGE,Seiten.csv,385,https://www.floxant.de/bueroumzug-landshut,/bueroumzug-landshut,0,2,0,18,P3,NEW_OR_LOW_DATA,unclassified,,,,Nur Seitenaggregat; keine Query-Zuordnung und keine Redirect-Ableitung.,Mehr Daten sammeln; keine Routing- oder Redirect-Entscheidung treffen.
PAGE,Seiten.csv,386,https://www.floxant.de/blog/bueroreinigung-angebot-pruefen-turnus-flaeche,/blog/bueroreinigung-angebot-pruefen-turnus-flaeche,0,2,0,18.5,P3,NEW_OR_LOW_DATA,unclassified,,,,Nur Seitenaggregat; keine Query-Zuordnung und keine Redirect-Ableitung.,Mehr Daten sammeln; keine Routing- oder Redirect-Entscheidung treffen.
PAGE,Seiten.csv,387,https://www.floxant.de/wohnungsaufloesung-neufahrn-in-niederbayern,/wohnungsaufloesung-neufahrn-in-niederbayern,0,2,0,19,P3,NEW_OR_LOW_DATA,unclassified,,,,Nur Seitenaggregat; keine Query-Zuordnung und keine Redirect-Ableitung.,Mehr Daten sammeln; keine Routing- oder Redirect-Entscheidung treffen.
PAGE,Seiten.csv,388,https://www.floxant.de/duesseldorf/firmenreinigung,/duesseldorf/firmenreinigung,0,2,0,19.5,P3,NEW_OR_LOW_DATA,unclassified,,,,Nur Seitenaggregat; keine Query-Zuordnung und keine Redirect-Ableitung.,Mehr Daten sammeln; keine Routing- oder Redirect-Entscheidung treffen.
PAGE,Seiten.csv,389,https://www.floxant.de/ratgeber/umzug-kosten-regensburg,/ratgeber/umzug-kosten-regensburg,0,2,0,20.5,P3,NEW_OR_LOW_DATA,unclassified,,,,Nur Seitenaggregat; keine Query-Zuordnung und keine Redirect-Ableitung.,Mehr Daten sammeln; keine Routing- oder Redirect-Entscheidung treffen.
PAGE,Seiten.csv,390,https://www.floxant.de/entruempelung-neustadt-an-der-waldnaab,/entruempelung-neustadt-an-der-waldnaab,0,2,0,25,P3,NEW_OR_LOW_DATA,unclassified,,,,Nur Seitenaggregat; keine Query-Zuordnung und keine Redirect-Ableitung.,Mehr Daten sammeln; keine Routing- oder Redirect-Entscheidung treffen.
PAGE,Seiten.csv,391,https://www.floxant.de/reinigung-guenzburg,/reinigung-guenzburg,0,2,0,29,P3,NEW_OR_LOW_DATA,unclassified,,,,Nur Seitenaggregat; keine Query-Zuordnung und keine Redirect-Ableitung.,Mehr Daten sammeln; keine Routing- oder Redirect-Entscheidung treffen.
PAGE,Seiten.csv,392,https://www.floxant.de/seniorenumzug-ingolstadt,/seniorenumzug-ingolstadt,0,2,0,39.5,P3,NEW_OR_LOW_DATA,unclassified,,,,Nur Seitenaggregat; keine Query-Zuordnung und keine Redirect-Ableitung.,Mehr Daten sammeln; keine Routing- oder Redirect-Entscheidung treffen.
PAGE,Seiten.csv,393,https://www.floxant.de/lageraufloesung,/lageraufloesung,0,2,0,47.5,P3,NEW_OR_LOW_DATA,unclassified,,,,Nur Seitenaggregat; keine Query-Zuordnung und keine Redirect-Ableitung.,Mehr Daten sammeln; keine Routing- oder Redirect-Entscheidung treffen.
PAGE,Seiten.csv,394,https://www.floxant.de/angebot-vergleichen-regensburg,/angebot-vergleichen-regensburg,0,2,0,48.5,P3,NEW_OR_LOW_DATA,unclassified,,,,Nur Seitenaggregat; keine Query-Zuordnung und keine Redirect-Ableitung.,Mehr Daten sammeln; keine Routing- oder Redirect-Entscheidung treffen.
PAGE,Seiten.csv,395,https://www.floxant.de/bueroumzug-neustadt-an-der-donau,/bueroumzug-neustadt-an-der-donau,0,2,0,54,P3,NEW_OR_LOW_DATA,unclassified,,,,Nur Seitenaggregat; keine Query-Zuordnung und keine Redirect-Ableitung.,Mehr Daten sammeln; keine Routing- oder Redirect-Entscheidung treffen.
PAGE,Seiten.csv,396,https://www.floxant.de/blog/umzugskosten-senken-7-tipps,/blog/umzugskosten-senken-7-tipps,0,2,0,56,P3,NEW_OR_LOW_DATA,unclassified,,,,Nur Seitenaggregat; keine Query-Zuordnung und keine Redirect-Ableitung.,Mehr Daten sammeln; keine Routing- oder Redirect-Entscheidung treffen.
PAGE,Seiten.csv,397,https://www.floxant.de/blog/fensterreinigung-regensburg-angebot-aufwand,/blog/fensterreinigung-regensburg-angebot-aufwand,0,2,0,61,P3,NEW_OR_LOW_DATA,unclassified,,,,Nur Seitenaggregat; keine Query-Zuordnung und keine Redirect-Ableitung.,Mehr Daten sammeln; keine Routing- oder Redirect-Entscheidung treffen.
PAGE,Seiten.csv,398,https://www.floxant.de/makler-vermieter-link,/makler-vermieter-link,0,2,0,92,P3,NEW_OR_LOW_DATA,unclassified,,,,Nur Seitenaggregat; keine Query-Zuordnung und keine Redirect-Ableitung.,Mehr Daten sammeln; keine Routing- oder Redirect-Entscheidung treffen.
PAGE,Seiten.csv,399,https://www.floxant.de/blog/umzug-reinigung-entruempelung-wer-hilft-regensburg,/blog/umzug-reinigung-entruempelung-wer-hilft-regensburg,0,1,0,1,P3,NEW_OR_LOW_DATA,unclassified,,,,Nur Seitenaggregat; keine Query-Zuordnung und keine Redirect-Ableitung.,Mehr Daten sammeln; keine Routing- oder Redirect-Entscheidung treffen.
PAGE,Seiten.csv,400,https://www.floxant.de/damen-team,/damen-team,0,1,0,1,P3,NEW_OR_LOW_DATA,unclassified,,,,Nur Seitenaggregat; keine Query-Zuordnung und keine Redirect-Ableitung.,Mehr Daten sammeln; keine Routing- oder Redirect-Entscheidung treffen.
PAGE,Seiten.csv,401,https://www.floxant.de/it/signature/buerokratie-schutz,/it/signature/buerokratie-schutz,0,1,0,1,P3,NEW_OR_LOW_DATA,unclassified,,,,Nur Seitenaggregat; keine Query-Zuordnung und keine Redirect-Ableitung.,Mehr Daten sammeln; keine Routing- oder Redirect-Entscheidung treffen.
PAGE,Seiten.csv,402,https://www.floxant.de/klaviertransport-simbach-am-inn,/klaviertransport-simbach-am-inn,0,1,0,1,P3,NEW_OR_LOW_DATA,unclassified,,,,Nur Seitenaggregat; keine Query-Zuordnung und keine Redirect-Ableitung.,Mehr Daten sammeln; keine Routing- oder Redirect-Entscheidung treffen.
PAGE,Seiten.csv,403,https://www.floxant.de/klaviertransport-tirschenreuth,/klaviertransport-tirschenreuth,0,1,0,1,P3,NEW_OR_LOW_DATA,unclassified,,,,Nur Seitenaggregat; keine Query-Zuordnung und keine Redirect-Ableitung.,Mehr Daten sammeln; keine Routing- oder Redirect-Entscheidung treffen.
PAGE,Seiten.csv,404,https://www.floxant.de/reinigung-mintraching,/reinigung-mintraching,0,1,0,1,P3,NEW_OR_LOW_DATA,unclassified,,,,Nur Seitenaggregat; keine Query-Zuordnung und keine Redirect-Ableitung.,Mehr Daten sammeln; keine Routing- oder Redirect-Entscheidung treffen.
PAGE,Seiten.csv,405,https://www.floxant.de/reinigung-schwandorf,/reinigung-schwandorf,0,1,0,1,P3,NEW_OR_LOW_DATA,unclassified,,,,Nur Seitenaggregat; keine Query-Zuordnung und keine Redirect-Ableitung.,Mehr Daten sammeln; keine Routing- oder Redirect-Entscheidung treffen.
PAGE,Seiten.csv,406,https://www.floxant.de/seniorenumzug-beilngries,/seniorenumzug-beilngries,0,1,0,1,P3,NEW_OR_LOW_DATA,unclassified,,,,Nur Seitenaggregat; keine Query-Zuordnung und keine Redirect-Ableitung.,Mehr Daten sammeln; keine Routing- oder Redirect-Entscheidung treffen.
PAGE,Seiten.csv,407,https://www.floxant.de/blog/familienbesuch-ohne-putzpanik,/blog/familienbesuch-ohne-putzpanik,0,1,0,2,P3,NEW_OR_LOW_DATA,unclassified,,,,Nur Seitenaggregat; keine Query-Zuordnung und keine Redirect-Ableitung.,Mehr Daten sammeln; keine Routing- oder Redirect-Entscheidung treffen.
PAGE,Seiten.csv,408,https://www.floxant.de/blog/gewerbereinigung-angebot-vergleichen,/blog/gewerbereinigung-angebot-vergleichen,0,1,0,2,P3,NEW_OR_LOW_DATA,unclassified,,,,Nur Seitenaggregat; keine Query-Zuordnung und keine Redirect-Ableitung.,Mehr Daten sammeln; keine Routing- oder Redirect-Entscheidung treffen.
PAGE,Seiten.csv,409,https://www.floxant.de/blog/reinigung-und-schluesseltermin-planen,/blog/reinigung-und-schluesseltermin-planen,0,1,0,2,P3,NEW_OR_LOW_DATA,unclassified,,,,Nur Seitenaggregat; keine Query-Zuordnung und keine Redirect-Ableitung.,Mehr Daten sammeln; keine Routing- oder Redirect-Entscheidung treffen.
PAGE,Seiten.csv,410,https://www.floxant.de/blog/welche-raeume-zaehlen-wenn-zeit-knapp,/blog/welche-raeume-zaehlen-wenn-zeit-knapp,0,1,0,2,P3,NEW_OR_LOW_DATA,unclassified,,,,Nur Seitenaggregat; keine Query-Zuordnung und keine Redirect-Ableitung.,Mehr Daten sammeln; keine Routing- oder Redirect-Entscheidung treffen.
PAGE,Seiten.csv,411,https://www.floxant.de/entruempelung-velburg,/entruempelung-velburg,0,1,0,2,P3,NEW_OR_LOW_DATA,unclassified,,,,Nur Seitenaggregat; keine Query-Zuordnung und keine Redirect-Ableitung.,Mehr Daten sammeln; keine Routing- oder Redirect-Entscheidung treffen.
PAGE,Seiten.csv,412,https://www.floxant.de/entruempelung-viechtach,/entruempelung-viechtach,0,1,0,2,P3,NEW_OR_LOW_DATA,unclassified,,,,Nur Seitenaggregat; keine Query-Zuordnung und keine Redirect-Ableitung.,Mehr Daten sammeln; keine Routing- oder Redirect-Entscheidung treffen.
PAGE,Seiten.csv,413,https://www.floxant.de/es/blog/umzug-checkliste,/es/blog/umzug-checkliste,0,1,0,2,P3,NEW_OR_LOW_DATA,unclassified,,,,Nur Seitenaggregat; keine Query-Zuordnung und keine Redirect-Ableitung.,Mehr Daten sammeln; keine Routing- oder Redirect-Entscheidung treffen.
PAGE,Seiten.csv,414,https://www.floxant.de/klaviertransport-eggenfelden,/klaviertransport-eggenfelden,0,1,0,2,P3,NEW_OR_LOW_DATA,unclassified,,,,Nur Seitenaggregat; keine Query-Zuordnung und keine Redirect-Ableitung.,Mehr Daten sammeln; keine Routing- oder Redirect-Entscheidung treffen.
PAGE,Seiten.csv,415,https://www.floxant.de/klaviertransport-mammendorf,/klaviertransport-mammendorf,0,1,0,2,P3,NEW_OR_LOW_DATA,unclassified,,,,Nur Seitenaggregat; keine Query-Zuordnung und keine Redirect-Ableitung.,Mehr Daten sammeln; keine Routing- oder Redirect-Entscheidung treffen.
PAGE,Seiten.csv,416,https://www.floxant.de/klaviertransport-sinzing,/klaviertransport-sinzing,0,1,0,2,P3,NEW_OR_LOW_DATA,unclassified,,,,Nur Seitenaggregat; keine Query-Zuordnung und keine Redirect-Ableitung.,Mehr Daten sammeln; keine Routing- oder Redirect-Entscheidung treffen.
PAGE,Seiten.csv,417,https://www.floxant.de/klaviertransport-sulzbach-rosenberg,/klaviertransport-sulzbach-rosenberg,0,1,0,2,P3,NEW_OR_LOW_DATA,unclassified,,,,Nur Seitenaggregat; keine Query-Zuordnung und keine Redirect-Ableitung.,Mehr Daten sammeln; keine Routing- oder Redirect-Entscheidung treffen.
PAGE,Seiten.csv,418,https://www.floxant.de/umzug-pentling,/umzug-pentling,0,1,0,2,P3,NEW_OR_LOW_DATA,unclassified,,,,Nur Seitenaggregat; keine Query-Zuordnung und keine Redirect-Ableitung.,Mehr Daten sammeln; keine Routing- oder Redirect-Entscheidung treffen.
PAGE,Seiten.csv,419,https://www.floxant.de/blog/volumen-risiko-check-umzug,/blog/volumen-risiko-check-umzug,0,1,0,3,P3,NEW_OR_LOW_DATA,unclassified,,,,Nur Seitenaggregat; keine Query-Zuordnung und keine Redirect-Ableitung.,Mehr Daten sammeln; keine Routing- oder Redirect-Entscheidung treffen.
PAGE,Seiten.csv,420,https://www.floxant.de/bueroumzug-weilheim-in-oberbayern,/bueroumzug-weilheim-in-oberbayern,0,1,0,3,P3,NEW_OR_LOW_DATA,unclassified,,,,Nur Seitenaggregat; keine Query-Zuordnung und keine Redirect-Ableitung.,Mehr Daten sammeln; keine Routing- oder Redirect-Entscheidung treffen.
PAGE,Seiten.csv,421,https://www.floxant.de/entruempelung-plattling,/entruempelung-plattling,0,1,0,3,P3,NEW_OR_LOW_DATA,unclassified,,,,Nur Seitenaggregat; keine Query-Zuordnung und keine Redirect-Ableitung.,Mehr Daten sammeln; keine Routing- oder Redirect-Entscheidung treffen.
PAGE,Seiten.csv,422,https://www.floxant.de/klaviertransport-waldkirchen,/klaviertransport-waldkirchen,0,1,0,3,P3,NEW_OR_LOW_DATA,unclassified,,,,Nur Seitenaggregat; keine Query-Zuordnung und keine Redirect-Ableitung.,Mehr Daten sammeln; keine Routing- oder Redirect-Entscheidung treffen.
PAGE,Seiten.csv,423,https://www.floxant.de/seniorenumzug-geisenfeld,/seniorenumzug-geisenfeld,0,1,0,3,P3,NEW_OR_LOW_DATA,unclassified,,,,Nur Seitenaggregat; keine Query-Zuordnung und keine Redirect-Ableitung.,Mehr Daten sammeln; keine Routing- oder Redirect-Entscheidung treffen.
PAGE,Seiten.csv,424,https://www.floxant.de/seniorenumzug-schwabach,/seniorenumzug-schwabach,0,1,0,3,P3,NEW_OR_LOW_DATA,unclassified,,,,Nur Seitenaggregat; keine Query-Zuordnung und keine Redirect-Ableitung.,Mehr Daten sammeln; keine Routing- oder Redirect-Entscheidung treffen.
PAGE,Seiten.csv,425,https://www.floxant.de/blog/klaviertransport-regensburg-vor-anfrage,/blog/klaviertransport-regensburg-vor-anfrage,0,1,0,4,P3,NEW_OR_LOW_DATA,unclassified,,,,Nur Seitenaggregat; keine Query-Zuordnung und keine Redirect-Ableitung.,Mehr Daten sammeln; keine Routing- oder Redirect-Entscheidung treffen.
PAGE,Seiten.csv,426,https://www.floxant.de/en/regensburg/moving,/en/regensburg/moving,0,1,0,4,P3,NEW_OR_LOW_DATA,unclassified,,,,Nur Seitenaggregat; keine Query-Zuordnung und keine Redirect-Ableitung.,Mehr Daten sammeln; keine Routing- oder Redirect-Entscheidung treffen.
PAGE,Seiten.csv,427,https://www.floxant.de/entsorgung-kosten-rechner,/entsorgung-kosten-rechner,0,1,0,4,P2,NEW_OR_LOW_DATA,disposal-calculator,disposal,,/entsorgung-kosten-rechner,Nur Seitenaggregat; keine Query-Zuordnung und keine Redirect-Ableitung.,Mehr Daten sammeln; keine Routing- oder Redirect-Entscheidung treffen.
PAGE,Seiten.csv,428,https://www.floxant.de/halteverbotszone-schweinfurt,/halteverbotszone-schweinfurt,0,1,0,4,P3,NEW_OR_LOW_DATA,unclassified,,,,Nur Seitenaggregat; keine Query-Zuordnung und keine Redirect-Ableitung.,Mehr Daten sammeln; keine Routing- oder Redirect-Entscheidung treffen.
PAGE,Seiten.csv,429,https://www.floxant.de/klaviertransport-deggendorf,/klaviertransport-deggendorf,0,1,0,4,P3,NEW_OR_LOW_DATA,unclassified,,,,Nur Seitenaggregat; keine Query-Zuordnung und keine Redirect-Ableitung.,Mehr Daten sammeln; keine Routing- oder Redirect-Entscheidung treffen.
PAGE,Seiten.csv,430,https://www.floxant.de/klaviertransport-moosburg,/klaviertransport-moosburg,0,1,0,4,P3,NEW_OR_LOW_DATA,unclassified,,,,Nur Seitenaggregat; keine Query-Zuordnung und keine Redirect-Ableitung.,Mehr Daten sammeln; keine Routing- oder Redirect-Entscheidung treffen.
PAGE,Seiten.csv,431,https://www.floxant.de/klaviertransport-nittenau,/klaviertransport-nittenau,0,1,0,4,P3,NEW_OR_LOW_DATA,unclassified,,,,Nur Seitenaggregat; keine Query-Zuordnung und keine Redirect-Ableitung.,Mehr Daten sammeln; keine Routing- oder Redirect-Entscheidung treffen.
PAGE,Seiten.csv,432,https://www.floxant.de/klaviertransport-pfaffenhofen,/klaviertransport-pfaffenhofen,0,1,0,4,P3,NEW_OR_LOW_DATA,unclassified,,,,Nur Seitenaggregat; keine Query-Zuordnung und keine Redirect-Ableitung.,Mehr Daten sammeln; keine Routing- oder Redirect-Entscheidung treffen.
PAGE,Seiten.csv,433,https://www.floxant.de/klaviertransport-woerth-an-der-donau,/klaviertransport-woerth-an-der-donau,0,1,0,4,P3,NEW_OR_LOW_DATA,unclassified,,,,Nur Seitenaggregat; keine Query-Zuordnung und keine Redirect-Ableitung.,Mehr Daten sammeln; keine Routing- oder Redirect-Entscheidung treffen.
PAGE,Seiten.csv,434,https://www.floxant.de/reinigung-deuerling,/reinigung-deuerling,0,1,0,4,P3,NEW_OR_LOW_DATA,unclassified,,,,Nur Seitenaggregat; keine Query-Zuordnung und keine Redirect-Ableitung.,Mehr Daten sammeln; keine Routing- oder Redirect-Entscheidung treffen.
PAGE,Seiten.csv,435,https://www.floxant.de/reinigung-wiesent,/reinigung-wiesent,0,1,0,4,P3,NEW_OR_LOW_DATA,unclassified,,,,Nur Seitenaggregat; keine Query-Zuordnung und keine Redirect-Ableitung.,Mehr Daten sammeln; keine Routing- oder Redirect-Entscheidung treffen.
PAGE,Seiten.csv,436,https://www.floxant.de/wohnungsaufloesung-tegernheim,/wohnungsaufloesung-tegernheim,0,1,0,4,P3,NEW_OR_LOW_DATA,unclassified,,,,Nur Seitenaggregat; keine Query-Zuordnung und keine Redirect-Ableitung.,Mehr Daten sammeln; keine Routing- oder Redirect-Entscheidung treffen.
PAGE,Seiten.csv,437,https://www.floxant.de/alternativen,/alternativen,0,1,0,5,P3,NEW_OR_LOW_DATA,unclassified,,,,Nur Seitenaggregat; keine Query-Zuordnung und keine Redirect-Ableitung.,Mehr Daten sammeln; keine Routing- oder Redirect-Entscheidung treffen.
PAGE,Seiten.csv,438,https://www.floxant.de/blog/buero-praxisreinigung-duesseldorf-angebot,/blog/buero-praxisreinigung-duesseldorf-angebot,0,1,0,5,P3,NEW_OR_LOW_DATA,unclassified,,,,Nur Seitenaggregat; keine Query-Zuordnung und keine Redirect-Ableitung.,Mehr Daten sammeln; keine Routing- oder Redirect-Entscheidung treffen.
PAGE,Seiten.csv,439,https://www.floxant.de/blog/duesseldorf-reinigung-floxant-klare-trennung,/blog/duesseldorf-reinigung-floxant-klare-trennung,0,1,0,5,P3,NEW_OR_LOW_DATA,unclassified,,,,Nur Seitenaggregat; keine Query-Zuordnung und keine Redirect-Ableitung.,Mehr Daten sammeln; keine Routing- oder Redirect-Entscheidung treffen.
PAGE,Seiten.csv,440,https://www.floxant.de/blog/umzug-kosten-regensburg,/blog/umzug-kosten-regensburg,0,1,0,5,P3,NEW_OR_LOW_DATA,unclassified,,,,Nur Seitenaggregat; keine Query-Zuordnung und keine Redirect-Ableitung.,Mehr Daten sammeln; keine Routing- oder Redirect-Entscheidung treffen.
PAGE,Seiten.csv,441,https://www.floxant.de/blog/wohnung-wieder-bewohnbar-bekommen,/blog/wohnung-wieder-bewohnbar-bekommen,0,1,0,5,P3,NEW_OR_LOW_DATA,unclassified,,,,Nur Seitenaggregat; keine Query-Zuordnung und keine Redirect-Ableitung.,Mehr Daten sammeln; keine Routing- oder Redirect-Entscheidung treffen.
PAGE,Seiten.csv,442,https://www.floxant.de/bueroumzug-fuerth,/bueroumzug-fuerth,0,1,0,5,P3,NEW_OR_LOW_DATA,unclassified,,,,Nur Seitenaggregat; keine Query-Zuordnung und keine Redirect-Ableitung.,Mehr Daten sammeln; keine Routing- oder Redirect-Entscheidung treffen.
PAGE,Seiten.csv,443,https://www.floxant.de/bueroumzug-passau,/bueroumzug-passau,0,1,0,5,P3,NEW_OR_LOW_DATA,unclassified,,,,Nur Seitenaggregat; keine Query-Zuordnung und keine Redirect-Ableitung.,Mehr Daten sammeln; keine Routing- oder Redirect-Entscheidung treffen.
PAGE,Seiten.csv,444,https://www.floxant.de/einsatzradar-regensburg,/einsatzradar-regensburg,0,1,0,5,P3,NEW_OR_LOW_DATA,unclassified,,,,Nur Seitenaggregat; keine Query-Zuordnung und keine Redirect-Ableitung.,Mehr Daten sammeln; keine Routing- oder Redirect-Entscheidung treffen.
PAGE,Seiten.csv,445,https://www.floxant.de/empfehlen,/empfehlen,0,1,0,5,P3,NEW_OR_LOW_DATA,unclassified,,,,Nur Seitenaggregat; keine Query-Zuordnung und keine Redirect-Ableitung.,Mehr Daten sammeln; keine Routing- oder Redirect-Entscheidung treffen.
PAGE,Seiten.csv,446,https://www.floxant.de/en/contact,/en/contact,0,1,0,5,P3,NEW_OR_LOW_DATA,unclassified,,,,Nur Seitenaggregat; keine Query-Zuordnung und keine Redirect-Ableitung.,Mehr Daten sammeln; keine Routing- oder Redirect-Entscheidung treffen.
PAGE,Seiten.csv,447,https://www.floxant.de/en/klaviertransport-passau,/en/klaviertransport-passau,0,1,0,5,P3,NEW_OR_LOW_DATA,unclassified,,,,Nur Seitenaggregat; keine Query-Zuordnung und keine Redirect-Ableitung.,Mehr Daten sammeln; keine Routing- oder Redirect-Entscheidung treffen.
PAGE,Seiten.csv,448,https://www.floxant.de/entruempelung-ergoldsbach,/entruempelung-ergoldsbach,0,1,0,5,P3,NEW_OR_LOW_DATA,unclassified,,,,Nur Seitenaggregat; keine Query-Zuordnung und keine Redirect-Ableitung.,Mehr Daten sammeln; keine Routing- oder Redirect-Entscheidung treffen.
PAGE,Seiten.csv,449,https://www.floxant.de/geruchslos-protokoll,/geruchslos-protokoll,0,1,0,5,P3,NEW_OR_LOW_DATA,unclassified,,,,Nur Seitenaggregat; keine Query-Zuordnung und keine Redirect-Ableitung.,Mehr Daten sammeln; keine Routing- oder Redirect-Entscheidung treffen.
PAGE,Seiten.csv,450,https://www.floxant.de/klaviertransport-auerbach-in-der-oberpfalz,/klaviertransport-auerbach-in-der-oberpfalz,0,1,0,5,P3,NEW_OR_LOW_DATA,unclassified,,,,Nur Seitenaggregat; keine Query-Zuordnung und keine Redirect-Ableitung.,Mehr Daten sammeln; keine Routing- oder Redirect-Entscheidung treffen.
PAGE,Seiten.csv,451,https://www.floxant.de/klaviertransport-landau-an-der-isar,/klaviertransport-landau-an-der-isar,0,1,0,5,P3,NEW_OR_LOW_DATA,unclassified,,,,Nur Seitenaggregat; keine Query-Zuordnung und keine Redirect-Ableitung.,Mehr Daten sammeln; keine Routing- oder Redirect-Entscheidung treffen.
PAGE,Seiten.csv,452,https://www.floxant.de/klaviertransport-schierling,/klaviertransport-schierling,0,1,0,5,P3,NEW_OR_LOW_DATA,unclassified,,,,Nur Seitenaggregat; keine Query-Zuordnung und keine Redirect-Ableitung.,Mehr Daten sammeln; keine Routing- oder Redirect-Entscheidung treffen.
PAGE,Seiten.csv,453,https://www.floxant.de/klaviertransport-tegernheim,/klaviertransport-tegernheim,0,1,0,5,P3,NEW_OR_LOW_DATA,unclassified,,,,Nur Seitenaggregat; keine Query-Zuordnung und keine Redirect-Ableitung.,Mehr Daten sammeln; keine Routing- oder Redirect-Entscheidung treffen.
PAGE,Seiten.csv,454,https://www.floxant.de/plattform-auftrag-pruefen,/plattform-auftrag-pruefen,0,1,0,5,P3,NEW_OR_LOW_DATA,unclassified,,,,Nur Seitenaggregat; keine Query-Zuordnung und keine Redirect-Ableitung.,Mehr Daten sammeln; keine Routing- oder Redirect-Entscheidung treffen.
PAGE,Seiten.csv,455,https://www.floxant.de/reinigung-erding,/reinigung-erding,0,1,0,5,P3,NEW_OR_LOW_DATA,unclassified,,,,Nur Seitenaggregat; keine Query-Zuordnung und keine Redirect-Ableitung.,Mehr Daten sammeln; keine Routing- oder Redirect-Entscheidung treffen.
PAGE,Seiten.csv,456,https://www.floxant.de/umzug-bogen,/umzug-bogen,0,1,0,5,P3,NEW_OR_LOW_DATA,unclassified,,,,Nur Seitenaggregat; keine Query-Zuordnung und keine Redirect-Ableitung.,Mehr Daten sammeln; keine Routing- oder Redirect-Entscheidung treffen.
PAGE,Seiten.csv,457,https://www.floxant.de/umzug-muenchen-haidhausen,/umzug-muenchen-haidhausen,0,1,0,5,P3,NEW_OR_LOW_DATA,unclassified,,,,Nur Seitenaggregat; keine Query-Zuordnung und keine Redirect-Ableitung.,Mehr Daten sammeln; keine Routing- oder Redirect-Entscheidung treffen.
PAGE,Seiten.csv,458,https://www.floxant.de/wohnung-wieder-vermietbar,/wohnung-wieder-vermietbar,0,1,0,5,P3,NEW_OR_LOW_DATA,unclassified,,,,Nur Seitenaggregat; keine Query-Zuordnung und keine Redirect-Ableitung.,Mehr Daten sammeln; keine Routing- oder Redirect-Entscheidung treffen.
PAGE,Seiten.csv,459,https://www.floxant.de/24h-umzugsservice,/24h-umzugsservice,0,1,0,6,P3,NEW_OR_LOW_DATA,unclassified,,,,Nur Seitenaggregat; keine Query-Zuordnung und keine Redirect-Ableitung.,Mehr Daten sammeln; keine Routing- oder Redirect-Entscheidung treffen.
PAGE,Seiten.csv,460,https://www.floxant.de/blog/nachlassraeumung-mit-respekt,/blog/nachlassraeumung-mit-respekt,0,1,0,6,P3,NEW_OR_LOW_DATA,unclassified,,,,Nur Seitenaggregat; keine Query-Zuordnung und keine Redirect-Ableitung.,Mehr Daten sammeln; keine Routing- oder Redirect-Entscheidung treffen.
PAGE,Seiten.csv,461,https://www.floxant.de/blog/nicht-vor-ort-schluessel-fotos-uebergabe-floxant,/blog/nicht-vor-ort-schluessel-fotos-uebergabe-floxant,0,1,0,6,P3,NEW_OR_LOW_DATA,unclassified,,,,Nur Seitenaggregat; keine Query-Zuordnung und keine Redirect-Ableitung.,Mehr Daten sammeln; keine Routing- oder Redirect-Entscheidung treffen.
PAGE,Seiten.csv,462,https://www.floxant.de/blog/regensburg-bayern-servicegebiet-richtig-planen,/blog/regensburg-bayern-servicegebiet-richtig-planen,0,1,0,6,P3,NEW_OR_LOW_DATA,unclassified,,,,Nur Seitenaggregat; keine Query-Zuordnung und keine Redirect-Ableitung.,Mehr Daten sammeln; keine Routing- oder Redirect-Entscheidung treffen.
PAGE,Seiten.csv,463,https://www.floxant.de/blog/unterhaltsreinigung-regensburg-buero-praxis-hotel,/blog/unterhaltsreinigung-regensburg-buero-praxis-hotel,0,1,0,6,P3,NEW_OR_LOW_DATA,unclassified,,,,Nur Seitenaggregat; keine Query-Zuordnung und keine Redirect-Ableitung.,Mehr Daten sammeln; keine Routing- oder Redirect-Entscheidung treffen.
PAGE,Seiten.csv,464,https://www.floxant.de/en/duesseldorf/cleaning-quote-review,/en/duesseldorf/cleaning-quote-review,0,1,0,6,P3,NEW_OR_LOW_DATA,unclassified,,,,Nur Seitenaggregat; keine Query-Zuordnung und keine Redirect-Ableitung.,Mehr Daten sammeln; keine Routing- oder Redirect-Entscheidung treffen.
PAGE,Seiten.csv,465,https://www.floxant.de/entruempelung-beratzhausen,/entruempelung-beratzhausen,0,1,0,6,P3,NEW_OR_LOW_DATA,unclassified,,,,Nur Seitenaggregat; keine Query-Zuordnung und keine Redirect-Ableitung.,Mehr Daten sammeln; keine Routing- oder Redirect-Entscheidung treffen.
PAGE,Seiten.csv,466,https://www.floxant.de/entruempelung-obertraubling,/entruempelung-obertraubling,0,1,0,6,P3,NEW_OR_LOW_DATA,unclassified,,,,Nur Seitenaggregat; keine Query-Zuordnung und keine Redirect-Ableitung.,Mehr Daten sammeln; keine Routing- oder Redirect-Entscheidung treffen.
PAGE,Seiten.csv,467,https://www.floxant.de/entruempelung-schweinfurt,/entruempelung-schweinfurt,0,1,0,6,P3,NEW_OR_LOW_DATA,unclassified,,,,Nur Seitenaggregat; keine Query-Zuordnung und keine Redirect-Ableitung.,Mehr Daten sammeln; keine Routing- oder Redirect-Entscheidung treffen.
PAGE,Seiten.csv,468,https://www.floxant.de/fa/halteverbotszone,/fa/halteverbotszone,0,1,0,6,P3,NEW_OR_LOW_DATA,unclassified,,,,Nur Seitenaggregat; keine Query-Zuordnung und keine Redirect-Ableitung.,Mehr Daten sammeln; keine Routing- oder Redirect-Entscheidung treffen.
PAGE,Seiten.csv,469,https://www.floxant.de/kinder-umzugsbox,/kinder-umzugsbox,0,1,0,6,P3,NEW_OR_LOW_DATA,unclassified,,,,Nur Seitenaggregat; keine Query-Zuordnung und keine Redirect-Ableitung.,Mehr Daten sammeln; keine Routing- oder Redirect-Entscheidung treffen.
PAGE,Seiten.csv,470,https://www.floxant.de/klaviertransport-ansbach,/klaviertransport-ansbach,0,1,0,6,P3,NEW_OR_LOW_DATA,unclassified,,,,Nur Seitenaggregat; keine Query-Zuordnung und keine Redirect-Ableitung.,Mehr Daten sammeln; keine Routing- oder Redirect-Entscheidung treffen.
PAGE,Seiten.csv,471,https://www.floxant.de/klaviertransport-riedenburg,/klaviertransport-riedenburg,0,1,0,6,P3,NEW_OR_LOW_DATA,unclassified,,,,Nur Seitenaggregat; keine Query-Zuordnung und keine Redirect-Ableitung.,Mehr Daten sammeln; keine Routing- oder Redirect-Entscheidung treffen.
PAGE,Seiten.csv,472,https://www.floxant.de/regensburg/seniorenumzug,/regensburg/seniorenumzug,0,1,0,6,P3,NEW_OR_LOW_DATA,unclassified,,,,Nur Seitenaggregat; keine Query-Zuordnung und keine Redirect-Ableitung.,Mehr Daten sammeln; keine Routing- oder Redirect-Entscheidung treffen.
PAGE,Seiten.csv,473,https://www.floxant.de/reinigung-duggendorf,/reinigung-duggendorf,0,1,0,6,P3,NEW_OR_LOW_DATA,unclassified,,,,Nur Seitenaggregat; keine Query-Zuordnung und keine Redirect-Ableitung.,Mehr Daten sammeln; keine Routing- oder Redirect-Entscheidung treffen.
PAGE,Seiten.csv,474,https://www.floxant.de/rueckfahrt-boerse,/rueckfahrt-boerse,0,1,0,6,P3,NEW_OR_LOW_DATA,unclassified,,,,Nur Seitenaggregat; keine Query-Zuordnung und keine Redirect-Ableitung.,Mehr Daten sammeln; keine Routing- oder Redirect-Entscheidung treffen.
PAGE,Seiten.csv,475,https://www.floxant.de/seniorenumzug-landshut,/seniorenumzug-landshut,0,1,0,6,P3,NEW_OR_LOW_DATA,unclassified,,,,Nur Seitenaggregat; keine Query-Zuordnung und keine Redirect-Ableitung.,Mehr Daten sammeln; keine Routing- oder Redirect-Entscheidung treffen.
PAGE,Seiten.csv,476,https://www.floxant.de/umzug-langquaid,/umzug-langquaid,0,1,0,6,P3,NEW_OR_LOW_DATA,unclassified,,,,Nur Seitenaggregat; keine Query-Zuordnung und keine Redirect-Ableitung.,Mehr Daten sammeln; keine Routing- oder Redirect-Entscheidung treffen.
PAGE,Seiten.csv,477,https://www.floxant.de/umzug-neunburg-vorm-wald,/umzug-neunburg-vorm-wald,0,1,0,6,P3,NEW_OR_LOW_DATA,unclassified,,,,Nur Seitenaggregat; keine Query-Zuordnung und keine Redirect-Ableitung.,Mehr Daten sammeln; keine Routing- oder Redirect-Entscheidung treffen.
PAGE,Seiten.csv,478,https://www.floxant.de/bg/umzug-tirschenreuth,/bg/umzug-tirschenreuth,0,1,0,7,P3,NEW_OR_LOW_DATA,unclassified,,,,Nur Seitenaggregat; keine Query-Zuordnung und keine Redirect-Ableitung.,Mehr Daten sammeln; keine Routing- oder Redirect-Entscheidung treffen.
PAGE,Seiten.csv,479,https://www.floxant.de/blog/haushaltsaufloesung-regensburg-container-mieten-alternative,/blog/haushaltsaufloesung-regensburg-container-mieten-alternative,0,1,0,7,P3,NEW_OR_LOW_DATA,unclassified,,,,Nur Seitenaggregat; keine Query-Zuordnung und keine Redirect-Ableitung.,Mehr Daten sammeln; keine Routing- oder Redirect-Entscheidung treffen.
PAGE,Seiten.csv,480,https://www.floxant.de/bueroumzug-aufhausen,/bueroumzug-aufhausen,0,1,0,7,P3,NEW_OR_LOW_DATA,unclassified,,,,Nur Seitenaggregat; keine Query-Zuordnung und keine Redirect-Ableitung.,Mehr Daten sammeln; keine Routing- oder Redirect-Entscheidung treffen.
PAGE,Seiten.csv,481,https://www.floxant.de/bueroumzug-donaustauf,/bueroumzug-donaustauf,0,1,0,7,P3,NEW_OR_LOW_DATA,unclassified,,,,Nur Seitenaggregat; keine Query-Zuordnung und keine Redirect-Ableitung.,Mehr Daten sammeln; keine Routing- oder Redirect-Entscheidung treffen.
PAGE,Seiten.csv,482,https://www.floxant.de/entruempelung-nittendorf,/entruempelung-nittendorf,0,1,0,7,P3,NEW_OR_LOW_DATA,unclassified,,,,Nur Seitenaggregat; keine Query-Zuordnung und keine Redirect-Ableitung.,Mehr Daten sammeln; keine Routing- oder Redirect-Entscheidung treffen.
PAGE,Seiten.csv,483,https://www.floxant.de/entruempelung-wendelstein,/entruempelung-wendelstein,0,1,0,7,P3,NEW_OR_LOW_DATA,unclassified,,,,Nur Seitenaggregat; keine Query-Zuordnung und keine Redirect-Ableitung.,Mehr Daten sammeln; keine Routing- oder Redirect-Entscheidung treffen.
PAGE,Seiten.csv,484,https://www.floxant.de/grundreinigung-regensburg,/grundreinigung-regensburg,0,1,0,7,P3,NEW_OR_LOW_DATA,unclassified,,,,Nur Seitenaggregat; keine Query-Zuordnung und keine Redirect-Ableitung.,Mehr Daten sammeln; keine Routing- oder Redirect-Entscheidung treffen.
PAGE,Seiten.csv,485,https://www.floxant.de/reinigung-brunn,/reinigung-brunn,0,1,0,7,P3,NEW_OR_LOW_DATA,unclassified,,,,Nur Seitenaggregat; keine Query-Zuordnung und keine Redirect-Ableitung.,Mehr Daten sammeln; keine Routing- oder Redirect-Entscheidung treffen.
PAGE,Seiten.csv,486,https://www.floxant.de/reinigung-cham,/reinigung-cham,0,1,0,7,P3,NEW_OR_LOW_DATA,unclassified,,,,Nur Seitenaggregat; keine Query-Zuordnung und keine Redirect-Ableitung.,Mehr Daten sammeln; keine Routing- oder Redirect-Entscheidung treffen.
PAGE,Seiten.csv,487,https://www.floxant.de/reinigung-neutraubling,/reinigung-neutraubling,0,1,0,7,P3,NEW_OR_LOW_DATA,unclassified,,,,Nur Seitenaggregat; keine Query-Zuordnung und keine Redirect-Ableitung.,Mehr Daten sammeln; keine Routing- oder Redirect-Entscheidung treffen.
PAGE,Seiten.csv,488,https://www.floxant.de/studentenumzug-dingolfing,/studentenumzug-dingolfing,0,1,0,7,P3,NEW_OR_LOW_DATA,unclassified,,,,Nur Seitenaggregat; keine Query-Zuordnung und keine Redirect-Ableitung.,Mehr Daten sammeln; keine Routing- oder Redirect-Entscheidung treffen.
PAGE,Seiten.csv,489,https://www.floxant.de/studentenumzug-plattling,/studentenumzug-plattling,0,1,0,7,P3,NEW_OR_LOW_DATA,unclassified,,,,Nur Seitenaggregat; keine Query-Zuordnung und keine Redirect-Ableitung.,Mehr Daten sammeln; keine Routing- oder Redirect-Entscheidung treffen.
PAGE,Seiten.csv,490,https://www.floxant.de/tr/ratgeber/umzug-tipps-familien,/tr/ratgeber/umzug-tipps-familien,0,1,0,7,P3,NEW_OR_LOW_DATA,unclassified,,,,Nur Seitenaggregat; keine Query-Zuordnung und keine Redirect-Ableitung.,Mehr Daten sammeln; keine Routing- oder Redirect-Entscheidung treffen.
PAGE,Seiten.csv,491,https://www.floxant.de/umzug-ingolstadt,/umzug-ingolstadt,0,1,0,7,P3,NEW_OR_LOW_DATA,unclassified,,,,Nur Seitenaggregat; keine Query-Zuordnung und keine Redirect-Ableitung.,Mehr Daten sammeln; keine Routing- oder Redirect-Entscheidung treffen.
PAGE,Seiten.csv,492,https://www.floxant.de/umzug-postbauer-heng,/umzug-postbauer-heng,0,1,0,7,P3,NEW_OR_LOW_DATA,unclassified,,,,Nur Seitenaggregat; keine Query-Zuordnung und keine Redirect-Ableitung.,Mehr Daten sammeln; keine Routing- oder Redirect-Entscheidung treffen.
PAGE,Seiten.csv,493,https://www.floxant.de/umzug-wackersdorf,/umzug-wackersdorf,0,1,0,7,P3,NEW_OR_LOW_DATA,unclassified,,,,Nur Seitenaggregat; keine Query-Zuordnung und keine Redirect-Ableitung.,Mehr Daten sammeln; keine Routing- oder Redirect-Entscheidung treffen.
PAGE,Seiten.csv,494,https://www.floxant.de/blog/angebot-anderer-firma-pruefen-regensburg,/blog/angebot-anderer-firma-pruefen-regensburg,0,1,0,8,P3,NEW_OR_LOW_DATA,unclassified,,,,Nur Seitenaggregat; keine Query-Zuordnung und keine Redirect-Ableitung.,Mehr Daten sammeln; keine Routing- oder Redirect-Entscheidung treffen.
PAGE,Seiten.csv,495,https://www.floxant.de/blog/morgen-besuch-wohnung-vorzeigbar,/blog/morgen-besuch-wohnung-vorzeigbar,0,1,0,8,P3,NEW_OR_LOW_DATA,unclassified,,,,Nur Seitenaggregat; keine Query-Zuordnung und keine Redirect-Ableitung.,Mehr Daten sammeln; keine Routing- oder Redirect-Entscheidung treffen.
PAGE,Seiten.csv,496,https://www.floxant.de/blog/reset-nach-party-krankheit-belastung,/blog/reset-nach-party-krankheit-belastung,0,1,0,8,P3,NEW_OR_LOW_DATA,unclassified,,,,Nur Seitenaggregat; keine Query-Zuordnung und keine Redirect-Ableitung.,Mehr Daten sammeln; keine Routing- oder Redirect-Entscheidung treffen.
PAGE,Seiten.csv,497,https://www.floxant.de/entruempelung-bayreuth,/entruempelung-bayreuth,0,1,0,8,P3,NEW_OR_LOW_DATA,unclassified,,,,Nur Seitenaggregat; keine Query-Zuordnung und keine Redirect-Ableitung.,Mehr Daten sammeln; keine Routing- oder Redirect-Entscheidung treffen.
PAGE,Seiten.csv,498,https://www.floxant.de/entruempelung-mainburg,/entruempelung-mainburg,0,1,0,8,P3,NEW_OR_LOW_DATA,unclassified,,,,Nur Seitenaggregat; keine Query-Zuordnung und keine Redirect-Ableitung.,Mehr Daten sammeln; keine Routing- oder Redirect-Entscheidung treffen.
PAGE,Seiten.csv,499,https://www.floxant.de/klaviertransport-passau,/klaviertransport-passau,0,1,0,8,P3,NEW_OR_LOW_DATA,unclassified,,,,Nur Seitenaggregat; keine Query-Zuordnung und keine Redirect-Ableitung.,Mehr Daten sammeln; keine Routing- oder Redirect-Entscheidung treffen.
PAGE,Seiten.csv,500,https://www.floxant.de/reinigung-obertraubling,/reinigung-obertraubling,0,1,0,8,P3,NEW_OR_LOW_DATA,unclassified,,,,Nur Seitenaggregat; keine Query-Zuordnung und keine Redirect-Ableitung.,Mehr Daten sammeln; keine Routing- oder Redirect-Entscheidung treffen.
PAGE,Seiten.csv,501,https://www.floxant.de/reinigung-pfreimd,/reinigung-pfreimd,0,1,0,8,P3,NEW_OR_LOW_DATA,unclassified,,,,Nur Seitenaggregat; keine Query-Zuordnung und keine Redirect-Ableitung.,Mehr Daten sammeln; keine Routing- oder Redirect-Entscheidung treffen.
PAGE,Seiten.csv,502,https://www.floxant.de/reinigung-wuerzburg,/reinigung-wuerzburg,0,1,0,8,P3,NEW_OR_LOW_DATA,unclassified,,,,Nur Seitenaggregat; keine Query-Zuordnung und keine Redirect-Ableitung.,Mehr Daten sammeln; keine Routing- oder Redirect-Entscheidung treffen.
PAGE,Seiten.csv,503,https://www.floxant.de/seniorenumzug-kallmuenz,/seniorenumzug-kallmuenz,0,1,0,8,P3,NEW_OR_LOW_DATA,unclassified,,,,Nur Seitenaggregat; keine Query-Zuordnung und keine Redirect-Ableitung.,Mehr Daten sammeln; keine Routing- oder Redirect-Entscheidung treffen.
PAGE,Seiten.csv,504,https://www.floxant.de/umzug-burglengenfeld,/umzug-burglengenfeld,0,1,0,8,P3,NEW_OR_LOW_DATA,unclassified,,,,Nur Seitenaggregat; keine Query-Zuordnung und keine Redirect-Ableitung.,Mehr Daten sammeln; keine Routing- oder Redirect-Entscheidung treffen.
PAGE,Seiten.csv,505,https://www.floxant.de/wohnungsaufloesung-bad-toelz,/wohnungsaufloesung-bad-toelz,0,1,0,8,P3,NEW_OR_LOW_DATA,unclassified,,,,Nur Seitenaggregat; keine Query-Zuordnung und keine Redirect-Ableitung.,Mehr Daten sammeln; keine Routing- oder Redirect-Entscheidung treffen.
PAGE,Seiten.csv,506,https://www.floxant.de/blog/empfang-kueche-sanitaer-montag,/blog/empfang-kueche-sanitaer-montag,0,1,0,9,P3,NEW_OR_LOW_DATA,unclassified,,,,Nur Seitenaggregat; keine Query-Zuordnung und keine Redirect-Ableitung.,Mehr Daten sammeln; keine Routing- oder Redirect-Entscheidung treffen.
PAGE,Seiten.csv,507,https://www.floxant.de/blog/seniorenumzug-regensburg-angehoerige-vorbereiten,/blog/seniorenumzug-regensburg-angehoerige-vorbereiten,0,1,0,9,P3,NEW_OR_LOW_DATA,unclassified,,,,Nur Seitenaggregat; keine Query-Zuordnung und keine Redirect-Ableitung.,Mehr Daten sammeln; keine Routing- oder Redirect-Entscheidung treffen.
PAGE,Seiten.csv,508,https://www.floxant.de/bueroumzug-lappersdorf,/bueroumzug-lappersdorf,0,1,0,9,P3,NEW_OR_LOW_DATA,unclassified,,,,Nur Seitenaggregat; keine Query-Zuordnung und keine Redirect-Ableitung.,Mehr Daten sammeln; keine Routing- oder Redirect-Entscheidung treffen.
PAGE,Seiten.csv,509,https://www.floxant.de/bueroumzug-schnaittenbach,/bueroumzug-schnaittenbach,0,1,0,9,P3,NEW_OR_LOW_DATA,unclassified,,,,Nur Seitenaggregat; keine Query-Zuordnung und keine Redirect-Ableitung.,Mehr Daten sammeln; keine Routing- oder Redirect-Entscheidung treffen.
PAGE,Seiten.csv,510,https://www.floxant.de/entruempelung-cham,/entruempelung-cham,0,1,0,9,P3,NEW_OR_LOW_DATA,unclassified,,,,Nur Seitenaggregat; keine Query-Zuordnung und keine Redirect-Ableitung.,Mehr Daten sammeln; keine Routing- oder Redirect-Entscheidung treffen.
PAGE,Seiten.csv,511,https://www.floxant.de/entruempelung-moosburg,/entruempelung-moosburg,0,1,0,9,P3,NEW_OR_LOW_DATA,unclassified,,,,Nur Seitenaggregat; keine Query-Zuordnung und keine Redirect-Ableitung.,Mehr Daten sammeln; keine Routing- oder Redirect-Entscheidung treffen.
PAGE,Seiten.csv,512,https://www.floxant.de/entruempelung-pentling,/entruempelung-pentling,0,1,0,9,P3,NEW_OR_LOW_DATA,unclassified,,,,Nur Seitenaggregat; keine Query-Zuordnung und keine Redirect-Ableitung.,Mehr Daten sammeln; keine Routing- oder Redirect-Entscheidung treffen.
PAGE,Seiten.csv,513,https://www.floxant.de/entruempelung-vohenstrauss,/entruempelung-vohenstrauss,0,1,0,9,P3,NEW_OR_LOW_DATA,unclassified,,,,Nur Seitenaggregat; keine Query-Zuordnung und keine Redirect-Ableitung.,Mehr Daten sammeln; keine Routing- oder Redirect-Entscheidung treffen.
PAGE,Seiten.csv,514,https://www.floxant.de/ja/umzug-deuerling,/ja/umzug-deuerling,0,1,0,9,P3,NEW_OR_LOW_DATA,unclassified,,,,Nur Seitenaggregat; keine Query-Zuordnung und keine Redirect-Ableitung.,Mehr Daten sammeln; keine Routing- oder Redirect-Entscheidung treffen.
PAGE,Seiten.csv,515,https://www.floxant.de/klaviertransport-duggendorf,/klaviertransport-duggendorf,0,1,0,9,P3,NEW_OR_LOW_DATA,unclassified,,,,Nur Seitenaggregat; keine Query-Zuordnung und keine Redirect-Ableitung.,Mehr Daten sammeln; keine Routing- oder Redirect-Entscheidung treffen.
PAGE,Seiten.csv,516,https://www.floxant.de/neumarkt/umzug,/neumarkt/umzug,0,1,0,9,P3,NEW_OR_LOW_DATA,unclassified,,,,Nur Seitenaggregat; keine Query-Zuordnung und keine Redirect-Ableitung.,Mehr Daten sammeln; keine Routing- oder Redirect-Entscheidung treffen.
PAGE,Seiten.csv,517,https://www.floxant.de/notfall-umzug-bayern,/notfall-umzug-bayern,0,1,0,9,P3,NEW_OR_LOW_DATA,unclassified,,,,Nur Seitenaggregat; keine Query-Zuordnung und keine Redirect-Ableitung.,Mehr Daten sammeln; keine Routing- oder Redirect-Entscheidung treffen.
PAGE,Seiten.csv,518,https://www.floxant.de/reinigung-dietfurt,/reinigung-dietfurt,0,1,0,9,P3,NEW_OR_LOW_DATA,unclassified,,,,Nur Seitenaggregat; keine Query-Zuordnung und keine Redirect-Ableitung.,Mehr Daten sammeln; keine Routing- oder Redirect-Entscheidung treffen.
PAGE,Seiten.csv,519,https://www.floxant.de/reinigung-eichstaett,/reinigung-eichstaett,0,1,0,9,P3,NEW_OR_LOW_DATA,unclassified,,,,Nur Seitenaggregat; keine Query-Zuordnung und keine Redirect-Ableitung.,Mehr Daten sammeln; keine Routing- oder Redirect-Entscheidung treffen.
PAGE,Seiten.csv,520,https://www.floxant.de/reinigung-postbauer-heng,/reinigung-postbauer-heng,0,1,0,9,P3,NEW_OR_LOW_DATA,unclassified,,,,Nur Seitenaggregat; keine Query-Zuordnung und keine Redirect-Ableitung.,Mehr Daten sammeln; keine Routing- oder Redirect-Entscheidung treffen.
PAGE,Seiten.csv,521,https://www.floxant.de/reinigung-roth,/reinigung-roth,0,1,0,9,P3,NEW_OR_LOW_DATA,unclassified,,,,Nur Seitenaggregat; keine Query-Zuordnung und keine Redirect-Ableitung.,Mehr Daten sammeln; keine Routing- oder Redirect-Entscheidung treffen.
PAGE,Seiten.csv,522,https://www.floxant.de/reinigung-wenzenbach,/reinigung-wenzenbach,0,1,0,9,P3,NEW_OR_LOW_DATA,unclassified,,,,Nur Seitenaggregat; keine Query-Zuordnung und keine Redirect-Ableitung.,Mehr Daten sammeln; keine Routing- oder Redirect-Entscheidung treffen.
PAGE,Seiten.csv,523,https://www.floxant.de/umzug-deuerling,/umzug-deuerling,0,1,0,9,P3,NEW_OR_LOW_DATA,unclassified,,,,Nur Seitenaggregat; keine Query-Zuordnung und keine Redirect-Ableitung.,Mehr Daten sammeln; keine Routing- oder Redirect-Entscheidung treffen.
PAGE,Seiten.csv,524,https://www.floxant.de/umzug-laaber,/umzug-laaber,0,1,0,9,P3,NEW_OR_LOW_DATA,unclassified,,,,Nur Seitenaggregat; keine Query-Zuordnung und keine Redirect-Ableitung.,Mehr Daten sammeln; keine Routing- oder Redirect-Entscheidung treffen.
PAGE,Seiten.csv,525,https://www.floxant.de/wohnungsaufloesung-garching,/wohnungsaufloesung-garching,0,1,0,9,P3,NEW_OR_LOW_DATA,unclassified,,,,Nur Seitenaggregat; keine Query-Zuordnung und keine Redirect-Ableitung.,Mehr Daten sammeln; keine Routing- oder Redirect-Entscheidung treffen.
PAGE,Seiten.csv,526,https://www.floxant.de/wohnungsaufloesung-riedenburg,/wohnungsaufloesung-riedenburg,0,1,0,9,P3,NEW_OR_LOW_DATA,unclassified,,,,Nur Seitenaggregat; keine Query-Zuordnung und keine Redirect-Ableitung.,Mehr Daten sammeln; keine Routing- oder Redirect-Entscheidung treffen.
PAGE,Seiten.csv,527,https://www.floxant.de/bg/blog/wohnungsaufloesung-was-tun,/bg/blog/wohnungsaufloesung-was-tun,0,1,0,10,P3,NEW_OR_LOW_DATA,unclassified,,,,Nur Seitenaggregat; keine Query-Zuordnung und keine Redirect-Ableitung.,Mehr Daten sammeln; keine Routing- oder Redirect-Entscheidung treffen.
PAGE,Seiten.csv,528,https://www.floxant.de/blog/reinigung-nach-umzug-angebot-regensburg-muenchen,/blog/reinigung-nach-umzug-angebot-regensburg-muenchen,0,1,0,10,P3,NEW_OR_LOW_DATA,unclassified,,,,Nur Seitenaggregat; keine Query-Zuordnung und keine Redirect-Ableitung.,Mehr Daten sammeln; keine Routing- oder Redirect-Entscheidung treffen.
PAGE,Seiten.csv,529,https://www.floxant.de/bueroumzug-vilseck,/bueroumzug-vilseck,0,1,0,10,P3,NEW_OR_LOW_DATA,unclassified,,,,Nur Seitenaggregat; keine Query-Zuordnung und keine Redirect-Ableitung.,Mehr Daten sammeln; keine Routing- oder Redirect-Entscheidung treffen.
PAGE,Seiten.csv,530,https://www.floxant.de/en/blog/request-moving-quote-regensburg,/en/blog/request-moving-quote-regensburg,0,1,0,10,P3,NEW_OR_LOW_DATA,unclassified,,,,Nur Seitenaggregat; keine Query-Zuordnung und keine Redirect-Ableitung.,Mehr Daten sammeln; keine Routing- oder Redirect-Entscheidung treffen.
PAGE,Seiten.csv,531,https://www.floxant.de/en/duisburg/cleaning,/en/duisburg/cleaning,0,1,0,10,P3,NEW_OR_LOW_DATA,unclassified,,,,Nur Seitenaggregat; keine Query-Zuordnung und keine Redirect-Ableitung.,Mehr Daten sammeln; keine Routing- oder Redirect-Entscheidung treffen.
PAGE,Seiten.csv,532,https://www.floxant.de/en/regensburg/transport-service,/en/regensburg/transport-service,0,1,0,10,P3,NEW_OR_LOW_DATA,unclassified,,,,Nur Seitenaggregat; keine Query-Zuordnung und keine Redirect-Ableitung.,Mehr Daten sammeln; keine Routing- oder Redirect-Entscheidung treffen.
PAGE,Seiten.csv,533,https://www.floxant.de/entruempelung-bad-abbach,/entruempelung-bad-abbach,0,1,0,10,P3,NEW_OR_LOW_DATA,unclassified,,,,Nur Seitenaggregat; keine Query-Zuordnung und keine Redirect-Ableitung.,Mehr Daten sammeln; keine Routing- oder Redirect-Entscheidung treffen.
PAGE,Seiten.csv,534,https://www.floxant.de/entruempelung-kissing,/entruempelung-kissing,0,1,0,10,P3,NEW_OR_LOW_DATA,unclassified,,,,Nur Seitenaggregat; keine Query-Zuordnung und keine Redirect-Ableitung.,Mehr Daten sammeln; keine Routing- oder Redirect-Entscheidung treffen.
PAGE,Seiten.csv,535,https://www.floxant.de/entruempelung-koenigsbrunn,/entruempelung-koenigsbrunn,0,1,0,10,P3,NEW_OR_LOW_DATA,unclassified,,,,Nur Seitenaggregat; keine Query-Zuordnung und keine Redirect-Ableitung.,Mehr Daten sammeln; keine Routing- oder Redirect-Entscheidung treffen.
PAGE,Seiten.csv,536,https://www.floxant.de/entruempelung-langquaid,/entruempelung-langquaid,0,1,0,10,P3,NEW_OR_LOW_DATA,unclassified,,,,Nur Seitenaggregat; keine Query-Zuordnung und keine Redirect-Ableitung.,Mehr Daten sammeln; keine Routing- oder Redirect-Entscheidung treffen.
PAGE,Seiten.csv,537,https://www.floxant.de/entruempelung-pettendorf,/entruempelung-pettendorf,0,1,0,10,P3,NEW_OR_LOW_DATA,unclassified,,,,Nur Seitenaggregat; keine Query-Zuordnung und keine Redirect-Ableitung.,Mehr Daten sammeln; keine Routing- oder Redirect-Entscheidung treffen.
PAGE,Seiten.csv,538,https://www.floxant.de/entruempelung-postbauer-heng,/entruempelung-postbauer-heng,0,1,0,10,P3,NEW_OR_LOW_DATA,unclassified,,,,Nur Seitenaggregat; keine Query-Zuordnung und keine Redirect-Ableitung.,Mehr Daten sammeln; keine Routing- oder Redirect-Entscheidung treffen.
PAGE,Seiten.csv,539,https://www.floxant.de/klaviertransport-bogen,/klaviertransport-bogen,0,1,0,10,P3,NEW_OR_LOW_DATA,unclassified,,,,Nur Seitenaggregat; keine Query-Zuordnung und keine Redirect-Ableitung.,Mehr Daten sammeln; keine Routing- oder Redirect-Entscheidung treffen.
PAGE,Seiten.csv,540,https://www.floxant.de/reinigung-amberg,/reinigung-amberg,0,1,0,10,P3,NEW_OR_LOW_DATA,unclassified,,,,Nur Seitenaggregat; keine Query-Zuordnung und keine Redirect-Ableitung.,Mehr Daten sammeln; keine Routing- oder Redirect-Entscheidung treffen.
PAGE,Seiten.csv,541,https://www.floxant.de/reinigung-bad-abbach,/reinigung-bad-abbach,0,1,0,10,P3,NEW_OR_LOW_DATA,unclassified,,,,Nur Seitenaggregat; keine Query-Zuordnung und keine Redirect-Ableitung.,Mehr Daten sammeln; keine Routing- oder Redirect-Entscheidung treffen.
PAGE,Seiten.csv,542,https://www.floxant.de/reinigung-laaber,/reinigung-laaber,0,1,0,10,P3,NEW_OR_LOW_DATA,unclassified,,,,Nur Seitenaggregat; keine Query-Zuordnung und keine Redirect-Ableitung.,Mehr Daten sammeln; keine Routing- oder Redirect-Entscheidung treffen.
PAGE,Seiten.csv,543,https://www.floxant.de/reinigung-mainburg,/reinigung-mainburg,0,1,0,10,P3,NEW_OR_LOW_DATA,unclassified,,,,Nur Seitenaggregat; keine Query-Zuordnung und keine Redirect-Ableitung.,Mehr Daten sammeln; keine Routing- oder Redirect-Entscheidung treffen.
PAGE,Seiten.csv,544,https://www.floxant.de/reinigung-nach-veranstaltung,/reinigung-nach-veranstaltung,0,1,0,10,P3,NEW_OR_LOW_DATA,unclassified,,,,Nur Seitenaggregat; keine Query-Zuordnung und keine Redirect-Ableitung.,Mehr Daten sammeln; keine Routing- oder Redirect-Entscheidung treffen.
PAGE,Seiten.csv,545,https://www.floxant.de/seniorenumzug-thalmassing,/seniorenumzug-thalmassing,0,1,0,10,P3,NEW_OR_LOW_DATA,unclassified,,,,Nur Seitenaggregat; keine Query-Zuordnung und keine Redirect-Ableitung.,Mehr Daten sammeln; keine Routing- oder Redirect-Entscheidung treffen.
PAGE,Seiten.csv,546,https://www.floxant.de/studentenumzug-kissing,/studentenumzug-kissing,0,1,0,10,P3,NEW_OR_LOW_DATA,unclassified,,,,Nur Seitenaggregat; keine Query-Zuordnung und keine Redirect-Ableitung.,Mehr Daten sammeln; keine Routing- oder Redirect-Entscheidung treffen.
PAGE,Seiten.csv,547,https://www.floxant.de/umzug-geiselhoering,/umzug-geiselhoering,0,1,0,10,P3,NEW_OR_LOW_DATA,unclassified,,,,Nur Seitenaggregat; keine Query-Zuordnung und keine Redirect-Ableitung.,Mehr Daten sammeln; keine Routing- oder Redirect-Entscheidung treffen.
PAGE,Seiten.csv,548,https://www.floxant.de/blog/praxisreinigung-regensburg-angebot-pruefen,/blog/praxisreinigung-regensburg-angebot-pruefen,0,1,0,11,P3,NEW_OR_LOW_DATA,unclassified,,,,Nur Seitenaggregat; keine Query-Zuordnung und keine Redirect-Ableitung.,Mehr Daten sammeln; keine Routing- oder Redirect-Entscheidung treffen.
PAGE,Seiten.csv,549,https://www.floxant.de/duesseldorf/reinigung/agb,/duesseldorf/reinigung/agb,0,1,0,11,P3,NEW_OR_LOW_DATA,unclassified,,,,Nur Seitenaggregat; keine Query-Zuordnung und keine Redirect-Ableitung.,Mehr Daten sammeln; keine Routing- oder Redirect-Entscheidung treffen.
PAGE,Seiten.csv,550,https://www.floxant.de/entruempelung-bernhardswald,/entruempelung-bernhardswald,0,1,0,11,P3,NEW_OR_LOW_DATA,unclassified,,,,Nur Seitenaggregat; keine Query-Zuordnung und keine Redirect-Ableitung.,Mehr Daten sammeln; keine Routing- oder Redirect-Entscheidung treffen.
PAGE,Seiten.csv,551,https://www.floxant.de/entruempelung-duggendorf,/entruempelung-duggendorf,0,1,0,11,P3,NEW_OR_LOW_DATA,unclassified,,,,Nur Seitenaggregat; keine Query-Zuordnung und keine Redirect-Ableitung.,Mehr Daten sammeln; keine Routing- oder Redirect-Entscheidung treffen.
PAGE,Seiten.csv,552,https://www.floxant.de/entruempelung-steinberg-am-see,/entruempelung-steinberg-am-see,0,1,0,11,P3,NEW_OR_LOW_DATA,unclassified,,,,Nur Seitenaggregat; keine Query-Zuordnung und keine Redirect-Ableitung.,Mehr Daten sammeln; keine Routing- oder Redirect-Entscheidung treffen.
PAGE,Seiten.csv,553,https://www.floxant.de/es/blog/wohnungsaufloesung-was-tun,/es/blog/wohnungsaufloesung-was-tun,0,1,0,11,P3,NEW_OR_LOW_DATA,unclassified,,,,Nur Seitenaggregat; keine Query-Zuordnung und keine Redirect-Ableitung.,Mehr Daten sammeln; keine Routing- oder Redirect-Entscheidung treffen.
PAGE,Seiten.csv,554,https://www.floxant.de/klaviertransport-wenzenbach,/klaviertransport-wenzenbach,0,1,0,11,P3,NEW_OR_LOW_DATA,unclassified,,,,Nur Seitenaggregat; keine Query-Zuordnung und keine Redirect-Ableitung.,Mehr Daten sammeln; keine Routing- oder Redirect-Entscheidung treffen.
PAGE,Seiten.csv,555,https://www.floxant.de/reinigung-erlangen,/reinigung-erlangen,0,1,0,11,P3,NEW_OR_LOW_DATA,unclassified,,,,Nur Seitenaggregat; keine Query-Zuordnung und keine Redirect-Ableitung.,Mehr Daten sammeln; keine Routing- oder Redirect-Entscheidung treffen.
PAGE,Seiten.csv,556,https://www.floxant.de/seniorenumzug-grafenwoehr,/seniorenumzug-grafenwoehr,0,1,0,11,P3,NEW_OR_LOW_DATA,unclassified,,,,Nur Seitenaggregat; keine Query-Zuordnung und keine Redirect-Ableitung.,Mehr Daten sammeln; keine Routing- oder Redirect-Entscheidung treffen.
PAGE,Seiten.csv,557,https://www.floxant.de/seniorenumzug-wenzenbach,/seniorenumzug-wenzenbach,0,1,0,11,P3,NEW_OR_LOW_DATA,unclassified,,,,Nur Seitenaggregat; keine Query-Zuordnung und keine Redirect-Ableitung.,Mehr Daten sammeln; keine Routing- oder Redirect-Entscheidung treffen.
PAGE,Seiten.csv,558,https://www.floxant.de/umzug-eichstaett,/umzug-eichstaett,0,1,0,11,P3,NEW_OR_LOW_DATA,unclassified,,,,Nur Seitenaggregat; keine Query-Zuordnung und keine Redirect-Ableitung.,Mehr Daten sammeln; keine Routing- oder Redirect-Entscheidung treffen.
PAGE,Seiten.csv,559,https://www.floxant.de/umzug-lauf-an-der-pegnitz,/umzug-lauf-an-der-pegnitz,0,1,0,11,P3,NEW_OR_LOW_DATA,unclassified,,,,Nur Seitenaggregat; keine Query-Zuordnung und keine Redirect-Ableitung.,Mehr Daten sammeln; keine Routing- oder Redirect-Entscheidung treffen.
PAGE,Seiten.csv,560,https://www.floxant.de/umzug-waldkirchen,/umzug-waldkirchen,0,1,0,11,P3,NEW_OR_LOW_DATA,unclassified,,,,Nur Seitenaggregat; keine Query-Zuordnung und keine Redirect-Ableitung.,Mehr Daten sammeln; keine Routing- oder Redirect-Entscheidung treffen.
PAGE,Seiten.csv,561,https://www.floxant.de/umzug-wolnzach,/umzug-wolnzach,0,1,0,11,P3,NEW_OR_LOW_DATA,unclassified,,,,Nur Seitenaggregat; keine Query-Zuordnung und keine Redirect-Ableitung.,Mehr Daten sammeln; keine Routing- oder Redirect-Entscheidung treffen.
PAGE,Seiten.csv,562,https://www.floxant.de/wohnungsaufloesung-forchheim,/wohnungsaufloesung-forchheim,0,1,0,11,P3,NEW_OR_LOW_DATA,unclassified,,,,Nur Seitenaggregat; keine Query-Zuordnung und keine Redirect-Ableitung.,Mehr Daten sammeln; keine Routing- oder Redirect-Entscheidung treffen.
PAGE,Seiten.csv,563,https://www.floxant.de/entruempelung-roding,/entruempelung-roding,0,1,0,12,P3,NEW_OR_LOW_DATA,unclassified,,,,Nur Seitenaggregat; keine Query-Zuordnung und keine Redirect-Ableitung.,Mehr Daten sammeln; keine Routing- oder Redirect-Entscheidung treffen.
PAGE,Seiten.csv,564,https://www.floxant.de/reinigung-landau-an-der-isar,/reinigung-landau-an-der-isar,0,1,0,12,P3,NEW_OR_LOW_DATA,unclassified,,,,Nur Seitenaggregat; keine Query-Zuordnung und keine Redirect-Ableitung.,Mehr Daten sammeln; keine Routing- oder Redirect-Entscheidung treffen.
PAGE,Seiten.csv,565,https://www.floxant.de/reinigung-zwiesel,/reinigung-zwiesel,0,1,0,12,P3,NEW_OR_LOW_DATA,unclassified,,,,Nur Seitenaggregat; keine Query-Zuordnung und keine Redirect-Ableitung.,Mehr Daten sammeln; keine Routing- oder Redirect-Entscheidung treffen.
PAGE,Seiten.csv,566,https://www.floxant.de/seniorenumzug-velburg,/seniorenumzug-velburg,0,1,0,12,P3,NEW_OR_LOW_DATA,unclassified,,,,Nur Seitenaggregat; keine Query-Zuordnung und keine Redirect-Ableitung.,Mehr Daten sammeln; keine Routing- oder Redirect-Entscheidung treffen.
PAGE,Seiten.csv,567,https://www.floxant.de/studentenumzug-zirndorf,/studentenumzug-zirndorf,0,1,0,12,P3,NEW_OR_LOW_DATA,unclassified,,,,Nur Seitenaggregat; keine Query-Zuordnung und keine Redirect-Ableitung.,Mehr Daten sammeln; keine Routing- oder Redirect-Entscheidung treffen.
PAGE,Seiten.csv,568,https://www.floxant.de/umzug-grafenau,/umzug-grafenau,0,1,0,12,P3,NEW_OR_LOW_DATA,unclassified,,,,Nur Seitenaggregat; keine Query-Zuordnung und keine Redirect-Ableitung.,Mehr Daten sammeln; keine Routing- oder Redirect-Entscheidung treffen.
PAGE,Seiten.csv,569,https://www.floxant.de/umzug-landau-an-der-isar,/umzug-landau-an-der-isar,0,1,0,12,P3,NEW_OR_LOW_DATA,unclassified,,,,Nur Seitenaggregat; keine Query-Zuordnung und keine Redirect-Ableitung.,Mehr Daten sammeln; keine Routing- oder Redirect-Entscheidung treffen.
PAGE,Seiten.csv,570,https://www.floxant.de/umzug-saal-an-der-donau,/umzug-saal-an-der-donau,0,1,0,12,P3,NEW_OR_LOW_DATA,unclassified,,,,Nur Seitenaggregat; keine Query-Zuordnung und keine Redirect-Ableitung.,Mehr Daten sammeln; keine Routing- oder Redirect-Entscheidung treffen.
PAGE,Seiten.csv,571,https://www.floxant.de/klaviertransport-berching,/klaviertransport-berching,0,1,0,13,P3,NEW_OR_LOW_DATA,unclassified,,,,Nur Seitenaggregat; keine Query-Zuordnung und keine Redirect-Ableitung.,Mehr Daten sammeln; keine Routing- oder Redirect-Entscheidung treffen.
PAGE,Seiten.csv,572,https://www.floxant.de/klaviertransport-neu-ulm,/klaviertransport-neu-ulm,0,1,0,13,P3,NEW_OR_LOW_DATA,unclassified,,,,Nur Seitenaggregat; keine Query-Zuordnung und keine Redirect-Ableitung.,Mehr Daten sammeln; keine Routing- oder Redirect-Entscheidung treffen.
PAGE,Seiten.csv,573,https://www.floxant.de/umzug-furth-im-wald,/umzug-furth-im-wald,0,1,0,13,P3,NEW_OR_LOW_DATA,unclassified,,,,Nur Seitenaggregat; keine Query-Zuordnung und keine Redirect-Ableitung.,Mehr Daten sammeln; keine Routing- oder Redirect-Entscheidung treffen.
PAGE,Seiten.csv,574,https://www.floxant.de/umzug-parsberg,/umzug-parsberg,0,1,0,13,P3,NEW_OR_LOW_DATA,unclassified,,,,Nur Seitenaggregat; keine Query-Zuordnung und keine Redirect-Ableitung.,Mehr Daten sammeln; keine Routing- oder Redirect-Entscheidung treffen.
PAGE,Seiten.csv,575,https://www.floxant.de/umzug-vilseck,/umzug-vilseck,0,1,0,13,P3,NEW_OR_LOW_DATA,unclassified,,,,Nur Seitenaggregat; keine Query-Zuordnung und keine Redirect-Ableitung.,Mehr Daten sammeln; keine Routing- oder Redirect-Entscheidung treffen.
PAGE,Seiten.csv,576,https://www.floxant.de/blog/reinigungsfirma-regensburg-kundennah-anfragen,/blog/reinigungsfirma-regensburg-kundennah-anfragen,0,1,0,14,P3,NEW_OR_LOW_DATA,unclassified,,,,Nur Seitenaggregat; keine Query-Zuordnung und keine Redirect-Ableitung.,Mehr Daten sammeln; keine Routing- oder Redirect-Entscheidung treffen.
PAGE,Seiten.csv,577,https://www.floxant.de/bueroumzug-germering,/bueroumzug-germering,0,1,0,14,P3,NEW_OR_LOW_DATA,unclassified,,,,Nur Seitenaggregat; keine Query-Zuordnung und keine Redirect-Ableitung.,Mehr Daten sammeln; keine Routing- oder Redirect-Entscheidung treffen.
PAGE,Seiten.csv,578,https://www.floxant.de/entruempelung-alteglofsheim,/entruempelung-alteglofsheim,0,1,0,14,P3,NEW_OR_LOW_DATA,unclassified,,,,Nur Seitenaggregat; keine Query-Zuordnung und keine Redirect-Ableitung.,Mehr Daten sammeln; keine Routing- oder Redirect-Entscheidung treffen.
PAGE,Seiten.csv,579,https://www.floxant.de/entruempelung-guenzburg,/entruempelung-guenzburg,0,1,0,14,P3,NEW_OR_LOW_DATA,unclassified,,,,Nur Seitenaggregat; keine Query-Zuordnung und keine Redirect-Ableitung.,Mehr Daten sammeln; keine Routing- oder Redirect-Entscheidung treffen.
PAGE,Seiten.csv,580,https://www.floxant.de/entruempelung-parsberg,/entruempelung-parsberg,0,1,0,14,P3,NEW_OR_LOW_DATA,unclassified,,,,Nur Seitenaggregat; keine Query-Zuordnung und keine Redirect-Ableitung.,Mehr Daten sammeln; keine Routing- oder Redirect-Entscheidung treffen.
PAGE,Seiten.csv,581,https://www.floxant.de/reinigung-seubersdorf,/reinigung-seubersdorf,0,1,0,14,P3,NEW_OR_LOW_DATA,unclassified,,,,Nur Seitenaggregat; keine Query-Zuordnung und keine Redirect-Ableitung.,Mehr Daten sammeln; keine Routing- oder Redirect-Entscheidung treffen.
PAGE,Seiten.csv,582,https://www.floxant.de/reinigung-vilshofen,/reinigung-vilshofen,0,1,0,14,P3,NEW_OR_LOW_DATA,unclassified,,,,Nur Seitenaggregat; keine Query-Zuordnung und keine Redirect-Ableitung.,Mehr Daten sammeln; keine Routing- oder Redirect-Entscheidung treffen.
PAGE,Seiten.csv,583,https://www.floxant.de/regensburg/umzug-reinigung,/regensburg/umzug-reinigung,0,1,0,15,P3,NEW_OR_LOW_DATA,unclassified,,,,Nur Seitenaggregat; keine Query-Zuordnung und keine Redirect-Ableitung.,Mehr Daten sammeln; keine Routing- oder Redirect-Entscheidung treffen.
PAGE,Seiten.csv,584,https://www.floxant.de/fa/blog/wohnungsaufloesung-was-tun,/fa/blog/wohnungsaufloesung-was-tun,0,1,0,17,P3,NEW_OR_LOW_DATA,unclassified,,,,Nur Seitenaggregat; keine Query-Zuordnung und keine Redirect-Ableitung.,Mehr Daten sammeln; keine Routing- oder Redirect-Entscheidung treffen.
PAGE,Seiten.csv,585,https://www.floxant.de/ro/klaviertransport-regensburg,/ro/klaviertransport-regensburg,0,1,0,17,P3,NEW_OR_LOW_DATA,unclassified,,,,Nur Seitenaggregat; keine Query-Zuordnung und keine Redirect-Ableitung.,Mehr Daten sammeln; keine Routing- oder Redirect-Entscheidung treffen.
PAGE,Seiten.csv,586,https://www.floxant.de/umzug-deggendorf,/umzug-deggendorf,0,1,0,18,P3,NEW_OR_LOW_DATA,unclassified,,,,Nur Seitenaggregat; keine Query-Zuordnung und keine Redirect-Ableitung.,Mehr Daten sammeln; keine Routing- oder Redirect-Entscheidung treffen.
PAGE,Seiten.csv,587,https://www.floxant.de/bg/signature/ritual-exit-box,/bg/signature/ritual-exit-box,0,1,0,19,P3,NEW_OR_LOW_DATA,unclassified,,,,Nur Seitenaggregat; keine Query-Zuordnung und keine Redirect-Ableitung.,Mehr Daten sammeln; keine Routing- oder Redirect-Entscheidung treffen.
PAGE,Seiten.csv,588,https://www.floxant.de/entruempelung-simbach-am-inn,/entruempelung-simbach-am-inn,0,1,0,19,P3,NEW_OR_LOW_DATA,unclassified,,,,Nur Seitenaggregat; keine Query-Zuordnung und keine Redirect-Ableitung.,Mehr Daten sammeln; keine Routing- oder Redirect-Entscheidung treffen.
PAGE,Seiten.csv,589,https://www.floxant.de/duesseldorf/gebaeudereinigung,/duesseldorf/gebaeudereinigung,0,1,0,20,P3,NEW_OR_LOW_DATA,unclassified,,,,Nur Seitenaggregat; keine Query-Zuordnung und keine Redirect-Ableitung.,Mehr Daten sammeln; keine Routing- oder Redirect-Entscheidung treffen.
PAGE,Seiten.csv,590,https://www.floxant.de/entruempelung-neustadt-an-der-donau,/entruempelung-neustadt-an-der-donau,0,1,0,20,P3,NEW_OR_LOW_DATA,unclassified,,,,Nur Seitenaggregat; keine Query-Zuordnung und keine Redirect-Ableitung.,Mehr Daten sammeln; keine Routing- oder Redirect-Entscheidung treffen.
PAGE,Seiten.csv,591,https://www.floxant.de/klaviertransport-augsburg,/klaviertransport-augsburg,0,1,0,20,P3,NEW_OR_LOW_DATA,unclassified,,,,Nur Seitenaggregat; keine Query-Zuordnung und keine Redirect-Ableitung.,Mehr Daten sammeln; keine Routing- oder Redirect-Entscheidung treffen.
PAGE,Seiten.csv,592,https://www.floxant.de/reinigung-zirndorf,/reinigung-zirndorf,0,1,0,20,P3,NEW_OR_LOW_DATA,unclassified,,,,Nur Seitenaggregat; keine Query-Zuordnung und keine Redirect-Ableitung.,Mehr Daten sammeln; keine Routing- oder Redirect-Entscheidung treffen.
PAGE,Seiten.csv,593,https://www.floxant.de/blog/umzug-mit-kindern-stressfrei,/blog/umzug-mit-kindern-stressfrei,0,1,0,22,P3,NEW_OR_LOW_DATA,unclassified,,,,Nur Seitenaggregat; keine Query-Zuordnung und keine Redirect-Ableitung.,Mehr Daten sammeln; keine Routing- oder Redirect-Entscheidung treffen.
PAGE,Seiten.csv,594,https://www.floxant.de/blog/solarreinigung-pv-angebot-pruefen,/blog/solarreinigung-pv-angebot-pruefen,0,1,0,23,P3,NEW_OR_LOW_DATA,unclassified,,,,Nur Seitenaggregat; keine Query-Zuordnung und keine Redirect-Ableitung.,Mehr Daten sammeln; keine Routing- oder Redirect-Entscheidung treffen.
PAGE,Seiten.csv,595,https://www.floxant.de/bueroumzug-bayern,/bueroumzug-bayern,0,1,0,26,P3,NEW_OR_LOW_DATA,unclassified,,,,Nur Seitenaggregat; keine Query-Zuordnung und keine Redirect-Ableitung.,Mehr Daten sammeln; keine Routing- oder Redirect-Entscheidung treffen.
PAGE,Seiten.csv,596,https://www.floxant.de/wohnungsaufloesung-dachau,/wohnungsaufloesung-dachau,0,1,0,28,P3,NEW_OR_LOW_DATA,unclassified,,,,Nur Seitenaggregat; keine Query-Zuordnung und keine Redirect-Ableitung.,Mehr Daten sammeln; keine Routing- oder Redirect-Entscheidung treffen.
PAGE,Seiten.csv,597,https://www.floxant.de/blog/staubarme-reinigung-nach-renovierung-umzug,/blog/staubarme-reinigung-nach-renovierung-umzug,0,1,0,34,P3,NEW_OR_LOW_DATA,unclassified,,,,Nur Seitenaggregat; keine Query-Zuordnung und keine Redirect-Ableitung.,Mehr Daten sammeln; keine Routing- oder Redirect-Entscheidung treffen.
PAGE,Seiten.csv,598,https://www.floxant.de/baustaub-ende,/baustaub-ende,0,1,0,35,P3,NEW_OR_LOW_DATA,unclassified,,,,Nur Seitenaggregat; keine Query-Zuordnung und keine Redirect-Ableitung.,Mehr Daten sammeln; keine Routing- oder Redirect-Entscheidung treffen.
PAGE,Seiten.csv,599,https://www.floxant.de/suche,/suche,0,1,0,35,P3,NEW_OR_LOW_DATA,unclassified,,,,Nur Seitenaggregat; keine Query-Zuordnung und keine Redirect-Ableitung.,Mehr Daten sammeln; keine Routing- oder Redirect-Entscheidung treffen.
PAGE,Seiten.csv,600,https://www.floxant.de/umzug-schweinfurt,/umzug-schweinfurt,0,1,0,36,P3,NEW_OR_LOW_DATA,unclassified,,,,Nur Seitenaggregat; keine Query-Zuordnung und keine Redirect-Ableitung.,Mehr Daten sammeln; keine Routing- oder Redirect-Entscheidung treffen.
PAGE,Seiten.csv,601,https://www.floxant.de/uk/reinigung,/uk/reinigung,0,1,0,39,P3,NEW_OR_LOW_DATA,unclassified,,,,Nur Seitenaggregat; keine Query-Zuordnung und keine Redirect-Ableitung.,Mehr Daten sammeln; keine Routing- oder Redirect-Entscheidung treffen.
PAGE,Seiten.csv,602,https://www.floxant.de/klaviertransport-waldmuenchen,/klaviertransport-waldmuenchen,0,1,0,40,P3,NEW_OR_LOW_DATA,unclassified,,,,Nur Seitenaggregat; keine Query-Zuordnung und keine Redirect-Ableitung.,Mehr Daten sammeln; keine Routing- oder Redirect-Entscheidung treffen.
PAGE,Seiten.csv,603,https://www.floxant.de/rueckfahrt-radar,/rueckfahrt-radar,0,1,0,40,P3,NEW_OR_LOW_DATA,unclassified,,,,Nur Seitenaggregat; keine Query-Zuordnung und keine Redirect-Ableitung.,Mehr Daten sammeln; keine Routing- oder Redirect-Entscheidung treffen.
PAGE,Seiten.csv,604,https://www.floxant.de/blog/treppenhausreinigung-regensburg-hauseingang-hausverwaltung,/blog/treppenhausreinigung-regensburg-hauseingang-hausverwaltung,0,1,0,42,P3,NEW_OR_LOW_DATA,unclassified,,,,Nur Seitenaggregat; keine Query-Zuordnung und keine Redirect-Ableitung.,Mehr Daten sammeln; keine Routing- oder Redirect-Entscheidung treffen.
PAGE,Seiten.csv,605,https://www.floxant.de/en/service-finder,/en/service-finder,0,1,0,44,P3,NEW_OR_LOW_DATA,unclassified,,,,Nur Seitenaggregat; keine Query-Zuordnung und keine Redirect-Ableitung.,Mehr Daten sammeln; keine Routing- oder Redirect-Entscheidung treffen.
PAGE,Seiten.csv,606,https://www.floxant.de/entruempelung-muenchen,/entruempelung-muenchen,0,1,0,47,P3,NEW_OR_LOW_DATA,unclassified,,,,Nur Seitenaggregat; keine Query-Zuordnung und keine Redirect-Ableitung.,Mehr Daten sammeln; keine Routing- oder Redirect-Entscheidung treffen.
PAGE,Seiten.csv,607,https://www.floxant.de/ratgeber/wann-lohnt-sich-umzugsfirma,/ratgeber/wann-lohnt-sich-umzugsfirma,0,1,0,47,P3,NEW_OR_LOW_DATA,unclassified,,,,Nur Seitenaggregat; keine Query-Zuordnung und keine Redirect-Ableitung.,Mehr Daten sammeln; keine Routing- oder Redirect-Entscheidung treffen.
PAGE,Seiten.csv,608,https://www.floxant.de/entruempelung-dachau,/entruempelung-dachau,0,1,0,48,P3,NEW_OR_LOW_DATA,unclassified,,,,Nur Seitenaggregat; keine Query-Zuordnung und keine Redirect-Ableitung.,Mehr Daten sammeln; keine Routing- oder Redirect-Entscheidung treffen.
PAGE,Seiten.csv,609,https://www.floxant.de/express-anfrage,/express-anfrage,0,1,0,48,P3,NEW_OR_LOW_DATA,unclassified,,,,Nur Seitenaggregat; keine Query-Zuordnung und keine Redirect-Ableitung.,Mehr Daten sammeln; keine Routing- oder Redirect-Entscheidung treffen.
PAGE,Seiten.csv,610,https://www.floxant.de/umzug-weilheim-in-oberbayern,/umzug-weilheim-in-oberbayern,0,1,0,50,P3,NEW_OR_LOW_DATA,unclassified,,,,Nur Seitenaggregat; keine Query-Zuordnung und keine Redirect-Ableitung.,Mehr Daten sammeln; keine Routing- oder Redirect-Entscheidung treffen.
PAGE,Seiten.csv,611,https://www.floxant.de/blog/treppenhausreinigung-regensburg-hausverwaltung-angebot,/blog/treppenhausreinigung-regensburg-hausverwaltung-angebot,0,1,0,56,P3,NEW_OR_LOW_DATA,unclassified,,,,Nur Seitenaggregat; keine Query-Zuordnung und keine Redirect-Ableitung.,Mehr Daten sammeln; keine Routing- oder Redirect-Entscheidung treffen.
PAGE,Seiten.csv,612,https://www.floxant.de/glasreinigung,/glasreinigung,0,1,0,60,P3,NEW_OR_LOW_DATA,unclassified,,,,Nur Seitenaggregat; keine Query-Zuordnung und keine Redirect-Ableitung.,Mehr Daten sammeln; keine Routing- oder Redirect-Entscheidung treffen.
PAGE,Seiten.csv,613,https://www.floxant.de/bueroumzug-neufahrn-in-niederbayern,/bueroumzug-neufahrn-in-niederbayern,0,1,0,61,P3,NEW_OR_LOW_DATA,unclassified,,,,Nur Seitenaggregat; keine Query-Zuordnung und keine Redirect-Ableitung.,Mehr Daten sammeln; keine Routing- oder Redirect-Entscheidung treffen.
PAGE,Seiten.csv,614,https://www.floxant.de/en/contact?city=duesseldorf&service=gewerbereinigung,/en/contact?city=duesseldorf&service=gewerbereinigung,0,1,0,72,P3,NEW_OR_LOW_DATA,unclassified,,,,Nur Seitenaggregat; keine Query-Zuordnung und keine Redirect-Ableitung.,Mehr Daten sammeln; keine Routing- oder Redirect-Entscheidung treffen.
PAGE,Seiten.csv,615,https://www.floxant.de/bueroumzug-altdorf-bei-nuernberg,/bueroumzug-altdorf-bei-nuernberg,0,1,0,79,P3,NEW_OR_LOW_DATA,unclassified,,,,Nur Seitenaggregat; keine Query-Zuordnung und keine Redirect-Ableitung.,Mehr Daten sammeln; keine Routing- oder Redirect-Entscheidung treffen.
PAGE,Seiten.csv,616,https://www.floxant.de/klaviertransport-bad-toelz,/klaviertransport-bad-toelz,0,1,0,94,P3,NEW_OR_LOW_DATA,unclassified,,,,Nur Seitenaggregat; keine Query-Zuordnung und keine Redirect-Ableitung.,Mehr Daten sammeln; keine Routing- oder Redirect-Entscheidung treffen.
PAGE,Seiten.csv,617,https://www.floxant.de/moebel-optimierung,/moebel-optimierung,0,1,0,100,P3,NEW_OR_LOW_DATA,unclassified,,,,Nur Seitenaggregat; keine Query-Zuordnung und keine Redirect-Ableitung.,Mehr Daten sammeln; keine Routing- oder Redirect-Entscheidung treffen.
