route,relatedRoute,check,expected,actual,severity,status,details
/24h-umzug-bayern,/leistungen,SPECIALIST_WITHOUT_HUB_LINK,link from /leistungen,missing,REVIEW,FAIL,
/24h-umzugsservice,/leistungen,SPECIALIST_WITHOUT_HUB_LINK,link from /leistungen,missing,REVIEW,FAIL,
/akteneinlagerung-regensburg,/leistungen,SPECIALIST_WITHOUT_HUB_LINK,link from /leistungen,missing,REVIEW,FAIL,
/alternativen,/leistungen,SPECIALIST_WITHOUT_HUB_LINK,link from /leistungen,missing,REVIEW,FAIL,
/angebot-pruefen,/leistungen,SPECIALIST_WITHOUT_HUB_LINK,link from /leistungen,missing,REVIEW,FAIL,
/anti-scham-reinigung,/leistungen,SPECIALIST_WITHOUT_HUB_LINK,link from /leistungen,missing,REVIEW,FAIL,
/atemruhig-reinigung,/leistungen,SPECIALIST_WITHOUT_HUB_LINK,link from /leistungen,missing,REVIEW,FAIL,
/baustaub-ende,/leistungen,SPECIALIST_WITHOUT_HUB_LINK,link from /leistungen,missing,REVIEW,FAIL,
/beiladung,/leistungen,SPECIALIST_WITHOUT_HUB_LINK,link from /leistungen,missing,REVIEW,FAIL,
/beiladung-regensburg,/leistungen,SPECIALIST_WITHOUT_HUB_LINK,link from /leistungen,missing,REVIEW,FAIL,
/buchung,/leistungen,SPECIALIST_WITHOUT_HUB_LINK,link from /leistungen,missing,REVIEW,FAIL,
/buchung-ablauf,/leistungen,SPECIALIST_WITHOUT_HUB_LINK,link from /leistungen,missing,REVIEW,FAIL,
/buerokratie-schutz,/leistungen,SPECIALIST_WITHOUT_HUB_LINK,link from /leistungen,missing,REVIEW,FAIL,
/bueroumzug,/leistungen,SPECIALIST_WITHOUT_HUB_LINK,link from /leistungen,missing,REVIEW,FAIL,
/bueroumzug-abensberg,/leistungen,SPECIALIST_WITHOUT_HUB_LINK,link from /leistungen,missing,REVIEW,FAIL,
/bueroumzug-altdorf-bei-nuernberg,/leistungen,SPECIALIST_WITHOUT_HUB_LINK,link from /leistungen,missing,REVIEW,FAIL,
/bueroumzug-alteglofsheim,/leistungen,SPECIALIST_WITHOUT_HUB_LINK,link from /leistungen,missing,REVIEW,FAIL,
/bueroumzug-altenthann,/leistungen,SPECIALIST_WITHOUT_HUB_LINK,link from /leistungen,missing,REVIEW,FAIL,
/bueroumzug-amberg,/leistungen,SPECIALIST_WITHOUT_HUB_LINK,link from /leistungen,missing,REVIEW,FAIL,
/bueroumzug-ansbach,/leistungen,SPECIALIST_WITHOUT_HUB_LINK,link from /leistungen,missing,REVIEW,FAIL,
/bueroumzug-auerbach-in-der-oberpfalz,/leistungen,SPECIALIST_WITHOUT_HUB_LINK,link from /leistungen,missing,REVIEW,FAIL,
/bueroumzug-aufhausen,/leistungen,SPECIALIST_WITHOUT_HUB_LINK,link from /leistungen,missing,REVIEW,FAIL,
/bueroumzug-augsburg,/leistungen,SPECIALIST_WITHOUT_HUB_LINK,link from /leistungen,missing,REVIEW,FAIL,
/bueroumzug-bad-abbach,/leistungen,SPECIALIST_WITHOUT_HUB_LINK,link from /leistungen,missing,REVIEW,FAIL,
/bueroumzug-bad-koetzting,/leistungen,SPECIALIST_WITHOUT_HUB_LINK,link from /leistungen,missing,REVIEW,FAIL,
/bueroumzug-bad-toelz,/leistungen,SPECIALIST_WITHOUT_HUB_LINK,link from /leistungen,missing,REVIEW,FAIL,
/bueroumzug-bamberg,/leistungen,SPECIALIST_WITHOUT_HUB_LINK,link from /leistungen,missing,REVIEW,FAIL,
/bueroumzug-barbing,/leistungen,SPECIALIST_WITHOUT_HUB_LINK,link from /leistungen,missing,REVIEW,FAIL,
/bueroumzug-bayern,/leistungen,SPECIALIST_WITHOUT_HUB_LINK,link from /leistungen,missing,REVIEW,FAIL,
/bueroumzug-bayreuth,/leistungen,SPECIALIST_WITHOUT_HUB_LINK,link from /leistungen,missing,REVIEW,FAIL,
/bueroumzug-beilngries,/leistungen,SPECIALIST_WITHOUT_HUB_LINK,link from /leistungen,missing,REVIEW,FAIL,
/bueroumzug-beratzhausen,/leistungen,SPECIALIST_WITHOUT_HUB_LINK,link from /leistungen,missing,REVIEW,FAIL,
/bueroumzug-berching,/leistungen,SPECIALIST_WITHOUT_HUB_LINK,link from /leistungen,missing,REVIEW,FAIL,
/bueroumzug-bernhardswald,/leistungen,SPECIALIST_WITHOUT_HUB_LINK,link from /leistungen,missing,REVIEW,FAIL,
/bueroumzug-bogen,/leistungen,SPECIALIST_WITHOUT_HUB_LINK,link from /leistungen,missing,REVIEW,FAIL,
/bueroumzug-brennberg,/leistungen,SPECIALIST_WITHOUT_HUB_LINK,link from /leistungen,missing,REVIEW,FAIL,
/bueroumzug-brunn,/leistungen,SPECIALIST_WITHOUT_HUB_LINK,link from /leistungen,missing,REVIEW,FAIL,
/bueroumzug-burglengenfeld,/leistungen,SPECIALIST_WITHOUT_HUB_LINK,link from /leistungen,missing,REVIEW,FAIL,
/bueroumzug-cham,/leistungen,SPECIALIST_WITHOUT_HUB_LINK,link from /leistungen,missing,REVIEW,FAIL,
/bueroumzug-coburg,/leistungen,SPECIALIST_WITHOUT_HUB_LINK,link from /leistungen,missing,REVIEW,FAIL,
/bueroumzug-dachau,/leistungen,SPECIALIST_WITHOUT_HUB_LINK,link from /leistungen,missing,REVIEW,FAIL,
/bueroumzug-deggendorf,/leistungen,SPECIALIST_WITHOUT_HUB_LINK,link from /leistungen,missing,REVIEW,FAIL,
/bueroumzug-deuerling,/leistungen,SPECIALIST_WITHOUT_HUB_LINK,link from /leistungen,missing,REVIEW,FAIL,
/bueroumzug-dietfurt,/leistungen,SPECIALIST_WITHOUT_HUB_LINK,link from /leistungen,missing,REVIEW,FAIL,
/bueroumzug-dingolfing,/leistungen,SPECIALIST_WITHOUT_HUB_LINK,link from /leistungen,missing,REVIEW,FAIL,
/bueroumzug-donaustauf,/leistungen,SPECIALIST_WITHOUT_HUB_LINK,link from /leistungen,missing,REVIEW,FAIL,
/bueroumzug-duggendorf,/leistungen,SPECIALIST_WITHOUT_HUB_LINK,link from /leistungen,missing,REVIEW,FAIL,
/bueroumzug-eggenfelden,/leistungen,SPECIALIST_WITHOUT_HUB_LINK,link from /leistungen,missing,REVIEW,FAIL,
/bueroumzug-eichstaett,/leistungen,SPECIALIST_WITHOUT_HUB_LINK,link from /leistungen,missing,REVIEW,FAIL,
/bueroumzug-erding,/leistungen,SPECIALIST_WITHOUT_HUB_LINK,link from /leistungen,missing,REVIEW,FAIL,
/bueroumzug-ergoldsbach,/leistungen,SPECIALIST_WITHOUT_HUB_LINK,link from /leistungen,missing,REVIEW,FAIL,
/bueroumzug-erlangen,/leistungen,SPECIALIST_WITHOUT_HUB_LINK,link from /leistungen,missing,REVIEW,FAIL,
/bueroumzug-eschenbach-in-der-oberpfalz,/leistungen,SPECIALIST_WITHOUT_HUB_LINK,link from /leistungen,missing,REVIEW,FAIL,
/bueroumzug-feucht,/leistungen,SPECIALIST_WITHOUT_HUB_LINK,link from /leistungen,missing,REVIEW,FAIL,
/bueroumzug-freising,/leistungen,SPECIALIST_WITHOUT_HUB_LINK,link from /leistungen,missing,REVIEW,FAIL,
/bueroumzug-freystadt,/leistungen,SPECIALIST_WITHOUT_HUB_LINK,link from /leistungen,missing,REVIEW,FAIL,
/bueroumzug-freyung,/leistungen,SPECIALIST_WITHOUT_HUB_LINK,link from /leistungen,missing,REVIEW,FAIL,
/bueroumzug-fuerstenfeldbruck,/leistungen,SPECIALIST_WITHOUT_HUB_LINK,link from /leistungen,missing,REVIEW,FAIL,
/bueroumzug-fuerth,/leistungen,SPECIALIST_WITHOUT_HUB_LINK,link from /leistungen,missing,REVIEW,FAIL,
/bueroumzug-furth-im-wald,/leistungen,SPECIALIST_WITHOUT_HUB_LINK,link from /leistungen,missing,REVIEW,FAIL,
/bueroumzug-garching,/leistungen,SPECIALIST_WITHOUT_HUB_LINK,link from /leistungen,missing,REVIEW,FAIL,
/bueroumzug-geiselhoering,/leistungen,SPECIALIST_WITHOUT_HUB_LINK,link from /leistungen,missing,REVIEW,FAIL,
/bueroumzug-geisenfeld,/leistungen,SPECIALIST_WITHOUT_HUB_LINK,link from /leistungen,missing,REVIEW,FAIL,
/bueroumzug-germering,/leistungen,SPECIALIST_WITHOUT_HUB_LINK,link from /leistungen,missing,REVIEW,FAIL,
/bueroumzug-gersthofen,/leistungen,SPECIALIST_WITHOUT_HUB_LINK,link from /leistungen,missing,REVIEW,FAIL,
/bueroumzug-grafenau,/leistungen,SPECIALIST_WITHOUT_HUB_LINK,link from /leistungen,missing,REVIEW,FAIL,
/bueroumzug-grafenwoehr,/leistungen,SPECIALIST_WITHOUT_HUB_LINK,link from /leistungen,missing,REVIEW,FAIL,
/bueroumzug-guenzburg,/leistungen,SPECIALIST_WITHOUT_HUB_LINK,link from /leistungen,missing,REVIEW,FAIL,
/bueroumzug-hagelstadt,/leistungen,SPECIALIST_WITHOUT_HUB_LINK,link from /leistungen,missing,REVIEW,FAIL,
/bueroumzug-hausen,/leistungen,SPECIALIST_WITHOUT_HUB_LINK,link from /leistungen,missing,REVIEW,FAIL,
/bueroumzug-hemau,/leistungen,SPECIALIST_WITHOUT_HUB_LINK,link from /leistungen,missing,REVIEW,FAIL,
/bueroumzug-herzogenaurach,/leistungen,SPECIALIST_WITHOUT_HUB_LINK,link from /leistungen,missing,REVIEW,FAIL,
/bueroumzug-hirschau,/leistungen,SPECIALIST_WITHOUT_HUB_LINK,link from /leistungen,missing,REVIEW,FAIL,
/bueroumzug-hohenfels,/leistungen,SPECIALIST_WITHOUT_HUB_LINK,link from /leistungen,missing,REVIEW,FAIL,
/bueroumzug-holzheim-am-forst,/leistungen,SPECIALIST_WITHOUT_HUB_LINK,link from /leistungen,missing,REVIEW,FAIL,
/bueroumzug-ingolstadt,/leistungen,SPECIALIST_WITHOUT_HUB_LINK,link from /leistungen,missing,REVIEW,FAIL,
/bueroumzug-kallmuenz,/leistungen,SPECIALIST_WITHOUT_HUB_LINK,link from /leistungen,missing,REVIEW,FAIL,
/bueroumzug-kelheim,/leistungen,SPECIALIST_WITHOUT_HUB_LINK,link from /leistungen,missing,REVIEW,FAIL,
/bueroumzug-kissing,/leistungen,SPECIALIST_WITHOUT_HUB_LINK,link from /leistungen,missing,REVIEW,FAIL,
/bueroumzug-koefering,/leistungen,SPECIALIST_WITHOUT_HUB_LINK,link from /leistungen,missing,REVIEW,FAIL,
/bueroumzug-koenigsbrunn,/leistungen,SPECIALIST_WITHOUT_HUB_LINK,link from /leistungen,missing,REVIEW,FAIL,
/bueroumzug-koetzting,/leistungen,SPECIALIST_WITHOUT_HUB_LINK,link from /leistungen,missing,REVIEW,FAIL,
/bueroumzug-laaber,/leistungen,SPECIALIST_WITHOUT_HUB_LINK,link from /leistungen,missing,REVIEW,FAIL,
/bueroumzug-landau-an-der-isar,/leistungen,SPECIALIST_WITHOUT_HUB_LINK,link from /leistungen,missing,REVIEW,FAIL,
/bueroumzug-landsberg-am-lech,/leistungen,SPECIALIST_WITHOUT_HUB_LINK,link from /leistungen,missing,REVIEW,FAIL,
/bueroumzug-landshut,/leistungen,SPECIALIST_WITHOUT_HUB_LINK,link from /leistungen,missing,REVIEW,FAIL,
/bueroumzug-langquaid,/leistungen,SPECIALIST_WITHOUT_HUB_LINK,link from /leistungen,missing,REVIEW,FAIL,
/bueroumzug-lappersdorf,/leistungen,SPECIALIST_WITHOUT_HUB_LINK,link from /leistungen,missing,REVIEW,FAIL,
/bueroumzug-lauf-an-der-pegnitz,/leistungen,SPECIALIST_WITHOUT_HUB_LINK,link from /leistungen,missing,REVIEW,FAIL,
/bueroumzug-lupburg,/leistungen,SPECIALIST_WITHOUT_HUB_LINK,link from /leistungen,missing,REVIEW,FAIL,
/bueroumzug-mainburg,/leistungen,SPECIALIST_WITHOUT_HUB_LINK,link from /leistungen,missing,REVIEW,FAIL,
/bueroumzug-mallersdorf-pfaffenberg,/leistungen,SPECIALIST_WITHOUT_HUB_LINK,link from /leistungen,missing,REVIEW,FAIL,
/bueroumzug-mammendorf,/leistungen,SPECIALIST_WITHOUT_HUB_LINK,link from /leistungen,missing,REVIEW,FAIL,
/bueroumzug-maxhuette-haidhof,/leistungen,SPECIALIST_WITHOUT_HUB_LINK,link from /leistungen,missing,REVIEW,FAIL,
/bueroumzug-mering,/leistungen,SPECIALIST_WITHOUT_HUB_LINK,link from /leistungen,missing,REVIEW,FAIL,
/bueroumzug-mintraching,/leistungen,SPECIALIST_WITHOUT_HUB_LINK,link from /leistungen,missing,REVIEW,FAIL,
/bueroumzug-moetzing,/leistungen,SPECIALIST_WITHOUT_HUB_LINK,link from /leistungen,missing,REVIEW,FAIL,
/bueroumzug-moosburg,/leistungen,SPECIALIST_WITHOUT_HUB_LINK,link from /leistungen,missing,REVIEW,FAIL,
/bueroumzug-muenchen,/leistungen,SPECIALIST_WITHOUT_HUB_LINK,link from /leistungen,missing,REVIEW,FAIL,
/bueroumzug-nabburg,/leistungen,SPECIALIST_WITHOUT_HUB_LINK,link from /leistungen,missing,REVIEW,FAIL,
/bueroumzug-neu-ulm,/leistungen,SPECIALIST_WITHOUT_HUB_LINK,link from /leistungen,missing,REVIEW,FAIL,
/bueroumzug-neufahrn-in-niederbayern,/leistungen,SPECIALIST_WITHOUT_HUB_LINK,link from /leistungen,missing,REVIEW,FAIL,
/bueroumzug-neumarkt,/leistungen,SPECIALIST_WITHOUT_HUB_LINK,link from /leistungen,missing,REVIEW,FAIL,
/bueroumzug-neunburg-vorm-wald,/leistungen,SPECIALIST_WITHOUT_HUB_LINK,link from /leistungen,missing,REVIEW,FAIL,
/bueroumzug-neusaess,/leistungen,SPECIALIST_WITHOUT_HUB_LINK,link from /leistungen,missing,REVIEW,FAIL,
/bueroumzug-neustadt-an-der-donau,/leistungen,SPECIALIST_WITHOUT_HUB_LINK,link from /leistungen,missing,REVIEW,FAIL,
/bueroumzug-neustadt-an-der-waldnaab,/leistungen,SPECIALIST_WITHOUT_HUB_LINK,link from /leistungen,missing,REVIEW,FAIL,
/bueroumzug-neutraubling,/leistungen,SPECIALIST_WITHOUT_HUB_LINK,link from /leistungen,missing,REVIEW,FAIL,
/bueroumzug-nittenau,/leistungen,SPECIALIST_WITHOUT_HUB_LINK,link from /leistungen,missing,REVIEW,FAIL,
/bueroumzug-nittendorf,/leistungen,SPECIALIST_WITHOUT_HUB_LINK,link from /leistungen,missing,REVIEW,FAIL,
/bueroumzug-nuernberg,/leistungen,SPECIALIST_WITHOUT_HUB_LINK,link from /leistungen,missing,REVIEW,FAIL,
/bueroumzug-oberasbach,/leistungen,SPECIALIST_WITHOUT_HUB_LINK,link from /leistungen,missing,REVIEW,FAIL,
/bueroumzug-obertraubling,/leistungen,SPECIALIST_WITHOUT_HUB_LINK,link from /leistungen,missing,REVIEW,FAIL,
/bueroumzug-oberviechtach,/leistungen,SPECIALIST_WITHOUT_HUB_LINK,link from /leistungen,missing,REVIEW,FAIL,
/bueroumzug-olching,/leistungen,SPECIALIST_WITHOUT_HUB_LINK,link from /leistungen,missing,REVIEW,FAIL,
/bueroumzug-osterhofen,/leistungen,SPECIALIST_WITHOUT_HUB_LINK,link from /leistungen,missing,REVIEW,FAIL,
/bueroumzug-painten,/leistungen,SPECIALIST_WITHOUT_HUB_LINK,link from /leistungen,missing,REVIEW,FAIL,
/bueroumzug-parsberg,/leistungen,SPECIALIST_WITHOUT_HUB_LINK,link from /leistungen,missing,REVIEW,FAIL,
/bueroumzug-passau,/leistungen,SPECIALIST_WITHOUT_HUB_LINK,link from /leistungen,missing,REVIEW,FAIL,
/bueroumzug-pentling,/leistungen,SPECIALIST_WITHOUT_HUB_LINK,link from /leistungen,missing,REVIEW,FAIL,
/bueroumzug-pettendorf,/leistungen,SPECIALIST_WITHOUT_HUB_LINK,link from /leistungen,missing,REVIEW,FAIL,
/bueroumzug-pfaffenhofen,/leistungen,SPECIALIST_WITHOUT_HUB_LINK,link from /leistungen,missing,REVIEW,FAIL,
/bueroumzug-pfarrkirchen,/leistungen,SPECIALIST_WITHOUT_HUB_LINK,link from /leistungen,missing,REVIEW,FAIL,
/bueroumzug-pfatter,/leistungen,SPECIALIST_WITHOUT_HUB_LINK,link from /leistungen,missing,REVIEW,FAIL,
/bueroumzug-pfeffenhausen,/leistungen,SPECIALIST_WITHOUT_HUB_LINK,link from /leistungen,missing,REVIEW,FAIL,
/bueroumzug-pfreimd,/leistungen,SPECIALIST_WITHOUT_HUB_LINK,link from /leistungen,missing,REVIEW,FAIL,
/bueroumzug-pielenhofen,/leistungen,SPECIALIST_WITHOUT_HUB_LINK,link from /leistungen,missing,REVIEW,FAIL,
/bueroumzug-plattling,/leistungen,SPECIALIST_WITHOUT_HUB_LINK,link from /leistungen,missing,REVIEW,FAIL,
/bueroumzug-pocking,/leistungen,SPECIALIST_WITHOUT_HUB_LINK,link from /leistungen,missing,REVIEW,FAIL,
/bueroumzug-postbauer-heng,/leistungen,SPECIALIST_WITHOUT_HUB_LINK,link from /leistungen,missing,REVIEW,FAIL,
/bueroumzug-regen,/leistungen,SPECIALIST_WITHOUT_HUB_LINK,link from /leistungen,missing,REVIEW,FAIL,
/bueroumzug-regensburg,/leistungen,SPECIALIST_WITHOUT_HUB_LINK,link from /leistungen,missing,REVIEW,FAIL,
/bueroumzug-regenstauf,/leistungen,SPECIALIST_WITHOUT_HUB_LINK,link from /leistungen,missing,REVIEW,FAIL,
/bueroumzug-riedenburg,/leistungen,SPECIALIST_WITHOUT_HUB_LINK,link from /leistungen,missing,REVIEW,FAIL,
/bueroumzug-riekofen,/leistungen,SPECIALIST_WITHOUT_HUB_LINK,link from /leistungen,missing,REVIEW,FAIL,
/bueroumzug-roding,/leistungen,SPECIALIST_WITHOUT_HUB_LINK,link from /leistungen,missing,REVIEW,FAIL,
/bueroumzug-rosenheim,/leistungen,SPECIALIST_WITHOUT_HUB_LINK,link from /leistungen,missing,REVIEW,FAIL,
/bueroumzug-roth,/leistungen,SPECIALIST_WITHOUT_HUB_LINK,link from /leistungen,missing,REVIEW,FAIL,
/bueroumzug-rottenburg-an-der-laaber,/leistungen,SPECIALIST_WITHOUT_HUB_LINK,link from /leistungen,missing,REVIEW,FAIL,
/bueroumzug-saal-an-der-donau,/leistungen,SPECIALIST_WITHOUT_HUB_LINK,link from /leistungen,missing,REVIEW,FAIL,
/bueroumzug-schierling,/leistungen,SPECIALIST_WITHOUT_HUB_LINK,link from /leistungen,missing,REVIEW,FAIL,
/bueroumzug-schnaittenbach,/leistungen,SPECIALIST_WITHOUT_HUB_LINK,link from /leistungen,missing,REVIEW,FAIL,
/bueroumzug-schwabach,/leistungen,SPECIALIST_WITHOUT_HUB_LINK,link from /leistungen,missing,REVIEW,FAIL,
/bueroumzug-schwandorf,/leistungen,SPECIALIST_WITHOUT_HUB_LINK,link from /leistungen,missing,REVIEW,FAIL,
/bueroumzug-schwarzenfeld,/leistungen,SPECIALIST_WITHOUT_HUB_LINK,link from /leistungen,missing,REVIEW,FAIL,
/bueroumzug-schweinfurt,/leistungen,SPECIALIST_WITHOUT_HUB_LINK,link from /leistungen,missing,REVIEW,FAIL,
/bueroumzug-seubersdorf,/leistungen,SPECIALIST_WITHOUT_HUB_LINK,link from /leistungen,missing,REVIEW,FAIL,
/bueroumzug-simbach-am-inn,/leistungen,SPECIALIST_WITHOUT_HUB_LINK,link from /leistungen,missing,REVIEW,FAIL,
/bueroumzug-sinzing,/leistungen,SPECIALIST_WITHOUT_HUB_LINK,link from /leistungen,missing,REVIEW,FAIL,
/bueroumzug-starnberg,/leistungen,SPECIALIST_WITHOUT_HUB_LINK,link from /leistungen,missing,REVIEW,FAIL,
/bueroumzug-steinberg-am-see,/leistungen,SPECIALIST_WITHOUT_HUB_LINK,link from /leistungen,missing,REVIEW,FAIL,
/bueroumzug-straubing,/leistungen,SPECIALIST_WITHOUT_HUB_LINK,link from /leistungen,missing,REVIEW,FAIL,
/bueroumzug-suenching,/leistungen,SPECIALIST_WITHOUT_HUB_LINK,link from /leistungen,missing,REVIEW,FAIL,
/bueroumzug-sulzbach-rosenberg,/leistungen,SPECIALIST_WITHOUT_HUB_LINK,link from /leistungen,missing,REVIEW,FAIL,
/bueroumzug-tegernheim,/leistungen,SPECIALIST_WITHOUT_HUB_LINK,link from /leistungen,missing,REVIEW,FAIL,
/bueroumzug-teublitz,/leistungen,SPECIALIST_WITHOUT_HUB_LINK,link from /leistungen,missing,REVIEW,FAIL,
/bueroumzug-thalmassing,/leistungen,SPECIALIST_WITHOUT_HUB_LINK,link from /leistungen,missing,REVIEW,FAIL,
/bueroumzug-tirschenreuth,/leistungen,SPECIALIST_WITHOUT_HUB_LINK,link from /leistungen,missing,REVIEW,FAIL,
/bueroumzug-unterhaching,/leistungen,SPECIALIST_WITHOUT_HUB_LINK,link from /leistungen,missing,REVIEW,FAIL,
/bueroumzug-velburg,/leistungen,SPECIALIST_WITHOUT_HUB_LINK,link from /leistungen,missing,REVIEW,FAIL,
/bueroumzug-viechtach,/leistungen,SPECIALIST_WITHOUT_HUB_LINK,link from /leistungen,missing,REVIEW,FAIL,
/bueroumzug-vilsbiburg,/leistungen,SPECIALIST_WITHOUT_HUB_LINK,link from /leistungen,missing,REVIEW,FAIL,
/bueroumzug-vilseck,/leistungen,SPECIALIST_WITHOUT_HUB_LINK,link from /leistungen,missing,REVIEW,FAIL,
/bueroumzug-vilshofen,/leistungen,SPECIALIST_WITHOUT_HUB_LINK,link from /leistungen,missing,REVIEW,FAIL,
/bueroumzug-vohburg,/leistungen,SPECIALIST_WITHOUT_HUB_LINK,link from /leistungen,missing,REVIEW,FAIL,
/bueroumzug-vohenstrauss,/leistungen,SPECIALIST_WITHOUT_HUB_LINK,link from /leistungen,missing,REVIEW,FAIL,
/bueroumzug-wackersdorf,/leistungen,SPECIALIST_WITHOUT_HUB_LINK,link from /leistungen,missing,REVIEW,FAIL,
/bueroumzug-waldkirchen,/leistungen,SPECIALIST_WITHOUT_HUB_LINK,link from /leistungen,missing,REVIEW,FAIL,
/bueroumzug-waldmuenchen,/leistungen,SPECIALIST_WITHOUT_HUB_LINK,link from /leistungen,missing,REVIEW,FAIL,
/bueroumzug-weiden,/leistungen,SPECIALIST_WITHOUT_HUB_LINK,link from /leistungen,missing,REVIEW,FAIL,
/bueroumzug-weilheim-in-oberbayern,/leistungen,SPECIALIST_WITHOUT_HUB_LINK,link from /leistungen,missing,REVIEW,FAIL,
/bueroumzug-wendelstein,/leistungen,SPECIALIST_WITHOUT_HUB_LINK,link from /leistungen,missing,REVIEW,FAIL,
/bueroumzug-wenzenbach,/leistungen,SPECIALIST_WITHOUT_HUB_LINK,link from /leistungen,missing,REVIEW,FAIL,
/bueroumzug-wernberg-koeblitz,/leistungen,SPECIALIST_WITHOUT_HUB_LINK,link from /leistungen,missing,REVIEW,FAIL,
/bueroumzug-wiesent,/leistungen,SPECIALIST_WITHOUT_HUB_LINK,link from /leistungen,missing,REVIEW,FAIL,
/bueroumzug-windischeschenbach,/leistungen,SPECIALIST_WITHOUT_HUB_LINK,link from /leistungen,missing,REVIEW,FAIL,
/bueroumzug-woerth-an-der-donau,/leistungen,SPECIALIST_WITHOUT_HUB_LINK,link from /leistungen,missing,REVIEW,FAIL,
/bueroumzug-wolfsegg,/leistungen,SPECIALIST_WITHOUT_HUB_LINK,link from /leistungen,missing,REVIEW,FAIL,
/bueroumzug-wolnzach,/leistungen,SPECIALIST_WITHOUT_HUB_LINK,link from /leistungen,missing,REVIEW,FAIL,
/bueroumzug-zeitlarn,/leistungen,SPECIALIST_WITHOUT_HUB_LINK,link from /leistungen,missing,REVIEW,FAIL,
/bueroumzug-zirndorf,/leistungen,SPECIALIST_WITHOUT_HUB_LINK,link from /leistungen,missing,REVIEW,FAIL,
/bueroumzug-zwiesel,/leistungen,SPECIALIST_WITHOUT_HUB_LINK,link from /leistungen,missing,REVIEW,FAIL,
/clean-start,/leistungen,SPECIALIST_WITHOUT_HUB_LINK,link from /leistungen,missing,REVIEW,FAIL,
/damen-team,/leistungen,SPECIALIST_WITHOUT_HUB_LINK,link from /leistungen,missing,REVIEW,FAIL,
/duesseldorf/luxusreinigung,/duesseldorf/reinigung,SPECIALIST_WITHOUT_HUB_LINK,link from /duesseldorf/reinigung,missing,REVIEW,FAIL,
/einlagerung,/leistungen,SPECIALIST_WITHOUT_HUB_LINK,link from /leistungen,missing,REVIEW,FAIL,
/einsatzradar-regensburg,/leistungen,SPECIALIST_WITHOUT_HUB_LINK,link from /leistungen,missing,REVIEW,FAIL,
/empfehlen,/leistungen,SPECIALIST_WITHOUT_HUB_LINK,link from /leistungen,missing,REVIEW,FAIL,
/en,/leistungen,SPECIALIST_WITHOUT_HUB_LINK,link from /leistungen,missing,REVIEW,FAIL,
/en/regensburg/apartment-cleaning,/en/services,SPECIALIST_WITHOUT_HUB_LINK,link from /en/services,missing,REVIEW,FAIL,
/en/regensburg/furniture-transport,/en/services,SPECIALIST_WITHOUT_HUB_LINK,link from /en/services,missing,REVIEW,FAIL,
/en/regensburg/moving-company,/en/services,SPECIALIST_WITHOUT_HUB_LINK,link from /en/services,missing,REVIEW,FAIL,
/en/regensburg/moving-costs,/en/services,SPECIALIST_WITHOUT_HUB_LINK,link from /en/services,missing,REVIEW,FAIL,
/en/regensburg/moving-quote-review,/en/services,SPECIALIST_WITHOUT_HUB_LINK,link from /en/services,missing,REVIEW,FAIL,
/en/regensburg/transport-service,/en/services,SPECIALIST_WITHOUT_HUB_LINK,link from /en/services,missing,REVIEW,FAIL,
/entruempelung,/leistungen,SPECIALIST_WITHOUT_HUB_LINK,link from /leistungen,missing,REVIEW,FAIL,
/entruempelung-abensberg,/leistungen,SPECIALIST_WITHOUT_HUB_LINK,link from /leistungen,missing,REVIEW,FAIL,
/entruempelung-altdorf-bei-nuernberg,/leistungen,SPECIALIST_WITHOUT_HUB_LINK,link from /leistungen,missing,REVIEW,FAIL,
/entruempelung-alteglofsheim,/leistungen,SPECIALIST_WITHOUT_HUB_LINK,link from /leistungen,missing,REVIEW,FAIL,
/entruempelung-altenthann,/leistungen,SPECIALIST_WITHOUT_HUB_LINK,link from /leistungen,missing,REVIEW,FAIL,
/entruempelung-amberg,/leistungen,SPECIALIST_WITHOUT_HUB_LINK,link from /leistungen,missing,REVIEW,FAIL,
/entruempelung-ansbach,/leistungen,SPECIALIST_WITHOUT_HUB_LINK,link from /leistungen,missing,REVIEW,FAIL,
/entruempelung-auerbach-in-der-oberpfalz,/leistungen,SPECIALIST_WITHOUT_HUB_LINK,link from /leistungen,missing,REVIEW,FAIL,
/entruempelung-aufhausen,/leistungen,SPECIALIST_WITHOUT_HUB_LINK,link from /leistungen,missing,REVIEW,FAIL,
/entruempelung-augsburg,/leistungen,SPECIALIST_WITHOUT_HUB_LINK,link from /leistungen,missing,REVIEW,FAIL,
/entruempelung-bad-abbach,/leistungen,SPECIALIST_WITHOUT_HUB_LINK,link from /leistungen,missing,REVIEW,FAIL,
/entruempelung-bad-koetzting,/leistungen,SPECIALIST_WITHOUT_HUB_LINK,link from /leistungen,missing,REVIEW,FAIL,
/entruempelung-bad-toelz,/leistungen,SPECIALIST_WITHOUT_HUB_LINK,link from /leistungen,missing,REVIEW,FAIL,
/entruempelung-bamberg,/leistungen,SPECIALIST_WITHOUT_HUB_LINK,link from /leistungen,missing,REVIEW,FAIL,
/entruempelung-barbing,/leistungen,SPECIALIST_WITHOUT_HUB_LINK,link from /leistungen,missing,REVIEW,FAIL,
/entruempelung-bayern,/leistungen,SPECIALIST_WITHOUT_HUB_LINK,link from /leistungen,missing,REVIEW,FAIL,
/entruempelung-bayreuth,/leistungen,SPECIALIST_WITHOUT_HUB_LINK,link from /leistungen,missing,REVIEW,FAIL,
/entruempelung-beilngries,/leistungen,SPECIALIST_WITHOUT_HUB_LINK,link from /leistungen,missing,REVIEW,FAIL,
/entruempelung-beratzhausen,/leistungen,SPECIALIST_WITHOUT_HUB_LINK,link from /leistungen,missing,REVIEW,FAIL,
/entruempelung-berching,/leistungen,SPECIALIST_WITHOUT_HUB_LINK,link from /leistungen,missing,REVIEW,FAIL,
/entruempelung-bernhardswald,/leistungen,SPECIALIST_WITHOUT_HUB_LINK,link from /leistungen,missing,REVIEW,FAIL,
/entruempelung-bogen,/leistungen,SPECIALIST_WITHOUT_HUB_LINK,link from /leistungen,missing,REVIEW,FAIL,
/entruempelung-brennberg,/leistungen,SPECIALIST_WITHOUT_HUB_LINK,link from /leistungen,missing,REVIEW,FAIL,
/entruempelung-brunn,/leistungen,SPECIALIST_WITHOUT_HUB_LINK,link from /leistungen,missing,REVIEW,FAIL,
/entruempelung-burglengenfeld,/leistungen,SPECIALIST_WITHOUT_HUB_LINK,link from /leistungen,missing,REVIEW,FAIL,
/entruempelung-cham,/leistungen,SPECIALIST_WITHOUT_HUB_LINK,link from /leistungen,missing,REVIEW,FAIL,
/entruempelung-coburg,/leistungen,SPECIALIST_WITHOUT_HUB_LINK,link from /leistungen,missing,REVIEW,FAIL,
/entruempelung-dachau,/leistungen,SPECIALIST_WITHOUT_HUB_LINK,link from /leistungen,missing,REVIEW,FAIL,
/entruempelung-deggendorf,/leistungen,SPECIALIST_WITHOUT_HUB_LINK,link from /leistungen,missing,REVIEW,FAIL,
/entruempelung-deuerling,/leistungen,SPECIALIST_WITHOUT_HUB_LINK,link from /leistungen,missing,REVIEW,FAIL,
/entruempelung-dietfurt,/leistungen,SPECIALIST_WITHOUT_HUB_LINK,link from /leistungen,missing,REVIEW,FAIL,
/entruempelung-dingolfing,/leistungen,SPECIALIST_WITHOUT_HUB_LINK,link from /leistungen,missing,REVIEW,FAIL,
/entruempelung-donaustauf,/leistungen,SPECIALIST_WITHOUT_HUB_LINK,link from /leistungen,missing,REVIEW,FAIL,
/entruempelung-duggendorf,/leistungen,SPECIALIST_WITHOUT_HUB_LINK,link from /leistungen,missing,REVIEW,FAIL,
/entruempelung-eggenfelden,/leistungen,SPECIALIST_WITHOUT_HUB_LINK,link from /leistungen,missing,REVIEW,FAIL,
/entruempelung-eichstaett,/leistungen,SPECIALIST_WITHOUT_HUB_LINK,link from /leistungen,missing,REVIEW,FAIL,
/entruempelung-erding,/leistungen,SPECIALIST_WITHOUT_HUB_LINK,link from /leistungen,missing,REVIEW,FAIL,
/entruempelung-ergoldsbach,/leistungen,SPECIALIST_WITHOUT_HUB_LINK,link from /leistungen,missing,REVIEW,FAIL,
/entruempelung-erlangen,/leistungen,SPECIALIST_WITHOUT_HUB_LINK,link from /leistungen,missing,REVIEW,FAIL,
/entruempelung-eschenbach-in-der-oberpfalz,/leistungen,SPECIALIST_WITHOUT_HUB_LINK,link from /leistungen,missing,REVIEW,FAIL,
/entruempelung-feucht,/leistungen,SPECIALIST_WITHOUT_HUB_LINK,link from /leistungen,missing,REVIEW,FAIL,
/entruempelung-freising,/leistungen,SPECIALIST_WITHOUT_HUB_LINK,link from /leistungen,missing,REVIEW,FAIL,
/entruempelung-freystadt,/leistungen,SPECIALIST_WITHOUT_HUB_LINK,link from /leistungen,missing,REVIEW,FAIL,
/entruempelung-freyung,/leistungen,SPECIALIST_WITHOUT_HUB_LINK,link from /leistungen,missing,REVIEW,FAIL,
/entruempelung-fuerstenfeldbruck,/leistungen,SPECIALIST_WITHOUT_HUB_LINK,link from /leistungen,missing,REVIEW,FAIL,
/entruempelung-fuerth,/leistungen,SPECIALIST_WITHOUT_HUB_LINK,link from /leistungen,missing,REVIEW,FAIL,
/entruempelung-furth-im-wald,/leistungen,SPECIALIST_WITHOUT_HUB_LINK,link from /leistungen,missing,REVIEW,FAIL,
/entruempelung-garching,/leistungen,SPECIALIST_WITHOUT_HUB_LINK,link from /leistungen,missing,REVIEW,FAIL,
/entruempelung-geiselhoering,/leistungen,SPECIALIST_WITHOUT_HUB_LINK,link from /leistungen,missing,REVIEW,FAIL,
/entruempelung-geisenfeld,/leistungen,SPECIALIST_WITHOUT_HUB_LINK,link from /leistungen,missing,REVIEW,FAIL,
/entruempelung-germering,/leistungen,SPECIALIST_WITHOUT_HUB_LINK,link from /leistungen,missing,REVIEW,FAIL,
/entruempelung-gersthofen,/leistungen,SPECIALIST_WITHOUT_HUB_LINK,link from /leistungen,missing,REVIEW,FAIL,
/entruempelung-grafenau,/leistungen,SPECIALIST_WITHOUT_HUB_LINK,link from /leistungen,missing,REVIEW,FAIL,
/entruempelung-grafenwoehr,/leistungen,SPECIALIST_WITHOUT_HUB_LINK,link from /leistungen,missing,REVIEW,FAIL,
/entruempelung-guenzburg,/leistungen,SPECIALIST_WITHOUT_HUB_LINK,link from /leistungen,missing,REVIEW,FAIL,
/entruempelung-hagelstadt,/leistungen,SPECIALIST_WITHOUT_HUB_LINK,link from /leistungen,missing,REVIEW,FAIL,
/entruempelung-hausen,/leistungen,SPECIALIST_WITHOUT_HUB_LINK,link from /leistungen,missing,REVIEW,FAIL,
/entruempelung-hemau,/leistungen,SPECIALIST_WITHOUT_HUB_LINK,link from /leistungen,missing,REVIEW,FAIL,
/entruempelung-herzogenaurach,/leistungen,SPECIALIST_WITHOUT_HUB_LINK,link from /leistungen,missing,REVIEW,FAIL,
/entruempelung-hirschau,/leistungen,SPECIALIST_WITHOUT_HUB_LINK,link from /leistungen,missing,REVIEW,FAIL,
/entruempelung-hohenfels,/leistungen,SPECIALIST_WITHOUT_HUB_LINK,link from /leistungen,missing,REVIEW,FAIL,
/entruempelung-holzheim-am-forst,/leistungen,SPECIALIST_WITHOUT_HUB_LINK,link from /leistungen,missing,REVIEW,FAIL,
/entruempelung-ingolstadt,/leistungen,SPECIALIST_WITHOUT_HUB_LINK,link from /leistungen,missing,REVIEW,FAIL,
/entruempelung-kallmuenz,/leistungen,SPECIALIST_WITHOUT_HUB_LINK,link from /leistungen,missing,REVIEW,FAIL,
/entruempelung-kelheim,/leistungen,SPECIALIST_WITHOUT_HUB_LINK,link from /leistungen,missing,REVIEW,FAIL,
/entruempelung-kissing,/leistungen,SPECIALIST_WITHOUT_HUB_LINK,link from /leistungen,missing,REVIEW,FAIL,
/entruempelung-koefering,/leistungen,SPECIALIST_WITHOUT_HUB_LINK,link from /leistungen,missing,REVIEW,FAIL,
/entruempelung-koenigsbrunn,/leistungen,SPECIALIST_WITHOUT_HUB_LINK,link from /leistungen,missing,REVIEW,FAIL,
/entruempelung-koetzting,/leistungen,SPECIALIST_WITHOUT_HUB_LINK,link from /leistungen,missing,REVIEW,FAIL,
/entruempelung-kosten-regensburg,/leistungen,SPECIALIST_WITHOUT_HUB_LINK,link from /leistungen,missing,REVIEW,FAIL,
/entruempelung-laaber,/leistungen,SPECIALIST_WITHOUT_HUB_LINK,link from /leistungen,missing,REVIEW,FAIL,
/entruempelung-landau-an-der-isar,/leistungen,SPECIALIST_WITHOUT_HUB_LINK,link from /leistungen,missing,REVIEW,FAIL,
/entruempelung-landsberg-am-lech,/leistungen,SPECIALIST_WITHOUT_HUB_LINK,link from /leistungen,missing,REVIEW,FAIL,
/entruempelung-landshut,/leistungen,SPECIALIST_WITHOUT_HUB_LINK,link from /leistungen,missing,REVIEW,FAIL,
/entruempelung-langquaid,/leistungen,SPECIALIST_WITHOUT_HUB_LINK,link from /leistungen,missing,REVIEW,FAIL,
/entruempelung-lappersdorf,/leistungen,SPECIALIST_WITHOUT_HUB_LINK,link from /leistungen,missing,REVIEW,FAIL,
/entruempelung-lauf-an-der-pegnitz,/leistungen,SPECIALIST_WITHOUT_HUB_LINK,link from /leistungen,missing,REVIEW,FAIL,
/entruempelung-lupburg,/leistungen,SPECIALIST_WITHOUT_HUB_LINK,link from /leistungen,missing,REVIEW,FAIL,
/entruempelung-mainburg,/leistungen,SPECIALIST_WITHOUT_HUB_LINK,link from /leistungen,missing,REVIEW,FAIL,
/entruempelung-mallersdorf-pfaffenberg,/leistungen,SPECIALIST_WITHOUT_HUB_LINK,link from /leistungen,missing,REVIEW,FAIL,
/entruempelung-mammendorf,/leistungen,SPECIALIST_WITHOUT_HUB_LINK,link from /leistungen,missing,REVIEW,FAIL,
/entruempelung-maxhuette-haidhof,/leistungen,SPECIALIST_WITHOUT_HUB_LINK,link from /leistungen,missing,REVIEW,FAIL,
/entruempelung-mering,/leistungen,SPECIALIST_WITHOUT_HUB_LINK,link from /leistungen,missing,REVIEW,FAIL,
/entruempelung-mintraching,/leistungen,SPECIALIST_WITHOUT_HUB_LINK,link from /leistungen,missing,REVIEW,FAIL,
/entruempelung-moetzing,/leistungen,SPECIALIST_WITHOUT_HUB_LINK,link from /leistungen,missing,REVIEW,FAIL,
/entruempelung-moosburg,/leistungen,SPECIALIST_WITHOUT_HUB_LINK,link from /leistungen,missing,REVIEW,FAIL,
/entruempelung-muenchen,/leistungen,SPECIALIST_WITHOUT_HUB_LINK,link from /leistungen,missing,REVIEW,FAIL,
/entruempelung-nabburg,/leistungen,SPECIALIST_WITHOUT_HUB_LINK,link from /leistungen,missing,REVIEW,FAIL,
/entruempelung-neu-ulm,/leistungen,SPECIALIST_WITHOUT_HUB_LINK,link from /leistungen,missing,REVIEW,FAIL,
/entruempelung-neufahrn-in-niederbayern,/leistungen,SPECIALIST_WITHOUT_HUB_LINK,link from /leistungen,missing,REVIEW,FAIL,
/entruempelung-neumarkt,/leistungen,SPECIALIST_WITHOUT_HUB_LINK,link from /leistungen,missing,REVIEW,FAIL,
/entruempelung-neunburg-vorm-wald,/leistungen,SPECIALIST_WITHOUT_HUB_LINK,link from /leistungen,missing,REVIEW,FAIL,
/entruempelung-neusaess,/leistungen,SPECIALIST_WITHOUT_HUB_LINK,link from /leistungen,missing,REVIEW,FAIL,
/entruempelung-neustadt-an-der-donau,/leistungen,SPECIALIST_WITHOUT_HUB_LINK,link from /leistungen,missing,REVIEW,FAIL,
/entruempelung-neustadt-an-der-waldnaab,/leistungen,SPECIALIST_WITHOUT_HUB_LINK,link from /leistungen,missing,REVIEW,FAIL,
/entruempelung-neutraubling,/leistungen,SPECIALIST_WITHOUT_HUB_LINK,link from /leistungen,missing,REVIEW,FAIL,
/entruempelung-nittenau,/leistungen,SPECIALIST_WITHOUT_HUB_LINK,link from /leistungen,missing,REVIEW,FAIL,
/entruempelung-nittendorf,/leistungen,SPECIALIST_WITHOUT_HUB_LINK,link from /leistungen,missing,REVIEW,FAIL,
/entruempelung-nuernberg,/leistungen,SPECIALIST_WITHOUT_HUB_LINK,link from /leistungen,missing,REVIEW,FAIL,
/entruempelung-oberasbach,/leistungen,SPECIALIST_WITHOUT_HUB_LINK,link from /leistungen,missing,REVIEW,FAIL,
/entruempelung-obertraubling,/leistungen,SPECIALIST_WITHOUT_HUB_LINK,link from /leistungen,missing,REVIEW,FAIL,
/entruempelung-oberviechtach,/leistungen,SPECIALIST_WITHOUT_HUB_LINK,link from /leistungen,missing,REVIEW,FAIL,
/entruempelung-olching,/leistungen,SPECIALIST_WITHOUT_HUB_LINK,link from /leistungen,missing,REVIEW,FAIL,
/entruempelung-osterhofen,/leistungen,SPECIALIST_WITHOUT_HUB_LINK,link from /leistungen,missing,REVIEW,FAIL,
/entruempelung-painten,/leistungen,SPECIALIST_WITHOUT_HUB_LINK,link from /leistungen,missing,REVIEW,FAIL,
/entruempelung-parsberg,/leistungen,SPECIALIST_WITHOUT_HUB_LINK,link from /leistungen,missing,REVIEW,FAIL,
/entruempelung-passau,/leistungen,SPECIALIST_WITHOUT_HUB_LINK,link from /leistungen,missing,REVIEW,FAIL,
/entruempelung-pentling,/leistungen,SPECIALIST_WITHOUT_HUB_LINK,link from /leistungen,missing,REVIEW,FAIL,
/entruempelung-pettendorf,/leistungen,SPECIALIST_WITHOUT_HUB_LINK,link from /leistungen,missing,REVIEW,FAIL,
/entruempelung-pfaffenhofen,/leistungen,SPECIALIST_WITHOUT_HUB_LINK,link from /leistungen,missing,REVIEW,FAIL,
/entruempelung-pfarrkirchen,/leistungen,SPECIALIST_WITHOUT_HUB_LINK,link from /leistungen,missing,REVIEW,FAIL,
/entruempelung-pfatter,/leistungen,SPECIALIST_WITHOUT_HUB_LINK,link from /leistungen,missing,REVIEW,FAIL,
/entruempelung-pfeffenhausen,/leistungen,SPECIALIST_WITHOUT_HUB_LINK,link from /leistungen,missing,REVIEW,FAIL,
/entruempelung-pfreimd,/leistungen,SPECIALIST_WITHOUT_HUB_LINK,link from /leistungen,missing,REVIEW,FAIL,
/entruempelung-pielenhofen,/leistungen,SPECIALIST_WITHOUT_HUB_LINK,link from /leistungen,missing,REVIEW,FAIL,
/entruempelung-plattling,/leistungen,SPECIALIST_WITHOUT_HUB_LINK,link from /leistungen,missing,REVIEW,FAIL,
/entruempelung-pocking,/leistungen,SPECIALIST_WITHOUT_HUB_LINK,link from /leistungen,missing,REVIEW,FAIL,
/entruempelung-postbauer-heng,/leistungen,SPECIALIST_WITHOUT_HUB_LINK,link from /leistungen,missing,REVIEW,FAIL,
/entruempelung-regen,/leistungen,SPECIALIST_WITHOUT_HUB_LINK,link from /leistungen,missing,REVIEW,FAIL,
/entruempelung-regenstauf,/leistungen,SPECIALIST_WITHOUT_HUB_LINK,link from /leistungen,missing,REVIEW,FAIL,
/entruempelung-riedenburg,/leistungen,SPECIALIST_WITHOUT_HUB_LINK,link from /leistungen,missing,REVIEW,FAIL,
/entruempelung-riekofen,/leistungen,SPECIALIST_WITHOUT_HUB_LINK,link from /leistungen,missing,REVIEW,FAIL,
/entruempelung-roding,/leistungen,SPECIALIST_WITHOUT_HUB_LINK,link from /leistungen,missing,REVIEW,FAIL,
/entruempelung-rosenheim,/leistungen,SPECIALIST_WITHOUT_HUB_LINK,link from /leistungen,missing,REVIEW,FAIL,
/entruempelung-roth,/leistungen,SPECIALIST_WITHOUT_HUB_LINK,link from /leistungen,missing,REVIEW,FAIL,
/entruempelung-rottenburg-an-der-laaber,/leistungen,SPECIALIST_WITHOUT_HUB_LINK,link from /leistungen,missing,REVIEW,FAIL,
/entruempelung-saal-an-der-donau,/leistungen,SPECIALIST_WITHOUT_HUB_LINK,link from /leistungen,missing,REVIEW,FAIL,
/entruempelung-schierling,/leistungen,SPECIALIST_WITHOUT_HUB_LINK,link from /leistungen,missing,REVIEW,FAIL,
/entruempelung-schnaittenbach,/leistungen,SPECIALIST_WITHOUT_HUB_LINK,link from /leistungen,missing,REVIEW,FAIL,
/entruempelung-schwabach,/leistungen,SPECIALIST_WITHOUT_HUB_LINK,link from /leistungen,missing,REVIEW,FAIL,
/entruempelung-schwandorf,/leistungen,SPECIALIST_WITHOUT_HUB_LINK,link from /leistungen,missing,REVIEW,FAIL,
/entruempelung-schwarzenfeld,/leistungen,SPECIALIST_WITHOUT_HUB_LINK,link from /leistungen,missing,REVIEW,FAIL,
/entruempelung-schweinfurt,/leistungen,SPECIALIST_WITHOUT_HUB_LINK,link from /leistungen,missing,REVIEW,FAIL,
/entruempelung-seubersdorf,/leistungen,SPECIALIST_WITHOUT_HUB_LINK,link from /leistungen,missing,REVIEW,FAIL,
/entruempelung-simbach-am-inn,/leistungen,SPECIALIST_WITHOUT_HUB_LINK,link from /leistungen,missing,REVIEW,FAIL,
/entruempelung-sinzing,/leistungen,SPECIALIST_WITHOUT_HUB_LINK,link from /leistungen,missing,REVIEW,FAIL,
/entruempelung-starnberg,/leistungen,SPECIALIST_WITHOUT_HUB_LINK,link from /leistungen,missing,REVIEW,FAIL,
/entruempelung-steinberg-am-see,/leistungen,SPECIALIST_WITHOUT_HUB_LINK,link from /leistungen,missing,REVIEW,FAIL,
/entruempelung-straubing,/leistungen,SPECIALIST_WITHOUT_HUB_LINK,link from /leistungen,missing,REVIEW,FAIL,
/entruempelung-suenching,/leistungen,SPECIALIST_WITHOUT_HUB_LINK,link from /leistungen,missing,REVIEW,FAIL,
/entruempelung-sulzbach-rosenberg,/leistungen,SPECIALIST_WITHOUT_HUB_LINK,link from /leistungen,missing,REVIEW,FAIL,
/entruempelung-tegernheim,/leistungen,SPECIALIST_WITHOUT_HUB_LINK,link from /leistungen,missing,REVIEW,FAIL,
/entruempelung-teublitz,/leistungen,SPECIALIST_WITHOUT_HUB_LINK,link from /leistungen,missing,REVIEW,FAIL,
/entruempelung-thalmassing,/leistungen,SPECIALIST_WITHOUT_HUB_LINK,link from /leistungen,missing,REVIEW,FAIL,
/entruempelung-tirschenreuth,/leistungen,SPECIALIST_WITHOUT_HUB_LINK,link from /leistungen,missing,REVIEW,FAIL,
/entruempelung-unterhaching,/leistungen,SPECIALIST_WITHOUT_HUB_LINK,link from /leistungen,missing,REVIEW,FAIL,
/entruempelung-velburg,/leistungen,SPECIALIST_WITHOUT_HUB_LINK,link from /leistungen,missing,REVIEW,FAIL,
/entruempelung-viechtach,/leistungen,SPECIALIST_WITHOUT_HUB_LINK,link from /leistungen,missing,REVIEW,FAIL,
/entruempelung-vilsbiburg,/leistungen,SPECIALIST_WITHOUT_HUB_LINK,link from /leistungen,missing,REVIEW,FAIL,
/entruempelung-vilseck,/leistungen,SPECIALIST_WITHOUT_HUB_LINK,link from /leistungen,missing,REVIEW,FAIL,
/entruempelung-vilshofen,/leistungen,SPECIALIST_WITHOUT_HUB_LINK,link from /leistungen,missing,REVIEW,FAIL,
/entruempelung-vohburg,/leistungen,SPECIALIST_WITHOUT_HUB_LINK,link from /leistungen,missing,REVIEW,FAIL,
/entruempelung-vohenstrauss,/leistungen,SPECIALIST_WITHOUT_HUB_LINK,link from /leistungen,missing,REVIEW,FAIL,
/entruempelung-wackersdorf,/leistungen,SPECIALIST_WITHOUT_HUB_LINK,link from /leistungen,missing,REVIEW,FAIL,
/entruempelung-waldkirchen,/leistungen,SPECIALIST_WITHOUT_HUB_LINK,link from /leistungen,missing,REVIEW,FAIL,
/entruempelung-waldmuenchen,/leistungen,SPECIALIST_WITHOUT_HUB_LINK,link from /leistungen,missing,REVIEW,FAIL,
/entruempelung-weiden,/leistungen,SPECIALIST_WITHOUT_HUB_LINK,link from /leistungen,missing,REVIEW,FAIL,
/entruempelung-weilheim-in-oberbayern,/leistungen,SPECIALIST_WITHOUT_HUB_LINK,link from /leistungen,missing,REVIEW,FAIL,
/entruempelung-wendelstein,/leistungen,SPECIALIST_WITHOUT_HUB_LINK,link from /leistungen,missing,REVIEW,FAIL,
/entruempelung-wenzenbach,/leistungen,SPECIALIST_WITHOUT_HUB_LINK,link from /leistungen,missing,REVIEW,FAIL,
/entruempelung-wernberg-koeblitz,/leistungen,SPECIALIST_WITHOUT_HUB_LINK,link from /leistungen,missing,REVIEW,FAIL,
/entruempelung-wiesent,/leistungen,SPECIALIST_WITHOUT_HUB_LINK,link from /leistungen,missing,REVIEW,FAIL,
/entruempelung-windischeschenbach,/leistungen,SPECIALIST_WITHOUT_HUB_LINK,link from /leistungen,missing,REVIEW,FAIL,
/entruempelung-woerth-an-der-donau,/leistungen,SPECIALIST_WITHOUT_HUB_LINK,link from /leistungen,missing,REVIEW,FAIL,
/entruempelung-wolfsegg,/leistungen,SPECIALIST_WITHOUT_HUB_LINK,link from /leistungen,missing,REVIEW,FAIL,
/entruempelung-wolnzach,/leistungen,SPECIALIST_WITHOUT_HUB_LINK,link from /leistungen,missing,REVIEW,FAIL,
/entruempelung-zeitlarn,/leistungen,SPECIALIST_WITHOUT_HUB_LINK,link from /leistungen,missing,REVIEW,FAIL,
/entruempelung-zirndorf,/leistungen,SPECIALIST_WITHOUT_HUB_LINK,link from /leistungen,missing,REVIEW,FAIL,
/entruempelung-zwiesel,/leistungen,SPECIALIST_WITHOUT_HUB_LINK,link from /leistungen,missing,REVIEW,FAIL,
/entsorgung-duesseldorf,/leistungen,SPECIALIST_WITHOUT_HUB_LINK,link from /leistungen,missing,REVIEW,FAIL,
/erinnerungskapsel,/leistungen,SPECIALIST_WITHOUT_HUB_LINK,link from /leistungen,missing,REVIEW,FAIL,
/eventreinigung,/leistungen,SPECIALIST_WITHOUT_HUB_LINK,link from /leistungen,missing,REVIEW,FAIL,
/express-anfrage,/leistungen,SPECIALIST_WITHOUT_HUB_LINK,link from /leistungen,missing,REVIEW,FAIL,
/familienumzug-bayern,/leistungen,SPECIALIST_WITHOUT_HUB_LINK,link from /leistungen,missing,REVIEW,FAIL,
/fernumzug,/leistungen,SPECIALIST_WITHOUT_HUB_LINK,link from /leistungen,missing,REVIEW,FAIL,
/fernumzug-muenchen,/leistungen,SPECIALIST_WITHOUT_HUB_LINK,link from /leistungen,missing,REVIEW,FAIL,
/first-48h,/leistungen,SPECIALIST_WITHOUT_HUB_LINK,link from /leistungen,missing,REVIEW,FAIL,
/floxant-fakten,/leistungen,SPECIALIST_WITHOUT_HUB_LINK,link from /leistungen,missing,REVIEW,FAIL,
/geruchslos-protokoll,/leistungen,SPECIALIST_WITHOUT_HUB_LINK,link from /leistungen,missing,REVIEW,FAIL,
/gewerbereinigung,/leistungen,SPECIALIST_WITHOUT_HUB_LINK,link from /leistungen,missing,REVIEW,FAIL,
/hidden-dirt-check,/leistungen,SPECIALIST_WITHOUT_HUB_LINK,link from /leistungen,missing,REVIEW,FAIL,
/hotelreinigung-regensburg,/leistungen,SPECIALIST_WITHOUT_HUB_LINK,link from /leistungen,missing,REVIEW,FAIL,
/kinder-umzugsbox,/leistungen,SPECIALIST_WITHOUT_HUB_LINK,link from /leistungen,missing,REVIEW,FAIL,
/klaviertransport,/leistungen,SPECIALIST_WITHOUT_HUB_LINK,link from /leistungen,missing,REVIEW,FAIL,
/klaviertransport-abensberg,/leistungen,SPECIALIST_WITHOUT_HUB_LINK,link from /leistungen,missing,REVIEW,FAIL,
/klaviertransport-altdorf-bei-nuernberg,/leistungen,SPECIALIST_WITHOUT_HUB_LINK,link from /leistungen,missing,REVIEW,FAIL,
/klaviertransport-alteglofsheim,/leistungen,SPECIALIST_WITHOUT_HUB_LINK,link from /leistungen,missing,REVIEW,FAIL,
/klaviertransport-altenthann,/leistungen,SPECIALIST_WITHOUT_HUB_LINK,link from /leistungen,missing,REVIEW,FAIL,
/klaviertransport-amberg,/leistungen,SPECIALIST_WITHOUT_HUB_LINK,link from /leistungen,missing,REVIEW,FAIL,
/klaviertransport-ansbach,/leistungen,SPECIALIST_WITHOUT_HUB_LINK,link from /leistungen,missing,REVIEW,FAIL,
/klaviertransport-auerbach-in-der-oberpfalz,/leistungen,SPECIALIST_WITHOUT_HUB_LINK,link from /leistungen,missing,REVIEW,FAIL,
/klaviertransport-aufhausen,/leistungen,SPECIALIST_WITHOUT_HUB_LINK,link from /leistungen,missing,REVIEW,FAIL,
/klaviertransport-augsburg,/leistungen,SPECIALIST_WITHOUT_HUB_LINK,link from /leistungen,missing,REVIEW,FAIL,
/klaviertransport-bad-abbach,/leistungen,SPECIALIST_WITHOUT_HUB_LINK,link from /leistungen,missing,REVIEW,FAIL,
/klaviertransport-bad-koetzting,/leistungen,SPECIALIST_WITHOUT_HUB_LINK,link from /leistungen,missing,REVIEW,FAIL,
/klaviertransport-bad-toelz,/leistungen,SPECIALIST_WITHOUT_HUB_LINK,link from /leistungen,missing,REVIEW,FAIL,
/klaviertransport-bamberg,/leistungen,SPECIALIST_WITHOUT_HUB_LINK,link from /leistungen,missing,REVIEW,FAIL,
/klaviertransport-barbing,/leistungen,SPECIALIST_WITHOUT_HUB_LINK,link from /leistungen,missing,REVIEW,FAIL,
/klaviertransport-bayreuth,/leistungen,SPECIALIST_WITHOUT_HUB_LINK,link from /leistungen,missing,REVIEW,FAIL,
/klaviertransport-beilngries,/leistungen,SPECIALIST_WITHOUT_HUB_LINK,link from /leistungen,missing,REVIEW,FAIL,
/klaviertransport-beratzhausen,/leistungen,SPECIALIST_WITHOUT_HUB_LINK,link from /leistungen,missing,REVIEW,FAIL,
/klaviertransport-berching,/leistungen,SPECIALIST_WITHOUT_HUB_LINK,link from /leistungen,missing,REVIEW,FAIL,
/klaviertransport-bernhardswald,/leistungen,SPECIALIST_WITHOUT_HUB_LINK,link from /leistungen,missing,REVIEW,FAIL,
/klaviertransport-bogen,/leistungen,SPECIALIST_WITHOUT_HUB_LINK,link from /leistungen,missing,REVIEW,FAIL,
/klaviertransport-brennberg,/leistungen,SPECIALIST_WITHOUT_HUB_LINK,link from /leistungen,missing,REVIEW,FAIL,
/klaviertransport-brunn,/leistungen,SPECIALIST_WITHOUT_HUB_LINK,link from /leistungen,missing,REVIEW,FAIL,
/klaviertransport-burglengenfeld,/leistungen,SPECIALIST_WITHOUT_HUB_LINK,link from /leistungen,missing,REVIEW,FAIL,
/klaviertransport-cham,/leistungen,SPECIALIST_WITHOUT_HUB_LINK,link from /leistungen,missing,REVIEW,FAIL,
/klaviertransport-coburg,/leistungen,SPECIALIST_WITHOUT_HUB_LINK,link from /leistungen,missing,REVIEW,FAIL,
/klaviertransport-dachau,/leistungen,SPECIALIST_WITHOUT_HUB_LINK,link from /leistungen,missing,REVIEW,FAIL,
/klaviertransport-deggendorf,/leistungen,SPECIALIST_WITHOUT_HUB_LINK,link from /leistungen,missing,REVIEW,FAIL,
/klaviertransport-deuerling,/leistungen,SPECIALIST_WITHOUT_HUB_LINK,link from /leistungen,missing,REVIEW,FAIL,
/klaviertransport-dietfurt,/leistungen,SPECIALIST_WITHOUT_HUB_LINK,link from /leistungen,missing,REVIEW,FAIL,
/klaviertransport-dingolfing,/leistungen,SPECIALIST_WITHOUT_HUB_LINK,link from /leistungen,missing,REVIEW,FAIL,
/klaviertransport-donaustauf,/leistungen,SPECIALIST_WITHOUT_HUB_LINK,link from /leistungen,missing,REVIEW,FAIL,
/klaviertransport-duggendorf,/leistungen,SPECIALIST_WITHOUT_HUB_LINK,link from /leistungen,missing,REVIEW,FAIL,
/klaviertransport-eggenfelden,/leistungen,SPECIALIST_WITHOUT_HUB_LINK,link from /leistungen,missing,REVIEW,FAIL,
/klaviertransport-eichstaett,/leistungen,SPECIALIST_WITHOUT_HUB_LINK,link from /leistungen,missing,REVIEW,FAIL,
/klaviertransport-erding,/leistungen,SPECIALIST_WITHOUT_HUB_LINK,link from /leistungen,missing,REVIEW,FAIL,
/klaviertransport-ergoldsbach,/leistungen,SPECIALIST_WITHOUT_HUB_LINK,link from /leistungen,missing,REVIEW,FAIL,
/klaviertransport-erlangen,/leistungen,SPECIALIST_WITHOUT_HUB_LINK,link from /leistungen,missing,REVIEW,FAIL,
/klaviertransport-eschenbach-in-der-oberpfalz,/leistungen,SPECIALIST_WITHOUT_HUB_LINK,link from /leistungen,missing,REVIEW,FAIL,
/klaviertransport-feucht,/leistungen,SPECIALIST_WITHOUT_HUB_LINK,link from /leistungen,missing,REVIEW,FAIL,
/klaviertransport-freising,/leistungen,SPECIALIST_WITHOUT_HUB_LINK,link from /leistungen,missing,REVIEW,FAIL,
/klaviertransport-freystadt,/leistungen,SPECIALIST_WITHOUT_HUB_LINK,link from /leistungen,missing,REVIEW,FAIL,
/klaviertransport-freyung,/leistungen,SPECIALIST_WITHOUT_HUB_LINK,link from /leistungen,missing,REVIEW,FAIL,
/klaviertransport-fuerstenfeldbruck,/leistungen,SPECIALIST_WITHOUT_HUB_LINK,link from /leistungen,missing,REVIEW,FAIL,
/klaviertransport-fuerth,/leistungen,SPECIALIST_WITHOUT_HUB_LINK,link from /leistungen,missing,REVIEW,FAIL,
/klaviertransport-furth-im-wald,/leistungen,SPECIALIST_WITHOUT_HUB_LINK,link from /leistungen,missing,REVIEW,FAIL,
/klaviertransport-garching,/leistungen,SPECIALIST_WITHOUT_HUB_LINK,link from /leistungen,missing,REVIEW,FAIL,
/klaviertransport-geiselhoering,/leistungen,SPECIALIST_WITHOUT_HUB_LINK,link from /leistungen,missing,REVIEW,FAIL,
/klaviertransport-geisenfeld,/leistungen,SPECIALIST_WITHOUT_HUB_LINK,link from /leistungen,missing,REVIEW,FAIL,
/klaviertransport-germering,/leistungen,SPECIALIST_WITHOUT_HUB_LINK,link from /leistungen,missing,REVIEW,FAIL,
/klaviertransport-gersthofen,/leistungen,SPECIALIST_WITHOUT_HUB_LINK,link from /leistungen,missing,REVIEW,FAIL,
/klaviertransport-grafenau,/leistungen,SPECIALIST_WITHOUT_HUB_LINK,link from /leistungen,missing,REVIEW,FAIL,
/klaviertransport-grafenwoehr,/leistungen,SPECIALIST_WITHOUT_HUB_LINK,link from /leistungen,missing,REVIEW,FAIL,
/klaviertransport-guenzburg,/leistungen,SPECIALIST_WITHOUT_HUB_LINK,link from /leistungen,missing,REVIEW,FAIL,
/klaviertransport-hagelstadt,/leistungen,SPECIALIST_WITHOUT_HUB_LINK,link from /leistungen,missing,REVIEW,FAIL,
/klaviertransport-hausen,/leistungen,SPECIALIST_WITHOUT_HUB_LINK,link from /leistungen,missing,REVIEW,FAIL,
/klaviertransport-hemau,/leistungen,SPECIALIST_WITHOUT_HUB_LINK,link from /leistungen,missing,REVIEW,FAIL,
/klaviertransport-herzogenaurach,/leistungen,SPECIALIST_WITHOUT_HUB_LINK,link from /leistungen,missing,REVIEW,FAIL,
/klaviertransport-hirschau,/leistungen,SPECIALIST_WITHOUT_HUB_LINK,link from /leistungen,missing,REVIEW,FAIL,
/klaviertransport-hohenfels,/leistungen,SPECIALIST_WITHOUT_HUB_LINK,link from /leistungen,missing,REVIEW,FAIL,
/klaviertransport-holzheim-am-forst,/leistungen,SPECIALIST_WITHOUT_HUB_LINK,link from /leistungen,missing,REVIEW,FAIL,
/klaviertransport-ingolstadt,/leistungen,SPECIALIST_WITHOUT_HUB_LINK,link from /leistungen,missing,REVIEW,FAIL,
/klaviertransport-kallmuenz,/leistungen,SPECIALIST_WITHOUT_HUB_LINK,link from /leistungen,missing,REVIEW,FAIL,
/klaviertransport-kelheim,/leistungen,SPECIALIST_WITHOUT_HUB_LINK,link from /leistungen,missing,REVIEW,FAIL,
/klaviertransport-kissing,/leistungen,SPECIALIST_WITHOUT_HUB_LINK,link from /leistungen,missing,REVIEW,FAIL,
/klaviertransport-koefering,/leistungen,SPECIALIST_WITHOUT_HUB_LINK,link from /leistungen,missing,REVIEW,FAIL,
/klaviertransport-koenigsbrunn,/leistungen,SPECIALIST_WITHOUT_HUB_LINK,link from /leistungen,missing,REVIEW,FAIL,
/klaviertransport-koetzting,/leistungen,SPECIALIST_WITHOUT_HUB_LINK,link from /leistungen,missing,REVIEW,FAIL,
/klaviertransport-laaber,/leistungen,SPECIALIST_WITHOUT_HUB_LINK,link from /leistungen,missing,REVIEW,FAIL,
/klaviertransport-landau-an-der-isar,/leistungen,SPECIALIST_WITHOUT_HUB_LINK,link from /leistungen,missing,REVIEW,FAIL,
/klaviertransport-landsberg-am-lech,/leistungen,SPECIALIST_WITHOUT_HUB_LINK,link from /leistungen,missing,REVIEW,FAIL,
/klaviertransport-landshut,/leistungen,SPECIALIST_WITHOUT_HUB_LINK,link from /leistungen,missing,REVIEW,FAIL,
/klaviertransport-langquaid,/leistungen,SPECIALIST_WITHOUT_HUB_LINK,link from /leistungen,missing,REVIEW,FAIL,
/klaviertransport-lappersdorf,/leistungen,SPECIALIST_WITHOUT_HUB_LINK,link from /leistungen,missing,REVIEW,FAIL,
/klaviertransport-lauf-an-der-pegnitz,/leistungen,SPECIALIST_WITHOUT_HUB_LINK,link from /leistungen,missing,REVIEW,FAIL,
/klaviertransport-lupburg,/leistungen,SPECIALIST_WITHOUT_HUB_LINK,link from /leistungen,missing,REVIEW,FAIL,
/klaviertransport-mainburg,/leistungen,SPECIALIST_WITHOUT_HUB_LINK,link from /leistungen,missing,REVIEW,FAIL,
/klaviertransport-mallersdorf-pfaffenberg,/leistungen,SPECIALIST_WITHOUT_HUB_LINK,link from /leistungen,missing,REVIEW,FAIL,
/klaviertransport-mammendorf,/leistungen,SPECIALIST_WITHOUT_HUB_LINK,link from /leistungen,missing,REVIEW,FAIL,
/klaviertransport-maxhuette-haidhof,/leistungen,SPECIALIST_WITHOUT_HUB_LINK,link from /leistungen,missing,REVIEW,FAIL,
/klaviertransport-mering,/leistungen,SPECIALIST_WITHOUT_HUB_LINK,link from /leistungen,missing,REVIEW,FAIL,
/klaviertransport-mintraching,/leistungen,SPECIALIST_WITHOUT_HUB_LINK,link from /leistungen,missing,REVIEW,FAIL,
/klaviertransport-moetzing,/leistungen,SPECIALIST_WITHOUT_HUB_LINK,link from /leistungen,missing,REVIEW,FAIL,
/klaviertransport-moosburg,/leistungen,SPECIALIST_WITHOUT_HUB_LINK,link from /leistungen,missing,REVIEW,FAIL,
/klaviertransport-muenchen,/leistungen,SPECIALIST_WITHOUT_HUB_LINK,link from /leistungen,missing,REVIEW,FAIL,
/klaviertransport-nabburg,/leistungen,SPECIALIST_WITHOUT_HUB_LINK,link from /leistungen,missing,REVIEW,FAIL,
/klaviertransport-neu-ulm,/leistungen,SPECIALIST_WITHOUT_HUB_LINK,link from /leistungen,missing,REVIEW,FAIL,
/klaviertransport-neufahrn-in-niederbayern,/leistungen,SPECIALIST_WITHOUT_HUB_LINK,link from /leistungen,missing,REVIEW,FAIL,
/klaviertransport-neumarkt,/leistungen,SPECIALIST_WITHOUT_HUB_LINK,link from /leistungen,missing,REVIEW,FAIL,
/klaviertransport-neunburg-vorm-wald,/leistungen,SPECIALIST_WITHOUT_HUB_LINK,link from /leistungen,missing,REVIEW,FAIL,
/klaviertransport-neusaess,/leistungen,SPECIALIST_WITHOUT_HUB_LINK,link from /leistungen,missing,REVIEW,FAIL,
/klaviertransport-neustadt-an-der-donau,/leistungen,SPECIALIST_WITHOUT_HUB_LINK,link from /leistungen,missing,REVIEW,FAIL,
/klaviertransport-neustadt-an-der-waldnaab,/leistungen,SPECIALIST_WITHOUT_HUB_LINK,link from /leistungen,missing,REVIEW,FAIL,
/klaviertransport-neutraubling,/leistungen,SPECIALIST_WITHOUT_HUB_LINK,link from /leistungen,missing,REVIEW,FAIL,
/klaviertransport-nittenau,/leistungen,SPECIALIST_WITHOUT_HUB_LINK,link from /leistungen,missing,REVIEW,FAIL,
/klaviertransport-nittendorf,/leistungen,SPECIALIST_WITHOUT_HUB_LINK,link from /leistungen,missing,REVIEW,FAIL,
/klaviertransport-nuernberg,/leistungen,SPECIALIST_WITHOUT_HUB_LINK,link from /leistungen,missing,REVIEW,FAIL,
/klaviertransport-oberasbach,/leistungen,SPECIALIST_WITHOUT_HUB_LINK,link from /leistungen,missing,REVIEW,FAIL,
/klaviertransport-obertraubling,/leistungen,SPECIALIST_WITHOUT_HUB_LINK,link from /leistungen,missing,REVIEW,FAIL,
/klaviertransport-oberviechtach,/leistungen,SPECIALIST_WITHOUT_HUB_LINK,link from /leistungen,missing,REVIEW,FAIL,
/klaviertransport-olching,/leistungen,SPECIALIST_WITHOUT_HUB_LINK,link from /leistungen,missing,REVIEW,FAIL,
/klaviertransport-osterhofen,/leistungen,SPECIALIST_WITHOUT_HUB_LINK,link from /leistungen,missing,REVIEW,FAIL,
/klaviertransport-painten,/leistungen,SPECIALIST_WITHOUT_HUB_LINK,link from /leistungen,missing,REVIEW,FAIL,
/klaviertransport-parsberg,/leistungen,SPECIALIST_WITHOUT_HUB_LINK,link from /leistungen,missing,REVIEW,FAIL,
/klaviertransport-passau,/leistungen,SPECIALIST_WITHOUT_HUB_LINK,link from /leistungen,missing,REVIEW,FAIL,
/klaviertransport-pentling,/leistungen,SPECIALIST_WITHOUT_HUB_LINK,link from /leistungen,missing,REVIEW,FAIL,
/klaviertransport-pettendorf,/leistungen,SPECIALIST_WITHOUT_HUB_LINK,link from /leistungen,missing,REVIEW,FAIL,
/klaviertransport-pfaffenhofen,/leistungen,SPECIALIST_WITHOUT_HUB_LINK,link from /leistungen,missing,REVIEW,FAIL,
/klaviertransport-pfarrkirchen,/leistungen,SPECIALIST_WITHOUT_HUB_LINK,link from /leistungen,missing,REVIEW,FAIL,
/klaviertransport-pfatter,/leistungen,SPECIALIST_WITHOUT_HUB_LINK,link from /leistungen,missing,REVIEW,FAIL,
/klaviertransport-pfeffenhausen,/leistungen,SPECIALIST_WITHOUT_HUB_LINK,link from /leistungen,missing,REVIEW,FAIL,
/klaviertransport-pfreimd,/leistungen,SPECIALIST_WITHOUT_HUB_LINK,link from /leistungen,missing,REVIEW,FAIL,
/klaviertransport-pielenhofen,/leistungen,SPECIALIST_WITHOUT_HUB_LINK,link from /leistungen,missing,REVIEW,FAIL,
/klaviertransport-plattling,/leistungen,SPECIALIST_WITHOUT_HUB_LINK,link from /leistungen,missing,REVIEW,FAIL,
/klaviertransport-pocking,/leistungen,SPECIALIST_WITHOUT_HUB_LINK,link from /leistungen,missing,REVIEW,FAIL,
/klaviertransport-postbauer-heng,/leistungen,SPECIALIST_WITHOUT_HUB_LINK,link from /leistungen,missing,REVIEW,FAIL,
/klaviertransport-regen,/leistungen,SPECIALIST_WITHOUT_HUB_LINK,link from /leistungen,missing,REVIEW,FAIL,
/klaviertransport-regenstauf,/leistungen,SPECIALIST_WITHOUT_HUB_LINK,link from /leistungen,missing,REVIEW,FAIL,
/klaviertransport-riedenburg,/leistungen,SPECIALIST_WITHOUT_HUB_LINK,link from /leistungen,missing,REVIEW,FAIL,
/klaviertransport-riekofen,/leistungen,SPECIALIST_WITHOUT_HUB_LINK,link from /leistungen,missing,REVIEW,FAIL,
/klaviertransport-roding,/leistungen,SPECIALIST_WITHOUT_HUB_LINK,link from /leistungen,missing,REVIEW,FAIL,
/klaviertransport-rosenheim,/leistungen,SPECIALIST_WITHOUT_HUB_LINK,link from /leistungen,missing,REVIEW,FAIL,
/klaviertransport-roth,/leistungen,SPECIALIST_WITHOUT_HUB_LINK,link from /leistungen,missing,REVIEW,FAIL,
/klaviertransport-rottenburg-an-der-laaber,/leistungen,SPECIALIST_WITHOUT_HUB_LINK,link from /leistungen,missing,REVIEW,FAIL,
/klaviertransport-saal-an-der-donau,/leistungen,SPECIALIST_WITHOUT_HUB_LINK,link from /leistungen,missing,REVIEW,FAIL,
/klaviertransport-schierling,/leistungen,SPECIALIST_WITHOUT_HUB_LINK,link from /leistungen,missing,REVIEW,FAIL,
/klaviertransport-schnaittenbach,/leistungen,SPECIALIST_WITHOUT_HUB_LINK,link from /leistungen,missing,REVIEW,FAIL,
/klaviertransport-schwabach,/leistungen,SPECIALIST_WITHOUT_HUB_LINK,link from /leistungen,missing,REVIEW,FAIL,
/klaviertransport-schwandorf,/leistungen,SPECIALIST_WITHOUT_HUB_LINK,link from /leistungen,missing,REVIEW,FAIL,
/klaviertransport-schwarzenfeld,/leistungen,SPECIALIST_WITHOUT_HUB_LINK,link from /leistungen,missing,REVIEW,FAIL,
/klaviertransport-schweinfurt,/leistungen,SPECIALIST_WITHOUT_HUB_LINK,link from /leistungen,missing,REVIEW,FAIL,
/klaviertransport-seubersdorf,/leistungen,SPECIALIST_WITHOUT_HUB_LINK,link from /leistungen,missing,REVIEW,FAIL,
/klaviertransport-simbach-am-inn,/leistungen,SPECIALIST_WITHOUT_HUB_LINK,link from /leistungen,missing,REVIEW,FAIL,
/klaviertransport-sinzing,/leistungen,SPECIALIST_WITHOUT_HUB_LINK,link from /leistungen,missing,REVIEW,FAIL,
/klaviertransport-starnberg,/leistungen,SPECIALIST_WITHOUT_HUB_LINK,link from /leistungen,missing,REVIEW,FAIL,
/klaviertransport-steinberg-am-see,/leistungen,SPECIALIST_WITHOUT_HUB_LINK,link from /leistungen,missing,REVIEW,FAIL,
/klaviertransport-straubing,/leistungen,SPECIALIST_WITHOUT_HUB_LINK,link from /leistungen,missing,REVIEW,FAIL,
/klaviertransport-suenching,/leistungen,SPECIALIST_WITHOUT_HUB_LINK,link from /leistungen,missing,REVIEW,FAIL,
/klaviertransport-sulzbach-rosenberg,/leistungen,SPECIALIST_WITHOUT_HUB_LINK,link from /leistungen,missing,REVIEW,FAIL,
/klaviertransport-tegernheim,/leistungen,SPECIALIST_WITHOUT_HUB_LINK,link from /leistungen,missing,REVIEW,FAIL,
/klaviertransport-teublitz,/leistungen,SPECIALIST_WITHOUT_HUB_LINK,link from /leistungen,missing,REVIEW,FAIL,
/klaviertransport-thalmassing,/leistungen,SPECIALIST_WITHOUT_HUB_LINK,link from /leistungen,missing,REVIEW,FAIL,
/klaviertransport-tirschenreuth,/leistungen,SPECIALIST_WITHOUT_HUB_LINK,link from /leistungen,missing,REVIEW,FAIL,
/klaviertransport-unterhaching,/leistungen,SPECIALIST_WITHOUT_HUB_LINK,link from /leistungen,missing,REVIEW,FAIL,
/klaviertransport-velburg,/leistungen,SPECIALIST_WITHOUT_HUB_LINK,link from /leistungen,missing,REVIEW,FAIL,
/klaviertransport-viechtach,/leistungen,SPECIALIST_WITHOUT_HUB_LINK,link from /leistungen,missing,REVIEW,FAIL,
/klaviertransport-vilsbiburg,/leistungen,SPECIALIST_WITHOUT_HUB_LINK,link from /leistungen,missing,REVIEW,FAIL,
/klaviertransport-vilseck,/leistungen,SPECIALIST_WITHOUT_HUB_LINK,link from /leistungen,missing,REVIEW,FAIL,
/klaviertransport-vilshofen,/leistungen,SPECIALIST_WITHOUT_HUB_LINK,link from /leistungen,missing,REVIEW,FAIL,
/klaviertransport-vohburg,/leistungen,SPECIALIST_WITHOUT_HUB_LINK,link from /leistungen,missing,REVIEW,FAIL,
/klaviertransport-vohenstrauss,/leistungen,SPECIALIST_WITHOUT_HUB_LINK,link from /leistungen,missing,REVIEW,FAIL,
/klaviertransport-wackersdorf,/leistungen,SPECIALIST_WITHOUT_HUB_LINK,link from /leistungen,missing,REVIEW,FAIL,
/klaviertransport-waldkirchen,/leistungen,SPECIALIST_WITHOUT_HUB_LINK,link from /leistungen,missing,REVIEW,FAIL,
/klaviertransport-waldmuenchen,/leistungen,SPECIALIST_WITHOUT_HUB_LINK,link from /leistungen,missing,REVIEW,FAIL,
/klaviertransport-weiden,/leistungen,SPECIALIST_WITHOUT_HUB_LINK,link from /leistungen,missing,REVIEW,FAIL,
/klaviertransport-weilheim-in-oberbayern,/leistungen,SPECIALIST_WITHOUT_HUB_LINK,link from /leistungen,missing,REVIEW,FAIL,
/klaviertransport-wendelstein,/leistungen,SPECIALIST_WITHOUT_HUB_LINK,link from /leistungen,missing,REVIEW,FAIL,
/klaviertransport-wenzenbach,/leistungen,SPECIALIST_WITHOUT_HUB_LINK,link from /leistungen,missing,REVIEW,FAIL,
/klaviertransport-wernberg-koeblitz,/leistungen,SPECIALIST_WITHOUT_HUB_LINK,link from /leistungen,missing,REVIEW,FAIL,
/klaviertransport-wiesent,/leistungen,SPECIALIST_WITHOUT_HUB_LINK,link from /leistungen,missing,REVIEW,FAIL,
/klaviertransport-windischeschenbach,/leistungen,SPECIALIST_WITHOUT_HUB_LINK,link from /leistungen,missing,REVIEW,FAIL,
/klaviertransport-woerth-an-der-donau,/leistungen,SPECIALIST_WITHOUT_HUB_LINK,link from /leistungen,missing,REVIEW,FAIL,
/klaviertransport-wolfsegg,/leistungen,SPECIALIST_WITHOUT_HUB_LINK,link from /leistungen,missing,REVIEW,FAIL,
/klaviertransport-wolnzach,/leistungen,SPECIALIST_WITHOUT_HUB_LINK,link from /leistungen,missing,REVIEW,FAIL,
/klaviertransport-zeitlarn,/leistungen,SPECIALIST_WITHOUT_HUB_LINK,link from /leistungen,missing,REVIEW,FAIL,
/klaviertransport-zirndorf,/leistungen,SPECIALIST_WITHOUT_HUB_LINK,link from /leistungen,missing,REVIEW,FAIL,
/klaviertransport-zwiesel,/leistungen,SPECIALIST_WITHOUT_HUB_LINK,link from /leistungen,missing,REVIEW,FAIL,
/kleinmengen-entsorgung,/leistungen,SPECIALIST_WITHOUT_HUB_LINK,link from /leistungen,missing,REVIEW,FAIL,
/kleintransporte,/leistungen,SPECIALIST_WITHOUT_HUB_LINK,link from /leistungen,missing,REVIEW,FAIL,
/kostenfaktoren,/leistungen,SPECIALIST_WITHOUT_HUB_LINK,link from /leistungen,missing,REVIEW,FAIL,
/kurzfristiger-umzug-bayern,/leistungen,SPECIALIST_WITHOUT_HUB_LINK,link from /leistungen,missing,REVIEW,FAIL,
/lager-rotation,/leistungen,SPECIALIST_WITHOUT_HUB_LINK,link from /leistungen,missing,REVIEW,FAIL,
/leerfahrt-rueckfahrt,/leistungen,SPECIALIST_WITHOUT_HUB_LINK,link from /leistungen,missing,REVIEW,FAIL,
/leistungen-vergleichen,/leistungen,SPECIALIST_WITHOUT_HUB_LINK,link from /leistungen,missing,REVIEW,FAIL,
/makler-vermieter-link,/leistungen,SPECIALIST_WITHOUT_HUB_LINK,link from /leistungen,missing,REVIEW,FAIL,
/malerarbeiten,/leistungen,SPECIALIST_WITHOUT_HUB_LINK,link from /leistungen,missing,REVIEW,FAIL,
/mama-kommt-morgen-service,/leistungen,SPECIALIST_WITHOUT_HUB_LINK,link from /leistungen,missing,REVIEW,FAIL,
/moebel-optimierung,/leistungen,SPECIALIST_WITHOUT_HUB_LINK,link from /leistungen,missing,REVIEW,FAIL,
/montage,/leistungen,SPECIALIST_WITHOUT_HUB_LINK,link from /leistungen,missing,REVIEW,FAIL,
/montagmorgen-effekt,/leistungen,SPECIALIST_WITHOUT_HUB_LINK,link from /leistungen,missing,REVIEW,FAIL,
/new-neighbour-kit,/leistungen,SPECIALIST_WITHOUT_HUB_LINK,link from /leistungen,missing,REVIEW,FAIL,
/notfall-umzug-bayern,/leistungen,SPECIALIST_WITHOUT_HUB_LINK,link from /leistungen,missing,REVIEW,FAIL,
/notfallreinigung-24h,/leistungen,SPECIALIST_WITHOUT_HUB_LINK,link from /leistungen,missing,REVIEW,FAIL,
/panikfrei-in-24h,/leistungen,SPECIALIST_WITHOUT_HUB_LINK,link from /leistungen,missing,REVIEW,FAIL,
/plan-b-reinigung,/leistungen,SPECIALIST_WITHOUT_HUB_LINK,link from /leistungen,missing,REVIEW,FAIL,
/praxisfaelle,/leistungen,SPECIALIST_WITHOUT_HUB_LINK,link from /leistungen,missing,REVIEW,FAIL,
/private-client-service,/leistungen,SPECIALIST_WITHOUT_HUB_LINK,link from /leistungen,missing,REVIEW,FAIL,
/qualitaet-ablauf,/leistungen,SPECIALIST_WITHOUT_HUB_LINK,link from /leistungen,missing,REVIEW,FAIL,
/region-regensburg,/leistungen,SPECIALIST_WITHOUT_HUB_LINK,link from /leistungen,missing,REVIEW,FAIL,
/reinigung-abensberg,/leistungen,SPECIALIST_WITHOUT_HUB_LINK,link from /leistungen,missing,REVIEW,FAIL,
/reinigung-alteglofsheim,/leistungen,SPECIALIST_WITHOUT_HUB_LINK,link from /leistungen,missing,REVIEW,FAIL,
/reinigung-altenthann,/leistungen,SPECIALIST_WITHOUT_HUB_LINK,link from /leistungen,missing,REVIEW,FAIL,
/reinigung-aufhausen,/leistungen,SPECIALIST_WITHOUT_HUB_LINK,link from /leistungen,missing,REVIEW,FAIL,
/reinigung-bad-abbach,/leistungen,SPECIALIST_WITHOUT_HUB_LINK,link from /leistungen,missing,REVIEW,FAIL,
/reinigung-barbing,/leistungen,SPECIALIST_WITHOUT_HUB_LINK,link from /leistungen,missing,REVIEW,FAIL,
/reinigung-beratzhausen,/leistungen,SPECIALIST_WITHOUT_HUB_LINK,link from /leistungen,missing,REVIEW,FAIL,
/reinigung-bernhardswald,/leistungen,SPECIALIST_WITHOUT_HUB_LINK,link from /leistungen,missing,REVIEW,FAIL,
/reinigung-brennberg,/leistungen,SPECIALIST_WITHOUT_HUB_LINK,link from /leistungen,missing,REVIEW,FAIL,
/reinigung-brunn,/leistungen,SPECIALIST_WITHOUT_HUB_LINK,link from /leistungen,missing,REVIEW,FAIL,
/reinigung-burglengenfeld,/leistungen,SPECIALIST_WITHOUT_HUB_LINK,link from /leistungen,missing,REVIEW,FAIL,
/reinigung-deuerling,/leistungen,SPECIALIST_WITHOUT_HUB_LINK,link from /leistungen,missing,REVIEW,FAIL,
/reinigung-donaustauf,/leistungen,SPECIALIST_WITHOUT_HUB_LINK,link from /leistungen,missing,REVIEW,FAIL,
/reinigung-duggendorf,/leistungen,SPECIALIST_WITHOUT_HUB_LINK,link from /leistungen,missing,REVIEW,FAIL,
/reinigung-geiselhoering,/leistungen,SPECIALIST_WITHOUT_HUB_LINK,link from /leistungen,missing,REVIEW,FAIL,
/reinigung-hagelstadt,/leistungen,SPECIALIST_WITHOUT_HUB_LINK,link from /leistungen,missing,REVIEW,FAIL,
/reinigung-hausen,/leistungen,SPECIALIST_WITHOUT_HUB_LINK,link from /leistungen,missing,REVIEW,FAIL,
/reinigung-hemau,/leistungen,SPECIALIST_WITHOUT_HUB_LINK,link from /leistungen,missing,REVIEW,FAIL,
/reinigung-holzheim-am-forst,/leistungen,SPECIALIST_WITHOUT_HUB_LINK,link from /leistungen,missing,REVIEW,FAIL,
/reinigung-kallmuenz,/leistungen,SPECIALIST_WITHOUT_HUB_LINK,link from /leistungen,missing,REVIEW,FAIL,
/reinigung-kelheim,/leistungen,SPECIALIST_WITHOUT_HUB_LINK,link from /leistungen,missing,REVIEW,FAIL,
/reinigung-koefering,/leistungen,SPECIALIST_WITHOUT_HUB_LINK,link from /leistungen,missing,REVIEW,FAIL,
/reinigung-laaber,/leistungen,SPECIALIST_WITHOUT_HUB_LINK,link from /leistungen,missing,REVIEW,FAIL,
/reinigung-langquaid,/leistungen,SPECIALIST_WITHOUT_HUB_LINK,link from /leistungen,missing,REVIEW,FAIL,
/reinigung-lappersdorf,/leistungen,SPECIALIST_WITHOUT_HUB_LINK,link from /leistungen,missing,REVIEW,FAIL,
/reinigung-mainburg,/leistungen,SPECIALIST_WITHOUT_HUB_LINK,link from /leistungen,missing,REVIEW,FAIL,
/reinigung-mallersdorf-pfaffenberg,/leistungen,SPECIALIST_WITHOUT_HUB_LINK,link from /leistungen,missing,REVIEW,FAIL,
/reinigung-maxhuette-haidhof,/leistungen,SPECIALIST_WITHOUT_HUB_LINK,link from /leistungen,missing,REVIEW,FAIL,
/reinigung-mintraching,/leistungen,SPECIALIST_WITHOUT_HUB_LINK,link from /leistungen,missing,REVIEW,FAIL,
/reinigung-moeblierte-wohnung-duesseldorf,/leistungen,SPECIALIST_WITHOUT_HUB_LINK,link from /leistungen,missing,REVIEW,FAIL,
/reinigung-moeblierte-wohnung-regensburg,/leistungen,SPECIALIST_WITHOUT_HUB_LINK,link from /leistungen,missing,REVIEW,FAIL,
/reinigung-moetzing,/leistungen,SPECIALIST_WITHOUT_HUB_LINK,link from /leistungen,missing,REVIEW,FAIL,
/reinigung-nach-veranstaltung,/leistungen,SPECIALIST_WITHOUT_HUB_LINK,link from /leistungen,missing,REVIEW,FAIL,
/reinigung-nach-wasserschaden,/leistungen,SPECIALIST_WITHOUT_HUB_LINK,link from /leistungen,missing,REVIEW,FAIL,
/reinigung-neutraubling,/leistungen,SPECIALIST_WITHOUT_HUB_LINK,link from /leistungen,missing,REVIEW,FAIL,
/reinigung-nittenau,/leistungen,SPECIALIST_WITHOUT_HUB_LINK,link from /leistungen,missing,REVIEW,FAIL,
/reinigung-nittendorf,/leistungen,SPECIALIST_WITHOUT_HUB_LINK,link from /leistungen,missing,REVIEW,FAIL,
/reinigung-obertraubling,/leistungen,SPECIALIST_WITHOUT_HUB_LINK,link from /leistungen,missing,REVIEW,FAIL,
/reinigung-painten,/leistungen,SPECIALIST_WITHOUT_HUB_LINK,link from /leistungen,missing,REVIEW,FAIL,
/reinigung-pentling,/leistungen,SPECIALIST_WITHOUT_HUB_LINK,link from /leistungen,missing,REVIEW,FAIL,
/reinigung-pettendorf,/leistungen,SPECIALIST_WITHOUT_HUB_LINK,link from /leistungen,missing,REVIEW,FAIL,
/reinigung-pfatter,/leistungen,SPECIALIST_WITHOUT_HUB_LINK,link from /leistungen,missing,REVIEW,FAIL,
/reinigung-pielenhofen,/leistungen,SPECIALIST_WITHOUT_HUB_LINK,link from /leistungen,missing,REVIEW,FAIL,
/reinigung-regenstauf,/leistungen,SPECIALIST_WITHOUT_HUB_LINK,link from /leistungen,missing,REVIEW,FAIL,
/reinigung-riedenburg,/leistungen,SPECIALIST_WITHOUT_HUB_LINK,link from /leistungen,missing,REVIEW,FAIL,
/reinigung-riekofen,/leistungen,SPECIALIST_WITHOUT_HUB_LINK,link from /leistungen,missing,REVIEW,FAIL,
/reinigung-roding,/leistungen,SPECIALIST_WITHOUT_HUB_LINK,link from /leistungen,missing,REVIEW,FAIL,
/reinigung-saal-an-der-donau,/leistungen,SPECIALIST_WITHOUT_HUB_LINK,link from /leistungen,missing,REVIEW,FAIL,
/reinigung-schierling,/leistungen,SPECIALIST_WITHOUT_HUB_LINK,link from /leistungen,missing,REVIEW,FAIL,
/reinigung-schwandorf,/leistungen,SPECIALIST_WITHOUT_HUB_LINK,link from /leistungen,missing,REVIEW,FAIL,
/reinigung-sinzing,/leistungen,SPECIALIST_WITHOUT_HUB_LINK,link from /leistungen,missing,REVIEW,FAIL,
/reinigung-straubing,/leistungen,SPECIALIST_WITHOUT_HUB_LINK,link from /leistungen,missing,REVIEW,FAIL,
/reinigung-suenching,/leistungen,SPECIALIST_WITHOUT_HUB_LINK,link from /leistungen,missing,REVIEW,FAIL,
/reinigung-tegernheim,/leistungen,SPECIALIST_WITHOUT_HUB_LINK,link from /leistungen,missing,REVIEW,FAIL,
/reinigung-teublitz,/leistungen,SPECIALIST_WITHOUT_HUB_LINK,link from /leistungen,missing,REVIEW,FAIL,
/reinigung-thalmassing,/leistungen,SPECIALIST_WITHOUT_HUB_LINK,link from /leistungen,missing,REVIEW,FAIL,
/reinigung-wenzenbach,/leistungen,SPECIALIST_WITHOUT_HUB_LINK,link from /leistungen,missing,REVIEW,FAIL,
/reinigung-wiesent,/leistungen,SPECIALIST_WITHOUT_HUB_LINK,link from /leistungen,missing,REVIEW,FAIL,
/reinigung-woerth-an-der-donau,/leistungen,SPECIALIST_WITHOUT_HUB_LINK,link from /leistungen,missing,REVIEW,FAIL,
/reinigung-wolfsegg,/leistungen,SPECIALIST_WITHOUT_HUB_LINK,link from /leistungen,missing,REVIEW,FAIL,
/reinigung-zeitlarn,/leistungen,SPECIALIST_WITHOUT_HUB_LINK,link from /leistungen,missing,REVIEW,FAIL,
/reinigungsgarantie,/leistungen,SPECIALIST_WITHOUT_HUB_LINK,link from /leistungen,missing,REVIEW,FAIL,
/reset-reinigung,/leistungen,SPECIALIST_WITHOUT_HUB_LINK,link from /leistungen,missing,REVIEW,FAIL,
/ritual-exit-box,/leistungen,SPECIALIST_WITHOUT_HUB_LINK,link from /leistungen,missing,REVIEW,FAIL,
/schluesselruhe-service,/leistungen,SPECIALIST_WITHOUT_HUB_LINK,link from /leistungen,missing,REVIEW,FAIL,
/schluesseluebergabe,/leistungen,SPECIALIST_WITHOUT_HUB_LINK,link from /leistungen,missing,REVIEW,FAIL,
/seniorenumzug-abensberg,/leistungen,SPECIALIST_WITHOUT_HUB_LINK,link from /leistungen,missing,REVIEW,FAIL,
/seniorenumzug-altdorf-bei-nuernberg,/leistungen,SPECIALIST_WITHOUT_HUB_LINK,link from /leistungen,missing,REVIEW,FAIL,
/seniorenumzug-alteglofsheim,/leistungen,SPECIALIST_WITHOUT_HUB_LINK,link from /leistungen,missing,REVIEW,FAIL,
/seniorenumzug-altenthann,/leistungen,SPECIALIST_WITHOUT_HUB_LINK,link from /leistungen,missing,REVIEW,FAIL,
/seniorenumzug-amberg,/leistungen,SPECIALIST_WITHOUT_HUB_LINK,link from /leistungen,missing,REVIEW,FAIL,
/seniorenumzug-ansbach,/leistungen,SPECIALIST_WITHOUT_HUB_LINK,link from /leistungen,missing,REVIEW,FAIL,
/seniorenumzug-auerbach-in-der-oberpfalz,/leistungen,SPECIALIST_WITHOUT_HUB_LINK,link from /leistungen,missing,REVIEW,FAIL,
/seniorenumzug-aufhausen,/leistungen,SPECIALIST_WITHOUT_HUB_LINK,link from /leistungen,missing,REVIEW,FAIL,
/seniorenumzug-augsburg,/leistungen,SPECIALIST_WITHOUT_HUB_LINK,link from /leistungen,missing,REVIEW,FAIL,
/seniorenumzug-bad-abbach,/leistungen,SPECIALIST_WITHOUT_HUB_LINK,link from /leistungen,missing,REVIEW,FAIL,
/seniorenumzug-bad-koetzting,/leistungen,SPECIALIST_WITHOUT_HUB_LINK,link from /leistungen,missing,REVIEW,FAIL,
/seniorenumzug-bad-toelz,/leistungen,SPECIALIST_WITHOUT_HUB_LINK,link from /leistungen,missing,REVIEW,FAIL,
/seniorenumzug-bamberg,/leistungen,SPECIALIST_WITHOUT_HUB_LINK,link from /leistungen,missing,REVIEW,FAIL,
/seniorenumzug-barbing,/leistungen,SPECIALIST_WITHOUT_HUB_LINK,link from /leistungen,missing,REVIEW,FAIL,
/seniorenumzug-bayreuth,/leistungen,SPECIALIST_WITHOUT_HUB_LINK,link from /leistungen,missing,REVIEW,FAIL,
/seniorenumzug-beilngries,/leistungen,SPECIALIST_WITHOUT_HUB_LINK,link from /leistungen,missing,REVIEW,FAIL,
/seniorenumzug-beratzhausen,/leistungen,SPECIALIST_WITHOUT_HUB_LINK,link from /leistungen,missing,REVIEW,FAIL,
/seniorenumzug-berching,/leistungen,SPECIALIST_WITHOUT_HUB_LINK,link from /leistungen,missing,REVIEW,FAIL,
/seniorenumzug-bernhardswald,/leistungen,SPECIALIST_WITHOUT_HUB_LINK,link from /leistungen,missing,REVIEW,FAIL,
/seniorenumzug-bogen,/leistungen,SPECIALIST_WITHOUT_HUB_LINK,link from /leistungen,missing,REVIEW,FAIL,
/seniorenumzug-brennberg,/leistungen,SPECIALIST_WITHOUT_HUB_LINK,link from /leistungen,missing,REVIEW,FAIL,
/seniorenumzug-brunn,/leistungen,SPECIALIST_WITHOUT_HUB_LINK,link from /leistungen,missing,REVIEW,FAIL,
/seniorenumzug-burglengenfeld,/leistungen,SPECIALIST_WITHOUT_HUB_LINK,link from /leistungen,missing,REVIEW,FAIL,
/seniorenumzug-cham,/leistungen,SPECIALIST_WITHOUT_HUB_LINK,link from /leistungen,missing,REVIEW,FAIL,
/seniorenumzug-coburg,/leistungen,SPECIALIST_WITHOUT_HUB_LINK,link from /leistungen,missing,REVIEW,FAIL,
/seniorenumzug-dachau,/leistungen,SPECIALIST_WITHOUT_HUB_LINK,link from /leistungen,missing,REVIEW,FAIL,
/seniorenumzug-deggendorf,/leistungen,SPECIALIST_WITHOUT_HUB_LINK,link from /leistungen,missing,REVIEW,FAIL,
/seniorenumzug-deuerling,/leistungen,SPECIALIST_WITHOUT_HUB_LINK,link from /leistungen,missing,REVIEW,FAIL,
/seniorenumzug-dietfurt,/leistungen,SPECIALIST_WITHOUT_HUB_LINK,link from /leistungen,missing,REVIEW,FAIL,
/seniorenumzug-dingolfing,/leistungen,SPECIALIST_WITHOUT_HUB_LINK,link from /leistungen,missing,REVIEW,FAIL,
/seniorenumzug-donaustauf,/leistungen,SPECIALIST_WITHOUT_HUB_LINK,link from /leistungen,missing,REVIEW,FAIL,
/seniorenumzug-duggendorf,/leistungen,SPECIALIST_WITHOUT_HUB_LINK,link from /leistungen,missing,REVIEW,FAIL,
/seniorenumzug-eggenfelden,/leistungen,SPECIALIST_WITHOUT_HUB_LINK,link from /leistungen,missing,REVIEW,FAIL,
/seniorenumzug-eichstaett,/leistungen,SPECIALIST_WITHOUT_HUB_LINK,link from /leistungen,missing,REVIEW,FAIL,
/seniorenumzug-erding,/leistungen,SPECIALIST_WITHOUT_HUB_LINK,link from /leistungen,missing,REVIEW,FAIL,
/seniorenumzug-ergoldsbach,/leistungen,SPECIALIST_WITHOUT_HUB_LINK,link from /leistungen,missing,REVIEW,FAIL,
/seniorenumzug-erlangen,/leistungen,SPECIALIST_WITHOUT_HUB_LINK,link from /leistungen,missing,REVIEW,FAIL,
/seniorenumzug-eschenbach-in-der-oberpfalz,/leistungen,SPECIALIST_WITHOUT_HUB_LINK,link from /leistungen,missing,REVIEW,FAIL,
/seniorenumzug-feucht,/leistungen,SPECIALIST_WITHOUT_HUB_LINK,link from /leistungen,missing,REVIEW,FAIL,
/seniorenumzug-freising,/leistungen,SPECIALIST_WITHOUT_HUB_LINK,link from /leistungen,missing,REVIEW,FAIL,
/seniorenumzug-freystadt,/leistungen,SPECIALIST_WITHOUT_HUB_LINK,link from /leistungen,missing,REVIEW,FAIL,
/seniorenumzug-freyung,/leistungen,SPECIALIST_WITHOUT_HUB_LINK,link from /leistungen,missing,REVIEW,FAIL,
/seniorenumzug-fuerstenfeldbruck,/leistungen,SPECIALIST_WITHOUT_HUB_LINK,link from /leistungen,missing,REVIEW,FAIL,
/seniorenumzug-fuerth,/leistungen,SPECIALIST_WITHOUT_HUB_LINK,link from /leistungen,missing,REVIEW,FAIL,
/seniorenumzug-furth-im-wald,/leistungen,SPECIALIST_WITHOUT_HUB_LINK,link from /leistungen,missing,REVIEW,FAIL,
/seniorenumzug-garching,/leistungen,SPECIALIST_WITHOUT_HUB_LINK,link from /leistungen,missing,REVIEW,FAIL,
/seniorenumzug-geiselhoering,/leistungen,SPECIALIST_WITHOUT_HUB_LINK,link from /leistungen,missing,REVIEW,FAIL,
/seniorenumzug-geisenfeld,/leistungen,SPECIALIST_WITHOUT_HUB_LINK,link from /leistungen,missing,REVIEW,FAIL,
/seniorenumzug-germering,/leistungen,SPECIALIST_WITHOUT_HUB_LINK,link from /leistungen,missing,REVIEW,FAIL,
/seniorenumzug-gersthofen,/leistungen,SPECIALIST_WITHOUT_HUB_LINK,link from /leistungen,missing,REVIEW,FAIL,
/seniorenumzug-grafenau,/leistungen,SPECIALIST_WITHOUT_HUB_LINK,link from /leistungen,missing,REVIEW,FAIL,
/seniorenumzug-grafenwoehr,/leistungen,SPECIALIST_WITHOUT_HUB_LINK,link from /leistungen,missing,REVIEW,FAIL,
/seniorenumzug-guenzburg,/leistungen,SPECIALIST_WITHOUT_HUB_LINK,link from /leistungen,missing,REVIEW,FAIL,
/seniorenumzug-hagelstadt,/leistungen,SPECIALIST_WITHOUT_HUB_LINK,link from /leistungen,missing,REVIEW,FAIL,
/seniorenumzug-hausen,/leistungen,SPECIALIST_WITHOUT_HUB_LINK,link from /leistungen,missing,REVIEW,FAIL,
/seniorenumzug-hemau,/leistungen,SPECIALIST_WITHOUT_HUB_LINK,link from /leistungen,missing,REVIEW,FAIL,
/seniorenumzug-herzogenaurach,/leistungen,SPECIALIST_WITHOUT_HUB_LINK,link from /leistungen,missing,REVIEW,FAIL,
/seniorenumzug-hirschau,/leistungen,SPECIALIST_WITHOUT_HUB_LINK,link from /leistungen,missing,REVIEW,FAIL,
/seniorenumzug-hohenfels,/leistungen,SPECIALIST_WITHOUT_HUB_LINK,link from /leistungen,missing,REVIEW,FAIL,
/seniorenumzug-holzheim-am-forst,/leistungen,SPECIALIST_WITHOUT_HUB_LINK,link from /leistungen,missing,REVIEW,FAIL,
/seniorenumzug-ingolstadt,/leistungen,SPECIALIST_WITHOUT_HUB_LINK,link from /leistungen,missing,REVIEW,FAIL,
/seniorenumzug-kallmuenz,/leistungen,SPECIALIST_WITHOUT_HUB_LINK,link from /leistungen,missing,REVIEW,FAIL,
/seniorenumzug-kelheim,/leistungen,SPECIALIST_WITHOUT_HUB_LINK,link from /leistungen,missing,REVIEW,FAIL,
/seniorenumzug-kissing,/leistungen,SPECIALIST_WITHOUT_HUB_LINK,link from /leistungen,missing,REVIEW,FAIL,
/seniorenumzug-koefering,/leistungen,SPECIALIST_WITHOUT_HUB_LINK,link from /leistungen,missing,REVIEW,FAIL,
/seniorenumzug-koenigsbrunn,/leistungen,SPECIALIST_WITHOUT_HUB_LINK,link from /leistungen,missing,REVIEW,FAIL,
/seniorenumzug-koetzting,/leistungen,SPECIALIST_WITHOUT_HUB_LINK,link from /leistungen,missing,REVIEW,FAIL,
/seniorenumzug-laaber,/leistungen,SPECIALIST_WITHOUT_HUB_LINK,link from /leistungen,missing,REVIEW,FAIL,
/seniorenumzug-landau-an-der-isar,/leistungen,SPECIALIST_WITHOUT_HUB_LINK,link from /leistungen,missing,REVIEW,FAIL,
/seniorenumzug-landsberg-am-lech,/leistungen,SPECIALIST_WITHOUT_HUB_LINK,link from /leistungen,missing,REVIEW,FAIL,
/seniorenumzug-landshut,/leistungen,SPECIALIST_WITHOUT_HUB_LINK,link from /leistungen,missing,REVIEW,FAIL,
/seniorenumzug-langquaid,/leistungen,SPECIALIST_WITHOUT_HUB_LINK,link from /leistungen,missing,REVIEW,FAIL,
/seniorenumzug-lappersdorf,/leistungen,SPECIALIST_WITHOUT_HUB_LINK,link from /leistungen,missing,REVIEW,FAIL,
/seniorenumzug-lauf-an-der-pegnitz,/leistungen,SPECIALIST_WITHOUT_HUB_LINK,link from /leistungen,missing,REVIEW,FAIL,
/seniorenumzug-lupburg,/leistungen,SPECIALIST_WITHOUT_HUB_LINK,link from /leistungen,missing,REVIEW,FAIL,
/seniorenumzug-mainburg,/leistungen,SPECIALIST_WITHOUT_HUB_LINK,link from /leistungen,missing,REVIEW,FAIL,
/seniorenumzug-mallersdorf-pfaffenberg,/leistungen,SPECIALIST_WITHOUT_HUB_LINK,link from /leistungen,missing,REVIEW,FAIL,
/seniorenumzug-mammendorf,/leistungen,SPECIALIST_WITHOUT_HUB_LINK,link from /leistungen,missing,REVIEW,FAIL,
/seniorenumzug-maxhuette-haidhof,/leistungen,SPECIALIST_WITHOUT_HUB_LINK,link from /leistungen,missing,REVIEW,FAIL,
/seniorenumzug-mering,/leistungen,SPECIALIST_WITHOUT_HUB_LINK,link from /leistungen,missing,REVIEW,FAIL,
/seniorenumzug-mintraching,/leistungen,SPECIALIST_WITHOUT_HUB_LINK,link from /leistungen,missing,REVIEW,FAIL,
/seniorenumzug-moetzing,/leistungen,SPECIALIST_WITHOUT_HUB_LINK,link from /leistungen,missing,REVIEW,FAIL,
/seniorenumzug-moosburg,/leistungen,SPECIALIST_WITHOUT_HUB_LINK,link from /leistungen,missing,REVIEW,FAIL,
/seniorenumzug-muenchen,/leistungen,SPECIALIST_WITHOUT_HUB_LINK,link from /leistungen,missing,REVIEW,FAIL,
/seniorenumzug-nabburg,/leistungen,SPECIALIST_WITHOUT_HUB_LINK,link from /leistungen,missing,REVIEW,FAIL,
/seniorenumzug-neu-ulm,/leistungen,SPECIALIST_WITHOUT_HUB_LINK,link from /leistungen,missing,REVIEW,FAIL,
/seniorenumzug-neufahrn-in-niederbayern,/leistungen,SPECIALIST_WITHOUT_HUB_LINK,link from /leistungen,missing,REVIEW,FAIL,
/seniorenumzug-neumarkt,/leistungen,SPECIALIST_WITHOUT_HUB_LINK,link from /leistungen,missing,REVIEW,FAIL,
/seniorenumzug-neunburg-vorm-wald,/leistungen,SPECIALIST_WITHOUT_HUB_LINK,link from /leistungen,missing,REVIEW,FAIL,
/seniorenumzug-neusaess,/leistungen,SPECIALIST_WITHOUT_HUB_LINK,link from /leistungen,missing,REVIEW,FAIL,
/seniorenumzug-neustadt-an-der-donau,/leistungen,SPECIALIST_WITHOUT_HUB_LINK,link from /leistungen,missing,REVIEW,FAIL,
/seniorenumzug-neustadt-an-der-waldnaab,/leistungen,SPECIALIST_WITHOUT_HUB_LINK,link from /leistungen,missing,REVIEW,FAIL,
/seniorenumzug-neutraubling,/leistungen,SPECIALIST_WITHOUT_HUB_LINK,link from /leistungen,missing,REVIEW,FAIL,
/seniorenumzug-nittenau,/leistungen,SPECIALIST_WITHOUT_HUB_LINK,link from /leistungen,missing,REVIEW,FAIL,
/seniorenumzug-nittendorf,/leistungen,SPECIALIST_WITHOUT_HUB_LINK,link from /leistungen,missing,REVIEW,FAIL,
/seniorenumzug-nuernberg,/leistungen,SPECIALIST_WITHOUT_HUB_LINK,link from /leistungen,missing,REVIEW,FAIL,
/seniorenumzug-oberasbach,/leistungen,SPECIALIST_WITHOUT_HUB_LINK,link from /leistungen,missing,REVIEW,FAIL,
/seniorenumzug-obertraubling,/leistungen,SPECIALIST_WITHOUT_HUB_LINK,link from /leistungen,missing,REVIEW,FAIL,
/seniorenumzug-oberviechtach,/leistungen,SPECIALIST_WITHOUT_HUB_LINK,link from /leistungen,missing,REVIEW,FAIL,
/seniorenumzug-olching,/leistungen,SPECIALIST_WITHOUT_HUB_LINK,link from /leistungen,missing,REVIEW,FAIL,
/seniorenumzug-osterhofen,/leistungen,SPECIALIST_WITHOUT_HUB_LINK,link from /leistungen,missing,REVIEW,FAIL,
/seniorenumzug-painten,/leistungen,SPECIALIST_WITHOUT_HUB_LINK,link from /leistungen,missing,REVIEW,FAIL,
/seniorenumzug-parsberg,/leistungen,SPECIALIST_WITHOUT_HUB_LINK,link from /leistungen,missing,REVIEW,FAIL,
/seniorenumzug-passau,/leistungen,SPECIALIST_WITHOUT_HUB_LINK,link from /leistungen,missing,REVIEW,FAIL,
/seniorenumzug-pentling,/leistungen,SPECIALIST_WITHOUT_HUB_LINK,link from /leistungen,missing,REVIEW,FAIL,
/seniorenumzug-pettendorf,/leistungen,SPECIALIST_WITHOUT_HUB_LINK,link from /leistungen,missing,REVIEW,FAIL,
/seniorenumzug-pfaffenhofen,/leistungen,SPECIALIST_WITHOUT_HUB_LINK,link from /leistungen,missing,REVIEW,FAIL,
/seniorenumzug-pfarrkirchen,/leistungen,SPECIALIST_WITHOUT_HUB_LINK,link from /leistungen,missing,REVIEW,FAIL,
/seniorenumzug-pfatter,/leistungen,SPECIALIST_WITHOUT_HUB_LINK,link from /leistungen,missing,REVIEW,FAIL,
/seniorenumzug-pfeffenhausen,/leistungen,SPECIALIST_WITHOUT_HUB_LINK,link from /leistungen,missing,REVIEW,FAIL,
/seniorenumzug-pfreimd,/leistungen,SPECIALIST_WITHOUT_HUB_LINK,link from /leistungen,missing,REVIEW,FAIL,
/seniorenumzug-pielenhofen,/leistungen,SPECIALIST_WITHOUT_HUB_LINK,link from /leistungen,missing,REVIEW,FAIL,
/seniorenumzug-plattling,/leistungen,SPECIALIST_WITHOUT_HUB_LINK,link from /leistungen,missing,REVIEW,FAIL,
/seniorenumzug-pocking,/leistungen,SPECIALIST_WITHOUT_HUB_LINK,link from /leistungen,missing,REVIEW,FAIL,
/seniorenumzug-postbauer-heng,/leistungen,SPECIALIST_WITHOUT_HUB_LINK,link from /leistungen,missing,REVIEW,FAIL,
/seniorenumzug-regen,/leistungen,SPECIALIST_WITHOUT_HUB_LINK,link from /leistungen,missing,REVIEW,FAIL,
/seniorenumzug-regenstauf,/leistungen,SPECIALIST_WITHOUT_HUB_LINK,link from /leistungen,missing,REVIEW,FAIL,
/seniorenumzug-riedenburg,/leistungen,SPECIALIST_WITHOUT_HUB_LINK,link from /leistungen,missing,REVIEW,FAIL,
/seniorenumzug-riekofen,/leistungen,SPECIALIST_WITHOUT_HUB_LINK,link from /leistungen,missing,REVIEW,FAIL,
/seniorenumzug-roding,/leistungen,SPECIALIST_WITHOUT_HUB_LINK,link from /leistungen,missing,REVIEW,FAIL,
/seniorenumzug-rosenheim,/leistungen,SPECIALIST_WITHOUT_HUB_LINK,link from /leistungen,missing,REVIEW,FAIL,
/seniorenumzug-roth,/leistungen,SPECIALIST_WITHOUT_HUB_LINK,link from /leistungen,missing,REVIEW,FAIL,
/seniorenumzug-rottenburg-an-der-laaber,/leistungen,SPECIALIST_WITHOUT_HUB_LINK,link from /leistungen,missing,REVIEW,FAIL,
/seniorenumzug-saal-an-der-donau,/leistungen,SPECIALIST_WITHOUT_HUB_LINK,link from /leistungen,missing,REVIEW,FAIL,
/seniorenumzug-schierling,/leistungen,SPECIALIST_WITHOUT_HUB_LINK,link from /leistungen,missing,REVIEW,FAIL,
/seniorenumzug-schnaittenbach,/leistungen,SPECIALIST_WITHOUT_HUB_LINK,link from /leistungen,missing,REVIEW,FAIL,
/seniorenumzug-schwabach,/leistungen,SPECIALIST_WITHOUT_HUB_LINK,link from /leistungen,missing,REVIEW,FAIL,
/seniorenumzug-schwandorf,/leistungen,SPECIALIST_WITHOUT_HUB_LINK,link from /leistungen,missing,REVIEW,FAIL,
/seniorenumzug-schwarzenfeld,/leistungen,SPECIALIST_WITHOUT_HUB_LINK,link from /leistungen,missing,REVIEW,FAIL,
/seniorenumzug-schweinfurt,/leistungen,SPECIALIST_WITHOUT_HUB_LINK,link from /leistungen,missing,REVIEW,FAIL,
/seniorenumzug-seubersdorf,/leistungen,SPECIALIST_WITHOUT_HUB_LINK,link from /leistungen,missing,REVIEW,FAIL,
/seniorenumzug-simbach-am-inn,/leistungen,SPECIALIST_WITHOUT_HUB_LINK,link from /leistungen,missing,REVIEW,FAIL,
/seniorenumzug-sinzing,/leistungen,SPECIALIST_WITHOUT_HUB_LINK,link from /leistungen,missing,REVIEW,FAIL,
/seniorenumzug-starnberg,/leistungen,SPECIALIST_WITHOUT_HUB_LINK,link from /leistungen,missing,REVIEW,FAIL,
/seniorenumzug-steinberg-am-see,/leistungen,SPECIALIST_WITHOUT_HUB_LINK,link from /leistungen,missing,REVIEW,FAIL,
/seniorenumzug-straubing,/leistungen,SPECIALIST_WITHOUT_HUB_LINK,link from /leistungen,missing,REVIEW,FAIL,
/seniorenumzug-suenching,/leistungen,SPECIALIST_WITHOUT_HUB_LINK,link from /leistungen,missing,REVIEW,FAIL,
/seniorenumzug-sulzbach-rosenberg,/leistungen,SPECIALIST_WITHOUT_HUB_LINK,link from /leistungen,missing,REVIEW,FAIL,
/seniorenumzug-tegernheim,/leistungen,SPECIALIST_WITHOUT_HUB_LINK,link from /leistungen,missing,REVIEW,FAIL,
/seniorenumzug-teublitz,/leistungen,SPECIALIST_WITHOUT_HUB_LINK,link from /leistungen,missing,REVIEW,FAIL,
/seniorenumzug-thalmassing,/leistungen,SPECIALIST_WITHOUT_HUB_LINK,link from /leistungen,missing,REVIEW,FAIL,
/seniorenumzug-tirschenreuth,/leistungen,SPECIALIST_WITHOUT_HUB_LINK,link from /leistungen,missing,REVIEW,FAIL,
/seniorenumzug-unterhaching,/leistungen,SPECIALIST_WITHOUT_HUB_LINK,link from /leistungen,missing,REVIEW,FAIL,
/seniorenumzug-velburg,/leistungen,SPECIALIST_WITHOUT_HUB_LINK,link from /leistungen,missing,REVIEW,FAIL,
/seniorenumzug-viechtach,/leistungen,SPECIALIST_WITHOUT_HUB_LINK,link from /leistungen,missing,REVIEW,FAIL,
/seniorenumzug-vilsbiburg,/leistungen,SPECIALIST_WITHOUT_HUB_LINK,link from /leistungen,missing,REVIEW,FAIL,
/seniorenumzug-vilseck,/leistungen,SPECIALIST_WITHOUT_HUB_LINK,link from /leistungen,missing,REVIEW,FAIL,
/seniorenumzug-vilshofen,/leistungen,SPECIALIST_WITHOUT_HUB_LINK,link from /leistungen,missing,REVIEW,FAIL,
/seniorenumzug-vohburg,/leistungen,SPECIALIST_WITHOUT_HUB_LINK,link from /leistungen,missing,REVIEW,FAIL,
/seniorenumzug-vohenstrauss,/leistungen,SPECIALIST_WITHOUT_HUB_LINK,link from /leistungen,missing,REVIEW,FAIL,
/seniorenumzug-wackersdorf,/leistungen,SPECIALIST_WITHOUT_HUB_LINK,link from /leistungen,missing,REVIEW,FAIL,
/seniorenumzug-waldkirchen,/leistungen,SPECIALIST_WITHOUT_HUB_LINK,link from /leistungen,missing,REVIEW,FAIL,
/seniorenumzug-waldmuenchen,/leistungen,SPECIALIST_WITHOUT_HUB_LINK,link from /leistungen,missing,REVIEW,FAIL,
/seniorenumzug-weiden,/leistungen,SPECIALIST_WITHOUT_HUB_LINK,link from /leistungen,missing,REVIEW,FAIL,
/seniorenumzug-weilheim-in-oberbayern,/leistungen,SPECIALIST_WITHOUT_HUB_LINK,link from /leistungen,missing,REVIEW,FAIL,
/seniorenumzug-wendelstein,/leistungen,SPECIALIST_WITHOUT_HUB_LINK,link from /leistungen,missing,REVIEW,FAIL,
/seniorenumzug-wenzenbach,/leistungen,SPECIALIST_WITHOUT_HUB_LINK,link from /leistungen,missing,REVIEW,FAIL,
/seniorenumzug-wernberg-koeblitz,/leistungen,SPECIALIST_WITHOUT_HUB_LINK,link from /leistungen,missing,REVIEW,FAIL,
/seniorenumzug-wiesent,/leistungen,SPECIALIST_WITHOUT_HUB_LINK,link from /leistungen,missing,REVIEW,FAIL,
/seniorenumzug-windischeschenbach,/leistungen,SPECIALIST_WITHOUT_HUB_LINK,link from /leistungen,missing,REVIEW,FAIL,
/seniorenumzug-woerth-an-der-donau,/leistungen,SPECIALIST_WITHOUT_HUB_LINK,link from /leistungen,missing,REVIEW,FAIL,
/seniorenumzug-wolfsegg,/leistungen,SPECIALIST_WITHOUT_HUB_LINK,link from /leistungen,missing,REVIEW,FAIL,
/seniorenumzug-wolnzach,/leistungen,SPECIALIST_WITHOUT_HUB_LINK,link from /leistungen,missing,REVIEW,FAIL,
/seniorenumzug-zeitlarn,/leistungen,SPECIALIST_WITHOUT_HUB_LINK,link from /leistungen,missing,REVIEW,FAIL,
/seniorenumzug-zirndorf,/leistungen,SPECIALIST_WITHOUT_HUB_LINK,link from /leistungen,missing,REVIEW,FAIL,
/seniorenumzug-zwiesel,/leistungen,SPECIALIST_WITHOUT_HUB_LINK,link from /leistungen,missing,REVIEW,FAIL,
/sichtbar-sauber-protokoll,/leistungen,SPECIALIST_WITHOUT_HUB_LINK,link from /leistungen,missing,REVIEW,FAIL,
/spezial-entruempelung,/leistungen,SPECIALIST_WITHOUT_HUB_LINK,link from /leistungen,missing,REVIEW,FAIL,
/spezialreinigung,/leistungen,SPECIALIST_WITHOUT_HUB_LINK,link from /leistungen,missing,REVIEW,FAIL,
/spezialumzug,/leistungen,SPECIALIST_WITHOUT_HUB_LINK,link from /leistungen,missing,REVIEW,FAIL,
/teppichreinigung-regensburg,/leistungen,SPECIALIST_WITHOUT_HUB_LINK,link from /leistungen,missing,REVIEW,FAIL,
/umzug,/leistungen,SPECIALIST_WITHOUT_HUB_LINK,link from /leistungen,missing,REVIEW,FAIL,
/umzug-abensberg,/leistungen,SPECIALIST_WITHOUT_HUB_LINK,link from /leistungen,missing,REVIEW,FAIL,
/umzug-altdorf-bei-nuernberg,/leistungen,SPECIALIST_WITHOUT_HUB_LINK,link from /leistungen,missing,REVIEW,FAIL,
/umzug-alteglofsheim,/leistungen,SPECIALIST_WITHOUT_HUB_LINK,link from /leistungen,missing,REVIEW,FAIL,
/umzug-altenthann,/leistungen,SPECIALIST_WITHOUT_HUB_LINK,link from /leistungen,missing,REVIEW,FAIL,
/umzug-amberg,/leistungen,SPECIALIST_WITHOUT_HUB_LINK,link from /leistungen,missing,REVIEW,FAIL,
/umzug-ansbach,/leistungen,SPECIALIST_WITHOUT_HUB_LINK,link from /leistungen,missing,REVIEW,FAIL,
/umzug-auerbach-in-der-oberpfalz,/leistungen,SPECIALIST_WITHOUT_HUB_LINK,link from /leistungen,missing,REVIEW,FAIL,
/umzug-aufhausen,/leistungen,SPECIALIST_WITHOUT_HUB_LINK,link from /leistungen,missing,REVIEW,FAIL,
/umzug-augsburg,/leistungen,SPECIALIST_WITHOUT_HUB_LINK,link from /leistungen,missing,REVIEW,FAIL,
/umzug-bad-abbach,/leistungen,SPECIALIST_WITHOUT_HUB_LINK,link from /leistungen,missing,REVIEW,FAIL,
/umzug-bad-koetzting,/leistungen,SPECIALIST_WITHOUT_HUB_LINK,link from /leistungen,missing,REVIEW,FAIL,
/umzug-bad-toelz,/leistungen,SPECIALIST_WITHOUT_HUB_LINK,link from /leistungen,missing,REVIEW,FAIL,
/umzug-bamberg,/leistungen,SPECIALIST_WITHOUT_HUB_LINK,link from /leistungen,missing,REVIEW,FAIL,
/umzug-barbing,/leistungen,SPECIALIST_WITHOUT_HUB_LINK,link from /leistungen,missing,REVIEW,FAIL,
/umzug-bayern,/leistungen,SPECIALIST_WITHOUT_HUB_LINK,link from /leistungen,missing,REVIEW,FAIL,
/umzug-bayreuth,/leistungen,SPECIALIST_WITHOUT_HUB_LINK,link from /leistungen,missing,REVIEW,FAIL,
/umzug-beilngries,/leistungen,SPECIALIST_WITHOUT_HUB_LINK,link from /leistungen,missing,REVIEW,FAIL,
/umzug-beratzhausen,/leistungen,SPECIALIST_WITHOUT_HUB_LINK,link from /leistungen,missing,REVIEW,FAIL,
/umzug-berching,/leistungen,SPECIALIST_WITHOUT_HUB_LINK,link from /leistungen,missing,REVIEW,FAIL,
/umzug-bernhardswald,/leistungen,SPECIALIST_WITHOUT_HUB_LINK,link from /leistungen,missing,REVIEW,FAIL,
/umzug-bogen,/leistungen,SPECIALIST_WITHOUT_HUB_LINK,link from /leistungen,missing,REVIEW,FAIL,
/umzug-brennberg,/leistungen,SPECIALIST_WITHOUT_HUB_LINK,link from /leistungen,missing,REVIEW,FAIL,
/umzug-brunn,/leistungen,SPECIALIST_WITHOUT_HUB_LINK,link from /leistungen,missing,REVIEW,FAIL,
/umzug-burglengenfeld,/leistungen,SPECIALIST_WITHOUT_HUB_LINK,link from /leistungen,missing,REVIEW,FAIL,
/umzug-cham,/leistungen,SPECIALIST_WITHOUT_HUB_LINK,link from /leistungen,missing,REVIEW,FAIL,
/umzug-coburg,/leistungen,SPECIALIST_WITHOUT_HUB_LINK,link from /leistungen,missing,REVIEW,FAIL,
/umzug-dachau,/leistungen,SPECIALIST_WITHOUT_HUB_LINK,link from /leistungen,missing,REVIEW,FAIL,
/umzug-deggendorf,/leistungen,SPECIALIST_WITHOUT_HUB_LINK,link from /leistungen,missing,REVIEW,FAIL,
/umzug-deuerling,/leistungen,SPECIALIST_WITHOUT_HUB_LINK,link from /leistungen,missing,REVIEW,FAIL,
/umzug-dietfurt,/leistungen,SPECIALIST_WITHOUT_HUB_LINK,link from /leistungen,missing,REVIEW,FAIL,
/umzug-dingolfing,/leistungen,SPECIALIST_WITHOUT_HUB_LINK,link from /leistungen,missing,REVIEW,FAIL,
/umzug-donaustauf,/leistungen,SPECIALIST_WITHOUT_HUB_LINK,link from /leistungen,missing,REVIEW,FAIL,
/umzug-duggendorf,/leistungen,SPECIALIST_WITHOUT_HUB_LINK,link from /leistungen,missing,REVIEW,FAIL,
/umzug-eggenfelden,/leistungen,SPECIALIST_WITHOUT_HUB_LINK,link from /leistungen,missing,REVIEW,FAIL,
/umzug-eichstaett,/leistungen,SPECIALIST_WITHOUT_HUB_LINK,link from /leistungen,missing,REVIEW,FAIL,
/umzug-erding,/leistungen,SPECIALIST_WITHOUT_HUB_LINK,link from /leistungen,missing,REVIEW,FAIL,
/umzug-ergoldsbach,/leistungen,SPECIALIST_WITHOUT_HUB_LINK,link from /leistungen,missing,REVIEW,FAIL,
/umzug-erlangen,/leistungen,SPECIALIST_WITHOUT_HUB_LINK,link from /leistungen,missing,REVIEW,FAIL,
/umzug-eschenbach-in-der-oberpfalz,/leistungen,SPECIALIST_WITHOUT_HUB_LINK,link from /leistungen,missing,REVIEW,FAIL,
/umzug-feucht,/leistungen,SPECIALIST_WITHOUT_HUB_LINK,link from /leistungen,missing,REVIEW,FAIL,
/umzug-freising,/leistungen,SPECIALIST_WITHOUT_HUB_LINK,link from /leistungen,missing,REVIEW,FAIL,
/umzug-freystadt,/leistungen,SPECIALIST_WITHOUT_HUB_LINK,link from /leistungen,missing,REVIEW,FAIL,
/umzug-freyung,/leistungen,SPECIALIST_WITHOUT_HUB_LINK,link from /leistungen,missing,REVIEW,FAIL,
/umzug-fuerstenfeldbruck,/leistungen,SPECIALIST_WITHOUT_HUB_LINK,link from /leistungen,missing,REVIEW,FAIL,
/umzug-fuerth,/leistungen,SPECIALIST_WITHOUT_HUB_LINK,link from /leistungen,missing,REVIEW,FAIL,
/umzug-furth-im-wald,/leistungen,SPECIALIST_WITHOUT_HUB_LINK,link from /leistungen,missing,REVIEW,FAIL,
/umzug-garching,/leistungen,SPECIALIST_WITHOUT_HUB_LINK,link from /leistungen,missing,REVIEW,FAIL,
/umzug-garmisch-partenkirchen,/leistungen,SPECIALIST_WITHOUT_HUB_LINK,link from /leistungen,missing,REVIEW,FAIL,
/umzug-geiselhoering,/leistungen,SPECIALIST_WITHOUT_HUB_LINK,link from /leistungen,missing,REVIEW,FAIL,
/umzug-geisenfeld,/leistungen,SPECIALIST_WITHOUT_HUB_LINK,link from /leistungen,missing,REVIEW,FAIL,
/umzug-germering,/leistungen,SPECIALIST_WITHOUT_HUB_LINK,link from /leistungen,missing,REVIEW,FAIL,
/umzug-gersthofen,/leistungen,SPECIALIST_WITHOUT_HUB_LINK,link from /leistungen,missing,REVIEW,FAIL,
/umzug-grafenau,/leistungen,SPECIALIST_WITHOUT_HUB_LINK,link from /leistungen,missing,REVIEW,FAIL,
/umzug-grafenwoehr,/leistungen,SPECIALIST_WITHOUT_HUB_LINK,link from /leistungen,missing,REVIEW,FAIL,
/umzug-guenzburg,/leistungen,SPECIALIST_WITHOUT_HUB_LINK,link from /leistungen,missing,REVIEW,FAIL,
/umzug-hagelstadt,/leistungen,SPECIALIST_WITHOUT_HUB_LINK,link from /leistungen,missing,REVIEW,FAIL,
/umzug-hausen,/leistungen,SPECIALIST_WITHOUT_HUB_LINK,link from /leistungen,missing,REVIEW,FAIL,
/umzug-hemau,/leistungen,SPECIALIST_WITHOUT_HUB_LINK,link from /leistungen,missing,REVIEW,FAIL,
/umzug-herzogenaurach,/leistungen,SPECIALIST_WITHOUT_HUB_LINK,link from /leistungen,missing,REVIEW,FAIL,
/umzug-hirschau,/leistungen,SPECIALIST_WITHOUT_HUB_LINK,link from /leistungen,missing,REVIEW,FAIL,
/umzug-hohenfels,/leistungen,SPECIALIST_WITHOUT_HUB_LINK,link from /leistungen,missing,REVIEW,FAIL,
/umzug-holzheim-am-forst,/leistungen,SPECIALIST_WITHOUT_HUB_LINK,link from /leistungen,missing,REVIEW,FAIL,
/umzug-ingolstadt,/leistungen,SPECIALIST_WITHOUT_HUB_LINK,link from /leistungen,missing,REVIEW,FAIL,
/umzug-kallmuenz,/leistungen,SPECIALIST_WITHOUT_HUB_LINK,link from /leistungen,missing,REVIEW,FAIL,
/umzug-kelheim,/leistungen,SPECIALIST_WITHOUT_HUB_LINK,link from /leistungen,missing,REVIEW,FAIL,
/umzug-kissing,/leistungen,SPECIALIST_WITHOUT_HUB_LINK,link from /leistungen,missing,REVIEW,FAIL,
/umzug-koefering,/leistungen,SPECIALIST_WITHOUT_HUB_LINK,link from /leistungen,missing,REVIEW,FAIL,
/umzug-koenigsbrunn,/leistungen,SPECIALIST_WITHOUT_HUB_LINK,link from /leistungen,missing,REVIEW,FAIL,
/umzug-koetzting,/leistungen,SPECIALIST_WITHOUT_HUB_LINK,link from /leistungen,missing,REVIEW,FAIL,
/umzug-kulmbach,/leistungen,SPECIALIST_WITHOUT_HUB_LINK,link from /leistungen,missing,REVIEW,FAIL,
/umzug-laaber,/leistungen,SPECIALIST_WITHOUT_HUB_LINK,link from /leistungen,missing,REVIEW,FAIL,
/umzug-landau-an-der-isar,/leistungen,SPECIALIST_WITHOUT_HUB_LINK,link from /leistungen,missing,REVIEW,FAIL,
/umzug-landkreis-regensburg,/leistungen,SPECIALIST_WITHOUT_HUB_LINK,link from /leistungen,missing,REVIEW,FAIL,
/umzug-landsberg-am-lech,/leistungen,SPECIALIST_WITHOUT_HUB_LINK,link from /leistungen,missing,REVIEW,FAIL,
/umzug-landshut,/leistungen,SPECIALIST_WITHOUT_HUB_LINK,link from /leistungen,missing,REVIEW,FAIL,
/umzug-langquaid,/leistungen,SPECIALIST_WITHOUT_HUB_LINK,link from /leistungen,missing,REVIEW,FAIL,
/umzug-lappersdorf,/leistungen,SPECIALIST_WITHOUT_HUB_LINK,link from /leistungen,missing,REVIEW,FAIL,
/umzug-lauf-an-der-pegnitz,/leistungen,SPECIALIST_WITHOUT_HUB_LINK,link from /leistungen,missing,REVIEW,FAIL,
/umzug-lupburg,/leistungen,SPECIALIST_WITHOUT_HUB_LINK,link from /leistungen,missing,REVIEW,FAIL,
/umzug-mainburg,/leistungen,SPECIALIST_WITHOUT_HUB_LINK,link from /leistungen,missing,REVIEW,FAIL,
/umzug-mallersdorf-pfaffenberg,/leistungen,SPECIALIST_WITHOUT_HUB_LINK,link from /leistungen,missing,REVIEW,FAIL,
/umzug-mammendorf,/leistungen,SPECIALIST_WITHOUT_HUB_LINK,link from /leistungen,missing,REVIEW,FAIL,
/umzug-maxhuette-haidhof,/leistungen,SPECIALIST_WITHOUT_HUB_LINK,link from /leistungen,missing,REVIEW,FAIL,
/umzug-mering,/leistungen,SPECIALIST_WITHOUT_HUB_LINK,link from /leistungen,missing,REVIEW,FAIL,
/umzug-mintraching,/leistungen,SPECIALIST_WITHOUT_HUB_LINK,link from /leistungen,missing,REVIEW,FAIL,
/umzug-moetzing,/leistungen,SPECIALIST_WITHOUT_HUB_LINK,link from /leistungen,missing,REVIEW,FAIL,
/umzug-moosburg,/leistungen,SPECIALIST_WITHOUT_HUB_LINK,link from /leistungen,missing,REVIEW,FAIL,
/umzug-muenchen,/leistungen,SPECIALIST_WITHOUT_HUB_LINK,link from /leistungen,missing,REVIEW,FAIL,
/umzug-muenchen-bogenhausen,/leistungen,SPECIALIST_WITHOUT_HUB_LINK,link from /leistungen,missing,REVIEW,FAIL,
/umzug-muenchen-haidhausen,/leistungen,SPECIALIST_WITHOUT_HUB_LINK,link from /leistungen,missing,REVIEW,FAIL,
/umzug-muenchen-maxvorstadt,/leistungen,SPECIALIST_WITHOUT_HUB_LINK,link from /leistungen,missing,REVIEW,FAIL,
/umzug-muenchen-schwabing,/leistungen,SPECIALIST_WITHOUT_HUB_LINK,link from /leistungen,missing,REVIEW,FAIL,
/umzug-muenchen-sendling,/leistungen,SPECIALIST_WITHOUT_HUB_LINK,link from /leistungen,missing,REVIEW,FAIL,
/umzug-nabburg,/leistungen,SPECIALIST_WITHOUT_HUB_LINK,link from /leistungen,missing,REVIEW,FAIL,
/umzug-neu-ulm,/leistungen,SPECIALIST_WITHOUT_HUB_LINK,link from /leistungen,missing,REVIEW,FAIL,
/umzug-neufahrn-in-niederbayern,/leistungen,SPECIALIST_WITHOUT_HUB_LINK,link from /leistungen,missing,REVIEW,FAIL,
/umzug-neumarkt,/leistungen,SPECIALIST_WITHOUT_HUB_LINK,link from /leistungen,missing,REVIEW,FAIL,
/umzug-neunburg-vorm-wald,/leistungen,SPECIALIST_WITHOUT_HUB_LINK,link from /leistungen,missing,REVIEW,FAIL,
/umzug-neusaess,/leistungen,SPECIALIST_WITHOUT_HUB_LINK,link from /leistungen,missing,REVIEW,FAIL,
/umzug-neustadt-an-der-donau,/leistungen,SPECIALIST_WITHOUT_HUB_LINK,link from /leistungen,missing,REVIEW,FAIL,
/umzug-neustadt-an-der-waldnaab,/leistungen,SPECIALIST_WITHOUT_HUB_LINK,link from /leistungen,missing,REVIEW,FAIL,
/umzug-neutraubling,/leistungen,SPECIALIST_WITHOUT_HUB_LINK,link from /leistungen,missing,REVIEW,FAIL,
/umzug-nittenau,/leistungen,SPECIALIST_WITHOUT_HUB_LINK,link from /leistungen,missing,REVIEW,FAIL,
/umzug-nittendorf,/leistungen,SPECIALIST_WITHOUT_HUB_LINK,link from /leistungen,missing,REVIEW,FAIL,
/umzug-nuernberg,/leistungen,SPECIALIST_WITHOUT_HUB_LINK,link from /leistungen,missing,REVIEW,FAIL,
/umzug-nuernberg-gostenhof,/leistungen,SPECIALIST_WITHOUT_HUB_LINK,link from /leistungen,missing,REVIEW,FAIL,
/umzug-nuernberg-moegeldorf,/leistungen,SPECIALIST_WITHOUT_HUB_LINK,link from /leistungen,missing,REVIEW,FAIL,
/umzug-nuernberg-suedstadt,/leistungen,SPECIALIST_WITHOUT_HUB_LINK,link from /leistungen,missing,REVIEW,FAIL,
/umzug-nuernberg-ziegelstein,/leistungen,SPECIALIST_WITHOUT_HUB_LINK,link from /leistungen,missing,REVIEW,FAIL,
/umzug-oberasbach,/leistungen,SPECIALIST_WITHOUT_HUB_LINK,link from /leistungen,missing,REVIEW,FAIL,
/umzug-oberpfalz,/leistungen,SPECIALIST_WITHOUT_HUB_LINK,link from /leistungen,missing,REVIEW,FAIL,
/umzug-obertraubling,/leistungen,SPECIALIST_WITHOUT_HUB_LINK,link from /leistungen,missing,REVIEW,FAIL,
/umzug-oberviechtach,/leistungen,SPECIALIST_WITHOUT_HUB_LINK,link from /leistungen,missing,REVIEW,FAIL,
/umzug-olching,/leistungen,SPECIALIST_WITHOUT_HUB_LINK,link from /leistungen,missing,REVIEW,FAIL,
/umzug-osterhofen,/leistungen,SPECIALIST_WITHOUT_HUB_LINK,link from /leistungen,missing,REVIEW,FAIL,
/umzug-painten,/leistungen,SPECIALIST_WITHOUT_HUB_LINK,link from /leistungen,missing,REVIEW,FAIL,
/umzug-parsberg,/leistungen,SPECIALIST_WITHOUT_HUB_LINK,link from /leistungen,missing,REVIEW,FAIL,
/umzug-passau,/leistungen,SPECIALIST_WITHOUT_HUB_LINK,link from /leistungen,missing,REVIEW,FAIL,
/umzug-pentling,/leistungen,SPECIALIST_WITHOUT_HUB_LINK,link from /leistungen,missing,REVIEW,FAIL,
/umzug-pettendorf,/leistungen,SPECIALIST_WITHOUT_HUB_LINK,link from /leistungen,missing,REVIEW,FAIL,
/umzug-pfaffenhofen,/leistungen,SPECIALIST_WITHOUT_HUB_LINK,link from /leistungen,missing,REVIEW,FAIL,
/umzug-pfarrkirchen,/leistungen,SPECIALIST_WITHOUT_HUB_LINK,link from /leistungen,missing,REVIEW,FAIL,
/umzug-pfatter,/leistungen,SPECIALIST_WITHOUT_HUB_LINK,link from /leistungen,missing,REVIEW,FAIL,
/umzug-pfeffenhausen,/leistungen,SPECIALIST_WITHOUT_HUB_LINK,link from /leistungen,missing,REVIEW,FAIL,
/umzug-pfreimd,/leistungen,SPECIALIST_WITHOUT_HUB_LINK,link from /leistungen,missing,REVIEW,FAIL,
/umzug-pielenhofen,/leistungen,SPECIALIST_WITHOUT_HUB_LINK,link from /leistungen,missing,REVIEW,FAIL,
/umzug-plattling,/leistungen,SPECIALIST_WITHOUT_HUB_LINK,link from /leistungen,missing,REVIEW,FAIL,
/umzug-pocking,/leistungen,SPECIALIST_WITHOUT_HUB_LINK,link from /leistungen,missing,REVIEW,FAIL,
/umzug-postbauer-heng,/leistungen,SPECIALIST_WITHOUT_HUB_LINK,link from /leistungen,missing,REVIEW,FAIL,
/umzug-regen,/leistungen,SPECIALIST_WITHOUT_HUB_LINK,link from /leistungen,missing,REVIEW,FAIL,
/umzug-regenstauf,/leistungen,SPECIALIST_WITHOUT_HUB_LINK,link from /leistungen,missing,REVIEW,FAIL,
/umzug-riedenburg,/leistungen,SPECIALIST_WITHOUT_HUB_LINK,link from /leistungen,missing,REVIEW,FAIL,
/umzug-riekofen,/leistungen,SPECIALIST_WITHOUT_HUB_LINK,link from /leistungen,missing,REVIEW,FAIL,
/umzug-roding,/leistungen,SPECIALIST_WITHOUT_HUB_LINK,link from /leistungen,missing,REVIEW,FAIL,
/umzug-rosenheim,/leistungen,SPECIALIST_WITHOUT_HUB_LINK,link from /leistungen,missing,REVIEW,FAIL,
/umzug-roth,/leistungen,SPECIALIST_WITHOUT_HUB_LINK,link from /leistungen,missing,REVIEW,FAIL,
/umzug-rottenburg-an-der-laaber,/leistungen,SPECIALIST_WITHOUT_HUB_LINK,link from /leistungen,missing,REVIEW,FAIL,
/umzug-saal-an-der-donau,/leistungen,SPECIALIST_WITHOUT_HUB_LINK,link from /leistungen,missing,REVIEW,FAIL,
/umzug-schierling,/leistungen,SPECIALIST_WITHOUT_HUB_LINK,link from /leistungen,missing,REVIEW,FAIL,
/umzug-schnaittenbach,/leistungen,SPECIALIST_WITHOUT_HUB_LINK,link from /leistungen,missing,REVIEW,FAIL,
/umzug-schwabach,/leistungen,SPECIALIST_WITHOUT_HUB_LINK,link from /leistungen,missing,REVIEW,FAIL,
/umzug-schwandorf,/leistungen,SPECIALIST_WITHOUT_HUB_LINK,link from /leistungen,missing,REVIEW,FAIL,
/umzug-schwarzenfeld,/leistungen,SPECIALIST_WITHOUT_HUB_LINK,link from /leistungen,missing,REVIEW,FAIL,
/umzug-schweinfurt,/leistungen,SPECIALIST_WITHOUT_HUB_LINK,link from /leistungen,missing,REVIEW,FAIL,
/umzug-seubersdorf,/leistungen,SPECIALIST_WITHOUT_HUB_LINK,link from /leistungen,missing,REVIEW,FAIL,
/umzug-simbach-am-inn,/leistungen,SPECIALIST_WITHOUT_HUB_LINK,link from /leistungen,missing,REVIEW,FAIL,
/umzug-sinzing,/leistungen,SPECIALIST_WITHOUT_HUB_LINK,link from /leistungen,missing,REVIEW,FAIL,
/umzug-starnberg,/leistungen,SPECIALIST_WITHOUT_HUB_LINK,link from /leistungen,missing,REVIEW,FAIL,
/umzug-steinberg-am-see,/leistungen,SPECIALIST_WITHOUT_HUB_LINK,link from /leistungen,missing,REVIEW,FAIL,
/umzug-straubing,/leistungen,SPECIALIST_WITHOUT_HUB_LINK,link from /leistungen,missing,REVIEW,FAIL,
/umzug-suenching,/leistungen,SPECIALIST_WITHOUT_HUB_LINK,link from /leistungen,missing,REVIEW,FAIL,
/umzug-sulzbach-rosenberg,/leistungen,SPECIALIST_WITHOUT_HUB_LINK,link from /leistungen,missing,REVIEW,FAIL,
/umzug-tegernheim,/leistungen,SPECIALIST_WITHOUT_HUB_LINK,link from /leistungen,missing,REVIEW,FAIL,
/umzug-teublitz,/leistungen,SPECIALIST_WITHOUT_HUB_LINK,link from /leistungen,missing,REVIEW,FAIL,
/umzug-thalmassing,/leistungen,SPECIALIST_WITHOUT_HUB_LINK,link from /leistungen,missing,REVIEW,FAIL,
/umzug-tirschenreuth,/leistungen,SPECIALIST_WITHOUT_HUB_LINK,link from /leistungen,missing,REVIEW,FAIL,
/umzug-unterhaching,/leistungen,SPECIALIST_WITHOUT_HUB_LINK,link from /leistungen,missing,REVIEW,FAIL,
/umzug-velburg,/leistungen,SPECIALIST_WITHOUT_HUB_LINK,link from /leistungen,missing,REVIEW,FAIL,
/umzug-viechtach,/leistungen,SPECIALIST_WITHOUT_HUB_LINK,link from /leistungen,missing,REVIEW,FAIL,
/umzug-vilsbiburg,/leistungen,SPECIALIST_WITHOUT_HUB_LINK,link from /leistungen,missing,REVIEW,FAIL,
/umzug-vilseck,/leistungen,SPECIALIST_WITHOUT_HUB_LINK,link from /leistungen,missing,REVIEW,FAIL,
/umzug-vilshofen,/leistungen,SPECIALIST_WITHOUT_HUB_LINK,link from /leistungen,missing,REVIEW,FAIL,
/umzug-vohburg,/leistungen,SPECIALIST_WITHOUT_HUB_LINK,link from /leistungen,missing,REVIEW,FAIL,
/umzug-vohenstrauss,/leistungen,SPECIALIST_WITHOUT_HUB_LINK,link from /leistungen,missing,REVIEW,FAIL,
/umzug-wackersdorf,/leistungen,SPECIALIST_WITHOUT_HUB_LINK,link from /leistungen,missing,REVIEW,FAIL,
/umzug-waldkirchen,/leistungen,SPECIALIST_WITHOUT_HUB_LINK,link from /leistungen,missing,REVIEW,FAIL,
/umzug-waldmuenchen,/leistungen,SPECIALIST_WITHOUT_HUB_LINK,link from /leistungen,missing,REVIEW,FAIL,
/umzug-weiden,/leistungen,SPECIALIST_WITHOUT_HUB_LINK,link from /leistungen,missing,REVIEW,FAIL,
/umzug-weilheim-in-oberbayern,/leistungen,SPECIALIST_WITHOUT_HUB_LINK,link from /leistungen,missing,REVIEW,FAIL,
/umzug-wendelstein,/leistungen,SPECIALIST_WITHOUT_HUB_LINK,link from /leistungen,missing,REVIEW,FAIL,
/umzug-wenzenbach,/leistungen,SPECIALIST_WITHOUT_HUB_LINK,link from /leistungen,missing,REVIEW,FAIL,
/umzug-wernberg-koeblitz,/leistungen,SPECIALIST_WITHOUT_HUB_LINK,link from /leistungen,missing,REVIEW,FAIL,
/umzug-wiesent,/leistungen,SPECIALIST_WITHOUT_HUB_LINK,link from /leistungen,missing,REVIEW,FAIL,
/umzug-windischeschenbach,/leistungen,SPECIALIST_WITHOUT_HUB_LINK,link from /leistungen,missing,REVIEW,FAIL,
/umzug-woerth-an-der-donau,/leistungen,SPECIALIST_WITHOUT_HUB_LINK,link from /leistungen,missing,REVIEW,FAIL,
/umzug-wolfsegg,/leistungen,SPECIALIST_WITHOUT_HUB_LINK,link from /leistungen,missing,REVIEW,FAIL,
/umzug-wolnzach,/leistungen,SPECIALIST_WITHOUT_HUB_LINK,link from /leistungen,missing,REVIEW,FAIL,
/umzug-zeitlarn,/leistungen,SPECIALIST_WITHOUT_HUB_LINK,link from /leistungen,missing,REVIEW,FAIL,
/umzug-zirndorf,/leistungen,SPECIALIST_WITHOUT_HUB_LINK,link from /leistungen,missing,REVIEW,FAIL,
/umzug-zwiesel,/leistungen,SPECIALIST_WITHOUT_HUB_LINK,link from /leistungen,missing,REVIEW,FAIL,
/umzugskosten-bayern,/leistungen,SPECIALIST_WITHOUT_HUB_LINK,link from /leistungen,missing,REVIEW,FAIL,
/vermieter-schockschutz-reinigung,/leistungen,SPECIALIST_WITHOUT_HUB_LINK,link from /leistungen,missing,REVIEW,FAIL,
/vielleicht-box,/leistungen,SPECIALIST_WITHOUT_HUB_LINK,link from /leistungen,missing,REVIEW,FAIL,
/wohnungsaufloesung-abensberg,/leistungen,SPECIALIST_WITHOUT_HUB_LINK,link from /leistungen,missing,REVIEW,FAIL,
/wohnungsaufloesung-altdorf-bei-nuernberg,/leistungen,SPECIALIST_WITHOUT_HUB_LINK,link from /leistungen,missing,REVIEW,FAIL,
/wohnungsaufloesung-alteglofsheim,/leistungen,SPECIALIST_WITHOUT_HUB_LINK,link from /leistungen,missing,REVIEW,FAIL,
/wohnungsaufloesung-altenthann,/leistungen,SPECIALIST_WITHOUT_HUB_LINK,link from /leistungen,missing,REVIEW,FAIL,
/wohnungsaufloesung-amberg,/leistungen,SPECIALIST_WITHOUT_HUB_LINK,link from /leistungen,missing,REVIEW,FAIL,
/wohnungsaufloesung-ansbach,/leistungen,SPECIALIST_WITHOUT_HUB_LINK,link from /leistungen,missing,REVIEW,FAIL,
/wohnungsaufloesung-auerbach-in-der-oberpfalz,/leistungen,SPECIALIST_WITHOUT_HUB_LINK,link from /leistungen,missing,REVIEW,FAIL,
/wohnungsaufloesung-aufhausen,/leistungen,SPECIALIST_WITHOUT_HUB_LINK,link from /leistungen,missing,REVIEW,FAIL,
/wohnungsaufloesung-augsburg,/leistungen,SPECIALIST_WITHOUT_HUB_LINK,link from /leistungen,missing,REVIEW,FAIL,
/wohnungsaufloesung-bad-abbach,/leistungen,SPECIALIST_WITHOUT_HUB_LINK,link from /leistungen,missing,REVIEW,FAIL,
/wohnungsaufloesung-bad-koetzting,/leistungen,SPECIALIST_WITHOUT_HUB_LINK,link from /leistungen,missing,REVIEW,FAIL,
/wohnungsaufloesung-bad-toelz,/leistungen,SPECIALIST_WITHOUT_HUB_LINK,link from /leistungen,missing,REVIEW,FAIL,
/wohnungsaufloesung-bamberg,/leistungen,SPECIALIST_WITHOUT_HUB_LINK,link from /leistungen,missing,REVIEW,FAIL,
/wohnungsaufloesung-barbing,/leistungen,SPECIALIST_WITHOUT_HUB_LINK,link from /leistungen,missing,REVIEW,FAIL,
/wohnungsaufloesung-bayern,/leistungen,SPECIALIST_WITHOUT_HUB_LINK,link from /leistungen,missing,REVIEW,FAIL,
/wohnungsaufloesung-bayreuth,/leistungen,SPECIALIST_WITHOUT_HUB_LINK,link from /leistungen,missing,REVIEW,FAIL,
/wohnungsaufloesung-beilngries,/leistungen,SPECIALIST_WITHOUT_HUB_LINK,link from /leistungen,missing,REVIEW,FAIL,
/wohnungsaufloesung-beratzhausen,/leistungen,SPECIALIST_WITHOUT_HUB_LINK,link from /leistungen,missing,REVIEW,FAIL,
/wohnungsaufloesung-berching,/leistungen,SPECIALIST_WITHOUT_HUB_LINK,link from /leistungen,missing,REVIEW,FAIL,
/wohnungsaufloesung-bernhardswald,/leistungen,SPECIALIST_WITHOUT_HUB_LINK,link from /leistungen,missing,REVIEW,FAIL,
/wohnungsaufloesung-bogen,/leistungen,SPECIALIST_WITHOUT_HUB_LINK,link from /leistungen,missing,REVIEW,FAIL,
/wohnungsaufloesung-brennberg,/leistungen,SPECIALIST_WITHOUT_HUB_LINK,link from /leistungen,missing,REVIEW,FAIL,
/wohnungsaufloesung-brunn,/leistungen,SPECIALIST_WITHOUT_HUB_LINK,link from /leistungen,missing,REVIEW,FAIL,
/wohnungsaufloesung-burglengenfeld,/leistungen,SPECIALIST_WITHOUT_HUB_LINK,link from /leistungen,missing,REVIEW,FAIL,
/wohnungsaufloesung-cham,/leistungen,SPECIALIST_WITHOUT_HUB_LINK,link from /leistungen,missing,REVIEW,FAIL,
/wohnungsaufloesung-coburg,/leistungen,SPECIALIST_WITHOUT_HUB_LINK,link from /leistungen,missing,REVIEW,FAIL,
/wohnungsaufloesung-dachau,/leistungen,SPECIALIST_WITHOUT_HUB_LINK,link from /leistungen,missing,REVIEW,FAIL,
/wohnungsaufloesung-deggendorf,/leistungen,SPECIALIST_WITHOUT_HUB_LINK,link from /leistungen,missing,REVIEW,FAIL,
/wohnungsaufloesung-deuerling,/leistungen,SPECIALIST_WITHOUT_HUB_LINK,link from /leistungen,missing,REVIEW,FAIL,
/wohnungsaufloesung-dietfurt,/leistungen,SPECIALIST_WITHOUT_HUB_LINK,link from /leistungen,missing,REVIEW,FAIL,
/wohnungsaufloesung-dingolfing,/leistungen,SPECIALIST_WITHOUT_HUB_LINK,link from /leistungen,missing,REVIEW,FAIL,
/wohnungsaufloesung-donaustauf,/leistungen,SPECIALIST_WITHOUT_HUB_LINK,link from /leistungen,missing,REVIEW,FAIL,
/wohnungsaufloesung-duggendorf,/leistungen,SPECIALIST_WITHOUT_HUB_LINK,link from /leistungen,missing,REVIEW,FAIL,
/wohnungsaufloesung-eggenfelden,/leistungen,SPECIALIST_WITHOUT_HUB_LINK,link from /leistungen,missing,REVIEW,FAIL,
/wohnungsaufloesung-eichstaett,/leistungen,SPECIALIST_WITHOUT_HUB_LINK,link from /leistungen,missing,REVIEW,FAIL,
/wohnungsaufloesung-erding,/leistungen,SPECIALIST_WITHOUT_HUB_LINK,link from /leistungen,missing,REVIEW,FAIL,
/wohnungsaufloesung-ergoldsbach,/leistungen,SPECIALIST_WITHOUT_HUB_LINK,link from /leistungen,missing,REVIEW,FAIL,
/wohnungsaufloesung-erlangen,/leistungen,SPECIALIST_WITHOUT_HUB_LINK,link from /leistungen,missing,REVIEW,FAIL,
/wohnungsaufloesung-eschenbach-in-der-oberpfalz,/leistungen,SPECIALIST_WITHOUT_HUB_LINK,link from /leistungen,missing,REVIEW,FAIL,
/wohnungsaufloesung-feucht,/leistungen,SPECIALIST_WITHOUT_HUB_LINK,link from /leistungen,missing,REVIEW,FAIL,
/wohnungsaufloesung-freising,/leistungen,SPECIALIST_WITHOUT_HUB_LINK,link from /leistungen,missing,REVIEW,FAIL,
/wohnungsaufloesung-freystadt,/leistungen,SPECIALIST_WITHOUT_HUB_LINK,link from /leistungen,missing,REVIEW,FAIL,
/wohnungsaufloesung-freyung,/leistungen,SPECIALIST_WITHOUT_HUB_LINK,link from /leistungen,missing,REVIEW,FAIL,
/wohnungsaufloesung-fuerstenfeldbruck,/leistungen,SPECIALIST_WITHOUT_HUB_LINK,link from /leistungen,missing,REVIEW,FAIL,
/wohnungsaufloesung-fuerth,/leistungen,SPECIALIST_WITHOUT_HUB_LINK,link from /leistungen,missing,REVIEW,FAIL,
/wohnungsaufloesung-furth-im-wald,/leistungen,SPECIALIST_WITHOUT_HUB_LINK,link from /leistungen,missing,REVIEW,FAIL,
/wohnungsaufloesung-garching,/leistungen,SPECIALIST_WITHOUT_HUB_LINK,link from /leistungen,missing,REVIEW,FAIL,
/wohnungsaufloesung-geiselhoering,/leistungen,SPECIALIST_WITHOUT_HUB_LINK,link from /leistungen,missing,REVIEW,FAIL,
/wohnungsaufloesung-geisenfeld,/leistungen,SPECIALIST_WITHOUT_HUB_LINK,link from /leistungen,missing,REVIEW,FAIL,
/wohnungsaufloesung-germering,/leistungen,SPECIALIST_WITHOUT_HUB_LINK,link from /leistungen,missing,REVIEW,FAIL,
/wohnungsaufloesung-gersthofen,/leistungen,SPECIALIST_WITHOUT_HUB_LINK,link from /leistungen,missing,REVIEW,FAIL,
/wohnungsaufloesung-grafenau,/leistungen,SPECIALIST_WITHOUT_HUB_LINK,link from /leistungen,missing,REVIEW,FAIL,
/wohnungsaufloesung-grafenwoehr,/leistungen,SPECIALIST_WITHOUT_HUB_LINK,link from /leistungen,missing,REVIEW,FAIL,
/wohnungsaufloesung-guenzburg,/leistungen,SPECIALIST_WITHOUT_HUB_LINK,link from /leistungen,missing,REVIEW,FAIL,
/wohnungsaufloesung-hagelstadt,/leistungen,SPECIALIST_WITHOUT_HUB_LINK,link from /leistungen,missing,REVIEW,FAIL,
/wohnungsaufloesung-hausen,/leistungen,SPECIALIST_WITHOUT_HUB_LINK,link from /leistungen,missing,REVIEW,FAIL,
/wohnungsaufloesung-hemau,/leistungen,SPECIALIST_WITHOUT_HUB_LINK,link from /leistungen,missing,REVIEW,FAIL,
/wohnungsaufloesung-herzogenaurach,/leistungen,SPECIALIST_WITHOUT_HUB_LINK,link from /leistungen,missing,REVIEW,FAIL,
/wohnungsaufloesung-hirschau,/leistungen,SPECIALIST_WITHOUT_HUB_LINK,link from /leistungen,missing,REVIEW,FAIL,
/wohnungsaufloesung-hohenfels,/leistungen,SPECIALIST_WITHOUT_HUB_LINK,link from /leistungen,missing,REVIEW,FAIL,
/wohnungsaufloesung-holzheim-am-forst,/leistungen,SPECIALIST_WITHOUT_HUB_LINK,link from /leistungen,missing,REVIEW,FAIL,
/wohnungsaufloesung-ingolstadt,/leistungen,SPECIALIST_WITHOUT_HUB_LINK,link from /leistungen,missing,REVIEW,FAIL,
/wohnungsaufloesung-kallmuenz,/leistungen,SPECIALIST_WITHOUT_HUB_LINK,link from /leistungen,missing,REVIEW,FAIL,
/wohnungsaufloesung-kelheim,/leistungen,SPECIALIST_WITHOUT_HUB_LINK,link from /leistungen,missing,REVIEW,FAIL,
/wohnungsaufloesung-kissing,/leistungen,SPECIALIST_WITHOUT_HUB_LINK,link from /leistungen,missing,REVIEW,FAIL,
/wohnungsaufloesung-koefering,/leistungen,SPECIALIST_WITHOUT_HUB_LINK,link from /leistungen,missing,REVIEW,FAIL,
/wohnungsaufloesung-koenigsbrunn,/leistungen,SPECIALIST_WITHOUT_HUB_LINK,link from /leistungen,missing,REVIEW,FAIL,
/wohnungsaufloesung-koetzting,/leistungen,SPECIALIST_WITHOUT_HUB_LINK,link from /leistungen,missing,REVIEW,FAIL,
/wohnungsaufloesung-laaber,/leistungen,SPECIALIST_WITHOUT_HUB_LINK,link from /leistungen,missing,REVIEW,FAIL,
/wohnungsaufloesung-landau-an-der-isar,/leistungen,SPECIALIST_WITHOUT_HUB_LINK,link from /leistungen,missing,REVIEW,FAIL,
/wohnungsaufloesung-landsberg-am-lech,/leistungen,SPECIALIST_WITHOUT_HUB_LINK,link from /leistungen,missing,REVIEW,FAIL,
/wohnungsaufloesung-landshut,/leistungen,SPECIALIST_WITHOUT_HUB_LINK,link from /leistungen,missing,REVIEW,FAIL,
/wohnungsaufloesung-langquaid,/leistungen,SPECIALIST_WITHOUT_HUB_LINK,link from /leistungen,missing,REVIEW,FAIL,
/wohnungsaufloesung-lappersdorf,/leistungen,SPECIALIST_WITHOUT_HUB_LINK,link from /leistungen,missing,REVIEW,FAIL,
/wohnungsaufloesung-lauf-an-der-pegnitz,/leistungen,SPECIALIST_WITHOUT_HUB_LINK,link from /leistungen,missing,REVIEW,FAIL,
/wohnungsaufloesung-lupburg,/leistungen,SPECIALIST_WITHOUT_HUB_LINK,link from /leistungen,missing,REVIEW,FAIL,
/wohnungsaufloesung-mainburg,/leistungen,SPECIALIST_WITHOUT_HUB_LINK,link from /leistungen,missing,REVIEW,FAIL,
/wohnungsaufloesung-mallersdorf-pfaffenberg,/leistungen,SPECIALIST_WITHOUT_HUB_LINK,link from /leistungen,missing,REVIEW,FAIL,
/wohnungsaufloesung-mammendorf,/leistungen,SPECIALIST_WITHOUT_HUB_LINK,link from /leistungen,missing,REVIEW,FAIL,
/wohnungsaufloesung-maxhuette-haidhof,/leistungen,SPECIALIST_WITHOUT_HUB_LINK,link from /leistungen,missing,REVIEW,FAIL,
/wohnungsaufloesung-mering,/leistungen,SPECIALIST_WITHOUT_HUB_LINK,link from /leistungen,missing,REVIEW,FAIL,
/wohnungsaufloesung-mintraching,/leistungen,SPECIALIST_WITHOUT_HUB_LINK,link from /leistungen,missing,REVIEW,FAIL,
/wohnungsaufloesung-moetzing,/leistungen,SPECIALIST_WITHOUT_HUB_LINK,link from /leistungen,missing,REVIEW,FAIL,
/wohnungsaufloesung-moosburg,/leistungen,SPECIALIST_WITHOUT_HUB_LINK,link from /leistungen,missing,REVIEW,FAIL,
/wohnungsaufloesung-muenchen,/leistungen,SPECIALIST_WITHOUT_HUB_LINK,link from /leistungen,missing,REVIEW,FAIL,
/wohnungsaufloesung-nabburg,/leistungen,SPECIALIST_WITHOUT_HUB_LINK,link from /leistungen,missing,REVIEW,FAIL,
/wohnungsaufloesung-neu-ulm,/leistungen,SPECIALIST_WITHOUT_HUB_LINK,link from /leistungen,missing,REVIEW,FAIL,
/wohnungsaufloesung-neufahrn-in-niederbayern,/leistungen,SPECIALIST_WITHOUT_HUB_LINK,link from /leistungen,missing,REVIEW,FAIL,
/wohnungsaufloesung-neumarkt,/leistungen,SPECIALIST_WITHOUT_HUB_LINK,link from /leistungen,missing,REVIEW,FAIL,
/wohnungsaufloesung-neunburg-vorm-wald,/leistungen,SPECIALIST_WITHOUT_HUB_LINK,link from /leistungen,missing,REVIEW,FAIL,
/wohnungsaufloesung-neusaess,/leistungen,SPECIALIST_WITHOUT_HUB_LINK,link from /leistungen,missing,REVIEW,FAIL,
/wohnungsaufloesung-neustadt-an-der-donau,/leistungen,SPECIALIST_WITHOUT_HUB_LINK,link from /leistungen,missing,REVIEW,FAIL,
/wohnungsaufloesung-neustadt-an-der-waldnaab,/leistungen,SPECIALIST_WITHOUT_HUB_LINK,link from /leistungen,missing,REVIEW,FAIL,
/wohnungsaufloesung-neutraubling,/leistungen,SPECIALIST_WITHOUT_HUB_LINK,link from /leistungen,missing,REVIEW,FAIL,
/wohnungsaufloesung-nittenau,/leistungen,SPECIALIST_WITHOUT_HUB_LINK,link from /leistungen,missing,REVIEW,FAIL,
/wohnungsaufloesung-nittendorf,/leistungen,SPECIALIST_WITHOUT_HUB_LINK,link from /leistungen,missing,REVIEW,FAIL,
/wohnungsaufloesung-nuernberg,/leistungen,SPECIALIST_WITHOUT_HUB_LINK,link from /leistungen,missing,REVIEW,FAIL,
/wohnungsaufloesung-oberasbach,/leistungen,SPECIALIST_WITHOUT_HUB_LINK,link from /leistungen,missing,REVIEW,FAIL,
/wohnungsaufloesung-obertraubling,/leistungen,SPECIALIST_WITHOUT_HUB_LINK,link from /leistungen,missing,REVIEW,FAIL,
/wohnungsaufloesung-oberviechtach,/leistungen,SPECIALIST_WITHOUT_HUB_LINK,link from /leistungen,missing,REVIEW,FAIL,
/wohnungsaufloesung-olching,/leistungen,SPECIALIST_WITHOUT_HUB_LINK,link from /leistungen,missing,REVIEW,FAIL,
/wohnungsaufloesung-osterhofen,/leistungen,SPECIALIST_WITHOUT_HUB_LINK,link from /leistungen,missing,REVIEW,FAIL,
/wohnungsaufloesung-painten,/leistungen,SPECIALIST_WITHOUT_HUB_LINK,link from /leistungen,missing,REVIEW,FAIL,
/wohnungsaufloesung-parsberg,/leistungen,SPECIALIST_WITHOUT_HUB_LINK,link from /leistungen,missing,REVIEW,FAIL,
/wohnungsaufloesung-passau,/leistungen,SPECIALIST_WITHOUT_HUB_LINK,link from /leistungen,missing,REVIEW,FAIL,
/wohnungsaufloesung-pentling,/leistungen,SPECIALIST_WITHOUT_HUB_LINK,link from /leistungen,missing,REVIEW,FAIL,
/wohnungsaufloesung-pettendorf,/leistungen,SPECIALIST_WITHOUT_HUB_LINK,link from /leistungen,missing,REVIEW,FAIL,
/wohnungsaufloesung-pfaffenhofen,/leistungen,SPECIALIST_WITHOUT_HUB_LINK,link from /leistungen,missing,REVIEW,FAIL,
/wohnungsaufloesung-pfarrkirchen,/leistungen,SPECIALIST_WITHOUT_HUB_LINK,link from /leistungen,missing,REVIEW,FAIL,
/wohnungsaufloesung-pfatter,/leistungen,SPECIALIST_WITHOUT_HUB_LINK,link from /leistungen,missing,REVIEW,FAIL,
/wohnungsaufloesung-pfeffenhausen,/leistungen,SPECIALIST_WITHOUT_HUB_LINK,link from /leistungen,missing,REVIEW,FAIL,
/wohnungsaufloesung-pfreimd,/leistungen,SPECIALIST_WITHOUT_HUB_LINK,link from /leistungen,missing,REVIEW,FAIL,
/wohnungsaufloesung-pielenhofen,/leistungen,SPECIALIST_WITHOUT_HUB_LINK,link from /leistungen,missing,REVIEW,FAIL,
/wohnungsaufloesung-plattling,/leistungen,SPECIALIST_WITHOUT_HUB_LINK,link from /leistungen,missing,REVIEW,FAIL,
/wohnungsaufloesung-pocking,/leistungen,SPECIALIST_WITHOUT_HUB_LINK,link from /leistungen,missing,REVIEW,FAIL,
/wohnungsaufloesung-postbauer-heng,/leistungen,SPECIALIST_WITHOUT_HUB_LINK,link from /leistungen,missing,REVIEW,FAIL,
/wohnungsaufloesung-regen,/leistungen,SPECIALIST_WITHOUT_HUB_LINK,link from /leistungen,missing,REVIEW,FAIL,
/wohnungsaufloesung-regenstauf,/leistungen,SPECIALIST_WITHOUT_HUB_LINK,link from /leistungen,missing,REVIEW,FAIL,
/wohnungsaufloesung-riedenburg,/leistungen,SPECIALIST_WITHOUT_HUB_LINK,link from /leistungen,missing,REVIEW,FAIL,
/wohnungsaufloesung-riekofen,/leistungen,SPECIALIST_WITHOUT_HUB_LINK,link from /leistungen,missing,REVIEW,FAIL,
/wohnungsaufloesung-roding,/leistungen,SPECIALIST_WITHOUT_HUB_LINK,link from /leistungen,missing,REVIEW,FAIL,
/wohnungsaufloesung-rosenheim,/leistungen,SPECIALIST_WITHOUT_HUB_LINK,link from /leistungen,missing,REVIEW,FAIL,
/wohnungsaufloesung-roth,/leistungen,SPECIALIST_WITHOUT_HUB_LINK,link from /leistungen,missing,REVIEW,FAIL,
/wohnungsaufloesung-rottenburg-an-der-laaber,/leistungen,SPECIALIST_WITHOUT_HUB_LINK,link from /leistungen,missing,REVIEW,FAIL,
/wohnungsaufloesung-saal-an-der-donau,/leistungen,SPECIALIST_WITHOUT_HUB_LINK,link from /leistungen,missing,REVIEW,FAIL,
/wohnungsaufloesung-schierling,/leistungen,SPECIALIST_WITHOUT_HUB_LINK,link from /leistungen,missing,REVIEW,FAIL,
/wohnungsaufloesung-schnaittenbach,/leistungen,SPECIALIST_WITHOUT_HUB_LINK,link from /leistungen,missing,REVIEW,FAIL,
/wohnungsaufloesung-schwabach,/leistungen,SPECIALIST_WITHOUT_HUB_LINK,link from /leistungen,missing,REVIEW,FAIL,
/wohnungsaufloesung-schwandorf,/leistungen,SPECIALIST_WITHOUT_HUB_LINK,link from /leistungen,missing,REVIEW,FAIL,
/wohnungsaufloesung-schwarzenfeld,/leistungen,SPECIALIST_WITHOUT_HUB_LINK,link from /leistungen,missing,REVIEW,FAIL,
/wohnungsaufloesung-schweinfurt,/leistungen,SPECIALIST_WITHOUT_HUB_LINK,link from /leistungen,missing,REVIEW,FAIL,
/wohnungsaufloesung-seubersdorf,/leistungen,SPECIALIST_WITHOUT_HUB_LINK,link from /leistungen,missing,REVIEW,FAIL,
/wohnungsaufloesung-simbach-am-inn,/leistungen,SPECIALIST_WITHOUT_HUB_LINK,link from /leistungen,missing,REVIEW,FAIL,
/wohnungsaufloesung-sinzing,/leistungen,SPECIALIST_WITHOUT_HUB_LINK,link from /leistungen,missing,REVIEW,FAIL,
/wohnungsaufloesung-starnberg,/leistungen,SPECIALIST_WITHOUT_HUB_LINK,link from /leistungen,missing,REVIEW,FAIL,
/wohnungsaufloesung-steinberg-am-see,/leistungen,SPECIALIST_WITHOUT_HUB_LINK,link from /leistungen,missing,REVIEW,FAIL,
/wohnungsaufloesung-straubing,/leistungen,SPECIALIST_WITHOUT_HUB_LINK,link from /leistungen,missing,REVIEW,FAIL,
/wohnungsaufloesung-suenching,/leistungen,SPECIALIST_WITHOUT_HUB_LINK,link from /leistungen,missing,REVIEW,FAIL,
/wohnungsaufloesung-sulzbach-rosenberg,/leistungen,SPECIALIST_WITHOUT_HUB_LINK,link from /leistungen,missing,REVIEW,FAIL,
/wohnungsaufloesung-tegernheim,/leistungen,SPECIALIST_WITHOUT_HUB_LINK,link from /leistungen,missing,REVIEW,FAIL,
/wohnungsaufloesung-teublitz,/leistungen,SPECIALIST_WITHOUT_HUB_LINK,link from /leistungen,missing,REVIEW,FAIL,
/wohnungsaufloesung-thalmassing,/leistungen,SPECIALIST_WITHOUT_HUB_LINK,link from /leistungen,missing,REVIEW,FAIL,
/wohnungsaufloesung-tirschenreuth,/leistungen,SPECIALIST_WITHOUT_HUB_LINK,link from /leistungen,missing,REVIEW,FAIL,
/wohnungsaufloesung-unterhaching,/leistungen,SPECIALIST_WITHOUT_HUB_LINK,link from /leistungen,missing,REVIEW,FAIL,
/wohnungsaufloesung-velburg,/leistungen,SPECIALIST_WITHOUT_HUB_LINK,link from /leistungen,missing,REVIEW,FAIL,
/wohnungsaufloesung-viechtach,/leistungen,SPECIALIST_WITHOUT_HUB_LINK,link from /leistungen,missing,REVIEW,FAIL,
/wohnungsaufloesung-vilsbiburg,/leistungen,SPECIALIST_WITHOUT_HUB_LINK,link from /leistungen,missing,REVIEW,FAIL,
/wohnungsaufloesung-vilseck,/leistungen,SPECIALIST_WITHOUT_HUB_LINK,link from /leistungen,missing,REVIEW,FAIL,
/wohnungsaufloesung-vilshofen,/leistungen,SPECIALIST_WITHOUT_HUB_LINK,link from /leistungen,missing,REVIEW,FAIL,
/wohnungsaufloesung-vohburg,/leistungen,SPECIALIST_WITHOUT_HUB_LINK,link from /leistungen,missing,REVIEW,FAIL,
/wohnungsaufloesung-vohenstrauss,/leistungen,SPECIALIST_WITHOUT_HUB_LINK,link from /leistungen,missing,REVIEW,FAIL,
/wohnungsaufloesung-wackersdorf,/leistungen,SPECIALIST_WITHOUT_HUB_LINK,link from /leistungen,missing,REVIEW,FAIL,
/wohnungsaufloesung-waldkirchen,/leistungen,SPECIALIST_WITHOUT_HUB_LINK,link from /leistungen,missing,REVIEW,FAIL,
/wohnungsaufloesung-waldmuenchen,/leistungen,SPECIALIST_WITHOUT_HUB_LINK,link from /leistungen,missing,REVIEW,FAIL,
/wohnungsaufloesung-weiden,/leistungen,SPECIALIST_WITHOUT_HUB_LINK,link from /leistungen,missing,REVIEW,FAIL,
/wohnungsaufloesung-weilheim-in-oberbayern,/leistungen,SPECIALIST_WITHOUT_HUB_LINK,link from /leistungen,missing,REVIEW,FAIL,
/wohnungsaufloesung-wendelstein,/leistungen,SPECIALIST_WITHOUT_HUB_LINK,link from /leistungen,missing,REVIEW,FAIL,
/wohnungsaufloesung-wenzenbach,/leistungen,SPECIALIST_WITHOUT_HUB_LINK,link from /leistungen,missing,REVIEW,FAIL,
/wohnungsaufloesung-wernberg-koeblitz,/leistungen,SPECIALIST_WITHOUT_HUB_LINK,link from /leistungen,missing,REVIEW,FAIL,
/wohnungsaufloesung-wiesent,/leistungen,SPECIALIST_WITHOUT_HUB_LINK,link from /leistungen,missing,REVIEW,FAIL,
/wohnungsaufloesung-windischeschenbach,/leistungen,SPECIALIST_WITHOUT_HUB_LINK,link from /leistungen,missing,REVIEW,FAIL,
/wohnungsaufloesung-woerth-an-der-donau,/leistungen,SPECIALIST_WITHOUT_HUB_LINK,link from /leistungen,missing,REVIEW,FAIL,
/wohnungsaufloesung-wolfsegg,/leistungen,SPECIALIST_WITHOUT_HUB_LINK,link from /leistungen,missing,REVIEW,FAIL,
/wohnungsaufloesung-wolnzach,/leistungen,SPECIALIST_WITHOUT_HUB_LINK,link from /leistungen,missing,REVIEW,FAIL,
/wohnungsaufloesung-zeitlarn,/leistungen,SPECIALIST_WITHOUT_HUB_LINK,link from /leistungen,missing,REVIEW,FAIL,
/wohnungsaufloesung-zirndorf,/leistungen,SPECIALIST_WITHOUT_HUB_LINK,link from /leistungen,missing,REVIEW,FAIL,
/wohnungsaufloesung-zwiesel,/leistungen,SPECIALIST_WITHOUT_HUB_LINK,link from /leistungen,missing,REVIEW,FAIL,
