url,language,location,pageType,service,primaryIntent,secondaryIntent,currentH1,recommendedH1,currentSeoTitle,recommendedSeoTitle,shortTitle,metaDescription,primaryCta,allowedSections,unrelatedSections,relatedServices,relatedGuides,faq,canonical,indexingStatus,sitemapStatus,firstVisibleSection,sectionDecisions,issue,classification,internalTermInMain
/,de,Überregional,homepage,FLOXANT Leistungen,Passende Leistung und Standort finden,"Umfang, Zugang, Zeitraum und Kontaktwunsch klären","Umzug, Reinigung und Entrümpelung einfach anfragen","Umzug, Reinigung und Entrümpelung einfach anfragen","FLOXANT | Umzug, Reinigung, Entrümpelung und Angebot prüfen","FLOXANT | Umzug, Reinigung, Entrümpelung und Angebot prüfen",FLOXANT,"Umzug, Reinigung, Entrümpelung oder Angebotsprüfung in Regensburg, Düsseldorf und Umgebung anfragen. Auftrag kurz beschreiben und Rückmeldung erhalten.",Angebot prüfen,Direkte Antwort|Leistungsumfang|benötigte Angaben|Aufwandstreiber|Ablauf|FAQ|verwandte Leistungen|nächster Schritt,interne Begriffe|fremde Standorte|nicht angebotene Leistungen|unbelegte Versprechen,,,10 sichtbare FAQ-Indikatoren,https://www.floxant.de,index_follow,included,"FLOXANT unterstützt Privatkunden, Unternehmen und Hausverwaltungen. Beschreiben Sie kurz Ihren Auftrag oder senden Sie ein vorhandenes Angebot zur Prüfung.",Was möchten Sie lösen?:KEEP|Wobei können wir Sie unterstützen?:KEEP|Umzug & Transport:KEEP|Reinigung:KEEP|Entrümpelung & Auflösung:KEEP|Büro & Gewerbe:KEEP|Angebot prüfen:KEEP|Besondere Situationen:KEEP|FLOXANT in Düsseldorf und Regensburg:KEEP|Düsseldorf:KEEP|Regensburg:KEEP|Schon ein Angebot erhalten?:KEEP|Wenn ein Standardauftrag nicht ausreicht:KEEP|Diskret-Service:KEEP|Plan-B-Service:KEEP|Objektbrief:KEEP|Übergabehilfe:KEEP|So stellen Sie Ihre Anfrage:KEEP,,KEEP,
/umzug,de,Überregional,service,Umzug,Umzug verständlich erklären und zum passenden nächsten Schritt führen,"Umfang, Zugang, Zeitraum und Kontaktwunsch klären",Umzugsunternehmen für Regensburg und Bayern,Umzugsunternehmen für Regensburg und Bayern,Umzug Regensburg | Fotos senden & Preis prüfen,Umzug Regensburg | Fotos senden & Preis prüfen,Umzug Regensburg,"Umzug in Regensburg und Bayern prüfen lassen: Volumen, Etagen, Laufwege, Fotos, vorhandenes Angebot, Zusatzleistungen und Übergabe sauber planen.",Angebot prüfen,Direkte Antwort|Leistungsumfang|benötigte Angaben|Aufwandstreiber|Ablauf|FAQ|verwandte Leistungen|nächster Schritt,interne Begriffe|fremde Standorte|nicht angebotene Leistungen|unbelegte Versprechen,,,11 sichtbare FAQ-Indikatoren,https://www.floxant.de/umzug,index_follow,included,"FLOXANT organisiert Privat- und Firmenumzüge mit klaren Zuständigkeiten, planbaren Zeitfenstern und sauber abgestimmten Zusatzleistungen. Ein Umzug scheitert selten am Tragen allein, sondern an falschem Volumen, fehlenden Zeitfenstern, zu kleinen Fahrzeugen, langen Laufwegen oder ungeklärten Übergabeaufgaben.","So wird aus einer groben Idee ein sauber planbarer Auftrag.:KEEP|Kurz zeigen:KEEP|Praktisch prüfen:KEEP|Sauber entscheiden:KEEP|Jede Leistungsseite zeigt: Was wird gebraucht und was ist der nächste Schritt?:KEEP|Aus Anfrage wird ein klarer nächster Schritt.:KEEP|Kein Rätselraten: FLOXANT zeigt den nächsten Schritt.:KEEP|Kunden erkennen sofort, welcher Weg zu ihrem Anliegen passt.:KEEP|FLOXANT Service prüfen: Kosten, Fotos, Termin und Anfrage:KEEP|Warum FLOXANT gut passt.:KEEP|Nicht nur Text, sondern Orientierung:KEEP|Mehr Vertrauen vor der Anfrage:KEEP|Bessere nächste Schritte:KEEP|Umzugsunternehmen für Regensburg und Bayern in Regensburg: so bekommen Sie eine klare Rückmeldung:KEEP|Anliegen kurz schildern:KEEP|Aus welchem Anlass?:KEEP|Ort, Zugang und Fotos:KEEP|Budget oder Angebot:KEEP",,KEEP,
/bueroumzug,de,Überregional,service,Umzug,Umzug verständlich erklären und zum passenden nächsten Schritt führen,"Umfang, Zugang, Zeitraum und Kontaktwunsch klären",Büroumzug in Bayern,Büroumzug in Bayern,Büroumzug Regensburg | Firmenumzug klar planen,Büroumzug Regensburg | Firmenumzug klar planen,Büroumzug Regensburg,"Arbeitsplätze, IT, Archiv, Möbel, Zugang und Zeitfenster Punkt für Punkt prüfen lassen. FLOXANT plant Büroumzüge in Regensburg und Bayern.",Büroumzug anfragen,Direkte Antwort|Leistungsumfang|benötigte Angaben|Aufwandstreiber|Ablauf|FAQ|verwandte Leistungen|nächster Schritt,interne Begriffe|fremde Standorte|nicht angebotene Leistungen|unbelegte Versprechen,,,14 sichtbare FAQ-Indikatoren,https://www.floxant.de/bueroumzug,index_follow,included,"Geschäftskontinuität hat Priorität. Wir ziehen Ihr Unternehmen in Bayern so um, dass Sie am nächsten Tag produktiv weiterarbeiten können.","Büroumzug in Bayern: erst klären, dann passend anfragen.:KEEP|Kurz zeigen:KEEP|Praktisch prüfen:KEEP|Sauber entscheiden:KEEP|Büroumzug in Bayern: mit wenigen Angaben sinnvoll starten:KEEP|Anliegen kurz schildern:KEEP|Aus welchem Anlass?:KEEP|Ort, Zugang und Fotos:KEEP|Budget oder Angebot:KEEP|Leistung einordnen:KEEP|Nächste Wege:KEEP|Angebot prüfen:KEEP|FAQ:KEEP|Anfrage starten:KEEP|Projektumzug Bayern:KEEP|Premium Business:KEEP|Wie unterscheidet sich der Service vom Standardfall?:KEEP|Ihr Budget kann direkt mitgedacht werden:KEEP",,KEEP,
/firmenentsorgung,de,Überregional,service,Information und Anfrage,Information und Anfrage verständlich erklären und zum passenden nächsten Schritt führen,"Umfang, Zugang, Zeitraum und Kontaktwunsch klären","Firmenentsorgung für Büros, Unternehmen und Gewerbeflächen","Firmenentsorgung für Büros, Unternehmen und Gewerbeflächen",Firmenentsorgung Regensburg | Büro & Gewerbe,Firmenentsorgung Regensburg | Büro & Gewerbe,Firmenentsorgung Regensburg,"Büromöbel, Inventar, Aktenreste oder Restmengen entsorgen lassen. FLOXANT prüft Menge, Zugang und Abholung für Firmen. Fotos, Termin, Umfang und Preisrahmen direkt senden und Machbarkeit prüfen lassen.",Firmenentsorgung anfragen,Direkte Antwort|Leistungsumfang|benötigte Angaben|Aufwandstreiber|Ablauf|FAQ|verwandte Leistungen|nächster Schritt,interne Begriffe|fremde Standorte|nicht angebotene Leistungen|unbelegte Versprechen,,,5 sichtbare FAQ-Indikatoren,https://www.floxant.de/firmenentsorgung,index_follow,included,"FLOXANT entsorgt nicht erlaubnispflichtige Büro- und Gewerbegegenstände: Möbel, Regale, Kartons, Verpackung, Büroausstattung und normale Restbestände. Der Service ist für Unternehmen gedacht, die Flächen schnell, sauber und ohne unnötige Komplexität freibekommen möchten.","Für Firmen und große Büros:KEEP|Ohne Sonderabfall-Risiko:KEEP|Kombinierbar mit Touren:KEEP|Was wir annehmen und was nicht:KEEP|Geeignete Gegenstände:KEEP|Ausgeschlossen:KEEP|Büroinventar, Restbestände oder Firmenfläche räumen?:KEEP|Firmenentsorgung prüfen lassen:KEEP|FAQ zur Firmenentsorgung:KEEP|Was ist Firmenentsorgung bei FLOXANT?:KEEP|Welche Materialien sind ausdrücklich ausgeschlossen?:KEEP|Für wen ist der Service gedacht?:KEEP|Kann die Firmenentsorgung mit Büroumzug oder Leer-Rückfahrt kombiniert werden?:KEEP",,KEEP,
/diskret-service,de,Überregional,service,Information und Anfrage,Information und Anfrage verständlich erklären und zum passenden nächsten Schritt führen,"Umfang, Zugang, Zeitraum und Kontaktwunsch klären","Diskret-Service für sensible Anfragen – Umzug, Entrümpelung und Auflösung zurückhaltend klären","Diskret-Service für sensible Anfragen – Umzug, Entrümpelung und Auflösung zurückhaltend klären",Diskret-Service für sensible Anfragen,Diskret-Service für sensible Anfragen,Diskret-Service für sensible Anfragen,"Sensible Anfrage zu Umzug, Entrümpelung, Auflösung, Nachlass, Reinigung oder Angebot mit bevorzugtem Kontaktweg einordnen. Fotos, Termin, Umfang und Preisrahmen direkt senden und Machbarkeit prüfen lassen.",Bevorzugten Kontaktweg angeben,Direkte Antwort|Leistungsumfang|benötigte Angaben|Aufwandstreiber|Ablauf|FAQ|verwandte Leistungen|nächster Schritt,interne Begriffe|fremde Standorte|nicht angebotene Leistungen|unbelegte Versprechen,,,8 sichtbare FAQ-Indikatoren,https://www.floxant.de/diskret-service,index_follow,included,"Manche Anfragen brauchen mehr Zurückhaltung als ein normales Serviceformular. Bei Trennung, Nachlass, Todesfall, sensibler Wohnungssituation, diskreter Entrümpelung oder diskretem Umzug können Sie kurz beschreiben, worum es geht, und den bevorzugten Kontaktweg wählen. FLOXANT prüft die Anfrage anhand der genannten Eckdaten - ohne unnoetige Details zu erzwingen.","Diskrete Unterstützung passend auswählen.:KEEP|Leistung auswählen:KEEP|Einsatzort auswählen:KEEP|Diskret starten, ohne zu viel preiszugeben:KEEP|Kontaktweg:KEEP|Ort und Zeitraum:KEEP|Thema:KEEP|Grenzen:KEEP|Fotos optional:KEEP|Vertrauensperson optional:KEEP|Welche Fotos bei Diskret helfen:KEEP|Hilfreiche Fotos:KEEP|Datenschutz beim Foto:KEEP|Der erste Schritt darf kurz bleiben.:KEEP|Für Situationen, die ruhig eingeordnet werden sollten.:KEEP|Von kurzer Lagebeschreibung zu nächsten Schritten.:KEEP|Was FLOXANT braucht:KEEP|Was nicht nötig ist:KEEP",,KEEP,
/private-client-service,de,Überregional,service,Information und Anfrage,Information und Anfrage verständlich erklären und zum passenden nächsten Schritt führen,"Umfang, Zugang, Zeitraum und Kontaktwunsch klären",Private Client Service für sensible private Anfragen,Private Client Service für sensible private Anfragen,Private Client Service - sensible private Anfragen klar abstimmen,Private Client Service - sensible private Anfragen klar abstimmen,Private Client Service - sensible private Anfragen klar abstimmen,"Private Client Service für individuelle private Anfragen: Umzug, Reinigung, Räumung, Übergabe oder Angebotsprüfung mit persönlicher Koordination.",Privat kontaktieren,Direkte Antwort|Leistungsumfang|benötigte Angaben|Aufwandstreiber|Ablauf|FAQ|verwandte Leistungen|nächster Schritt,interne Begriffe|fremde Standorte|nicht angebotene Leistungen|unbelegte Versprechen,,,15 sichtbare FAQ-Indikatoren,https://www.floxant.de/private-client-service,index_follow,included,"Für Eigentümer, Family Offices, Assistenzen und Privathaushalte, bei denen Umzug, Reinigung, Räumung, Übergabe oder Angebotsprüfung persönlich abgestimmt werden sollen. FLOXANT klärt zuerst Kontaktweg, Zuständigkeit, Umfang und nächste Schritte. Für allgemeine sensible Fälle gibt es den separaten Diskret-Service.","Was dieser Bereich sofort klar machen soll:KEEP|Was ist das?:KEEP|Für wen?:KEEP|Wann sinnvoll?:KEEP|Wie läuft es ab?:KEEP|Ein Service, der Umzug, Reinigung und diskrete Räumung zusammen denkt:KEEP|Private Servicekoordination:KEEP|Reinigung und Übergabe:KEEP|Diskrete Räumung und Entsorgung:KEEP|Private Client heisst: weniger Schnittstellen, klarere Abstimmung:KEEP|Schlüssel, Übergabe und Protokoll:KEEP|Reinigung und Übergabe kombiniert:KEEP|Diskrete Vorprüfung statt Standardformular:KEEP|Keine öffentliche Standardabwicklung. Keine Massenlogik.:KEEP|Kontaktweg:KEEP|Objektverstaendnis:KEEP|Koordination:KEEP|Grenzen:KEEP",,KEEP,
/reinigung,de,Überregional,service,Reinigung,Reinigung verständlich erklären und zum passenden nächsten Schritt führen,"Umfang, Zugang, Zeitraum und Kontaktwunsch klären","Reinigung in Düsseldorf oder Regensburg? Erst Standort wählen, dann richtig anfragen.","Reinigung in Düsseldorf oder Regensburg? Erst Standort wählen, dann richtig anfragen.",Reinigung wählen: Düsseldorf oder Regensburg | FLOXANT,Reinigung wählen: Düsseldorf oder Regensburg | FLOXANT,Reinigung wählen: Düsseldorf oder Regensburg,"Reinigung bei FLOXANT zuerst nach Standort wählen: Düsseldorf oder Regensburg. Danach passende Anfrage für Wohnung, Büro, Gewerbe, Praxis, Fenster oder Apartment starten.",,Direkte Antwort|Leistungsumfang|benötigte Angaben|Aufwandstreiber|Ablauf|FAQ|verwandte Leistungen|nächster Schritt,interne Begriffe|fremde Standorte|nicht angebotene Leistungen|unbelegte Versprechen,,,1 sichtbare FAQ-Indikatoren,https://www.floxant.de/reinigung,index_follow,included,"FLOXANT führt Sie nicht automatisch in die falsche Stadt. Wählen Sie zuerst Düsseldorf oder Regensburg. Danach landen Sie auf der passenden deutschen Reinigungsseite mit den richtigen Angaben für Objekt, Fläche, Turnus, Termin und Zielzustand.",Wo brauchen Sie die Reinigung?:KEEP|Reinigung in Düsseldorf:KEEP|Reinigung in Regensburg:KEEP|Direkt zur richtigen Reinigungsleistung.:KEEP|Büroreinigung:KEEP|Gewerbereinigung:KEEP|Fensterreinigung:KEEP|Möblierte Wohnung und Airbnb:KEEP|Grundreinigung:KEEP|Unterhaltsreinigung:KEEP|Bau- und Bauendreinigung:KEEP,,KEEP,
/notfallreinigung-24h,de,Überregional,service,Reinigung,Reinigung verständlich erklären und zum passenden nächsten Schritt führen,"Umfang, Zugang, Zeitraum und Kontaktwunsch klären",Kurzfristige Reinigung anfragen,Kurzfristige Reinigung anfragen,Kurzfristige Reinigung | Fotos und Termin senden,Kurzfristige Reinigung | Fotos und Termin senden,Kurzfristige Reinigung,"Dringende Reinigung für Wohnung, Büro, Gewerbe, Veranstaltung oder Übergabe: Ort, Fotos, Termin und Zugang senden. FLOXANT prüft schnell.",Notfallreinigung anfragen,Direkte Antwort|Leistungsumfang|benötigte Angaben|Aufwandstreiber|Ablauf|FAQ|verwandte Leistungen|nächster Schritt,interne Begriffe|fremde Standorte|nicht angebotene Leistungen|unbelegte Versprechen,,,5 sichtbare FAQ-Indikatoren,https://www.floxant.de/notfallreinigung-24h,index_follow,included,"Wenn ein Objekt kurzfristig sauber, begehbar oder übergabebereit werden muss, zählt nicht ein langer Text, sondern eine klare Einschätzung: Was ist passiert, wo ist das Objekt, wie gross ist die Fläche, bis wann muss es erledigt sein und welche Fotos zeigen den Zustand? FLOXANT prüft dringende Reinigungsfaelle priorisiert und sagt ehrlich, welcher nächste Schritt nach Verfügbarkeit sinnvoll ist.","Notfall heisst: zuerst sauber sortieren, dann schnell entscheiden:KEEP|Wohnung oder Haus kurzfristig reinigen:KEEP|Büro, Praxis, Kanzlei oder Gewerbe:KEEP|Nach Party, Anlass oder Veranstaltung:KEEP|Reinigung mit Restmengen:KEEP|Schnelle Reinigung wird nach Aufwand, Zugang und Zeitfenster geprüft:KEEP|Was wir für eine schnelle Rückmeldung brauchen:KEEP|Klare Grenze statt falsches Versprechen:KEEP|Klare Antworten vor der Anfrage:KEEP|Wie wird eine dringende Reinigungsanfrage geprüft?:KEEP|Welche Faelle passen zu einer Notfallreinigung?:KEEP|Was soll ich für eine schnelle Einschätzung senden?:KEEP|Kann FLOXANT auch mit Entsorgung oder Räumung helfen?:KEEP|Ist die Seite auch für Firmen und Hausverwaltungen geeignet?:KEEP|Senden Sie Ort, Fotos und Deadline. FLOXANT prüft den schnellsten sinnvollen Weg.:KEEP",,KEEP,
/entruempelung,de,Überregional,service,Entrümpelung,Entrümpelung verständlich erklären und zum passenden nächsten Schritt führen,"Umfang, Zugang, Zeitraum und Kontaktwunsch klären",Entrümpelung und Wohnungsauflösung in Regensburg und Bayern,Entrümpelung und Wohnungsauflösung in Regensburg und Bayern,"Entrümpelung Regensburg | Wohnung, Keller & Entsorgung","Entrümpelung Regensburg | Wohnung, Keller & Entsorgung",Entrümpelung Regensburg,"Entrümpelung, Wohnungsauflösung und Entsorgung in Düsseldorf und Regensburg: Fotos, Volumen, Zugang, Material, Termin und Reinigung danach prüfen.",Angebot prüfen,Direkte Antwort|Leistungsumfang|benötigte Angaben|Aufwandstreiber|Ablauf|FAQ|verwandte Leistungen|nächster Schritt,interne Begriffe|fremde Standorte|nicht angebotene Leistungen|unbelegte Versprechen,,,11 sichtbare FAQ-Indikatoren,https://www.floxant.de/entruempelung,index_follow,included,"FLOXANT organisiert Räumungen für Wohnungen, Häuser, Keller und Gewerbeflächen. Entrümpelung bedeutet dabei nicht nur Wegtragen, sondern Räume wieder entscheidbar machen: trennen, tragen, entsorgen und den nächsten Schritt ermöglichen.","So wird aus einer groben Idee ein sauber planbarer Auftrag.:KEEP|Menge sichtbar machen:KEEP|Zugang prüfen:KEEP|Abschluss planen:KEEP|Jede Leistungsseite zeigt: Was wird gebraucht und was ist der nächste Schritt?:KEEP|Aus Anfrage wird ein klarer nächster Schritt.:KEEP|Kein Rätselraten: FLOXANT zeigt den nächsten Schritt.:KEEP|Kunden erkennen sofort, welcher Weg zu ihrem Anliegen passt.:KEEP|FLOXANT Service prüfen: Kosten, Fotos, Termin und Anfrage:KEEP|Warum FLOXANT gut passt.:KEEP|Nicht nur Text, sondern Orientierung:KEEP|Mehr Vertrauen vor der Anfrage:KEEP|Bessere nächste Schritte:KEEP|Wohnungsauflösung in Regensburg: so bekommen Sie eine klare Rückmeldung:KEEP|Anliegen kurz schildern:KEEP|Aus welchem Anlass?:KEEP|Ort, Zugang und Fotos:KEEP|Budget oder Angebot:KEEP",,KEEP,
/kleintransporte,de,Überregional,service,Information und Anfrage,Information und Anfrage verständlich erklären und zum passenden nächsten Schritt führen,"Umfang, Zugang, Zeitraum und Kontaktwunsch klären",Umzug in Bayern,Umzug in Bayern,"FLOXANT Regensburg | Umzug, Reinigung & Entrümpelung","FLOXANT Regensburg | Umzug, Reinigung & Entrümpelung",FLOXANT Regensburg,"Umzug, Reinigung, Entrümpelung und Übergabe in Düsseldorf und Regensburg: Aufwand realistisch prüfen, direkt anfragen und sauber planen.",Umzug in Bayern anfragen,Direkte Antwort|Leistungsumfang|benötigte Angaben|Aufwandstreiber|Ablauf|FAQ|verwandte Leistungen|nächster Schritt,interne Begriffe|fremde Standorte|nicht angebotene Leistungen|unbelegte Versprechen,,,14 sichtbare FAQ-Indikatoren,https://www.floxant.de/kleintransporte,index_follow,included,"Erst sauber einordnen, dann passend anfragen. So wird aus einem Klick ein ruhiger nächster Schritt mit klaren Angaben.","Umzug in Bayern: erst klären, dann passend anfragen.:KEEP|Kurz zeigen:KEEP|Praktisch prüfen:KEEP|Sauber entscheiden:KEEP|Umzug in Bayern: mit wenigen Angaben sinnvoll starten:KEEP|Anliegen kurz schildern:KEEP|Aus welchem Anlass?:KEEP|Ort, Zugang und Fotos:KEEP|Budget oder Angebot:KEEP|Leistung einordnen:KEEP|Nächste Wege:KEEP|Angebot prüfen:KEEP|FAQ:KEEP|Anfrage starten:KEEP|Wie unterscheidet sich der Service vom Standardfall?:KEEP|Ihr Budget kann direkt mitgedacht werden:KEEP|Umzug in Bayern mit echter Ortslogik:KEEP|Parken und Laufwege:KEEP",,KEEP,
/solarreinigung,de,Überregional,service,Reinigung,Reinigung verständlich erklären und zum passenden nächsten Schritt führen,"Umfang, Zugang, Zeitraum und Kontaktwunsch klären","Solarreinigung anfragen - Zugang, Dachart und Verschmutzung klären","Solarreinigung anfragen - Zugang, Dachart und Verschmutzung klären","Solarreinigung anfragen - Dachart, Zugang und Zustand klären","Solarreinigung anfragen - Dachart, Zugang und Zustand klären","Solarreinigung anfragen - Dachart, Zugang und Zustand klären","Solar- oder PV-Reinigung geplant? Dachart, Zugang, Modulfläche und Verschmutzung beschreiben. FLOXANT prüft Anfrage oder Angebot anhand der genannten Eckdaten.",Solarreinigung anfragen,Direkte Antwort|Leistungsumfang|benötigte Angaben|Aufwandstreiber|Ablauf|FAQ|verwandte Leistungen|nächster Schritt,interne Begriffe|fremde Standorte|nicht angebotene Leistungen|unbelegte Versprechen,,,9 sichtbare FAQ-Indikatoren,https://www.floxant.de/solarreinigung,index_follow,included,"Wenn Solarmodule sichtbar verschmutzt sind oder eine Reinigung geprüft werden soll, helfen klare Angaben zu Dachart, Zugang, Modulfläche, Verschmutzung und Fotos. FLOXANT prüft die Anfrage anhand der genannten Eckdaten und hilft, den nächsten Schritt zu klären. Eine Ertragssteigerung oder Verfügbarkeit wird nicht garantiert.","Passt dieser Service zu Ihrer Situation?:KEEP|PV-Module sichtbar verschmutzt:KEEP|Dachzugang ist unklar:KEEP|Gewerbliche Anlage prüfen:KEEP|Angebot liegt schon vor:KEEP|Solar panel cleaning auf Englisch:KEEP|Zugang, Dachart und Fotos zuerst klären.:KEEP|Was FLOXANT braucht:KEEP|Was nicht versprochen wird:KEEP|Angebot für Solar- oder PV-Reinigung sachlich einordnen.:KEEP|Zwei Suchbegriffe, ein sauber getrennter Anfrageweg.:KEEP|Solarreinigung:KEEP|PV-Anlagen-Reinigung:KEEP|Solar-/PV-Reinigung sicher einordnen:KEEP|Anlage:KEEP|Dach:KEEP|Zugang:KEEP|Verschmutzung:KEEP",,KEEP,
/pv-anlagen-reinigung,de,Überregional,service,Reinigung,Reinigung verständlich erklären und zum passenden nächsten Schritt führen,"Umfang, Zugang, Zeitraum und Kontaktwunsch klären","PV-Anlagen-Reinigung anfragen - Modulfläche, Zugang und Zustand klären","PV-Anlagen-Reinigung anfragen - Modulfläche, Zugang und Zustand klären",PV-Anlagen-Reinigung - Modulfläche und Zugang klären,PV-Anlagen-Reinigung - Modulfläche und Zugang klären,PV-Anlagen-Reinigung - Modulfläche und Zugang klären,"PV-Anlagen-Reinigung anfragen: Modulfläche, Dachart, Zugang, Verschmutzung, Fotos und Angebot ohne Ertragsversprechen einordnen lassen.",PV-Anlagen-Reinigung anfragen,Direkte Antwort|Leistungsumfang|benötigte Angaben|Aufwandstreiber|Ablauf|FAQ|verwandte Leistungen|nächster Schritt,interne Begriffe|fremde Standorte|nicht angebotene Leistungen|unbelegte Versprechen,,,10 sichtbare FAQ-Indikatoren,https://www.floxant.de/pv-anlagen-reinigung,index_follow,included,"Bei Photovoltaik zählt nicht nur die Modulfläche. FLOXANT fragt nach Dachform, Begehbarkeit, Abstand, Wasser, Verschmutzung und möglichem Risiko. So wird klar, ob Reinigung sinnvoll und sicher planbar ist.","Passt dieser Service zu Ihrer Situation?:KEEP|Module sind schwer einsehbar:KEEP|Anlage auf Gewerbedach:KEEP|Nach Pollen, Staub oder Bauphase:KEEP|Angebot vergleichen:KEEP|Zugang, Dachart und Fotos zuerst klären.:KEEP|Was FLOXANT braucht:KEEP|Was nicht versprochen wird:KEEP|Angebot für Solar- oder PV-Reinigung sachlich einordnen.:KEEP|Zwei Suchbegriffe, ein sauber getrennter Anfrageweg.:KEEP|Solarreinigung:KEEP|PV-Anlagen-Reinigung:KEEP|Solar-/PV-Reinigung sicher einordnen:KEEP|Anlage:KEEP|Dach:KEEP|Zugang:KEEP|Verschmutzung:KEEP|Fotos optional:KEEP",,KEEP,
/regensburg/reinigung,de,Regensburg,service,Reinigung,Reinigung in Regensburg verständlich erklären und zum passenden nächsten Schritt führen,"Umfang, Zugang, Zeitraum und Kontaktwunsch klären",Gebäudereinigung in Regensburg und Umgebung,Gebäudereinigung in Regensburg und Umgebung,Gebäudereinigung Regensburg | Floxant,Gebäudereinigung Regensburg | Floxant,Gebäudereinigung Regensburg,"Gebäudereinigung in Regensburg für Büro, Praxis, Treppenhaus und Wohnung: Servicegebiet bis 50 km, Fotos senden, Umfang klären.",Gebäudereinigung in Regensburg anfragen,Direkte Antwort|Leistungsumfang|benötigte Angaben|Aufwandstreiber|Ablauf|FAQ|verwandte Leistungen|nächster Schritt,interne Begriffe|fremde Standorte|nicht angebotene Leistungen|unbelegte Versprechen,,,11 sichtbare FAQ-Indikatoren,https://www.floxant.de/regensburg/reinigung,index_follow,included,"FLOXANT prüft Gebäudereinigung in Regensburg und im Umkreis bis 50 km nach Objektart, Fläche, Räumen, Zustand, Zugang, Termin und gewünschtem Ergebnis. Für laufende Büro- oder Gewerbereinigung führen die passenden B2B-Seiten weiter.","Wenn Reinigung nicht nur Putzen heißt:KEEP|Anfrage auf Deutsch oder Englisch möglich.:KEEP|Passt Gebäudereinigung in Regensburg zu Ihrer Anfrage?:KEEP|Welche Reinigung in Regensburg geprüft wird:KEEP|Von Anfrage bis Durchführung:KEEP|Gebäudereinigung in Regensburg und Umgebung:KEEP|Regensburg Stadtteile:KEEP|Umland bis 50 km:KEEP|Reinigungsanfragen bleiben auf Regensburg, Objekt und Nachweisbarkeit fokussiert.:KEEP|Regensburg als Mittelpunkt:KEEP|Reinigung im 50-km-Radius:KEEP|Keine erfundenen Belege:KEEP|Klare Anfrage statt Blindpreis:KEEP|Diese Angaben machen Reinigungsangebote vergleichbar.:KEEP|Objekt:KEEP|Leistung:KEEP|Nachweise:KEEP|Entscheidung:KEEP",,KEEP,
/regensburg/solarreinigung,de,Regensburg,service,Reinigung,Reinigung in Regensburg verständlich erklären und zum passenden nächsten Schritt führen,"Umfang, Zugang, Zeitraum und Kontaktwunsch klären","Solarreinigung Regensburg anfragen - PV-Anlage, Fotos und Zugang beschreiben","Solarreinigung Regensburg anfragen - PV-Anlage, Fotos und Zugang beschreiben",Solarreinigung Regensburg - PV-Anlage und Zugang klären,Solarreinigung Regensburg - PV-Anlage und Zugang klären,Solarreinigung Regensburg - PV-Anlage und Zugang klären,"Solarreinigung Regensburg: PV-Fotos, Modulfläche, Dachzugang, Verschmutzung, Angebot und Zeitraum senden. FLOXANT prüft Machbarkeit ohne Ertragsgarantie.",Solarreinigung Regensburg anfragen,Direkte Antwort|Leistungsumfang|benötigte Angaben|Aufwandstreiber|Ablauf|FAQ|verwandte Leistungen|nächster Schritt,interne Begriffe|fremde Standorte|nicht angebotene Leistungen|unbelegte Versprechen,,,9 sichtbare FAQ-Indikatoren,https://www.floxant.de/regensburg/solarreinigung,index_follow,included,"In Regensburg und Umgebung prüft FLOXANT Solarreinigung nach Modulfläche, Dachzugang, Wasseranschluss, Verschmutzung und Terminfenster. Besonders wichtig ist, ob die Anlage ohne unverhältnismäßiges Risiko erreichbar ist.","Passt dieser Service zu Ihrer Situation?:KEEP|PV-Anlage auf Hausdach:KEEP|Gewerbe- oder Hallendach:KEEP|Carport oder Flachdach:KEEP|Angebot oder Preisrahmen vorhanden:KEEP|Zugang, Dachart und Fotos zuerst klären.:KEEP|Was FLOXANT braucht:KEEP|Was nicht versprochen wird:KEEP|Angebot für Solar- oder PV-Reinigung sachlich einordnen.:KEEP|Zwei Suchbegriffe, ein sauber getrennter Anfrageweg.:KEEP|Solarreinigung:KEEP|PV-Anlagen-Reinigung:KEEP|Solar-/PV-Reinigung sicher einordnen:KEEP|Anlage:KEEP|Dach:KEEP|Zugang:KEEP|Verschmutzung:KEEP|Fotos optional:KEEP",,KEEP,
/kellerentruempelung,de,Überregional,service,Entrümpelung,Entrümpelung verständlich erklären und zum passenden nächsten Schritt führen,"Umfang, Zugang, Zeitraum und Kontaktwunsch klären","Kellerentrümpelung, wenn Menge, Laufweg und Entsorgung zuerst klar werden müssen","Kellerentrümpelung, wenn Menge, Laufweg und Entsorgung zuerst klar werden müssen","Kellerentrümpelung | Fotos, Zugang & Menge prüfen","Kellerentrümpelung | Fotos, Zugang & Menge prüfen",Kellerentrümpelung,"Kellerentrümpelung für Keller, Abstellraum und Nebenfläche: Fotos, Menge, Etage, Laufweg, Entsorgung und Reinigung danach prüfen lassen.",Keller prüfen lassen,Direkte Antwort|Leistungsumfang|benötigte Angaben|Aufwandstreiber|Ablauf|FAQ|verwandte Leistungen|nächster Schritt,interne Begriffe|fremde Standorte|nicht angebotene Leistungen|unbelegte Versprechen,,,7 sichtbare FAQ-Indikatoren,https://www.floxant.de/kellerentruempelung,index_follow,included,"Ein Keller wirkt auf Fotos oft kleiner oder größer als er ist. FLOXANT prüft deshalb Menge, Material, Laufweg, Treppen, Feuchtigkeit, Sperrgut und ob danach Reinigung nötig ist.",Passt dieser Service zu Ihrer Situation?:KEEP|Keller muss vor Übergabe leer werden:KEEP|Hausverwaltung oder WEG meldet Restmengen:KEEP|Feuchtigkeit oder Geruch ist sichtbar:KEEP|Keller gehört zu Umzug oder Nachlass:KEEP|Räumung ohne Blindschätzung:KEEP|Räume:KEEP|Menge:KEEP|Zugang:KEEP|Endzustand:KEEP|Material optional:KEEP|Angebot optional:KEEP|Welche Fotos bei Entrümpelung helfen:KEEP|Hilfreiche Fotos:KEEP|Datenschutz beim Foto:KEEP|Was FLOXANT bei dieser Anfrage prüft.:KEEP|Kellerentrümpelung: wann ist eine Anfrage sinnvoll?:KEEP|So wird aus einer unsicheren Anfrage ein klarer nächster Schritt.:KEEP,,KEEP,
/nachlassaufloesung,de,Überregional,service,Information und Anfrage,Information und Anfrage verständlich erklären und zum passenden nächsten Schritt führen,"Umfang, Zugang, Zeitraum und Kontaktwunsch klären","Nachlassauflösung respektvoll klären, ohne Druck und ohne falsche Versprechen","Nachlassauflösung respektvoll klären, ohne Druck und ohne falsche Versprechen",Nachlassauflösung | Diskret & respektvoll prüfen,Nachlassauflösung | Diskret & respektvoll prüfen,Nachlassauflösung,"Nachlassauflösung für Wohnung oder Haus: Fotos, Freigabe, Ansprechpartner, sensible Punkte, Räumung und Reinigung ruhig prüfen lassen.",Diskret Kontakt aufnehmen,Direkte Antwort|Leistungsumfang|benötigte Angaben|Aufwandstreiber|Ablauf|FAQ|verwandte Leistungen|nächster Schritt,interne Begriffe|fremde Standorte|nicht angebotene Leistungen|unbelegte Versprechen,,,7 sichtbare FAQ-Indikatoren,https://www.floxant.de/nachlassaufloesung,index_follow,included,"Bei Nachlassauflösungen zählen Ruhe, Freigabe, Berechtigung, Ansprechpartner und der gewünschte Endzustand. FLOXANT prüft Räume, Menge, Zugang und mögliche Reinigung Schritt für Schritt.",Passt dieser Service zu Ihrer Situation?:KEEP|Wohnung nach Todesfall:KEEP|Mehrere Angehörige müssen entscheiden:KEEP|Übergabe oder Verkauf steht an:KEEP|Keller und Nebenräume gehören dazu:KEEP|Wohnungsauflösung ruhig vorbereiten:KEEP|Situation:KEEP|Objekt:KEEP|Freigabe:KEEP|Ziel:KEEP|Fotos optional:KEEP|Frist optional:KEEP|Welche Fotos bei Wohnungsauflösung helfen:KEEP|Hilfreiche Fotos:KEEP|Datenschutz beim Foto:KEEP|Was FLOXANT bei dieser Anfrage prüft.:KEEP|Nachlassauflösung: wann ist eine Anfrage sinnvoll?:KEEP|So wird aus einer unsicheren Anfrage ein klarer nächster Schritt.:KEEP,,KEEP,
/lageraufloesung,de,Überregional,service,Information und Anfrage,Information und Anfrage verständlich erklären und zum passenden nächsten Schritt führen,"Umfang, Zugang, Zeitraum und Kontaktwunsch klären","Lagerauflösung für Nebenflächen, Bestände und Gewerberäume mit klarer Sortierung","Lagerauflösung für Nebenflächen, Bestände und Gewerberäume mit klarer Sortierung","Lagerauflösung | Bestand, Zugang & Entsorgung prüfen","Lagerauflösung | Bestand, Zugang & Entsorgung prüfen",Lagerauflösung,"Lagerauflösung für Lagerraum, Gewerbefläche oder Nebenfläche: Bestand, Fotos, Zugang, Entsorgung, Transport und Reinigung prüfen lassen.",Lagerauflösung anfragen,Direkte Antwort|Leistungsumfang|benötigte Angaben|Aufwandstreiber|Ablauf|FAQ|verwandte Leistungen|nächster Schritt,interne Begriffe|fremde Standorte|nicht angebotene Leistungen|unbelegte Versprechen,,,7 sichtbare FAQ-Indikatoren,https://www.floxant.de/lageraufloesung,index_follow,included,"Bei Lagerauflösung geht es selten nur ums Wegtragen. FLOXANT prüft Bestand, Material, Regale, Paletten, Zugang, Entsorgungsanteil, Transportbedarf und ob die Fläche danach gereinigt werden soll.",Passt dieser Service zu Ihrer Situation?:KEEP|Lagerraum wird aufgegeben:KEEP|Gewerbe zieht um:KEEP|Unklarer Materialmix:KEEP|Fläche soll wieder übergeben werden:KEEP|Reinigung besser anfragen:KEEP|Objekt:KEEP|Umfang:KEEP|Termin:KEEP|Zugang:KEEP|Fotos optional:KEEP|Angebot optional:KEEP|Welche Fotos bei Reinigung helfen:KEEP|Hilfreiche Fotos:KEEP|Datenschutz beim Foto:KEEP|Was FLOXANT bei dieser Anfrage prüft.:KEEP|Lagerauflösung: wann ist eine Anfrage sinnvoll?:KEEP|So wird aus einer unsicheren Anfrage ein klarer nächster Schritt.:KEEP,,KEEP,
/mini-umzug,de,Überregional,service,Umzug,Umzug verständlich erklären und zum passenden nächsten Schritt führen,"Umfang, Zugang, Zeitraum und Kontaktwunsch klären","Mini-Umzug für wenige Möbel, Kartons oder ein kleines Apartment","Mini-Umzug für wenige Möbel, Kartons oder ein kleines Apartment",Mini-Umzug | Kleine Umzüge realistisch prüfen,Mini-Umzug | Kleine Umzüge realistisch prüfen,Mini-Umzug,"Mini-Umzug für wenige Möbel, Kartons, Apartment oder WG-Zimmer: Start, Ziel, Etage, Volumen, Fotos, Termin und Budget prüfen lassen.",Mini-Umzug prüfen,Direkte Antwort|Leistungsumfang|benötigte Angaben|Aufwandstreiber|Ablauf|FAQ|verwandte Leistungen|nächster Schritt,interne Begriffe|fremde Standorte|nicht angebotene Leistungen|unbelegte Versprechen,,,7 sichtbare FAQ-Indikatoren,https://www.floxant.de/mini-umzug,index_follow,included,"Ein kleiner Umzug ist nicht automatisch einfach. FLOXANT prüft Volumen, Etage, Aufzug, Parken, Strecke, Zeitfenster und ob Beiladung, Rückfahrt oder Möbeltransport besser passt.",Passt dieser Service zu Ihrer Situation?:KEEP|WG-Zimmer oder Apartment:KEEP|Nur wenige Möbelstücke:KEEP|Kurzfristiger Termin:KEEP|Umzug plus Endreinigung:KEEP|Umzug mit weniger Rückfragen:KEEP|Start und Ziel:KEEP|Umfang:KEEP|Termin:KEEP|Zusatzbedarf:KEEP|Angebot optional:KEEP|Fotos optional:KEEP|Welche Fotos bei Umzug helfen:KEEP|Hilfreiche Fotos:KEEP|Datenschutz beim Foto:KEEP|Was FLOXANT bei dieser Anfrage prüft.:KEEP|Mini-Umzug: wann ist eine Anfrage sinnvoll?:KEEP|So wird aus einer unsicheren Anfrage ein klarer nächster Schritt.:KEEP,,KEEP,
/express-umzug,de,Überregional,service,Umzug,Umzug verständlich erklären und zum passenden nächsten Schritt führen,"Umfang, Zugang, Zeitraum und Kontaktwunsch klären","Express-Umzug, wenn der Termin knapp ist und trotzdem sauber geplant werden muss","Express-Umzug, wenn der Termin knapp ist und trotzdem sauber geplant werden muss","Express-Umzug | Dringend, aber sauber prüfen","Express-Umzug | Dringend, aber sauber prüfen",Express-Umzug,"Express-Umzug bei knapper Deadline: Start, Ziel, Volumen, Fotos, Etage, Termin und Plan-B-Bedarf senden. FLOXANT prüft Machbarkeit ohne Sofortgarantie.",Express-Umzug prüfen,Direkte Antwort|Leistungsumfang|benötigte Angaben|Aufwandstreiber|Ablauf|FAQ|verwandte Leistungen|nächster Schritt,interne Begriffe|fremde Standorte|nicht angebotene Leistungen|unbelegte Versprechen,,,7 sichtbare FAQ-Indikatoren,https://www.floxant.de/express-umzug,index_follow,included,"Express heißt nicht blind zusagen. FLOXANT prüft, ob Strecke, Volumen, Zugang, Team, Zeitfenster und Zusatzleistungen realistisch zusammenpassen. Wenn nicht, wird ein sinnvoller Plan B benannt.","Passt dieser Service zu Ihrer Situation?:KEEP|Anbieter fällt aus:KEEP|Übergabe steht kurz bevor:KEEP|Job, Trennung oder Notfall:KEEP|Teilumzug reicht vielleicht:KEEP|Umzug mit weniger Rückfragen:KEEP|Start und Ziel:KEEP|Umfang:KEEP|Termin:KEEP|Zusatzbedarf:KEEP|Angebot optional:KEEP|Fotos optional:KEEP|Welche Fotos bei Umzug helfen:KEEP|Hilfreiche Fotos:KEEP|Datenschutz beim Foto:KEEP|Was FLOXANT bei dieser Anfrage prüft.:KEEP|Express-Umzug: wann ist eine Anfrage sinnvoll?:KEEP|So wird aus einer unsicheren Anfrage ein klarer nächster Schritt.:KEEP",,KEEP,
/moebeltransport,de,Überregional,service,Information und Anfrage,Information und Anfrage verständlich erklären und zum passenden nächsten Schritt führen,"Umfang, Zugang, Zeitraum und Kontaktwunsch klären","Möbeltransport für einzelne Stücke, wenn Maße, Gewicht und Laufweg klar sein müssen","Möbeltransport für einzelne Stücke, wenn Maße, Gewicht und Laufweg klar sein müssen",Möbeltransport | Einzelstücke & Strecke prüfen,Möbeltransport | Einzelstücke & Strecke prüfen,Möbeltransport,"Möbeltransport für Sofa, Schrank, Tisch, Bett oder Einzelstücke: Maße, Gewicht, Etage, Start, Ziel, Fotos und Zeitfenster prüfen lassen.",Möbeltransport prüfen,Direkte Antwort|Leistungsumfang|benötigte Angaben|Aufwandstreiber|Ablauf|FAQ|verwandte Leistungen|nächster Schritt,interne Begriffe|fremde Standorte|nicht angebotene Leistungen|unbelegte Versprechen,,,7 sichtbare FAQ-Indikatoren,https://www.floxant.de/moebeltransport,index_follow,included,"Ein Möbeltransport wirkt klein, kann aber schwer werden: Treppenhaus, Maße, Gewicht, Demontage, Schutz, Strecke und Parken entscheiden. FLOXANT prüft, ob Einzeltransport, Mini-Umzug oder Beiladung sinnvoller ist.",Passt dieser Service zu Ihrer Situation?:KEEP|Einzelnes Möbelstück:KEEP|Kauf oder Abholung:KEEP|Kleiner Transport zwischen Städten:KEEP|Demontage unsicher:KEEP|Reinigung besser anfragen:KEEP|Objekt:KEEP|Umfang:KEEP|Termin:KEEP|Zugang:KEEP|Fotos optional:KEEP|Angebot optional:KEEP|Welche Fotos bei Reinigung helfen:KEEP|Hilfreiche Fotos:KEEP|Datenschutz beim Foto:KEEP|Was FLOXANT bei dieser Anfrage prüft.:KEEP|Möbeltransport: wann ist eine Anfrage sinnvoll?:KEEP|So wird aus einer unsicheren Anfrage ein klarer nächster Schritt.:KEEP,,KEEP,
/fairpreis-check,de,Überregional,service,Information und Anfrage,Information und Anfrage verständlich erklären und zum passenden nächsten Schritt führen,"Umfang, Zugang, Zeitraum und Kontaktwunsch klären","FLOXANT Fairpreis-Check für Angebote, die günstig, teuer oder unklar wirken","FLOXANT Fairpreis-Check für Angebote, die günstig, teuer oder unklar wirken",Fairpreis-Check | Angebot sachlich prüfen lassen,Fairpreis-Check | Angebot sachlich prüfen lassen,Fairpreis-Check,"FLOXANT Fairpreis-Check für Umzug, Reinigung, Entrümpelung oder Gewerbereinigung: Angebot, Fotos, Umfang, Termin und Zusatzkosten prüfen lassen.",Fairpreis prüfen lassen,Direkte Antwort|Leistungsumfang|benötigte Angaben|Aufwandstreiber|Ablauf|FAQ|verwandte Leistungen|nächster Schritt,interne Begriffe|fremde Standorte|nicht angebotene Leistungen|unbelegte Versprechen,,,7 sichtbare FAQ-Indikatoren,https://www.floxant.de/fairpreis-check,index_follow,included,"Der Fairpreis-Check hilft, wenn ein Angebot schwer vergleichbar ist. FLOXANT prüft Umfang, Fotos, Zeitdruck, Zusatzpositionen, Zugang und ob eine passende Alternative möglich ist.",Passt dieser Service zu Ihrer Situation?:KEEP|Angebot wirkt zu hoch:KEEP|Angebot wirkt zu niedrig:KEEP|Mehrere Angebote sind schwer vergleichbar:KEEP|Schnelle Entscheidung nötig:KEEP|Reinigung besser anfragen:KEEP|Objekt:KEEP|Umfang:KEEP|Termin:KEEP|Zugang:KEEP|Fotos optional:KEEP|Angebot optional:KEEP|Welche Fotos bei Reinigung helfen:KEEP|Hilfreiche Fotos:KEEP|Datenschutz beim Foto:KEEP|Klarer Nutzen statt leerem Sondernamen.:KEEP|Zielgruppe:KEEP|Problem:KEEP,,KEEP,
/uebergabe-sprint,de,Überregional,service,Information und Anfrage,Information und Anfrage verständlich erklären und zum passenden nächsten Schritt führen,"Umfang, Zugang, Zeitraum und Kontaktwunsch klären","FLOXANT Übergabe-Sprint, wenn der Übergabetermin näher rückt","FLOXANT Übergabe-Sprint, wenn der Übergabetermin näher rückt",Übergabe-Sprint | Wohnung vor Termin vorbereiten,Übergabe-Sprint | Wohnung vor Termin vorbereiten,Übergabe-Sprint,"FLOXANT Übergabe-Sprint für Auszug, Rückgabe oder Besichtigung: Restmengen, Reinigung, Fotos, Schlüsselweg und Deadline Punkt für Punkt prüfen.",Angebot oder Situation prüfen,Direkte Antwort|Leistungsumfang|benötigte Angaben|Aufwandstreiber|Ablauf|FAQ|verwandte Leistungen|nächster Schritt,interne Begriffe|fremde Standorte|nicht angebotene Leistungen|unbelegte Versprechen,,,7 sichtbare FAQ-Indikatoren,https://www.floxant.de/uebergabe-sprint,index_follow,included,"Der Übergabe-Sprint bündelt die letzten praktischen Punkte vor Rückgabe, Besichtigung oder Nachnutzung: Restmengen, Reinigung, Fotos, Schlüssel, Zugang und sichtbare Problemstellen.",Passt dieser Service zu Ihrer Situation?:KEEP|Übergabe ist diese Woche:KEEP|Restmengen stehen noch in der Wohnung:KEEP|Sie sind nicht vor Ort:KEEP|Besichtigung oder Neuvermietung:KEEP|Übergabe besser vorbereiten:KEEP|Situation:KEEP|Zustand:KEEP|Frist:KEEP|Zugang:KEEP|Fotos optional:KEEP|Zusatzbedarf optional:KEEP|Welche Fotos bei Übergabe helfen:KEEP|Hilfreiche Fotos:KEEP|Datenschutz beim Foto:KEEP|Klarer Nutzen statt leerem Sondernamen.:KEEP|Zielgruppe:KEEP|Problem:KEEP,,KEEP,
/vermieter-ready-service,de,Überregional,service,Information und Anfrage,Information und Anfrage verständlich erklären und zum passenden nächsten Schritt führen,"Umfang, Zugang, Zeitraum und Kontaktwunsch klären",FLOXANT Vermieter-Ready-Service für Wohnungen vor Rückgabe oder Neuvermietung,FLOXANT Vermieter-Ready-Service für Wohnungen vor Rückgabe oder Neuvermietung,Vermieter-Ready-Service | Wohnung vorbereiten,Vermieter-Ready-Service | Wohnung vorbereiten,Vermieter-Ready-Service,"FLOXANT Vermieter-Ready-Service: Wohnung für Rückgabe, Neuvermietung oder Besichtigung mit Räumung, Reinigung, Fotos und Restpunkten vorbereiten.",Angebot oder Situation prüfen,Direkte Antwort|Leistungsumfang|benötigte Angaben|Aufwandstreiber|Ablauf|FAQ|verwandte Leistungen|nächster Schritt,interne Begriffe|fremde Standorte|nicht angebotene Leistungen|unbelegte Versprechen,,,7 sichtbare FAQ-Indikatoren,https://www.floxant.de/vermieter-ready-service,index_follow,included,"Vermieter-ready heißt nicht perfekte Garantie, sondern sichtbar geordnete Vorbereitung: Restmengen, Reinigung, Fotos, Schlüsselstatus und offene Punkte werden vor Rückgabe oder Neuvermietung sortiert.",Passt dieser Service zu Ihrer Situation?:KEEP|Nach Auszug bleiben Restpunkte:KEEP|Vermietertermin steht:KEEP|Maklerfotos oder Besichtigung:KEEP|Nicht-vor-Ort-Fall:KEEP|Übergabe besser vorbereiten:KEEP|Situation:KEEP|Zustand:KEEP|Frist:KEEP|Zugang:KEEP|Fotos optional:KEEP|Zusatzbedarf optional:KEEP|Welche Fotos bei Übergabe helfen:KEEP|Hilfreiche Fotos:KEEP|Datenschutz beim Foto:KEEP|Klarer Nutzen statt leerem Sondernamen.:KEEP|Zielgruppe:KEEP|Problem:KEEP,,KEEP,
/rueckfahrt-radar,de,Überregional,service,Information und Anfrage,Information und Anfrage verständlich erklären und zum passenden nächsten Schritt führen,"Umfang, Zugang, Zeitraum und Kontaktwunsch klären","FLOXANT Rückfahrt-Radar für flexible Transporte, Beiladung und Leerfahrten","FLOXANT Rückfahrt-Radar für flexible Transporte, Beiladung und Leerfahrten",Rückfahrt-Radar | Beiladung & Leerfahrt prüfen,Rückfahrt-Radar | Beiladung & Leerfahrt prüfen,Rückfahrt-Radar,"FLOXANT Rückfahrt-Radar prüft flexible Transporte, Beiladung und Leerfahrt: Strecke, Volumen, Zeitfenster, Fotos und Abholort senden.",Strecke prüfen lassen,Direkte Antwort|Leistungsumfang|benötigte Angaben|Aufwandstreiber|Ablauf|FAQ|verwandte Leistungen|nächster Schritt,interne Begriffe|fremde Standorte|nicht angebotene Leistungen|unbelegte Versprechen,,,7 sichtbare FAQ-Indikatoren,https://www.floxant.de/rueckfahrt-radar,index_follow,included,"Das Rückfahrt-Radar sucht keine Wunderfahrt, sondern prüft realistisch, ob Strecke, Zeitfenster, Volumen und Zugang zu einer vorhandenen oder planbaren Fahrt passen könnten.",Passt dieser Service zu Ihrer Situation?:KEEP|Möbelstück zwischen zwei Städten:KEEP|Kleiner Firmen- oder Lagertransport:KEEP|Mini-Umzug mit flexiblem Termin:KEEP|Vorhandenes Transportangebot wirkt teuer:KEEP|Reinigung besser anfragen:KEEP|Objekt:KEEP|Umfang:KEEP|Termin:KEEP|Zugang:KEEP|Fotos optional:KEEP|Angebot optional:KEEP|Welche Fotos bei Reinigung helfen:KEEP|Hilfreiche Fotos:KEEP|Datenschutz beim Foto:KEEP|Klarer Nutzen statt leerem Sondernamen.:KEEP|Zielgruppe:KEEP|Problem:KEEP,,KEEP,
/region-regensburg,de,Regensburg,service,Information und Anfrage,Information und Anfrage in Regensburg verständlich erklären und zum passenden nächsten Schritt führen,"Umfang, Zugang, Zeitraum und Kontaktwunsch klären","Region Regensburg: Einsatzgebiet, Leistungen und passende Anfragewege","Region Regensburg: Einsatzgebiet, Leistungen und passende Anfragewege",Region Regensburg | Einsatzgebiet & Leistungen | FLOXANT,Region Regensburg | Einsatzgebiet & Leistungen | FLOXANT,Region Regensburg,"Region Regensburg: ausgewählte Leistungen, Städte und Angebotsprüfung im Einsatzgebiet 50 km rund um Regensburg.",Reinigung anfragen,Direkte Antwort|Leistungsumfang|benötigte Angaben|Aufwandstreiber|Ablauf|FAQ|verwandte Leistungen|nächster Schritt,interne Begriffe|fremde Standorte|nicht angebotene Leistungen|unbelegte Versprechen,,,7 sichtbare FAQ-Indikatoren,https://www.floxant.de/region-regensburg,index_follow,included,"Regensburg bleibt der lokale Schwerpunkt für Reinigung. Umlandorte werden nur im 50-km-Umkreis und ohne Standortbehauptung eingeordnet. Diese Seite hilft, Stadt, Leistung und Angebotsprüfung sinnvoll auszuwählen, ohne eine lange Linkwand zu erzeugen.","Was für die erste Rückmeldung zählt:KEEP|Regensburg ohne falsche Standortbehauptung einordnen:KEEP|Leistungsumfang und Kundennutzen:KEEP|Warum dieser Region-Hub existiert:KEEP|Leistungsbereiche getrennt halten:KEEP|Kuratierte Städte statt Linkfarm:KEEP|Erst Eckdaten, dann Entscheidung.:KEEP|Sie haben bereits ein Angebot?:KEEP|Mit der passenden Leistung fortfahren.:KEEP|Regensburg-Hub:KEEP|Region Regensburg:KEEP|Umzug Regensburg:KEEP|Entrümpelung Regensburg:KEEP|Wohnungsauflösung Regensburg:KEEP|Allgemeine Angebotsprüfung:KEEP|Reinigung Regensburg:KEEP|Büroreinigung Regensburg:KEEP|Gewerbereinigung Regensburg:KEEP",,KEEP,
/angebot-pruefen,de,Überregional,service,Angebotsprüfung,Angebotsprüfung verständlich erklären und zum passenden nächsten Schritt führen,"Umfang, Zugang, Zeitraum und Kontaktwunsch klären","Angebot in Regensburg prüfen lassen, bevor Umfang oder Preis unklar bleibt","Angebot in Regensburg prüfen lassen, bevor Umfang oder Preis unklar bleibt",Angebot prüfen lassen | Regensburg | FLOXANT,Angebot prüfen lassen | Regensburg | FLOXANT,Angebot prüfen lassen,"Angebot prüfen lassen in Regensburg: Reinigung im 50-km-Umkreis, Umzug, Entrümpelung oder Wohnungsauflösung sachlich einordnen.",Angebot prüfen lassen,Direkte Antwort|Leistungsumfang|benötigte Angaben|Aufwandstreiber|Ablauf|FAQ|verwandte Leistungen|nächster Schritt,interne Begriffe|fremde Standorte|nicht angebotene Leistungen|unbelegte Versprechen,,,7 sichtbare FAQ-Indikatoren,https://www.floxant.de/angebot-pruefen,index_follow,included,"Diese Seite ist der zentrale Einstieg, wenn ein Angebot vorliegt oder Preis, Umfang, Zusatzpositionen und Fotos erst sortiert werden müssen. Reinigung wird nur für Regensburg und den Umkreis bis 50 km eingeordnet.","Was für die erste Rückmeldung zählt:KEEP|Regensburg ohne falsche Standortbehauptung einordnen:KEEP|Leistungsumfang und Kundennutzen:KEEP|Ein Angebot ist mehr als ein Endpreis:KEEP|Reinigung lokal begrenzen:KEEP|Erst Eckdaten, dann Entscheidung.:KEEP|Sie haben bereits ein Angebot?:KEEP|Mit der passenden Leistung fortfahren.:KEEP|Angebot Regensburg prüfen:KEEP|Bestehende Regensburg-Angebotsseite:KEEP|Region Regensburg:KEEP|Häufige Fragen zu Angebotsprüfung in Regensburg:KEEP",,KEEP,
/regensburg/reinigungsfirma,de,Regensburg,service,Reinigung,Reinigung in Regensburg verständlich erklären und zum passenden nächsten Schritt führen,"Umfang, Zugang, Zeitraum und Kontaktwunsch klären","Reinigungsfirma in Regensburg für Büro, Gewerbe, Wohnung und Übergabe","Reinigungsfirma in Regensburg für Büro, Gewerbe, Wohnung und Übergabe",Reinigungsfirma Regensburg | Büroreinigung & Angebot | FLOXANT,Reinigungsfirma Regensburg | Büroreinigung & Angebot | FLOXANT,Reinigungsfirma Regensburg,"Reinigungsfirma Regensburg für Büro, Gewerbe, Wohnung, Endreinigung und Angebot: Stadtteil, Fläche, Fotos und Turnus prüfen.",Reinigungsfirma anfragen,Direkte Antwort|Leistungsumfang|benötigte Angaben|Aufwandstreiber|Ablauf|FAQ|verwandte Leistungen|nächster Schritt,interne Begriffe|fremde Standorte|nicht angebotene Leistungen|unbelegte Versprechen,,,10 sichtbare FAQ-Indikatoren,https://www.floxant.de/regensburg/reinigungsfirma,index_follow,included,"FLOXANT sortiert Reinigungsanfragen in Regensburg, wenn nicht sofort klar ist, ob Büroreinigung, Gewerbereinigung, Endreinigung, Übergabereinigung oder Angebotsprüfung der richtige nächste Schritt ist.","Was wir für die erste Rückmeldung brauchen:KEEP|Anfrage auf Deutsch oder Englisch möglich.:KEEP|Passt Reinigungsfirma in Regensburg zu Ihrer Anfrage?:KEEP|Reinigungsfirma Regensburg im Regensburger Servicegebiet:KEEP|Regensburg Stadtteile:KEEP|Umland bis 50 km:KEEP|Reinigungsanfragen bleiben auf Regensburg, Objekt und Nachweisbarkeit fokussiert.:KEEP|Regensburg als Mittelpunkt:KEEP|Reinigung im 50-km-Radius:KEEP|Keine erfundenen Belege:KEEP|Klare Anfrage statt Blindpreis:KEEP|Diese Angaben machen Reinigungsangebote vergleichbar.:KEEP|Objekt:KEEP|Leistung:KEEP|Nachweise:KEEP|Entscheidung:KEEP|Weitere Reinigungswege passend zu Reinigungsfirma Regensburg:KEEP|Gebäudereinigung Regensburg:KEEP",,KEEP,
/angebot-vergleichen-regensburg,de,Regensburg,service,Angebotsprüfung,Angebotsprüfung in Regensburg verständlich erklären und zum passenden nächsten Schritt führen,"Umfang, Zugang, Zeitraum und Kontaktwunsch klären","Angebot aus Regensburg sachlich prüfen für Reinigung, Umzug oder Wohnungsauflösung","Angebot aus Regensburg sachlich prüfen für Reinigung, Umzug oder Wohnungsauflösung","Angebot vergleichen Regensburg | Reinigung, Umzug & Räumung | FLOXANT","Angebot vergleichen Regensburg | Reinigung, Umzug & Räumung | FLOXANT",Angebot vergleichen Regensburg,"Angebot vergleichen Regensburg: Reinigung, Büroreinigung, Umzug, Wohnungsauflösung oder Entrümpelung mit Fotos sachlich prüfen.",Angebot aus Regensburg prüfen lassen,Direkte Antwort|Leistungsumfang|benötigte Angaben|Aufwandstreiber|Ablauf|FAQ|verwandte Leistungen|nächster Schritt,interne Begriffe|fremde Standorte|nicht angebotene Leistungen|unbelegte Versprechen,,,8 sichtbare FAQ-Indikatoren,https://www.floxant.de/angebot-vergleichen-regensburg,index_follow,included,"FLOXANT prüft vorhandene Angebote aus Regensburg sachlich nach Umfang, Fotos, Termin, Zugang, Zusatzpositionen und offenen Annahmen. Es geht um bessere Einordnung, nicht um eine automatische Unterbietung.",Was wir für die erste Rückmeldung brauchen:KEEP|Angebot für Regensburg prüfen lassen:KEEP|Anfrage auf Deutsch oder Englisch möglich.:KEEP|Passt Angebot vergleichen in Regensburg zu Ihrer Anfrage?:KEEP|Übergabe und Endreinigung abstimmen:KEEP|Worum es auf dieser Seite geht:KEEP|Leistungen passend zu Ihrer Situation.:KEEP|Angebot vergleichen Regensburg:KEEP|Büroreinigung Regensburg:KEEP|Reinigungsfirma Regensburg:KEEP|Umzugsunternehmen Regensburg:KEEP|Wohnungsauflösung Regensburg:KEEP|Entrümpelung Regensburg:KEEP|Wenn mehrere Aufgaben zusammenkommen.:KEEP|Umzug + Reinigung:KEEP|Entrümpelung + Reinigung:KEEP|Haushaltsauflösung + Übergabe:KEEP|Angebot oder Eckdaten prüfen lassen.:KEEP,,KEEP,
/regensburg/umzugsservice,de,Regensburg,service,Umzug,Umzug in Regensburg verständlich erklären und zum passenden nächsten Schritt führen,"Umfang, Zugang, Zeitraum und Kontaktwunsch klären","Umzugsservice Regensburg für Planung, Transport und Zusatzleistungen","Umzugsservice Regensburg für Planung, Transport und Zusatzleistungen","Umzugsservice Regensburg | Umzug, Zusatzleistungen & Angebot","Umzugsservice Regensburg | Umzug, Zusatzleistungen & Angebot",Umzugsservice Regensburg,"Umzugsservice Regensburg für Planung, Tragen, Transport, Demontage, Reinigung danach und Angebotsprüfung mit Fotos und Eckdaten.",Umzugsservice anfragen,Direkte Antwort|Leistungsumfang|benötigte Angaben|Aufwandstreiber|Ablauf|FAQ|verwandte Leistungen|nächster Schritt,interne Begriffe|fremde Standorte|nicht angebotene Leistungen|unbelegte Versprechen,,,7 sichtbare FAQ-Indikatoren,https://www.floxant.de/regensburg/umzugsservice,index_follow,included,"Umzugsservice in Regensburg anfragen: mit Ort, Fotos, Umfang, Termin und vorhandenen Angeboten sauber prüfen lassen.","Was für die erste Rückmeldung zählt:KEEP|Regensburg ohne falsche Standortbehauptung einordnen:KEEP|Leistungsumfang und Kundennutzen:KEEP|Umzugsservice in Regensburg mit prüfbaren Eckdaten:KEEP|Typische Kundensituationen:KEEP|Regionale Einordnung ohne Standortbehauptung:KEEP|Erst Eckdaten, dann Entscheidung.:KEEP|Sie haben bereits ein Angebot?:KEEP|Mit der passenden Leistung fortfahren.:KEEP|Regensburg-Hub:KEEP|Region Regensburg:KEEP|Umzug Regensburg:KEEP|Entrümpelung Regensburg:KEEP|Wohnungsauflösung Regensburg:KEEP|Allgemeine Angebotsprüfung:KEEP|Häufige Fragen zu Umzugsservice in Regensburg:KEEP",,KEEP,
/regensburg/umzug-kosten,de,Regensburg,service,Umzug,Umzug in Regensburg verständlich erklären und zum passenden nächsten Schritt führen,"Umfang, Zugang, Zeitraum und Kontaktwunsch klären",Umzugskosten Regensburg verstehen und Angebot prüfen lassen,Umzugskosten Regensburg verstehen und Angebot prüfen lassen,Umzugskosten Regensburg | Kostenfaktoren & Angebot prüfen,Umzugskosten Regensburg | Kostenfaktoren & Angebot prüfen,Umzugskosten Regensburg,"Umzugskosten Regensburg verstehen: Wohnungsgroesse, Etage, Aufzug, Entfernung, Haltezone, Demontage, Kartons, Reinigung und Angebot prüfen.",Umzugskosten anfragen,Direkte Antwort|Leistungsumfang|benötigte Angaben|Aufwandstreiber|Ablauf|FAQ|verwandte Leistungen|nächster Schritt,interne Begriffe|fremde Standorte|nicht angebotene Leistungen|unbelegte Versprechen,,,7 sichtbare FAQ-Indikatoren,https://www.floxant.de/regensburg/umzug-kosten,index_follow,included,"Umzugskosten in Regensburg anfragen: mit Ort, Fotos, Umfang, Termin und vorhandenen Angeboten sauber prüfen lassen.","Was für die erste Rückmeldung zählt:KEEP|Regensburg ohne falsche Standortbehauptung einordnen:KEEP|Leistungsumfang und Kundennutzen:KEEP|Kostenfaktoren statt erfundener Festpreis:KEEP|Wenn Reinigung oder Entrümpelung dazukommt:KEEP|Lokaler Rahmen:KEEP|Erst Eckdaten, dann Entscheidung.:KEEP|Sie haben bereits ein Angebot?:KEEP|Mit der passenden Leistung fortfahren.:KEEP|Regensburg-Hub:KEEP|Region Regensburg:KEEP|Umzug Regensburg:KEEP|Entrümpelung Regensburg:KEEP|Wohnungsauflösung Regensburg:KEEP|Allgemeine Angebotsprüfung:KEEP|Häufige Fragen zu Umzugskosten in Regensburg:KEEP",,KEEP,
/regensburg/seniorenumzug,de,Regensburg,service,Seniorenumzug,Seniorenumzug in Regensburg verständlich erklären und zum passenden nächsten Schritt führen,"Umfang, Zugang, Zeitraum und Kontaktwunsch klären",Seniorenumzug Regensburg ruhig mit Angehörigen und Übergabe planen,Seniorenumzug Regensburg ruhig mit Angehörigen und Übergabe planen,Seniorenumzug Regensburg | Ruhig mit Angehörigen planen,Seniorenumzug Regensburg | Ruhig mit Angehörigen planen,Seniorenumzug Regensburg,"Seniorenumzug Regensburg mit Angehörigen, Packhilfe, Übergabe, Wohnungsauflösung und Reinigung nach Auszug ruhig prüfen.",Seniorenumzug anfragen,Direkte Antwort|Leistungsumfang|benötigte Angaben|Aufwandstreiber|Ablauf|FAQ|verwandte Leistungen|nächster Schritt,interne Begriffe|fremde Standorte|nicht angebotene Leistungen|unbelegte Versprechen,,,7 sichtbare FAQ-Indikatoren,https://www.floxant.de/regensburg/seniorenumzug,index_follow,included,"Seniorenumzug in Regensburg anfragen: mit Ort, Fotos, Umfang, Termin und vorhandenen Angeboten sauber prüfen lassen.","Was für die erste Rückmeldung zählt:KEEP|Regensburg ohne falsche Standortbehauptung einordnen:KEEP|Leistungsumfang und Kundennutzen:KEEP|Seniorenumzug in Regensburg mit prüfbaren Eckdaten:KEEP|Typische Kundensituationen:KEEP|Regionale Einordnung ohne Standortbehauptung:KEEP|Erst Eckdaten, dann Entscheidung.:KEEP|Sie haben bereits ein Angebot?:KEEP|Mit der passenden Leistung fortfahren.:KEEP|Regensburg-Hub:KEEP|Region Regensburg:KEEP|Umzug Regensburg:KEEP|Entrümpelung Regensburg:KEEP|Wohnungsauflösung Regensburg:KEEP|Allgemeine Angebotsprüfung:KEEP|Häufige Fragen zu Seniorenumzug in Regensburg:KEEP",,KEEP,
/regensburg/reinigung-nach-umzug,de,Regensburg,service,Umzug,Umzug in Regensburg verständlich erklären und zum passenden nächsten Schritt führen,"Umfang, Zugang, Zeitraum und Kontaktwunsch klären","Reinigung nach Umzug Regensburg für Auszug, Endreinigung und Übergabe","Reinigung nach Umzug Regensburg für Auszug, Endreinigung und Übergabe",Reinigung nach Umzug Regensburg | Übergabe vorbereiten,Reinigung nach Umzug Regensburg | Übergabe vorbereiten,Reinigung nach Umzug Regensburg,"Reinigung nach Umzug in Regensburg für Auszug, Endreinigung, Übergabe, Restpunkte und Fotos unverbindlich prüfen.",Reinigung nach Umzug anfragen,Direkte Antwort|Leistungsumfang|benötigte Angaben|Aufwandstreiber|Ablauf|FAQ|verwandte Leistungen|nächster Schritt,interne Begriffe|fremde Standorte|nicht angebotene Leistungen|unbelegte Versprechen,,,7 sichtbare FAQ-Indikatoren,https://www.floxant.de/regensburg/reinigung-nach-umzug,index_follow,included,"Reinigung nach Umzug in Regensburg anfragen: mit Ort, Fotos, Umfang, Termin und vorhandenen Angeboten sauber prüfen lassen.","Was für die erste Rückmeldung zählt:KEEP|Regensburg ohne falsche Standortbehauptung einordnen:KEEP|Leistungsumfang und Kundennutzen:KEEP|Reinigung nach Umzug in Regensburg konkret einordnen:KEEP|Leistungsumfang und Zielgruppen:KEEP|Lokaler Rahmen:KEEP|Erst Eckdaten, dann Entscheidung.:KEEP|Sie haben bereits ein Angebot?:KEEP|Mit der passenden Leistung fortfahren.:KEEP|Reinigung Regensburg:KEEP|Büroreinigung Regensburg:KEEP|Gewerbereinigung Regensburg:KEEP|Praxisreinigung Regensburg:KEEP|Treppenhausreinigung Regensburg:KEEP|Reinigungsangebot prüfen:KEEP|Häufige Fragen zu Reinigung nach Umzug in Regensburg:KEEP",,KEEP,
/regensburg/angebot-vergleichen,de,Regensburg,service,Angebotsprüfung,Angebotsprüfung in Regensburg verständlich erklären und zum passenden nächsten Schritt führen,"Umfang, Zugang, Zeitraum und Kontaktwunsch klären","Angebot in Regensburg prüfen für Umzug, Reinigung oder Wohnungsauflösung","Angebot in Regensburg prüfen für Umzug, Reinigung oder Wohnungsauflösung","Angebot prüfen Regensburg | Umzug, Reinigung & Räumung","Angebot prüfen Regensburg | Umzug, Reinigung & Räumung",Angebot prüfen Regensburg,"Angebot in Regensburg prüfen: Umzugskosten, Reinigungsangebot, Wohnungsauflösung oder Entrümpelung mit Fotos sachlich vergleichen.",Angebot prüfen lassen,Direkte Antwort|Leistungsumfang|benötigte Angaben|Aufwandstreiber|Ablauf|FAQ|verwandte Leistungen|nächster Schritt,interne Begriffe|fremde Standorte|nicht angebotene Leistungen|unbelegte Versprechen,,,7 sichtbare FAQ-Indikatoren,https://www.floxant.de/regensburg/angebot-vergleichen,index_follow,included,"Angebotsprüfung in Regensburg anfragen: mit Ort, Fotos, Umfang, Termin und vorhandenen Angeboten sauber prüfen lassen.","Was für die erste Rückmeldung zählt:KEEP|Regensburg ohne falsche Standortbehauptung einordnen:KEEP|Leistungsumfang und Kundennutzen:KEEP|Angebote in Regensburg sachlich prüfen:KEEP|Wann die Prüfung sinnvoll ist:KEEP|Was für den Start reicht:KEEP|Erst Eckdaten, dann Entscheidung.:KEEP|Sie haben bereits ein Angebot?:KEEP|Mit der passenden Leistung fortfahren.:KEEP|Reinigung Regensburg:KEEP|Büroreinigung Regensburg:KEEP|Gewerbereinigung Regensburg:KEEP|Region Regensburg:KEEP|Häufige Fragen zu Angebotsprüfung in Regensburg:KEEP",,KEEP,
/en/regensburg/cleaning,en,Regensburg,service,Reinigung,Reinigung in Regensburg verständlich erklären und zum passenden nächsten Schritt führen,"Umfang, Zugang, Zeitraum und Kontaktwunsch klären","Cleaning service in Regensburg for apartment, office and practice","Cleaning service in Regensburg for apartment, office and practice",Cleaning Service Regensburg | English Quote & WhatsApp,Cleaning Service Regensburg | English Quote & WhatsApp,Cleaning Service Regensburg,"English cleaning service in Regensburg for apartment, office, practice and commercial spaces. Send photos, timing and an existing quote for review.",Request Cleaning service,Direkte Antwort|Leistungsumfang|benötigte Angaben|Aufwandstreiber|Ablauf|FAQ|verwandte Leistungen|nächster Schritt,interne Begriffe|fremde Standorte|nicht angebotene Leistungen|unbelegte Versprechen,,,6 sichtbare FAQ-Indikatoren,https://www.floxant.de/en/regensburg/cleaning,index_follow,included,"For English-speaking customers in Regensburg who need cleaning, clear scope, photos by WhatsApp and a realistic first assessment before booking.","What matters for the first reply:KEEP|Regensburg service area and practical details:KEEP|Service scope and customer value:KEEP|Cleaning in Regensburg with clear local context:KEEP|What the first request should include:KEEP|Information for English-speaking customers:KEEP|First facts, then a clear next step.:KEEP|Already have a quote?:KEEP|Continue with the service that fits your request.:KEEP|Cleaning service Regensburg:KEEP|Office cleaning Regensburg:KEEP|Apartment cleaning Regensburg:KEEP|Deep cleaning Regensburg:KEEP|Stairwell cleaning Regensburg:KEEP|Cleaning quote review:KEEP|German cleaning page:KEEP|Common questions about Cleaning service in Regensburg:KEEP",,KEEP,
/en/regensburg/office-cleaning,en,Regensburg,service,Büroreinigung,Büroreinigung in Regensburg verständlich erklären und zum passenden nächsten Schritt führen,"Umfang, Zugang, Zeitraum und Kontaktwunsch klären","Office cleaning in Regensburg with scope, timing and quote review","Office cleaning in Regensburg with scope, timing and quote review",Office Cleaning Regensburg | English Request & Quote Review,Office Cleaning Regensburg | English Request & Quote Review,Office Cleaning Regensburg,"Office cleaning in Regensburg for workplaces, kitchen, sanitary areas and after-hours access. Send photos and review an existing cleaning quote.",Request Office cleaning,Direkte Antwort|Leistungsumfang|benötigte Angaben|Aufwandstreiber|Ablauf|FAQ|verwandte Leistungen|nächster Schritt,interne Begriffe|fremde Standorte|nicht angebotene Leistungen|unbelegte Versprechen,,,6 sichtbare FAQ-Indikatoren,https://www.floxant.de/en/regensburg/office-cleaning,index_follow,included,"For offices, studios, agencies, practices and commercial spaces where cleaning scope, access, timing and recurring tasks need to be clear before pricing.","What matters for the first reply:KEEP|Regensburg service area and practical details:KEEP|Service scope and customer value:KEEP|Office cleaning is about more than square meters:KEEP|Regensburg office districts:KEEP|Quote review for office cleaning:KEEP|First facts, then a clear next step.:KEEP|Already have a quote?:KEEP|Continue with the service that fits your request.:KEEP|Cleaning service Regensburg:KEEP|Office cleaning Regensburg:KEEP|Apartment cleaning Regensburg:KEEP|Deep cleaning Regensburg:KEEP|Stairwell cleaning Regensburg:KEEP|Cleaning quote review:KEEP|German cleaning page:KEEP|Answers for the next step:KEEP|Which areas should be listed in an office cleaning request?:KEEP",,KEEP,
/en/regensburg/apartment-cleaning,en,Regensburg,service,Reinigung,Reinigung in Regensburg verständlich erklären und zum passenden nächsten Schritt führen,"Umfang, Zugang, Zeitraum und Kontaktwunsch klären",Apartment cleaning in Regensburg before move-out or handover,Apartment cleaning in Regensburg before move-out or handover,Apartment Cleaning Regensburg | Move-Out & Handover,Apartment Cleaning Regensburg | Move-Out & Handover,Apartment Cleaning Regensburg,"Apartment cleaning in Regensburg for move-out, handover, empty flats and deep cleaning. English request with photos and quote review.",Request Apartment cleaning,Direkte Antwort|Leistungsumfang|benötigte Angaben|Aufwandstreiber|Ablauf|FAQ|verwandte Leistungen|nächster Schritt,interne Begriffe|fremde Standorte|nicht angebotene Leistungen|unbelegte Versprechen,,,6 sichtbare FAQ-Indikatoren,https://www.floxant.de/en/regensburg/apartment-cleaning,index_follow,included,"For tenants, landlords and expats who need a flat cleaned before handover, after moving out or before the next use.","What matters for the first reply:KEEP|Regensburg service area and practical details:KEEP|Service scope and customer value:KEEP|Apartment cleaning before handover:KEEP|Regensburg local fit:KEEP|Move-out clarity:KEEP|First facts, then a clear next step.:KEEP|Already have a quote?:KEEP|Continue with the service that fits your request.:KEEP|Cleaning service Regensburg:KEEP|Office cleaning Regensburg:KEEP|Apartment cleaning Regensburg:KEEP|Deep cleaning Regensburg:KEEP|Stairwell cleaning Regensburg:KEEP|Cleaning quote review:KEEP|German cleaning page:KEEP|Common questions about Apartment cleaning in Regensburg:KEEP",,KEEP,
/en/regensburg/deep-cleaning,en,Regensburg,service,Grundreinigung,Grundreinigung in Regensburg verständlich erklären und zum passenden nächsten Schritt führen,"Umfang, Zugang, Zeitraum und Kontaktwunsch klären","Deep cleaning in Regensburg after move-out, renovation or heavy dirt","Deep cleaning in Regensburg after move-out, renovation or heavy dirt","Deep Cleaning Regensburg | Apartment, Office & Move-Out","Deep Cleaning Regensburg | Apartment, Office & Move-Out",Deep Cleaning Regensburg,"Deep cleaning in Regensburg after move-out, renovation or heavy dirt. Send photos, scope and timing for a realistic English assessment.",Request Deep cleaning,Direkte Antwort|Leistungsumfang|benötigte Angaben|Aufwandstreiber|Ablauf|FAQ|verwandte Leistungen|nächster Schritt,interne Begriffe|fremde Standorte|nicht angebotene Leistungen|unbelegte Versprechen,,,6 sichtbare FAQ-Indikatoren,https://www.floxant.de/en/regensburg/deep-cleaning,index_follow,included,"Deep cleaning needs a realistic look at rooms, materials, dirt level, access and the desired final condition before any promise makes sense.","What matters for the first reply:KEEP|Regensburg service area and practical details:KEEP|Service scope and customer value:KEEP|Deep cleaning is not a blind fixed price:KEEP|When deep cleaning is the right term:KEEP|Honest limits:KEEP|First facts, then a clear next step.:KEEP|Already have a quote?:KEEP|Continue with the service that fits your request.:KEEP|Cleaning service Regensburg:KEEP|Office cleaning Regensburg:KEEP|Apartment cleaning Regensburg:KEEP|Deep cleaning Regensburg:KEEP|Stairwell cleaning Regensburg:KEEP|Cleaning quote review:KEEP|German cleaning page:KEEP|Common questions about Deep cleaning in Regensburg:KEEP",,KEEP,
/en/regensburg/move-out-cleaning,en,Regensburg,service,Reinigung,Reinigung in Regensburg verständlich erklären und zum passenden nächsten Schritt führen,"Umfang, Zugang, Zeitraum und Kontaktwunsch klären",Move-out cleaning in Regensburg for apartment handover,Move-out cleaning in Regensburg for apartment handover,Move-Out Cleaning Regensburg | Apartment Handover,Move-Out Cleaning Regensburg | Apartment Handover,Move-Out Cleaning Regensburg,"Move-out cleaning in Regensburg for apartment handover, empty flats and key return. English WhatsApp request with photos and quote review.",Request Move-out cleaning,Direkte Antwort|Leistungsumfang|benötigte Angaben|Aufwandstreiber|Ablauf|FAQ|verwandte Leistungen|nächster Schritt,interne Begriffe|fremde Standorte|nicht angebotene Leistungen|unbelegte Versprechen,,,6 sichtbare FAQ-Indikatoren,https://www.floxant.de/en/regensburg/move-out-cleaning,index_follow,included,"For handover dates where kitchen, bathroom, floors, visible dirt, keys and timing need to be coordinated calmly.","What matters for the first reply:KEEP|Regensburg service area and practical details:KEEP|Service scope and customer value:KEEP|Move-out cleaning before key return:KEEP|Regensburg timing matters:KEEP|Review before booking:KEEP|First facts, then a clear next step.:KEEP|Already have a quote?:KEEP|Continue with the service that fits your request.:KEEP|Cleaning service Regensburg:KEEP|Office cleaning Regensburg:KEEP|Apartment cleaning Regensburg:KEEP|Deep cleaning Regensburg:KEEP|Stairwell cleaning Regensburg:KEEP|Cleaning quote review:KEEP|German cleaning page:KEEP|Answers for the next step:KEEP|How is the suitable type of cleaning determined?:KEEP",,KEEP,
/en/regensburg/stairwell-cleaning,en,Regensburg,service,Treppenhausreinigung,Treppenhausreinigung in Regensburg verständlich erklären und zum passenden nächsten Schritt führen,"Umfang, Zugang, Zeitraum und Kontaktwunsch klären","Stairwell cleaning in Regensburg for entrance, hallway and property management","Stairwell cleaning in Regensburg for entrance, hallway and property management",Stairwell Cleaning Regensburg | Entrance & Hallway,Stairwell Cleaning Regensburg | Entrance & Hallway,Stairwell Cleaning Regensburg,"Stairwell cleaning in Regensburg for entrances, hallways and property management. English request with floors, access, photos and quote review.",Request Stairwell cleaning,Direkte Antwort|Leistungsumfang|benötigte Angaben|Aufwandstreiber|Ablauf|FAQ|verwandte Leistungen|nächster Schritt,interne Begriffe|fremde Standorte|nicht angebotene Leistungen|unbelegte Versprechen,,,6 sichtbare FAQ-Indikatoren,https://www.floxant.de/en/regensburg/stairwell-cleaning,index_follow,included,"For houses and managed properties where entrance, stairs, floors, frequency and access need to be clarified before a cleaning plan is useful.","What matters for the first reply:KEEP|Regensburg service area and practical details:KEEP|Service scope and customer value:KEEP|Stairwell cleaning with realistic scope:KEEP|Useful local details:KEEP|For property management:KEEP|First facts, then a clear next step.:KEEP|Already have a quote?:KEEP|Continue with the service that fits your request.:KEEP|Cleaning service Regensburg:KEEP|Office cleaning Regensburg:KEEP|Apartment cleaning Regensburg:KEEP|Deep cleaning Regensburg:KEEP|Stairwell cleaning Regensburg:KEEP|Cleaning quote review:KEEP|German cleaning page:KEEP|Common questions about Stairwell cleaning in Regensburg:KEEP",,KEEP,
/en/regensburg/cleaning-quote-review,en,Regensburg,service,Angebotsprüfung,Angebotsprüfung in Regensburg verständlich erklären und zum passenden nächsten Schritt führen,"Umfang, Zugang, Zeitraum und Kontaktwunsch klären",Cleaning quote review in Regensburg before you book,Cleaning quote review in Regensburg before you book,Cleaning Quote Review Regensburg | Compare Before Booking,Cleaning Quote Review Regensburg | Compare Before Booking,Cleaning Quote Review Regensburg,"Review a cleaning quote in Regensburg before booking. FLOXANT checks price, scope, timing, access, extra items and photos in English.",,Direkte Antwort|Leistungsumfang|benötigte Angaben|Aufwandstreiber|Ablauf|FAQ|verwandte Leistungen|nächster Schritt,interne Begriffe|fremde Standorte|nicht angebotene Leistungen|unbelegte Versprechen,,,6 sichtbare FAQ-Indikatoren,https://www.floxant.de/en/regensburg/cleaning-quote-review,index_follow,included,"If a cleaning quote is hard to compare, send the offer, photos and project facts. FLOXANT checks whether the scope and assumptions are clear.","What matters for the first reply:KEEP|Regensburg service area and practical details:KEEP|Service scope and customer value:KEEP|What is checked:KEEP|No blind underbidding:KEEP|Best starting documents:KEEP|First facts, then a clear next step.:KEEP|Already have a quote?:KEEP|Continue with the service that fits your request.:KEEP|Cleaning service Regensburg:KEEP|Office cleaning Regensburg:KEEP|Apartment cleaning Regensburg:KEEP|Deep cleaning Regensburg:KEEP|Stairwell cleaning Regensburg:KEEP|Cleaning quote review:KEEP|German cleaning page:KEEP|Common questions about Cleaning quote review in Regensburg:KEEP",,KEEP,
/en/regensburg/moving,en,Regensburg,service,Umzug,Umzug in Regensburg verständlich erklären und zum passenden nächsten Schritt führen,"Umfang, Zugang, Zeitraum und Kontaktwunsch klären","Moving service in Regensburg with photos, access and quote review","Moving service in Regensburg with photos, access and quote review",Moving Service Regensburg | English Quote Review,Moving Service Regensburg | English Quote Review,Moving Service Regensburg,"Moving service in Regensburg for apartment moves, furniture, access checks and cleaning after moving. Send photos and review a quote in English.",Request Moving service,Direkte Antwort|Leistungsumfang|benötigte Angaben|Aufwandstreiber|Ablauf|FAQ|verwandte Leistungen|nächster Schritt,interne Begriffe|fremde Standorte|nicht angebotene Leistungen|unbelegte Versprechen,,,9 sichtbare FAQ-Indikatoren,https://www.floxant.de/en/regensburg/moving,index_follow,included,"For English-speaking customers who need a move in Regensburg and want volume, access, timing and possible cleaning clarified before booking.","What matters for the first reply:KEEP|Regensburg service area and practical details:KEEP|Service scope and customer value:KEEP|Moving in Regensburg starts with facts:KEEP|Cleaning and clearance separated:KEEP|Local Regensburg context:KEEP|First facts, then a clear next step.:KEEP|Already have a quote?:KEEP|Continue with the service that fits your request.:KEEP|Moving service Regensburg:KEEP|Moving company Regensburg:KEEP|Moving costs Regensburg:KEEP|House clearance Regensburg:KEEP|Apartment clearance Regensburg:KEEP|Cleaning after moving:KEEP|Moving quote review:KEEP|German quote review page:KEEP|Answers for the next step:KEEP",,KEEP,
/en/regensburg/moving-company,en,Regensburg,service,Umzug,Umzug in Regensburg verständlich erklären und zum passenden nächsten Schritt führen,"Umfang, Zugang, Zeitraum und Kontaktwunsch klären",Moving company in Regensburg for clear scope before booking,Moving company in Regensburg for clear scope before booking,Moving Company Regensburg | English Request & Estimate,Moving Company Regensburg | English Request & Estimate,Moving Company Regensburg,"Moving company in Regensburg: send volume, floor, access, photos and timing. FLOXANT checks the move and an existing quote in English.",Request Moving company,Direkte Antwort|Leistungsumfang|benötigte Angaben|Aufwandstreiber|Ablauf|FAQ|verwandte Leistungen|nächster Schritt,interne Begriffe|fremde Standorte|nicht angebotene Leistungen|unbelegte Versprechen,,,6 sichtbare FAQ-Indikatoren,https://www.floxant.de/en/regensburg/moving-company,index_follow,included,"For moves where the real effort depends on volume, floor, elevator, access, parking, dismantling and possible cleaning after moving.","What matters for the first reply:KEEP|Regensburg service area and practical details:KEEP|Service scope and customer value:KEEP|A moving company quote needs comparable facts:KEEP|Regensburg access matters:KEEP|Quote review before the decision:KEEP|First facts, then a clear next step.:KEEP|Already have a quote?:KEEP|Continue with the service that fits your request.:KEEP|Moving service Regensburg:KEEP|Moving company Regensburg:KEEP|Moving costs Regensburg:KEEP|House clearance Regensburg:KEEP|Apartment clearance Regensburg:KEEP|Cleaning after moving:KEEP|Moving quote review:KEEP|German quote review page:KEEP|Common questions about Moving company in Regensburg:KEEP",,KEEP,
/en/regensburg/moving-costs,en,Regensburg,service,Umzug,Umzug in Regensburg verständlich erklären und zum passenden nächsten Schritt führen,"Umfang, Zugang, Zeitraum und Kontaktwunsch klären",Moving costs in Regensburg: factors before a quote makes sense,Moving costs in Regensburg: factors before a quote makes sense,Moving Costs Regensburg | Estimate Factors & Quote Review,Moving Costs Regensburg | Estimate Factors & Quote Review,Moving Costs Regensburg,"Understand moving costs in Regensburg: volume, floor, access, parking, distance, dismantling, cleaning and quote review in English.",Request Moving costs,Direkte Antwort|Leistungsumfang|benötigte Angaben|Aufwandstreiber|Ablauf|FAQ|verwandte Leistungen|nächster Schritt,interne Begriffe|fremde Standorte|nicht angebotene Leistungen|unbelegte Versprechen,,,6 sichtbare FAQ-Indikatoren,https://www.floxant.de/en/regensburg/moving-costs,index_follow,included,"Moving costs depend on more than distance. FLOXANT checks volume, access, stairs, parking, timing and extra work before a realistic next step.","What matters for the first reply:KEEP|Regensburg service area and practical details:KEEP|Service scope and customer value:KEEP|Cost factors for a Regensburg move:KEEP|Why photos help:KEEP|Review an existing estimate:KEEP|First facts, then a clear next step.:KEEP|Already have a quote?:KEEP|Continue with the service that fits your request.:KEEP|Moving service Regensburg:KEEP|Moving company Regensburg:KEEP|Moving costs Regensburg:KEEP|House clearance Regensburg:KEEP|Apartment clearance Regensburg:KEEP|Cleaning after moving:KEEP|Moving quote review:KEEP|German quote review page:KEEP|Common questions about Moving costs in Regensburg:KEEP",,KEEP,
/en/regensburg/house-clearance,en,Regensburg,service,Entrümpelung,Entrümpelung in Regensburg verständlich erklären und zum passenden nächsten Schritt führen,"Umfang, Zugang, Zeitraum und Kontaktwunsch klären",House clearance in Regensburg with calm scope and quote review,House clearance in Regensburg with calm scope and quote review,House Clearance Regensburg | Apartment Clearance & Cleaning,House Clearance Regensburg | Apartment Clearance & Cleaning,House Clearance Regensburg,"House and apartment clearance in Regensburg with photos, access, disposal scope and cleaning after clearance. English request and quote review.",Request House clearance,Direkte Antwort|Leistungsumfang|benötigte Angaben|Aufwandstreiber|Ablauf|FAQ|verwandte Leistungen|nächster Schritt,interne Begriffe|fremde Standorte|nicht angebotene Leistungen|unbelegte Versprechen,,,7 sichtbare FAQ-Indikatoren,https://www.floxant.de/en/regensburg/house-clearance,index_follow,included,"For apartments, houses or estate situations where rooms, access, permission, disposal and cleaning after clearance need to be sorted calmly.","What matters for the first reply:KEEP|Regensburg service area and practical details:KEEP|Service scope and customer value:KEEP|Clearance starts with permission and photos:KEEP|Sensitive situations:KEEP|Cleaning after clearance:KEEP|First facts, then a clear next step.:KEEP|Already have a quote?:KEEP|Continue with the service that fits your request.:KEEP|Moving service Regensburg:KEEP|Moving company Regensburg:KEEP|Moving costs Regensburg:KEEP|House clearance Regensburg:KEEP|Apartment clearance Regensburg:KEEP|Cleaning after moving:KEEP|Moving quote review:KEEP|German quote review page:KEEP|Answers for the next step:KEEP",,KEEP,
/en/regensburg/cleaning-after-moving,en,Regensburg,service,Umzug,Umzug in Regensburg verständlich erklären und zum passenden nächsten Schritt führen,"Umfang, Zugang, Zeitraum und Kontaktwunsch klären",Cleaning after moving in Regensburg for handover or next use,Cleaning after moving in Regensburg for handover or next use,Cleaning After Moving Regensburg | Handover Cleaning,Cleaning After Moving Regensburg | Handover Cleaning,Cleaning After Moving Regensburg,"Cleaning after moving in Regensburg for apartment handover, empty flats and move-out cleaning. English request with photos and quote review.",Request Cleaning after moving,Direkte Antwort|Leistungsumfang|benötigte Angaben|Aufwandstreiber|Ablauf|FAQ|verwandte Leistungen|nächster Schritt,interne Begriffe|fremde Standorte|nicht angebotene Leistungen|unbelegte Versprechen,,,6 sichtbare FAQ-Indikatoren,https://www.floxant.de/en/regensburg/cleaning-after-moving,index_follow,included,"For old apartments after a move, where kitchen, bathroom, floors, remaining dirt, timing and key handover need to be clarified.","What matters for the first reply:KEEP|Regensburg service area and practical details:KEEP|Service scope and customer value:KEEP|Cleaning after moving is easier with photos:KEEP|Move and cleaning separated:KEEP|Regensburg handover context:KEEP|First facts, then a clear next step.:KEEP|Already have a quote?:KEEP|Continue with the service that fits your request.:KEEP|Moving service Regensburg:KEEP|Moving company Regensburg:KEEP|Moving costs Regensburg:KEEP|House clearance Regensburg:KEEP|Apartment clearance Regensburg:KEEP|Cleaning after moving:KEEP|Moving quote review:KEEP|German quote review page:KEEP|Common questions about Cleaning after moving in Regensburg:KEEP",,KEEP,
/en/regensburg/apartment-clearance,en,Regensburg,service,Entrümpelung,Entrümpelung in Regensburg verständlich erklären und zum passenden nächsten Schritt führen,"Umfang, Zugang, Zeitraum und Kontaktwunsch klären",Apartment clearance in Regensburg with disposal scope and quote review,Apartment clearance in Regensburg with disposal scope and quote review,"Apartment Clearance Regensburg | Clearance, Disposal & Cleaning","Apartment Clearance Regensburg | Clearance, Disposal & Cleaning",Apartment Clearance Regensburg,"Apartment clearance in Regensburg with photos, access, disposal scope and possible cleaning after clearance. English request and quote review.",Request Apartment clearance,Direkte Antwort|Leistungsumfang|benötigte Angaben|Aufwandstreiber|Ablauf|FAQ|verwandte Leistungen|nächster Schritt,interne Begriffe|fremde Standorte|nicht angebotene Leistungen|unbelegte Versprechen,,,6 sichtbare FAQ-Indikatoren,https://www.floxant.de/en/regensburg/apartment-clearance,index_follow,included,"For apartments where rooms, remaining items, access, permission, disposal and possible cleaning after clearance need a calm first assessment.","What matters for the first reply:KEEP|Regensburg service area and practical details:KEEP|Service scope and customer value:KEEP|Apartment clearance is not only transport:KEEP|Clearance and cleaning separated:KEEP|Regensburg local context:KEEP|First facts, then a clear next step.:KEEP|Already have a quote?:KEEP|Continue with the service that fits your request.:KEEP|Moving service Regensburg:KEEP|Moving company Regensburg:KEEP|Moving costs Regensburg:KEEP|House clearance Regensburg:KEEP|Apartment clearance Regensburg:KEEP|Cleaning after moving:KEEP|Moving quote review:KEEP|German quote review page:KEEP|Common questions about Apartment clearance in Regensburg:KEEP",,KEEP,
/en/regensburg/moving-quote-review,en,Regensburg,service,Umzug,Umzug in Regensburg verständlich erklären und zum passenden nächsten Schritt führen,"Umfang, Zugang, Zeitraum und Kontaktwunsch klären",Moving quote review in Regensburg before you book,Moving quote review in Regensburg before you book,Moving Quote Review Regensburg | Compare Before Booking,Moving Quote Review Regensburg | Compare Before Booking,Moving Quote Review Regensburg,"Review a moving quote in Regensburg before booking. FLOXANT checks volume, access, extras, cleaning, timing and price assumptions in English.",,Direkte Antwort|Leistungsumfang|benötigte Angaben|Aufwandstreiber|Ablauf|FAQ|verwandte Leistungen|nächster Schritt,interne Begriffe|fremde Standorte|nicht angebotene Leistungen|unbelegte Versprechen,,,6 sichtbare FAQ-Indikatoren,https://www.floxant.de/en/regensburg/moving-quote-review,index_follow,included,"If a moving estimate is hard to understand, send the quote, photos and basic move facts. FLOXANT checks whether scope and assumptions are clear.","What matters for the first reply:KEEP|Regensburg service area and practical details:KEEP|Service scope and customer value:KEEP|What a moving quote review checks:KEEP|No blind cheaper promise:KEEP|What to send:KEEP|First facts, then a clear next step.:KEEP|Already have a quote?:KEEP|Continue with the service that fits your request.:KEEP|Moving service Regensburg:KEEP|Moving company Regensburg:KEEP|Moving costs Regensburg:KEEP|House clearance Regensburg:KEEP|Apartment clearance Regensburg:KEEP|Cleaning after moving:KEEP|Moving quote review:KEEP|German quote review page:KEEP|Common questions about Moving quote review in Regensburg:KEEP",,KEEP,
/en/duesseldorf/cleaning,en,Düsseldorf,service,Reinigung,Reinigung in Düsseldorf verständlich erklären und zum passenden nächsten Schritt führen,"Umfang, Zugang, Zeitraum und Kontaktwunsch klären","Cleaning service in Düsseldorf for homes, offices and practices","Cleaning service in Düsseldorf for homes, offices and practices",Cleaning Service Düsseldorf | English Request | FLOXANT,Cleaning Service Düsseldorf | English Request | FLOXANT,Cleaning Service Düsseldorf,"Cleaning service in Düsseldorf for apartments, offices, practices and commercial spaces. Send property type, size, timing, access and photos in English.",Request Cleaning service,Direkte Antwort|Leistungsumfang|benötigte Angaben|Aufwandstreiber|Ablauf|FAQ|verwandte Leistungen|nächster Schritt,interne Begriffe|fremde Standorte|nicht angebotene Leistungen|unbelegte Versprechen,,,8 sichtbare FAQ-Indikatoren,https://www.floxant.de/en/duesseldorf/cleaning,index_follow,included,"English cleaning requests for homes, offices, practices and commercial properties in Düsseldorf. Send the details in English and receive a clear reply about the next realistic step.","What matters for the first reply:KEEP|Düsseldorf service area and practical details:KEEP|Service scope and customer value:KEEP|Cleaning service in Düsseldorf with a clear scope:KEEP|What to include in the first message:KEEP|A realistic reply before any promise:KEEP|First facts, then a clear next step.:KEEP|Already have a quote?:KEEP|Continue with the service that fits your request.:KEEP|Cleaning service Düsseldorf:KEEP|Office cleaning Düsseldorf:KEEP|Commercial cleaning Düsseldorf:KEEP|Practice cleaning Düsseldorf:KEEP|Window cleaning Düsseldorf:KEEP|Cleaning quote review:KEEP|German cleaning page:KEEP|Answers for the next step:KEEP|What details are needed for a cleaning request in Düsseldorf?:KEEP",,KEEP,
/en/duesseldorf/office-cleaning,en,Düsseldorf,service,Büroreinigung,Büroreinigung in Düsseldorf verständlich erklären und zum passenden nächsten Schritt führen,"Umfang, Zugang, Zeitraum und Kontaktwunsch klären",Office cleaning in Düsseldorf with a clear schedule and scope,Office cleaning in Düsseldorf with a clear schedule and scope,Office Cleaning Düsseldorf | Schedule & Quote | FLOXANT,Office Cleaning Düsseldorf | Schedule & Quote | FLOXANT,Office Cleaning Düsseldorf,"Office cleaning in Düsseldorf for workspaces, kitchens, sanitary areas and meeting rooms. Send size, frequency, access and preferred cleaning times.",Request Office cleaning,Direkte Antwort|Leistungsumfang|benötigte Angaben|Aufwandstreiber|Ablauf|FAQ|verwandte Leistungen|nächster Schritt,interne Begriffe|fremde Standorte|nicht angebotene Leistungen|unbelegte Versprechen,,,5 sichtbare FAQ-Indikatoren,https://www.floxant.de/en/duesseldorf/office-cleaning,index_follow,included,"Workspaces, frequency, access and cleaning times clearly defined before a quote. Send the details in English and receive a clear reply about the next realistic step.","What matters for the first reply:KEEP|Düsseldorf service area and practical details:KEEP|Service scope and customer value:KEEP|Office cleaning in Düsseldorf with a clear scope:KEEP|What to include in the first message:KEEP|A realistic reply before any promise:KEEP|First facts, then a clear next step.:KEEP|Already have a quote?:KEEP|Continue with the service that fits your request.:KEEP|Cleaning service Düsseldorf:KEEP|Office cleaning Düsseldorf:KEEP|Commercial cleaning Düsseldorf:KEEP|Practice cleaning Düsseldorf:KEEP|Window cleaning Düsseldorf:KEEP|Cleaning quote review:KEEP|German cleaning page:KEEP|Answers for the next step:KEEP|Which areas should be listed in an office cleaning request?:KEEP",,KEEP,
/en/duesseldorf/commercial-cleaning,en,Düsseldorf,service,Gewerbereinigung,Gewerbereinigung in Düsseldorf verständlich erklären und zum passenden nächsten Schritt führen,"Umfang, Zugang, Zeitraum und Kontaktwunsch klären",Commercial cleaning in Düsseldorf by property type and use,Commercial cleaning in Düsseldorf by property type and use,Commercial Cleaning Düsseldorf | Scope & Quote | FLOXANT,Commercial Cleaning Düsseldorf | Scope & Quote | FLOXANT,Commercial Cleaning Düsseldorf,"Commercial cleaning in Düsseldorf for shops, studios and business properties. Send area, use, time windows, access, frequency and required scope.",Request Commercial cleaning,Direkte Antwort|Leistungsumfang|benötigte Angaben|Aufwandstreiber|Ablauf|FAQ|verwandte Leistungen|nächster Schritt,interne Begriffe|fremde Standorte|nicht angebotene Leistungen|unbelegte Versprechen,,,6 sichtbare FAQ-Indikatoren,https://www.floxant.de/en/duesseldorf/commercial-cleaning,index_follow,included,"Property use, service scope, access and cleaning schedule clearly explained in English. Send the details in English and receive a clear reply about the next realistic step.","What matters for the first reply:KEEP|Düsseldorf service area and practical details:KEEP|Service scope and customer value:KEEP|Commercial cleaning in Düsseldorf with a clear scope:KEEP|What to include in the first message:KEEP|A realistic reply before any promise:KEEP|First facts, then a clear next step.:KEEP|Already have a quote?:KEEP|Continue with the service that fits your request.:KEEP|Cleaning service Düsseldorf:KEEP|Office cleaning Düsseldorf:KEEP|Commercial cleaning Düsseldorf:KEEP|Practice cleaning Düsseldorf:KEEP|Window cleaning Düsseldorf:KEEP|Cleaning quote review:KEEP|German cleaning page:KEEP|Common questions about Commercial cleaning in Düsseldorf:KEEP",,KEEP,
/en/duesseldorf/practice-cleaning,en,Düsseldorf,service,Praxisreinigung,Praxisreinigung in Düsseldorf verständlich erklären und zum passenden nächsten Schritt führen,"Umfang, Zugang, Zeitraum und Kontaktwunsch klären","Practice cleaning in Düsseldorf with clear rooms, scope and access","Practice cleaning in Düsseldorf with clear rooms, scope and access",Practice Cleaning Düsseldorf | Scope & Access | FLOXANT,Practice Cleaning Düsseldorf | Scope & Access | FLOXANT,Practice Cleaning Düsseldorf,"Practice cleaning in Düsseldorf for reception, waiting, office, sanitary and agreed ancillary areas. Send a room list, frequency, time window and access details.",Request Practice cleaning,Direkte Antwort|Leistungsumfang|benötigte Angaben|Aufwandstreiber|Ablauf|FAQ|verwandte Leistungen|nächster Schritt,interne Begriffe|fremde Standorte|nicht angebotene Leistungen|unbelegte Versprechen,,,6 sichtbare FAQ-Indikatoren,https://www.floxant.de/en/duesseldorf/practice-cleaning,index_follow,included,"Room list, service scope, time windows and access explained in English without medical hygiene promises. Send the details in English and receive a clear reply about the next realistic step.","What matters for the first reply:KEEP|Düsseldorf service area and practical details:KEEP|Service scope and customer value:KEEP|Practice cleaning in Düsseldorf with a clear scope:KEEP|What to include in the first message:KEEP|A realistic reply before any promise:KEEP|First facts, then a clear next step.:KEEP|Already have a quote?:KEEP|Continue with the service that fits your request.:KEEP|Cleaning service Düsseldorf:KEEP|Office cleaning Düsseldorf:KEEP|Commercial cleaning Düsseldorf:KEEP|Practice cleaning Düsseldorf:KEEP|Window cleaning Düsseldorf:KEEP|Cleaning quote review:KEEP|German cleaning page:KEEP|Common questions about Practice cleaning in Düsseldorf:KEEP",,KEEP,
/en/duesseldorf/window-cleaning,en,Düsseldorf,service,Fensterreinigung,Fensterreinigung in Düsseldorf verständlich erklären und zum passenden nächsten Schritt führen,"Umfang, Zugang, Zeitraum und Kontaktwunsch klären",Window cleaning in Düsseldorf with glass area and access details,Window cleaning in Düsseldorf with glass area and access details,Window Cleaning Düsseldorf | Glass & Access | FLOXANT,Window Cleaning Düsseldorf | Glass & Access | FLOXANT,Window Cleaning Düsseldorf,"Window cleaning in Düsseldorf for homes, offices and shops. Send window count, glass area, inside or outside, frames, floor, access and timing.",Request Window cleaning,Direkte Antwort|Leistungsumfang|benötigte Angaben|Aufwandstreiber|Ablauf|FAQ|verwandte Leistungen|nächster Schritt,interne Begriffe|fremde Standorte|nicht angebotene Leistungen|unbelegte Versprechen,,,6 sichtbare FAQ-Indikatoren,https://www.floxant.de/en/duesseldorf/window-cleaning,index_follow,included,"Window count, glass area, frames, access and timing clearly described in English. Send the details in English and receive a clear reply about the next realistic step.","What matters for the first reply:KEEP|Düsseldorf service area and practical details:KEEP|Service scope and customer value:KEEP|Window cleaning in Düsseldorf with a clear scope:KEEP|What to include in the first message:KEEP|A realistic reply before any promise:KEEP|First facts, then a clear next step.:KEEP|Already have a quote?:KEEP|Continue with the service that fits your request.:KEEP|Cleaning service Düsseldorf:KEEP|Office cleaning Düsseldorf:KEEP|Commercial cleaning Düsseldorf:KEEP|Practice cleaning Düsseldorf:KEEP|Window cleaning Düsseldorf:KEEP|Cleaning quote review:KEEP|German cleaning page:KEEP|Common questions about Window cleaning in Düsseldorf:KEEP",,KEEP,
/en/duesseldorf/cleaning-quote-review,en,Düsseldorf,service,Angebotsprüfung,Angebotsprüfung in Düsseldorf verständlich erklären und zum passenden nächsten Schritt führen,"Umfang, Zugang, Zeitraum und Kontaktwunsch klären",Review a Düsseldorf cleaning quote before you decide,Review a Düsseldorf cleaning quote before you decide,Cleaning Quote Review Düsseldorf | Scope Check | FLOXANT,Cleaning Quote Review Düsseldorf | Scope Check | FLOXANT,Cleaning Quote Review Düsseldorf,"Review a cleaning quote for Düsseldorf: scope, area, frequency, access, time windows, materials, extras and missing assumptions checked in English.",,Direkte Antwort|Leistungsumfang|benötigte Angaben|Aufwandstreiber|Ablauf|FAQ|verwandte Leistungen|nächster Schritt,interne Begriffe|fremde Standorte|nicht angebotene Leistungen|unbelegte Versprechen,,,6 sichtbare FAQ-Indikatoren,https://www.floxant.de/en/duesseldorf/cleaning-quote-review,index_follow,included,"Understand scope, assumptions and possible extras before accepting a cleaning quote. Send the details in English and receive a clear reply about the next realistic step.","What matters for the first reply:KEEP|Düsseldorf service area and practical details:KEEP|Service scope and customer value:KEEP|Cleaning quote review in Düsseldorf with a clear scope:KEEP|What to include in the first message:KEEP|A realistic reply before any promise:KEEP|First facts, then a clear next step.:KEEP|Already have a quote?:KEEP|Continue with the service that fits your request.:KEEP|Cleaning service Düsseldorf:KEEP|Office cleaning Düsseldorf:KEEP|Commercial cleaning Düsseldorf:KEEP|Practice cleaning Düsseldorf:KEEP|Window cleaning Düsseldorf:KEEP|Cleaning quote review:KEEP|German cleaning page:KEEP|Common questions about Cleaning quote review in Düsseldorf:KEEP",,KEEP,
/umzug-bayern,de,Überregional,service,Umzug,Umzug verständlich erklären und zum passenden nächsten Schritt führen,"Umfang, Zugang, Zeitraum und Kontaktwunsch klären",Umzug Bayern,Umzug Bayern,Umzug Bayern | Preisrahmen ab Regensburg prüfen,Umzug Bayern | Preisrahmen ab Regensburg prüfen,Umzug Bayern,"Umzug in Bayern geplant? FLOXANT prüft Strecke, Volumen, Zugang, Montage und Terminlage für eine klare Anfrage. Umzug, Fotos, Termin, Zugang, vorhandenes Angebot und Preisrahmen für Bayern übersichtlich senden.",Umzug anfragen,Direkte Antwort|Leistungsumfang|benötigte Angaben|Aufwandstreiber|Ablauf|FAQ|verwandte Leistungen|nächster Schritt,interne Begriffe|fremde Standorte|nicht angebotene Leistungen|unbelegte Versprechen,,,14 sichtbare FAQ-Indikatoren,https://www.floxant.de/umzug-bayern,index_follow,included,"Ihr verlässliches Umzugsunternehmen für Bayern und Bayern nach Verfügbarkeit. Mit sauberer Vorprüfung, Preisrahmen und klarer Abstimmung vor dem Einsatz.","Umzug in Bayern: erst klären, dann passend anfragen.:KEEP|Kurz zeigen:KEEP|Praktisch prüfen:KEEP|Sauber entscheiden:KEEP|Umzug in Bayern: mit wenigen Angaben sinnvoll starten:KEEP|Anliegen kurz schildern:KEEP|Aus welchem Anlass?:KEEP|Ort, Zugang und Fotos:KEEP|Budget oder Angebot:KEEP|Leistung einordnen:KEEP|Nächste Wege:KEEP|Angebot prüfen:KEEP|FAQ:KEEP|Anfrage starten:KEEP|Privatumzug:KEEP|Vorteile:KEEP|Wie unterscheidet sich der Service vom Standardfall?:KEEP|Ihr Budget kann direkt mitgedacht werden:KEEP",,KEEP,
/umzug-landkreis-regensburg,de,Regensburg,service,Umzug,Umzug in Regensburg verständlich erklären und zum passenden nächsten Schritt führen,"Umfang, Zugang, Zeitraum und Kontaktwunsch klären",Umzug Landkreis-regensburg,Umzug Landkreis-regensburg,Umzugsservice Landkreis Regensburg | Strecke & Termin klären,Umzugsservice Landkreis Regensburg | Strecke & Termin klären,Umzugsservice Landkreis Regensburg,"Umzug in Landkreis Regensburg: FLOXANT prüft Volumen, Zugang, Strecke, Termin und Extras. Anfrage mit Fotos oder Preisrahmen mit konkreten Eckdaten starten. Landkreis Regensburg wird über den FLOXANT-Regensburg-Radius...",Umzug anfragen,Direkte Antwort|Leistungsumfang|benötigte Angaben|Aufwandstreiber|Ablauf|FAQ|verwandte Leistungen|nächster Schritt,interne Begriffe|fremde Standorte|nicht angebotene Leistungen|unbelegte Versprechen,,,14 sichtbare FAQ-Indikatoren,https://www.floxant.de/umzug-landkreis-regensburg,index_follow,included,"Ihr verlässliches Umzugsunternehmen für Landkreis-regensburg und Bayern nach Verfügbarkeit. Mit sauberer Vorprüfung, Preisrahmen und klarer Abstimmung vor dem Einsatz.","Umzug in Landkreis-regensburg: erst klären, dann passend anfragen.:KEEP|Kurz zeigen:KEEP|Praktisch prüfen:KEEP|Sauber entscheiden:KEEP|Umzug in Landkreis-regensburg: mit wenigen Angaben sinnvoll starten:KEEP|Anliegen kurz schildern:KEEP|Aus welchem Anlass?:KEEP|Ort, Zugang und Fotos:KEEP|Budget oder Angebot:KEEP|Leistung einordnen:KEEP|Nächste Wege:KEEP|Angebot prüfen:KEEP|FAQ:KEEP|Anfrage starten:KEEP|Privatumzug:KEEP|Vorteile:KEEP|Wie unterscheidet sich der Service vom Standardfall?:KEEP|Ihr Budget kann direkt mitgedacht werden:KEEP",,KEEP,
/bueroumzug-regensburg,de,Regensburg,service,Umzug,Umzug in Regensburg verständlich erklären und zum passenden nächsten Schritt führen,"Umfang, Zugang, Zeitraum und Kontaktwunsch klären",Büroumzug in regensburg,Büroumzug in regensburg,Büroumzug Regensburg | Firma & Angebot prüfen,Büroumzug Regensburg | Firma & Angebot prüfen,Büroumzug Regensburg,"Büroumzug Regensburg: Arbeitsplätze, Möbel, Akten, IT-nahe Bereiche, Zeitfenster, Fotos, Entsorgung und Angebot prüfen. Büroumzug, Fotos, Termin, Zugang, vorhandenes Angebot und Preisrahmen für Regensburg...",Büroumzug in regensburg anfragen,Direkte Antwort|Leistungsumfang|benötigte Angaben|Aufwandstreiber|Ablauf|FAQ|verwandte Leistungen|nächster Schritt,interne Begriffe|fremde Standorte|nicht angebotene Leistungen|unbelegte Versprechen,,,14 sichtbare FAQ-Indikatoren,https://www.floxant.de/bueroumzug-regensburg,index_follow,included,"Erst sauber einordnen, dann passend anfragen. So wird aus einem Klick ein ruhiger nächster Schritt mit klaren Angaben.","Büroumzug in regensburg: erst klären, dann passend anfragen.:KEEP|Kurz zeigen:KEEP|Praktisch prüfen:KEEP|Sauber entscheiden:KEEP|Büroumzug in Regensburg: so bekommen Sie eine klare Rückmeldung:KEEP|Anliegen kurz schildern:KEEP|Aus welchem Anlass?:KEEP|Ort, Zugang und Fotos:KEEP|Budget oder Angebot:KEEP|Leistung einordnen:KEEP|Nächste Wege:KEEP|Angebot prüfen:KEEP|FAQ:KEEP|Anfrage starten:KEEP|Wie unterscheidet sich der Service vom Standardfall?:KEEP|Ihr Budget kann direkt mitgedacht werden:KEEP|Büroumzug in regensburg mit echter Ortslogik:KEEP|Betrieb und Zeitfenster:KEEP",,KEEP,
/seniorenumzug-landshut,de,Überregional,service,Seniorenumzug,Seniorenumzug verständlich erklären und zum passenden nächsten Schritt führen,"Umfang, Zugang, Zeitraum und Kontaktwunsch klären",Seniorenumzug in Landshut,Seniorenumzug in Landshut,Seniorenumzug Landshut | ruhig planen,Seniorenumzug Landshut | ruhig planen,Seniorenumzug Landshut,"Senioren-Umzug Landshut: Fotos, Zimmer, Etage, Aufzug, Hilfe durch Angehörige und Übergabeziel übersichtlich senden. Landshut wird als Bayern-Strecke nach Verfügbarkeit geprüft; Rückfahrt, Zeitfenster und Umfang zählen...",Beratung anfragen,Direkte Antwort|Leistungsumfang|benötigte Angaben|Aufwandstreiber|Ablauf|FAQ|verwandte Leistungen|nächster Schritt,interne Begriffe|fremde Standorte|nicht angebotene Leistungen|unbelegte Versprechen,,,14 sichtbare FAQ-Indikatoren,https://www.floxant.de/seniorenumzug-landshut,index_follow,included,Ein Umzug im Alter erfordert Vertrauen und Ruhe. Wir begleiten Sie in Landshut behutsam in Ihr neues Zuhause – mit vollem Service.,"Umzug in Landshut: erst klären, dann passend anfragen.:KEEP|Kurz zeigen:KEEP|Praktisch prüfen:KEEP|Sauber entscheiden:KEEP|Umzug in Landshut: mit wenigen Angaben sinnvoll starten:KEEP|Anliegen kurz schildern:KEEP|Aus welchem Anlass?:KEEP|Ort, Zugang und Fotos:KEEP|Budget oder Angebot:KEEP|Leistung einordnen:KEEP|Nächste Wege:KEEP|Angebot prüfen:KEEP|FAQ:KEEP|Anfrage starten:KEEP|Rundum-Sorglos Landshut:KEEP|Wohnungsverkleinerung:KEEP|Wie unterscheidet sich der Service vom Standardfall?:KEEP|Ihr Budget kann direkt mitgedacht werden:KEEP",,KEEP,
/reinigung-straubing,de,Überregional,service,Reinigung,Reinigung verständlich erklären und zum passenden nächsten Schritt führen,"Umfang, Zugang, Zeitraum und Kontaktwunsch klären",Endreinigung,Endreinigung,Reinigungsfirma Straubing | Objekt prüfen lassen,Reinigungsfirma Straubing | Objekt prüfen lassen,Reinigungsfirma Straubing,"FLOXANT prüft Reinigungsanfragen in Straubing für Wohnung, Büro, Grundreinigung und saubere Übergabe nach Verfügbarkeit. Straubing wird als Bayern-Strecke nach Verfügbarkeit geprüft; Rückfahrt, Zeitfenster und Umfang...",Reinigung anfragen,Direkte Antwort|Leistungsumfang|benötigte Angaben|Aufwandstreiber|Ablauf|FAQ|verwandte Leistungen|nächster Schritt,interne Begriffe|fremde Standorte|nicht angebotene Leistungen|unbelegte Versprechen,,,14 sichtbare FAQ-Indikatoren,https://www.floxant.de/reinigung-straubing,index_follow,included,Sparen Sie sich den Putzstress nach dem Umzug. Wir reinigen Ihre Wohnung in Straubing mit klarem Fokus auf Übergabevorbereitung und realistische Abstimmung.,"Reinigung in Straubing: erst klären, dann passend anfragen.:KEEP|Zustand sehen:KEEP|Ziel klären:KEEP|Termin sichern:KEEP|Reinigung in Straubing: mit wenigen Angaben sinnvoll starten:KEEP|Anliegen kurz schildern:KEEP|Aus welchem Anlass?:KEEP|Ort, Zugang und Fotos:KEEP|Budget oder Angebot:KEEP|Leistung einordnen:KEEP|Nächste Wege:KEEP|Angebot prüfen:KEEP|FAQ:KEEP|Anfrage starten:KEEP|Intensivreinigung:KEEP|Was vorab geklärt wird:KEEP|Wie unterscheidet sich der Service vom Standardfall?:KEEP|Ihr Budget kann direkt mitgedacht werden:KEEP",,KEEP,
/bueroumzug-bayern,de,Überregional,service,Umzug,Umzug verständlich erklären und zum passenden nächsten Schritt führen,"Umfang, Zugang, Zeitraum und Kontaktwunsch klären",Umzug Bayern,Umzug Bayern,Büroumzug Bayern | Firmenumzug klar planen,Büroumzug Bayern | Firmenumzug klar planen,Büroumzug Bayern,"Büro in Bayern umziehen: Umfang, Etagen, sensible Unterlagen, Zeitfenster und Reinigung nach dem Umzug sauber abstimmen. Bayern wird über den FLOXANT-Regensburg-Radius geprüft; Ort, Fotos und Preisrahmen helfen bei der...",Umzug anfragen,Direkte Antwort|Leistungsumfang|benötigte Angaben|Aufwandstreiber|Ablauf|FAQ|verwandte Leistungen|nächster Schritt,interne Begriffe|fremde Standorte|nicht angebotene Leistungen|unbelegte Versprechen,,,14 sichtbare FAQ-Indikatoren,https://www.floxant.de/bueroumzug-bayern,index_follow,included,"Ihr verlässliches Umzugsunternehmen für Bayern und Bayern nach Verfügbarkeit. Mit sauberer Vorprüfung, Preisrahmen und klarer Abstimmung vor dem Einsatz.","Büroumzug in Bayern: erst klären, dann passend anfragen.:KEEP|Kurz zeigen:KEEP|Praktisch prüfen:KEEP|Sauber entscheiden:KEEP|Büroumzug in Bayern: mit wenigen Angaben sinnvoll starten:KEEP|Anliegen kurz schildern:KEEP|Aus welchem Anlass?:KEEP|Ort, Zugang und Fotos:KEEP|Budget oder Angebot:KEEP|Leistung einordnen:KEEP|Nächste Wege:KEEP|Angebot prüfen:KEEP|FAQ:KEEP|Anfrage starten:KEEP|Privatumzug:KEEP|Vorteile:KEEP|Wie unterscheidet sich der Service vom Standardfall?:KEEP|Ihr Budget kann direkt mitgedacht werden:KEEP",,KEEP,
/entruempelung-bayern,de,Überregional,service,Entrümpelung,Entrümpelung verständlich erklären und zum passenden nächsten Schritt führen,"Umfang, Zugang, Zeitraum und Kontaktwunsch klären",Entrümpelung in Bayern mit klaren Eckdaten anfragen,Entrümpelung in Bayern mit klaren Eckdaten anfragen,Entrümpelungsfirma Bayern finden | Fotos prüfen,Entrümpelungsfirma Bayern finden | Fotos prüfen,Entrümpelungsfirma Bayern finden,"Entrümpelungsfirma in Bayern finden: Forchheim, Regensburg, München oder Nürnberg mit Räumen, Fotos, Zugang und Termin prüfen. Entrümpelung, Fotos, Termin, Zugang, vorhandenes Angebot und Preisrahmen für Bayern...",Umzug anfragen,Direkte Antwort|Leistungsumfang|benötigte Angaben|Aufwandstreiber|Ablauf|FAQ|verwandte Leistungen|nächster Schritt,interne Begriffe|fremde Standorte|nicht angebotene Leistungen|unbelegte Versprechen,,,14 sichtbare FAQ-Indikatoren,https://www.floxant.de/entruempelung-bayern,index_follow,included,"Beschreiben Sie Ort, Räume, Menge, Zugang, Fotos und gewünschten Endzustand. FLOXANT prüft von Regensburg aus, ob Strecke, Umfang und Zeitraum umsetzbar sind.","Entrümpelung in Bayern: erst klären, dann passend anfragen.:KEEP|Menge sichtbar machen:KEEP|Zugang prüfen:KEEP|Abschluss planen:KEEP|Entrümpelung in Bayern: mit wenigen Angaben sinnvoll starten:KEEP|Anliegen kurz schildern:KEEP|Aus welchem Anlass?:KEEP|Ort, Zugang und Fotos:KEEP|Budget oder Angebot:KEEP|Leistung einordnen:KEEP|Nächste Wege:KEEP|Angebot prüfen:KEEP|FAQ:KEEP|Anfrage starten:KEEP|Privatumzug:KEEP|Vorteile:KEEP|Wie unterscheidet sich der Service vom Standardfall?:KEEP|Ihr Budget kann direkt mitgedacht werden:KEEP",,KEEP,
/entruempelung-kosten-regensburg,de,Regensburg,service,Entrümpelung,Entrümpelung in Regensburg verständlich erklären und zum passenden nächsten Schritt führen,"Umfang, Zugang, Zeitraum und Kontaktwunsch klären",Entrümpelung Kosten in Regensburg,Entrümpelung Kosten in Regensburg,Keller entrümpeln Kosten Regensburg | FLOXANT prüft,Keller entrümpeln Kosten Regensburg | FLOXANT prüft,Keller entrümpeln Kosten Regensburg,"Entrümpelung in Kosten Regensburg: FLOXANT prüft Volumen, Material, Zugang, Laufwege und Entsorgung. Fotos senden und Umfang klären. Kosten Regensburg wird über den FLOXANT-Regensburg-Radius geprüft; Ort, Fotos und...",,Direkte Antwort|Leistungsumfang|benötigte Angaben|Aufwandstreiber|Ablauf|FAQ|verwandte Leistungen|nächster Schritt,interne Begriffe|fremde Standorte|nicht angebotene Leistungen|unbelegte Versprechen,,,5 sichtbare FAQ-Indikatoren,https://www.floxant.de/entruempelung-kosten-regensburg,index_follow,included,"Transparent kalkuliert, fair eingeordnet. FLOXANT zeigt nachvollziehbare Preisrahmen für Entrümpelungen in Regensburg und Umgebung.",Was kostet eine Entrümpelung in Regensburg?:KEEP|Orientierungspreise Entrümpelung Regensburg:KEEP|Häufig gestellte Fragen:KEEP|Was kostet eine Entrümpelung in Regensburg?:KEEP|Ist die Entsorgung im Preis enthalten?:KEEP|Gibt es Wertanrechnung?:KEEP|Unverbindliche Vorprüfung starten:KEEP|Online Kostenrechner Bayern:KEEP|Wie möchten Sie fortfahren?:KEEP|Umzug & Transport:KEEP|Reinigung:KEEP|Entrümpelung:KEEP|Preisvorschlag:KEEP,,KEEP,
/klaviertransport-regensburg,de,Regensburg,service,Klaviertransport,Klaviertransport in Regensburg vorbereiten,"Umfang, Zugang, Zeitraum und Kontaktwunsch klären","Klaviertransport in Regensburg anfragen - Etage, Zugang und Termin klären.","Klaviertransport in Regensburg anfragen - Etage, Zugang und Termin klären.",Klaviertransport Regensburg mit Etage und Zugang klären,Klaviertransport Regensburg mit Etage und Zugang klären,Klaviertransport Regensburg mit Etage und Zugang klären,"Klaviertransport Regensburg vorbereiten: Instrument, Etage, Aufzug, Treppenhaus, Strecke, Haltemoeglichkeit, Fotos und Termin klären. Klaviertransport, Fotos, Termin, Zugang, vorhandenes Angebot und Preisrahmen für...",Klaviertransport anfragen,Direkte Antwort|Leistungsumfang|benötigte Angaben|Aufwandstreiber|Ablauf|FAQ|verwandte Leistungen|nächster Schritt,interne Begriffe|fremde Standorte|nicht angebotene Leistungen|unbelegte Versprechen,,,12 sichtbare FAQ-Indikatoren,https://www.floxant.de/klaviertransport-regensburg,index_follow,included,"Ein Klaviertransport in Regensburg braucht mehr Vorbereitung als ein normaler Möbeltransport. Entscheidend sind Instrumentart, Etage, Treppenhaus, Aufzug, Trageweg, Zugang und Terminwunsch. FLOXANT prüft die Anfrage anhand der genannten Eckdaten und hilft, den passenden nächsten Schritt zu klären.","Klavier nicht blind planen.:KEEP|Klaviertransport realistisch prüfen:KEEP|Instrument:KEEP|Start und Ziel:KEEP|Zugang:KEEP|Termin:KEEP|Fotos optional:KEEP|Angebot optional:KEEP|Welche Fotos bei Klaviertransport helfen:KEEP|Hilfreiche Fotos:KEEP|Datenschutz beim Foto:KEEP|Die wichtigen Fragen kommen vor dem Preis.:KEEP|Instrument zuerst einordnen:KEEP|Treppenhaus realistisch prüfen:KEEP|Strecke und Haltepunkt klären:KEEP|Diese Informationen machen die Rückmeldung belastbarer.:KEEP|Lokal zählt der Zugang, nicht nur die Strecke.:KEEP|Diese Punkte entscheiden, ob normaler Möbeltransport reicht.:KEEP",,KEEP,
/reinigung-abensberg,de,Überregional,service,Reinigung,Reinigung verständlich erklären und zum passenden nächsten Schritt führen,"Umfang, Zugang, Zeitraum und Kontaktwunsch klären",Endreinigung,Endreinigung,Reinigungsfirma Abensberg | Objekt prüfen lassen,Reinigungsfirma Abensberg | Objekt prüfen lassen,Reinigungsfirma Abensberg,"FLOXANT prüft Reinigungsanfragen in Abensberg für Wohnung, Büro, Grundreinigung und saubere Übergabe nach Verfügbarkeit. Abensberg wird über den FLOXANT-Regensburg-Radius geprüft; Ort, Fotos und Preisrahmen helfen bei...",Reinigung anfragen,Direkte Antwort|Leistungsumfang|benötigte Angaben|Aufwandstreiber|Ablauf|FAQ|verwandte Leistungen|nächster Schritt,interne Begriffe|fremde Standorte|nicht angebotene Leistungen|unbelegte Versprechen,,,14 sichtbare FAQ-Indikatoren,https://www.floxant.de/reinigung-abensberg,index_follow,included,Sparen Sie sich den Putzstress nach dem Umzug. Wir reinigen Ihre Wohnung in Abensberg mit klarem Fokus auf Übergabevorbereitung und realistische Abstimmung.,"Reinigung in Abensberg: erst klären, dann passend anfragen.:KEEP|Zustand sehen:KEEP|Ziel klären:KEEP|Termin sichern:KEEP|Reinigung in Abensberg: mit wenigen Angaben sinnvoll starten:KEEP|Anliegen kurz schildern:KEEP|Aus welchem Anlass?:KEEP|Ort, Zugang und Fotos:KEEP|Budget oder Angebot:KEEP|Leistung einordnen:KEEP|Nächste Wege:KEEP|Angebot prüfen:KEEP|FAQ:KEEP|Anfrage starten:KEEP|Intensivreinigung:KEEP|Was vorab geklärt wird:KEEP|Wie unterscheidet sich der Service vom Standardfall?:KEEP|Ihr Budget kann direkt mitgedacht werden:KEEP",,KEEP,
/reinigung-alteglofsheim,de,Überregional,service,Reinigung,Reinigung verständlich erklären und zum passenden nächsten Schritt führen,"Umfang, Zugang, Zeitraum und Kontaktwunsch klären",Endreinigung,Endreinigung,Reinigung Alteglofsheim | Übergabe sauber planen,Reinigung Alteglofsheim | Übergabe sauber planen,Reinigung Alteglofsheim,"Endreinigung in Alteglofsheim: Wohnungszustand, Räume, Bad, Küche, Böden und Übergabetermin klar erfassen und Anfrage starten. Alteglofsheim wird über den FLOXANT-Regensburg-Radius geprüft; Ort, Fotos und Preisrahmen...",Reinigung anfragen,Direkte Antwort|Leistungsumfang|benötigte Angaben|Aufwandstreiber|Ablauf|FAQ|verwandte Leistungen|nächster Schritt,interne Begriffe|fremde Standorte|nicht angebotene Leistungen|unbelegte Versprechen,,,14 sichtbare FAQ-Indikatoren,https://www.floxant.de/reinigung-alteglofsheim,index_follow,included,Sparen Sie sich den Putzstress nach dem Umzug. Wir reinigen Ihre Wohnung in Alteglofsheim mit klarem Fokus auf Übergabevorbereitung und realistische Abstimmung.,"Reinigung in Alteglofsheim: erst klären, dann passend anfragen.:KEEP|Zustand sehen:KEEP|Ziel klären:KEEP|Termin sichern:KEEP|Reinigung in Alteglofsheim: mit wenigen Angaben sinnvoll starten:KEEP|Anliegen kurz schildern:KEEP|Aus welchem Anlass?:KEEP|Ort, Zugang und Fotos:KEEP|Budget oder Angebot:KEEP|Leistung einordnen:KEEP|Nächste Wege:KEEP|Angebot prüfen:KEEP|FAQ:KEEP|Anfrage starten:KEEP|Intensivreinigung:KEEP|Was vorab geklärt wird:KEEP|Wie unterscheidet sich der Service vom Standardfall?:KEEP|Ihr Budget kann direkt mitgedacht werden:KEEP",,KEEP,
/reinigung-altenthann,de,Überregional,service,Reinigung,Reinigung verständlich erklären und zum passenden nächsten Schritt führen,"Umfang, Zugang, Zeitraum und Kontaktwunsch klären",Endreinigung,Endreinigung,Wohnungsreinigung Altenthann | FLOXANT Anfrage,Wohnungsreinigung Altenthann | FLOXANT Anfrage,Wohnungsreinigung Altenthann,"Reinigungsfirma für Altenthann gesucht? Fotos, Fläche, Verschmutzung, Zeitfenster und Übergabeanforderungen direkt prüfen lassen. Altenthann wird über den FLOXANT-Regensburg-Radius geprüft; Ort, Fotos und Preisrahmen...",Reinigung anfragen,Direkte Antwort|Leistungsumfang|benötigte Angaben|Aufwandstreiber|Ablauf|FAQ|verwandte Leistungen|nächster Schritt,interne Begriffe|fremde Standorte|nicht angebotene Leistungen|unbelegte Versprechen,,,14 sichtbare FAQ-Indikatoren,https://www.floxant.de/reinigung-altenthann,index_follow,included,Sparen Sie sich den Putzstress nach dem Umzug. Wir reinigen Ihre Wohnung in Altenthann mit klarem Fokus auf Übergabevorbereitung und realistische Abstimmung.,"Reinigung in Altenthann: erst klären, dann passend anfragen.:KEEP|Zustand sehen:KEEP|Ziel klären:KEEP|Termin sichern:KEEP|Reinigung in Altenthann: mit wenigen Angaben sinnvoll starten:KEEP|Anliegen kurz schildern:KEEP|Aus welchem Anlass?:KEEP|Ort, Zugang und Fotos:KEEP|Budget oder Angebot:KEEP|Leistung einordnen:KEEP|Nächste Wege:KEEP|Angebot prüfen:KEEP|FAQ:KEEP|Anfrage starten:KEEP|Intensivreinigung:KEEP|Was vorab geklärt wird:KEEP|Wie unterscheidet sich der Service vom Standardfall?:KEEP|Ihr Budget kann direkt mitgedacht werden:KEEP",,KEEP,
/reinigung-aufhausen,de,Überregional,service,Reinigung,Reinigung verständlich erklären und zum passenden nächsten Schritt führen,"Umfang, Zugang, Zeitraum und Kontaktwunsch klären",Endreinigung,Endreinigung,Endreinigung Aufhausen | Fläche & Termin klären,Endreinigung Aufhausen | Fläche & Termin klären,Endreinigung Aufhausen,"Reinigung in Aufhausen: FLOXANT prüft Fläche, Zustand, Objektart, Termin und Extras für Endreinigung, Übergabe und Objektservice. Aufhausen wird über den FLOXANT-Regensburg-Radius geprüft; Ort, Fotos und Preisrahmen...",Reinigung anfragen,Direkte Antwort|Leistungsumfang|benötigte Angaben|Aufwandstreiber|Ablauf|FAQ|verwandte Leistungen|nächster Schritt,interne Begriffe|fremde Standorte|nicht angebotene Leistungen|unbelegte Versprechen,,,14 sichtbare FAQ-Indikatoren,https://www.floxant.de/reinigung-aufhausen,index_follow,included,Sparen Sie sich den Putzstress nach dem Umzug. Wir reinigen Ihre Wohnung in Aufhausen mit klarem Fokus auf Übergabevorbereitung und realistische Abstimmung.,"Reinigung in Aufhausen: erst klären, dann passend anfragen.:KEEP|Zustand sehen:KEEP|Ziel klären:KEEP|Termin sichern:KEEP|Reinigung in Aufhausen: mit wenigen Angaben sinnvoll starten:KEEP|Anliegen kurz schildern:KEEP|Aus welchem Anlass?:KEEP|Ort, Zugang und Fotos:KEEP|Budget oder Angebot:KEEP|Leistung einordnen:KEEP|Nächste Wege:KEEP|Angebot prüfen:KEEP|FAQ:KEEP|Anfrage starten:KEEP|Intensivreinigung:KEEP|Was vorab geklärt wird:KEEP|Wie unterscheidet sich der Service vom Standardfall?:KEEP|Ihr Budget kann direkt mitgedacht werden:KEEP",,KEEP,
/reinigung-bad-abbach,de,Überregional,service,Reinigung,Reinigung verständlich erklären und zum passenden nächsten Schritt führen,"Umfang, Zugang, Zeitraum und Kontaktwunsch klären",Endreinigung,Endreinigung,Reinigungsfirma Bad Abbach | Objekt prüfen lassen,Reinigungsfirma Bad Abbach | Objekt prüfen lassen,Reinigungsfirma Bad Abbach,"FLOXANT prüft Reinigungsanfragen in Bad Abbach für Wohnung, Büro, Grundreinigung und saubere Übergabe nach Verfügbarkeit. Bad Abbach liegt im direkten Regensburg-Nahbereich; Strecke, Zugang, Fotos und Kapazität werden...",Reinigung anfragen,Direkte Antwort|Leistungsumfang|benötigte Angaben|Aufwandstreiber|Ablauf|FAQ|verwandte Leistungen|nächster Schritt,interne Begriffe|fremde Standorte|nicht angebotene Leistungen|unbelegte Versprechen,,,14 sichtbare FAQ-Indikatoren,https://www.floxant.de/reinigung-bad-abbach,index_follow,included,Sparen Sie sich den Putzstress nach dem Umzug. Wir reinigen Ihre Wohnung in Bad Abbach mit klarem Fokus auf Übergabevorbereitung und realistische Abstimmung.,"Reinigung in Bad Abbach: erst klären, dann passend anfragen.:KEEP|Zustand sehen:KEEP|Ziel klären:KEEP|Termin sichern:KEEP|Reinigung in Bad Abbach: mit wenigen Angaben sinnvoll starten:KEEP|Anliegen kurz schildern:KEEP|Aus welchem Anlass?:KEEP|Ort, Zugang und Fotos:KEEP|Budget oder Angebot:KEEP|Leistung einordnen:KEEP|Nächste Wege:KEEP|Angebot prüfen:KEEP|FAQ:KEEP|Anfrage starten:KEEP|Intensivreinigung:KEEP|Was vorab geklärt wird:KEEP|Wie unterscheidet sich der Service vom Standardfall?:KEEP|Ihr Budget kann direkt mitgedacht werden:KEEP",,KEEP,
/reinigung-barbing,de,Überregional,service,Reinigung,Reinigung verständlich erklären und zum passenden nächsten Schritt führen,"Umfang, Zugang, Zeitraum und Kontaktwunsch klären",Endreinigung,Endreinigung,Wohnungsreinigung Barbing | FLOXANT Anfrage,Wohnungsreinigung Barbing | FLOXANT Anfrage,Wohnungsreinigung Barbing,"Reinigungsfirma für Barbing gesucht? Fotos, Fläche, Verschmutzung, Zeitfenster und Übergabeanforderungen direkt prüfen lassen. Barbing liegt im direkten Regensburg-Nahbereich; Strecke, Zugang, Fotos und Kapazität...",Reinigung anfragen,Direkte Antwort|Leistungsumfang|benötigte Angaben|Aufwandstreiber|Ablauf|FAQ|verwandte Leistungen|nächster Schritt,interne Begriffe|fremde Standorte|nicht angebotene Leistungen|unbelegte Versprechen,,,14 sichtbare FAQ-Indikatoren,https://www.floxant.de/reinigung-barbing,index_follow,included,Sparen Sie sich den Putzstress nach dem Umzug. Wir reinigen Ihre Wohnung in Barbing mit klarem Fokus auf Übergabevorbereitung und realistische Abstimmung.,"Reinigung in Barbing: erst klären, dann passend anfragen.:KEEP|Zustand sehen:KEEP|Ziel klären:KEEP|Termin sichern:KEEP|Reinigung in Barbing: mit wenigen Angaben sinnvoll starten:KEEP|Anliegen kurz schildern:KEEP|Aus welchem Anlass?:KEEP|Ort, Zugang und Fotos:KEEP|Budget oder Angebot:KEEP|Leistung einordnen:KEEP|Nächste Wege:KEEP|Angebot prüfen:KEEP|FAQ:KEEP|Anfrage starten:KEEP|Intensivreinigung:KEEP|Was vorab geklärt wird:KEEP|Wie unterscheidet sich der Service vom Standardfall?:KEEP|Ihr Budget kann direkt mitgedacht werden:KEEP",,KEEP,
/reinigung-beratzhausen,de,Überregional,service,Reinigung,Reinigung verständlich erklären und zum passenden nächsten Schritt führen,"Umfang, Zugang, Zeitraum und Kontaktwunsch klären",Endreinigung,Endreinigung,Reinigung Beratzhausen | Übergabe sauber planen,Reinigung Beratzhausen | Übergabe sauber planen,Reinigung Beratzhausen,"Endreinigung in Beratzhausen: Wohnungszustand, Räume, Bad, Küche, Böden und Übergabetermin klar erfassen und Anfrage starten. Beratzhausen wird über den FLOXANT-Regensburg-Radius geprüft; Ort, Fotos und Preisrahmen...",Reinigung anfragen,Direkte Antwort|Leistungsumfang|benötigte Angaben|Aufwandstreiber|Ablauf|FAQ|verwandte Leistungen|nächster Schritt,interne Begriffe|fremde Standorte|nicht angebotene Leistungen|unbelegte Versprechen,,,14 sichtbare FAQ-Indikatoren,https://www.floxant.de/reinigung-beratzhausen,index_follow,included,Sparen Sie sich den Putzstress nach dem Umzug. Wir reinigen Ihre Wohnung in Beratzhausen mit klarem Fokus auf Übergabevorbereitung und realistische Abstimmung.,"Reinigung in Beratzhausen: erst klären, dann passend anfragen.:KEEP|Zustand sehen:KEEP|Ziel klären:KEEP|Termin sichern:KEEP|Reinigung in Beratzhausen: mit wenigen Angaben sinnvoll starten:KEEP|Anliegen kurz schildern:KEEP|Aus welchem Anlass?:KEEP|Ort, Zugang und Fotos:KEEP|Budget oder Angebot:KEEP|Leistung einordnen:KEEP|Nächste Wege:KEEP|Angebot prüfen:KEEP|FAQ:KEEP|Anfrage starten:KEEP|Intensivreinigung:KEEP|Was vorab geklärt wird:KEEP|Wie unterscheidet sich der Service vom Standardfall?:KEEP|Ihr Budget kann direkt mitgedacht werden:KEEP",,KEEP,
/reinigung-bernhardswald,de,Überregional,service,Reinigung,Reinigung verständlich erklären und zum passenden nächsten Schritt führen,"Umfang, Zugang, Zeitraum und Kontaktwunsch klären",Endreinigung,Endreinigung,Wohnungsreinigung Bernhardswald | FLOXANT Anfrage,Wohnungsreinigung Bernhardswald | FLOXANT Anfrage,Wohnungsreinigung Bernhardswald,"Reinigungsfirma für Bernhardswald gesucht? Fotos, Fläche, Verschmutzung, Zeitfenster und Übergabeanforderungen direkt prüfen lassen. Bernhardswald wird über den FLOXANT-Regensburg-Radius geprüft; Ort, Fotos und...",Reinigung anfragen,Direkte Antwort|Leistungsumfang|benötigte Angaben|Aufwandstreiber|Ablauf|FAQ|verwandte Leistungen|nächster Schritt,interne Begriffe|fremde Standorte|nicht angebotene Leistungen|unbelegte Versprechen,,,14 sichtbare FAQ-Indikatoren,https://www.floxant.de/reinigung-bernhardswald,index_follow,included,Sparen Sie sich den Putzstress nach dem Umzug. Wir reinigen Ihre Wohnung in Bernhardswald mit klarem Fokus auf Übergabevorbereitung und realistische Abstimmung.,"Reinigung in Bernhardswald: erst klären, dann passend anfragen.:KEEP|Zustand sehen:KEEP|Ziel klären:KEEP|Termin sichern:KEEP|Reinigung in Bernhardswald: mit wenigen Angaben sinnvoll starten:KEEP|Anliegen kurz schildern:KEEP|Aus welchem Anlass?:KEEP|Ort, Zugang und Fotos:KEEP|Budget oder Angebot:KEEP|Leistung einordnen:KEEP|Nächste Wege:KEEP|Angebot prüfen:KEEP|FAQ:KEEP|Anfrage starten:KEEP|Intensivreinigung:KEEP|Was vorab geklärt wird:KEEP|Wie unterscheidet sich der Service vom Standardfall?:KEEP|Ihr Budget kann direkt mitgedacht werden:KEEP",,KEEP,
/reinigung-brennberg,de,Überregional,service,Reinigung,Reinigung verständlich erklären und zum passenden nächsten Schritt führen,"Umfang, Zugang, Zeitraum und Kontaktwunsch klären",Endreinigung,Endreinigung,Reinigungsfirma Brennberg | Objekt prüfen lassen,Reinigungsfirma Brennberg | Objekt prüfen lassen,Reinigungsfirma Brennberg,"FLOXANT prüft Reinigungsanfragen in Brennberg für Wohnung, Büro, Grundreinigung und saubere Übergabe nach Verfügbarkeit. Brennberg wird über den FLOXANT-Regensburg-Radius geprüft; Ort, Fotos und Preisrahmen helfen bei...",Reinigung anfragen,Direkte Antwort|Leistungsumfang|benötigte Angaben|Aufwandstreiber|Ablauf|FAQ|verwandte Leistungen|nächster Schritt,interne Begriffe|fremde Standorte|nicht angebotene Leistungen|unbelegte Versprechen,,,14 sichtbare FAQ-Indikatoren,https://www.floxant.de/reinigung-brennberg,index_follow,included,Sparen Sie sich den Putzstress nach dem Umzug. Wir reinigen Ihre Wohnung in Brennberg mit klarem Fokus auf Übergabevorbereitung und realistische Abstimmung.,"Reinigung in Brennberg: erst klären, dann passend anfragen.:KEEP|Zustand sehen:KEEP|Ziel klären:KEEP|Termin sichern:KEEP|Reinigung in Brennberg: mit wenigen Angaben sinnvoll starten:KEEP|Anliegen kurz schildern:KEEP|Aus welchem Anlass?:KEEP|Ort, Zugang und Fotos:KEEP|Budget oder Angebot:KEEP|Leistung einordnen:KEEP|Nächste Wege:KEEP|Angebot prüfen:KEEP|FAQ:KEEP|Anfrage starten:KEEP|Intensivreinigung:KEEP|Was vorab geklärt wird:KEEP|Wie unterscheidet sich der Service vom Standardfall?:KEEP|Ihr Budget kann direkt mitgedacht werden:KEEP",,KEEP,
/reinigung-brunn,de,Überregional,service,Reinigung,Reinigung verständlich erklären und zum passenden nächsten Schritt führen,"Umfang, Zugang, Zeitraum und Kontaktwunsch klären",Endreinigung,Endreinigung,Reinigungsfirma Brunn | Objekt prüfen lassen,Reinigungsfirma Brunn | Objekt prüfen lassen,Reinigungsfirma Brunn,"FLOXANT prüft Reinigungsanfragen in Brunn für Wohnung, Büro, Grundreinigung und saubere Übergabe nach Verfügbarkeit. Brunn wird über den FLOXANT-Regensburg-Radius geprüft; Ort, Fotos und Preisrahmen helfen bei der...",Reinigung anfragen,Direkte Antwort|Leistungsumfang|benötigte Angaben|Aufwandstreiber|Ablauf|FAQ|verwandte Leistungen|nächster Schritt,interne Begriffe|fremde Standorte|nicht angebotene Leistungen|unbelegte Versprechen,,,14 sichtbare FAQ-Indikatoren,https://www.floxant.de/reinigung-brunn,index_follow,included,Sparen Sie sich den Putzstress nach dem Umzug. Wir reinigen Ihre Wohnung in Brunn mit klarem Fokus auf Übergabevorbereitung und realistische Abstimmung.,"Reinigung in Brunn: erst klären, dann passend anfragen.:KEEP|Zustand sehen:KEEP|Ziel klären:KEEP|Termin sichern:KEEP|Reinigung in Brunn: mit wenigen Angaben sinnvoll starten:KEEP|Anliegen kurz schildern:KEEP|Aus welchem Anlass?:KEEP|Ort, Zugang und Fotos:KEEP|Budget oder Angebot:KEEP|Leistung einordnen:KEEP|Nächste Wege:KEEP|Angebot prüfen:KEEP|FAQ:KEEP|Anfrage starten:KEEP|Intensivreinigung:KEEP|Was vorab geklärt wird:KEEP|Wie unterscheidet sich der Service vom Standardfall?:KEEP|Ihr Budget kann direkt mitgedacht werden:KEEP",,KEEP,
/reinigung-burglengenfeld,de,Überregional,service,Reinigung,Reinigung verständlich erklären und zum passenden nächsten Schritt führen,"Umfang, Zugang, Zeitraum und Kontaktwunsch klären",Endreinigung,Endreinigung,Endreinigung Burglengenfeld | Fläche & Termin klären,Endreinigung Burglengenfeld | Fläche & Termin klären,Endreinigung Burglengenfeld,"Reinigung in Burglengenfeld: FLOXANT prüft Fläche, Zustand, Objektart, Termin und Extras für Endreinigung, Übergabe und Objektservice. Burglengenfeld wird über den FLOXANT-Regensburg-Radius geprüft; Ort, Fotos und...",Reinigung anfragen,Direkte Antwort|Leistungsumfang|benötigte Angaben|Aufwandstreiber|Ablauf|FAQ|verwandte Leistungen|nächster Schritt,interne Begriffe|fremde Standorte|nicht angebotene Leistungen|unbelegte Versprechen,,,14 sichtbare FAQ-Indikatoren,https://www.floxant.de/reinigung-burglengenfeld,index_follow,included,Sparen Sie sich den Putzstress nach dem Umzug. Wir reinigen Ihre Wohnung in Burglengenfeld mit klarem Fokus auf Übergabevorbereitung und realistische Abstimmung.,"Reinigung in Burglengenfeld: erst klären, dann passend anfragen.:KEEP|Zustand sehen:KEEP|Ziel klären:KEEP|Termin sichern:KEEP|Reinigung in Burglengenfeld: mit wenigen Angaben sinnvoll starten:KEEP|Anliegen kurz schildern:KEEP|Aus welchem Anlass?:KEEP|Ort, Zugang und Fotos:KEEP|Budget oder Angebot:KEEP|Leistung einordnen:KEEP|Nächste Wege:KEEP|Angebot prüfen:KEEP|FAQ:KEEP|Anfrage starten:KEEP|Intensivreinigung:KEEP|Was vorab geklärt wird:KEEP|Wie unterscheidet sich der Service vom Standardfall?:KEEP|Ihr Budget kann direkt mitgedacht werden:KEEP",,KEEP,
/reinigung-deuerling,de,Überregional,service,Reinigung,Reinigung verständlich erklären und zum passenden nächsten Schritt führen,"Umfang, Zugang, Zeitraum und Kontaktwunsch klären",Endreinigung,Endreinigung,Wohnungsreinigung Deuerling | FLOXANT Anfrage,Wohnungsreinigung Deuerling | FLOXANT Anfrage,Wohnungsreinigung Deuerling,"Reinigungsfirma für Deuerling gesucht? Fotos, Fläche, Verschmutzung, Zeitfenster und Übergabeanforderungen direkt prüfen lassen. Deuerling wird über den FLOXANT-Regensburg-Radius geprüft; Ort, Fotos und Preisrahmen...",Reinigung anfragen,Direkte Antwort|Leistungsumfang|benötigte Angaben|Aufwandstreiber|Ablauf|FAQ|verwandte Leistungen|nächster Schritt,interne Begriffe|fremde Standorte|nicht angebotene Leistungen|unbelegte Versprechen,,,14 sichtbare FAQ-Indikatoren,https://www.floxant.de/reinigung-deuerling,index_follow,included,Sparen Sie sich den Putzstress nach dem Umzug. Wir reinigen Ihre Wohnung in Deuerling mit klarem Fokus auf Übergabevorbereitung und realistische Abstimmung.,"Reinigung in Deuerling: erst klären, dann passend anfragen.:KEEP|Zustand sehen:KEEP|Ziel klären:KEEP|Termin sichern:KEEP|Reinigung in Deuerling: mit wenigen Angaben sinnvoll starten:KEEP|Anliegen kurz schildern:KEEP|Aus welchem Anlass?:KEEP|Ort, Zugang und Fotos:KEEP|Budget oder Angebot:KEEP|Leistung einordnen:KEEP|Nächste Wege:KEEP|Angebot prüfen:KEEP|FAQ:KEEP|Anfrage starten:KEEP|Intensivreinigung:KEEP|Was vorab geklärt wird:KEEP|Wie unterscheidet sich der Service vom Standardfall?:KEEP|Ihr Budget kann direkt mitgedacht werden:KEEP",,KEEP,
/reinigung-donaustauf,de,Überregional,service,Reinigung,Reinigung verständlich erklären und zum passenden nächsten Schritt führen,"Umfang, Zugang, Zeitraum und Kontaktwunsch klären",Endreinigung,Endreinigung,Endreinigung Donaustauf | Fläche & Termin klären,Endreinigung Donaustauf | Fläche & Termin klären,Endreinigung Donaustauf,"Reinigung in Donaustauf: FLOXANT prüft Fläche, Zustand, Objektart, Termin und Extras für Endreinigung, Übergabe und Objektservice. Donaustauf liegt im direkten Regensburg-Nahbereich; Strecke, Zugang, Fotos und...",Reinigung anfragen,Direkte Antwort|Leistungsumfang|benötigte Angaben|Aufwandstreiber|Ablauf|FAQ|verwandte Leistungen|nächster Schritt,interne Begriffe|fremde Standorte|nicht angebotene Leistungen|unbelegte Versprechen,,,14 sichtbare FAQ-Indikatoren,https://www.floxant.de/reinigung-donaustauf,index_follow,included,Sparen Sie sich den Putzstress nach dem Umzug. Wir reinigen Ihre Wohnung in Donaustauf mit klarem Fokus auf Übergabevorbereitung und realistische Abstimmung.,"Reinigung in Donaustauf: erst klären, dann passend anfragen.:KEEP|Zustand sehen:KEEP|Ziel klären:KEEP|Termin sichern:KEEP|Reinigung in Donaustauf: mit wenigen Angaben sinnvoll starten:KEEP|Anliegen kurz schildern:KEEP|Aus welchem Anlass?:KEEP|Ort, Zugang und Fotos:KEEP|Budget oder Angebot:KEEP|Leistung einordnen:KEEP|Nächste Wege:KEEP|Angebot prüfen:KEEP|FAQ:KEEP|Anfrage starten:KEEP|Intensivreinigung:KEEP|Was vorab geklärt wird:KEEP|Wie unterscheidet sich der Service vom Standardfall?:KEEP|Ihr Budget kann direkt mitgedacht werden:KEEP",,KEEP,
/reinigung-duggendorf,de,Überregional,service,Reinigung,Reinigung verständlich erklären und zum passenden nächsten Schritt führen,"Umfang, Zugang, Zeitraum und Kontaktwunsch klären",Endreinigung,Endreinigung,Reinigungsfirma Duggendorf | Objekt prüfen lassen,Reinigungsfirma Duggendorf | Objekt prüfen lassen,Reinigungsfirma Duggendorf,"FLOXANT prüft Reinigungsanfragen in Duggendorf für Wohnung, Büro, Grundreinigung und saubere Übergabe nach Verfügbarkeit. Duggendorf wird über den FLOXANT-Regensburg-Radius geprüft; Ort, Fotos und Preisrahmen helfen...",Reinigung anfragen,Direkte Antwort|Leistungsumfang|benötigte Angaben|Aufwandstreiber|Ablauf|FAQ|verwandte Leistungen|nächster Schritt,interne Begriffe|fremde Standorte|nicht angebotene Leistungen|unbelegte Versprechen,,,14 sichtbare FAQ-Indikatoren,https://www.floxant.de/reinigung-duggendorf,index_follow,included,Sparen Sie sich den Putzstress nach dem Umzug. Wir reinigen Ihre Wohnung in Duggendorf mit klarem Fokus auf Übergabevorbereitung und realistische Abstimmung.,"Reinigung in Duggendorf: erst klären, dann passend anfragen.:KEEP|Zustand sehen:KEEP|Ziel klären:KEEP|Termin sichern:KEEP|Reinigung in Duggendorf: mit wenigen Angaben sinnvoll starten:KEEP|Anliegen kurz schildern:KEEP|Aus welchem Anlass?:KEEP|Ort, Zugang und Fotos:KEEP|Budget oder Angebot:KEEP|Leistung einordnen:KEEP|Nächste Wege:KEEP|Angebot prüfen:KEEP|FAQ:KEEP|Anfrage starten:KEEP|Intensivreinigung:KEEP|Was vorab geklärt wird:KEEP|Wie unterscheidet sich der Service vom Standardfall?:KEEP|Ihr Budget kann direkt mitgedacht werden:KEEP",,KEEP,
/reinigung-geiselhoering,de,Überregional,service,Reinigung,Reinigung verständlich erklären und zum passenden nächsten Schritt führen,"Umfang, Zugang, Zeitraum und Kontaktwunsch klären",Endreinigung,Endreinigung,Wohnungsreinigung Geiselhoering | FLOXANT Anfrage,Wohnungsreinigung Geiselhoering | FLOXANT Anfrage,Wohnungsreinigung Geiselhoering,"Reinigungsfirma für Geiselhoering gesucht? Fotos, Fläche, Verschmutzung, Zeitfenster und Übergabeanforderungen direkt prüfen lassen. Geiselhoering wird über den FLOXANT-Regensburg-Radius geprüft; Ort, Fotos und...",Reinigung anfragen,Direkte Antwort|Leistungsumfang|benötigte Angaben|Aufwandstreiber|Ablauf|FAQ|verwandte Leistungen|nächster Schritt,interne Begriffe|fremde Standorte|nicht angebotene Leistungen|unbelegte Versprechen,,,14 sichtbare FAQ-Indikatoren,https://www.floxant.de/reinigung-geiselhoering,index_follow,included,Sparen Sie sich den Putzstress nach dem Umzug. Wir reinigen Ihre Wohnung in Geiselhoering mit klarem Fokus auf Übergabevorbereitung und realistische Abstimmung.,"Reinigung in Geiselhoering: erst klären, dann passend anfragen.:KEEP|Zustand sehen:KEEP|Ziel klären:KEEP|Termin sichern:KEEP|Reinigung in Geiselhoering: mit wenigen Angaben sinnvoll starten:KEEP|Anliegen kurz schildern:KEEP|Aus welchem Anlass?:KEEP|Ort, Zugang und Fotos:KEEP|Budget oder Angebot:KEEP|Leistung einordnen:KEEP|Nächste Wege:KEEP|Angebot prüfen:KEEP|FAQ:KEEP|Anfrage starten:KEEP|Intensivreinigung:KEEP|Was vorab geklärt wird:KEEP|Wie unterscheidet sich der Service vom Standardfall?:KEEP|Ihr Budget kann direkt mitgedacht werden:KEEP",,KEEP,
/reinigung-hagelstadt,de,Überregional,service,Reinigung,Reinigung verständlich erklären und zum passenden nächsten Schritt führen,"Umfang, Zugang, Zeitraum und Kontaktwunsch klären",Endreinigung,Endreinigung,Wohnungsreinigung Hagelstadt | FLOXANT Anfrage,Wohnungsreinigung Hagelstadt | FLOXANT Anfrage,Wohnungsreinigung Hagelstadt,"Reinigungsfirma für Hagelstadt gesucht? Fotos, Fläche, Verschmutzung, Zeitfenster und Übergabeanforderungen direkt prüfen lassen. Hagelstadt wird über den FLOXANT-Regensburg-Radius geprüft; Ort, Fotos und Preisrahmen...",Reinigung anfragen,Direkte Antwort|Leistungsumfang|benötigte Angaben|Aufwandstreiber|Ablauf|FAQ|verwandte Leistungen|nächster Schritt,interne Begriffe|fremde Standorte|nicht angebotene Leistungen|unbelegte Versprechen,,,14 sichtbare FAQ-Indikatoren,https://www.floxant.de/reinigung-hagelstadt,index_follow,included,Sparen Sie sich den Putzstress nach dem Umzug. Wir reinigen Ihre Wohnung in Hagelstadt mit klarem Fokus auf Übergabevorbereitung und realistische Abstimmung.,"Reinigung in Hagelstadt: erst klären, dann passend anfragen.:KEEP|Zustand sehen:KEEP|Ziel klären:KEEP|Termin sichern:KEEP|Reinigung in Hagelstadt: mit wenigen Angaben sinnvoll starten:KEEP|Anliegen kurz schildern:KEEP|Aus welchem Anlass?:KEEP|Ort, Zugang und Fotos:KEEP|Budget oder Angebot:KEEP|Leistung einordnen:KEEP|Nächste Wege:KEEP|Angebot prüfen:KEEP|FAQ:KEEP|Anfrage starten:KEEP|Intensivreinigung:KEEP|Was vorab geklärt wird:KEEP|Wie unterscheidet sich der Service vom Standardfall?:KEEP|Ihr Budget kann direkt mitgedacht werden:KEEP",,KEEP,
/reinigung-hausen,de,Überregional,service,Reinigung,Reinigung verständlich erklären und zum passenden nächsten Schritt führen,"Umfang, Zugang, Zeitraum und Kontaktwunsch klären",Endreinigung,Endreinigung,Reinigung Hausen | Übergabe sauber planen,Reinigung Hausen | Übergabe sauber planen,Reinigung Hausen,"Endreinigung in Hausen: Wohnungszustand, Räume, Bad, Küche, Böden und Übergabetermin klar erfassen und Anfrage starten. Hausen wird über den FLOXANT-Regensburg-Radius geprüft; Ort, Fotos und Preisrahmen helfen bei der...",Reinigung anfragen,Direkte Antwort|Leistungsumfang|benötigte Angaben|Aufwandstreiber|Ablauf|FAQ|verwandte Leistungen|nächster Schritt,interne Begriffe|fremde Standorte|nicht angebotene Leistungen|unbelegte Versprechen,,,14 sichtbare FAQ-Indikatoren,https://www.floxant.de/reinigung-hausen,index_follow,included,Sparen Sie sich den Putzstress nach dem Umzug. Wir reinigen Ihre Wohnung in Hausen mit klarem Fokus auf Übergabevorbereitung und realistische Abstimmung.,"Reinigung in Hausen: erst klären, dann passend anfragen.:KEEP|Zustand sehen:KEEP|Ziel klären:KEEP|Termin sichern:KEEP|Reinigung in Hausen: mit wenigen Angaben sinnvoll starten:KEEP|Anliegen kurz schildern:KEEP|Aus welchem Anlass?:KEEP|Ort, Zugang und Fotos:KEEP|Budget oder Angebot:KEEP|Leistung einordnen:KEEP|Nächste Wege:KEEP|Angebot prüfen:KEEP|FAQ:KEEP|Anfrage starten:KEEP|Intensivreinigung:KEEP|Was vorab geklärt wird:KEEP|Wie unterscheidet sich der Service vom Standardfall?:KEEP|Ihr Budget kann direkt mitgedacht werden:KEEP",,KEEP,
/reinigung-hemau,de,Überregional,service,Reinigung,Reinigung verständlich erklären und zum passenden nächsten Schritt führen,"Umfang, Zugang, Zeitraum und Kontaktwunsch klären",Endreinigung,Endreinigung,Reinigung Hemau | Übergabe sauber planen,Reinigung Hemau | Übergabe sauber planen,Reinigung Hemau,"Endreinigung in Hemau: Wohnungszustand, Räume, Bad, Küche, Böden und Übergabetermin klar erfassen und Anfrage starten. Hemau wird über den FLOXANT-Regensburg-Radius geprüft; Ort, Fotos und Preisrahmen helfen bei der...",Reinigung anfragen,Direkte Antwort|Leistungsumfang|benötigte Angaben|Aufwandstreiber|Ablauf|FAQ|verwandte Leistungen|nächster Schritt,interne Begriffe|fremde Standorte|nicht angebotene Leistungen|unbelegte Versprechen,,,14 sichtbare FAQ-Indikatoren,https://www.floxant.de/reinigung-hemau,index_follow,included,Sparen Sie sich den Putzstress nach dem Umzug. Wir reinigen Ihre Wohnung in Hemau mit klarem Fokus auf Übergabevorbereitung und realistische Abstimmung.,"Reinigung in Hemau: erst klären, dann passend anfragen.:KEEP|Zustand sehen:KEEP|Ziel klären:KEEP|Termin sichern:KEEP|Reinigung in Hemau: mit wenigen Angaben sinnvoll starten:KEEP|Anliegen kurz schildern:KEEP|Aus welchem Anlass?:KEEP|Ort, Zugang und Fotos:KEEP|Budget oder Angebot:KEEP|Leistung einordnen:KEEP|Nächste Wege:KEEP|Angebot prüfen:KEEP|FAQ:KEEP|Anfrage starten:KEEP|Intensivreinigung:KEEP|Was vorab geklärt wird:KEEP|Wie unterscheidet sich der Service vom Standardfall?:KEEP|Ihr Budget kann direkt mitgedacht werden:KEEP",,KEEP,
/reinigung-holzheim-am-forst,de,Überregional,service,Reinigung,Reinigung verständlich erklären und zum passenden nächsten Schritt führen,"Umfang, Zugang, Zeitraum und Kontaktwunsch klären",Endreinigung,Endreinigung,Reinigung Holzheim am Forst | Übergabe sauber planen,Reinigung Holzheim am Forst | Übergabe sauber planen,Reinigung Holzheim am Forst,"Endreinigung in Holzheim am Forst: Wohnungszustand, Räume, Bad, Küche, Böden und Übergabetermin klar erfassen und Anfrage starten. Holzheim am Forst wird über den FLOXANT-Regensburg-Radius geprüft; Ort, Fotos und...",Reinigung anfragen,Direkte Antwort|Leistungsumfang|benötigte Angaben|Aufwandstreiber|Ablauf|FAQ|verwandte Leistungen|nächster Schritt,interne Begriffe|fremde Standorte|nicht angebotene Leistungen|unbelegte Versprechen,,,14 sichtbare FAQ-Indikatoren,https://www.floxant.de/reinigung-holzheim-am-forst,index_follow,included,Sparen Sie sich den Putzstress nach dem Umzug. Wir reinigen Ihre Wohnung in Holzheim am Forst mit klarem Fokus auf Übergabevorbereitung und realistische Abstimmung.,"Reinigung in Holzheim am Forst: erst klären, dann passend anfragen.:KEEP|Zustand sehen:KEEP|Ziel klären:KEEP|Termin sichern:KEEP|Reinigung in Holzheim am Forst: mit wenigen Angaben sinnvoll starten:KEEP|Anliegen kurz schildern:KEEP|Aus welchem Anlass?:KEEP|Ort, Zugang und Fotos:KEEP|Budget oder Angebot:KEEP|Leistung einordnen:KEEP|Nächste Wege:KEEP|Angebot prüfen:KEEP|FAQ:KEEP|Anfrage starten:KEEP|Intensivreinigung:KEEP|Was vorab geklärt wird:KEEP|Wie unterscheidet sich der Service vom Standardfall?:KEEP|Ihr Budget kann direkt mitgedacht werden:KEEP",,KEEP,
/reinigung-kallmuenz,de,Überregional,service,Reinigung,Reinigung verständlich erklären und zum passenden nächsten Schritt führen,"Umfang, Zugang, Zeitraum und Kontaktwunsch klären",Endreinigung,Endreinigung,Wohnungsreinigung Kallmuenz | FLOXANT Anfrage,Wohnungsreinigung Kallmuenz | FLOXANT Anfrage,Wohnungsreinigung Kallmuenz,"Reinigungsfirma für Kallmuenz gesucht? Fotos, Fläche, Verschmutzung, Zeitfenster und Übergabeanforderungen direkt prüfen lassen. Kallmuenz wird über den FLOXANT-Regensburg-Radius geprüft; Ort, Fotos und Preisrahmen...",Reinigung anfragen,Direkte Antwort|Leistungsumfang|benötigte Angaben|Aufwandstreiber|Ablauf|FAQ|verwandte Leistungen|nächster Schritt,interne Begriffe|fremde Standorte|nicht angebotene Leistungen|unbelegte Versprechen,,,14 sichtbare FAQ-Indikatoren,https://www.floxant.de/reinigung-kallmuenz,index_follow,included,Sparen Sie sich den Putzstress nach dem Umzug. Wir reinigen Ihre Wohnung in Kallmuenz mit klarem Fokus auf Übergabevorbereitung und realistische Abstimmung.,"Reinigung in Kallmuenz: erst klären, dann passend anfragen.:KEEP|Zustand sehen:KEEP|Ziel klären:KEEP|Termin sichern:KEEP|Reinigung in Kallmuenz: mit wenigen Angaben sinnvoll starten:KEEP|Anliegen kurz schildern:KEEP|Aus welchem Anlass?:KEEP|Ort, Zugang und Fotos:KEEP|Budget oder Angebot:KEEP|Leistung einordnen:KEEP|Nächste Wege:KEEP|Angebot prüfen:KEEP|FAQ:KEEP|Anfrage starten:KEEP|Intensivreinigung:KEEP|Was vorab geklärt wird:KEEP|Wie unterscheidet sich der Service vom Standardfall?:KEEP|Ihr Budget kann direkt mitgedacht werden:KEEP",,KEEP,
/reinigung-kelheim,de,Überregional,service,Reinigung,Reinigung verständlich erklären und zum passenden nächsten Schritt führen,"Umfang, Zugang, Zeitraum und Kontaktwunsch klären",Endreinigung,Endreinigung,Wohnungsreinigung Kelheim | FLOXANT Anfrage,Wohnungsreinigung Kelheim | FLOXANT Anfrage,Wohnungsreinigung Kelheim,"Reinigungsfirma für Kelheim gesucht? Fotos, Fläche, Verschmutzung, Zeitfenster und Übergabeanforderungen direkt prüfen lassen. Kelheim wird über den FLOXANT-Regensburg-Radius geprüft; Ort, Fotos und Preisrahmen helfen...",Reinigung anfragen,Direkte Antwort|Leistungsumfang|benötigte Angaben|Aufwandstreiber|Ablauf|FAQ|verwandte Leistungen|nächster Schritt,interne Begriffe|fremde Standorte|nicht angebotene Leistungen|unbelegte Versprechen,,,14 sichtbare FAQ-Indikatoren,https://www.floxant.de/reinigung-kelheim,index_follow,included,Sparen Sie sich den Putzstress nach dem Umzug. Wir reinigen Ihre Wohnung in Kelheim mit klarem Fokus auf Übergabevorbereitung und realistische Abstimmung.,"Reinigung in Kelheim: erst klären, dann passend anfragen.:KEEP|Zustand sehen:KEEP|Ziel klären:KEEP|Termin sichern:KEEP|Reinigung in Kelheim: mit wenigen Angaben sinnvoll starten:KEEP|Anliegen kurz schildern:KEEP|Aus welchem Anlass?:KEEP|Ort, Zugang und Fotos:KEEP|Budget oder Angebot:KEEP|Leistung einordnen:KEEP|Nächste Wege:KEEP|Angebot prüfen:KEEP|FAQ:KEEP|Anfrage starten:KEEP|Intensivreinigung:KEEP|Was vorab geklärt wird:KEEP|Wie unterscheidet sich der Service vom Standardfall?:KEEP|Ihr Budget kann direkt mitgedacht werden:KEEP",,KEEP,
/reinigung-koefering,de,Überregional,service,Reinigung,Reinigung verständlich erklären und zum passenden nächsten Schritt führen,"Umfang, Zugang, Zeitraum und Kontaktwunsch klären",Endreinigung,Endreinigung,Reinigung Koefering | Übergabe sauber planen,Reinigung Koefering | Übergabe sauber planen,Reinigung Koefering,"Endreinigung in Koefering: Wohnungszustand, Räume, Bad, Küche, Böden und Übergabetermin klar erfassen und Anfrage starten. Koefering wird über den FLOXANT-Regensburg-Radius geprüft; Ort, Fotos und Preisrahmen helfen...",Reinigung anfragen,Direkte Antwort|Leistungsumfang|benötigte Angaben|Aufwandstreiber|Ablauf|FAQ|verwandte Leistungen|nächster Schritt,interne Begriffe|fremde Standorte|nicht angebotene Leistungen|unbelegte Versprechen,,,14 sichtbare FAQ-Indikatoren,https://www.floxant.de/reinigung-koefering,index_follow,included,Sparen Sie sich den Putzstress nach dem Umzug. Wir reinigen Ihre Wohnung in Koefering mit klarem Fokus auf Übergabevorbereitung und realistische Abstimmung.,"Reinigung in Koefering: erst klären, dann passend anfragen.:KEEP|Zustand sehen:KEEP|Ziel klären:KEEP|Termin sichern:KEEP|Reinigung in Koefering: mit wenigen Angaben sinnvoll starten:KEEP|Anliegen kurz schildern:KEEP|Aus welchem Anlass?:KEEP|Ort, Zugang und Fotos:KEEP|Budget oder Angebot:KEEP|Leistung einordnen:KEEP|Nächste Wege:KEEP|Angebot prüfen:KEEP|FAQ:KEEP|Anfrage starten:KEEP|Intensivreinigung:KEEP|Was vorab geklärt wird:KEEP|Wie unterscheidet sich der Service vom Standardfall?:KEEP|Ihr Budget kann direkt mitgedacht werden:KEEP",,KEEP,
/reinigung-laaber,de,Überregional,service,Reinigung,Reinigung verständlich erklären und zum passenden nächsten Schritt führen,"Umfang, Zugang, Zeitraum und Kontaktwunsch klären",Endreinigung,Endreinigung,Wohnungsreinigung Laaber | FLOXANT Anfrage,Wohnungsreinigung Laaber | FLOXANT Anfrage,Wohnungsreinigung Laaber,"Reinigungsfirma für Laaber gesucht? Fotos, Fläche, Verschmutzung, Zeitfenster und Übergabeanforderungen direkt prüfen lassen. Laaber wird über den FLOXANT-Regensburg-Radius geprüft; Ort, Fotos und Preisrahmen helfen...",Reinigung anfragen,Direkte Antwort|Leistungsumfang|benötigte Angaben|Aufwandstreiber|Ablauf|FAQ|verwandte Leistungen|nächster Schritt,interne Begriffe|fremde Standorte|nicht angebotene Leistungen|unbelegte Versprechen,,,14 sichtbare FAQ-Indikatoren,https://www.floxant.de/reinigung-laaber,index_follow,included,Sparen Sie sich den Putzstress nach dem Umzug. Wir reinigen Ihre Wohnung in Laaber mit klarem Fokus auf Übergabevorbereitung und realistische Abstimmung.,"Reinigung in Laaber: erst klären, dann passend anfragen.:KEEP|Zustand sehen:KEEP|Ziel klären:KEEP|Termin sichern:KEEP|Reinigung in Laaber: mit wenigen Angaben sinnvoll starten:KEEP|Anliegen kurz schildern:KEEP|Aus welchem Anlass?:KEEP|Ort, Zugang und Fotos:KEEP|Budget oder Angebot:KEEP|Leistung einordnen:KEEP|Nächste Wege:KEEP|Angebot prüfen:KEEP|FAQ:KEEP|Anfrage starten:KEEP|Intensivreinigung:KEEP|Was vorab geklärt wird:KEEP|Wie unterscheidet sich der Service vom Standardfall?:KEEP|Ihr Budget kann direkt mitgedacht werden:KEEP",,KEEP,
/reinigung-langquaid,de,Überregional,service,Reinigung,Reinigung verständlich erklären und zum passenden nächsten Schritt führen,"Umfang, Zugang, Zeitraum und Kontaktwunsch klären",Endreinigung,Endreinigung,Endreinigung Langquaid | Fläche & Termin klären,Endreinigung Langquaid | Fläche & Termin klären,Endreinigung Langquaid,"Reinigung in Langquaid: FLOXANT prüft Fläche, Zustand, Objektart, Termin und Extras für Endreinigung, Übergabe und Objektservice. Langquaid wird über den FLOXANT-Regensburg-Radius geprüft; Ort, Fotos und Preisrahmen...",Reinigung anfragen,Direkte Antwort|Leistungsumfang|benötigte Angaben|Aufwandstreiber|Ablauf|FAQ|verwandte Leistungen|nächster Schritt,interne Begriffe|fremde Standorte|nicht angebotene Leistungen|unbelegte Versprechen,,,14 sichtbare FAQ-Indikatoren,https://www.floxant.de/reinigung-langquaid,index_follow,included,Sparen Sie sich den Putzstress nach dem Umzug. Wir reinigen Ihre Wohnung in Langquaid mit klarem Fokus auf Übergabevorbereitung und realistische Abstimmung.,"Reinigung in Langquaid: erst klären, dann passend anfragen.:KEEP|Zustand sehen:KEEP|Ziel klären:KEEP|Termin sichern:KEEP|Reinigung in Langquaid: mit wenigen Angaben sinnvoll starten:KEEP|Anliegen kurz schildern:KEEP|Aus welchem Anlass?:KEEP|Ort, Zugang und Fotos:KEEP|Budget oder Angebot:KEEP|Leistung einordnen:KEEP|Nächste Wege:KEEP|Angebot prüfen:KEEP|FAQ:KEEP|Anfrage starten:KEEP|Intensivreinigung:KEEP|Was vorab geklärt wird:KEEP|Wie unterscheidet sich der Service vom Standardfall?:KEEP|Ihr Budget kann direkt mitgedacht werden:KEEP",,KEEP,
/reinigung-lappersdorf,de,Überregional,service,Reinigung,Reinigung verständlich erklären und zum passenden nächsten Schritt führen,"Umfang, Zugang, Zeitraum und Kontaktwunsch klären",Endreinigung,Endreinigung,Reinigung Lappersdorf | Übergabe sauber planen,Reinigung Lappersdorf | Übergabe sauber planen,Reinigung Lappersdorf,"Endreinigung in Lappersdorf: Wohnungszustand, Räume, Bad, Küche, Böden und Übergabetermin klar erfassen und Anfrage starten. Lappersdorf liegt im direkten Regensburg-Nahbereich; Strecke, Zugang, Fotos und Kapazität...",Reinigung anfragen,Direkte Antwort|Leistungsumfang|benötigte Angaben|Aufwandstreiber|Ablauf|FAQ|verwandte Leistungen|nächster Schritt,interne Begriffe|fremde Standorte|nicht angebotene Leistungen|unbelegte Versprechen,,,14 sichtbare FAQ-Indikatoren,https://www.floxant.de/reinigung-lappersdorf,index_follow,included,Sparen Sie sich den Putzstress nach dem Umzug. Wir reinigen Ihre Wohnung in Lappersdorf mit klarem Fokus auf Übergabevorbereitung und realistische Abstimmung.,"Reinigung in Lappersdorf: erst klären, dann passend anfragen.:KEEP|Zustand sehen:KEEP|Ziel klären:KEEP|Termin sichern:KEEP|Reinigung in Lappersdorf: mit wenigen Angaben sinnvoll starten:KEEP|Anliegen kurz schildern:KEEP|Aus welchem Anlass?:KEEP|Ort, Zugang und Fotos:KEEP|Budget oder Angebot:KEEP|Leistung einordnen:KEEP|Nächste Wege:KEEP|Angebot prüfen:KEEP|FAQ:KEEP|Anfrage starten:KEEP|Intensivreinigung:KEEP|Was vorab geklärt wird:KEEP|Wie unterscheidet sich der Service vom Standardfall?:KEEP|Ihr Budget kann direkt mitgedacht werden:KEEP",,KEEP,
/reinigung-mainburg,de,Überregional,service,Reinigung,Reinigung verständlich erklären und zum passenden nächsten Schritt führen,"Umfang, Zugang, Zeitraum und Kontaktwunsch klären",Endreinigung,Endreinigung,Reinigungsfirma Mainburg | Objekt prüfen lassen,Reinigungsfirma Mainburg | Objekt prüfen lassen,Reinigungsfirma Mainburg,"FLOXANT prüft Reinigungsanfragen in Mainburg für Wohnung, Büro, Grundreinigung und saubere Übergabe nach Verfügbarkeit. Mainburg wird über den FLOXANT-Regensburg-Radius geprüft; Ort, Fotos und Preisrahmen helfen bei...",Reinigung anfragen,Direkte Antwort|Leistungsumfang|benötigte Angaben|Aufwandstreiber|Ablauf|FAQ|verwandte Leistungen|nächster Schritt,interne Begriffe|fremde Standorte|nicht angebotene Leistungen|unbelegte Versprechen,,,14 sichtbare FAQ-Indikatoren,https://www.floxant.de/reinigung-mainburg,index_follow,included,Sparen Sie sich den Putzstress nach dem Umzug. Wir reinigen Ihre Wohnung in Mainburg mit klarem Fokus auf Übergabevorbereitung und realistische Abstimmung.,"Reinigung in Mainburg: erst klären, dann passend anfragen.:KEEP|Zustand sehen:KEEP|Ziel klären:KEEP|Termin sichern:KEEP|Reinigung in Mainburg: mit wenigen Angaben sinnvoll starten:KEEP|Anliegen kurz schildern:KEEP|Aus welchem Anlass?:KEEP|Ort, Zugang und Fotos:KEEP|Budget oder Angebot:KEEP|Leistung einordnen:KEEP|Nächste Wege:KEEP|Angebot prüfen:KEEP|FAQ:KEEP|Anfrage starten:KEEP|Intensivreinigung:KEEP|Was vorab geklärt wird:KEEP|Wie unterscheidet sich der Service vom Standardfall?:KEEP|Ihr Budget kann direkt mitgedacht werden:KEEP",,KEEP,
/reinigung-mallersdorf-pfaffenberg,de,Überregional,service,Reinigung,Reinigung verständlich erklären und zum passenden nächsten Schritt führen,"Umfang, Zugang, Zeitraum und Kontaktwunsch klären",Endreinigung,Endreinigung,Reinigung Mallersdorf Pfaffenberg | Übergabe sauber planen,Reinigung Mallersdorf Pfaffenberg | Übergabe sauber planen,Reinigung Mallersdorf Pfaffenberg,"Endreinigung in Mallersdorf Pfaffenberg: Wohnungszustand, Räume, Bad, Küche, Böden und Übergabetermin klar erfassen und Anfrage starten. Mallersdorf Pfaffenberg wird über den FLOXANT-Regensburg-Radius geprüft; Ort,...",Reinigung anfragen,Direkte Antwort|Leistungsumfang|benötigte Angaben|Aufwandstreiber|Ablauf|FAQ|verwandte Leistungen|nächster Schritt,interne Begriffe|fremde Standorte|nicht angebotene Leistungen|unbelegte Versprechen,,,14 sichtbare FAQ-Indikatoren,https://www.floxant.de/reinigung-mallersdorf-pfaffenberg,index_follow,included,Sparen Sie sich den Putzstress nach dem Umzug. Wir reinigen Ihre Wohnung in Mallersdorf Pfaffenberg mit klarem Fokus auf Übergabevorbereitung und realistische Abstimmung.,"Reinigung in Mallersdorf Pfaffenberg: erst klären, dann passend anfragen.:KEEP|Zustand sehen:KEEP|Ziel klären:KEEP|Termin sichern:KEEP|Reinigung in Mallersdorf Pfaffenberg: mit wenigen Angaben sinnvoll starten:KEEP|Anliegen kurz schildern:KEEP|Aus welchem Anlass?:KEEP|Ort, Zugang und Fotos:KEEP|Budget oder Angebot:KEEP|Leistung einordnen:KEEP|Nächste Wege:KEEP|Angebot prüfen:KEEP|FAQ:KEEP|Anfrage starten:KEEP|Intensivreinigung:KEEP|Was vorab geklärt wird:KEEP|Wie unterscheidet sich der Service vom Standardfall?:KEEP|Ihr Budget kann direkt mitgedacht werden:KEEP",,KEEP,
/reinigung-maxhuette-haidhof,de,Überregional,service,Reinigung,Reinigung verständlich erklären und zum passenden nächsten Schritt führen,"Umfang, Zugang, Zeitraum und Kontaktwunsch klären",Endreinigung,Endreinigung,Wohnungsreinigung Maxhuette Haidhof | FLOXANT Anfrage,Wohnungsreinigung Maxhuette Haidhof | FLOXANT Anfrage,Wohnungsreinigung Maxhuette Haidhof,"Reinigungsfirma für Maxhuette Haidhof gesucht? Fotos, Fläche, Verschmutzung, Zeitfenster und Übergabeanforderungen direkt prüfen lassen. Maxhuette Haidhof wird über den FLOXANT-Regensburg-Radius geprüft; Ort, Fotos und...",Reinigung anfragen,Direkte Antwort|Leistungsumfang|benötigte Angaben|Aufwandstreiber|Ablauf|FAQ|verwandte Leistungen|nächster Schritt,interne Begriffe|fremde Standorte|nicht angebotene Leistungen|unbelegte Versprechen,,,14 sichtbare FAQ-Indikatoren,https://www.floxant.de/reinigung-maxhuette-haidhof,index_follow,included,Sparen Sie sich den Putzstress nach dem Umzug. Wir reinigen Ihre Wohnung in Maxhuette Haidhof mit klarem Fokus auf Übergabevorbereitung und realistische Abstimmung.,"Reinigung in Maxhuette Haidhof: erst klären, dann passend anfragen.:KEEP|Zustand sehen:KEEP|Ziel klären:KEEP|Termin sichern:KEEP|Reinigung in Maxhuette Haidhof: mit wenigen Angaben sinnvoll starten:KEEP|Anliegen kurz schildern:KEEP|Aus welchem Anlass?:KEEP|Ort, Zugang und Fotos:KEEP|Budget oder Angebot:KEEP|Leistung einordnen:KEEP|Nächste Wege:KEEP|Angebot prüfen:KEEP|FAQ:KEEP|Anfrage starten:KEEP|Intensivreinigung:KEEP|Was vorab geklärt wird:KEEP|Wie unterscheidet sich der Service vom Standardfall?:KEEP|Ihr Budget kann direkt mitgedacht werden:KEEP",,KEEP,
/reinigung-mintraching,de,Überregional,service,Reinigung,Reinigung verständlich erklären und zum passenden nächsten Schritt führen,"Umfang, Zugang, Zeitraum und Kontaktwunsch klären",Endreinigung,Endreinigung,Reinigung Mintraching | Übergabe sauber planen,Reinigung Mintraching | Übergabe sauber planen,Reinigung Mintraching,"Endreinigung in Mintraching: Wohnungszustand, Räume, Bad, Küche, Böden und Übergabetermin klar erfassen und Anfrage starten. Mintraching wird über den FLOXANT-Regensburg-Radius geprüft; Ort, Fotos und Preisrahmen...",Reinigung anfragen,Direkte Antwort|Leistungsumfang|benötigte Angaben|Aufwandstreiber|Ablauf|FAQ|verwandte Leistungen|nächster Schritt,interne Begriffe|fremde Standorte|nicht angebotene Leistungen|unbelegte Versprechen,,,14 sichtbare FAQ-Indikatoren,https://www.floxant.de/reinigung-mintraching,index_follow,included,Sparen Sie sich den Putzstress nach dem Umzug. Wir reinigen Ihre Wohnung in Mintraching mit klarem Fokus auf Übergabevorbereitung und realistische Abstimmung.,"Reinigung in Mintraching: erst klären, dann passend anfragen.:KEEP|Zustand sehen:KEEP|Ziel klären:KEEP|Termin sichern:KEEP|Reinigung in Mintraching: mit wenigen Angaben sinnvoll starten:KEEP|Anliegen kurz schildern:KEEP|Aus welchem Anlass?:KEEP|Ort, Zugang und Fotos:KEEP|Budget oder Angebot:KEEP|Leistung einordnen:KEEP|Nächste Wege:KEEP|Angebot prüfen:KEEP|FAQ:KEEP|Anfrage starten:KEEP|Intensivreinigung:KEEP|Was vorab geklärt wird:KEEP|Wie unterscheidet sich der Service vom Standardfall?:KEEP|Ihr Budget kann direkt mitgedacht werden:KEEP",,KEEP,
/reinigung-moetzing,de,Überregional,service,Reinigung,Reinigung verständlich erklären und zum passenden nächsten Schritt führen,"Umfang, Zugang, Zeitraum und Kontaktwunsch klären",Endreinigung,Endreinigung,Reinigungsfirma Moetzing | Objekt prüfen lassen,Reinigungsfirma Moetzing | Objekt prüfen lassen,Reinigungsfirma Moetzing,"FLOXANT prüft Reinigungsanfragen in Moetzing für Wohnung, Büro, Grundreinigung und saubere Übergabe nach Verfügbarkeit. Moetzing wird über den FLOXANT-Regensburg-Radius geprüft; Ort, Fotos und Preisrahmen helfen bei...",Reinigung anfragen,Direkte Antwort|Leistungsumfang|benötigte Angaben|Aufwandstreiber|Ablauf|FAQ|verwandte Leistungen|nächster Schritt,interne Begriffe|fremde Standorte|nicht angebotene Leistungen|unbelegte Versprechen,,,14 sichtbare FAQ-Indikatoren,https://www.floxant.de/reinigung-moetzing,index_follow,included,Sparen Sie sich den Putzstress nach dem Umzug. Wir reinigen Ihre Wohnung in Moetzing mit klarem Fokus auf Übergabevorbereitung und realistische Abstimmung.,"Reinigung in Moetzing: erst klären, dann passend anfragen.:KEEP|Zustand sehen:KEEP|Ziel klären:KEEP|Termin sichern:KEEP|Reinigung in Moetzing: mit wenigen Angaben sinnvoll starten:KEEP|Anliegen kurz schildern:KEEP|Aus welchem Anlass?:KEEP|Ort, Zugang und Fotos:KEEP|Budget oder Angebot:KEEP|Leistung einordnen:KEEP|Nächste Wege:KEEP|Angebot prüfen:KEEP|FAQ:KEEP|Anfrage starten:KEEP|Intensivreinigung:KEEP|Was vorab geklärt wird:KEEP|Wie unterscheidet sich der Service vom Standardfall?:KEEP|Ihr Budget kann direkt mitgedacht werden:KEEP",,KEEP,
/reinigung-neutraubling,de,Überregional,service,Reinigung,Reinigung verständlich erklären und zum passenden nächsten Schritt führen,"Umfang, Zugang, Zeitraum und Kontaktwunsch klären",Endreinigung,Endreinigung,Reinigung Neutraubling | Übergabe sauber planen,Reinigung Neutraubling | Übergabe sauber planen,Reinigung Neutraubling,"Endreinigung in Neutraubling: Wohnungszustand, Räume, Bad, Küche, Böden und Übergabetermin klar erfassen und Anfrage starten. Neutraubling liegt im direkten Regensburg-Nahbereich; Strecke, Zugang, Fotos und Kapazität...",Reinigung anfragen,Direkte Antwort|Leistungsumfang|benötigte Angaben|Aufwandstreiber|Ablauf|FAQ|verwandte Leistungen|nächster Schritt,interne Begriffe|fremde Standorte|nicht angebotene Leistungen|unbelegte Versprechen,,,14 sichtbare FAQ-Indikatoren,https://www.floxant.de/reinigung-neutraubling,index_follow,included,Sparen Sie sich den Putzstress nach dem Umzug. Wir reinigen Ihre Wohnung in Neutraubling mit klarem Fokus auf Übergabevorbereitung und realistische Abstimmung.,"Reinigung in Neutraubling: erst klären, dann passend anfragen.:KEEP|Zustand sehen:KEEP|Ziel klären:KEEP|Termin sichern:KEEP|Reinigung in Neutraubling: mit wenigen Angaben sinnvoll starten:KEEP|Anliegen kurz schildern:KEEP|Aus welchem Anlass?:KEEP|Ort, Zugang und Fotos:KEEP|Budget oder Angebot:KEEP|Leistung einordnen:KEEP|Nächste Wege:KEEP|Angebot prüfen:KEEP|FAQ:KEEP|Anfrage starten:KEEP|Intensivreinigung:KEEP|Was vorab geklärt wird:KEEP|Wie unterscheidet sich der Service vom Standardfall?:KEEP|Ihr Budget kann direkt mitgedacht werden:KEEP",,KEEP,
/reinigung-nittenau,de,Überregional,service,Reinigung,Reinigung verständlich erklären und zum passenden nächsten Schritt führen,"Umfang, Zugang, Zeitraum und Kontaktwunsch klären",Endreinigung,Endreinigung,Reinigung Nittenau | Übergabe sauber planen,Reinigung Nittenau | Übergabe sauber planen,Reinigung Nittenau,"Endreinigung in Nittenau: Wohnungszustand, Räume, Bad, Küche, Böden und Übergabetermin klar erfassen und Anfrage starten. Nittenau wird über den FLOXANT-Regensburg-Radius geprüft; Ort, Fotos und Preisrahmen helfen bei...",Reinigung anfragen,Direkte Antwort|Leistungsumfang|benötigte Angaben|Aufwandstreiber|Ablauf|FAQ|verwandte Leistungen|nächster Schritt,interne Begriffe|fremde Standorte|nicht angebotene Leistungen|unbelegte Versprechen,,,14 sichtbare FAQ-Indikatoren,https://www.floxant.de/reinigung-nittenau,index_follow,included,Sparen Sie sich den Putzstress nach dem Umzug. Wir reinigen Ihre Wohnung in Nittenau mit klarem Fokus auf Übergabevorbereitung und realistische Abstimmung.,"Reinigung in Nittenau: erst klären, dann passend anfragen.:KEEP|Zustand sehen:KEEP|Ziel klären:KEEP|Termin sichern:KEEP|Reinigung in Nittenau: mit wenigen Angaben sinnvoll starten:KEEP|Anliegen kurz schildern:KEEP|Aus welchem Anlass?:KEEP|Ort, Zugang und Fotos:KEEP|Budget oder Angebot:KEEP|Leistung einordnen:KEEP|Nächste Wege:KEEP|Angebot prüfen:KEEP|FAQ:KEEP|Anfrage starten:KEEP|Intensivreinigung:KEEP|Was vorab geklärt wird:KEEP|Wie unterscheidet sich der Service vom Standardfall?:KEEP|Ihr Budget kann direkt mitgedacht werden:KEEP",,KEEP,
/reinigung-nittendorf,de,Überregional,service,Reinigung,Reinigung verständlich erklären und zum passenden nächsten Schritt führen,"Umfang, Zugang, Zeitraum und Kontaktwunsch klären",Endreinigung,Endreinigung,Wohnungsreinigung Nittendorf | FLOXANT Anfrage,Wohnungsreinigung Nittendorf | FLOXANT Anfrage,Wohnungsreinigung Nittendorf,"Reinigungsfirma für Nittendorf gesucht? Fotos, Fläche, Verschmutzung, Zeitfenster und Übergabeanforderungen direkt prüfen lassen. Nittendorf liegt im direkten Regensburg-Nahbereich; Strecke, Zugang, Fotos und Kapazität...",Reinigung anfragen,Direkte Antwort|Leistungsumfang|benötigte Angaben|Aufwandstreiber|Ablauf|FAQ|verwandte Leistungen|nächster Schritt,interne Begriffe|fremde Standorte|nicht angebotene Leistungen|unbelegte Versprechen,,,14 sichtbare FAQ-Indikatoren,https://www.floxant.de/reinigung-nittendorf,index_follow,included,Sparen Sie sich den Putzstress nach dem Umzug. Wir reinigen Ihre Wohnung in Nittendorf mit klarem Fokus auf Übergabevorbereitung und realistische Abstimmung.,"Reinigung in Nittendorf: erst klären, dann passend anfragen.:KEEP|Zustand sehen:KEEP|Ziel klären:KEEP|Termin sichern:KEEP|Reinigung in Nittendorf: mit wenigen Angaben sinnvoll starten:KEEP|Anliegen kurz schildern:KEEP|Aus welchem Anlass?:KEEP|Ort, Zugang und Fotos:KEEP|Budget oder Angebot:KEEP|Leistung einordnen:KEEP|Nächste Wege:KEEP|Angebot prüfen:KEEP|FAQ:KEEP|Anfrage starten:KEEP|Intensivreinigung:KEEP|Was vorab geklärt wird:KEEP|Wie unterscheidet sich der Service vom Standardfall?:KEEP|Ihr Budget kann direkt mitgedacht werden:KEEP",,KEEP,
/reinigung-obertraubling,de,Überregional,service,Reinigung,Reinigung verständlich erklären und zum passenden nächsten Schritt führen,"Umfang, Zugang, Zeitraum und Kontaktwunsch klären",Endreinigung,Endreinigung,Endreinigung Obertraubling | Fläche & Termin klären,Endreinigung Obertraubling | Fläche & Termin klären,Endreinigung Obertraubling,"Reinigung in Obertraubling: FLOXANT prüft Fläche, Zustand, Objektart, Termin und Extras für Endreinigung, Übergabe und Objektservice. Obertraubling liegt im direkten Regensburg-Nahbereich; Strecke, Zugang, Fotos und...",Reinigung anfragen,Direkte Antwort|Leistungsumfang|benötigte Angaben|Aufwandstreiber|Ablauf|FAQ|verwandte Leistungen|nächster Schritt,interne Begriffe|fremde Standorte|nicht angebotene Leistungen|unbelegte Versprechen,,,14 sichtbare FAQ-Indikatoren,https://www.floxant.de/reinigung-obertraubling,index_follow,included,Sparen Sie sich den Putzstress nach dem Umzug. Wir reinigen Ihre Wohnung in Obertraubling mit klarem Fokus auf Übergabevorbereitung und realistische Abstimmung.,"Reinigung in Obertraubling: erst klären, dann passend anfragen.:KEEP|Zustand sehen:KEEP|Ziel klären:KEEP|Termin sichern:KEEP|Reinigung in Obertraubling: mit wenigen Angaben sinnvoll starten:KEEP|Anliegen kurz schildern:KEEP|Aus welchem Anlass?:KEEP|Ort, Zugang und Fotos:KEEP|Budget oder Angebot:KEEP|Leistung einordnen:KEEP|Nächste Wege:KEEP|Angebot prüfen:KEEP|FAQ:KEEP|Anfrage starten:KEEP|Intensivreinigung:KEEP|Was vorab geklärt wird:KEEP|Wie unterscheidet sich der Service vom Standardfall?:KEEP|Ihr Budget kann direkt mitgedacht werden:KEEP",,KEEP,
/reinigung-painten,de,Überregional,service,Reinigung,Reinigung verständlich erklären und zum passenden nächsten Schritt führen,"Umfang, Zugang, Zeitraum und Kontaktwunsch klären",Endreinigung,Endreinigung,Wohnungsreinigung Painten | FLOXANT Anfrage,Wohnungsreinigung Painten | FLOXANT Anfrage,Wohnungsreinigung Painten,"Reinigungsfirma für Painten gesucht? Fotos, Fläche, Verschmutzung, Zeitfenster und Übergabeanforderungen direkt prüfen lassen. Painten wird über den FLOXANT-Regensburg-Radius geprüft; Ort, Fotos und Preisrahmen helfen...",Reinigung anfragen,Direkte Antwort|Leistungsumfang|benötigte Angaben|Aufwandstreiber|Ablauf|FAQ|verwandte Leistungen|nächster Schritt,interne Begriffe|fremde Standorte|nicht angebotene Leistungen|unbelegte Versprechen,,,14 sichtbare FAQ-Indikatoren,https://www.floxant.de/reinigung-painten,index_follow,included,Sparen Sie sich den Putzstress nach dem Umzug. Wir reinigen Ihre Wohnung in Painten mit klarem Fokus auf Übergabevorbereitung und realistische Abstimmung.,"Reinigung in Painten: erst klären, dann passend anfragen.:KEEP|Zustand sehen:KEEP|Ziel klären:KEEP|Termin sichern:KEEP|Reinigung in Painten: mit wenigen Angaben sinnvoll starten:KEEP|Anliegen kurz schildern:KEEP|Aus welchem Anlass?:KEEP|Ort, Zugang und Fotos:KEEP|Budget oder Angebot:KEEP|Leistung einordnen:KEEP|Nächste Wege:KEEP|Angebot prüfen:KEEP|FAQ:KEEP|Anfrage starten:KEEP|Intensivreinigung:KEEP|Was vorab geklärt wird:KEEP|Wie unterscheidet sich der Service vom Standardfall?:KEEP|Ihr Budget kann direkt mitgedacht werden:KEEP",,KEEP,
/reinigung-pentling,de,Überregional,service,Reinigung,Reinigung verständlich erklären und zum passenden nächsten Schritt führen,"Umfang, Zugang, Zeitraum und Kontaktwunsch klären",Endreinigung,Endreinigung,Reinigungsfirma Pentling | Objekt prüfen lassen,Reinigungsfirma Pentling | Objekt prüfen lassen,Reinigungsfirma Pentling,"FLOXANT prüft Reinigungsanfragen in Pentling für Wohnung, Büro, Grundreinigung und saubere Übergabe nach Verfügbarkeit. Pentling liegt im direkten Regensburg-Nahbereich; Strecke, Zugang, Fotos und Kapazität werden vor...",Reinigung anfragen,Direkte Antwort|Leistungsumfang|benötigte Angaben|Aufwandstreiber|Ablauf|FAQ|verwandte Leistungen|nächster Schritt,interne Begriffe|fremde Standorte|nicht angebotene Leistungen|unbelegte Versprechen,,,14 sichtbare FAQ-Indikatoren,https://www.floxant.de/reinigung-pentling,index_follow,included,Sparen Sie sich den Putzstress nach dem Umzug. Wir reinigen Ihre Wohnung in Pentling mit klarem Fokus auf Übergabevorbereitung und realistische Abstimmung.,"Reinigung in Pentling: erst klären, dann passend anfragen.:KEEP|Zustand sehen:KEEP|Ziel klären:KEEP|Termin sichern:KEEP|Reinigung in Pentling: mit wenigen Angaben sinnvoll starten:KEEP|Anliegen kurz schildern:KEEP|Aus welchem Anlass?:KEEP|Ort, Zugang und Fotos:KEEP|Budget oder Angebot:KEEP|Leistung einordnen:KEEP|Nächste Wege:KEEP|Angebot prüfen:KEEP|FAQ:KEEP|Anfrage starten:KEEP|Intensivreinigung:KEEP|Was vorab geklärt wird:KEEP|Wie unterscheidet sich der Service vom Standardfall?:KEEP|Ihr Budget kann direkt mitgedacht werden:KEEP",,KEEP,
/reinigung-pettendorf,de,Überregional,service,Reinigung,Reinigung verständlich erklären und zum passenden nächsten Schritt führen,"Umfang, Zugang, Zeitraum und Kontaktwunsch klären",Endreinigung,Endreinigung,Reinigungsfirma Pettendorf | Objekt prüfen lassen,Reinigungsfirma Pettendorf | Objekt prüfen lassen,Reinigungsfirma Pettendorf,"FLOXANT prüft Reinigungsanfragen in Pettendorf für Wohnung, Büro, Grundreinigung und saubere Übergabe nach Verfügbarkeit. Pettendorf wird über den FLOXANT-Regensburg-Radius geprüft; Ort, Fotos und Preisrahmen helfen...",Reinigung anfragen,Direkte Antwort|Leistungsumfang|benötigte Angaben|Aufwandstreiber|Ablauf|FAQ|verwandte Leistungen|nächster Schritt,interne Begriffe|fremde Standorte|nicht angebotene Leistungen|unbelegte Versprechen,,,14 sichtbare FAQ-Indikatoren,https://www.floxant.de/reinigung-pettendorf,index_follow,included,Sparen Sie sich den Putzstress nach dem Umzug. Wir reinigen Ihre Wohnung in Pettendorf mit klarem Fokus auf Übergabevorbereitung und realistische Abstimmung.,"Reinigung in Pettendorf: erst klären, dann passend anfragen.:KEEP|Zustand sehen:KEEP|Ziel klären:KEEP|Termin sichern:KEEP|Reinigung in Pettendorf: mit wenigen Angaben sinnvoll starten:KEEP|Anliegen kurz schildern:KEEP|Aus welchem Anlass?:KEEP|Ort, Zugang und Fotos:KEEP|Budget oder Angebot:KEEP|Leistung einordnen:KEEP|Nächste Wege:KEEP|Angebot prüfen:KEEP|FAQ:KEEP|Anfrage starten:KEEP|Intensivreinigung:KEEP|Was vorab geklärt wird:KEEP|Wie unterscheidet sich der Service vom Standardfall?:KEEP|Ihr Budget kann direkt mitgedacht werden:KEEP",,KEEP,
/reinigung-pfatter,de,Überregional,service,Reinigung,Reinigung verständlich erklären und zum passenden nächsten Schritt führen,"Umfang, Zugang, Zeitraum und Kontaktwunsch klären",Endreinigung,Endreinigung,Reinigung Pfatter | Übergabe sauber planen,Reinigung Pfatter | Übergabe sauber planen,Reinigung Pfatter,"Endreinigung in Pfatter: Wohnungszustand, Räume, Bad, Küche, Böden und Übergabetermin klar erfassen und Anfrage starten. Pfatter wird über den FLOXANT-Regensburg-Radius geprüft; Ort, Fotos und Preisrahmen helfen bei...",Reinigung anfragen,Direkte Antwort|Leistungsumfang|benötigte Angaben|Aufwandstreiber|Ablauf|FAQ|verwandte Leistungen|nächster Schritt,interne Begriffe|fremde Standorte|nicht angebotene Leistungen|unbelegte Versprechen,,,14 sichtbare FAQ-Indikatoren,https://www.floxant.de/reinigung-pfatter,index_follow,included,Sparen Sie sich den Putzstress nach dem Umzug. Wir reinigen Ihre Wohnung in Pfatter mit klarem Fokus auf Übergabevorbereitung und realistische Abstimmung.,"Reinigung in Pfatter: erst klären, dann passend anfragen.:KEEP|Zustand sehen:KEEP|Ziel klären:KEEP|Termin sichern:KEEP|Reinigung in Pfatter: mit wenigen Angaben sinnvoll starten:KEEP|Anliegen kurz schildern:KEEP|Aus welchem Anlass?:KEEP|Ort, Zugang und Fotos:KEEP|Budget oder Angebot:KEEP|Leistung einordnen:KEEP|Nächste Wege:KEEP|Angebot prüfen:KEEP|FAQ:KEEP|Anfrage starten:KEEP|Intensivreinigung:KEEP|Was vorab geklärt wird:KEEP|Wie unterscheidet sich der Service vom Standardfall?:KEEP|Ihr Budget kann direkt mitgedacht werden:KEEP",,KEEP,
/reinigung-pielenhofen,de,Überregional,service,Reinigung,Reinigung verständlich erklären und zum passenden nächsten Schritt führen,"Umfang, Zugang, Zeitraum und Kontaktwunsch klären",Endreinigung,Endreinigung,Wohnungsreinigung Pielenhofen | FLOXANT Anfrage,Wohnungsreinigung Pielenhofen | FLOXANT Anfrage,Wohnungsreinigung Pielenhofen,"Reinigungsfirma für Pielenhofen gesucht? Fotos, Fläche, Verschmutzung, Zeitfenster und Übergabeanforderungen direkt prüfen lassen. Pielenhofen wird über den FLOXANT-Regensburg-Radius geprüft; Ort, Fotos und Preisrahmen...",Reinigung anfragen,Direkte Antwort|Leistungsumfang|benötigte Angaben|Aufwandstreiber|Ablauf|FAQ|verwandte Leistungen|nächster Schritt,interne Begriffe|fremde Standorte|nicht angebotene Leistungen|unbelegte Versprechen,,,14 sichtbare FAQ-Indikatoren,https://www.floxant.de/reinigung-pielenhofen,index_follow,included,Sparen Sie sich den Putzstress nach dem Umzug. Wir reinigen Ihre Wohnung in Pielenhofen mit klarem Fokus auf Übergabevorbereitung und realistische Abstimmung.,"Reinigung in Pielenhofen: erst klären, dann passend anfragen.:KEEP|Zustand sehen:KEEP|Ziel klären:KEEP|Termin sichern:KEEP|Reinigung in Pielenhofen: mit wenigen Angaben sinnvoll starten:KEEP|Anliegen kurz schildern:KEEP|Aus welchem Anlass?:KEEP|Ort, Zugang und Fotos:KEEP|Budget oder Angebot:KEEP|Leistung einordnen:KEEP|Nächste Wege:KEEP|Angebot prüfen:KEEP|FAQ:KEEP|Anfrage starten:KEEP|Intensivreinigung:KEEP|Was vorab geklärt wird:KEEP|Wie unterscheidet sich der Service vom Standardfall?:KEEP|Ihr Budget kann direkt mitgedacht werden:KEEP",,KEEP,
/reinigung-regenstauf,de,Überregional,service,Reinigung,Reinigung verständlich erklären und zum passenden nächsten Schritt führen,"Umfang, Zugang, Zeitraum und Kontaktwunsch klären",Endreinigung,Endreinigung,Reinigung Regenstauf | Übergabe sauber planen,Reinigung Regenstauf | Übergabe sauber planen,Reinigung Regenstauf,"Endreinigung in Regenstauf: Wohnungszustand, Räume, Bad, Küche, Böden und Übergabetermin klar erfassen und Anfrage starten. Regenstauf liegt im direkten Regensburg-Nahbereich; Strecke, Zugang, Fotos und Kapazität...",Reinigung anfragen,Direkte Antwort|Leistungsumfang|benötigte Angaben|Aufwandstreiber|Ablauf|FAQ|verwandte Leistungen|nächster Schritt,interne Begriffe|fremde Standorte|nicht angebotene Leistungen|unbelegte Versprechen,,,14 sichtbare FAQ-Indikatoren,https://www.floxant.de/reinigung-regenstauf,index_follow,included,Sparen Sie sich den Putzstress nach dem Umzug. Wir reinigen Ihre Wohnung in Regenstauf mit klarem Fokus auf Übergabevorbereitung und realistische Abstimmung.,"Reinigung in Regenstauf: erst klären, dann passend anfragen.:KEEP|Zustand sehen:KEEP|Ziel klären:KEEP|Termin sichern:KEEP|Reinigung in Regenstauf: mit wenigen Angaben sinnvoll starten:KEEP|Anliegen kurz schildern:KEEP|Aus welchem Anlass?:KEEP|Ort, Zugang und Fotos:KEEP|Budget oder Angebot:KEEP|Leistung einordnen:KEEP|Nächste Wege:KEEP|Angebot prüfen:KEEP|FAQ:KEEP|Anfrage starten:KEEP|Intensivreinigung:KEEP|Was vorab geklärt wird:KEEP|Wie unterscheidet sich der Service vom Standardfall?:KEEP|Ihr Budget kann direkt mitgedacht werden:KEEP",,KEEP,
/reinigung-riedenburg,de,Überregional,service,Reinigung,Reinigung verständlich erklären und zum passenden nächsten Schritt führen,"Umfang, Zugang, Zeitraum und Kontaktwunsch klären",Endreinigung,Endreinigung,Wohnungsreinigung Riedenburg | FLOXANT Anfrage,Wohnungsreinigung Riedenburg | FLOXANT Anfrage,Wohnungsreinigung Riedenburg,"Reinigungsfirma für Riedenburg gesucht? Fotos, Fläche, Verschmutzung, Zeitfenster und Übergabeanforderungen direkt prüfen lassen. Riedenburg wird über den FLOXANT-Regensburg-Radius geprüft; Ort, Fotos und Preisrahmen...",Reinigung anfragen,Direkte Antwort|Leistungsumfang|benötigte Angaben|Aufwandstreiber|Ablauf|FAQ|verwandte Leistungen|nächster Schritt,interne Begriffe|fremde Standorte|nicht angebotene Leistungen|unbelegte Versprechen,,,14 sichtbare FAQ-Indikatoren,https://www.floxant.de/reinigung-riedenburg,index_follow,included,Sparen Sie sich den Putzstress nach dem Umzug. Wir reinigen Ihre Wohnung in Riedenburg mit klarem Fokus auf Übergabevorbereitung und realistische Abstimmung.,"Reinigung in Riedenburg: erst klären, dann passend anfragen.:KEEP|Zustand sehen:KEEP|Ziel klären:KEEP|Termin sichern:KEEP|Reinigung in Riedenburg: mit wenigen Angaben sinnvoll starten:KEEP|Anliegen kurz schildern:KEEP|Aus welchem Anlass?:KEEP|Ort, Zugang und Fotos:KEEP|Budget oder Angebot:KEEP|Leistung einordnen:KEEP|Nächste Wege:KEEP|Angebot prüfen:KEEP|FAQ:KEEP|Anfrage starten:KEEP|Intensivreinigung:KEEP|Was vorab geklärt wird:KEEP|Wie unterscheidet sich der Service vom Standardfall?:KEEP|Ihr Budget kann direkt mitgedacht werden:KEEP",,KEEP,
/reinigung-riekofen,de,Überregional,service,Reinigung,Reinigung verständlich erklären und zum passenden nächsten Schritt führen,"Umfang, Zugang, Zeitraum und Kontaktwunsch klären",Endreinigung,Endreinigung,Reinigungsfirma Riekofen | Objekt prüfen lassen,Reinigungsfirma Riekofen | Objekt prüfen lassen,Reinigungsfirma Riekofen,"FLOXANT prüft Reinigungsanfragen in Riekofen für Wohnung, Büro, Grundreinigung und saubere Übergabe nach Verfügbarkeit. Riekofen wird über den FLOXANT-Regensburg-Radius geprüft; Ort, Fotos und Preisrahmen helfen bei...",Reinigung anfragen,Direkte Antwort|Leistungsumfang|benötigte Angaben|Aufwandstreiber|Ablauf|FAQ|verwandte Leistungen|nächster Schritt,interne Begriffe|fremde Standorte|nicht angebotene Leistungen|unbelegte Versprechen,,,14 sichtbare FAQ-Indikatoren,https://www.floxant.de/reinigung-riekofen,index_follow,included,Sparen Sie sich den Putzstress nach dem Umzug. Wir reinigen Ihre Wohnung in Riekofen mit klarem Fokus auf Übergabevorbereitung und realistische Abstimmung.,"Reinigung in Riekofen: erst klären, dann passend anfragen.:KEEP|Zustand sehen:KEEP|Ziel klären:KEEP|Termin sichern:KEEP|Reinigung in Riekofen: mit wenigen Angaben sinnvoll starten:KEEP|Anliegen kurz schildern:KEEP|Aus welchem Anlass?:KEEP|Ort, Zugang und Fotos:KEEP|Budget oder Angebot:KEEP|Leistung einordnen:KEEP|Nächste Wege:KEEP|Angebot prüfen:KEEP|FAQ:KEEP|Anfrage starten:KEEP|Intensivreinigung:KEEP|Was vorab geklärt wird:KEEP|Wie unterscheidet sich der Service vom Standardfall?:KEEP|Ihr Budget kann direkt mitgedacht werden:KEEP",,KEEP,
/reinigung-roding,de,Überregional,service,Reinigung,Reinigung verständlich erklären und zum passenden nächsten Schritt führen,"Umfang, Zugang, Zeitraum und Kontaktwunsch klären",Endreinigung,Endreinigung,Wohnungsreinigung Roding | FLOXANT Anfrage,Wohnungsreinigung Roding | FLOXANT Anfrage,Wohnungsreinigung Roding,"Reinigungsfirma für Roding gesucht? Fotos, Fläche, Verschmutzung, Zeitfenster und Übergabeanforderungen direkt prüfen lassen. Roding wird über den FLOXANT-Regensburg-Radius geprüft; Ort, Fotos und Preisrahmen helfen...",Reinigung anfragen,Direkte Antwort|Leistungsumfang|benötigte Angaben|Aufwandstreiber|Ablauf|FAQ|verwandte Leistungen|nächster Schritt,interne Begriffe|fremde Standorte|nicht angebotene Leistungen|unbelegte Versprechen,,,14 sichtbare FAQ-Indikatoren,https://www.floxant.de/reinigung-roding,index_follow,included,Sparen Sie sich den Putzstress nach dem Umzug. Wir reinigen Ihre Wohnung in Roding mit klarem Fokus auf Übergabevorbereitung und realistische Abstimmung.,"Reinigung in Roding: erst klären, dann passend anfragen.:KEEP|Zustand sehen:KEEP|Ziel klären:KEEP|Termin sichern:KEEP|Reinigung in Roding: mit wenigen Angaben sinnvoll starten:KEEP|Anliegen kurz schildern:KEEP|Aus welchem Anlass?:KEEP|Ort, Zugang und Fotos:KEEP|Budget oder Angebot:KEEP|Leistung einordnen:KEEP|Nächste Wege:KEEP|Angebot prüfen:KEEP|FAQ:KEEP|Anfrage starten:KEEP|Intensivreinigung:KEEP|Was vorab geklärt wird:KEEP|Wie unterscheidet sich der Service vom Standardfall?:KEEP|Ihr Budget kann direkt mitgedacht werden:KEEP",,KEEP,
/reinigung-saal-an-der-donau,de,Überregional,service,Reinigung,Reinigung verständlich erklären und zum passenden nächsten Schritt führen,"Umfang, Zugang, Zeitraum und Kontaktwunsch klären",Endreinigung,Endreinigung,Wohnungsreinigung Saal an der Donau | FLOXANT Anfrage,Wohnungsreinigung Saal an der Donau | FLOXANT Anfrage,Wohnungsreinigung Saal an der Donau,"Reinigungsfirma für Saal an der Donau gesucht? Fotos, Fläche, Verschmutzung, Zeitfenster und Übergabeanforderungen direkt prüfen lassen. Saal an der Donau wird über den FLOXANT-Regensburg-Radius geprüft; Ort, Fotos und...",Reinigung anfragen,Direkte Antwort|Leistungsumfang|benötigte Angaben|Aufwandstreiber|Ablauf|FAQ|verwandte Leistungen|nächster Schritt,interne Begriffe|fremde Standorte|nicht angebotene Leistungen|unbelegte Versprechen,,,14 sichtbare FAQ-Indikatoren,https://www.floxant.de/reinigung-saal-an-der-donau,index_follow,included,Sparen Sie sich den Putzstress nach dem Umzug. Wir reinigen Ihre Wohnung in Saal an der Donau mit klarem Fokus auf Übergabevorbereitung und realistische Abstimmung.,"Reinigung in Saal an der Donau: erst klären, dann passend anfragen.:KEEP|Zustand sehen:KEEP|Ziel klären:KEEP|Termin sichern:KEEP|Reinigung in Saal an der Donau: mit wenigen Angaben sinnvoll starten:KEEP|Anliegen kurz schildern:KEEP|Aus welchem Anlass?:KEEP|Ort, Zugang und Fotos:KEEP|Budget oder Angebot:KEEP|Leistung einordnen:KEEP|Nächste Wege:KEEP|Angebot prüfen:KEEP|FAQ:KEEP|Anfrage starten:KEEP|Intensivreinigung:KEEP|Was vorab geklärt wird:KEEP|Wie unterscheidet sich der Service vom Standardfall?:KEEP|Ihr Budget kann direkt mitgedacht werden:KEEP",,KEEP,
/reinigung-schierling,de,Überregional,service,Reinigung,Reinigung verständlich erklären und zum passenden nächsten Schritt führen,"Umfang, Zugang, Zeitraum und Kontaktwunsch klären",Endreinigung,Endreinigung,Reinigung Schierling | Übergabe sauber planen,Reinigung Schierling | Übergabe sauber planen,Reinigung Schierling,"Endreinigung in Schierling: Wohnungszustand, Räume, Bad, Küche, Böden und Übergabetermin klar erfassen und Anfrage starten. Schierling wird über den FLOXANT-Regensburg-Radius geprüft; Ort, Fotos und Preisrahmen helfen...",Reinigung anfragen,Direkte Antwort|Leistungsumfang|benötigte Angaben|Aufwandstreiber|Ablauf|FAQ|verwandte Leistungen|nächster Schritt,interne Begriffe|fremde Standorte|nicht angebotene Leistungen|unbelegte Versprechen,,,14 sichtbare FAQ-Indikatoren,https://www.floxant.de/reinigung-schierling,index_follow,included,Sparen Sie sich den Putzstress nach dem Umzug. Wir reinigen Ihre Wohnung in Schierling mit klarem Fokus auf Übergabevorbereitung und realistische Abstimmung.,"Reinigung in Schierling: erst klären, dann passend anfragen.:KEEP|Zustand sehen:KEEP|Ziel klären:KEEP|Termin sichern:KEEP|Reinigung in Schierling: mit wenigen Angaben sinnvoll starten:KEEP|Anliegen kurz schildern:KEEP|Aus welchem Anlass?:KEEP|Ort, Zugang und Fotos:KEEP|Budget oder Angebot:KEEP|Leistung einordnen:KEEP|Nächste Wege:KEEP|Angebot prüfen:KEEP|FAQ:KEEP|Anfrage starten:KEEP|Intensivreinigung:KEEP|Was vorab geklärt wird:KEEP|Wie unterscheidet sich der Service vom Standardfall?:KEEP|Ihr Budget kann direkt mitgedacht werden:KEEP",,KEEP,
/reinigung-schwandorf,de,Überregional,service,Reinigung,Reinigung verständlich erklären und zum passenden nächsten Schritt führen,"Umfang, Zugang, Zeitraum und Kontaktwunsch klären",Endreinigung,Endreinigung,Wohnungsreinigung Schwandorf | FLOXANT Anfrage,Wohnungsreinigung Schwandorf | FLOXANT Anfrage,Wohnungsreinigung Schwandorf,"Reinigungsfirma für Schwandorf gesucht? Fotos, Fläche, Verschmutzung, Zeitfenster und Übergabeanforderungen direkt prüfen lassen. Schwandorf wird als Bayern-Strecke nach Verfügbarkeit geprüft; Rückfahrt, Zeitfenster...",Reinigung anfragen,Direkte Antwort|Leistungsumfang|benötigte Angaben|Aufwandstreiber|Ablauf|FAQ|verwandte Leistungen|nächster Schritt,interne Begriffe|fremde Standorte|nicht angebotene Leistungen|unbelegte Versprechen,,,14 sichtbare FAQ-Indikatoren,https://www.floxant.de/reinigung-schwandorf,index_follow,included,Sparen Sie sich den Putzstress nach dem Umzug. Wir reinigen Ihre Wohnung in Schwandorf mit klarem Fokus auf Übergabevorbereitung und realistische Abstimmung.,"Reinigung in Schwandorf: erst klären, dann passend anfragen.:KEEP|Zustand sehen:KEEP|Ziel klären:KEEP|Termin sichern:KEEP|Reinigung in Schwandorf: mit wenigen Angaben sinnvoll starten:KEEP|Anliegen kurz schildern:KEEP|Aus welchem Anlass?:KEEP|Ort, Zugang und Fotos:KEEP|Budget oder Angebot:KEEP|Leistung einordnen:KEEP|Nächste Wege:KEEP|Angebot prüfen:KEEP|FAQ:KEEP|Anfrage starten:KEEP|Intensivreinigung:KEEP|Was vorab geklärt wird:KEEP|Wie unterscheidet sich der Service vom Standardfall?:KEEP|Ihr Budget kann direkt mitgedacht werden:KEEP",,KEEP,
/reinigung-sinzing,de,Überregional,service,Reinigung,Reinigung verständlich erklären und zum passenden nächsten Schritt führen,"Umfang, Zugang, Zeitraum und Kontaktwunsch klären",Endreinigung,Endreinigung,Reinigung Sinzing | Übergabe sauber planen,Reinigung Sinzing | Übergabe sauber planen,Reinigung Sinzing,"Endreinigung in Sinzing: Wohnungszustand, Räume, Bad, Küche, Böden und Übergabetermin klar erfassen und Anfrage starten. Sinzing liegt im direkten Regensburg-Nahbereich; Strecke, Zugang, Fotos und Kapazität werden vor...",Reinigung anfragen,Direkte Antwort|Leistungsumfang|benötigte Angaben|Aufwandstreiber|Ablauf|FAQ|verwandte Leistungen|nächster Schritt,interne Begriffe|fremde Standorte|nicht angebotene Leistungen|unbelegte Versprechen,,,14 sichtbare FAQ-Indikatoren,https://www.floxant.de/reinigung-sinzing,index_follow,included,Sparen Sie sich den Putzstress nach dem Umzug. Wir reinigen Ihre Wohnung in Sinzing mit klarem Fokus auf Übergabevorbereitung und realistische Abstimmung.,"Reinigung in Sinzing: erst klären, dann passend anfragen.:KEEP|Zustand sehen:KEEP|Ziel klären:KEEP|Termin sichern:KEEP|Reinigung in Sinzing: mit wenigen Angaben sinnvoll starten:KEEP|Anliegen kurz schildern:KEEP|Aus welchem Anlass?:KEEP|Ort, Zugang und Fotos:KEEP|Budget oder Angebot:KEEP|Leistung einordnen:KEEP|Nächste Wege:KEEP|Angebot prüfen:KEEP|FAQ:KEEP|Anfrage starten:KEEP|Intensivreinigung:KEEP|Was vorab geklärt wird:KEEP|Wie unterscheidet sich der Service vom Standardfall?:KEEP|Ihr Budget kann direkt mitgedacht werden:KEEP",,KEEP,
/reinigung-suenching,de,Überregional,service,Reinigung,Reinigung verständlich erklären und zum passenden nächsten Schritt führen,"Umfang, Zugang, Zeitraum und Kontaktwunsch klären",Endreinigung,Endreinigung,Endreinigung Suenching | Fläche & Termin klären,Endreinigung Suenching | Fläche & Termin klären,Endreinigung Suenching,"Reinigung in Suenching: FLOXANT prüft Fläche, Zustand, Objektart, Termin und Extras für Endreinigung, Übergabe und Objektservice. Suenching wird über den FLOXANT-Regensburg-Radius geprüft; Ort, Fotos und Preisrahmen...",Reinigung anfragen,Direkte Antwort|Leistungsumfang|benötigte Angaben|Aufwandstreiber|Ablauf|FAQ|verwandte Leistungen|nächster Schritt,interne Begriffe|fremde Standorte|nicht angebotene Leistungen|unbelegte Versprechen,,,14 sichtbare FAQ-Indikatoren,https://www.floxant.de/reinigung-suenching,index_follow,included,Sparen Sie sich den Putzstress nach dem Umzug. Wir reinigen Ihre Wohnung in Suenching mit klarem Fokus auf Übergabevorbereitung und realistische Abstimmung.,"Reinigung in Suenching: erst klären, dann passend anfragen.:KEEP|Zustand sehen:KEEP|Ziel klären:KEEP|Termin sichern:KEEP|Reinigung in Suenching: mit wenigen Angaben sinnvoll starten:KEEP|Anliegen kurz schildern:KEEP|Aus welchem Anlass?:KEEP|Ort, Zugang und Fotos:KEEP|Budget oder Angebot:KEEP|Leistung einordnen:KEEP|Nächste Wege:KEEP|Angebot prüfen:KEEP|FAQ:KEEP|Anfrage starten:KEEP|Intensivreinigung:KEEP|Was vorab geklärt wird:KEEP|Wie unterscheidet sich der Service vom Standardfall?:KEEP|Ihr Budget kann direkt mitgedacht werden:KEEP",,KEEP,
/reinigung-tegernheim,de,Überregional,service,Reinigung,Reinigung verständlich erklären und zum passenden nächsten Schritt führen,"Umfang, Zugang, Zeitraum und Kontaktwunsch klären",Endreinigung,Endreinigung,Reinigung Tegernheim | Übergabe sauber planen,Reinigung Tegernheim | Übergabe sauber planen,Reinigung Tegernheim,"Endreinigung in Tegernheim: Wohnungszustand, Räume, Bad, Küche, Böden und Übergabetermin klar erfassen und Anfrage starten. Tegernheim liegt im direkten Regensburg-Nahbereich; Strecke, Zugang, Fotos und Kapazität...",Reinigung anfragen,Direkte Antwort|Leistungsumfang|benötigte Angaben|Aufwandstreiber|Ablauf|FAQ|verwandte Leistungen|nächster Schritt,interne Begriffe|fremde Standorte|nicht angebotene Leistungen|unbelegte Versprechen,,,14 sichtbare FAQ-Indikatoren,https://www.floxant.de/reinigung-tegernheim,index_follow,included,Sparen Sie sich den Putzstress nach dem Umzug. Wir reinigen Ihre Wohnung in Tegernheim mit klarem Fokus auf Übergabevorbereitung und realistische Abstimmung.,"Reinigung in Tegernheim: erst klären, dann passend anfragen.:KEEP|Zustand sehen:KEEP|Ziel klären:KEEP|Termin sichern:KEEP|Reinigung in Tegernheim: mit wenigen Angaben sinnvoll starten:KEEP|Anliegen kurz schildern:KEEP|Aus welchem Anlass?:KEEP|Ort, Zugang und Fotos:KEEP|Budget oder Angebot:KEEP|Leistung einordnen:KEEP|Nächste Wege:KEEP|Angebot prüfen:KEEP|FAQ:KEEP|Anfrage starten:KEEP|Intensivreinigung:KEEP|Was vorab geklärt wird:KEEP|Wie unterscheidet sich der Service vom Standardfall?:KEEP|Ihr Budget kann direkt mitgedacht werden:KEEP",,KEEP,
/reinigung-teublitz,de,Überregional,service,Reinigung,Reinigung verständlich erklären und zum passenden nächsten Schritt führen,"Umfang, Zugang, Zeitraum und Kontaktwunsch klären",Endreinigung,Endreinigung,Reinigungsfirma Teublitz | Objekt prüfen lassen,Reinigungsfirma Teublitz | Objekt prüfen lassen,Reinigungsfirma Teublitz,"FLOXANT prüft Reinigungsanfragen in Teublitz für Wohnung, Büro, Grundreinigung und saubere Übergabe nach Verfügbarkeit. Teublitz wird über den FLOXANT-Regensburg-Radius geprüft; Ort, Fotos und Preisrahmen helfen bei...",Reinigung anfragen,Direkte Antwort|Leistungsumfang|benötigte Angaben|Aufwandstreiber|Ablauf|FAQ|verwandte Leistungen|nächster Schritt,interne Begriffe|fremde Standorte|nicht angebotene Leistungen|unbelegte Versprechen,,,14 sichtbare FAQ-Indikatoren,https://www.floxant.de/reinigung-teublitz,index_follow,included,Sparen Sie sich den Putzstress nach dem Umzug. Wir reinigen Ihre Wohnung in Teublitz mit klarem Fokus auf Übergabevorbereitung und realistische Abstimmung.,"Reinigung in Teublitz: erst klären, dann passend anfragen.:KEEP|Zustand sehen:KEEP|Ziel klären:KEEP|Termin sichern:KEEP|Reinigung in Teublitz: mit wenigen Angaben sinnvoll starten:KEEP|Anliegen kurz schildern:KEEP|Aus welchem Anlass?:KEEP|Ort, Zugang und Fotos:KEEP|Budget oder Angebot:KEEP|Leistung einordnen:KEEP|Nächste Wege:KEEP|Angebot prüfen:KEEP|FAQ:KEEP|Anfrage starten:KEEP|Intensivreinigung:KEEP|Was vorab geklärt wird:KEEP|Wie unterscheidet sich der Service vom Standardfall?:KEEP|Ihr Budget kann direkt mitgedacht werden:KEEP",,KEEP,
/reinigung-thalmassing,de,Überregional,service,Reinigung,Reinigung verständlich erklären und zum passenden nächsten Schritt führen,"Umfang, Zugang, Zeitraum und Kontaktwunsch klären",Endreinigung,Endreinigung,Wohnungsreinigung Thalmassing | FLOXANT Anfrage,Wohnungsreinigung Thalmassing | FLOXANT Anfrage,Wohnungsreinigung Thalmassing,"Reinigungsfirma für Thalmassing gesucht? Fotos, Fläche, Verschmutzung, Zeitfenster und Übergabeanforderungen direkt prüfen lassen. Thalmassing wird über den FLOXANT-Regensburg-Radius geprüft; Ort, Fotos und Preisrahmen...",Reinigung anfragen,Direkte Antwort|Leistungsumfang|benötigte Angaben|Aufwandstreiber|Ablauf|FAQ|verwandte Leistungen|nächster Schritt,interne Begriffe|fremde Standorte|nicht angebotene Leistungen|unbelegte Versprechen,,,14 sichtbare FAQ-Indikatoren,https://www.floxant.de/reinigung-thalmassing,index_follow,included,Sparen Sie sich den Putzstress nach dem Umzug. Wir reinigen Ihre Wohnung in Thalmassing mit klarem Fokus auf Übergabevorbereitung und realistische Abstimmung.,"Reinigung in Thalmassing: erst klären, dann passend anfragen.:KEEP|Zustand sehen:KEEP|Ziel klären:KEEP|Termin sichern:KEEP|Reinigung in Thalmassing: mit wenigen Angaben sinnvoll starten:KEEP|Anliegen kurz schildern:KEEP|Aus welchem Anlass?:KEEP|Ort, Zugang und Fotos:KEEP|Budget oder Angebot:KEEP|Leistung einordnen:KEEP|Nächste Wege:KEEP|Angebot prüfen:KEEP|FAQ:KEEP|Anfrage starten:KEEP|Intensivreinigung:KEEP|Was vorab geklärt wird:KEEP|Wie unterscheidet sich der Service vom Standardfall?:KEEP|Ihr Budget kann direkt mitgedacht werden:KEEP",,KEEP,
/reinigung-wenzenbach,de,Überregional,service,Reinigung,Reinigung verständlich erklären und zum passenden nächsten Schritt führen,"Umfang, Zugang, Zeitraum und Kontaktwunsch klären",Endreinigung,Endreinigung,Wohnungsreinigung Wenzenbach | FLOXANT Anfrage,Wohnungsreinigung Wenzenbach | FLOXANT Anfrage,Wohnungsreinigung Wenzenbach,"Reinigungsfirma für Wenzenbach gesucht? Fotos, Fläche, Verschmutzung, Zeitfenster und Übergabeanforderungen direkt prüfen lassen. Wenzenbach liegt im direkten Regensburg-Nahbereich; Strecke, Zugang, Fotos und Kapazität...",Reinigung anfragen,Direkte Antwort|Leistungsumfang|benötigte Angaben|Aufwandstreiber|Ablauf|FAQ|verwandte Leistungen|nächster Schritt,interne Begriffe|fremde Standorte|nicht angebotene Leistungen|unbelegte Versprechen,,,14 sichtbare FAQ-Indikatoren,https://www.floxant.de/reinigung-wenzenbach,index_follow,included,Sparen Sie sich den Putzstress nach dem Umzug. Wir reinigen Ihre Wohnung in Wenzenbach mit klarem Fokus auf Übergabevorbereitung und realistische Abstimmung.,"Reinigung in Wenzenbach: erst klären, dann passend anfragen.:KEEP|Zustand sehen:KEEP|Ziel klären:KEEP|Termin sichern:KEEP|Reinigung in Wenzenbach: mit wenigen Angaben sinnvoll starten:KEEP|Anliegen kurz schildern:KEEP|Aus welchem Anlass?:KEEP|Ort, Zugang und Fotos:KEEP|Budget oder Angebot:KEEP|Leistung einordnen:KEEP|Nächste Wege:KEEP|Angebot prüfen:KEEP|FAQ:KEEP|Anfrage starten:KEEP|Intensivreinigung:KEEP|Was vorab geklärt wird:KEEP|Wie unterscheidet sich der Service vom Standardfall?:KEEP|Ihr Budget kann direkt mitgedacht werden:KEEP",,KEEP,
/reinigung-wiesent,de,Überregional,service,Reinigung,Reinigung verständlich erklären und zum passenden nächsten Schritt führen,"Umfang, Zugang, Zeitraum und Kontaktwunsch klären",Endreinigung,Endreinigung,Wohnungsreinigung Wiesent | FLOXANT Anfrage,Wohnungsreinigung Wiesent | FLOXANT Anfrage,Wohnungsreinigung Wiesent,"Reinigungsfirma für Wiesent gesucht? Fotos, Fläche, Verschmutzung, Zeitfenster und Übergabeanforderungen direkt prüfen lassen. Wiesent wird über den FLOXANT-Regensburg-Radius geprüft; Ort, Fotos und Preisrahmen helfen...",Reinigung anfragen,Direkte Antwort|Leistungsumfang|benötigte Angaben|Aufwandstreiber|Ablauf|FAQ|verwandte Leistungen|nächster Schritt,interne Begriffe|fremde Standorte|nicht angebotene Leistungen|unbelegte Versprechen,,,14 sichtbare FAQ-Indikatoren,https://www.floxant.de/reinigung-wiesent,index_follow,included,Sparen Sie sich den Putzstress nach dem Umzug. Wir reinigen Ihre Wohnung in Wiesent mit klarem Fokus auf Übergabevorbereitung und realistische Abstimmung.,"Reinigung in Wiesent: erst klären, dann passend anfragen.:KEEP|Zustand sehen:KEEP|Ziel klären:KEEP|Termin sichern:KEEP|Reinigung in Wiesent: mit wenigen Angaben sinnvoll starten:KEEP|Anliegen kurz schildern:KEEP|Aus welchem Anlass?:KEEP|Ort, Zugang und Fotos:KEEP|Budget oder Angebot:KEEP|Leistung einordnen:KEEP|Nächste Wege:KEEP|Angebot prüfen:KEEP|FAQ:KEEP|Anfrage starten:KEEP|Intensivreinigung:KEEP|Was vorab geklärt wird:KEEP|Wie unterscheidet sich der Service vom Standardfall?:KEEP|Ihr Budget kann direkt mitgedacht werden:KEEP",,KEEP,
/reinigung-woerth-an-der-donau,de,Überregional,service,Reinigung,Reinigung verständlich erklären und zum passenden nächsten Schritt führen,"Umfang, Zugang, Zeitraum und Kontaktwunsch klären",Endreinigung,Endreinigung,Wohnungsreinigung Woerth an der Donau | FLOXANT Anfrage,Wohnungsreinigung Woerth an der Donau | FLOXANT Anfrage,Wohnungsreinigung Woerth an der Donau,"Reinigungsfirma für Woerth an der Donau gesucht? Fotos, Fläche, Verschmutzung, Zeitfenster und Übergabeanforderungen direkt prüfen lassen. Woerth an der Donau wird über den FLOXANT-Regensburg-Radius geprüft; Ort, Fotos...",Reinigung anfragen,Direkte Antwort|Leistungsumfang|benötigte Angaben|Aufwandstreiber|Ablauf|FAQ|verwandte Leistungen|nächster Schritt,interne Begriffe|fremde Standorte|nicht angebotene Leistungen|unbelegte Versprechen,,,14 sichtbare FAQ-Indikatoren,https://www.floxant.de/reinigung-woerth-an-der-donau,index_follow,included,Sparen Sie sich den Putzstress nach dem Umzug. Wir reinigen Ihre Wohnung in Woerth an der Donau mit klarem Fokus auf Übergabevorbereitung und realistische Abstimmung.,"Reinigung in Woerth an der Donau: erst klären, dann passend anfragen.:KEEP|Zustand sehen:KEEP|Ziel klären:KEEP|Termin sichern:KEEP|Reinigung in Woerth an der Donau: mit wenigen Angaben sinnvoll starten:KEEP|Anliegen kurz schildern:KEEP|Aus welchem Anlass?:KEEP|Ort, Zugang und Fotos:KEEP|Budget oder Angebot:KEEP|Leistung einordnen:KEEP|Nächste Wege:KEEP|Angebot prüfen:KEEP|FAQ:KEEP|Anfrage starten:KEEP|Intensivreinigung:KEEP|Was vorab geklärt wird:KEEP|Wie unterscheidet sich der Service vom Standardfall?:KEEP|Ihr Budget kann direkt mitgedacht werden:KEEP",,KEEP,
/reinigung-wolfsegg,de,Überregional,service,Reinigung,Reinigung verständlich erklären und zum passenden nächsten Schritt führen,"Umfang, Zugang, Zeitraum und Kontaktwunsch klären",Endreinigung,Endreinigung,Reinigung Wolfsegg | Übergabe sauber planen,Reinigung Wolfsegg | Übergabe sauber planen,Reinigung Wolfsegg,"Endreinigung in Wolfsegg: Wohnungszustand, Räume, Bad, Küche, Böden und Übergabetermin klar erfassen und Anfrage starten. Wolfsegg wird über den FLOXANT-Regensburg-Radius geprüft; Ort, Fotos und Preisrahmen helfen bei...",Reinigung anfragen,Direkte Antwort|Leistungsumfang|benötigte Angaben|Aufwandstreiber|Ablauf|FAQ|verwandte Leistungen|nächster Schritt,interne Begriffe|fremde Standorte|nicht angebotene Leistungen|unbelegte Versprechen,,,14 sichtbare FAQ-Indikatoren,https://www.floxant.de/reinigung-wolfsegg,index_follow,included,Sparen Sie sich den Putzstress nach dem Umzug. Wir reinigen Ihre Wohnung in Wolfsegg mit klarem Fokus auf Übergabevorbereitung und realistische Abstimmung.,"Reinigung in Wolfsegg: erst klären, dann passend anfragen.:KEEP|Zustand sehen:KEEP|Ziel klären:KEEP|Termin sichern:KEEP|Reinigung in Wolfsegg: mit wenigen Angaben sinnvoll starten:KEEP|Anliegen kurz schildern:KEEP|Aus welchem Anlass?:KEEP|Ort, Zugang und Fotos:KEEP|Budget oder Angebot:KEEP|Leistung einordnen:KEEP|Nächste Wege:KEEP|Angebot prüfen:KEEP|FAQ:KEEP|Anfrage starten:KEEP|Intensivreinigung:KEEP|Was vorab geklärt wird:KEEP|Wie unterscheidet sich der Service vom Standardfall?:KEEP|Ihr Budget kann direkt mitgedacht werden:KEEP",,KEEP,
/reinigung-zeitlarn,de,Überregional,service,Reinigung,Reinigung verständlich erklären und zum passenden nächsten Schritt führen,"Umfang, Zugang, Zeitraum und Kontaktwunsch klären",Endreinigung,Endreinigung,Wohnungsreinigung Zeitlarn | FLOXANT Anfrage,Wohnungsreinigung Zeitlarn | FLOXANT Anfrage,Wohnungsreinigung Zeitlarn,"Reinigungsfirma für Zeitlarn gesucht? Fotos, Fläche, Verschmutzung, Zeitfenster und Übergabeanforderungen direkt prüfen lassen. Zeitlarn liegt im direkten Regensburg-Nahbereich; Strecke, Zugang, Fotos und Kapazität...",Reinigung anfragen,Direkte Antwort|Leistungsumfang|benötigte Angaben|Aufwandstreiber|Ablauf|FAQ|verwandte Leistungen|nächster Schritt,interne Begriffe|fremde Standorte|nicht angebotene Leistungen|unbelegte Versprechen,,,14 sichtbare FAQ-Indikatoren,https://www.floxant.de/reinigung-zeitlarn,index_follow,included,Sparen Sie sich den Putzstress nach dem Umzug. Wir reinigen Ihre Wohnung in Zeitlarn mit klarem Fokus auf Übergabevorbereitung und realistische Abstimmung.,"Reinigung in Zeitlarn: erst klären, dann passend anfragen.:KEEP|Zustand sehen:KEEP|Ziel klären:KEEP|Termin sichern:KEEP|Reinigung in Zeitlarn: mit wenigen Angaben sinnvoll starten:KEEP|Anliegen kurz schildern:KEEP|Aus welchem Anlass?:KEEP|Ort, Zugang und Fotos:KEEP|Budget oder Angebot:KEEP|Leistung einordnen:KEEP|Nächste Wege:KEEP|Angebot prüfen:KEEP|FAQ:KEEP|Anfrage starten:KEEP|Intensivreinigung:KEEP|Was vorab geklärt wird:KEEP|Wie unterscheidet sich der Service vom Standardfall?:KEEP|Ihr Budget kann direkt mitgedacht werden:KEEP",,KEEP,
/seniorenumzug-bayern,de,Überregional,service,Seniorenumzug,Seniorenumzug verständlich erklären und zum passenden nächsten Schritt führen,"Umfang, Zugang, Zeitraum und Kontaktwunsch klären","Seniorenumzug mit konkreten Eckdaten anfragen - mit Angehörigen, Umfang und Terminwunsch","Seniorenumzug mit konkreten Eckdaten anfragen - mit Angehörigen, Umfang und Terminwunsch","Seniorenumzug anfragen - Umzug, Umfang und Übergabe klären","Seniorenumzug anfragen - Umzug, Umfang und Übergabe klären","Seniorenumzug anfragen - Umzug, Umfang und Übergabe klären","Seniorenumzug geplant? Start, Ziel, Umfang, Termin und Zusatzleistungen wie Entrümpelung oder Reinigung beschreiben. FLOXANT prüft die Anfrage anhand der genannten Eckdaten.",Seniorenumzug anfragen,Direkte Antwort|Leistungsumfang|benötigte Angaben|Aufwandstreiber|Ablauf|FAQ|verwandte Leistungen|nächster Schritt,interne Begriffe|fremde Standorte|nicht angebotene Leistungen|unbelegte Versprechen,,,10 sichtbare FAQ-Indikatoren,https://www.floxant.de/seniorenumzug-bayern,index_follow,included,"Ein Seniorenumzug ist oft mehr als ein normaler Umzug. Häufig müssen Möbel reduziert, Räume geräumt, Fristen beachtet und Angehörige einbezogen werden. FLOXANT hilft, die Situation mit den nötigen Angaben zu beschreiben und den passenden nächsten Schritt einzuordnen - ohne Preis- oder Sofortgarantie.","Typische Situationen beim Umzug im Alter:KEEP|Umzug in kleinere Wohnung:KEEP|Angehörige organisieren mit:KEEP|Betreutes Wohnen oder Pflegeumfeld:KEEP|Wohnung danach räumen:KEEP|Angebot wirkt unklar:KEEP|Diskreter Fall:KEEP|Vom unsicheren Fall zur verwertbaren Anfrage:KEEP|Was den Aufwand bei Seniorenumzug und Umzug im Alter verändert:KEEP|Angehörige können den Fall ruhig vorbereiten:KEEP|Diskret und würdevoll anfragen:KEEP|Was FLOXANT nicht verspricht:KEEP|Wenn Umzug, Entrümpelung, Reinigung und Übergabe zusammenhängen:KEEP|Seniorenumzug + Entrümpelung:KEEP|Seniorenumzug + Reinigung:KEEP|Diskret-Service:KEEP|Objektbrief und Übergabeakte:KEEP|Übergabe-Sprint:KEEP",,KEEP,
/wohnungsaufloesung-bayern,de,Überregional,service,Wohnungsauflösung,Wohnungsauflösung verständlich erklären und zum passenden nächsten Schritt führen,"Umfang, Zugang, Zeitraum und Kontaktwunsch klären",Wohnungsauflösung in Bayern ruhig und klar vorbereiten,Wohnungsauflösung in Bayern ruhig und klar vorbereiten,Haus- und Wohnungsräumung Bayern | Angebot,Haus- und Wohnungsräumung Bayern | Angebot,Haus- und Wohnungsräumung Bayern,"Haus- und Wohnungsräumung Regensburg: Haushalt auflösen lassen mit Räumen, Möbeln, Keller, Fotos, Entsorgung, Reinigung und Termin. Wohnungsauflösung, Fotos, Termin, Zugang, vorhandenes Angebot und Preisrahmen für...",Umzug anfragen,Direkte Antwort|Leistungsumfang|benötigte Angaben|Aufwandstreiber|Ablauf|FAQ|verwandte Leistungen|nächster Schritt,interne Begriffe|fremde Standorte|nicht angebotene Leistungen|unbelegte Versprechen,,,14 sichtbare FAQ-Indikatoren,https://www.floxant.de/wohnungsaufloesung-bayern,index_follow,included,"Beschreiben Sie Ort, Räume, Freigaben, Zugang, Fotos und den gewünschten Endzustand. FLOXANT prüft von Regensburg aus, ob Strecke, Umfang und Zeitraum umsetzbar sind.","Entrümpelung in Bayern: erst klären, dann passend anfragen.:KEEP|Menge sichtbar machen:KEEP|Zugang prüfen:KEEP|Abschluss planen:KEEP|Entrümpelung in Bayern: mit wenigen Angaben sinnvoll starten:KEEP|Anliegen kurz schildern:KEEP|Aus welchem Anlass?:KEEP|Ort, Zugang und Fotos:KEEP|Budget oder Angebot:KEEP|Leistung einordnen:KEEP|Nächste Wege:KEEP|Angebot prüfen:KEEP|FAQ:KEEP|Anfrage starten:KEEP|Privatumzug:KEEP|Vorteile:KEEP|Wie unterscheidet sich der Service vom Standardfall?:KEEP|Ihr Budget kann direkt mitgedacht werden:KEEP",,KEEP,
/wissen,de,Überregional,guide,Ratgeber,Ratgeber verständlich erklären und zum passenden nächsten Schritt führen,"Umfang, Zugang, Zeitraum und Kontaktwunsch klären","Ratgeber für Umzug, Reinigung und Entrümpelung.","Ratgeber für Umzug, Reinigung und Entrümpelung.","Ratgeber & Wissen rund um Umzug, Reinigung & Entrümpelung | FLOXANT","Ratgeber & Wissen rund um Umzug, Reinigung & Entrümpelung | FLOXANT","Ratgeber & Wissen rund um Umzug, Reinigung & Entrümpelung","Praktische Hinweise für Umzug, Reinigung und Entrümpelung in Regensburg. Fotos, Termin, Umfang und Preisrahmen direkt senden und Machbarkeit prüfen lassen.",,Direkte Antwort|Leistungsumfang|benötigte Angaben|Aufwandstreiber|Ablauf|FAQ|verwandte Leistungen|nächster Schritt,interne Begriffe|fremde Standorte|nicht angebotene Leistungen|unbelegte Versprechen,,,keine sichtbare FAQ erkannt,https://www.floxant.de/wissen,index_follow,included,"Hier finden Sie klare Hinweise zu Aufwand, Kosten, Zugang, Übergabe und Vorbereitung. Ohne leere Versprechen.",Umzugskosten senken:KEEP|Richtig Entrümpeln:KEEP,,KEEP,
/leistungen,de,Überregional,service_hub,Leistungsübersicht,Leistungen nach Standort auswählen,"Umfang, Zugang, Zeitraum und Kontaktwunsch klären","Reinigung, Umzug, Räumung und weitere FLOXANT-Leistungen.","Reinigung, Umzug, Räumung und weitere FLOXANT-Leistungen.","FLOXANT Leistungen: Reinigung, Umzug und mehr anfragen","FLOXANT Leistungen: Reinigung, Umzug und mehr anfragen","FLOXANT Leistungen: Reinigung, Umzug und mehr anfragen","Wählen Sie Region und Aufgabe: Reinigung, Umzug, Räumung, Angebotsprüfung oder diskrete Hilfe direkt anfragen.",Angebot prüfen lassen,Direkte Antwort|Leistungsumfang|benötigte Angaben|Aufwandstreiber|Ablauf|FAQ|verwandte Leistungen|nächster Schritt,interne Begriffe|fremde Standorte|nicht angebotene Leistungen|unbelegte Versprechen,,,6 sichtbare FAQ-Indikatoren,https://www.floxant.de/leistungen,index_follow,included,"Erst Region wählen, dann passende Leistung anfragen","Zwei Standorte, unterschiedliche Anfragewege.:KEEP|Düsseldorf: Umzug, Reinigung, Räumung und Angebotsprüfung:KEEP|Regensburg: Umzug, Reinigung, Räumung und Übergabe:KEEP|Leistungen nach Region und Bedarf filtern:KEEP|Reinigung:KEEP|Ferienwohnungs- und Apartmentreinigung:KEEP|Büroreinigung:KEEP|Gewerbereinigung:KEEP|Praxisreinigung:KEEP|Fensterreinigung:KEEP|Grundreinigung:KEEP|Unterhaltsreinigung:KEEP|Treppenhausreinigung:KEEP|Bauendreinigung:KEEP|Endreinigung:KEEP|Umzug:KEEP|Seniorenumzug:KEEP|Möbeltransport:KEEP",,KEEP,
/alternativen,de,Überregional,service,Information und Anfrage,Information und Anfrage verständlich erklären und zum passenden nächsten Schritt führen,"Umfang, Zugang, Zeitraum und Kontaktwunsch klären",Die transparente Alternative.,Die transparente Alternative.,FLOXANT vs. Wettbewerber | Der ehrliche Vergleich | Umzug Bayern,FLOXANT vs. Wettbewerber | Der ehrliche Vergleich | Umzug Bayern,FLOXANT vs. Wettbewerber,"FLOXANT im Vergleich: nachvollziehbarer Preisrahmen, klare Leistungen und nachvollziehbare Umzugsplanung in Bayern. Fotos, Termin, Umfang und Preisrahmen direkt senden und Machbarkeit prüfen lassen.",,Direkte Antwort|Leistungsumfang|benötigte Angaben|Aufwandstreiber|Ablauf|FAQ|verwandte Leistungen|nächster Schritt,interne Begriffe|fremde Standorte|nicht angebotene Leistungen|unbelegte Versprechen,,,keine sichtbare FAQ erkannt,https://www.floxant.de/alternativen,index_follow,included,"Suchen Sie nach anderen Anbietern? Vergleichen Sie Leistungen, Ablauf und Preisrahmen, bevor Sie sich entscheiden. FLOXANT setzt auf ehrliche Einschätzung, klare Zuständigkeit und saubere Abstimmung.",Klarer als viele Pauschalen:KEEP|Service im Vergleich:KEEP,,KEEP,
/standorte,de,Überregional,location_hub,Information und Anfrage,Information und Anfrage verständlich erklären und zum passenden nächsten Schritt führen,"Umfang, Zugang, Zeitraum und Kontaktwunsch klären",Standorte und Einsatzgebiet von FLOXANT klar eingeordnet.,Standorte und Einsatzgebiet von FLOXANT klar eingeordnet.,"FLOXANT Standorte | Regensburg, Bayern, Umgebung","FLOXANT Standorte | Regensburg, Bayern, Umgebung",FLOXANT Standorte,"Passende Einsatzseite finden: Regensburg, Regensburg, Umzug, Reinigung, Entrümpelung, Büroumzug und wichtige Orte im Überblick. Fotos, Termin, Umfang und Preisrahmen direkt senden und Machbarkeit prüfen lassen.",Direkt anfragen,Direkte Antwort|Leistungsumfang|benötigte Angaben|Aufwandstreiber|Ablauf|FAQ|verwandte Leistungen|nächster Schritt,interne Begriffe|fremde Standorte|nicht angebotene Leistungen|unbelegte Versprechen,,,3 sichtbare FAQ-Indikatoren,https://www.floxant.de/standorte,index_follow,included,"Diese Seite zeigt, in welchen Städten, Regionen und starken Marktachsen FLOXANT rund um Regensburg erreichbar ist. Für Kunden wird damit klar: Regensburg ist unsere Basis, Bayern unser Hauptgebiet und jede Anfrage wird nach Aufwand, Strecke und Termin geprüft.","Direkt an FLOXANT statt über Umwege:KEEP|Regensburg bleibt die Basis:KEEP|Jede Seite führt zum nächsten Schritt:KEEP|Lokale Naehe:KEEP|Klare Auswahl:KEEP|Für Privat & Unternehmen:KEEP|Sauberer Maps-Pfad:KEEP|Regensburg als Standortsignal:KEEP|Bayern als Einsatzgebiet:KEEP|Direkter Buchungsweg:KEEP|Jeder Standortpfad sollte in den richtigen nächsten Schritt führen.:KEEP|Direkt in die Buchung wechseln:KEEP|Erst den Rechner nutzen:KEEP|Kontakt & Standort ansehen:KEEP|Wenn Kunden nur den Service suchen, soll der richtige FLOXANT-Bereich sofort passen:KEEP|Umzug:KEEP|Reinigung:KEEP|Entrümpelung und Entsorgung:KEEP",,KEEP,
/buchung,de,Überregional,service,Information und Anfrage,Information und Anfrage verständlich erklären und zum passenden nächsten Schritt führen,"Umfang, Zugang, Zeitraum und Kontaktwunsch klären",Was brauchen Sie?,Was brauchen Sie?,"FLOXANT direkt anfragen | Umzug, Reinigung & Räumung","FLOXANT direkt anfragen | Umzug, Reinigung & Räumung",FLOXANT direkt anfragen,"Direkte FLOXANT Anfrage starten: Umzug, Reinigung, Entrümpelung, Haushaltsauflösung oder Entsorgung wählen, Fotos senden und Rückmeldung erhalten.",Kernleistung Umzug Privat- und Firmenumzüge in Regensburg und Bayern. Umzug anfragen,Direkte Antwort|Leistungsumfang|benötigte Angaben|Aufwandstreiber|Ablauf|FAQ|verwandte Leistungen|nächster Schritt,interne Begriffe|fremde Standorte|nicht angebotene Leistungen|unbelegte Versprechen,,,7 sichtbare FAQ-Indikatoren,https://www.floxant.de/buchung,index_follow,included,"Wählen Sie Umzug, Reinigung oder Entrümpelung. Die Anfrage übernimmt den gewählten Kontext direkt.","Was passt jetzt?:KEEP|Erst die Leistung wählen. Dann den passenden Weg.:KEEP|Umzug:KEEP|Reinigung:KEEP|Entrümpelung:KEEP|Leistung wählen. Eckdaten senden.:KEEP|Sonderfall wählen, dann direkt ins Formular.:KEEP|Fotos ergänzen:KEEP|Schadensbegrenzung:KEEP|Keller/Müllraum:KEEP|Makler/Vermieter:KEEP|Schnell zur richtigen Anfrage.:KEEP|Anfrage senden:KEEP|Kosten einschätzen:KEEP|Fotos mitsenden:KEEP|FLOXANT hilft, wenn aus einem unklaren Servicefall ein klarer nächster Schritt werden soll.:KEEP|Das macht FLOXANT präziser als einen Standardauftrag.:KEEP|Übergabe & Dokumentation:KEEP",,KEEP,
/empfehlen,de,Überregional,service,Information und Anfrage,Information und Anfrage verständlich erklären und zum passenden nächsten Schritt führen,"Umfang, Zugang, Zeitraum und Kontaktwunsch klären",FLOXANT empfehlen und 50 Euro als Dankeschön erhalten,FLOXANT empfehlen und 50 Euro als Dankeschön erhalten,FLOXANT empfehlen | 50 Euro Empfehlungsbonus,FLOXANT empfehlen | 50 Euro Empfehlungsbonus,FLOXANT empfehlen,FLOXANT weiterempfehlen: Partnercode oder Empfehlungslink teilen. Bei bestätigtem und bezahltem Auftrag wird der 50 Euro Bonus geprüft.,"Angebotsprüfung allgemein Angebot für Umzug, Reinigung, Entrümpelung oder Entsorgung sachlich prüfen lassen. Diesen Service empfehlen",Direkte Antwort|Leistungsumfang|benötigte Angaben|Aufwandstreiber|Ablauf|FAQ|verwandte Leistungen|nächster Schritt,interne Begriffe|fremde Standorte|nicht angebotene Leistungen|unbelegte Versprechen,,,10 sichtbare FAQ-Indikatoren,https://www.floxant.de/empfehlen,index_follow,included,"Sie kennen jemanden, der Unterstützung bei Umzug, Reinigung, Entrümpelung, Haushaltsauflösung oder Übergabevorbereitung braucht? Wenn durch Ihre Empfehlung ein erfolgreicher Auftrag zustande kommt, bedanken wir uns mit einem Empfehlungsbonus in Höhe von 50 Euro.","50 Euro bei erfolgreicher Vermittlung:KEEP|FLOXANT weiterempfehlen:KEEP|Ihr Name wird genannt:KEEP|Anfrage wird geprüft:KEEP|Bonus erhalten:KEEP|Empfehlen, Namen nennen, Auftrag abschließen:KEEP|Weiterempfehlen:KEEP|Name nennen lassen:KEEP|Bonus erhalten:KEEP|Wann gilt der Empfehlungsbonus?:KEEP|Empfehlungslink erstellen oder Namen nennen lassen:KEEP|Wer FLOXANT weiterempfehlen kann:KEEP|Kunden:KEEP|Nachbarn und Freunde:KEEP|Vermieter und Makler:KEEP|Hausverwaltungen:KEEP|Firmen und B2B:KEEP|Wofür kann FLOXANT empfohlen werden?:KEEP",,KEEP,
/angebotscheck,de,Überregional,service,Angebotsprüfung,Angebotsprüfung verständlich erklären und zum passenden nächsten Schritt führen,"Umfang, Zugang, Zeitraum und Kontaktwunsch klären",Angebotscheck: offene Punkte vor der Zusage erkennen,Angebotscheck: offene Punkte vor der Zusage erkennen,Angebot prüfen lassen | FLOXANT Angebotscheck,Angebot prüfen lassen | FLOXANT Angebotscheck,Angebot prüfen lassen,"Angebot vor Zusage prüfen lassen: FLOXANT prüft Umfang, Preis, Termin, Zugang, Fotos, Zusatzkosten, Reinigung und Entsorgung. Fotos, Termin, Umfang und Preisrahmen direkt senden und Machbarkeit prüfen lassen.",Alternative mit Eckdaten prüfen,Direkte Antwort|Leistungsumfang|benötigte Angaben|Aufwandstreiber|Ablauf|FAQ|verwandte Leistungen|nächster Schritt,interne Begriffe|fremde Standorte|nicht angebotene Leistungen|unbelegte Versprechen,,,26 sichtbare FAQ-Indikatoren,https://www.floxant.de/angebotscheck,index_follow,included,"Scannen Sie in zwei Minuten, welche Punkte im Angebot unklar sind. Wenn Umfang, Zugang, Fotos, Termin oder Zusatzpositionen offen bleiben, kann FLOXANT die Lage praktisch einordnen.","Der Angebotscheck ist ein Scanner, keine Preisgarantie.:KEEP|Was wird geprüft?:KEEP|Wann passt der Check?:KEEP|Was wird nicht versprochen?:KEEP|Welche Angaben helfen?:KEEP|Was macht das Angebot unsicher?:KEEP|wirkt zu teuer:KEEP|Leistungsumfang unklar:KEEP|sehr billiges Angebot wirkt riskant:KEEP|Anbieter reagiert nicht:KEEP|Termin passt nicht:KEEP|Zusatzkosten unklar:KEEP|mehrere Angebote schwer vergleichbar:KEEP|noch kein Angebot, brauche Orientierung:KEEP|Warum ein Angebot teuer, billig oder unklar wirken kann:KEEP|Nicht gleicher Umfang:KEEP|Andere Annahmen:KEEP|Andere Grenzen:KEEP",,KEEP,
/makler-vermieter-link,de,Überregional,service,Information und Anfrage,Information und Anfrage verständlich erklären und zum passenden nächsten Schritt führen,"Umfang, Zugang, Zeitraum und Kontaktwunsch klären","FLOXANT für Makler, Vermieter und Eigentuemer","FLOXANT für Makler, Vermieter und Eigentuemer",Für Makler & Vermieter | Objektfall direkt senden,Für Makler & Vermieter | Objektfall direkt senden,Für Makler & Vermieter,"Direkter Objekt-Link für Makler, Vermieter, Eigentuemer und Hausverwaltungen: Fotos, Termin und offene Punkte an FLOXANT senden. Fotos, Termin, Umfang und Preisrahmen direkt senden und Machbarkeit prüfen lassen.",Keller/Müllraum prüfen,Direkte Antwort|Leistungsumfang|benötigte Angaben|Aufwandstreiber|Ablauf|FAQ|verwandte Leistungen|nächster Schritt,interne Begriffe|fremde Standorte|nicht angebotene Leistungen|unbelegte Versprechen,,,13 sichtbare FAQ-Indikatoren,https://www.floxant.de/makler-vermieter-link,index_follow,included,"Ein direkter Link für Objektfaelle: Wohnung, Keller oder Nebenflaeche nach Auszug, Leerstand oder Mieterwechsel räumen, reinigen, entsorgen und nach Absprache dokumentieren lassen.","Objektfall statt langer Erklärung:KEEP|Welcher Fall soll an FLOXANT?:KEEP|Wohnung nach Auszug:KEEP|Besichtigung vorbereiten:KEEP|Keller / Garage voll:KEEP|Nachlass-Objekt:KEEP|Reinigung fehlt:KEEP|Schlüssel / Übergabe offen:KEEP|Mehrere Objektfaelle:KEEP|Was FLOXANT für Makler und Vermieter prüfen kann:KEEP|Ein Link für konkrete Immobilien-Situationen:KEEP|Für Makler:KEEP|Für Vermieter:KEEP|Für Eigentuemer:KEEP|Für Hausverwaltungen:KEEP|Kurz, merkbar und UTM-kompatibel:KEEP|Welcher Objektfall liegt vor?:KEEP|Regensburg als Kern, Bayern nach Verfügbarkeit:KEEP",,KEEP,
/mieterwechsel-service-regensburg,de,Regensburg,service,Information und Anfrage,Information und Anfrage in Regensburg verständlich erklären und zum passenden nächsten Schritt führen,"Umfang, Zugang, Zeitraum und Kontaktwunsch klären",Mieterwechsel-Service in Regensburg für Vermieter und Hausverwaltungen,Mieterwechsel-Service in Regensburg für Vermieter und Hausverwaltungen,"Mieterwechsel-Service Regensburg | Räumung, Reinigung & Übergabe","Mieterwechsel-Service Regensburg | Räumung, Reinigung & Übergabe",Mieterwechsel-Service Regensburg,"FLOXANT unterstützt Vermieter, Hausverwaltungen und Makler beim Mieterwechsel: Räumung, Entsorgung, Endreinigung und Übergabevorbereitung.",Objektfall prüfen lassen,Direkte Antwort|Leistungsumfang|benötigte Angaben|Aufwandstreiber|Ablauf|FAQ|verwandte Leistungen|nächster Schritt,interne Begriffe|fremde Standorte|nicht angebotene Leistungen|unbelegte Versprechen,,,7 sichtbare FAQ-Indikatoren,https://www.floxant.de/mieterwechsel-service-regensburg,index_follow,included,"Wenn eine Wohnung nach Auszug leer, sauber und organisatorisch vorbereitet werden muss, bündelt FLOXANT Räumung, Reinigung, Entsorgung und Schlüsselkoordination nach Absprache.",Nach einem Auszug bleibt oft mehr als nur eine leere Wohnung:KEEP|Wohnung nicht leer:KEEP|Reinigung fehlt:KEEP|Keller oder Müllraum offen:KEEP|Schlüsselkoordination offen:KEEP|Übergabe steht an:KEEP|Was FLOXANT beim Mieterwechsel übernehmen kann:KEEP|Für wiederkehrende Objektfälle statt einmaliger Improvisation:KEEP|Für Hausverwaltungen:KEEP|Für Vermieter:KEEP|Für Makler:KEEP|Für Eigentümer:KEEP|Mieterwechsel-Fall mit wenigen Eckdaten prüfen lassen:KEEP|Für Hausverwaltungen zählt ein wiederholbarer Ablauf:KEEP|Häufige Fragen zum Mieterwechsel-Service:KEEP,,KEEP,
/wohnung-wieder-vermietbar,de,Überregional,service,Information und Anfrage,Information und Anfrage verständlich erklären und zum passenden nächsten Schritt führen,"Umfang, Zugang, Zeitraum und Kontaktwunsch klären",Wohnung wieder vermietbar machen nach Auszug oder Leerstand,Wohnung wieder vermietbar machen nach Auszug oder Leerstand,"Wohnung wieder vermietbar machen ? Räumung, Reinigung & Entsorgung...","Wohnung wieder vermietbar machen ? Räumung, Reinigung & Entsorgung...","Wohnung wieder vermietbar machen ? Räumung, Reinigung & Entsorgun","Wohnung nach Auszug, Leerstand oder Mieterwechsel vorbereiten: Räumung, Entsorgung, Reinigung, Fotos und Übergabeakte nach Absprache. Fotos, Termin, Umfang und Preisrahmen direkt senden und Machbarkeit prüfen lassen.",Keller/Müllraum prüfen,Direkte Antwort|Leistungsumfang|benötigte Angaben|Aufwandstreiber|Ablauf|FAQ|verwandte Leistungen|nächster Schritt,interne Begriffe|fremde Standorte|nicht angebotene Leistungen|unbelegte Versprechen,,,13 sichtbare FAQ-Indikatoren,https://www.floxant.de/wohnung-wieder-vermietbar,index_follow,included,"Wenn eine Wohnung nach Mieterwechsel, Auszug oder Entrümpelung wieder nutzbar und präsentierbar werden soll, bündelt FLOXANT Räumung, Entsorgung, Reinigung und Dokumentation nach Absprache.","Von offen zu prüfbar:KEEP|Eine Wohnung ist selten sofort wieder präsentierbar:KEEP|Wohnung nicht leer:KEEP|Keller oder Nebenräume voll:KEEP|Möbel/Sperrmüll vorhanden:KEEP|Reinigung fehlt:KEEP|Besichtigung steht an:KEEP|Schlüssel/Übergabe offen:KEEP|Was FLOXANT vorbereiten kann:KEEP|Für Vermieter, Makler, Eigentümer, Hausverwaltungen und Ausziehende:KEEP|Für Vermieter:KEEP|Für Hausverwaltungen:KEEP|Für Makler:KEEP|Für Eigentümer:KEEP|Für private Ausziehende:KEEP|Objektzustand mit Fotos, Ziel und Termin prüfen lassen:KEEP|Wie ist der Zustand der Wohnung?:KEEP|Objekt-Ready ist nicht dasselbe wie Mieterwechsel:KEEP",,KEEP,
/immobilie-verkaufsbereit-machen,de,Überregional,service,Information und Anfrage,Information und Anfrage verständlich erklären und zum passenden nächsten Schritt führen,"Umfang, Zugang, Zeitraum und Kontaktwunsch klären",Immobilie verkaufsbereit machen vor Besichtigung oder Verkauf,Immobilie verkaufsbereit machen vor Besichtigung oder Verkauf,Immobilie verkaufsbereit machen | FLOXANT,Immobilie verkaufsbereit machen | FLOXANT,Immobilie verkaufsbereit machen,"Objekt vor Verkauf, Besichtigung oder Expose vorbereiten: Räumung, Entsorgung, Reinigung, Fotos und Übergabeakte nach Absprache. Objektstatus, Fotos, Besichtigungstermin und gewünschte Leistungen direkt senden.",Objektstatus prüfen lassen,Direkte Antwort|Leistungsumfang|benötigte Angaben|Aufwandstreiber|Ablauf|FAQ|verwandte Leistungen|nächster Schritt,interne Begriffe|fremde Standorte|nicht angebotene Leistungen|unbelegte Versprechen,,,14 sichtbare FAQ-Indikatoren,https://www.floxant.de/immobilie-verkaufsbereit-machen,index_follow,included,"Wenn Wohnung, Haus, Keller oder Garage vor Verkauf, Besichtigung oder Expose vorbereitet werden müssen, prüft FLOXANT Räumung, Entsorgung, Reinigung und Dokumentation nach Absprache.","Von ""noch offen"" zu prüfbar:KEEP|Was muss vor Besichtigung oder Verkauf noch passieren?:KEEP|Wohnung oder Haus ist noch moebliert:KEEP|Keller / Garage / Dachboden ist voll:KEEP|Sperrmuell oder alte Möbel müssen weg:KEEP|Reinigung vor Besichtigung fehlt:KEEP|Expose-Fotos stehen bald an:KEEP|Eigentuemer wohnt nicht vor Ort:KEEP|Erbfall / Nachlass muss vorbereitet werden:KEEP|Makler braucht schnelle Objektvorbereitung:KEEP|Was FLOXANT vor Verkauf oder Besichtigung prüfen kann:KEEP|Für Eigentuemer, Makler, Erbengemeinschaften, Vermieter und Hausverwaltungen:KEEP|Für Eigentuemer:KEEP|Für Makler:KEEP|Für Erbengemeinschaften:KEEP|Für Vermieter:KEEP|Für Hausverwaltungen:KEEP|Pakete ohne Festpreis- oder Verkaufsgarantie:KEEP",,KEEP,
/nachlass-raeumung-regensburg,de,Regensburg,service,Information und Anfrage,Information und Anfrage in Regensburg verständlich erklären und zum passenden nächsten Schritt führen,"Umfang, Zugang, Zeitraum und Kontaktwunsch klären","Nachlass-Räumung in Regensburg - diskret, ruhig und mit klaren Angaben","Nachlass-Räumung in Regensburg - diskret, ruhig und mit klaren Angaben",Nachlass-Räumung Regensburg | FLOXANT,Nachlass-Räumung Regensburg | FLOXANT,Nachlass-Räumung Regensburg,"Wohnung, Haus, Keller oder Garage nach Erbfall diskret klären: Freigabe, Fotos, Räumung, Entsorgung, Reinigung und Rückruf nach Absprache.",Diskret per WhatsApp anfragen,Direkte Antwort|Leistungsumfang|benötigte Angaben|Aufwandstreiber|Ablauf|FAQ|verwandte Leistungen|nächster Schritt,interne Begriffe|fremde Standorte|nicht angebotene Leistungen|unbelegte Versprechen,,,14 sichtbare FAQ-Indikatoren,https://www.floxant.de/nachlass-raeumung-regensburg,index_follow,included,"Wenn nach einem Erbfall eine Wohnung, ein Haus, Keller oder Nebenraeume geraeumt und gereinigt werden müssen, prüft FLOXANT Umfang, Fotos, Zugang, Termin und gewuenschte Leistungen nach Absprache.","Nachlass oder Wohnung ruhig klären:KEEP|So laeuft eine Nachlass-Räumung mit FLOXANT ab:KEEP|Situation kurz schildern:KEEP|Fotos oder Beschreibung senden:KEEP|Freigabe klären:KEEP|Umfang prüfen:KEEP|Angebot oder Rückfrage:KEEP|Durchfuehrung nach Auftrag:KEEP|Dokumentation optional:KEEP|Was FLOXANT nach einem Erbfall prüfen kann:KEEP|Für Angehörige, Erben, Eigentuemer, Makler und Hausverwaltungen:KEEP|Für Angehörige:KEEP|Für Erben / Erbengemeinschaften:KEEP|Für Eigentuemer / Vermieter:KEEP|Für Makler:KEEP|Für Hausverwaltungen:KEEP|Was muss geklaert werden?:KEEP|Wohnung räumen:KEEP",,KEEP,
/diskreter-umzug-trennung-scheidung,de,Überregional,service,Umzug,Umzug verständlich erklären und zum passenden nächsten Schritt führen,"Umfang, Zugang, Zeitraum und Kontaktwunsch klären","Diskreten Umzug, Auszug und Übergabe ruhig abstimmen","Diskreten Umzug, Auszug und Übergabe ruhig abstimmen",Diskreter Umzug bei Trennung oder Scheidung | FLOXANT,Diskreter Umzug bei Trennung oder Scheidung | FLOXANT,Diskreter Umzug bei Trennung oder Scheidung,"Diskreter Auszug in Regensburg: Rückruf, sichere Kontaktmethode, Transport, Reinigung, Schlüsselübergabe und Übergabeakte nach Absprache.",Diskreten Rückruf anfragen,Direkte Antwort|Leistungsumfang|benötigte Angaben|Aufwandstreiber|Ablauf|FAQ|verwandte Leistungen|nächster Schritt,interne Begriffe|fremde Standorte|nicht angebotene Leistungen|unbelegte Versprechen,,,16 sichtbare FAQ-Indikatoren,https://www.floxant.de/diskreter-umzug-trennung-scheidung,index_follow,included,"Wenn ein Fall ruhig und zurückhaltend geklärt werden soll, reichen zuerst Ort, Zeitfenster, grober Umfang und bevorzugter Kontaktweg. FLOXANT prüft Transport, Reinigung, Entrümpelung, Schlüsselübergabe und Übergabeakte nach Absprache.","Ruhige Anfrage, klare nächste Schritte:KEEP|Ruhige Anfrage ohne private Details im ersten Schritt.:KEEP|Sie bestimmen, wie die Rueckfrage starten soll.:KEEP|Rückruf:KEEP|WhatsApp:KEEP|E-Mail:KEEP|Diskret heisst auch: klare Grenzen.:KEEP|Sensible Faelle duerfen mit wenigen Angaben starten.:KEEP|Was bei diskreten Faellen reicht:KEEP|Typische Situationen klar erklärt:KEEP|Typische Situation: sensibler Fall ohne Details im Erstkontakt:KEEP|Diskrete Anfrage Schritt für Schritt.:KEEP|Ehrlich und nachvollziehbar:KEEP|Regensburg klar sichtbar, Kontaktweg direkt erreichbar:KEEP|Regensburg als Kern:KEEP|Umgebung sauber eingeordnet:KEEP|Diskrete Anfrage klar erreichbar:KEEP|Klare Düsseldorf-Grenze:KEEP",,KEEP,
/schadensbegrenzung,de,Überregional,service,Information und Anfrage,Information und Anfrage verständlich erklären und zum passenden nächsten Schritt führen,"Umfang, Zugang, Zeitraum und Kontaktwunsch klären",Wenn der Plan kippt: FLOXANT Schadensbegrenzung,Wenn der Plan kippt: FLOXANT Schadensbegrenzung,"Schadensbegrenzung bei Umzug, Reinigung & Übergabe | FLOXANT","Schadensbegrenzung bei Umzug, Reinigung & Übergabe | FLOXANT","Schadensbegrenzung bei Umzug, Reinigung & Übergabe","Plan gekippt? FLOXANT prüft kurzfristig Ort, Deadline, Fotos, offene Punkte und Machbarkeit für Umzug, Reinigung, Entrümpelung oder Übergabe.",Schadensbegrenzung prüfen lassen,Direkte Antwort|Leistungsumfang|benötigte Angaben|Aufwandstreiber|Ablauf|FAQ|verwandte Leistungen|nächster Schritt,interne Begriffe|fremde Standorte|nicht angebotene Leistungen|unbelegte Versprechen,,,12 sichtbare FAQ-Indikatoren,https://www.floxant.de/schadensbegrenzung,index_follow,included,"Umzug, Reinigung, Entrümpelung oder Übergabe laufen nicht wie geplant? Senden Sie Ort, Termin, Fotos und offene Punkte. FLOXANT prüft nach Verfügbarkeit, was noch machbar ist.","Kurzfristig heisst: harte Fakten zuerst:KEEP|Wenn kleine offene Punkte den ganzen Ablauf blockieren:KEEP|Umzug laeuft nicht wie geplant:KEEP|Anbieter oder Helfer hat abgesagt:KEEP|Wohnung ist nicht übergabefaehig:KEEP|Sperrmuell oder Möbel stehen noch da:KEEP|Schlüsselübergabe ist unklar:KEEP|Vorhandenes Angebot war unvollstaendig:KEEP|Zeitdruck sichtbar machen:KEEP|Heute:KEEP|Morgen:KEEP|In 2-3 Tagen:KEEP|Diese Woche:KEEP|Vor Übergabetermin:KEEP|Flexibel, aber bald:KEEP|Was muss noch stabilisiert werden?:KEEP|Fotos statt langer Erklärung:KEEP|Problem, Deadline, Fotos und offene Punkte senden:KEEP",,KEEP,
/keller-muellraum-rettung-regensburg,de,Regensburg,service,Information und Anfrage,Information und Anfrage in Regensburg verständlich erklären und zum passenden nächsten Schritt führen,"Umfang, Zugang, Zeitraum und Kontaktwunsch klären",Keller- und Müllraum-Rettung für Hausverwaltungen in Regensburg,Keller- und Müllraum-Rettung für Hausverwaltungen in Regensburg,Keller- & Müllraum-Rettung Regensburg | FLOXANT,Keller- & Müllraum-Rettung Regensburg | FLOXANT,Keller- & Müllraum-Rettung Regensburg,"Keller, Müllraum, Garage oder Nebenflaeche blockiert? Fotos, Freigabe, Zugang und Umfang senden; FLOXANT prüft Räumung, Entsorgung und Reinigung.",Objektflaeche prüfen lassen,Direkte Antwort|Leistungsumfang|benötigte Angaben|Aufwandstreiber|Ablauf|FAQ|verwandte Leistungen|nächster Schritt,interne Begriffe|fremde Standorte|nicht angebotene Leistungen|unbelegte Versprechen,,,11 sichtbare FAQ-Indikatoren,https://www.floxant.de/keller-muellraum-rettung-regensburg,index_follow,included,"Wenn Keller, Müllraeume oder Nebenflächen blockiert sind, prüft FLOXANT Räumung, Entsorgung, Reinigung und Fotoeinschaetzung nach Absprache.","Blockierte Fläche wird prüfbar:KEEP|Wenn Keller, Müllraum oder Nebenflaeche den Ablauf blockieren:KEEP|Müllraum ist blockiert:KEEP|Keller oder Abteil voll:KEEP|Nebenflaeche zugestellt:KEEP|Reinigung danach nötig:KEEP|Freigabe oder Eigentum unklar:KEEP|Kurzfristig vor Übergabe:KEEP|Was FLOXANT bei Keller, Müllraum und Nebenflächen prüfen kann:KEEP|Gebaut für Hausverwaltung, Vermieter, WEG, Gewerbe und klare Privatfaelle:KEEP|Für Hausverwaltungen:KEEP|Für Vermieter:KEEP|Für Eigentuemergemeinschaften / WEG:KEEP|Für Gewerbekunden:KEEP|Für Privatkunden:KEEP|Räumung braucht Freigabe, Zugang und Materialklarheit:KEEP|Welche Fläche ist betroffen?:KEEP|Regensburg als Kern, keine allgemeine Sperrmuell-Behauptung:KEEP",,KEEP,
/rueckfahrt-boerse,de,Überregional,service,Information und Anfrage,Information und Anfrage verständlich erklären und zum passenden nächsten Schritt führen,"Umfang, Zugang, Zeitraum und Kontaktwunsch klären",Rückfahrt-Börse: Strecke eintragen und prüfen lassen,Rückfahrt-Börse: Strecke eintragen und prüfen lassen,Rückfahrt-Börse ? Strecke eintragen | FLOXANT,Rückfahrt-Börse ? Strecke eintragen | FLOXANT,Rückfahrt-Börse ? Strecke eintragen,"Rückfahrt oder Leerfahrt prüfen lassen: Start, Ziel, Datum, Flexibilität, Umfang und Fotos senden. Keine Fake-Tour, sondern Verfügbarkeitsprüfung.",Strecke prüfen lassen,Direkte Antwort|Leistungsumfang|benötigte Angaben|Aufwandstreiber|Ablauf|FAQ|verwandte Leistungen|nächster Schritt,interne Begriffe|fremde Standorte|nicht angebotene Leistungen|unbelegte Versprechen,,,9 sichtbare FAQ-Indikatoren,https://www.floxant.de/rueckfahrt-boerse,index_follow,included,"Ob Möbeltransport, kleiner Umzug oder flexible Strecke: FLOXANT prüft nach Verfügbarkeit, ob Ihre Anfrage zu einer passenden Rückfahrt, Leerfahrt oder geplanten Tour passt.","Strecke prüfen statt lange raten:KEEP|Rückfahrt-Börse als seriöses Anfrage-System:KEEP|Strecke eintragen:KEEP|Umfang beschreiben:KEEP|Flexibilität angeben:KEEP|FLOXANT prüft:KEEP|Rückmeldung:KEEP|Beispiele für Strecken, die geprüft werden können:KEEP|Regensburg ↔ München:KEEP|Regensburg ↔ Nürnberg:KEEP|Regensburg ↔ Straubing:KEEP|Regensburg ↔ Ingolstadt:KEEP|Regensburg ↔ Passau:KEEP|Regensburg ↔ Landshut:KEEP|Regensburg ↔ Augsburg:KEEP|Regensburg ↔ Deggendorf:KEEP|Regensburg ↔ Schwandorf:KEEP|Regensburg ↔ Kelheim:KEEP",,KEEP,
/uebergabeakte,de,Überregional,service,Information und Anfrage,Information und Anfrage verständlich erklären und zum passenden nächsten Schritt führen,"Umfang, Zugang, Zeitraum und Kontaktwunsch klären","FLOXANT Übergabeakte: Auszug, Reinigung und Schlüsselstatus dokumentieren","FLOXANT Übergabeakte: Auszug, Reinigung und Schlüsselstatus dokumentieren",FLOXANT Übergabeakte ? Auszug & Übergabe dokumentieren,FLOXANT Übergabeakte ? Auszug & Übergabe dokumentieren,FLOXANT Übergabeakte ? Auszug & Übergabe dokumentieren,"Übergabeakte nach Absprache anfragen: erledigte Leistungen, Fotos, Schlüsselstatus und Hinweise organisatorisch dokumentieren lassen. Fotos, Termin, Umfang und Preisrahmen direkt senden und Machbarkeit prüfen lassen.",Übergabeakte anfragen,Direkte Antwort|Leistungsumfang|benötigte Angaben|Aufwandstreiber|Ablauf|FAQ|verwandte Leistungen|nächster Schritt,interne Begriffe|fremde Standorte|nicht angebotene Leistungen|unbelegte Versprechen,,,11 sichtbare FAQ-Indikatoren,https://www.floxant.de/uebergabeakte,index_follow,included,"Für Kunden, Vermieter, Hausverwaltungen und Makler: FLOXANT kann nach Absprache Leistungen, Fotos, Schlüsselstatus und offene Hinweise in einer organisatorischen Übergabeakte bündeln.","FLOXANT Übergabeakte:KEEP|Beim Auszug bleibt oft unklar, was wirklich erledigt wurde:KEEP|Leistungen nachvollziehbar bündeln:KEEP|Fotos nach Absprache einordnen:KEEP|Schlüsselstatus festhalten:KEEP|Grenzen klar benennen:KEEP|Interaktive Beispielakte: FLOXANT Übergabeakte:KEEP|Wohnung · Raum Regensburg:KEEP|Was eine Übergabeakte enthalten kann:KEEP|Klare Bausteine, damit die Übergabe nachvollziehbar bleibt:KEEP|Für Kunden, die Kontrolle statt Bauchgefühl wollen:KEEP|Für Privatkunden:KEEP|Für Vermieter:KEEP|Für Hausverwaltungen:KEEP|Für Makler und Eigentümer:KEEP|Für sensible Fälle:KEEP|Die Übergabeakte wird stark, wenn sie mit echten Leistungen verbunden ist:KEEP|Übergabeakte mit Objekt, Termin und Leistungsumfang anfragen:KEEP",,KEEP,
/kontakt,de,Überregional,contact,Kontakt,Anfrage sicher übermitteln,"Umfang, Zugang, Zeitraum und Kontaktwunsch klären","Beschreiben Sie kurz, wobei Sie Hilfe brauchen","Beschreiben Sie kurz, wobei Sie Hilfe brauchen",Kontakt | FLOXANT Anfrage stellen,Kontakt | FLOXANT Anfrage stellen,Kontakt,"FLOXANT kontaktieren und Anfrage für Reinigung, Umzug oder Entrümpelung stellen. Bedarf beschreiben und Rückmeldung erhalten. Fotos, Termin, Umfang und Preisrahmen direkt senden und Machbarkeit prüfen lassen.","Angebot prüfen Angebot, Preis, Umfang und Prüfgrund.",Direkte Antwort|Leistungsumfang|benötigte Angaben|Aufwandstreiber|Ablauf|FAQ|verwandte Leistungen|nächster Schritt,interne Begriffe|fremde Standorte|nicht angebotene Leistungen|unbelegte Versprechen,,,11 sichtbare FAQ-Indikatoren,https://www.floxant.de/kontakt,index_follow,included,"Ort, gewünschte Leistung, Umfang, Termin und Kontaktweg reichen für den Start. Weitere Angaben können Sie später ergänzen. Hilfreich sind Leistung, Ort, Umfang, Fotos, Terminwunsch und der Kontaktweg, über den FLOXANT gezielt nachfragen darf.",Direkter Kontakt statt Leerlauf:KEEP|Vertrauen durch klare Angaben:KEEP|Spezialbereiche sauber getrennt:KEEP|Leistung vor dem Absenden auswählen:KEEP|Leistung auswählen:KEEP|Einsatzort auswählen:KEEP|Reinigung besser anfragen:KEEP|Objekt:KEEP|Umfang:KEEP|Termin:KEEP|Zugang:KEEP|Fotos optional:KEEP|Angebot optional:KEEP|Reinigung in Regensburg anfragen:KEEP|Welche Fotos bei Reinigung helfen:KEEP|Hilfreiche Fotos:KEEP|Datenschutz beim Foto:KEEP|Was nach dem Absenden passiert.:KEEP,,KEEP,
/entsorgung-duesseldorf,de,Düsseldorf,service,Information und Anfrage,Information und Anfrage in Düsseldorf verständlich erklären und zum passenden nächsten Schritt führen,"Umfang, Zugang, Zeitraum und Kontaktwunsch klären","Entsorgung Düsseldorf für Möbel, Sperrmüll und kleinere Räumungen","Entsorgung Düsseldorf für Möbel, Sperrmüll und kleinere Räumungen","Entsorgung Düsseldorf – Möbel, Sperrmüll & Abholung | FLOXANT","Entsorgung Düsseldorf – Möbel, Sperrmüll & Abholung | FLOXANT","Entsorgung Düsseldorf – Möbel, Sperrmüll & Abholung","Entsorgung in Düsseldorf für Möbel, Sperrmüll, Haushaltsgegenstände, Keller und kleinere Räumungen: Umfang, Zugang, Etage, Fotos, Termin und Budget senden.",Entsorgung anfragen,Direkte Antwort|Leistungsumfang|benötigte Angaben|Aufwandstreiber|Ablauf|FAQ|verwandte Leistungen|nächster Schritt,interne Begriffe|fremde Standorte|nicht angebotene Leistungen|unbelegte Versprechen,,,8 sichtbare FAQ-Indikatoren,https://www.floxant.de/entsorgung-duesseldorf,index_follow,included,"Wenn nach Auszug, Renovierung oder Räumung Gegenstände weg müssen, zählen nicht nur Menge und Termin. Zugang, Etage, Laufweg, Materialart und Fotos entscheiden, ob ein Angebot realistisch ist. FLOXANT prüft diese Punkte vorab und führt diesen Bereich getrennt von anderen lokalen Leistungsarten.","Preis entsteht aus Umfang, Zugang und Fotos.:KEEP|Fotos:KEEP|Zugang:KEEP|Budget:KEEP|Private Entsorgung nach Auszug, Keller oder Haushalt:KEEP|Inventar und Nebenräume für kleine Unternehmen:KEEP|Entsorgung mit Fotos, Zugang und klarem Umfang:KEEP|Möbel, Regale und kleinere Mengen mit Fotos prüfen:KEEP|Nicht jeder Sperrmüll ist gleich planbar:KEEP|WhatsApp ist oft der schnellste Start:KEEP|Erst raus, dann Zielzustand klären:KEEP|Diese Angaben machen die Entsorgung schneller prüfbar:KEEP|Fotos von Menge und Material:KEEP|Zugang, Etage und Laufweg:KEEP|Termin und Zielzustand:KEEP|Ausschlüsse offen nennen:KEEP|Entsorgung mit Fotoeinschätzung statt unklarem Pauschalversprechen:KEEP|Entsorgung Düsseldorf mit Fotoeinschätzung:KEEP",,KEEP,
/duesseldorf/entsorgung,de,Düsseldorf,service,Information und Anfrage,Information und Anfrage in Düsseldorf verständlich erklären und zum passenden nächsten Schritt führen,"Umfang, Zugang, Zeitraum und Kontaktwunsch klären","Entsorgung Düsseldorf für Möbel, Sperrmüll und kleinere Räumungen","Entsorgung Düsseldorf für Möbel, Sperrmüll und kleinere Räumungen","Entsorgung Düsseldorf – Möbel, Sperrmüll & Abholung | FLOXANT","Entsorgung Düsseldorf – Möbel, Sperrmüll & Abholung | FLOXANT","Entsorgung Düsseldorf – Möbel, Sperrmüll & Abholung","Entsorgung in Düsseldorf für Möbel, Sperrmüll, Haushaltsgegenstände, Keller und kleinere Räumungen: Umfang, Zugang, Etage, Fotos, Termin und Budget senden.",Entsorgung anfragen,Direkte Antwort|Leistungsumfang|benötigte Angaben|Aufwandstreiber|Ablauf|FAQ|verwandte Leistungen|nächster Schritt,interne Begriffe|fremde Standorte|nicht angebotene Leistungen|unbelegte Versprechen,,,8 sichtbare FAQ-Indikatoren,https://www.floxant.de/entsorgung-duesseldorf,index_follow,included,"Wenn nach Auszug, Renovierung oder Räumung Gegenstände weg müssen, zählen nicht nur Menge und Termin. Zugang, Etage, Laufweg, Materialart und Fotos entscheiden, ob ein Angebot realistisch ist. FLOXANT prüft diese Punkte vorab und führt diesen Bereich getrennt von anderen lokalen Leistungsarten.","Preis entsteht aus Umfang, Zugang und Fotos.:KEEP|Fotos:KEEP|Zugang:KEEP|Budget:KEEP|Private Entsorgung nach Auszug, Keller oder Haushalt:KEEP|Inventar und Nebenräume für kleine Unternehmen:KEEP|Entsorgung mit Fotos, Zugang und klarem Umfang:KEEP|Möbel, Regale und kleinere Mengen mit Fotos prüfen:KEEP|Nicht jeder Sperrmüll ist gleich planbar:KEEP|WhatsApp ist oft der schnellste Start:KEEP|Erst raus, dann Zielzustand klären:KEEP|Diese Angaben machen die Entsorgung schneller prüfbar:KEEP|Fotos von Menge und Material:KEEP|Zugang, Etage und Laufweg:KEEP|Termin und Zielzustand:KEEP|Ausschlüsse offen nennen:KEEP|Entsorgung mit Fotoeinschätzung statt unklarem Pauschalversprechen:KEEP|Entsorgung Düsseldorf mit Fotoeinschätzung:KEEP",,KEEP,
/regensburg/bueroreinigung,de,Regensburg,service,Büroreinigung,Büroreinigung in Regensburg verständlich erklären und zum passenden nächsten Schritt führen,"Umfang, Zugang, Zeitraum und Kontaktwunsch klären",Büroreinigung Regensburg für Firmen mit konkreten Eckdaten anfragen,Büroreinigung Regensburg für Firmen mit konkreten Eckdaten anfragen,Büroreinigung Regensburg für Firmen anfragen,Büroreinigung Regensburg für Firmen anfragen,Büroreinigung Regensburg für Firmen anfragen,"Büroreinigung Regensburg für Firmen: Fläche, Raumliste, Turnus, Reinigungszeiten und vorhandenes Angebot anhand der Eckdaten klären.",Büroreinigung Regensburg anfragen,Direkte Antwort|Leistungsumfang|benötigte Angaben|Aufwandstreiber|Ablauf|FAQ|verwandte Leistungen|nächster Schritt,interne Begriffe|fremde Standorte|nicht angebotene Leistungen|unbelegte Versprechen,,,13 sichtbare FAQ-Indikatoren,https://www.floxant.de/regensburg/bueroreinigung,index_follow,included,"FLOXANT ordnet Büroreinigung in Regensburg für Firmen nach Fläche, Raumliste, Turnus, Reinigungszeiten, Objektart, Ansprechpartner, Zugang und vorhandenem Angebot ein. Eine Anfrage ist noch keine Beauftragung.","Was wir für die erste Rückmeldung brauchen:KEEP|Anfrage auf Deutsch oder Englisch möglich.:KEEP|Passt Büroreinigung in Regensburg zu Ihrer Anfrage?:KEEP|Büroreinigung Regensburg im Regensburger Servicegebiet:KEEP|Regensburg Stadtteile:KEEP|Umland bis 50 km:KEEP|Reinigungsanfragen bleiben auf Regensburg, Objekt und Nachweisbarkeit fokussiert.:KEEP|Regensburg als Mittelpunkt:KEEP|Reinigung im 50-km-Radius:KEEP|Keine erfundenen Belege:KEEP|Klare Anfrage statt Blindpreis:KEEP|Diese Angaben machen Reinigungsangebote vergleichbar.:KEEP|Objekt:KEEP|Leistung:KEEP|Nachweise:KEEP|Entscheidung:KEEP|Weitere Reinigungswege passend zu Büroreinigung Regensburg:KEEP|Gebäudereinigung Regensburg:KEEP",,KEEP,
/regensburg/wohnungsaufloesung,de,Regensburg,service,Wohnungsauflösung,Wohnungsauflösung in Regensburg anfragen,"Umfang, Zugang, Zeitraum und Kontaktwunsch klären","Wohnungsauflösung Regensburg bei Nachlass, Auszug und Übergabe","Wohnungsauflösung Regensburg bei Nachlass, Auszug und Übergabe",Wohnungsauflösung Regensburg | Nachlass ruhig klären,Wohnungsauflösung Regensburg | Nachlass ruhig klären,Wohnungsauflösung Regensburg,"Wohnungsauflösung Regensburg bei Nachlass, Auszug oder Pflegeheimwechsel: Fotos, Freigabe, Räume, Zielzustand und Übergabe ruhig klären.",Wohnungsauflösung anfragen,Direkte Antwort|Leistungsumfang|benötigte Angaben|Aufwandstreiber|Ablauf|FAQ|verwandte Leistungen|nächster Schritt,interne Begriffe|fremde Standorte|nicht angebotene Leistungen|unbelegte Versprechen,,,8 sichtbare FAQ-Indikatoren,https://www.floxant.de/regensburg/wohnungsaufloesung,index_follow,included,"FLOXANT prüft Wohnungsauflösungen in Regensburg ruhig und sachlich, wenn Nachlass, Auszug, Pflegeheimwechsel, Familienorganisation, Vermieterübergabe oder Nachnutzung zusammenkommen.",Was wir für die erste Rückmeldung brauchen:KEEP|Anfrage auf Deutsch oder Englisch möglich.:KEEP|Passt Wohnungsauflösung in Regensburg zu Ihrer Anfrage?:KEEP|Übergabe und Endreinigung abstimmen:KEEP|Worum es auf dieser Seite geht:KEEP|Leistungen passend zu Ihrer Situation.:KEEP|Wohnungsauflösung Regensburg:KEEP|Haushaltsauflösung Regensburg:KEEP|Entrümpelung Regensburg:KEEP|Endreinigung Regensburg:KEEP|Besenreine Übergabe:KEEP|Angebot vergleichen Regensburg:KEEP|Wenn mehrere Aufgaben zusammenkommen.:KEEP|Umzug + Reinigung:KEEP|Entrümpelung + Reinigung:KEEP|Haushaltsauflösung + Übergabe:KEEP|Angebot oder Eckdaten prüfen lassen.:KEEP|Wohnungsauflösung Regensburg: was für eine schnelle Einschätzung zählt.:KEEP,,KEEP,
/regensburg/umzugsunternehmen,de,Regensburg,service,Umzug,Umzug in Regensburg verständlich erklären und zum passenden nächsten Schritt führen,"Umfang, Zugang, Zeitraum und Kontaktwunsch klären","Umzugsunternehmen Regensburg mit Fotos, Laufweg und Angebot prüfen","Umzugsunternehmen Regensburg mit Fotos, Laufweg und Angebot prüfen",Umzugsunternehmen Regensburg | Angebot & Fotos prüfen,Umzugsunternehmen Regensburg | Angebot & Fotos prüfen,Umzugsunternehmen Regensburg,"Umzugsunternehmen Regensburg anfragen: Start, Ziel, Etage, Volumen, Laufweg, Fotos, Termin, Reinigung und vorhandenes Angebot prüfen.",Umzugsunternehmen anfragen,Direkte Antwort|Leistungsumfang|benötigte Angaben|Aufwandstreiber|Ablauf|FAQ|verwandte Leistungen|nächster Schritt,interne Begriffe|fremde Standorte|nicht angebotene Leistungen|unbelegte Versprechen,,,8 sichtbare FAQ-Indikatoren,https://www.floxant.de/regensburg/umzugsunternehmen,index_follow,included,"FLOXANT ist der lokale Einstieg, wenn ein Umzugsunternehmen in Regensburg gesucht wird und Start, Ziel, Volumen, Laufwege, Haltemöglichkeit, Termin, Zusatzleistungen und vorhandene Angebote realistisch eingeordnet werden sollen.",Was wir für die erste Rückmeldung brauchen:KEEP|Anfrage auf Deutsch oder Englisch möglich.:KEEP|Passt Umzugsunternehmen in Regensburg zu Ihrer Anfrage?:KEEP|Umzug mit klarer Vorbereitung:KEEP|Worum es auf dieser Seite geht:KEEP|Leistungen passend zu Ihrer Situation.:KEEP|Umzugsunternehmen Regensburg:KEEP|Umzug Regensburg:KEEP|Umzug mit Reinigung:KEEP|Entrümpelung Regensburg:KEEP|Wohnungsauflösung Regensburg:KEEP|Umzugsangebot vergleichen:KEEP|Wenn mehrere Aufgaben zusammenkommen.:KEEP|Umzug + Reinigung:KEEP|Entrümpelung + Reinigung:KEEP|Haushaltsauflösung + Übergabe:KEEP|Angebot oder Eckdaten prüfen lassen.:KEEP|Umzugsunternehmen Regensburg: was für eine schnelle Einschätzung zählt.:KEEP,,KEEP,
/buchung-ablauf,de,Überregional,service,Information und Anfrage,Information und Anfrage verständlich erklären und zum passenden nächsten Schritt führen,"Umfang, Zugang, Zeitraum und Kontaktwunsch klären","Direkt rechnen, Anfrage vorbereiten und sauber beauftragen.","Direkt rechnen, Anfrage vorbereiten und sauber beauftragen.","FLOXANT Buchung | Rechner, Anfrage, Angebot","FLOXANT Buchung | Rechner, Anfrage, Angebot",FLOXANT Buchung,"So läuft es ab: Preisrahmen prüfen, Anfrage senden, Angebot erhalten und Auftrag sauber abstimmen. Ohne versteckte Sofortbindung. Fotos, Termin, Umfang und Preisrahmen direkt senden und Machbarkeit prüfen lassen.",Express prüfen Für kurzfristige Fälle mit wenigen Eckdaten und schneller Machbarkeitsprüfung. Express-Check öffnen,Direkte Antwort|Leistungsumfang|benötigte Angaben|Aufwandstreiber|Ablauf|FAQ|verwandte Leistungen|nächster Schritt,interne Begriffe|fremde Standorte|nicht angebotene Leistungen|unbelegte Versprechen,,,5 sichtbare FAQ-Indikatoren,https://www.floxant.de/buchung-ablauf,index_follow,included,"FLOXANT macht den Weg vom ersten Bedarf zur Umsetzung transparent: zuerst Orientierungsrahmen und Einschätzung, dann Rückfragen, Angebot, Auftragsbestätigung und Rechnung. So bleibt der Prozess schnell, aber nicht übereilt.","Vom ersten Preisrahmen zur kontrollierten Beauftragung.:KEEP|Anfrage starten:KEEP|Direkt rechnen:KEEP|Express prüfen:KEEP|Preisvorstellung senden:KEEP|Was nach dem Absenden entstehen kann.:KEEP|Der Prozess zeigt früh, was verbindlich ist und was noch geprüft wird.:KEEP|Häufige Fragen zu Buchung, Angebot und Dokumenten:KEEP|Kann ich bei FLOXANT direkt buchen?:KEEP|Was ist der Unterschied zwischen Rechner und Buchung?:KEEP|Welche Dokumente kann FLOXANT vorbereiten?:KEEP|Ist das Absenden der Anfrage kostenpflichtig?:KEEP|Warum ist der Ablauf für Kunden sicherer?:KEEP",,KEEP,
/leistungen-vergleichen,de,Überregional,service,Information und Anfrage,Information und Anfrage verständlich erklären und zum passenden nächsten Schritt führen,"Umfang, Zugang, Zeitraum und Kontaktwunsch klären",FLOXANT Leistungen vergleichen und den richtigen Weg finden.,FLOXANT Leistungen vergleichen und den richtigen Weg finden.,FLOXANT Leistungen vergleichen | Angebot einordnen,FLOXANT Leistungen vergleichen | Angebot einordnen,FLOXANT Leistungen vergleichen,"Welcher Service passt? Umzug, Reinigung, Entrümpelung, Büroumzug, Leer-Rückfahrt und Angebotsprüfung klar vergleichen. Fotos, Termin, Umfang und Preisrahmen direkt senden und Machbarkeit prüfen lassen.",Angebot prüfen lassen,Direkte Antwort|Leistungsumfang|benötigte Angaben|Aufwandstreiber|Ablauf|FAQ|verwandte Leistungen|nächster Schritt,interne Begriffe|fremde Standorte|nicht angebotene Leistungen|unbelegte Versprechen,,,6 sichtbare FAQ-Indikatoren,https://www.floxant.de/leistungen-vergleichen,index_follow,included,"Nicht jede Anfrage gehört sofort in denselben Service. Dieser Vergleich ordnet typische Kundensituationen sauber zu: Umzug, Reinigung, Entrümpelung, Büroumzug, Leer-Rückfahrt oder Private Client Service in Regensburg und Bayern.","Welche FLOXANT Leistung passt zu Ihrer Situation?:KEEP|Wohnung oder Haus zieht um:KEEP|Übergabe soll sauber funktionieren:KEEP|Räume müssen frei werden:KEEP|Firma, Büro oder Standort verändert sich:KEEP|Menge passt zu einer Rückfahrt:KEEP|Anwesen oder sensibler Haushalt:KEEP|Kurz gesagt: FLOXANT prüft nicht nur den Preis, sondern die Machbarkeit.:KEEP|Von der Angebotsfrage zur passenden FLOXANT-Seite.:KEEP|Angebot prüfen:KEEP|Angebotscheck:KEEP|Anbieter vergleichen:KEEP|Kontakt:KEEP|Reinigung:KEEP|Umzug:KEEP|Entrümpelung:KEEP|Solarreinigung:KEEP|Düsseldorf:KEEP",,KEEP,
/anbieter-vergleichen,de,Überregional,service,Information und Anfrage,Information und Anfrage verständlich erklären und zum passenden nächsten Schritt führen,"Umfang, Zugang, Zeitraum und Kontaktwunsch klären","Anbieter vergleichen, ohne nur auf den Preis zu schauen.","Anbieter vergleichen, ohne nur auf den Preis zu schauen.",Anbieter und Angebote vergleichen | FLOXANT,Anbieter und Angebote vergleichen | FLOXANT,Anbieter und Angebote vergleichen,"Angebote für Umzug, Reinigung, Entrümpelung und Entsorgung vergleichen: Preisrahmen, Umfang, Fotos, Zugang und offene Punkte einordnen.",Angebot prüfen lassen,Direkte Antwort|Leistungsumfang|benötigte Angaben|Aufwandstreiber|Ablauf|FAQ|verwandte Leistungen|nächster Schritt,interne Begriffe|fremde Standorte|nicht angebotene Leistungen|unbelegte Versprechen,,,10 sichtbare FAQ-Indikatoren,https://www.floxant.de/anbieter-vergleichen,index_follow,included,"Ein sinnvoller Vergleich beginnt mit gleichem Umfang: Ort, Leistung, Zugang, Fotos, Termin und Zusatzpunkte. FLOXANT hilft, Angebote und offene Fragen sachlich zu vergleichen.","Gleiche Angaben machen Anbieter erst vergleichbar.:KEEP|Vergleichbar machen:KEEP|Nicht nur Endpreis:KEEP|Naechster Schritt:KEEP|Grenzen:KEEP|Kurz gesagt: FLOXANT prüft nicht nur den Preis, sondern die Machbarkeit.:KEEP|Professionell prüfen heißt: ehrlich, nachvollziehbar und ohne falsche Versprechen.:KEEP|Echte zweite Einschätzung:KEEP|Klare Grenzen:KEEP|Schneller Start mit wenigen Angaben:KEEP|So geht es weiter:KEEP|Passt Angebot prüfen zu Ihrer Situation?:KEEP|Wann Angebot prüfen wirklich hilft.:KEEP|Angebot wirkt zu teuer:KEEP|Leistungsumfang ist unklar:KEEP|Ungewoehnliche Vorkasse:KEEP|Mehrere Angebote sind schwer vergleichbar:KEEP|Zeitdruck vor Übergabe:KEEP",,KEEP,
/signature-services,de,Überregional,service,Information und Anfrage,Information und Anfrage verständlich erklären und zum passenden nächsten Schritt führen,"Umfang, Zugang, Zeitraum und Kontaktwunsch klären",Persönliche Hilfe für Situationen jenseits eines Standardformulars,Persönliche Hilfe für Situationen jenseits eines Standardformulars,FLOXANT Signature Services und Speziallösungen,FLOXANT Signature Services und Speziallösungen,FLOXANT Signature Services und Speziallösungen,"Geprüfte Anfragewege für Angebotsprüfung, Objektangaben, Übergabe, Plan B, Spezialreinigung, Spezialumzug, Spezialentrümpelung und diskrete Situationen.","Signature Service Angebot wirkt zu teuer oder unklar Preis, Umfang, Zusatzkosten und fehlende Positionen neutral einordnen lassen. Angebot prüfen",Direkte Antwort|Leistungsumfang|benötigte Angaben|Aufwandstreiber|Ablauf|FAQ|verwandte Leistungen|nächster Schritt,interne Begriffe|fremde Standorte|nicht angebotene Leistungen|unbelegte Versprechen,,,4 sichtbare FAQ-Indikatoren,https://www.floxant.de/signature-services,index_follow,included,"Diese Lösungen ordnen vorhandene Angebote, Objektangaben, Übergaben, Ausweichplanung oder sensible Situationen, bevor eine separate Leistung vereinbart wird.","Besondere Services nach echtem Kundenproblem auswählen.:KEEP|Angebot wirkt zu teuer oder unklar:KEEP|Übergabe steht bevor:KEEP|Anbieter hat abgesagt:KEEP|Objekt muss schnell vorbereitet werden:KEEP|PV-Anlage ist verschmutzt:KEEP|Nachlass oder Keller diskret klären:KEEP|Büro muss startklar werden:KEEP|Problem, Ergebnis und Grenzen auf einen Blick:KEEP|FLOXANT Angebotscheck:KEEP|FLOXANT Anbietervergleich:KEEP|FLOXANT Objektbrief:KEEP|FLOXANT Übergabeakte:KEEP|FLOXANT Plan-B-Service:KEEP|FLOXANT Diskret-Service:KEEP|Kombi-Anfrage Umzug und Reinigung:KEEP|Klare Grenzen bleiben Teil jeder Anfrage:KEEP|Signature, Spezialreinigung, Spezialumzug und Spezialentruempelung verbinden.:KEEP",,KEEP,
/spezialreinigung,de,Überregional,service,Reinigung,Reinigung verständlich erklären und zum passenden nächsten Schritt führen,"Umfang, Zugang, Zeitraum und Kontaktwunsch klären","Spezialreinigung mit Fotos, Zugang und Ziel klar einordnen.","Spezialreinigung mit Fotos, Zugang und Ziel klar einordnen.","Spezialreinigung mit Fotos, Zugang und Ziel klären","Spezialreinigung mit Fotos, Zugang und Ziel klären","Spezialreinigung mit Fotos, Zugang und Ziel klären","FLOXANT ordnet Spezialreinigung für PV, Glas, Fassade, Event, Büro, Praxis und Übergabe nach Fotos, Zugang und Risiko ein.",Spezialreinigung anfragen,Direkte Antwort|Leistungsumfang|benötigte Angaben|Aufwandstreiber|Ablauf|FAQ|verwandte Leistungen|nächster Schritt,interne Begriffe|fremde Standorte|nicht angebotene Leistungen|unbelegte Versprechen,,,8 sichtbare FAQ-Indikatoren,https://www.floxant.de/spezialreinigung,index_follow,included,"Spezialreinigung braucht mehr als ein Stichwort. FLOXANT prüft Fotos, Zugang, Material, Zeitfenster, Risiko und Zielzustand, bevor aus einer Anfrage eine realistische Leistung wird.","Spezialreinigung braucht erst Machbarkeit, dann Zusage.:KEEP|Was der Service ist:KEEP|Wann er passt:KEEP|Wann ein anderer Weg besser ist:KEEP|Was FLOXANT braucht:KEEP|Schon ein Spezialreinigungs-Angebot erhalten?:KEEP|Welche Spezialreinigung passt zum Fall?:KEEP|Solarreinigung:KEEP|PV-Anlagen-Reinigung:KEEP|Glasreinigung:KEEP|Fassadenreinigung:KEEP|Eventreinigung:KEEP|Bauendreinigung:KEEP|Praxisreinigung:KEEP|Treppenhaus- und Hausverwaltungsreinigung:KEEP|Spezialreinigung beginnt mit Zugang, Fotos und Zielzustand.:KEEP|Reinigung, Spezialreinigung oder Angebotsprüfung?:KEEP|Checkliste für Spezialreinigung:KEEP",,KEEP,
/spezialumzug,de,Überregional,service,Umzug,Umzug verständlich erklären und zum passenden nächsten Schritt führen,"Umfang, Zugang, Zeitraum und Kontaktwunsch klären","Mini-Umzug, Express, Möbeltransport, Rückfahrt und Plan B sauber prüfen.","Mini-Umzug, Express, Möbeltransport, Rückfahrt und Plan B sauber prüfen.","Spezialumzug | Mini-Umzug, Express, Transport & Plan B | FLOXANT","Spezialumzug | Mini-Umzug, Express, Transport & Plan B | FLOXANT",Spezialumzug,"Spezialumzug mit FLOXANT: Mini-Umzug, Express-Umzug, Möbeltransport, Klaviertransport, Beiladung, Rückfahrt und Plan B realistisch prüfen.",Spezialumzug anfragen,Direkte Antwort|Leistungsumfang|benötigte Angaben|Aufwandstreiber|Ablauf|FAQ|verwandte Leistungen|nächster Schritt,interne Begriffe|fremde Standorte|nicht angebotene Leistungen|unbelegte Versprechen,,,7 sichtbare FAQ-Indikatoren,https://www.floxant.de/spezialumzug,index_follow,included,"Ein Spezialumzug ist selten nur klein oder dringend. FLOXANT prüft Route, Volumen, Zugang, Zeitfenster, Fotos und Grenzen, bevor aus der Anfrage ein realistischer Umzugs- oder Transportweg wird.","Welche Umzugs-Spezialleistung passt zum Fall?:KEEP|Mini-Umzug:KEEP|Express-Umzug:KEEP|Möbeltransport:KEEP|Rückfahrt und Beiladung:KEEP|Spezialumzug heisst: Route, Volumen und Risiko zuerst klären.:KEEP|Direkter Umzug oder Plan-B-Prüfung?:KEEP|Checkliste für Spezialumzug:KEEP|Was FLOXANT für eine serioese Einschätzung braucht.:KEEP|Was bei Spezialumzug nicht pauschal versprochen wird.:KEEP|Keine Sofortzusage ohne Route, Volumen, Zugang und Terminlage.:KEEP|Keine Festpreise ohne Fotos, Etagen, Laufweg, Haltezone und Zusatzleistungen.:KEEP|Keine riskanten Zusagen für Klavier, Tresor oder Spezialgut ohne genaue Daten.:KEEP|Keine erfundene Verfügbarkeit für Rückfahrt oder Beiladung.:KEEP|Welche Signature Services zu Spezialumzug passen.:KEEP|FLOXANT Fairpreis-Check:KEEP|FLOXANT Objektbrief:KEEP|FLOXANT Plan-B-Service:KEEP",,KEEP,
/spezial-entruempelung,de,Überregional,service,Entrümpelung,Entrümpelung verständlich erklären und zum passenden nächsten Schritt führen,"Umfang, Zugang, Zeitraum und Kontaktwunsch klären","Spezial-Entrümpelung für Keller, Nachlass und Lager respektvoll klären.","Spezial-Entrümpelung für Keller, Nachlass und Lager respektvoll klären.","Spezial-Entrümpelung | Keller, Nachlass, Übergabe | FLOXANT","Spezial-Entrümpelung | Keller, Nachlass, Übergabe | FLOXANT",Spezial-Entrümpelung,"Spezial-Entrümpelung mit FLOXANT: Keller, Garage, Dachboden, Lager, Nachlass, Wohnungsauflösung und Übergabe mit Fotos und Freigabe klären.",Spezial-Entrümpelung anfragen,Direkte Antwort|Leistungsumfang|benötigte Angaben|Aufwandstreiber|Ablauf|FAQ|verwandte Leistungen|nächster Schritt,interne Begriffe|fremde Standorte|nicht angebotene Leistungen|unbelegte Versprechen,,,7 sichtbare FAQ-Indikatoren,https://www.floxant.de/spezial-entruempelung,index_follow,included,"Spezial-Entrümpelung braucht Fotos, Freigabe, Zielzustand und ruhige Kommunikation. FLOXANT sortiert Räumung, Entsorgung, Reinigung, Übergabe und sensible Grenzen, bevor etwas zugesagt wird.","Welche Räumungs-Spezialleistung passt zum Fall?:KEEP|Kellerentruempelung:KEEP|Nachlassauflösung:KEEP|Lagerauflösung:KEEP|Entrümpelung vor Übergabe:KEEP|Spezial-Entrümpelung braucht Freigabe, Fotos und Zielzustand.:KEEP|Räumung, Auflösung oder Übergabe-Sprint?:KEEP|Checkliste für Spezial-Entrümpelung:KEEP|Was FLOXANT für eine serioese Einschätzung braucht.:KEEP|Was bei Spezial-Entrümpelung nicht pauschal versprochen wird.:KEEP|Keine Entsorgungszusage ohne Material, Menge, Zugang und Fotos.:KEEP|Keine Bewertung sensibler Wohn- oder Nachlasssituationen.:KEEP|Keine Festpreise ohne Freigabe, Umfang, Etage, Laufweg und Zielzustand.:KEEP|Keine Vermieter-, Rechts- oder Schadensberatung als Räumungsversprechen.:KEEP|Welche besonderen Leistungen zur Spezial-Entrümpelung passen.:KEEP|FLOXANT Fairpreis-Check:KEEP|FLOXANT Objektbrief:KEEP|FLOXANT Plan-B-Service:KEEP",,KEEP,
/qualitaet-ablauf,de,Überregional,service,Information und Anfrage,Information und Anfrage verständlich erklären und zum passenden nächsten Schritt führen,"Umfang, Zugang, Zeitraum und Kontaktwunsch klären","Erst sauber prüfen, dann stark umsetzen.","Erst sauber prüfen, dann stark umsetzen.",FLOXANT Qualität & Ablauf | direkt Vertrauen prüfen,FLOXANT Qualität & Ablauf | direkt Vertrauen prüfen,FLOXANT Qualität & Ablauf,"So arbeitet FLOXANT: Vorprüfung, Preisrahmen, Kommunikation, Arbeitsauftrag und Dokumente klar nachvollziehen. Fotos, Termin, Umfang und Preisrahmen direkt senden und Machbarkeit prüfen lassen.","Privat Wohnung, Haus oder Übergabe Für Umzug, Endreinigung, Restmengen, Keller, Möbel und eine saubere Schlüsselübergabe. Kombiservice prüfen",Direkte Antwort|Leistungsumfang|benötigte Angaben|Aufwandstreiber|Ablauf|FAQ|verwandte Leistungen|nächster Schritt,interne Begriffe|fremde Standorte|nicht angebotene Leistungen|unbelegte Versprechen,,,5 sichtbare FAQ-Indikatoren,https://www.floxant.de/qualitaet-ablauf,index_follow,included,"FLOXANT arbeitet nicht mit harten Schnellversprechen, sondern prüft zuerst die wichtigsten Eckdaten. So werden Umzug, Reinigung, Entrümpelung, Büroumzug und Zusatzleistungen für Regensburg und Bayern realistischer, klarer und besser planbar.","Saubere Vorprüfung:KEEP|Ehrlicher Preisrahmen:KEEP|Klare Kommunikation:KEEP|Übergabe und Abschluss:KEEP|Der Prozess macht die Leistung verständlich.:KEEP|Qualität ist kein einzelner Button, sondern die Struktur dahinter.:KEEP|Starten Sie dort, wo Ihr Fall gerade steht.:KEEP|Wohnung, Haus oder Übergabe:KEEP|Büro, Inventar oder Standort:KEEP|Erst Preisrahmen verstehen:KEEP|Leer-Rückfahrt oder Beiladung:KEEP|Häufige Fragen zu Qualität und Ablauf:KEEP|Was bedeutet Qualität bei FLOXANT konkret?:KEEP|Warum beginnt FLOXANT mit einer Vorprüfung?:KEEP|Welche Rolle spielt der Rechner im Qualitätsprozess?:KEEP|Wie bleibt der Ablauf für Kunden transparent?:KEEP|Gilt der Qualitätsprozess auch für Firmen und Private Client?:KEEP",,KEEP,
/praxisfaelle,de,Überregional,service,Information und Anfrage,Information und Anfrage verständlich erklären und zum passenden nächsten Schritt führen,"Umfang, Zugang, Zeitraum und Kontaktwunsch klären","Typische Fälle, in denen FLOXANT besonders sinnvoll wird.","Typische Fälle, in denen FLOXANT besonders sinnvoll wird.",FLOXANT Praxisfälle | passenden Service finden,FLOXANT Praxisfälle | passenden Service finden,FLOXANT Praxisfälle,"Typische Fälle vergleichen: Umzug mit Reinigung, Büroumzug, Entrümpelung, Firmenentsorgung und Leer-Rückfahrt richtig wählen. Fotos, Termin, Umfang und Preisrahmen direkt senden und Machbarkeit prüfen lassen.",Passenden Weg im Rechner prüfen,Direkte Antwort|Leistungsumfang|benötigte Angaben|Aufwandstreiber|Ablauf|FAQ|verwandte Leistungen|nächster Schritt,interne Begriffe|fremde Standorte|nicht angebotene Leistungen|unbelegte Versprechen,,,4 sichtbare FAQ-Indikatoren,https://www.floxant.de/praxisfaelle,index_follow,included,"Diese Seite zeigt keine erfundenen Bewertungen und keine erfundenen Referenzen. Sie erklärt typische Situationen, in denen Kunden Umzug, Reinigung, Entrümpelung, Büroumzug, Firmenentsorgung oder Leer-Rückfahrt sauber einordnen müssen.","Wohnung wechseln und sauber übergeben:KEEP|Büro verlagern und Inventar sortieren:KEEP|Räume freibekommen und Mengen entsorgen:KEEP|Leere Rückfahrt sinnvoll nutzen:KEEP|Starten Sie dort, wo Ihr Fall gerade steht.:KEEP|Wohnung, Haus oder Übergabe:KEEP|Büro, Inventar oder Standort:KEEP|Erst Preisrahmen verstehen:KEEP|Leer-Rückfahrt oder Beiladung:KEEP|Häufige Fragen zu FLOXANT Praxisfällen:KEEP|Sind diese Praxisfälle echte Kundenreferenzen?:KEEP|Warum sind Praxisfälle für Kunden hilfreich?:KEEP|Wie helfen Praxisfälle bei der Preisvorstellung?:KEEP|Welche Region steht im Mittelpunkt?:KEEP",,KEEP,
/kostenfaktoren,de,Überregional,service,Information und Anfrage,Information und Anfrage verständlich erklären und zum passenden nächsten Schritt führen,"Umfang, Zugang, Zeitraum und Kontaktwunsch klären",Welche Faktoren den FLOXANT Preisrahmen wirklich beeinflussen.,Welche Faktoren den FLOXANT Preisrahmen wirklich beeinflussen.,Umzug Kostenfaktoren | Preisrahmen realistisch verstehen,Umzug Kostenfaktoren | Preisrahmen realistisch verstehen,Umzug Kostenfaktoren,"Warum ein Auftrag mehr oder weniger kostet: Volumen, Fläche, Zugang, Strecke, Termin und Extras vor der Anfrage verstehen. Fotos, Termin, Umfang und Preisrahmen direkt senden und Machbarkeit prüfen lassen.",,Direkte Antwort|Leistungsumfang|benötigte Angaben|Aufwandstreiber|Ablauf|FAQ|verwandte Leistungen|nächster Schritt,interne Begriffe|fremde Standorte|nicht angebotene Leistungen|unbelegte Versprechen,,,5 sichtbare FAQ-Indikatoren,https://www.floxant.de/kostenfaktoren,index_follow,included,"Diese Seite erklärt, warum FLOXANT zuerst mit einem unverbindlichen Orientierungsrahmen arbeitet. Je nach Service zählen andere Faktoren: Volumen, Fläche, Zugang, Zustand, Terminlage, Laufwege und Zusatzleistungen.","Warum FLOXANT mit Preisrahmen statt Scheingenauigkeit arbeitet.:KEEP|Preisrahmen werden besser, wenn die Daten besser werden.:KEEP|Häufige Fragen zu Kostenfaktoren und Preisrahmen:KEEP|Warum nennt FLOXANT keine harten Online-Endpreise?:KEEP|Was ist ein unverbindlicher Orientierungsrahmen?:KEEP|Welche Angaben verbessern die Einschätzung am meisten?:KEEP|Wie wird die Preisvorstellung des Kunden behandelt?:KEEP|Warum unterscheiden sich Umzug, Reinigung und Entrümpelung so stark?:KEEP",,KEEP,
/24h-umzug-bayern,de,Überregional,service,Umzug,Umzug verständlich erklären und zum passenden nächsten Schritt führen,"Umfang, Zugang, Zeitraum und Kontaktwunsch klären",Umzug in Bayern,Umzug in Bayern,Kurzfristigen Umzug in Bayern prüfen,Kurzfristigen Umzug in Bayern prüfen,Kurzfristigen Umzug in Bayern prüfen,"Kurzfristiger Umzug in Bayern? Region, Umfang, Zugang und Terminfenster senden. FLOXANT prüft die Machbarkeit. Fotos, Termin, Umfang und Preisrahmen direkt senden und Machbarkeit prüfen lassen.",Umzug in Bayern anfragen,Direkte Antwort|Leistungsumfang|benötigte Angaben|Aufwandstreiber|Ablauf|FAQ|verwandte Leistungen|nächster Schritt,interne Begriffe|fremde Standorte|nicht angebotene Leistungen|unbelegte Versprechen,,,14 sichtbare FAQ-Indikatoren,https://www.floxant.de/24h-umzug-bayern,index_follow,included,"Erst sauber einordnen, dann passend anfragen. So wird aus einem Klick ein ruhiger nächster Schritt mit klaren Angaben.","Umzug in Bayern: erst klären, dann passend anfragen.:KEEP|Kurz zeigen:KEEP|Praktisch prüfen:KEEP|Sauber entscheiden:KEEP|Umzug in Bayern: mit wenigen Angaben sinnvoll starten:KEEP|Anliegen kurz schildern:KEEP|Aus welchem Anlass?:KEEP|Ort, Zugang und Fotos:KEEP|Budget oder Angebot:KEEP|Leistung einordnen:KEEP|Nächste Wege:KEEP|Angebot prüfen:KEEP|FAQ:KEEP|Anfrage starten:KEEP|Wie unterscheidet sich der Service vom Standardfall?:KEEP|Ihr Budget kann direkt mitgedacht werden:KEEP|Umzug in Bayern mit echter Ortslogik:KEEP|Parken und Laufwege:KEEP",,KEEP,
/familienumzug-bayern,de,Überregional,service,Umzug,Umzug verständlich erklären und zum passenden nächsten Schritt führen,"Umfang, Zugang, Zeitraum und Kontaktwunsch klären",Familienumzug,Familienumzug,Familienumzug Bayern | FLOXANT,Familienumzug Bayern | FLOXANT,Familienumzug Bayern,"Stressfreier Familienumzug in Bayern. Fotos, Termin, Umfang und Preisrahmen direkt senden und Machbarkeit prüfen lassen.",Familienumzug anfragen,Direkte Antwort|Leistungsumfang|benötigte Angaben|Aufwandstreiber|Ablauf|FAQ|verwandte Leistungen|nächster Schritt,interne Begriffe|fremde Standorte|nicht angebotene Leistungen|unbelegte Versprechen,,,14 sichtbare FAQ-Indikatoren,https://www.floxant.de/familienumzug-bayern,index_follow,included,"Mit Kindern umziehen? Wir organisieren alles, damit Sie Zeit für Ihre Familie haben.","Umzug in Bayern: erst klären, dann passend anfragen.:KEEP|Kurz zeigen:KEEP|Praktisch prüfen:KEEP|Sauber entscheiden:KEEP|Umzug in Bayern: mit wenigen Angaben sinnvoll starten:KEEP|Anliegen kurz schildern:KEEP|Aus welchem Anlass?:KEEP|Ort, Zugang und Fotos:KEEP|Budget oder Angebot:KEEP|Leistung einordnen:KEEP|Nächste Wege:KEEP|Angebot prüfen:KEEP|FAQ:KEEP|Anfrage starten:KEEP|Einpacken:KEEP|Transport:KEEP|Wie unterscheidet sich der Service vom Standardfall?:KEEP|Ihr Budget kann direkt mitgedacht werden:KEEP",,KEEP,
/kurzfristiger-umzug-bayern,de,Überregional,service,Umzug,Umzug verständlich erklären und zum passenden nächsten Schritt führen,"Umfang, Zugang, Zeitraum und Kontaktwunsch klären",Kurzfristiger Umzug in Bayern,Kurzfristiger Umzug in Bayern,Kurzfristiger Umzug Bayern | Schnell & Flexibel | FLOXANT,Kurzfristiger Umzug Bayern | Schnell & Flexibel | FLOXANT,Kurzfristiger Umzug Bayern,"Kurzfristiger Umzug in Bayern – auch mit knappem Wunschtermin. regensburg, Nürnberg, München. Professionell & versichert. Jetzt anfragen! Anfrage online vorbereiten oder bequem per WhatsApp / Telefon anfragen: +49 1577...",,Direkte Antwort|Leistungsumfang|benötigte Angaben|Aufwandstreiber|Ablauf|FAQ|verwandte Leistungen|nächster Schritt,interne Begriffe|fremde Standorte|nicht angebotene Leistungen|unbelegte Versprechen,,,keine sichtbare FAQ erkannt,https://www.floxant.de/kurzfristiger-umzug-bayern,index_follow,included,"Manchmal bleibt keine Zeit für wochenlange Planung. FLOXANT organisiert Ihren kurzfristigen Umzug in ganz Bayern – sauber abgesprochen, versichert und auch unter Zeitdruck mit einem klaren Ablauf.",Schnell umziehen – ohne Qualitätsverlust:KEEP|Schnelle Reaktion:KEEP|Flexible Zeiten:KEEP|Gleiche Qualität:KEEP|Verwandte Leistungen:KEEP|Kurzfristigen Umzug anfragen:KEEP,,KEEP,
/notfall-umzug-bayern,de,Überregional,service,Umzug,Umzug verständlich erklären und zum passenden nächsten Schritt führen,"Umfang, Zugang, Zeitraum und Kontaktwunsch klären",Notfall-Umzug in Bayern,Notfall-Umzug in Bayern,Notfall-Umzug Bayern | Sofort-Hilfe | FLOXANT,Notfall-Umzug Bayern | Sofort-Hilfe | FLOXANT,Notfall-Umzug Bayern,"Notfall-Umzug in Bayern bei Wasserschaden, Brand, Räumungsklage oder familiären Notfällen. FLOXANT – sofortige Hilfe, mit Wunschtermin anfragen. regensburg, Nürnberg, München. Anfrage online vorbereiten oder bequem per...",Kurzfristigen Umzug anfragen,Direkte Antwort|Leistungsumfang|benötigte Angaben|Aufwandstreiber|Ablauf|FAQ|verwandte Leistungen|nächster Schritt,interne Begriffe|fremde Standorte|nicht angebotene Leistungen|unbelegte Versprechen,,,keine sichtbare FAQ erkannt,https://www.floxant.de/notfall-umzug-bayern,index_follow,included,"Wasserschaden, Brand, Räumungsklage oder familiäre Krise – wenn ein sofortiger Umzug nötig ist, steht FLOXANT bereit. Schnell erreichbar, diskret und mit einem klaren nächsten Schritt.",Wenn jede Stunde zählt:KEEP|Notfall-Szenarien & Unterstützung:KEEP|Wasserschaden / Brand:KEEP|Räumungsklage:KEEP|Familiäre Notfälle:KEEP|Akute Wohnungsprobleme:KEEP|Verwandte Leistungen:KEEP|Notfall-Umzug anfragen:KEEP,,KEEP,
/umzugskosten-bayern,de,Überregional,service,Umzug,Umzug verständlich erklären und zum passenden nächsten Schritt führen,"Umfang, Zugang, Zeitraum und Kontaktwunsch klären",Umzugskosten in Bayern,Umzugskosten in Bayern,Umzugskosten Bayern | Preisrahmen & Faktoren | FLOXANT,Umzugskosten Bayern | Preisrahmen & Faktoren | FLOXANT,Umzugskosten Bayern,"Was kostet ein Umzug in Bayern? Preisübersicht für regensburg, Nürnberg, München. Transparente konkrete Angebote ohne versteckte Kosten. Jetzt Angebot anfordern! Anfrage online vorbereiten oder bequem per WhatsApp /...",,Direkte Antwort|Leistungsumfang|benötigte Angaben|Aufwandstreiber|Ablauf|FAQ|verwandte Leistungen|nächster Schritt,interne Begriffe|fremde Standorte|nicht angebotene Leistungen|unbelegte Versprechen,,,4 sichtbare FAQ-Indikatoren,https://www.floxant.de/umzugskosten-bayern,index_follow,included,"Nachvollziehbare Preisrahmen statt böser Überraschungen. FLOXANT kalkuliert fair, transparent und auf Basis Ihrer konkreten Angaben.",Was kostet ein Umzug in Bayern?:KEEP|Angaben für eine belastbare Einschätzung:KEEP|Häufige Fragen zu Umzugskosten:KEEP|Was kostet ein Umzug in Bayern?:KEEP|Gibt es versteckte Kosten bei FLOXANT?:KEEP|Wie bekomme ich ein Angebot?:KEEP|Verwandte Themen:KEEP|Unverbindliche Anfrage starten:KEEP,,KEEP,
/leerfahrt-rueckfahrt,de,Überregional,service,Information und Anfrage,Information und Anfrage verständlich erklären und zum passenden nächsten Schritt führen,"Umfang, Zugang, Zeitraum und Kontaktwunsch klären",Leer-Rückfahrt Richtung Regensburg fair und flexibel nutzen,Leer-Rückfahrt Richtung Regensburg fair und flexibel nutzen,Leerfahrt & Rückfahrt anfragen | FLOXANT,Leerfahrt & Rückfahrt anfragen | FLOXANT,Leerfahrt & Rückfahrt anfragen,"Leerfahrt oder Rückfahrt für Transport und Umzug anfragen: Strecke, Datum, Umfang und Flexibilität nennen. FLOXANT prüft Verfügbarkeit.",Strecke anfragen,Direkte Antwort|Leistungsumfang|benötigte Angaben|Aufwandstreiber|Ablauf|FAQ|verwandte Leistungen|nächster Schritt,interne Begriffe|fremde Standorte|nicht angebotene Leistungen|unbelegte Versprechen,,,11 sichtbare FAQ-Indikatoren,https://www.floxant.de/leerfahrt-rueckfahrt,index_follow,included,"FLOXANT fährt nach Aufträgen regelmäßig Richtung Regensburg zurück. Wenn dabei freie Fahrzeugkapazität vorhanden ist, können Privatkunden, Firmen und größere Büros Möbel, Büroinventar, Kartons, Paletten, Einzelstücke oder Teilmengen mitnehmen lassen.","Für wen lohnt sich das?:KEEP|Wann ist es nicht passend?:KEEP|Warum FLOXANT?:KEEP|Wann eine Leer-Rückfahrt wirklich Sinn ergibt:KEEP|Route passt:KEEP|Termin bleibt flexibel:KEEP|Umfang ist klar:KEEP|Zugang ist machbar:KEEP|Leerfahrt und Rückfahrt funktionieren nur mit klaren Eckdaten:KEEP|Leerfahrt / Rückfahrt nach Verfügbarkeit:KEEP|Foto-basierte Schnellprüfung:KEEP|Budget- und Preisrahmen-Prüfung:KEEP|Kurzfristige Anfrage nach Verfügbarkeit:KEEP|Warum Leerfahrt nur mit Strecke, Datum und Umfang funktioniert:KEEP|Rückfahrt nur, wenn Route und Termin passen:KEEP|Fotos machen Angebote realistischer:KEEP|Preisrahmen nennen, ohne Druck:KEEP|Transport braucht Strecke, Zugang und Umfang:KEEP",,KEEP,
/ratgeber,de,Überregional,guide,Ratgeber,Ratgeber verständlich erklären und zum passenden nächsten Schritt führen,"Umfang, Zugang, Zeitraum und Kontaktwunsch klären","Checklisten, Kostenwissen und klare Antworten für Umzug und Serviceplanung","Checklisten, Kostenwissen und klare Antworten für Umzug und Serviceplanung",Ratgeber Umzug & Reinigung | FLOXANT Regensburg,Ratgeber Umzug & Reinigung | FLOXANT Regensburg,Ratgeber Umzug & Reinigung,"Checklisten, Kostenfaktoren und klare Entscheidungshilfen für Umzug, Reinigung, Entrümpelung, Leerfahrt und Wohnungsauflösung. Fotos, Termin, Umfang und Preisrahmen direkt senden und Machbarkeit prüfen lassen.",,Direkte Antwort|Leistungsumfang|benötigte Angaben|Aufwandstreiber|Ablauf|FAQ|verwandte Leistungen|nächster Schritt,interne Begriffe|fremde Standorte|nicht angebotene Leistungen|unbelegte Versprechen,,,3 sichtbare FAQ-Indikatoren,https://www.floxant.de/ratgeber,index_follow,included,"Der FLOXANT Ratgeber sammelt die stärksten Hilfen für Umzug, Reinigung und Entrümpelung in Regensburg und Bayern. Statt Fuelltext finden Sie hier direkt nutzbare Anleitungen, Preislogik und praktische Tipps.",Praxisnah statt generisch:KEEP|Regensburg und Bayern im Fokus:KEEP|Direkte Kontaktwege:KEEP|Umzug Kosten regensburg 2026:KEEP|Checkliste für stressfreien Umzug:KEEP|Wie findet man eine gute Umzugsfirma?:KEEP|Entrümpelung Kosten pro m³ erklärt:KEEP|Umzug vorbereiten in 7 Schritten:KEEP|Wann lohnt sich eine Umzugsfirma?:KEEP|Möbeltransport sicher organisieren:KEEP|Umzug Tipps für Familien:KEEP|Reinigung nach Umzug: Tipps vom Profi:KEEP|Umzug Kosten Rechner Erklärung:KEEP|Umzug anmelden & ummelden:KEEP|Umzug Versicherung: Was ist wichtig?:KEEP|Wohnungsauflösung: Tipps und Kosten:KEEP|Umzug im Winter: Vor- und Nachteile:KEEP|Erste Wohnung: Umzug richtig planen:KEEP,,KEEP,
/ratgeber/umzug-kosten-regensburg,de,Regensburg,guide,Umzug,Umzug in Regensburg verständlich erklären und zum passenden nächsten Schritt führen,"Umfang, Zugang, Zeitraum und Kontaktwunsch klären",Was kostet ein Umzug in Regensburg?,Was kostet ein Umzug in Regensburg?,Umzugsunternehmen ✓ Angebot nach Prüfung ✓ Versichert | FLOXANT,Umzugsunternehmen ✓ Angebot nach Prüfung ✓ Versichert | FLOXANT,Umzugsunternehmen ✓ Angebot nach Prüfung ✓ Versichert,"Professionelles Umzugsunternehmen. Umzug, Entrümpelung und Reinigung zum Angebot nach Prüfung. Jetzt Angebot anfragen. Regensburg-Service nach Leistung, Objektart, Fläche, Umfang, Zeitfenster, Zugang und Fotos prüfen...",,Direkte Antwort|Leistungsumfang|benötigte Angaben|Aufwandstreiber|Ablauf|FAQ|verwandte Leistungen|nächster Schritt,interne Begriffe|fremde Standorte|nicht angebotene Leistungen|unbelegte Versprechen,,,2 sichtbare FAQ-Indikatoren,https://www.floxant.de/ratgeber/umzug-kosten-regensburg,index_follow,included,"Die Kosten für einen Umzug in Regensburg hängen von verschiedenen Faktoren ab: Wohnungsgröße, Entfernung, Etage und gewünschtem Serviceumfang. In diesem Guide erfahren Sie, mit welchen Preisen Sie 2026 rechnen können.","Wovon die Umzugskosten in Regensburg abhängen:KEEP|Faktoren, die den Preis beeinflussen:KEEP|Spartipps für Ihren Umzug:KEEP|Häufig gestellte Fragen:KEEP|Wie wird der Preis für einen Umzug in Regensburg ermittelt?:KEEP|Gibt es verbindliche Angebote?:KEEP",,KEEP,
/ratgeber/checkliste-umzug,de,Überregional,guide,Umzug,Umzug verständlich erklären und zum passenden nächsten Schritt führen,"Umfang, Zugang, Zeitraum und Kontaktwunsch klären",Checkliste für einen gut vorbereiteten Umzug,Checkliste für einen gut vorbereiteten Umzug,Umzugsunternehmen ✓ Angebot nach Prüfung ✓ Versichert | FLOXANT,Umzugsunternehmen ✓ Angebot nach Prüfung ✓ Versichert | FLOXANT,Umzugsunternehmen ✓ Angebot nach Prüfung ✓ Versichert,"Professionelles Umzugsunternehmen. Umzug, Entrümpelung und Reinigung zum Angebot nach Prüfung. Jetzt Angebot anfragen. Fotos, Termin, Umfang und Preisrahmen direkt senden und Machbarkeit prüfen lassen.",,Direkte Antwort|Leistungsumfang|benötigte Angaben|Aufwandstreiber|Ablauf|FAQ|verwandte Leistungen|nächster Schritt,interne Begriffe|fremde Standorte|nicht angebotene Leistungen|unbelegte Versprechen,,,2 sichtbare FAQ-Indikatoren,https://www.floxant.de/ratgeber/checkliste-umzug,index_follow,included,Ein Umzug erfordert vorausschauende Planung. Mit unserer Checkliste behalten Sie den Überblick über alle wichtigen Aufgaben – von der Kündigung bis zum Einleben.,8 Wochen vorher:KEEP|4 Wochen vorher:KEEP|Am Umzugstag:KEEP|Häufig gestellte Fragen:KEEP|Wann sollte man mit der Umzugsplanung beginnen?:KEEP|Was vergisst man beim Umzug am häufigsten?:KEEP,,KEEP,
/ratgeber/gute-umzugsfirma-finden,de,Überregional,guide,Umzug,Umzug verständlich erklären und zum passenden nächsten Schritt führen,"Umfang, Zugang, Zeitraum und Kontaktwunsch klären",Wie findet man eine gute Umzugsfirma?,Wie findet man eine gute Umzugsfirma?,Umzugsunternehmen ✓ Angebot nach Prüfung ✓ Versichert | FLOXANT,Umzugsunternehmen ✓ Angebot nach Prüfung ✓ Versichert | FLOXANT,Umzugsunternehmen ✓ Angebot nach Prüfung ✓ Versichert,"Professionelles Umzugsunternehmen. Umzug, Entrümpelung und Reinigung zum Angebot nach Prüfung. Jetzt Angebot anfragen. Fotos, Termin, Umfang und Preisrahmen direkt senden und Machbarkeit prüfen lassen.",,Direkte Antwort|Leistungsumfang|benötigte Angaben|Aufwandstreiber|Ablauf|FAQ|verwandte Leistungen|nächster Schritt,interne Begriffe|fremde Standorte|nicht angebotene Leistungen|unbelegte Versprechen,,,2 sichtbare FAQ-Indikatoren,https://www.floxant.de/ratgeber/gute-umzugsfirma-finden,index_follow,included,"Die Wahl der richtigen Umzugsfirma entscheidet über Erfolg oder Frust am Umzugstag. Erfahren Sie, welche Kriterien wirklich zählen.",Transparente Preisgestaltung:KEEP|Versicherungsschutz prüfen:KEEP|Erfahrung und Bewertungen:KEEP|Häufig gestellte Fragen:KEEP|Woran erkenne ich eine seriöse Umzugsfirma?:KEEP|Wie viele Angebote sollte man einholen?:KEEP,,KEEP,
/ratgeber/entruempelung-kosten-pro-m3,de,Überregional,guide,Entrümpelung,Entrümpelung verständlich erklären und zum passenden nächsten Schritt führen,"Umfang, Zugang, Zeitraum und Kontaktwunsch klären",Entrümpelung Kosten pro m³ erklärt,Entrümpelung Kosten pro m³ erklärt,Umzugsunternehmen ✓ Angebot nach Prüfung ✓ Versichert | FLOXANT,Umzugsunternehmen ✓ Angebot nach Prüfung ✓ Versichert | FLOXANT,Umzugsunternehmen ✓ Angebot nach Prüfung ✓ Versichert,"Professionelles Umzugsunternehmen. Umzug, Entrümpelung und Reinigung zum Angebot nach Prüfung. Jetzt Angebot anfragen. Fotos, Termin, Umfang und Preisrahmen direkt senden und Machbarkeit prüfen lassen.",,Direkte Antwort|Leistungsumfang|benötigte Angaben|Aufwandstreiber|Ablauf|FAQ|verwandte Leistungen|nächster Schritt,interne Begriffe|fremde Standorte|nicht angebotene Leistungen|unbelegte Versprechen,,,3 sichtbare FAQ-Indikatoren,https://www.floxant.de/ratgeber/entruempelung-kosten-pro-m3,index_follow,included,"Die Kosten einer Entrümpelung werden häufig pro Kubikmeter berechnet. Was das genau bedeutet und wie Sie sparen können, erklären wir hier.",Wovon die Kosten abhängen:KEEP|Was beeinflusst den Preis?:KEEP|Spartipps:KEEP|Häufig gestellte Fragen:KEEP|Wie wird der Preis für eine Entrümpelung ermittelt?:KEEP|Ist eine Entrümpelung auch kurzfristig möglich?:KEEP,,KEEP,
/ratgeber/umzug-vorbereiten-7-schritte,de,Überregional,guide,Umzug,Umzug verständlich erklären und zum passenden nächsten Schritt führen,"Umfang, Zugang, Zeitraum und Kontaktwunsch klären",Umzug vorbereiten in 7 Schritten,Umzug vorbereiten in 7 Schritten,Umzugsunternehmen ✓ Angebot nach Prüfung ✓ Versichert | FLOXANT,Umzugsunternehmen ✓ Angebot nach Prüfung ✓ Versichert | FLOXANT,Umzugsunternehmen ✓ Angebot nach Prüfung ✓ Versichert,"Professionelles Umzugsunternehmen. Umzug, Entrümpelung und Reinigung zum Angebot nach Prüfung. Jetzt Angebot anfragen. Fotos, Termin, Umfang und Preisrahmen direkt senden und Machbarkeit prüfen lassen.",,Direkte Antwort|Leistungsumfang|benötigte Angaben|Aufwandstreiber|Ablauf|FAQ|verwandte Leistungen|nächster Schritt,interne Begriffe|fremde Standorte|nicht angebotene Leistungen|unbelegte Versprechen,,,2 sichtbare FAQ-Indikatoren,https://www.floxant.de/ratgeber/umzug-vorbereiten-7-schritte,index_follow,included,Mit der richtigen Vorbereitung wird Ihr Umzug zum Kinderspiel. Hier sind die 7 wichtigsten Schritte.,Schritt 1–3: Planung & Organisation:KEEP|Schritt 4–5: Packen & Vorbereiten:KEEP|Schritt 6–7: Umzugstag & Nachbereitung:KEEP|Häufig gestellte Fragen:KEEP|Wie lange dauert ein Umzug?:KEEP|Was brauche ich zum Packen?:KEEP,,KEEP,
/ratgeber/wann-lohnt-sich-umzugsfirma,de,Überregional,guide,Umzug,Umzug verständlich erklären und zum passenden nächsten Schritt führen,"Umfang, Zugang, Zeitraum und Kontaktwunsch klären",Wann lohnt sich eine Umzugsfirma?,Wann lohnt sich eine Umzugsfirma?,Umzugsunternehmen ✓ Angebot nach Prüfung ✓ Versichert | FLOXANT,Umzugsunternehmen ✓ Angebot nach Prüfung ✓ Versichert | FLOXANT,Umzugsunternehmen ✓ Angebot nach Prüfung ✓ Versichert,"Professionelles Umzugsunternehmen. Umzug, Entrümpelung und Reinigung zum Angebot nach Prüfung. Jetzt Angebot anfragen. Fotos, Termin, Umfang und Preisrahmen direkt senden und Machbarkeit prüfen lassen.",,Direkte Antwort|Leistungsumfang|benötigte Angaben|Aufwandstreiber|Ablauf|FAQ|verwandte Leistungen|nächster Schritt,interne Begriffe|fremde Standorte|nicht angebotene Leistungen|unbelegte Versprechen,,,2 sichtbare FAQ-Indikatoren,https://www.floxant.de/ratgeber/wann-lohnt-sich-umzugsfirma,index_follow,included,Selber machen oder Hilfe beauftragen? Die Antwort hängt von mehreren Faktoren ab.,Zeitfaktor:KEEP|Schadensrisiko:KEEP|Fazit:KEEP|Häufig gestellte Fragen:KEEP|Ab welcher Wohnungsgröße lohnt sich eine Umzugsfirma?:KEEP|Kann ich einzelne Leistungen buchen?:KEEP,,KEEP,
/ratgeber/moebeltransport-sicher,de,Überregional,guide,Ratgeber,Ratgeber verständlich erklären und zum passenden nächsten Schritt führen,"Umfang, Zugang, Zeitraum und Kontaktwunsch klären",Möbeltransport sicher organisieren,Möbeltransport sicher organisieren,Umzugsunternehmen ✓ Angebot nach Prüfung ✓ Versichert | FLOXANT,Umzugsunternehmen ✓ Angebot nach Prüfung ✓ Versichert | FLOXANT,Umzugsunternehmen ✓ Angebot nach Prüfung ✓ Versichert,"Professionelles Umzugsunternehmen. Umzug, Entrümpelung und Reinigung zum Angebot nach Prüfung. Jetzt Angebot anfragen. Fotos, Termin, Umfang und Preisrahmen direkt senden und Machbarkeit prüfen lassen.",,Direkte Antwort|Leistungsumfang|benötigte Angaben|Aufwandstreiber|Ablauf|FAQ|verwandte Leistungen|nächster Schritt,interne Begriffe|fremde Standorte|nicht angebotene Leistungen|unbelegte Versprechen,,,2 sichtbare FAQ-Indikatoren,https://www.floxant.de/ratgeber/moebeltransport-sicher,index_follow,included,"Ihre Möbel sind wertvoll – emotional und finanziell. Erfahren Sie, wie der sichere Transport gelingt.",Richtig verpacken:KEEP|Sicherer Transport:KEEP|Versicherung:KEEP|Häufig gestellte Fragen:KEEP|Wie werden Möbel beim Umzug geschützt?:KEEP|Was passiert bei Transportschäden?:KEEP,,KEEP,
/ratgeber/umzug-tipps-familien,de,Überregional,guide,Umzug,Umzug verständlich erklären und zum passenden nächsten Schritt führen,"Umfang, Zugang, Zeitraum und Kontaktwunsch klären",Umzug Tipps für Familien,Umzug Tipps für Familien,Umzugsunternehmen ✓ Angebot nach Prüfung ✓ Versichert | FLOXANT,Umzugsunternehmen ✓ Angebot nach Prüfung ✓ Versichert | FLOXANT,Umzugsunternehmen ✓ Angebot nach Prüfung ✓ Versichert,"Professionelles Umzugsunternehmen. Umzug, Entrümpelung und Reinigung zum Angebot nach Prüfung. Jetzt Angebot anfragen. Fotos, Termin, Umfang und Preisrahmen direkt senden und Machbarkeit prüfen lassen.",,Direkte Antwort|Leistungsumfang|benötigte Angaben|Aufwandstreiber|Ablauf|FAQ|verwandte Leistungen|nächster Schritt,interne Begriffe|fremde Standorte|nicht angebotene Leistungen|unbelegte Versprechen,,,2 sichtbare FAQ-Indikatoren,https://www.floxant.de/ratgeber/umzug-tipps-familien,index_follow,included,Ein Umzug mit Kindern erfordert besondere Planung. So meistern Sie den Wohnungswechsel als Familie.,Kinder vorbereiten:KEEP|Am Umzugstag:KEEP|Einleben am neuen Ort:KEEP|Häufig gestellte Fragen:KEEP|Wie bereite ich Kinder auf den Umzug vor?:KEEP|Sollten Kinder am Umzugstag dabei sein?:KEEP,,KEEP,
/ratgeber/umzug-kosten-rechner,de,Überregional,guide,Umzug,Umzug verständlich erklären und zum passenden nächsten Schritt führen,"Umfang, Zugang, Zeitraum und Kontaktwunsch klären",Umzug Kosten Rechner: So funktioniert er,Umzug Kosten Rechner: So funktioniert er,Umzugsunternehmen ✓ Angebot nach Prüfung ✓ Versichert | FLOXANT,Umzugsunternehmen ✓ Angebot nach Prüfung ✓ Versichert | FLOXANT,Umzugsunternehmen ✓ Angebot nach Prüfung ✓ Versichert,"Professionelles Umzugsunternehmen. Umzug, Entrümpelung und Reinigung zum Angebot nach Prüfung. Jetzt Angebot anfragen. Fotos, Termin, Umfang und Preisrahmen direkt senden und Machbarkeit prüfen lassen.",,Direkte Antwort|Leistungsumfang|benötigte Angaben|Aufwandstreiber|Ablauf|FAQ|verwandte Leistungen|nächster Schritt,interne Begriffe|fremde Standorte|nicht angebotene Leistungen|unbelegte Versprechen,,,2 sichtbare FAQ-Indikatoren,https://www.floxant.de/ratgeber/umzug-kosten-rechner,index_follow,included,"Online-Kostenrechner geben eine erste Orientierung. Hier erfahren Sie, wie sie funktionieren und wo ihre Grenzen liegen.",Eingabefaktoren:KEEP|Grenzen von Online-Rechnern:KEEP|Unser Ansatz:KEEP|Häufig gestellte Fragen:KEEP|Sind Online-Umzugsrechner genau?:KEEP|Wie erhalte ich einen belastbaren Preis?:KEEP,,KEEP,
/ratgeber/umzug-anmelden-ummelden,de,Überregional,guide,Umzug,Umzug verständlich erklären und zum passenden nächsten Schritt führen,"Umfang, Zugang, Zeitraum und Kontaktwunsch klären",Umzug anmelden & ummelden: Alles Wichtige,Umzug anmelden & ummelden: Alles Wichtige,Umzugsunternehmen ✓ Angebot nach Prüfung ✓ Versichert | FLOXANT,Umzugsunternehmen ✓ Angebot nach Prüfung ✓ Versichert | FLOXANT,Umzugsunternehmen ✓ Angebot nach Prüfung ✓ Versichert,"Professionelles Umzugsunternehmen. Umzug, Entrümpelung und Reinigung zum Angebot nach Prüfung. Jetzt Angebot anfragen. Fotos, Termin, Umfang und Preisrahmen direkt senden und Machbarkeit prüfen lassen.",,Direkte Antwort|Leistungsumfang|benötigte Angaben|Aufwandstreiber|Ablauf|FAQ|verwandte Leistungen|nächster Schritt,interne Begriffe|fremde Standorte|nicht angebotene Leistungen|unbelegte Versprechen,,,2 sichtbare FAQ-Indikatoren,https://www.floxant.de/ratgeber/umzug-anmelden-ummelden,index_follow,included,Nach dem Umzug müssen Sie sich innerhalb von 14 Tagen ummelden. Hier finden Sie alle wichtigen Informationen.,Wohnsitz ummelden:KEEP|Weitere Ummeldungen:KEEP|Checkliste für Behördengänge:KEEP|Häufig gestellte Fragen:KEEP|Wie lange habe ich für die Ummeldung Zeit?:KEEP|Was brauche ich zur Ummeldung?:KEEP,,KEEP,
/ratgeber/umzug-versicherung,de,Überregional,guide,Umzug,Umzug verständlich erklären und zum passenden nächsten Schritt führen,"Umfang, Zugang, Zeitraum und Kontaktwunsch klären",Umzug Versicherung: Was Sie wissen müssen,Umzug Versicherung: Was Sie wissen müssen,Umzugsunternehmen ✓ Angebot nach Prüfung ✓ Versichert | FLOXANT,Umzugsunternehmen ✓ Angebot nach Prüfung ✓ Versichert | FLOXANT,Umzugsunternehmen ✓ Angebot nach Prüfung ✓ Versichert,"Professionelles Umzugsunternehmen. Umzug, Entrümpelung und Reinigung zum Angebot nach Prüfung. Jetzt Angebot anfragen. Fotos, Termin, Umfang und Preisrahmen direkt senden und Machbarkeit prüfen lassen.",,Direkte Antwort|Leistungsumfang|benötigte Angaben|Aufwandstreiber|Ablauf|FAQ|verwandte Leistungen|nächster Schritt,interne Begriffe|fremde Standorte|nicht angebotene Leistungen|unbelegte Versprechen,,,2 sichtbare FAQ-Indikatoren,https://www.floxant.de/ratgeber/umzug-versicherung,index_follow,included,Beim Umzug kann trotz aller Vorsicht etwas kaputt gehen. Welche Versicherungen schützen Sie?,Gesetzliche Haftung der Umzugsfirma:KEEP|Allgefahrenversicherung:KEEP|FLOXANT Versicherung:KEEP|Häufig gestellte Fragen:KEEP|Bin ich beim Umzug versichert?:KEEP|Was kostet eine Umzugsversicherung?:KEEP,,KEEP,
/ratgeber/wohnungsaufloesung-tipps,de,Überregional,guide,Wohnungsauflösung,Wohnungsauflösung verständlich erklären und zum passenden nächsten Schritt führen,"Umfang, Zugang, Zeitraum und Kontaktwunsch klären",Wohnungsauflösung: Tipps und Kosten,Wohnungsauflösung: Tipps und Kosten,Umzugsunternehmen ✓ Angebot nach Prüfung ✓ Versichert | FLOXANT,Umzugsunternehmen ✓ Angebot nach Prüfung ✓ Versichert | FLOXANT,Umzugsunternehmen ✓ Angebot nach Prüfung ✓ Versichert,"Professionelles Umzugsunternehmen. Umzug, Entrümpelung und Reinigung zum Angebot nach Prüfung. Jetzt Angebot anfragen. Fotos, Termin, Umfang und Preisrahmen direkt senden und Machbarkeit prüfen lassen.",,Direkte Antwort|Leistungsumfang|benötigte Angaben|Aufwandstreiber|Ablauf|FAQ|verwandte Leistungen|nächster Schritt,interne Begriffe|fremde Standorte|nicht angebotene Leistungen|unbelegte Versprechen,,,3 sichtbare FAQ-Indikatoren,https://www.floxant.de/ratgeber/wohnungsaufloesung-tipps,index_follow,included,"Eine Wohnungsauflösung ist oft emotional und logistisch anspruchsvoll. Hier erfahren Sie, wie der Ablauf funktioniert.",Wann braucht man eine Wohnungsauflösung?:KEEP|Kosten und Ablauf:KEEP|Emotionale Begleitung:KEEP|Häufig gestellte Fragen:KEEP|Wie lange dauert eine Wohnungsauflösung?:KEEP|Was passiert mit verwertbaren Gegenständen?:KEEP,,KEEP,
/ratgeber/umzug-im-winter,de,Überregional,guide,Umzug,Umzug verständlich erklären und zum passenden nächsten Schritt führen,"Umfang, Zugang, Zeitraum und Kontaktwunsch klären",Umzug im Winter: Vor- und Nachteile,Umzug im Winter: Vor- und Nachteile,Umzugsunternehmen ✓ Angebot nach Prüfung ✓ Versichert | FLOXANT,Umzugsunternehmen ✓ Angebot nach Prüfung ✓ Versichert | FLOXANT,Umzugsunternehmen ✓ Angebot nach Prüfung ✓ Versichert,"Professionelles Umzugsunternehmen. Umzug, Entrümpelung und Reinigung zum Angebot nach Prüfung. Jetzt Angebot anfragen. Fotos, Termin, Umfang und Preisrahmen direkt senden und Machbarkeit prüfen lassen.",,Direkte Antwort|Leistungsumfang|benötigte Angaben|Aufwandstreiber|Ablauf|FAQ|verwandte Leistungen|nächster Schritt,interne Begriffe|fremde Standorte|nicht angebotene Leistungen|unbelegte Versprechen,,,2 sichtbare FAQ-Indikatoren,https://www.floxant.de/ratgeber/umzug-im-winter,index_follow,included,"Winterumzüge haben Vor- und Nachteile. Hier erfahren Sie, worauf Sie achten müssen.",Vorteile:KEEP|Nachteile:KEEP|Tipps für den Winterumzug:KEEP|Häufig gestellte Fragen:KEEP|Ist ein Winterumzug günstiger?:KEEP|Welche Risiken gibt es?:KEEP,,KEEP,
/ratgeber/umzug-erste-wohnung,de,Überregional,guide,Umzug,Umzug verständlich erklären und zum passenden nächsten Schritt führen,"Umfang, Zugang, Zeitraum und Kontaktwunsch klären",Erste Wohnung: Umzug richtig planen,Erste Wohnung: Umzug richtig planen,Umzugsunternehmen ✓ Angebot nach Prüfung ✓ Versichert | FLOXANT,Umzugsunternehmen ✓ Angebot nach Prüfung ✓ Versichert | FLOXANT,Umzugsunternehmen ✓ Angebot nach Prüfung ✓ Versichert,"Professionelles Umzugsunternehmen. Umzug, Entrümpelung und Reinigung zum Angebot nach Prüfung. Jetzt Angebot anfragen. Fotos, Termin, Umfang und Preisrahmen direkt senden und Machbarkeit prüfen lassen.",,Direkte Antwort|Leistungsumfang|benötigte Angaben|Aufwandstreiber|Ablauf|FAQ|verwandte Leistungen|nächster Schritt,interne Begriffe|fremde Standorte|nicht angebotene Leistungen|unbelegte Versprechen,,,3 sichtbare FAQ-Indikatoren,https://www.floxant.de/ratgeber/umzug-erste-wohnung,index_follow,included,Der Einzug in die erste eigene Wohnung ist aufregend. Mit diesen Tipps starten Sie entspannt.,Budget planen:KEEP|Was brauche ich wirklich?:KEEP|Kleinen Privatumzug realistisch planen:KEEP|Häufig gestellte Fragen:KEEP|Was kostet ein kleiner Umzug?:KEEP|Brauche ich eine Umzugsfirma für ein WG-Zimmer?:KEEP,,KEEP,
/blog,de,Überregional,guide,Ratgeber,Ratgeber verständlich erklären und zum passenden nächsten Schritt führen,"Umfang, Zugang, Zeitraum und Kontaktwunsch klären","Leitfäden für Services, Preisrahmen und klare Entscheidungen","Leitfäden für Services, Preisrahmen und klare Entscheidungen","FLOXANT Ratgeber | Umzug, Reinigung & Preise","FLOXANT Ratgeber | Umzug, Reinigung & Preise",FLOXANT Ratgeber,"Praxisnahe Hilfe zu Umzug, Reinigung, Entrümpelung, Beiladung, Preisvorstellung und Serviceplanung in Düsseldorf und Regensburg. Fotos, Termin, Umfang und Preisrahmen direkt senden und Machbarkeit prüfen lassen.","Schnellstart FAQ Häufige Fragen direkt vor Rechner, Buchung oder Kontakt schneller klären.",Direkte Antwort|Leistungsumfang|benötigte Angaben|Aufwandstreiber|Ablauf|FAQ|verwandte Leistungen|nächster Schritt,interne Begriffe|fremde Standorte|nicht angebotene Leistungen|unbelegte Versprechen,,,37 sichtbare FAQ-Indikatoren,https://www.floxant.de/blog,index_follow,included,"Hier erklären wir Umzug, Reinigung, Entrümpelung, Gewerbereinigung, Preisvorstellung, Buchung und Zusatzleistungen so, dass echte Kunden schnell verstehen, was sinnvoll ist und welcher nächste Schritt wirklich passt.","Empfohlene Artikel:KEEP|Service nach Situation:KEEP|Nicht vor Ort:KEEP|Regensburg Reinigung:KEEP|Regionale Antworten:KEEP|Alle Beiträge:KEEP|Immobilienbetreuung:KEEP|FAQ:KEEP|Umzug:KEEP|Gewerbereinigung:KEEP|Immobilienbetreuung:KEEP|Objektvertretung:KEEP|Vor-Ort-Prüfung:KEEP|Private Client:KEEP|Buchung:KEEP|Angebote prüfen:KEEP|Standorte:KEEP|Beiträge für Regensburg, Google Maps und direkte Einordnung:KEEP",,KEEP,
/blog/wohnungsuebergabe-komplettpaket,de,Überregional,guide,Ratgeber,Ratgeber verständlich erklären und zum passenden nächsten Schritt führen,"Umfang, Zugang, Zeitraum und Kontaktwunsch klären","Wohnungsübergabe-Komplettpaket: Wenn Umzug, Reinigung und Schlüssel zusammenpassen müssen","Wohnungsübergabe-Komplettpaket: Wenn Umzug, Reinigung und Schlüssel zusammenpassen müssen",Wohnungsübergabe-Komplettpaket | FLOXANT Regensburg & Bayern,Wohnungsübergabe-Komplettpaket | FLOXANT Regensburg & Bayern,Wohnungsübergabe-Komplettpaket,"Warum eine Wohnungsübergabe mehr ist als Transport oder Reinigung und wie FLOXANT Umzug, Endreinigung, Rest-Entrümpelung, Fotos und Schlüsselübergabe koordinieren kann.",Wohnungsübergabe anfragen,Direkte Antwort|Leistungsumfang|benötigte Angaben|Aufwandstreiber|Ablauf|FAQ|verwandte Leistungen|nächster Schritt,interne Begriffe|fremde Standorte|nicht angebotene Leistungen|unbelegte Versprechen,,,7 sichtbare FAQ-Indikatoren,https://www.floxant.de/blog/wohnungsuebergabe-komplettpaket,index_follow,included,"Viele Menschen unterschätzen eine Wohnungsübergabe, weil sie sie für den letzten kleinen Schritt nach dem Umzug halten. In Wirklichkeit ist sie oft der Moment, in dem alle offenen Aufgaben sichtbar werden: Möbelreste, Keller, Reinigung, Schlüssel, Zählerstände, Fotos, Vermietertermin und manchmal auch die Frage, wer überhaupt noch vor Ort sein kann.","Wohnungsübergabe-Komplettpaket: Wenn Umzug, Reinigung und Schlüssel zusammenpassen müssen:KEEP|Aus einer unklaren Situation wird eine prüfbare Anfrage.:KEEP|Zustand sehen:KEEP|Ziel klären:KEEP|Termin sichern:KEEP|Die kurze Antwort:KEEP|Warum die Übergabe oft unterschätzt wird:KEEP|Warum einzelne Anbieter oft nicht reichen:KEEP|Wie FLOXANT den Abschlussprozess plant:KEEP|Für wen ein Komplettpaket besonders sinnvoll ist:KEEP|Typische Situationen aus der Praxis:KEEP|Was FLOXANT übernehmen kann:KEEP|Was vorab geklärt werden muss:KEEP|Zusammenfassung:KEEP|Wann das Paket besonders stark ist:KEEP|Unsicheres Angebot oder offene Angaben? Erst einordnen, dann entscheiden.:KEEP|FAQ zum Wohnungsübergabe-Komplettpaket:KEEP",,KEEP,
/blog/schluesseluebergabe-service,de,Überregional,guide,Ratgeber,Ratgeber verständlich erklären und zum passenden nächsten Schritt führen,"Umfang, Zugang, Zeitraum und Kontaktwunsch klären",Schlüsselübergabe-Service: Wenn Sie nicht selbst vor Ort sein können,Schlüsselübergabe-Service: Wenn Sie nicht selbst vor Ort sein können,Schlüsselübergabe-Service | FLOXANT Regensburg & Bayern,Schlüsselübergabe-Service | FLOXANT Regensburg & Bayern,Schlüsselübergabe-Service,"Warum ein Schlüsseltermin organisatorisch größer sein kann als er wirkt und wie FLOXANT Anwesenheit, Fotos und Abstimmung nach Vereinbarung unterstützen kann.",Schlüsselübergabe anfragen,Direkte Antwort|Leistungsumfang|benötigte Angaben|Aufwandstreiber|Ablauf|FAQ|verwandte Leistungen|nächster Schritt,interne Begriffe|fremde Standorte|nicht angebotene Leistungen|unbelegte Versprechen,,,7 sichtbare FAQ-Indikatoren,https://www.floxant.de/blog/schluesseluebergabe-service,index_follow,included,"Ein Schlüsseltermin klingt klein. Ein kurzer Gang, ein paar Minuten, fertig. In der Realität kann genau dieser Termin zum Problem werden, wenn Arbeit, Umzug, Entfernung, Reinigung, Vermieter und letzte Restpunkte auf denselben Zeitraum fallen.","Schlüsselübergabe-Service: Wenn Sie nicht selbst vor Ort sein können:KEEP|Aus einer unklaren Situation wird eine prüfbare Anfrage.:KEEP|Zustand sehen:KEEP|Ziel klären:KEEP|Termin sichern:KEEP|Die kurze Antwort:KEEP|Warum der Schlüsseltermin selten nur ein Schlüsseltermin ist:KEEP|Das eigentliche Risiko liegt zwischen den Aufgaben:KEEP|Wie FLOXANT den Service versteht:KEEP|Für wen der Schlüsselübergabe-Service passt:KEEP|Typische Situationen:KEEP|Was FLOXANT übernehmen kann:KEEP|Was vorab geklärt werden muss:KEEP|Zusammenfassung:KEEP|Der Schlüssel ist nur der sichtbare Teil:KEEP|Unsicheres Angebot oder offene Angaben? Erst einordnen, dann entscheiden.:KEEP|FAQ zum Schlüsselübergabe-Service:KEEP",,KEEP,
/blog/nicht-vor-ort-paket,de,Überregional,guide,Ratgeber,Ratgeber verständlich erklären und zum passenden nächsten Schritt führen,"Umfang, Zugang, Zeitraum und Kontaktwunsch klären","Nicht-vor-Ort-Paket: Wenn die Wohnung noch offen ist, Sie aber nicht mehr vor Ort sind","Nicht-vor-Ort-Paket: Wenn die Wohnung noch offen ist, Sie aber nicht mehr vor Ort sind",Nicht-vor-Ort-Paket | FLOXANT Regensburg & Bayern,Nicht-vor-Ort-Paket | FLOXANT Regensburg & Bayern,Nicht-vor-Ort-Paket,"Wie FLOXANT Kunden unterstützen kann, wenn Wohnung, Keller, Reinigung, Restgegenstände oder Schlüssel nach dem Wegzug noch offen sind. Fotos, Termin, Umfang und Preisrahmen direkt senden und Machbarkeit prüfen lassen.",Angebot prüfen,Direkte Antwort|Leistungsumfang|benötigte Angaben|Aufwandstreiber|Ablauf|FAQ|verwandte Leistungen|nächster Schritt,interne Begriffe|fremde Standorte|nicht angebotene Leistungen|unbelegte Versprechen,,,7 sichtbare FAQ-Indikatoren,https://www.floxant.de/blog/nicht-vor-ort-paket,index_follow,included,"Viele Kunden verlassen eine Stadt, bevor die alte Wohnung wirklich abgeschlossen ist. Der neue Job beginnt, das Studium ist vorbei, der Fernumzug ist erledigt, aber zurück bleiben Keller, Schlüssel, Reinigung, Restgegenstände oder ein Vermietertermin.","Nicht-vor-Ort-Paket: Wenn die Wohnung noch offen ist, Sie aber nicht mehr vor Ort sind:KEEP|Aus einer unklaren Situation wird eine prüfbare Anfrage.:KEEP|Zustand sehen:KEEP|Ziel klären:KEEP|Termin sichern:KEEP|Die kurze Antwort:KEEP|Warum Wegziehen nicht automatisch Abschließen bedeutet:KEEP|Das Problem ist nicht Entfernung, sondern fehlende Zuständigkeit:KEEP|Wie FLOXANT remote helfen kann:KEEP|Für wen das Nicht-vor-Ort-Paket passt:KEEP|Typische offene Punkte:KEEP|Was FLOXANT übernehmen kann:KEEP|Was vorab geklärt werden muss:KEEP|Zusammenfassung:KEEP|Remote heißt: klare Augen vor Ort:KEEP|Unsicheres Angebot oder offene Angaben? Erst einordnen, dann entscheiden.:KEEP|FAQ zum Nicht-vor-Ort-Paket:KEEP",,KEEP,
/blog/kautionsschutz-vorbereitung,de,Überregional,guide,Ratgeber,Ratgeber verständlich erklären und zum passenden nächsten Schritt führen,"Umfang, Zugang, Zeitraum und Kontaktwunsch klären","Kautionsschutz-Vorbereitung: Übergabeprobleme erkennen, bevor der Vermieter sie sieht","Kautionsschutz-Vorbereitung: Übergabeprobleme erkennen, bevor der Vermieter sie sieht",Kautionsschutz-Vorbereitung | FLOXANT Regensburg & Bayern,Kautionsschutz-Vorbereitung | FLOXANT Regensburg & Bayern,Kautionsschutz-Vorbereitung,"Wie FLOXANT vermeidbare Übergaberisiken vor dem Vermietertermin sichtbar machen kann, ohne eine Kautionsrückzahlung zu versprechen. Fotos, Termin, Umfang und Preisrahmen direkt senden und Machbarkeit prüfen lassen.",Übergaberisiko prüfen lassen,Direkte Antwort|Leistungsumfang|benötigte Angaben|Aufwandstreiber|Ablauf|FAQ|verwandte Leistungen|nächster Schritt,interne Begriffe|fremde Standorte|nicht angebotene Leistungen|unbelegte Versprechen,,,7 sichtbare FAQ-Indikatoren,https://www.floxant.de/blog/kautionsschutz-vorbereitung,index_follow,included,"Die Kaution ist für viele Mieter der Punkt, an dem der Auszug emotional wird. Nicht weil jede Wohnung problematisch ist, sondern weil kleine vermeidbare Details plötzlich Geld, Diskussionen oder Nacharbeit bedeuten können.","Kautionsschutz-Vorbereitung: Übergabeprobleme erkennen, bevor der Vermieter sie sieht:KEEP|Aus einer unklaren Situation wird eine prüfbare Anfrage.:KEEP|Zustand sehen:KEEP|Ziel klären:KEEP|Termin sichern:KEEP|Die kurze Antwort:KEEP|Warum die Kaution oft an Details hängt:KEEP|Keine falsche Sicherheit, sondern bessere Vorbereitung:KEEP|Warum einzelne Leistungen oft zu kurz greifen:KEEP|Wie FLOXANT sichtbare Risiken einordnet:KEEP|Für wen das sinnvoll ist:KEEP|Was FLOXANT übernehmen kann:KEEP|Was vorab geklärt werden muss:KEEP|Zusammenfassung:KEEP|Seriös bleibt nur, was beeinflussbar ist:KEEP|Unsicheres Angebot oder offene Angaben? Erst einordnen, dann entscheiden.:KEEP|FAQ zur Kautionsschutz-Vorbereitung:KEEP",,KEEP,
/blog/uebergabe-check-vor-vermietertermin,de,Überregional,guide,Ratgeber,Ratgeber verständlich erklären und zum passenden nächsten Schritt führen,"Umfang, Zugang, Zeitraum und Kontaktwunsch klären",Übergabe-Check vor dem Vermietertermin: Ist die Wohnung wirklich bereit?,Übergabe-Check vor dem Vermietertermin: Ist die Wohnung wirklich bereit?,Übergabe-Check vor Vermietertermin | FLOXANT,Übergabe-Check vor Vermietertermin | FLOXANT,Übergabe-Check vor Vermietertermin,"Warum ein neutraler Übergabe-Check vor dem Vermietertermin hilft und wie FLOXANT sichtbare Restpunkte, Fotos und nächste Schritte einordnet.",Übergabe-Check anfragen,Direkte Antwort|Leistungsumfang|benötigte Angaben|Aufwandstreiber|Ablauf|FAQ|verwandte Leistungen|nächster Schritt,interne Begriffe|fremde Standorte|nicht angebotene Leistungen|unbelegte Versprechen,,,8 sichtbare FAQ-Indikatoren,https://www.floxant.de/blog/uebergabe-check-vor-vermietertermin,index_follow,included,"Nach einem Umzug wirkt die alte Wohnung oft fertiger, als sie ist. Wer erschöpft ist, sieht leere Räume. Der Vermieter sieht Ecken, Reste, Schlüssel, Zählerstände, Keller und Details.","Übergabe-Check vor dem Vermietertermin: Ist die Wohnung wirklich bereit?:KEEP|Aus einer unklaren Situation wird eine prüfbare Anfrage.:KEEP|Zustand sehen:KEEP|Ziel klären:KEEP|Termin sichern:KEEP|Die kurze Antwort:KEEP|Warum der eigene Blick oft nicht mehr reicht:KEEP|Welche Details Übergaben kippen lassen:KEEP|Warum ein Check kein Schönreden ist:KEEP|Wie FLOXANT den Übergabe-Check durchführt:KEEP|Für wen der Check sinnvoll ist:KEEP|Was FLOXANT übernehmen kann:KEEP|Was vorab geklärt werden muss:KEEP|Zusammenfassung:KEEP|Der letzte Blick sollte nicht der müde Blick sein:KEEP|Unsicheres Angebot oder offene Angaben? Erst einordnen, dann entscheiden.:KEEP|FAQ zum Übergabe-Check:KEEP",,KEEP,
/blog/volumen-risiko-check-umzug,de,Überregional,guide,Umzug,Umzug verständlich erklären und zum passenden nächsten Schritt führen,"Umfang, Zugang, Zeitraum und Kontaktwunsch klären",Volumen- und Risiko-Check: Warum der billigste Umzugspreis oft nicht der realistischste ist,Volumen- und Risiko-Check: Warum der billigste Umzugspreis oft nicht der realistischste ist,Volumen- und Risiko-Check beim Umzug | FLOXANT,Volumen- und Risiko-Check beim Umzug | FLOXANT,Volumen- und Risiko-Check beim Umzug,"Warum falsche Volumenschätzungen zu Zusatzfahrten, Zeitdruck und Nachforderungen führen können und wie FLOXANT Umzüge realistischer vorprüft.",Angebot prüfen,Direkte Antwort|Leistungsumfang|benötigte Angaben|Aufwandstreiber|Ablauf|FAQ|verwandte Leistungen|nächster Schritt,interne Begriffe|fremde Standorte|nicht angebotene Leistungen|unbelegte Versprechen,,,7 sichtbare FAQ-Indikatoren,https://www.floxant.de/blog/volumen-risiko-check-umzug,index_follow,included,"Viele Kunden suchen zuerst den niedrigsten Umzugspreis. Verständlich. Aber ein Umzug wird nicht automatisch günstiger, wenn er zu knapp kalkuliert wird. Manchmal wird er gerade dadurch riskanter.","Volumen- und Risiko-Check: Warum der billigste Umzugspreis oft nicht der realistischste ist:KEEP|Aus einer unklaren Situation wird eine prüfbare Anfrage.:KEEP|Angebot senden:KEEP|Lücken erkennen:KEEP|Alternative prüfen:KEEP|Die kurze Antwort:KEEP|Warum der billigste Preis oft zu wenig Information enthält:KEEP|Das Problem ist nicht der Preis, sondern die Annahmen dahinter:KEEP|Warum normale Schnellangebote riskant sein können:KEEP|Wie FLOXANT den Risiko-Check versteht:KEEP|Für wen der Check besonders wichtig ist:KEEP|Was FLOXANT prüft:KEEP|Was vorab geklärt werden muss:KEEP|Zusammenfassung:KEEP|Preiswahrheit beginnt vor dem Angebot:KEEP|Unsicheres Angebot oder offene Angaben? Erst einordnen, dann entscheiden.:KEEP|FAQ zum Volumen- und Risiko-Check:KEEP",,KEEP,
/blog/umzug-ist-kein-transportproblem,de,Überregional,guide,Umzug,Umzug verständlich erklären und zum passenden nächsten Schritt führen,"Umfang, Zugang, Zeitraum und Kontaktwunsch klären",Ein Umzug ist kein Transportproblem. Er ist ein Kontrollproblem.,Ein Umzug ist kein Transportproblem. Er ist ein Kontrollproblem.,Warum ein Umzug ein Kontrollproblem ist | FLOXANT,Warum ein Umzug ein Kontrollproblem ist | FLOXANT,Warum ein Umzug ein Kontrollproblem ist,"Warum Umzüge selten nur am Transport scheitern und wie FLOXANT Zeitfenster, Zugang, Volumen, Zusatzaufgaben und Übergabe realistischer plant.",Angebot prüfen,Direkte Antwort|Leistungsumfang|benötigte Angaben|Aufwandstreiber|Ablauf|FAQ|verwandte Leistungen|nächster Schritt,interne Begriffe|fremde Standorte|nicht angebotene Leistungen|unbelegte Versprechen,,,7 sichtbare FAQ-Indikatoren,https://www.floxant.de/blog/umzug-ist-kein-transportproblem,index_follow,included,"Viele Menschen denken bei einem Umzug zuerst an Kartons, Möbel und Transport. Das eigentliche Problem beginnt aber oft später: wenn Zugang, Laufwege, Zeitfenster, Reinigung, Schlüssel, letzte Gegenstände und Vermietertermin gleichzeitig offen sind.","Ein Umzug ist kein Transportproblem. Er ist ein Kontrollproblem.:KEEP|Aus einer unklaren Situation wird eine prüfbare Anfrage.:KEEP|Zustand sehen:KEEP|Ziel klären:KEEP|Termin sichern:KEEP|Die kurze Antwort:KEEP|Warum der Transport nur der sichtbare Teil ist:KEEP|Das Risiko entsteht zwischen den Aufgaben:KEEP|Warum normale Anbieter oft zu eng denken:KEEP|Wie FLOXANT Kontrolle in den Ablauf bringt:KEEP|Für wen diese Sichtweise wichtig ist:KEEP|Was FLOXANT übernimmt:KEEP|Was vorab geklärt werden muss:KEEP|Zusammenfassung:KEEP|Kontrolle schlägt Improvisation:KEEP|Unsicheres Angebot oder offene Angaben? Erst einordnen, dann entscheiden.:KEEP|FAQ: Warum ein Umzug mehr als Transport ist:KEEP",,KEEP,
/blog/billige-umzugsangebote-risiko,de,Überregional,guide,Umzug,Umzug verständlich erklären und zum passenden nächsten Schritt führen,"Umfang, Zugang, Zeitraum und Kontaktwunsch klären",Warum billige Umzugsangebote am Ende teuer werden können,Warum billige Umzugsangebote am Ende teuer werden können,Billige Umzugsangebote und ihr Risiko | FLOXANT,Billige Umzugsangebote und ihr Risiko | FLOXANT,Billige Umzugsangebote und ihr Risiko,"Warum Lockpreise ohne saubere Prüfung zu Nachforderungen, Zeitdruck und Leistungsproblemen führen können und wie FLOXANT realistischer kalkuliert.",Preisrahmen prüfen,Direkte Antwort|Leistungsumfang|benötigte Angaben|Aufwandstreiber|Ablauf|FAQ|verwandte Leistungen|nächster Schritt,interne Begriffe|fremde Standorte|nicht angebotene Leistungen|unbelegte Versprechen,,,7 sichtbare FAQ-Indikatoren,https://www.floxant.de/blog/billige-umzugsangebote-risiko,index_follow,included,"Ein günstiges Umzugsangebot wirkt im ersten Moment beruhigend. Endlich steht eine Zahl im Raum. Problematisch wird es, wenn diese Zahl nicht auf dem tatsächlichen Aufwand basiert, sondern auf zu knappen Annahmen.","Warum billige Umzugsangebote am Ende teuer werden können:KEEP|Aus einer unklaren Situation wird eine prüfbare Anfrage.:KEEP|Angebot senden:KEEP|Lücken erkennen:KEEP|Alternative prüfen:KEEP|Die kurze Antwort:KEEP|Warum ein niedriger Preis nicht automatisch günstig ist:KEEP|Was in Lockpreisen häufig unsichtbar bleibt:KEEP|Warum normale Preisvergleiche zu kurz greifen:KEEP|Wie FLOXANT kalkuliert:KEEP|Für wen realistische Kalkulation wichtig ist:KEEP|Was FLOXANT übernimmt:KEEP|Was vorab geklärt werden muss:KEEP|Zusammenfassung:KEEP|Nicht billig gegen teuer, sondern dünn gegen belastbar:KEEP|Unsicheres Angebot oder offene Angaben? Erst einordnen, dann entscheiden.:KEEP|FAQ zu billigen Umzugsangeboten:KEEP",,KEEP,
/blog/wohnung-uebergabebereit-machen,de,Überregional,guide,Ratgeber,Ratgeber verständlich erklären und zum passenden nächsten Schritt führen,"Umfang, Zugang, Zeitraum und Kontaktwunsch klären",Wohnung übergabebereit machen: Was vor der Schlüsselübergabe wirklich zählt,Wohnung übergabebereit machen: Was vor der Schlüsselübergabe wirklich zählt,Wohnung übergabebereit machen | FLOXANT,Wohnung übergabebereit machen | FLOXANT,Wohnung übergabebereit machen,"Warum vor der Schlüsselübergabe mehr zählt als Reinigung und wie FLOXANT Keller, Balkon, Restgegenstände, Fotos und letzte Aufgaben koordiniert.",Angebot prüfen,Direkte Antwort|Leistungsumfang|benötigte Angaben|Aufwandstreiber|Ablauf|FAQ|verwandte Leistungen|nächster Schritt,interne Begriffe|fremde Standorte|nicht angebotene Leistungen|unbelegte Versprechen,,,7 sichtbare FAQ-Indikatoren,https://www.floxant.de/blog/wohnung-uebergabebereit-machen,index_follow,included,"Viele Kunden denken vor der Schlüsselübergabe zuerst an Reinigung. Das ist verständlich, aber nicht vollständig. Eine Wohnung ist erst dann übergabebereit, wenn auch Keller, Balkon, Restgegenstände, Schlüssel, Zählerstände und sichtbare Nacharbeiten im Griff sind.","Wohnung übergabebereit machen: Was vor der Schlüsselübergabe wirklich zählt:KEEP|Aus einer unklaren Situation wird eine prüfbare Anfrage.:KEEP|Zustand sehen:KEEP|Ziel klären:KEEP|Termin sichern:KEEP|Die kurze Antwort:KEEP|Warum Reinigung allein oft nicht reicht:KEEP|Was vor der Übergabe oft vergessen wird:KEEP|Wie FLOXANT den Abschluss plant:KEEP|Für wen das besonders sinnvoll ist:KEEP|Was FLOXANT übernehmen kann:KEEP|Was vorab geklärt werden muss:KEEP|Zusammenfassung:KEEP|Übergabebereit heißt: weniger offen lassen:KEEP|Unsicheres Angebot oder offene Angaben? Erst einordnen, dann entscheiden.:KEEP|FAQ: Wohnung übergabebereit machen:KEEP",,KEEP,
/blog/entruempelung-vor-wohnungsuebergabe,de,Überregional,guide,Entrümpelung,Entrümpelung verständlich erklären und zum passenden nächsten Schritt führen,"Umfang, Zugang, Zeitraum und Kontaktwunsch klären",Entrümpelung vor der Wohnungsübergabe: Wenn Räume wieder entscheidbar werden müssen,Entrümpelung vor der Wohnungsübergabe: Wenn Räume wieder entscheidbar werden müssen,Entrümpelung vor Wohnungsübergabe | FLOXANT,Entrümpelung vor Wohnungsübergabe | FLOXANT,Entrümpelung vor Wohnungsübergabe,"Warum Restgegenstände, Keller, Garage oder Balkon eine Wohnungsübergabe blockieren können und wie FLOXANT Räumung, Entsorgung und Vorbereitung koordiniert.",Entrümpelung anfragen,Direkte Antwort|Leistungsumfang|benötigte Angaben|Aufwandstreiber|Ablauf|FAQ|verwandte Leistungen|nächster Schritt,interne Begriffe|fremde Standorte|nicht angebotene Leistungen|unbelegte Versprechen,,,7 sichtbare FAQ-Indikatoren,https://www.floxant.de/blog/entruempelung-vor-wohnungsuebergabe,index_follow,included,"Entrümpelung klingt nach Wegtragen. Vor einer Wohnungsübergabe geht es aber um mehr: Räume müssen wieder entscheidbar werden. Erst wenn Möbelreste, Keller, Balkon, Garage und lose Gegenstände sichtbar geklärt sind, kann Reinigung, Übergabe oder Nacharbeit sinnvoll geplant werden.","Entrümpelung vor der Wohnungsübergabe: Wenn Räume wieder entscheidbar werden müssen:KEEP|Aus einer unklaren Situation wird eine prüfbare Anfrage.:KEEP|Zustand sehen:KEEP|Ziel klären:KEEP|Termin sichern:KEEP|Die kurze Antwort:KEEP|Warum Reste mehr stören als man denkt:KEEP|Das Risiko liegt in Nebenflächen:KEEP|Warum reine Abholung oft nicht reicht:KEEP|Wie FLOXANT vorgeht:KEEP|Für wen das besonders sinnvoll ist:KEEP|Was FLOXANT übernehmen kann:KEEP|Was vorab geklärt werden muss:KEEP|Zusammenfassung:KEEP|Wenn Reste den Abschluss blockieren:KEEP|Unsicheres Angebot oder offene Angaben? Erst einordnen, dann entscheiden.:KEEP|FAQ zur Entrümpelung vor der Wohnungsübergabe:KEEP",,KEEP,
/blog/remote-move-out-service,de,Überregional,guide,Ratgeber,Ratgeber verständlich erklären und zum passenden nächsten Schritt führen,"Umfang, Zugang, Zeitraum und Kontaktwunsch klären","Remote Move-Out Service: Die Wohnung abschließen, obwohl Sie nicht mehr da sind","Remote Move-Out Service: Die Wohnung abschließen, obwohl Sie nicht mehr da sind",Remote Move-Out Service | FLOXANT Regensburg & Bayern,Remote Move-Out Service | FLOXANT Regensburg & Bayern,Remote Move-Out Service,"Wie FLOXANT Kunden unterstützt, wenn sie bereits weggezogen sind, aber Wohnung, Schlüssel, Reinigung, Restarbeiten oder Übergabe noch offen sind.",Angebot prüfen,Direkte Antwort|Leistungsumfang|benötigte Angaben|Aufwandstreiber|Ablauf|FAQ|verwandte Leistungen|nächster Schritt,interne Begriffe|fremde Standorte|nicht angebotene Leistungen|unbelegte Versprechen,,,7 sichtbare FAQ-Indikatoren,https://www.floxant.de/blog/remote-move-out-service,index_follow,included,"Viele Menschen verlassen eine Stadt, bevor die alte Wohnung wirklich abgeschlossen ist. Der neue Job beginnt, die neue Wohnung ist bezogen, aber zurück bleiben Schlüssel, Keller, Reinigung, Restgegenstände, Fotos oder ein Vermietertermin.","Remote Move-Out Service: Die Wohnung abschließen, obwohl Sie nicht mehr da sind:KEEP|Aus einer unklaren Situation wird eine prüfbare Anfrage.:KEEP|Zustand sehen:KEEP|Ziel klären:KEEP|Termin sichern:KEEP|Die kurze Antwort:KEEP|Warum eine Wohnung nach dem Wegzug offen bleiben kann:KEEP|Entfernung macht kleine Aufgaben schwer:KEEP|Warum normale Einzeltermine oft nicht reichen:KEEP|Wie FLOXANT den Abschluss aus der Ferne koordiniert:KEEP|Typische Situationen:KEEP|Was FLOXANT übernehmen kann:KEEP|Was vorab geklärt werden muss:KEEP|Zusammenfassung:KEEP|Wenn die Wohnung noch offen ist, aber Sie nicht mehr da sind:KEEP|Unsicheres Angebot oder offene Angaben? Erst einordnen, dann entscheiden.:KEEP|FAQ zum Remote Move-Out Service:KEEP",,KEEP,
/blog/seniorenumzug-fuer-angehoerige,de,Überregional,guide,Seniorenumzug,Seniorenumzug verständlich erklären und zum passenden nächsten Schritt führen,"Umfang, Zugang, Zeitraum und Kontaktwunsch klären",Seniorenumzug für Angehörige: Wenn nicht nur Möbel getragen werden,Seniorenumzug für Angehörige: Wenn nicht nur Möbel getragen werden,Seniorenumzug für Angehörige | FLOXANT,Seniorenumzug für Angehörige | FLOXANT,Seniorenumzug für Angehörige,"Warum Seniorenumzüge für Angehörige organisatorisch und emotional anspruchsvoll sind und wie FLOXANT Transport, Entrümpelung, Reinigung und Übergabe nach Bedarf bündelt.",Angebot prüfen,Direkte Antwort|Leistungsumfang|benötigte Angaben|Aufwandstreiber|Ablauf|FAQ|verwandte Leistungen|nächster Schritt,interne Begriffe|fremde Standorte|nicht angebotene Leistungen|unbelegte Versprechen,,,7 sichtbare FAQ-Indikatoren,https://www.floxant.de/blog/seniorenumzug-fuer-angehoerige,index_follow,included,"Ein Seniorenumzug ist selten nur ein Transporttermin. Angehörige müssen Entscheidungen treffen, Erinnerungen sortieren, Fristen halten, eine neue Wohnsituation vorbereiten und oft gleichzeitig eine alte Wohnung übergabefähig machen.","Seniorenumzug für Angehörige: Wenn nicht nur Möbel getragen werden:KEEP|Aus einer unklaren Situation wird eine prüfbare Anfrage.:KEEP|Zustand sehen:KEEP|Ziel klären:KEEP|Termin sichern:KEEP|Die kurze Antwort:KEEP|Warum Seniorenumzüge anders sind:KEEP|Das Risiko liegt nicht nur im Tragen:KEEP|Warum normale Umzugsplanung oft zu kurz greift:KEEP|Wie FLOXANT Angehörige entlasten kann:KEEP|Typische Situationen:KEEP|Was FLOXANT übernehmen kann:KEEP|Was vorab geklärt werden muss:KEEP|Zusammenfassung:KEEP|Ruhig planen, klar entscheiden:KEEP|Unsicheres Angebot oder offene Angaben? Erst einordnen, dann entscheiden.:KEEP|FAQ zum Seniorenumzug für Angehörige:KEEP",,KEEP,
/blog/diskreter-umzug-sensible-situationen,de,Überregional,guide,Umzug,Umzug verständlich erklären und zum passenden nächsten Schritt führen,"Umfang, Zugang, Zeitraum und Kontaktwunsch klären","Diskreter Umzug in sensiblen Situationen: Ruhig, klar, ohne große Worte","Diskreter Umzug in sensiblen Situationen: Ruhig, klar, ohne große Worte",Diskreter Umzug in sensiblen Situationen | FLOXANT,Diskreter Umzug in sensiblen Situationen | FLOXANT,Diskreter Umzug in sensiblen Situationen,"Wie FLOXANT Umzüge in sensiblen Lebenssituationen ruhig, sachlich und mit klarer Kommunikation plant, ohne unnötige Fragen oder laute Inszenierung.",Angebot prüfen,Direkte Antwort|Leistungsumfang|benötigte Angaben|Aufwandstreiber|Ablauf|FAQ|verwandte Leistungen|nächster Schritt,interne Begriffe|fremde Standorte|nicht angebotene Leistungen|unbelegte Versprechen,,,7 sichtbare FAQ-Indikatoren,https://www.floxant.de/blog/diskreter-umzug-sensible-situationen,index_follow,included,"Manche Umzüge brauchen keine große Bühne. Trennung, Konflikte, persönliche Belastung, Zeitdruck oder berufliche Umstände können dazu führen, dass ein Umzug möglichst ruhig, klar und ohne unnötige Aufmerksamkeit ablaufen soll.","Diskreter Umzug in sensiblen Situationen: Ruhig, klar, ohne große Worte:KEEP|Aus einer unklaren Situation wird eine prüfbare Anfrage.:KEEP|Kurz zeigen:KEEP|Praktisch prüfen:KEEP|Sauber entscheiden:KEEP|Die kurze Antwort:KEEP|Warum Diskretion ein Ablauf-Thema ist:KEEP|Wo sensible Umzüge schwierig werden:KEEP|Warum laute Serviceversprechen hier nicht helfen:KEEP|Wie FLOXANT diskrete Umzüge vorbereitet:KEEP|Typische Situationen:KEEP|Was FLOXANT übernehmen kann:KEEP|Was vorab geklärt werden muss:KEEP|Zusammenfassung:KEEP|Diskretion heißt: präzise und ruhig arbeiten:KEEP|Unsicheres Angebot oder offene Angaben? Erst einordnen, dann entscheiden.:KEEP|FAQ zum diskreten Umzug:KEEP",,KEEP,
/blog/nachlassraeumung-mit-respekt,de,Überregional,guide,Ratgeber,Ratgeber verständlich erklären und zum passenden nächsten Schritt führen,"Umfang, Zugang, Zeitraum und Kontaktwunsch klären",Nachlassräumung mit Respekt: Wenn eine Räumung mehr ist als Wegtragen,Nachlassräumung mit Respekt: Wenn eine Räumung mehr ist als Wegtragen,Nachlassräumung mit Respekt | FLOXANT,Nachlassräumung mit Respekt | FLOXANT,Nachlassräumung mit Respekt,"Warum Nachlassräumungen emotional und organisatorisch anspruchsvoll sind und wie FLOXANT Räumung, Sortierung nach Absprache, Transport, Entsorgung und Reinigung unterstützt.",Nachlassräumung anfragen,Direkte Antwort|Leistungsumfang|benötigte Angaben|Aufwandstreiber|Ablauf|FAQ|verwandte Leistungen|nächster Schritt,interne Begriffe|fremde Standorte|nicht angebotene Leistungen|unbelegte Versprechen,,,7 sichtbare FAQ-Indikatoren,https://www.floxant.de/blog/nachlassraeumung-mit-respekt,index_follow,included,"Eine Nachlassräumung ist selten nur eine praktische Aufgabe. Räume enthalten Erinnerungen, offene Entscheidungen, Fristen, Vermietertermine, Wertgegenstände, Unklares und oft auch familiäre Belastung.","Nachlassräumung mit Respekt: Wenn eine Räumung mehr ist als Wegtragen:KEEP|Aus einer unklaren Situation wird eine prüfbare Anfrage.:KEEP|Menge sichtbar machen:KEEP|Zugang prüfen:KEEP|Abschluss planen:KEEP|Die kurze Antwort:KEEP|Warum Nachlassräumung anders ist:KEEP|Das Risiko liegt zwischen Gefühl und Frist:KEEP|Warum schnelle Räumung allein nicht reicht:KEEP|Wie FLOXANT unterstützen kann:KEEP|Typische Situationen:KEEP|Was FLOXANT übernehmen kann:KEEP|Was vorab geklärt werden muss:KEEP|Zusammenfassung:KEEP|Respektvoll räumen, klar abschließen:KEEP|Unsicheres Angebot oder offene Angaben? Erst einordnen, dann entscheiden.:KEEP|FAQ zur Nachlassräumung:KEEP",,KEEP,
/blog/berufsumzug-wenig-zeit,de,Überregional,guide,Umzug,Umzug verständlich erklären und zum passenden nächsten Schritt führen,"Umfang, Zugang, Zeitraum und Kontaktwunsch klären","Berufsumzug mit wenig Zeit: Wenn der neue Job beginnt, bevor die alte Wohnung abgeschlossen ist","Berufsumzug mit wenig Zeit: Wenn der neue Job beginnt, bevor die alte Wohnung abgeschlossen ist",Berufsumzug mit wenig Zeit | FLOXANT,Berufsumzug mit wenig Zeit | FLOXANT,Berufsumzug mit wenig Zeit,"Wie FLOXANT Berufsumzüge unterstützt, wenn Arbeit, neue Stadt, alte Wohnung, Reinigung, Schlüssel und Übergabe gleichzeitig organisiert werden müssen.",Angebot prüfen,Direkte Antwort|Leistungsumfang|benötigte Angaben|Aufwandstreiber|Ablauf|FAQ|verwandte Leistungen|nächster Schritt,interne Begriffe|fremde Standorte|nicht angebotene Leistungen|unbelegte Versprechen,,,7 sichtbare FAQ-Indikatoren,https://www.floxant.de/blog/berufsumzug-wenig-zeit,index_follow,included,"Ein Berufsumzug hat selten den Luxus langer Übergänge. Der neue Job beginnt, während in der alten Wohnung noch Kartons, Reinigung, Schlüssel, Restmengen oder der Vermietertermin offen sind.","Berufsumzug mit wenig Zeit: Wenn der neue Job beginnt, bevor die alte Wohnung abgeschlossen ist:KEEP|Aus einer unklaren Situation wird eine prüfbare Anfrage.:KEEP|Zustand sehen:KEEP|Ziel klären:KEEP|Termin sichern:KEEP|Die kurze Antwort:KEEP|Warum Berufsumzüge schnell kippen:KEEP|Das Risiko entsteht durch offene Enden:KEEP|Warum ein einzelner Dienstleister oft nicht genügt:KEEP|Wie FLOXANT Berufsumzüge plant:KEEP|Typische Situationen:KEEP|Was FLOXANT übernehmen kann:KEEP|Was vorab geklärt werden muss:KEEP|Zusammenfassung:KEEP|Wenn der Job schon läuft, muss die alte Wohnung trotzdem fertig werden:KEEP|Unsicheres Angebot oder offene Angaben? Erst einordnen, dann entscheiden.:KEEP|FAQ zum Berufsumzug mit wenig Zeit:KEEP",,KEEP,
/blog/service-fuer-hausverwaltungen,de,Überregional,guide,Ratgeber,Ratgeber verständlich erklären und zum passenden nächsten Schritt führen,"Umfang, Zugang, Zeitraum und Kontaktwunsch klären",Service für Hausverwaltungen: Wenn Wohnungen nach Auszug schnell wieder kontrollierbar werden müssen,Service für Hausverwaltungen: Wenn Wohnungen nach Auszug schnell wieder kontrollierbar werden müssen,Service für Hausverwaltungen | FLOXANT,Service für Hausverwaltungen | FLOXANT,Service für Hausverwaltungen,"Wie FLOXANT Hausverwaltungen bei Rest-Entrümpelung, Reinigung, Fotodokumentation, Schlüssel- und Übergabethemen nach Auszug unterstützen kann.",Gewerbliche Reinigung prüfen,Direkte Antwort|Leistungsumfang|benötigte Angaben|Aufwandstreiber|Ablauf|FAQ|verwandte Leistungen|nächster Schritt,interne Begriffe|fremde Standorte|nicht angebotene Leistungen|unbelegte Versprechen,,,7 sichtbare FAQ-Indikatoren,https://www.floxant.de/blog/service-fuer-hausverwaltungen,index_follow,included,"Hausverwaltungen brauchen nach einem Auszug vor allem Klarheit. Ist die Wohnung leer? Gibt es Restgegenstände? Muss gereinigt werden? Sind Schlüssel, Fotos und Zustand nachvollziehbar? Erst wenn diese Punkte sichtbar sind, wird eine Wohnung wieder kontrollierbar.","Service für Hausverwaltungen: Wenn Wohnungen nach Auszug schnell wieder kontrollierbar werden müssen:KEEP|Aus einer unklaren Situation wird eine prüfbare Anfrage.:KEEP|Kurz zeigen:KEEP|Praktisch prüfen:KEEP|Sauber entscheiden:KEEP|Die kurze Antwort:KEEP|Warum Hausverwaltungen kontrollierbare Zustände brauchen:KEEP|Das Risiko liegt in der Schnittstelle:KEEP|Warum einzelne Dienstleister oft Zusatzkoordination erzeugen:KEEP|Wie FLOXANT Hausverwaltungen unterstützen kann:KEEP|Typische Situationen:KEEP|Was FLOXANT übernehmen kann:KEEP|Was vorab geklärt werden muss:KEEP|Zusammenfassung:KEEP|Für Verwaltungen zählt der nächste belastbare Schritt:KEEP|Unsicheres Angebot oder offene Angaben? Erst einordnen, dann entscheiden.:KEEP|FAQ für Hausverwaltungen:KEEP",,KEEP,
/blog/service-fuer-makler,de,Überregional,guide,Ratgeber,Ratgeber verständlich erklären und zum passenden nächsten Schritt führen,"Umfang, Zugang, Zeitraum und Kontaktwunsch klären","Service für Makler: Räume vorbereiten, bevor der erste Eindruck verloren geht","Service für Makler: Räume vorbereiten, bevor der erste Eindruck verloren geht",Service für Makler | FLOXANT,Service für Makler | FLOXANT,Service für Makler,"Wie FLOXANT Makler bei Räumung, Reinigung und Vorbereitung von Wohnungen oder Objekten für Besichtigung, Fototermin oder Übergabe unterstützen kann.",Angebot prüfen,Direkte Antwort|Leistungsumfang|benötigte Angaben|Aufwandstreiber|Ablauf|FAQ|verwandte Leistungen|nächster Schritt,interne Begriffe|fremde Standorte|nicht angebotene Leistungen|unbelegte Versprechen,,,7 sichtbare FAQ-Indikatoren,https://www.floxant.de/blog/service-fuer-makler,index_follow,included,"Makler verkaufen oder vermieten nicht nur Quadratmeter. Sie verkaufen den ersten Eindruck. Möbelreste, Schmutz, Kartons, Kellerchaos oder ungeklärte Nebenflächen können den Wert eines guten Objekts unnötig schwächen.","Service für Makler: Räume vorbereiten, bevor der erste Eindruck verloren geht:KEEP|Aus einer unklaren Situation wird eine prüfbare Anfrage.:KEEP|Menge sichtbar machen:KEEP|Zugang prüfen:KEEP|Abschluss planen:KEEP|Die kurze Antwort:KEEP|Warum der erste Eindruck vorbereitet werden muss:KEEP|Das Risiko liegt im sichtbaren Rest:KEEP|Warum Makler nicht alles selbst koordinieren sollten:KEEP|Wie FLOXANT Objekte vorbereitet:KEEP|Typische Situationen:KEEP|Was FLOXANT übernehmen kann:KEEP|Was vorab geklärt werden muss:KEEP|Zusammenfassung:KEEP|Räume müssen lesbar sein:KEEP|Unsicheres Angebot oder offene Angaben? Erst einordnen, dann entscheiden.:KEEP|FAQ für Makler:KEEP",,KEEP,
/blog/gewerbe-auszug-rueckgabevorbereitung,de,Überregional,guide,Ratgeber,Ratgeber verständlich erklären und zum passenden nächsten Schritt führen,"Umfang, Zugang, Zeitraum und Kontaktwunsch klären","Gewerbe-Auszug mit Rückgabevorbereitung: Wenn Betrieb, Rückbau und Übergabe zusammenpassen müssen","Gewerbe-Auszug mit Rückgabevorbereitung: Wenn Betrieb, Rückbau und Übergabe zusammenpassen müssen",Gewerbe-Auszug mit Rückgabevorbereitung | FLOXANT,Gewerbe-Auszug mit Rückgabevorbereitung | FLOXANT,Gewerbe-Auszug mit Rückgabevorbereitung,"Warum gewerbliche Auszüge mehr Planung brauchen als Transport und wie FLOXANT Räumung, Reinigung, Transport und Übergabevorbereitung nach Absprache unterstützt.",Gewerbe-Auszug anfragen,Direkte Antwort|Leistungsumfang|benötigte Angaben|Aufwandstreiber|Ablauf|FAQ|verwandte Leistungen|nächster Schritt,interne Begriffe|fremde Standorte|nicht angebotene Leistungen|unbelegte Versprechen,,,7 sichtbare FAQ-Indikatoren,https://www.floxant.de/blog/gewerbe-auszug-rueckgabevorbereitung,index_follow,included,"Ein Gewerbe-Auszug ist kein normaler Wohnungsumzug in größer. Betrieb, Inventar, Mitarbeiter, IT, Reinigung, Vermieter, Rückbau und Fristen greifen ineinander. Wenn eine dieser Stellen kippt, wird der Ablauf schnell teuer.","Gewerbe-Auszug mit Rückgabevorbereitung: Wenn Betrieb, Rückbau und Übergabe zusammenpassen müssen:KEEP|Aus einer unklaren Situation wird eine prüfbare Anfrage.:KEEP|Zustand sehen:KEEP|Ziel klären:KEEP|Termin sichern:KEEP|Die kurze Antwort:KEEP|Warum Gewerbe-Auszüge anders funktionieren:KEEP|Das Risiko liegt in parallelen Aufgaben:KEEP|Warum Einzelplanung schnell teuer wird:KEEP|Wie FLOXANT Rückgabevorbereitung versteht:KEEP|Typische Situationen:KEEP|Was FLOXANT übernehmen kann:KEEP|Was vorab geklärt werden muss:KEEP|Zusammenfassung:KEEP|Gewerbe braucht Planbarkeit:KEEP|Unsicheres Angebot oder offene Angaben? Erst einordnen, dann entscheiden.:KEEP|FAQ zum Gewerbe-Auszug:KEEP",,KEEP,
/blog/umzug-reinigung-entruempelung-regensburg-koordinieren,de,Regensburg,guide,Umzug,Umzug in Regensburg verständlich erklären und zum passenden nächsten Schritt führen,"Umfang, Zugang, Zeitraum und Kontaktwunsch klären","Umzug, Reinigung und Entrümpelung in Regensburg: Warum Koordination wichtiger ist als ein Einzelpreis","Umzug, Reinigung und Entrümpelung in Regensburg: Warum Koordination wichtiger ist als ein Einzelpreis","Umzug, Reinigung und Entrümpelung in Regensburg koordinieren |...","Umzug, Reinigung und Entrümpelung in Regensburg koordinieren |...","Umzug, Reinigung und Entrümpelung in Regensburg koordinieren","Warum Wohnungswechsel in Regensburg nicht nur nach Einzelpreis geplant werden sollten und wie FLOXANT Umzug, Reinigung, Entrümpelung und Übergabe koordiniert.",Angebot prüfen,Direkte Antwort|Leistungsumfang|benötigte Angaben|Aufwandstreiber|Ablauf|FAQ|verwandte Leistungen|nächster Schritt,interne Begriffe|fremde Standorte|nicht angebotene Leistungen|unbelegte Versprechen,,,7 sichtbare FAQ-Indikatoren,https://www.floxant.de/blog/umzug-reinigung-entruempelung-regensburg-koordinieren,index_follow,included,"in Regensburg wird ein Wohnungswechsel schnell enger als geplant: Altstadtzugang, Parkmöglichkeiten, Treppenhäuser, Fristen, Reinigung, Keller und Übergabetermin hängen oft zusammen. Wer nur den Einzelpreis vergleicht, übersieht die Schnittstellen.","Umzug, Reinigung und Entrümpelung in Regensburg: Warum Koordination wichtiger ist als ein Einzelpreis:KEEP|Aus einer unklaren Situation wird eine prüfbare Anfrage.:KEEP|Angebot senden:KEEP|Lücken erkennen:KEEP|Alternative prüfen:KEEP|Die kurze Antwort:KEEP|Warum Regensburg eigene Planung braucht:KEEP|Das Risiko liegt zwischen den Dienstleistern:KEEP|Warum Einzelpreisvergleich zu wenig sagt:KEEP|Wie FLOXANT in Regensburg koordiniert:KEEP|Typische Situationen in Regensburg:KEEP|Was FLOXANT übernehmen kann:KEEP|Was vorab geklärt werden muss:KEEP|Zusammenfassung:KEEP|Regensburg braucht saubere Schnittstellen:KEEP|Unsicheres Angebot oder offene Angaben? Erst einordnen, dann entscheiden.:KEEP|FAQ zu Umzug, Reinigung und Entrümpelung in Regensburg:KEEP",,KEEP,
/blog/wohnungsuebergabe-regensburg-vorbereiten,de,Regensburg,guide,Ratgeber,Ratgeber in Regensburg verständlich erklären und zum passenden nächsten Schritt führen,"Umfang, Zugang, Zeitraum und Kontaktwunsch klären","Wohnungsübergabe in Regensburg vorbereiten: Reinigung, Schlüssel und letzte Aufgaben im Griff behalten","Wohnungsübergabe in Regensburg vorbereiten: Reinigung, Schlüssel und letzte Aufgaben im Griff behalten",Wohnungsübergabe in Regensburg vorbereiten | FLOXANT,Wohnungsübergabe in Regensburg vorbereiten | FLOXANT,Wohnungsübergabe in Regensburg vorbereiten,"Wie Mieter in Regensburg Reinigung, Schlüssel, Keller, Fotos, Restgegenstände und Vermietertermin vor der Wohnungsübergabe besser strukturieren.",Endreinigung anfragen,Direkte Antwort|Leistungsumfang|benötigte Angaben|Aufwandstreiber|Ablauf|FAQ|verwandte Leistungen|nächster Schritt,interne Begriffe|fremde Standorte|nicht angebotene Leistungen|unbelegte Versprechen,,,7 sichtbare FAQ-Indikatoren,https://www.floxant.de/blog/wohnungsuebergabe-regensburg-vorbereiten,index_follow,included,"Eine Wohnungsübergabe in Regensburg wirkt oft wie der letzte kleine Schritt nach dem Umzug. In Wirklichkeit ist sie der Moment, in dem alle offenen Punkte sichtbar werden: Reinigung, Keller, Balkon, Schlüssel, Zählerstände, Fotos, Vermietertermin und letzte Restgegenstände.","Wohnungsübergabe in Regensburg vorbereiten: Reinigung, Schlüssel und letzte Aufgaben im Griff behalten:KEEP|Aus einer unklaren Situation wird eine prüfbare Anfrage.:KEEP|Zustand sehen:KEEP|Ziel klären:KEEP|Termin sichern:KEEP|Die kurze Antwort:KEEP|Warum die Übergabe mehr ist als Putzen:KEEP|Regensburg: kurze Wege, enge Zeitfenster:KEEP|Warum Vorbereitung die Kaution nicht garantiert, aber Risiken senkt:KEEP|Wie FLOXANT die Übergabe unterstützt:KEEP|Typische Situationen in Regensburg:KEEP|Was FLOXANT übernehmen kann:KEEP|Was vorab geklärt werden muss:KEEP|Zusammenfassung:KEEP|Übergabe heißt: nichts Wichtiges offen lassen:KEEP|Unsicheres Angebot oder offene Angaben? Erst einordnen, dann entscheiden.:KEEP|FAQ zur Wohnungsübergabe in Regensburg:KEEP",,KEEP,
/blog/umzug-kosten-regensburg,de,Regensburg,guide,Umzug,Umzug in Regensburg verständlich erklären und zum passenden nächsten Schritt führen,"Umfang, Zugang, Zeitraum und Kontaktwunsch klären",Umzugskosten in Regensburg: Was Sie realistisch einplanen sollten,Umzugskosten in Regensburg: Was Sie realistisch einplanen sollten,Umzugskosten in Regensburg realistisch einordnen | FLOXANT,Umzugskosten in Regensburg realistisch einordnen | FLOXANT,Umzugskosten in Regensburg realistisch einordnen,"Welche Faktoren prägen Umzugskosten in Regensburg? FLOXANT erklärt Strecke, Volumen, Stockwerke, Laufwege und Zusatzleistungen ohne Lockpreis-Sprache.",Angebot prüfen,Direkte Antwort|Leistungsumfang|benötigte Angaben|Aufwandstreiber|Ablauf|FAQ|verwandte Leistungen|nächster Schritt,interne Begriffe|fremde Standorte|nicht angebotene Leistungen|unbelegte Versprechen,,,4 sichtbare FAQ-Indikatoren,https://www.floxant.de/blog/umzug-kosten-regensburg,index_follow,included,"Ein Umzug in Regensburg ist selten nur eine Frage von Transportkilometern. In der Praxis prägen vor allem Volumen, Zugangssituation, Parksituation und Zusatzleistungen den Aufwand. Wer diese Faktoren kennt, kann Angebote deutlich besser einordnen.","Umzugskosten in Regensburg: Was Sie realistisch einplanen sollten:KEEP|Aus einer unklaren Situation wird eine prüfbare Anfrage.:KEEP|Angebot senden:KEEP|Lücken erkennen:KEEP|Alternative prüfen:KEEP|Die wichtigsten Kostentreiber bei einem Umzug in Regensburg:KEEP|Warum Regensburg oft anders kalkuliert wird als das Umland:KEEP|Wie Sie selbst zu einer besseren Ersteinschätzung kommen:KEEP|Kurz gesagt:KEEP|Unsicheres Angebot oder offene Angaben? Erst einordnen, dann entscheiden.:KEEP|FAQ zu Umzugskosten in Regensburg:KEEP",,KEEP,
/blog/leer-rueckfahrt-regensburg-firmen-moebeltransport,de,Regensburg,guide,Ratgeber,Ratgeber in Regensburg verständlich erklären und zum passenden nächsten Schritt führen,"Umfang, Zugang, Zeitraum und Kontaktwunsch klären",Leer-Rückfahrt nach Regensburg: fairer Transport für Firmen und Möbel,Leer-Rückfahrt nach Regensburg: fairer Transport für Firmen und Möbel,"Leer-Rückfahrt Regensburg | Firmen, Möbel & Teiltransport","Leer-Rückfahrt Regensburg | Firmen, Möbel & Teiltransport",Leer-Rückfahrt Regensburg,"Wann eine Leer-Rückfahrt Richtung Regensburg für Firmen, Möbel, Büroinventar und Teilmengen sinnvoll ist und wie FLOXANT fair vorprüft.",Angebot prüfen,Direkte Antwort|Leistungsumfang|benötigte Angaben|Aufwandstreiber|Ablauf|FAQ|verwandte Leistungen|nächster Schritt,interne Begriffe|fremde Standorte|nicht angebotene Leistungen|unbelegte Versprechen,,,4 sichtbare FAQ-Indikatoren,https://www.floxant.de/blog/leer-rueckfahrt-regensburg-firmen-moebeltransport,index_follow,included,"Freie Fahrzeugkapazität auf Rückfahrten kann für Kunden sehr sinnvoll sein. Wichtig ist aber, dass daraus kein Lockpreis entsteht: Route, Datum, Volumen, Zugang und Umweg müssen realistisch zusammenpassen.","Leer-Rückfahrt nach Regensburg: fairer Transport für Firmen und Möbel:KEEP|Aus einer unklaren Situation wird eine prüfbare Anfrage.:KEEP|Angebot senden:KEEP|Lücken erkennen:KEEP|Alternative prüfen:KEEP|Wann eine Leer-Rückfahrt sinnvoll ist:KEEP|Welche Faktoren den Preis beeinflussen:KEEP|Grenzen der Rückfahrt:KEEP|Kurz gesagt:KEEP|Unsicheres Angebot oder offene Angaben? Erst einordnen, dann entscheiden.:KEEP|FAQ zur Leer-Rückfahrt:KEEP",,KEEP,
/blog/bueroumzug-regensburg-kostenfaktoren-checkliste,de,Regensburg,guide,Umzug,Umzug in Regensburg verständlich erklären und zum passenden nächsten Schritt führen,"Umfang, Zugang, Zeitraum und Kontaktwunsch klären",Büroumzug in Regensburg: Kostenfaktoren und Checkliste,Büroumzug in Regensburg: Kostenfaktoren und Checkliste,Büroumzug Regensburg | Kostenfaktoren & Checkliste,Büroumzug Regensburg | Kostenfaktoren & Checkliste,Büroumzug Regensburg,"Büroumzug in Regensburg realistisch vorbereiten: Arbeitsplätze, IT, Archiv, Zugang, Zeitfenster und Kostentreiber sauber prüfen. Regensburg-Service nach Leistung, Objektart, Fläche, Umfang, Zeitfenster, Zugang und...",Angebot prüfen,Direkte Antwort|Leistungsumfang|benötigte Angaben|Aufwandstreiber|Ablauf|FAQ|verwandte Leistungen|nächster Schritt,interne Begriffe|fremde Standorte|nicht angebotene Leistungen|unbelegte Versprechen,,,4 sichtbare FAQ-Indikatoren,https://www.floxant.de/blog/bueroumzug-regensburg-kostenfaktoren-checkliste,index_follow,included,"Ein Büroumzug ist kein großer Privatumzug. Entscheidend sind Arbeitsplätze, IT, Archiv, Zeitfenster und die Frage, wie schnell ein Unternehmen wieder arbeitsfähig ist.","Büroumzug in Regensburg: Kostenfaktoren und Checkliste:KEEP|Aus einer unklaren Situation wird eine prüfbare Anfrage.:KEEP|Zustand sehen:KEEP|Ziel klären:KEEP|Termin sichern:KEEP|Die wichtigsten Kostentreiber:KEEP|Checkliste vor der Anfrage:KEEP|Warum Regensburg als Standort wichtig ist:KEEP|Kurz gesagt:KEEP|Unsicheres Angebot oder offene Angaben? Erst einordnen, dann entscheiden.:KEEP|FAQ zum Büroumzug:KEEP",,KEEP,
/blog/firmenentsorgung-buero-inventar-regensburg,de,Regensburg,guide,Ratgeber,Ratgeber in Regensburg verständlich erklären und zum passenden nächsten Schritt führen,"Umfang, Zugang, Zeitraum und Kontaktwunsch klären",Firmenentsorgung in Regensburg: Büroinventar sauber abholen lassen,Firmenentsorgung in Regensburg: Büroinventar sauber abholen lassen,Firmenentsorgung Regensburg | Büroinventar entsorgen,Firmenentsorgung Regensburg | Büroinventar entsorgen,Firmenentsorgung Regensburg,"Büroinventar, Möbel, Kartons und normale Gewerbegegenstände in Regensburg entsorgen lassen: was möglich ist und was FLOXANT vorprüft. Fotos, Umfang, Zugang und Termin für Entsorgung in Regensburg prüfen lassen.",Angebot prüfen,Direkte Antwort|Leistungsumfang|benötigte Angaben|Aufwandstreiber|Ablauf|FAQ|verwandte Leistungen|nächster Schritt,interne Begriffe|fremde Standorte|nicht angebotene Leistungen|unbelegte Versprechen,,,4 sichtbare FAQ-Indikatoren,https://www.floxant.de/blog/firmenentsorgung-buero-inventar-regensburg,index_follow,included,"Wenn Büros umziehen, renoviert werden oder Inventar erneuert wird, bleiben oft Möbel, Kartons, Regale und Restmengen zurück. FLOXANT ordnet solche Firmenentsorgung klar und ohne Sonderabfall-Versprechen ein.","Firmenentsorgung in Regensburg: Büroinventar sauber abholen lassen:KEEP|Aus einer unklaren Situation wird eine prüfbare Anfrage.:KEEP|Zustand sehen:KEEP|Ziel klären:KEEP|Termin sichern:KEEP|Welche Gegenstände typischerweise passen:KEEP|Welche Grenzen bewusst gelten:KEEP|Wie die Anfrage belastbarer wird:KEEP|Kurz gesagt:KEEP|Unsicheres Angebot oder offene Angaben? Erst einordnen, dann entscheiden.:KEEP|FAQ zur Firmenentsorgung:KEEP",,KEEP,
/blog/entruempelung-bayern-leitfaden,de,Überregional,guide,Entrümpelung,Entrümpelung verständlich erklären und zum passenden nächsten Schritt führen,"Umfang, Zugang, Zeitraum und Kontaktwunsch klären",Haushaltsauflösung und Entrümpelung in Bayern seriös planen,Haushaltsauflösung und Entrümpelung in Bayern seriös planen,Haushaltsauflösung & Entrümpelung in Bayern | FLOXANT Blog,Haushaltsauflösung & Entrümpelung in Bayern | FLOXANT Blog,Haushaltsauflösung & Entrümpelung in Bayern,"Ein seriöser Leitfaden für Räumung, Wertanrechnung, Materialtrennung und fachgerechte Entsorgung in Bayern.",,Direkte Antwort|Leistungsumfang|benötigte Angaben|Aufwandstreiber|Ablauf|FAQ|verwandte Leistungen|nächster Schritt,interne Begriffe|fremde Standorte|nicht angebotene Leistungen|unbelegte Versprechen,,,1 sichtbare FAQ-Indikatoren,https://www.floxant.de,index_follow,included,"Ein Leitfaden für fachgerechte Räumung, klare Vorprüfung, Wertanrechnung und Entsorgung.",Entrümpelung mit System:KEEP|Wertanrechnung realistisch prüfen:KEEP|Fachgerechte Entsorgung vorbereiten:KEEP|Interesse an einer Beratung?:KEEP,,KEEP,
/blog/entrumpelung-kosten-bayern,de,Überregional,guide,Ratgeber,Ratgeber verständlich erklären und zum passenden nächsten Schritt führen,"Umfang, Zugang, Zeitraum und Kontaktwunsch klären","Entrümpelung in Bayern: Kosten, Planung und Wertanrechnung","Entrümpelung in Bayern: Kosten, Planung und Wertanrechnung",Kosten einer Entrümpelung in Bayern | Ratgeber | FLOXANT,Kosten einer Entrümpelung in Bayern | Ratgeber | FLOXANT,Kosten einer Entrümpelung in Bayern,"Was kostet eine Haushaltsauflösung oder Entrümpelung in Bayern? Wir klären auf über Preise, Wertanrechnung und Entsorgung. Fotos, Termin, Umfang und Preisrahmen direkt senden und Machbarkeit prüfen lassen.",,Direkte Antwort|Leistungsumfang|benötigte Angaben|Aufwandstreiber|Ablauf|FAQ|verwandte Leistungen|nächster Schritt,interne Begriffe|fremde Standorte|nicht angebotene Leistungen|unbelegte Versprechen,,,keine sichtbare FAQ erkannt,https://www.floxant.de/blog/entrumpelung-kosten-bayern,index_follow,included,"Eine Entrümpelung ist oft eine emotionale und logistische Herausforderung. Wir zeigen Ihnen, wie Sie diese effizient meistern.",FLOXANT Transparenz:KEEP,,KEEP,
/blog/umzug-checkliste,de,Überregional,guide,Umzug,Umzug verständlich erklären und zum passenden nächsten Schritt führen,"Umfang, Zugang, Zeitraum und Kontaktwunsch klären",Umzug Checkliste: Schritt für Schritt zum neuen Zuhause,Umzug Checkliste: Schritt für Schritt zum neuen Zuhause,Umzug Checkliste | FLOXANT Blog,Umzug Checkliste | FLOXANT Blog,Umzug Checkliste,"Vom Packen bis zur Ummeldung: eine klare Umzug Checkliste für bessere Vorbereitung. Fotos, Termin, Umfang und Preisrahmen direkt senden und Machbarkeit prüfen lassen.",Jetzt anfragen,Direkte Antwort|Leistungsumfang|benötigte Angaben|Aufwandstreiber|Ablauf|FAQ|verwandte Leistungen|nächster Schritt,interne Begriffe|fremde Standorte|nicht angebotene Leistungen|unbelegte Versprechen,,,1 sichtbare FAQ-Indikatoren,https://www.floxant.de/blog/umzug-checkliste,index_follow,included,"Ein Umzug wird leichter, wenn Kündigung, Kartons, Zugang, Parkmöglichkeit und Ummeldung rechtzeitig geklärt sind.",Purer Vorlauf (3 Monate vorher):KEEP|Die heiße Phase (1 Monat vorher):KEEP|Haben Sie das Wichtigste schon erledigt?:KEEP,,KEEP,
/blog/umzug-regensburg-tipps,de,Regensburg,guide,Umzug,Umzug in Regensburg verständlich erklären und zum passenden nächsten Schritt führen,"Umfang, Zugang, Zeitraum und Kontaktwunsch klären","Umzug in Regensburg planen: Zugang, Parken, Laufwege","Umzug in Regensburg planen: Zugang, Parken, Laufwege","Umzug in Regensburg planen: Zugang, Parken, Laufwege | FLOXANT Blog","Umzug in Regensburg planen: Zugang, Parken, Laufwege | FLOXANT Blog","Umzug in Regensburg planen: Zugang, Parken, Laufwege","Wie Sie Ihren Umzug in Regensburg und der Oberpfalz mit Zugang, Parkmöglichkeit, Volumen und Termin besser vorbereiten.",Jetzt anfragen,Direkte Antwort|Leistungsumfang|benötigte Angaben|Aufwandstreiber|Ablauf|FAQ|verwandte Leistungen|nächster Schritt,interne Begriffe|fremde Standorte|nicht angebotene Leistungen|unbelegte Versprechen,,,1 sichtbare FAQ-Indikatoren,https://www.floxant.de,index_follow,included,So bereiten Sie Ihren Umzug in Regensburg und der Oberpfalz mit klaren Eckdaten besser vor.,Umzug kurz einordnen lassen?:KEEP,,KEEP,
/blog/umzug-tipps-bayern,de,Überregional,guide,Umzug,Umzug verständlich erklären und zum passenden nächsten Schritt führen,"Umfang, Zugang, Zeitraum und Kontaktwunsch klären",Die 12 effektivsten Umzug-Tipps aus dem Praxisalltag,Die 12 effektivsten Umzug-Tipps aus dem Praxisalltag,12 Umzugs-Tipps aus der Praxis in Bayern | FLOXANT,12 Umzugs-Tipps aus der Praxis in Bayern | FLOXANT,12 Umzugs-Tipps aus der Praxis in Bayern,"Konkrete Umzugs-Tipps aus dem Alltag: Zugang, Kartons, Parken, Laufwege und Vorbereitung in Bayern besser planen. Fotos, Termin, Umfang und Preisrahmen direkt senden und Machbarkeit prüfen lassen.",,Direkte Antwort|Leistungsumfang|benötigte Angaben|Aufwandstreiber|Ablauf|FAQ|verwandte Leistungen|nächster Schritt,interne Begriffe|fremde Standorte|nicht angebotene Leistungen|unbelegte Versprechen,,,1 sichtbare FAQ-Indikatoren,https://www.floxant.de/blog/umzug-tipps-bayern,index_follow,included,"Aus vielen Umzügen in Bayern wissen wir: Meist entscheidet nicht der große Trick, sondern die Vorbereitung. Kartons, Zugang, Parken, Laufwege und Reihenfolge müssen vorher klar sein.",Tipp 1: Teller hochkant einpacken:KEEP|Tipp 2: Der Zimmer-Farbcode:KEEP|Tipp 3: Kleidung am Bügel belassen:KEEP|Umzug kurz einordnen lassen?:KEEP,,KEEP,
/blog/wohnungsaufloesung-was-tun,de,Überregional,guide,Wohnungsauflösung,Wohnungsauflösung verständlich erklären und zum passenden nächsten Schritt führen,"Umfang, Zugang, Zeitraum und Kontaktwunsch klären",Wohnungsauflösung im Todesfall: Was Angehörige jetzt tun müssen,Wohnungsauflösung im Todesfall: Was Angehörige jetzt tun müssen,Umzugsunternehmen ✓ Angebot nach Prüfung ✓ Versichert | FLOXANT,Umzugsunternehmen ✓ Angebot nach Prüfung ✓ Versichert | FLOXANT,Umzugsunternehmen ✓ Angebot nach Prüfung ✓ Versichert,"Professionelles Umzugsunternehmen. Umzug, Entrümpelung und Reinigung zum Angebot nach Prüfung. Jetzt Angebot anfragen. Fotos, Termin, Umfang und Preisrahmen direkt senden und Machbarkeit prüfen lassen.",,Direkte Antwort|Leistungsumfang|benötigte Angaben|Aufwandstreiber|Ablauf|FAQ|verwandte Leistungen|nächster Schritt,interne Begriffe|fremde Standorte|nicht angebotene Leistungen|unbelegte Versprechen,,,5 sichtbare FAQ-Indikatoren,https://www.floxant.de/blog/wohnungsaufloesung-was-tun,index_follow,included,Neben der Trauer um den Verlust eines geliebten Menschen sehen sich Hinterbliebene oft mit einem Berg an bürokratischen und logistischen Aufgaben konfrontiert. Was passiert mit dem bestehenden Mietvertrag? Und wer zahlt die Räumung?,"Wichtiger Haftungsausschluss:KEEP|Schritt 1: Der rechtliche Status (Wer erbt die Wohnung?):KEEP|Das Sonderkündigungsrecht:KEEP|Schritt 2: Wer zahlt die Kosten der Auflösung?:KEEP|Zahlung aus dem Nachlass:KEEP|Muss der Vermieter zahlen?:KEEP|Was passiert, wenn ich das Erbe ausschlage?:KEEP|Schritt 3: Die praktische Umsetzung der Wohnungsauflösung:KEEP|Die Räumung der restlichen Wohnung:KEEP|Benötigen Sie diskrete Unterstützung?:KEEP|Regionale Ressourcen & Ratgeber:KEEP|Lesen Sie auch:KEEP",,KEEP,
/blog/umzug-planen-schritt-fuer-schritt,de,Überregional,guide,Umzug,Umzug verständlich erklären und zum passenden nächsten Schritt führen,"Umfang, Zugang, Zeitraum und Kontaktwunsch klären","Umzug planen: 10 Schritte, die wirklich helfen","Umzug planen: 10 Schritte, die wirklich helfen",Umzug planen: In 10 Schritten zum Ziel | FLOXANT,Umzug planen: In 10 Schritten zum Ziel | FLOXANT,Umzug planen: In 10 Schritten zum Ziel,"Umzug planen: Kündigung, Kartons, Zugang, Parken, Transport, Ummeldung und Übergabe Schritt für Schritt vorbereiten. Fotos, Termin, Umfang und Preisrahmen direkt senden und Machbarkeit prüfen lassen.",,Direkte Antwort|Leistungsumfang|benötigte Angaben|Aufwandstreiber|Ablauf|FAQ|verwandte Leistungen|nächster Schritt,interne Begriffe|fremde Standorte|nicht angebotene Leistungen|unbelegte Versprechen,,,keine sichtbare FAQ erkannt,https://www.floxant.de/blog/umzug-planen-schritt-fuer-schritt,index_follow,included,Ein Umzug beginnt mit einer Entscheidung und endet in Ihrem neuen Zuhause. Dazwischen liegt die Planung. Wir begleiten Sie durch jede Phase.,,,KEEP,
/blog/umzugskosten-senken-7-tipps,de,Überregional,guide,Umzug,Umzug verständlich erklären und zum passenden nächsten Schritt führen,"Umfang, Zugang, Zeitraum und Kontaktwunsch klären",Umzugskosten senken: 7 realistische Hebel ohne Lockpreis,Umzugskosten senken: 7 realistische Hebel ohne Lockpreis,Umzugskosten senken | 7 realistische Hebel ohne Lockpreis,Umzugskosten senken | 7 realistische Hebel ohne Lockpreis,Umzugskosten senken,"Sieben praktische Hebel, um Umzugskosten realistisch einzuordnen: Volumen, Termin, Zugang, Reinigung, Entrümpelung und Preisrahmen. Fotos, Termin, Umfang und Preisrahmen direkt senden und Machbarkeit prüfen lassen.",Preisrahmen prüfen,Direkte Antwort|Leistungsumfang|benötigte Angaben|Aufwandstreiber|Ablauf|FAQ|verwandte Leistungen|nächster Schritt,interne Begriffe|fremde Standorte|nicht angebotene Leistungen|unbelegte Versprechen,,,keine sichtbare FAQ erkannt,https://www.floxant.de/blog/umzugskosten-senken-7-tipps,index_follow,included,"Viele Menschen fragen zuerst: Was kostet der Umzug? Sinnvoller ist oft die Frage: Welche Faktoren lassen den Auftrag kippen oder unnötig teuer werden? Wer Volumen, Zugang, Termin, Reinigung und Restaufgaben früh klärt, kann Kosten besser steuern.",Terminfenster bewusst wählen:KEEP|Volumen ehrlich reduzieren:KEEP|Zugang und Laufwege früh klären:KEEP|Umzug und Entrümpelung zusammen denken:KEEP|Reinigung nicht zu spät planen:KEEP|Fotos und Inventar vorbereiten:KEEP|Preisrahmen statt Lockpreis prüfen:KEEP|Warum ein realistischer Preisrahmen ehrlicher ist:KEEP,,KEEP,
/blog/wohnungsuebergabe-protokoll-guide,de,Überregional,guide,Ratgeber,Ratgeber verständlich erklären und zum passenden nächsten Schritt führen,"Umfang, Zugang, Zeitraum und Kontaktwunsch klären",Wohnungsübergabe: So erstellen Sie ein wasserdichtes Protokoll,Wohnungsübergabe: So erstellen Sie ein wasserdichtes Protokoll,Wohnungsübergabe: So sichern Sie sich rechtlich ab | FLOXANT...,Wohnungsübergabe: So sichern Sie sich rechtlich ab | FLOXANT...,Wohnungsübergabe: So sichern Sie sich rechtlich ab,"Wohnungsübergabeprotokoll richtig erstellen. Was muss rein, worauf achten und wie vermeiden Sie Streit um die Kaution? Kompletter Guide. Anfrage online vorbereiten oder bequem per WhatsApp / Telefon anfragen: +49 1577...",,Direkte Antwort|Leistungsumfang|benötigte Angaben|Aufwandstreiber|Ablauf|FAQ|verwandte Leistungen|nächster Schritt,interne Begriffe|fremde Standorte|nicht angebotene Leistungen|unbelegte Versprechen,,,5 sichtbare FAQ-Indikatoren,https://www.floxant.de/blog/wohnungsuebergabe-protokoll-guide,index_follow,included,Die Wohnungsübergabe ist der letzte kritische Termin Ihres Umzugs. Ein sauber erstelltes Übergabeprotokoll schützt Sie vor unberechtigten Forderungen und sichert Ihre Kaution.,Was gehört in ein Übergabeprotokoll?:KEEP|Fotos als Beweismittel:KEEP|Besenrein: Was bedeutet das wirklich?:KEEP|Schönheitsreparaturen: Müssen Sie renovieren?:KEEP|Kaution: Wann bekommen Sie Ihr Geld zurück?:KEEP|Praktischer Tipp: Umzug und Endreinigung zusammen planen:KEEP|Bereit für Ihren Umzug?:KEEP,,KEEP,
/blog/fernumzug-bayern-nrw-tipps,de,Überregional,guide,Umzug,Umzug verständlich erklären und zum passenden nächsten Schritt führen,"Umfang, Zugang, Zeitraum und Kontaktwunsch klären",Fernumzug von Bayern nach NRW: Der komplette Guide,Fernumzug von Bayern nach NRW: Der komplette Guide,"Fernumzug von Bayern nach NRW: Ablauf, Kosten & Tipps | FLOXANT...","Fernumzug von Bayern nach NRW: Ablauf, Kosten & Tipps | FLOXANT...","Fernumzug von Bayern nach NRW: Ablauf, Kosten & Tipps","Fernumzug von regensburg oder Bayern nach Nordrhein-Westfalen? Alles über Kosten, Ablauf, Beiladung und saubere Planung. Unverbindlich anfragen oder Preisrahmen prüfen.",,Direkte Antwort|Leistungsumfang|benötigte Angaben|Aufwandstreiber|Ablauf|FAQ|verwandte Leistungen|nächster Schritt,interne Begriffe|fremde Standorte|nicht angebotene Leistungen|unbelegte Versprechen,,,2 sichtbare FAQ-Indikatoren,https://www.floxant.de/blog/fernumzug-bayern-nrw-tipps,index_follow,included,"Bayern und Nordrhein-Westfalen sind durch Arbeitsmigration eng verbunden. Wer aus Regensburg oder Bayern in Richtung NRW umzieht, muss Strecke, Volumen, Zugang, Zeitfenster und Übergabe sauber zusammenbringen. Die Distanz von rund 500-600 Kilometern macht den Transport anspruchsvoll, aber mit klarer Planung bleibt der Ablauf beherrschbar.",Was kostet ein Fernumzug Bayern → NRW?:KEEP|Beiladung: Die clevere Sparoption:KEEP|Zwischenlagerung: Wenn die Termine nicht passen:KEEP|Checkliste: Fernumzug organisieren:KEEP|Ummeldefristen nicht vergessen:KEEP|Bereit für Ihren Umzug?:KEEP,,KEEP,
/blog/umzug-mit-kindern-stressfrei,de,Überregional,guide,Umzug,Umzug verständlich erklären und zum passenden nächsten Schritt führen,"Umfang, Zugang, Zeitraum und Kontaktwunsch klären",Umzug mit Kindern: was Familien vorher klären sollten,Umzug mit Kindern: was Familien vorher klären sollten,Umzug mit Kindern: So wird der Wohnungswechsel zum Abenteuer |...,Umzug mit Kindern: So wird der Wohnungswechsel zum Abenteuer |...,Umzug mit Kindern: So wird der Wohnungswechsel zum Abenteuer,"Umzug mit Kindern stressfrei gestalten. Alter-spezifische Tipps, Einbeziehung ins Packen, Schulwechsel-Vorbereitung und emotionale Unterstützung. Anfrage online vorbereiten oder bequem per WhatsApp / Telefon anfragen:...",,Direkte Antwort|Leistungsumfang|benötigte Angaben|Aufwandstreiber|Ablauf|FAQ|verwandte Leistungen|nächster Schritt,interne Begriffe|fremde Standorte|nicht angebotene Leistungen|unbelegte Versprechen,,,1 sichtbare FAQ-Indikatoren,https://www.floxant.de/blog/umzug-mit-kindern-stressfrei,index_follow,included,"Für Erwachsene ist ein Umzug schon stressig genug. Für Kinder kann er eine echte emotionale Herausforderung sein – das vertraute Zimmer, die Freunde, der Spielplatz, alles verändert sich gleichzeitig. Mit der richtigen Vorbereitung wird der Wohnungswechsel zum aufregenden Familienprojekt.",Kleinkinder (0-3 Jahre): Routine beibehalten:KEEP|Kindergartenkinder (3-6 Jahre): Einbeziehen und erklären:KEEP|Schulkinder (6-12 Jahre): Abschied und Neustart:KEEP|Teenager (12+ Jahre): Ernst nehmen:KEEP|Praktische Tipps für den Umzugstag:KEEP|FLOXANT Familien-Plus:KEEP|Bereit für Ihren Umzug?:KEEP,,KEEP,
/blog/warum-floxant-die-beste-wahl-ist,de,Überregional,guide,Ratgeber,Ratgeber verständlich erklären und zum passenden nächsten Schritt führen,"Umfang, Zugang, Zeitraum und Kontaktwunsch klären",Umzugsunternehmen bewerten: worauf Kunden wirklich achten sollten,Umzugsunternehmen bewerten: worauf Kunden wirklich achten sollten,Umzugsunternehmen bewerten: worauf Kunden achten sollten | FLOXANT,Umzugsunternehmen bewerten: worauf Kunden achten sollten | FLOXANT,Umzugsunternehmen bewerten: worauf Kunden achten sollten,"Woran Kunden ein passendes Umzugsunternehmen erkennen: Ablauf, Preisrahmen, Kommunikation, Zusatzleistungen und regionale Planung. Fotos, Termin, Umfang und Preisrahmen direkt senden und Machbarkeit prüfen lassen.",Angebot prüfen,Direkte Antwort|Leistungsumfang|benötigte Angaben|Aufwandstreiber|Ablauf|FAQ|verwandte Leistungen|nächster Schritt,interne Begriffe|fremde Standorte|nicht angebotene Leistungen|unbelegte Versprechen,,,4 sichtbare FAQ-Indikatoren,https://www.floxant.de/blog/warum-floxant-die-beste-wahl-ist,index_follow,included,"Ein gutes Umzugsunternehmen erkennt man nicht an großen Versprechen, sondern an sauberer Vorprüfung, klarer Kommunikation und einem Ablauf, der zu Umfang, Zugang, Strecke und Terminlage passt.","Umzugsunternehmen bewerten: worauf Kunden wirklich achten sollten:KEEP|Aus einer unklaren Situation wird eine prüfbare Anfrage.:KEEP|Kurz zeigen:KEEP|Praktisch prüfen:KEEP|Sauber entscheiden:KEEP|Klare Leistungen statt ungenauer Versprechen:KEEP|Preisrahmen statt Scheingenauigkeit:KEEP|Regionale Planung in Regensburg und Bayern:KEEP|Kurz gesagt:KEEP|Unsicheres Angebot oder offene Angaben? Erst einordnen, dann entscheiden.:KEEP|FAQ zur Auswahl eines Umzugsunternehmens:KEEP",,KEEP,
/blog/regensburg-direkt-buchen-statt-vergleichsportal,de,Regensburg,guide,Ratgeber,Ratgeber in Regensburg verständlich erklären und zum passenden nächsten Schritt führen,"Umfang, Zugang, Zeitraum und Kontaktwunsch klären",In Regensburg direkt buchen statt vergleichen: warum klare Wege öfter besser passen,In Regensburg direkt buchen statt vergleichen: warum klare Wege öfter besser passen,In Regensburg direkt buchen statt vergleichen: klare Wege bringen...,In Regensburg direkt buchen statt vergleichen: klare Wege bringen...,In Regensburg direkt buchen statt vergleichen: klare Wege bringen,"Warum direkte Buchungswege, feste Ansprechpartner und eine saubere Vorprüfung in Regensburg oft besser funktionieren als unklare Vergleichsportal-Wege.",Angebot prüfen,Direkte Antwort|Leistungsumfang|benötigte Angaben|Aufwandstreiber|Ablauf|FAQ|verwandte Leistungen|nächster Schritt,interne Begriffe|fremde Standorte|nicht angebotene Leistungen|unbelegte Versprechen,,,4 sichtbare FAQ-Indikatoren,https://www.floxant.de/blog/regensburg-direkt-buchen-statt-vergleichsportal,index_follow,included,"Viele Interessenten wollen nicht erst fünf Wege prüfen, sondern zügig erkennen, wie eine seriöse Anfrage beginnt. Genau deshalb funktionieren klare Buchungswege oft besser als ein unruhiger Mix aus verstreuten Kontaktoptionen.","In Regensburg direkt buchen statt vergleichen: warum klare Wege öfter besser passen:KEEP|Aus einer unklaren Situation wird eine prüfbare Anfrage.:KEEP|Angebot senden:KEEP|Lücken erkennen:KEEP|Alternative prüfen:KEEP|Warum Klarheit schon vor dem ersten Klick Vertrauen schafft:KEEP|Was direkte Buchungswege besser machen:KEEP|Wie FLOXANT das für Regensburg aufbaut:KEEP|Kurz gesagt:KEEP|Unsicheres Angebot oder offene Angaben? Erst einordnen, dann entscheiden.:KEEP|FAQ zu direkter Buchung in Regensburg:KEEP",,KEEP,
/blog/google-maps-regensburg-direkt-anfragen,de,Regensburg,guide,Ratgeber,Ratgeber in Regensburg verständlich erklären und zum passenden nächsten Schritt führen,"Umfang, Zugang, Zeitraum und Kontaktwunsch klären",In Google Maps direkt anfragen: warum ein klarer Buchungsweg in Regensburg mehr Vertrauen schafft,In Google Maps direkt anfragen: warum ein klarer Buchungsweg in Regensburg mehr Vertrauen schafft,In Google Maps direkt anfragen: klarer Buchungsweg für Regensburg,In Google Maps direkt anfragen: klarer Buchungsweg für Regensburg,In Google Maps direkt anfragen: klarer Buchungsweg für Regensburg,"Warum ein eindeutiger Buchungsweg in Google Maps für Regensburg mehr Vertrauen und passendere Anfragen schafft. Regensburg-Service nach Leistung, Objektart, Fläche, Umfang, Zeitfenster, Zugang und Fotos prüfen lassen.",Angebot prüfen,Direkte Antwort|Leistungsumfang|benötigte Angaben|Aufwandstreiber|Ablauf|FAQ|verwandte Leistungen|nächster Schritt,interne Begriffe|fremde Standorte|nicht angebotene Leistungen|unbelegte Versprechen,,,4 sichtbare FAQ-Indikatoren,https://www.floxant.de/blog/google-maps-regensburg-direkt-anfragen,index_follow,included,"Wer in Google Maps klickt, will meist nicht lange suchen, sondern schnell verstehen, wie eine seriöse Anfrage startet. Genau deshalb wirkt ein klarer direkter Buchungsweg oft stärker als ein unübersichtlicher Sammelpfad.","In Google Maps direkt anfragen: warum ein klarer Buchungsweg in Regensburg mehr Vertrauen schafft:KEEP|Aus einer unklaren Situation wird eine prüfbare Anfrage.:KEEP|Kurz zeigen:KEEP|Praktisch prüfen:KEEP|Sauber entscheiden:KEEP|Was Kunden in Maps in wenigen Sekunden prüfen:KEEP|Warum ein klarer Buchungsweg oft besser klickt:KEEP|Wie FLOXANT das für Regensburg aufbaut:KEEP|Kurz gesagt:KEEP|Unsicheres Angebot oder offene Angaben? Erst einordnen, dann entscheiden.:KEEP|FAQ zu Google Maps und direkter Anfrage:KEEP",,KEEP,
/blog/umzugsfirma-regensburg-google-maps-vertrauen,de,Regensburg,guide,Umzug,Umzug in Regensburg verständlich erklären und zum passenden nächsten Schritt führen,"Umfang, Zugang, Zeitraum und Kontaktwunsch klären",Umzugsfirma in Regensburg über Google Maps finden: worauf Kunden wirklich achten,Umzugsfirma in Regensburg über Google Maps finden: worauf Kunden wirklich achten,Umzugsfirma Regensburg über Google Maps finden: worauf Kunden...,Umzugsfirma Regensburg über Google Maps finden: worauf Kunden...,Umzugsfirma Regensburg über Google Maps finden: worauf Kunden...,Wie Kunden eine Umzugsfirma in Regensburg über Google Maps besser einordnen können und warum direkte Buchungswege mehr Vertrauen schaffen.,Angebot prüfen,Direkte Antwort|Leistungsumfang|benötigte Angaben|Aufwandstreiber|Ablauf|FAQ|verwandte Leistungen|nächster Schritt,interne Begriffe|fremde Standorte|nicht angebotene Leistungen|unbelegte Versprechen,,,4 sichtbare FAQ-Indikatoren,https://www.floxant.de/blog/umzugsfirma-regensburg-google-maps-vertrauen,index_follow,included,"Wer über Google Maps nach einem Umzugsunternehmen sucht, entscheidet oft in wenigen Sekunden. Gerade deshalb zählen klare Buchungswege, echte Ansprechpartner und eine verständliche nächste Aktion mehr als große Versprechen.","Umzugsfirma in Regensburg über Google Maps finden: worauf Kunden wirklich achten:KEEP|Aus einer unklaren Situation wird eine prüfbare Anfrage.:KEEP|Kurz zeigen:KEEP|Praktisch prüfen:KEEP|Sauber entscheiden:KEEP|Warum Kunden in Maps zuerst Vertrauen suchen:KEEP|Diese Hinweise wirken für Kunden besonders stark:KEEP|Was FLOXANT daraus praktisch macht:KEEP|Kurz gesagt:KEEP|Unsicheres Angebot oder offene Angaben? Erst einordnen, dann entscheiden.:KEEP|FAQ zu Google Maps und direkter Anfrage:KEEP",,KEEP,
/blog/anfrage-regensburg-richtig-stellen,de,Regensburg,guide,Ratgeber,Ratgeber in Regensburg verständlich erklären und zum passenden nächsten Schritt führen,"Umfang, Zugang, Zeitraum und Kontaktwunsch klären",Anfrage in Regensburg richtig stellen: welche Angaben FLOXANT schneller helfen,Anfrage in Regensburg richtig stellen: welche Angaben FLOXANT schneller helfen,Anfrage in Regensburg richtig stellen: so kommt FLOXANT schneller...,Anfrage in Regensburg richtig stellen: so kommt FLOXANT schneller...,Anfrage in Regensburg richtig stellen: so kommt FLOXANT schneller,"Welche Angaben bei Umzug, Reinigung, Entrümpelung oder Büroumzug in Regensburg die Vorprüfung schneller und die Rückmeldung klarer machen.",Angebot prüfen,Direkte Antwort|Leistungsumfang|benötigte Angaben|Aufwandstreiber|Ablauf|FAQ|verwandte Leistungen|nächster Schritt,interne Begriffe|fremde Standorte|nicht angebotene Leistungen|unbelegte Versprechen,,,4 sichtbare FAQ-Indikatoren,https://www.floxant.de/blog/anfrage-regensburg-richtig-stellen,index_follow,included,"Viele Anfragen scheitern nicht an zu wenig Interesse, sondern an zu wenig Klarheit. Wenn Service, Umfang, Ort und Zugang gleich sauber genannt werden, kommt die Rückmeldung meist deutlich schneller und passender.","Anfrage in Regensburg richtig stellen: welche Angaben FLOXANT schneller helfen:KEEP|Aus einer unklaren Situation wird eine prüfbare Anfrage.:KEEP|Kurz zeigen:KEEP|Praktisch prüfen:KEEP|Sauber entscheiden:KEEP|Warum klare Eckdaten mehr bringen als lange Texte:KEEP|Diese Angaben helfen am meisten:KEEP|Welcher FLOXANT Weg dann am besten passt:KEEP|Kurz gesagt:KEEP|Unsicheres Angebot oder offene Angaben? Erst einordnen, dann entscheiden.:KEEP|FAQ zur klaren Anfrage:KEEP",,KEEP,
/blog/google-unternehmensprofil-buchungslink-regensburg,de,Regensburg,guide,Ratgeber,Ratgeber in Regensburg verständlich erklären und zum passenden nächsten Schritt führen,"Umfang, Zugang, Zeitraum und Kontaktwunsch klären",Google-Unternehmensprofil in Regensburg: welcher Buchungslink Kunden wirklich hilft,Google-Unternehmensprofil in Regensburg: welcher Buchungslink Kunden wirklich hilft,Google-Unternehmensprofil in Regensburg: welcher Buchungslink...,Google-Unternehmensprofil in Regensburg: welcher Buchungslink...,Google-Unternehmensprofil in Regensburg: welcher Buchungslink...,"Warum ein klarer Buchungslink im Google-Unternehmensprofil mehr Vertrauen schafft und passendere Anfragen bringt. Regensburg-Service nach Leistung, Objektart, Fläche, Umfang, Zeitfenster, Zugang und Fotos prüfen lassen.",Angebot prüfen,Direkte Antwort|Leistungsumfang|benötigte Angaben|Aufwandstreiber|Ablauf|FAQ|verwandte Leistungen|nächster Schritt,interne Begriffe|fremde Standorte|nicht angebotene Leistungen|unbelegte Versprechen,,,4 sichtbare FAQ-Indikatoren,https://www.floxant.de/blog/google-unternehmensprofil-buchungslink-regensburg,index_follow,included,"Viele Profile in Google Maps verlinken auf eine Startseite, auf der Kunden erst wieder suchen müssen. Besser ist ein direkter Kontaktweg, der klar zeigt, wie die Anfrage jetzt sauber weitergeht.","Google-Unternehmensprofil in Regensburg: welcher Buchungslink Kunden wirklich hilft:KEEP|Aus einer unklaren Situation wird eine prüfbare Anfrage.:KEEP|Kurz zeigen:KEEP|Praktisch prüfen:KEEP|Sauber entscheiden:KEEP|Warum der Link im Unternehmensprofil mehr ist als nur ein Klickziel:KEEP|Was ein guter Link leisten sollte:KEEP|Wie FLOXANT das aufbaut:KEEP|Kurz gesagt:KEEP|Unsicheres Angebot oder offene Angaben? Erst einordnen, dann entscheiden.:KEEP|FAQ zum Buchungslink im Unternehmensprofil:KEEP",,KEEP,
/blog/grosse-reinigungsauftraege-regensburg-buero-hotel-praxis,de,Regensburg,guide,Reinigung,Reinigung in Regensburg verständlich erklären und zum passenden nächsten Schritt führen,"Umfang, Zugang, Zeitraum und Kontaktwunsch klären","Große Reinigungsaufträge in Regensburg: was Büro, Hotel und Praxis vorab klären sollten","Große Reinigungsaufträge in Regensburg: was Büro, Hotel und Praxis vorab klären sollten","Große Reinigungsaufträge in Regensburg: was Büro, Hotel und Praxis...","Große Reinigungsaufträge in Regensburg: was Büro, Hotel und Praxis...","Große Reinigungsaufträge in Regensburg: was Büro, Hotel und Praxi","Welche Angaben bei größeren B2B-Reinigungsanfragen in Regensburg helfen, damit aus Interesse ein belastbarer Auftrag wird. Regensburg-Service nach Leistung, Objektart, Fläche, Umfang, Zeitfenster, Zugang und Fotos...",Hotelreinigung prüfen,Direkte Antwort|Leistungsumfang|benötigte Angaben|Aufwandstreiber|Ablauf|FAQ|verwandte Leistungen|nächster Schritt,interne Begriffe|fremde Standorte|nicht angebotene Leistungen|unbelegte Versprechen,,,4 sichtbare FAQ-Indikatoren,https://www.floxant.de/blog/grosse-reinigungsauftraege-regensburg-buero-hotel-praxis,index_follow,included,"Bei größeren gewerblichen Reinigungsaufträgen geht es selten nur um Quadratmeter. Entscheidend sind Zuständigkeiten, Turnus, Zugänge und die Frage, wie sauber der Ablauf im Alltag wirklich funktionieren soll.","Große Reinigungsaufträge in Regensburg: was Büro, Hotel und Praxis vorab klären sollten:KEEP|Aus einer unklaren Situation wird eine prüfbare Anfrage.:KEEP|Zustand sehen:KEEP|Ziel klären:KEEP|Termin sichern:KEEP|Warum große Anfragen oft an kleinen Details hängen:KEEP|Welche Punkte vorab wirklich wichtig sind:KEEP|Wie FLOXANT solche Anfragen sauber einordnet:KEEP|Kurz gesagt:KEEP|Unsicheres Angebot oder offene Angaben? Erst einordnen, dann entscheiden.:KEEP|FAQ zu größeren B2B-Reinigungsanfragen:KEEP",,KEEP,
/blog/lokaler-dienstleister-regensburg-vorteile,de,Regensburg,guide,Ratgeber,Ratgeber in Regensburg verständlich erklären und zum passenden nächsten Schritt führen,"Umfang, Zugang, Zeitraum und Kontaktwunsch klären",Lokaler Dienstleister in Regensburg: warum Nähe bei Planung und Umsetzung zählt,Lokaler Dienstleister in Regensburg: warum Nähe bei Planung und Umsetzung zählt,"Lokaler Dienstleister in Regensburg | Vorteile für Umzug,...","Lokaler Dienstleister in Regensburg | Vorteile für Umzug,...",Lokaler Dienstleister in Regensburg,"Warum regionale Nähe in Regensburg bei Umzug, Reinigung und Entrümpelung oft für bessere Abstimmung, ehrlichere Vorprüfung und weniger Reibung sorgt.",Direkt anfragen,Direkte Antwort|Leistungsumfang|benötigte Angaben|Aufwandstreiber|Ablauf|FAQ|verwandte Leistungen|nächster Schritt,interne Begriffe|fremde Standorte|nicht angebotene Leistungen|unbelegte Versprechen,,,4 sichtbare FAQ-Indikatoren,https://www.floxant.de/blog/lokaler-dienstleister-regensburg-vorteile,index_follow,included,"Bei Umzug, Reinigung und Entrümpelung wirkt lokal manchmal wie ein weiches Argument. In der Praxis ist es oft sehr konkret: kürzere Wege, bessere Rückfragen, schnellere Einordnung und weniger Reibung zwischen Anfrage und Umsetzung.","Lokaler Dienstleister in Regensburg: warum Nähe bei Planung und Umsetzung zählt:KEEP|Aus einer unklaren Situation wird eine prüfbare Anfrage.:KEEP|Zustand sehen:KEEP|Ziel klären:KEEP|Termin sichern:KEEP|Regional heißt oft: weniger Umweg, mehr Klarheit:KEEP|Wo lokale Nähe besonders hilft:KEEP|Warum das auch für Google Maps und Direktklicks wichtig ist:KEEP|Kurz gesagt:KEEP|Unsicheres Angebot oder offene Angaben? Erst einordnen, dann entscheiden.:KEEP|FAQ zu lokalen Vorteilen in Regensburg:KEEP",,KEEP,
/blog/umzugsunternehmen-regensburg-auswahl,de,Regensburg,guide,Umzug,Umzug in Regensburg verständlich erklären und zum passenden nächsten Schritt führen,"Umfang, Zugang, Zeitraum und Kontaktwunsch klären",Umzugsunternehmen in Regensburg auswählen: worauf Kunden wirklich achten sollten,Umzugsunternehmen in Regensburg auswählen: worauf Kunden wirklich achten sollten,Umzugsunternehmen in Regensburg auswählen: worauf Kunden achten...,Umzugsunternehmen in Regensburg auswählen: worauf Kunden achten...,Umzugsunternehmen in Regensburg auswählen: worauf Kunden achten..,"Wie Kunden in Regensburg ein Umzugsunternehmen seriös bewerten: Ansprechpartner, Vorprüfung, Preisrahmen, Zugang, Planung und regionale Erfahrung.",Angebot prüfen,Direkte Antwort|Leistungsumfang|benötigte Angaben|Aufwandstreiber|Ablauf|FAQ|verwandte Leistungen|nächster Schritt,interne Begriffe|fremde Standorte|nicht angebotene Leistungen|unbelegte Versprechen,,,4 sichtbare FAQ-Indikatoren,https://www.floxant.de/blog/umzugsunternehmen-regensburg-auswahl,index_follow,included,"Viele Kunden vergleichen nur den ersten Preis. In der Praxis entscheiden aber Ansprechpartner, Vorprüfung, Zugang, Timing und regionale Erfahrung oft stärker darüber, ob ein Umzug ruhig und sauber läuft.","Umzugsunternehmen in Regensburg auswählen: worauf Kunden wirklich achten sollten:KEEP|Aus einer unklaren Situation wird eine prüfbare Anfrage.:KEEP|Angebot senden:KEEP|Lücken erkennen:KEEP|Alternative prüfen:KEEP|Nicht nur auf die erste Zahl schauen:KEEP|Welche Fragen vor einer Entscheidung sinnvoll sind:KEEP|Warum lokale Erfahrung in Regensburg hilft:KEEP|Kurz gesagt:KEEP|Unsicheres Angebot oder offene Angaben? Erst einordnen, dann entscheiden.:KEEP|FAQ zur Auswahl eines Umzugsunternehmens in Regensburg:KEEP",,KEEP,
/blog/reinigungsfirma-regensburg-buero-praxis-auswahl,de,Regensburg,guide,Reinigung,Reinigung in Regensburg verständlich erklären und zum passenden nächsten Schritt führen,"Umfang, Zugang, Zeitraum und Kontaktwunsch klären",Reinigungsfirma in Regensburg für Büro und Praxis auswählen,Reinigungsfirma in Regensburg für Büro und Praxis auswählen,Reinigungsfirma in Regensburg für Büro und Praxis auswählen |...,Reinigungsfirma in Regensburg für Büro und Praxis auswählen |...,Reinigungsfirma in Regensburg für Büro und Praxis auswählen,"Wie Unternehmen, Praxen und Verwaltungen in Regensburg eine passende Reinigungsfirma bewerten: Turnus, Ansprechpartner, Zugang, Qualitätskontrolle und B2B-Fit.",Praxisreinigung prüfen,Direkte Antwort|Leistungsumfang|benötigte Angaben|Aufwandstreiber|Ablauf|FAQ|verwandte Leistungen|nächster Schritt,interne Begriffe|fremde Standorte|nicht angebotene Leistungen|unbelegte Versprechen,,,4 sichtbare FAQ-Indikatoren,https://www.floxant.de/blog/reinigungsfirma-regensburg-buero-praxis-auswahl,index_follow,included,"Bei gewerblicher Reinigung reicht ein schneller Klick selten aus. Wer Büro, Praxis oder Verwaltung verantwortet, braucht eine Firma, die Zugang, Turnus, Ansprechpartner und Qualitätsanspruch wirklich sauber einordnet.","Reinigungsfirma in Regensburg für Büro und Praxis auswählen:KEEP|Aus einer unklaren Situation wird eine prüfbare Anfrage.:KEEP|Zustand sehen:KEEP|Ziel klären:KEEP|Termin sichern:KEEP|Warum B2B-Reinigung anders entschieden wird:KEEP|Welche Hinweise für eine passende Reinigungsfirma sprechen:KEEP|Was in Regensburg besonders hilft:KEEP|Kurz gesagt:KEEP|Unsicheres Angebot oder offene Angaben? Erst einordnen, dann entscheiden.:KEEP|FAQ zur Auswahl einer Reinigungsfirma in Regensburg:KEEP",,KEEP,
/blog/unterhaltsreinigung-regensburg-buero-praxis-hotel,de,Regensburg,guide,Unterhaltsreinigung,Unterhaltsreinigung in Regensburg verständlich erklären und zum passenden nächsten Schritt führen,"Umfang, Zugang, Zeitraum und Kontaktwunsch klären","Unterhaltsreinigung in Regensburg: worauf Büro, Praxis und Hotel achten sollten","Unterhaltsreinigung in Regensburg: worauf Büro, Praxis und Hotel achten sollten","Unterhaltsreinigung Regensburg für Büro, Praxis und Hotel | FLOXANT","Unterhaltsreinigung Regensburg für Büro, Praxis und Hotel | FLOXANT","Unterhaltsreinigung Regensburg für Büro, Praxis und Hotel","Worauf Unternehmen bei Unterhaltsreinigung in Regensburg achten sollten: Turnus, Zugang, Qualitätskontrolle, Ansprechpartner und klare B2B-Abläufe.",Angebot prüfen,Direkte Antwort|Leistungsumfang|benötigte Angaben|Aufwandstreiber|Ablauf|FAQ|verwandte Leistungen|nächster Schritt,interne Begriffe|fremde Standorte|nicht angebotene Leistungen|unbelegte Versprechen,,,4 sichtbare FAQ-Indikatoren,https://www.floxant.de/blog/unterhaltsreinigung-regensburg-buero-praxis-hotel,index_follow,included,"Gewerbliche Reinigung wird oft zu stark über Fläche und zu wenig über Betrieb gedacht. Für Büros, Praxen, Hotels und Objektverantwortliche sind meist ganz andere Fragen entscheidend: Wer kommt? Wie läuft die Abstimmung? Was passiert bei Änderungen? Und bleibt die Qualität wirklich konstant?","Unterhaltsreinigung in Regensburg: worauf Büro, Praxis und Hotel achten sollten:KEEP|Aus einer unklaren Situation wird eine prüfbare Anfrage.:KEEP|Zustand sehen:KEEP|Ziel klären:KEEP|Termin sichern:KEEP|Nicht nur sauber, sondern betriebstauglich:KEEP|Welche Punkte gute B2B-Reinigung von Standardanfragen unterscheiden:KEEP|Warum Regensburg lokal ein echter Vorteil sein kann:KEEP|Kurz gesagt:KEEP|Unsicheres Angebot oder offene Angaben? Erst einordnen, dann entscheiden.:KEEP|FAQ zur Unterhaltsreinigung:KEEP",,KEEP,
/blog/private-client-umzug-bayern-diskret-planen,de,Überregional,guide,Umzug,Umzug verständlich erklären und zum passenden nächsten Schritt führen,"Umfang, Zugang, Zeitraum und Kontaktwunsch klären",Diskreter Private-Client-Umzug in Bayern: was wirklich wichtig ist,Diskreter Private-Client-Umzug in Bayern: was wirklich wichtig ist,Diskreter Private-Client-Umzug in Bayern | FLOXANT,Diskreter Private-Client-Umzug in Bayern | FLOXANT,Diskreter Private-Client-Umzug in Bayern,"Wie Private-Client-Umzüge in Bayern ruhig, diskret und materialschonend geplant werden, für Anwesen, Residenzen und sensible Interieurs.",Angebot prüfen,Direkte Antwort|Leistungsumfang|benötigte Angaben|Aufwandstreiber|Ablauf|FAQ|verwandte Leistungen|nächster Schritt,interne Begriffe|fremde Standorte|nicht angebotene Leistungen|unbelegte Versprechen,,,4 sichtbare FAQ-Indikatoren,https://www.floxant.de/blog/private-client-umzug-bayern-diskret-planen,index_follow,included,"Bei sensiblen Privathaushalten geht es selten nur um Kartons und Transport. Oft stehen Designmöbel, empfindliche Oberflächen, ruhige Zeitfenster, Diskretion und ein sehr klarer Ablauf im Mittelpunkt. Genau dort trennt sich Standardservice von echter Private-Client-Planung.","Diskreter Private-Client-Umzug in Bayern: was wirklich wichtig ist:KEEP|Aus einer unklaren Situation wird eine prüfbare Anfrage.:KEEP|Kurz zeigen:KEEP|Praktisch prüfen:KEEP|Sauber entscheiden:KEEP|Worum es bei gehobenen Privathaushalten wirklich geht:KEEP|Schutzkonzept statt Standardlogik:KEEP|Warum persönliche Vorprüfung hier sinnvoller ist als ein Rechner:KEEP|Kurz gesagt:KEEP|Unsicheres Angebot oder offene Angaben? Erst einordnen, dann entscheiden.:KEEP|FAQ zum Private-Client-Umzug:KEEP",,KEEP,
/blog/family-office-umzug-bayern-diskret-abstimmen,de,Überregional,guide,Umzug,Umzug verständlich erklären und zum passenden nächsten Schritt führen,"Umfang, Zugang, Zeitraum und Kontaktwunsch klären",Family Office und Private Client in Bayern: wie diskrete Umzüge sauber abgestimmt werden,Family Office und Private Client in Bayern: wie diskrete Umzüge sauber abgestimmt werden,Family Office und Private Client in Bayern | Diskrete Umzüge...,Family Office und Private Client in Bayern | Diskrete Umzüge...,Family Office und Private Client in Bayern,"Wie Eigentümer, Assistenz und Family Office sensible Umzüge, Übergaben und Schutzbedarf in Bayern diskret und sauber koordinieren. Fotos, Termin, Umfang und Preisrahmen direkt senden und Machbarkeit prüfen lassen.",Angebot prüfen,Direkte Antwort|Leistungsumfang|benötigte Angaben|Aufwandstreiber|Ablauf|FAQ|verwandte Leistungen|nächster Schritt,interne Begriffe|fremde Standorte|nicht angebotene Leistungen|unbelegte Versprechen,,,4 sichtbare FAQ-Indikatoren,https://www.floxant.de/blog/family-office-umzug-bayern-diskret-abstimmen,index_follow,included,"Bei sensiblen Privathaushalten entscheidet selten nur die Logistik. Wichtiger sind Zuständigkeiten, Diskretion, Objektverständnis und ein Ablauf, der für Eigentümer, Assistenz und Family Office ruhig und belastbar bleibt.","Family Office und Private Client in Bayern: wie diskrete Umzüge sauber abgestimmt werden:KEEP|Aus einer unklaren Situation wird eine prüfbare Anfrage.:KEEP|Kurz zeigen:KEEP|Praktisch prüfen:KEEP|Sauber entscheiden:KEEP|Warum Abstimmung hier mehr zählt als Geschwindigkeit:KEEP|Welche Punkte vorab sauber geklärt werden sollten:KEEP|Warum FLOXANT hier bewusst nicht mit Standardrechner arbeitet:KEEP|Kurz gesagt:KEEP|Unsicheres Angebot oder offene Angaben? Erst einordnen, dann entscheiden.:KEEP|FAQ zu Family Office und Private Client:KEEP",,KEEP,
/blog/direkt-anfragen-statt-vergleichsportal-regensburg,de,Regensburg,guide,Ratgeber,Ratgeber in Regensburg verständlich erklären und zum passenden nächsten Schritt führen,"Umfang, Zugang, Zeitraum und Kontaktwunsch klären",Direkt anfragen statt Vergleichsportal: warum klare Buchungswege besser sind,Direkt anfragen statt Vergleichsportal: warum klare Buchungswege besser sind,Direkt anfragen statt Vergleichsportal | FLOXANT Regensburg,Direkt anfragen statt Vergleichsportal | FLOXANT Regensburg,Direkt anfragen statt Vergleichsportal,"Warum direkte Kontaktwege für Umzug, Reinigung und Entrümpelung oft schneller, ehrlicher und planbarer sind als Vergleichsportale. Regensburg-Service nach Leistung, Objektart, Fläche, Umfang, Zeitfenster, Zugang und...",Angebot prüfen,Direkte Antwort|Leistungsumfang|benötigte Angaben|Aufwandstreiber|Ablauf|FAQ|verwandte Leistungen|nächster Schritt,interne Begriffe|fremde Standorte|nicht angebotene Leistungen|unbelegte Versprechen,,,4 sichtbare FAQ-Indikatoren,https://www.floxant.de/blog/direkt-anfragen-statt-vergleichsportal-regensburg,index_follow,included,"Viele Kunden möchten schnell vergleichen. Das ist nachvollziehbar. In der Praxis führen direkte Kontaktwege aber oft schneller zum passenden Ergebnis – gerade bei Umzug, Reinigung und Entrümpelung, wo Details wichtiger sind als eine plakative Zahl.","Direkt anfragen statt Vergleichsportal: warum klare Buchungswege besser sind:KEEP|Aus einer unklaren Situation wird eine prüfbare Anfrage.:KEEP|Angebot senden:KEEP|Lücken erkennen:KEEP|Alternative prüfen:KEEP|Der eigentliche Vorteil direkter Kontaktwege:KEEP|Wo Vergleichsportale oft Reibung erzeugen:KEEP|Was eine gute Buchungsseite leisten sollte:KEEP|Kurz gesagt:KEEP|Unsicheres Angebot oder offene Angaben? Erst einordnen, dann entscheiden.:KEEP|FAQ zu direkter Anfrage statt Vergleichsportal:KEEP",,KEEP,
/blog/preisrahmen-vorpruefung-statt-festpreis,de,Überregional,guide,Ratgeber,Ratgeber verständlich erklären und zum passenden nächsten Schritt führen,"Umfang, Zugang, Zeitraum und Kontaktwunsch klären",Preisrahmen statt Festpreis: Warum Vorprüfung ehrlicher ist,Preisrahmen statt Festpreis: Warum Vorprüfung ehrlicher ist,Preisrahmen statt Festpreis | Warum Vorprüfung ehrlicher ist,Preisrahmen statt Festpreis | Warum Vorprüfung ehrlicher ist,Preisrahmen statt Festpreis,"Warum FLOXANT bei Umzug, Reinigung und Entrümpelung zuerst mit unverbindlichem Preisrahmen und sauberer Vorprüfung arbeitet. Fotos, Termin, Umfang und Preisrahmen direkt senden und Machbarkeit prüfen lassen.",Angebot prüfen,Direkte Antwort|Leistungsumfang|benötigte Angaben|Aufwandstreiber|Ablauf|FAQ|verwandte Leistungen|nächster Schritt,interne Begriffe|fremde Standorte|nicht angebotene Leistungen|unbelegte Versprechen,,,4 sichtbare FAQ-Indikatoren,https://www.floxant.de/blog/preisrahmen-vorpruefung-statt-festpreis,index_follow,included,"Viele Dienstleistungsseiten versprechen schnelle Preise. Bei Umzug, Reinigung und Entrümpelung ist das oft nicht ehrlich genug. FLOXANT trennt deshalb Orientierung, Vorprüfung und konkretes Angebot sauber voneinander.","Preisrahmen statt Festpreis: Warum Vorprüfung ehrlicher ist:KEEP|Aus einer unklaren Situation wird eine prüfbare Anfrage.:KEEP|Angebot senden:KEEP|Lücken erkennen:KEEP|Alternative prüfen:KEEP|Warum exakte Onlinepreise oft trügen:KEEP|Was eine gute Vorprüfung leisten muss:KEEP|Wie Kunden den besten Preisrahmen erhalten:KEEP|Kurz gesagt:KEEP|Unsicheres Angebot oder offene Angaben? Erst einordnen, dann entscheiden.:KEEP|FAQ zu Preisrahmen und Vorprüfung:KEEP",,KEEP,
/blog/budget-planung-umzug-kosten,de,Überregional,guide,Umzug,Umzug verständlich erklären und zum passenden nächsten Schritt führen,"Umfang, Zugang, Zeitraum und Kontaktwunsch klären",Budgetplanung beim Umzug: Preisvorstellung richtig nutzen,Budgetplanung beim Umzug: Preisvorstellung richtig nutzen,Budgetplanung beim Umzug | Preisvorstellung richtig nutzen,Budgetplanung beim Umzug | Preisvorstellung richtig nutzen,Budgetplanung beim Umzug,"Wie Kunden ein Zielbudget für Umzug, Reinigung oder Entrümpelung sinnvoll angeben, ohne falsche Preisversprechen zu erzeugen. Fotos, Termin, Umfang und Preisrahmen direkt senden und Machbarkeit prüfen lassen.",Angebot prüfen,Direkte Antwort|Leistungsumfang|benötigte Angaben|Aufwandstreiber|Ablauf|FAQ|verwandte Leistungen|nächster Schritt,interne Begriffe|fremde Standorte|nicht angebotene Leistungen|unbelegte Versprechen,,,4 sichtbare FAQ-Indikatoren,https://www.floxant.de/blog/budget-planung-umzug-kosten,index_follow,included,"Ein Zielbudget kann sehr hilfreich sein, wenn es richtig eingeordnet wird. Es ist kein Ersatz für die konkrete Prüfung, aber ein gutes Hinweis dafür, welche Lösung für den Kunden wirklich passend ist.","Budgetplanung beim Umzug: Preisvorstellung richtig nutzen:KEEP|Aus einer unklaren Situation wird eine prüfbare Anfrage.:KEEP|Angebot senden:KEEP|Lücken erkennen:KEEP|Alternative prüfen:KEEP|Budget ist ein Rahmen, kein Endpreis:KEEP|Wie Budget bei der Priorisierung hilft:KEEP|So formulieren Sie Ihr Budget sinnvoll:KEEP|Kurz gesagt:KEEP|Unsicheres Angebot oder offene Angaben? Erst einordnen, dann entscheiden.:KEEP|FAQ zur Budgetplanung:KEEP",,KEEP,
/blog/signatur-services-floxant-bayern,de,Überregional,guide,Ratgeber,Ratgeber verständlich erklären und zum passenden nächsten Schritt führen,"Umfang, Zugang, Zeitraum und Kontaktwunsch klären",FLOXANT Signature Services: Angebotsprüfung und besondere Situationen richtig einordnen,FLOXANT Signature Services: Angebotsprüfung und besondere Situationen richtig einordnen,FLOXANT Signature Services | Angebotsprüfung & besondere Situationen,FLOXANT Signature Services | Angebotsprüfung & besondere Situationen,FLOXANT Signature Services,"FLOXANT Signature Services: Angebotsprüfung, Vor-Ort-Prüfung, Objektbetreuung, Plan B, Leerstand, Übergabe und zusätzliche Hilfe ab Regensburg.",Angebot prüfen,Direkte Antwort|Leistungsumfang|benötigte Angaben|Aufwandstreiber|Ablauf|FAQ|verwandte Leistungen|nächster Schritt,interne Begriffe|fremde Standorte|nicht angebotene Leistungen|unbelegte Versprechen,,,5 sichtbare FAQ-Indikatoren,https://www.floxant.de/blog/signatur-services-floxant-bayern,index_follow,included,"Nicht jede Anfrage passt in eine einfache Schublade. Genau dafür bündelt FLOXANT die Signature Services: klare Startpunkte für Angebote, Objektaufgaben, Übergaben, Leerstand, Plan B, Vor-Ort-Prüfung und besondere Kundensituationen.","FLOXANT Signature Services: Angebotsprüfung und besondere Situationen richtig einordnen:KEEP|Aus einer unklaren Situation wird eine prüfbare Anfrage.:KEEP|Angebot senden:KEEP|Lücken erkennen:KEEP|Alternative prüfen:KEEP|Die kurze Antwort:KEEP|Angebot prüfen ist der zentrale Hebel:KEEP|Welche zusätzliche Hilfe unter FLOXANT läuft:KEEP|Regionen sauber trennen:KEEP|So fragt man richtig an:KEEP|Kurz gesagt:KEEP|Unsicheres Angebot oder offene Angaben? Erst einordnen, dann entscheiden.:KEEP|FAQ zu FLOXANT Signature Services:KEEP",,KEEP,
/blog/regensburg-bayern-servicegebiet-richtig-planen,de,Regensburg,guide,Ratgeber,Ratgeber in Regensburg verständlich erklären und zum passenden nächsten Schritt führen,"Umfang, Zugang, Zeitraum und Kontaktwunsch klären",Regensburg und Bayern: Servicegebiet richtig planen,Regensburg und Bayern: Servicegebiet richtig planen,Regensburg & Bayern | Servicegebiet richtig planen,Regensburg & Bayern | Servicegebiet richtig planen,Regensburg & Bayern,"Warum Region, Strecke und Verfügbarkeit wichtig sind: Reinigung lokal um Regensburg, andere Services separat nach Machbarkeit. Regensburg-Service nach Leistung, Objektart, Fläche, Umfang, Zeitfenster, Zugang und Fotos...",Angebot prüfen,Direkte Antwort|Leistungsumfang|benötigte Angaben|Aufwandstreiber|Ablauf|FAQ|verwandte Leistungen|nächster Schritt,interne Begriffe|fremde Standorte|nicht angebotene Leistungen|unbelegte Versprechen,,,4 sichtbare FAQ-Indikatoren,https://www.floxant.de/blog/regensburg-bayern-servicegebiet-richtig-planen,index_follow,included,"Bei lokalen Dienstleistungen zählt nicht nur die Leistung selbst, sondern auch die Region. Regensburg ist für FLOXANT der Ausgangspunkt, Bayern der Ausbau. Diese Einordnung macht Termine, Strecken und Preisrahmen realistischer.","Regensburg und Bayern: Servicegebiet richtig planen:KEEP|Aus einer unklaren Situation wird eine prüfbare Anfrage.:KEEP|Angebot senden:KEEP|Lücken erkennen:KEEP|Alternative prüfen:KEEP|Warum die Region für Ihre Planung wichtig ist:KEEP|Regensburg als Ausgangspunkt:KEEP|Bayern realistisch ausbauen:KEEP|Kurz gesagt:KEEP|Unsicheres Angebot oder offene Angaben? Erst einordnen, dann entscheiden.:KEEP|FAQ zu Regensburg und Bayern:KEEP",,KEEP,
/blog/endreinigung-regensburg-checkliste,de,Regensburg,guide,Reinigung,Reinigung in Regensburg verständlich erklären und zum passenden nächsten Schritt führen,"Umfang, Zugang, Zeitraum und Kontaktwunsch klären",Endreinigung in Regensburg: die kurze Checkliste vor der Übergabe,Endreinigung in Regensburg: die kurze Checkliste vor der Übergabe,Endreinigung in Regensburg: Checkliste für Wohnung und Übergabe |...,Endreinigung in Regensburg: Checkliste für Wohnung und Übergabe |...,Endreinigung in Regensburg: Checkliste für Wohnung und Übergabe,"Welche Punkte sind bei einer Endreinigung in Regensburg wirklich wichtig? Checkliste, Preisfaktoren, Ablauf und typische Fehler vor der Übergabe.",Angebot prüfen,Direkte Antwort|Leistungsumfang|benötigte Angaben|Aufwandstreiber|Ablauf|FAQ|verwandte Leistungen|nächster Schritt,interne Begriffe|fremde Standorte|nicht angebotene Leistungen|unbelegte Versprechen,,,6 sichtbare FAQ-Indikatoren,https://www.floxant.de/blog/endreinigung-regensburg-checkliste,index_follow,included,"Eine gute Endreinigung ist kein Luxus, sondern oft der letzte kritische Schritt vor Schlüsselabgabe, Abnahme oder Neuvermietung. Entscheidend ist nicht möglichst viel Aufwand, sondern der richtige Umfang.","Endreinigung in Regensburg: die kurze Checkliste vor der Übergabe:KEEP|Aus einer unklaren Situation wird eine prüfbare Anfrage.:KEEP|Zustand sehen:KEEP|Ziel klären:KEEP|Termin sichern:KEEP|Was ist bei einer Endreinigung wirklich relevant?:KEEP|Die kompakte Checkliste vor der Wohnungsübergabe:KEEP|Wie FLOXANT den Umfang einordnet:KEEP|Kurz gesagt:KEEP|Unsicheres Angebot oder offene Angaben? Erst einordnen, dann entscheiden.:KEEP|FAQ zur Endreinigung in Regensburg:KEEP",,KEEP,
/blog/beiladung-bayern-wann-lohnt-es-sich,de,Überregional,guide,Ratgeber,Ratgeber verständlich erklären und zum passenden nächsten Schritt führen,"Umfang, Zugang, Zeitraum und Kontaktwunsch klären",Beiladung in Bayern: wann sie sich wirklich lohnt,Beiladung in Bayern: wann sie sich wirklich lohnt,Beiladung in Bayern richtig einordnen | FLOXANT,Beiladung in Bayern richtig einordnen | FLOXANT,Beiladung in Bayern richtig einordnen,"Beiladung für Bayern richtig einordnen: Vorteile, Grenzen, Preisfaktoren und wann ein eigener Umzug sinnvoller ist. Fotos, Termin, Umfang und Preisrahmen direkt senden und Machbarkeit prüfen lassen.",Angebot prüfen,Direkte Antwort|Leistungsumfang|benötigte Angaben|Aufwandstreiber|Ablauf|FAQ|verwandte Leistungen|nächster Schritt,interne Begriffe|fremde Standorte|nicht angebotene Leistungen|unbelegte Versprechen,,,6 sichtbare FAQ-Indikatoren,https://www.floxant.de/blog/beiladung-bayern-wann-lohnt-es-sich,index_follow,included,"Beiladung klingt oft einfach, wird aber in der Planung häufig falsch eingeschätzt. Nicht jede kleine Menge ist automatisch ein guter Beiladungsfall. Entscheidend sind Terminspielraum, Transportweg und Zusatzaufwand.","Beiladung in Bayern: wann sie sich wirklich lohnt:KEEP|Aus einer unklaren Situation wird eine prüfbare Anfrage.:KEEP|Kurz zeigen:KEEP|Praktisch prüfen:KEEP|Sauber entscheiden:KEEP|Was ist Beiladung und für wen ist sie gedacht?:KEEP|Die stärksten Vorteile:KEEP|Wann ein eigener Umzug oder Kleintransport besser ist:KEEP|Kurz gesagt:KEEP|Unsicheres Angebot oder offene Angaben? Erst einordnen, dann entscheiden.:KEEP|FAQ zur Beiladung in Bayern:KEEP",,KEEP,
/blog/umzug-mit-reinigung-regensburg,de,Regensburg,guide,Umzug,Umzug in Regensburg verständlich erklären und zum passenden nächsten Schritt führen,"Umfang, Zugang, Zeitraum und Kontaktwunsch klären",Umzug mit Reinigung in Regensburg: Wann sich der Kombiservice lohnt,Umzug mit Reinigung in Regensburg: Wann sich der Kombiservice lohnt,Umzug mit Reinigung in Regensburg sinnvoll planen | FLOXANT,Umzug mit Reinigung in Regensburg sinnvoll planen | FLOXANT,Umzug mit Reinigung in Regensburg sinnvoll planen,"Wann lohnt sich der Kombiservice aus Umzug und Reinigung? FLOXANT erklärt Ablauf, Vorteile und Preislogik für Regensburg und 50 km Umkreis.",Angebot prüfen,Direkte Antwort|Leistungsumfang|benötigte Angaben|Aufwandstreiber|Ablauf|FAQ|verwandte Leistungen|nächster Schritt,interne Begriffe|fremde Standorte|nicht angebotene Leistungen|unbelegte Versprechen,,,6 sichtbare FAQ-Indikatoren,https://www.floxant.de/blog/umzug-mit-reinigung-regensburg,index_follow,included,"Viele Übergaben scheitern nicht am eigentlichen Umzug, sondern an der Schnittstelle danach. Wenn Transport, Restmengen, Reinigung und Schlüsselübergabe eng zusammenliegen, ist ein koordinierter Kombiservice oft der sauberere Weg.","Umzug mit Reinigung in Regensburg: Wann sich der Kombiservice lohnt:KEEP|Aus einer unklaren Situation wird eine prüfbare Anfrage.:KEEP|Zustand sehen:KEEP|Ziel klären:KEEP|Termin sichern:KEEP|Was ist der Vorteil eines Kombiservices?:KEEP|Wann ist die Kombination besonders sinnvoll?:KEEP|Wie FLOXANT den Aufwand einordnet:KEEP|Kurz gesagt:KEEP|Unsicheres Angebot oder offene Angaben? Erst einordnen, dann entscheiden.:KEEP|FAQ zu Umzug mit Reinigung:KEEP",,KEEP,
/blog/preisvorstellung-umzug-anfrage,de,Überregional,guide,Umzug,Umzug verständlich erklären und zum passenden nächsten Schritt führen,"Umfang, Zugang, Zeitraum und Kontaktwunsch klären",Preisvorstellung bei der Umzugsanfrage: sinnvoll oder riskant?,Preisvorstellung bei der Umzugsanfrage: sinnvoll oder riskant?,Preisvorstellung bei der Umzugsanfrage richtig nutzen | FLOXANT,Preisvorstellung bei der Umzugsanfrage richtig nutzen | FLOXANT,Preisvorstellung bei der Umzugsanfrage richtig nutzen,"Wie sinnvoll ist eine Preisvorstellung bei Umzug, Reinigung oder Entrümpelung? FLOXANT erklärt Nutzen, Grenzen und die richtige Formulierung.",Angebot prüfen,Direkte Antwort|Leistungsumfang|benötigte Angaben|Aufwandstreiber|Ablauf|FAQ|verwandte Leistungen|nächster Schritt,interne Begriffe|fremde Standorte|nicht angebotene Leistungen|unbelegte Versprechen,,,5 sichtbare FAQ-Indikatoren,https://www.floxant.de/blog/preisvorstellung-umzug-anfrage,index_follow,included,"Viele Kunden möchten nicht erst am Ende über Geld sprechen. Das ist verständlich. Entscheidend ist aber, wie eine Preisvorstellung kommuniziert wird: als Orientierung für die Planung, nicht als Forderung nach einem passend gerechneten Endpreis.","Preisvorstellung bei der Umzugsanfrage: sinnvoll oder riskant?:KEEP|Aus einer unklaren Situation wird eine prüfbare Anfrage.:KEEP|Angebot senden:KEEP|Lücken erkennen:KEEP|Alternative prüfen:KEEP|Warum eine Preisvorstellung hilfreich sein kann:KEEP|Wo die Grenze liegt:KEEP|Wie Sie Ihre Preisvorstellung sinnvoll formulieren:KEEP|Kurz gesagt:KEEP|Unsicheres Angebot oder offene Angaben? Erst einordnen, dann entscheiden.:KEEP|FAQ zur Preisvorstellung:KEEP",,KEEP,
/blog/schluesseluebergabe-ohne-stress,de,Überregional,guide,Ratgeber,Ratgeber verständlich erklären und zum passenden nächsten Schritt führen,"Umfang, Zugang, Zeitraum und Kontaktwunsch klären",Schlüsselübergabe ohne Stress: so bleibt der Ablauf sauber,Schlüsselübergabe ohne Stress: so bleibt der Ablauf sauber,Schlüsselübergabe ohne Stress vorbereiten | FLOXANT,Schlüsselübergabe ohne Stress vorbereiten | FLOXANT,Schlüsselübergabe ohne Stress vorbereiten,"Wie gelingt eine saubere Schlüsselübergabe nach Umzug oder Reinigung? FLOXANT zeigt die wichtigsten Schritte für einen ruhigen Ablauf. Fotos, Termin, Umfang und Preisrahmen direkt senden und Machbarkeit prüfen lassen.",Angebot prüfen,Direkte Antwort|Leistungsumfang|benötigte Angaben|Aufwandstreiber|Ablauf|FAQ|verwandte Leistungen|nächster Schritt,interne Begriffe|fremde Standorte|nicht angebotene Leistungen|unbelegte Versprechen,,,4 sichtbare FAQ-Indikatoren,https://www.floxant.de/blog/schluesseluebergabe-ohne-stress,index_follow,included,"Die Schlüsselübergabe ist oft der Moment, an dem sichtbar wird, ob ein Auszug wirklich gut geplant war. Wer Restmengen, Reinigung, letzte Schäden und Timing unterschätzt, gerät am Ende unnötig unter Druck.","Schlüsselübergabe ohne Stress: so bleibt der Ablauf sauber:KEEP|Aus einer unklaren Situation wird eine prüfbare Anfrage.:KEEP|Zustand sehen:KEEP|Ziel klären:KEEP|Termin sichern:KEEP|Warum Übergaben so oft kippen:KEEP|Was eine saubere Übergabe braucht:KEEP|Wie FLOXANT den Übergabeablauf stärkt:KEEP|Kurz gesagt:KEEP|Unsicheres Angebot oder offene Angaben? Erst einordnen, dann entscheiden.:KEEP|FAQ zur Schlüsselübergabe:KEEP",,KEEP,
/blog/einlagerung-beim-umzug-wann-sinnvoll,de,Überregional,guide,Umzug,Umzug verständlich erklären und zum passenden nächsten Schritt führen,"Umfang, Zugang, Zeitraum und Kontaktwunsch klären",Einlagerung beim Umzug: wann sie sinnvoll ist und wann nicht,Einlagerung beim Umzug: wann sie sinnvoll ist und wann nicht,Einlagerung beim Umzug richtig einordnen | FLOXANT,Einlagerung beim Umzug richtig einordnen | FLOXANT,Einlagerung beim Umzug richtig einordnen,"Wann ist Einlagerung beim Umzug sinnvoll? FLOXANT erklärt typische Fälle, Preisfaktoren und warum sie oft mehr Ruhe in den Ablauf bringt.",Angebot prüfen,Direkte Antwort|Leistungsumfang|benötigte Angaben|Aufwandstreiber|Ablauf|FAQ|verwandte Leistungen|nächster Schritt,interne Begriffe|fremde Standorte|nicht angebotene Leistungen|unbelegte Versprechen,,,4 sichtbare FAQ-Indikatoren,https://www.floxant.de/blog/einlagerung-beim-umzug-wann-sinnvoll,index_follow,included,"Einlagerung wirkt auf den ersten Blick wie ein Zusatzthema. In der Praxis ist sie oft der Unterschied zwischen einem hektischen Umzugstag und einem kontrollierten Ablauf, wenn Übergaben oder Zielobjekte zeitlich nicht sauber zusammenpassen.","Einlagerung beim Umzug: wann sie sinnvoll ist und wann nicht:KEEP|Aus einer unklaren Situation wird eine prüfbare Anfrage.:KEEP|Zustand sehen:KEEP|Ziel klären:KEEP|Termin sichern:KEEP|Typische Fälle für Einlagerung:KEEP|Warum sie die Kundenerfahrung verbessert:KEEP|Wie FLOXANT Einlagerung einordnet:KEEP|Kurz gesagt:KEEP|Unsicheres Angebot oder offene Angaben? Erst einordnen, dann entscheiden.:KEEP|FAQ zur Einlagerung:KEEP",,KEEP,
/blog/express-umzug-regensburg,de,Regensburg,guide,Umzug,Umzug in Regensburg verständlich erklären und zum passenden nächsten Schritt führen,"Umfang, Zugang, Zeitraum und Kontaktwunsch klären",Express-Umzug in Regensburg: was kurzfristig wirklich machbar ist,Express-Umzug in Regensburg: was kurzfristig wirklich machbar ist,Express-Umzug in Regensburg realistisch vorbereiten | FLOXANT,Express-Umzug in Regensburg realistisch vorbereiten | FLOXANT,Express-Umzug in Regensburg realistisch vorbereiten,"Was ist bei einem Express-Umzug in Regensburg wirklich machbar? FLOXANT erklärt, welche Angaben für eine schnelle und saubere Vorprüfung nötig sind.",Angebot prüfen,Direkte Antwort|Leistungsumfang|benötigte Angaben|Aufwandstreiber|Ablauf|FAQ|verwandte Leistungen|nächster Schritt,interne Begriffe|fremde Standorte|nicht angebotene Leistungen|unbelegte Versprechen,,,4 sichtbare FAQ-Indikatoren,https://www.floxant.de/blog/express-umzug-regensburg,index_follow,included,"Kurzfristige Umzüge sind nicht automatisch chaotisch. Sie werden es nur dann, wenn wichtige Angaben fehlen. Wer bei einer Express-Anfrage die richtigen Informationen mitgibt, verbessert die Chancen auf eine saubere schnelle Einordnung deutlich.","Express-Umzug in Regensburg: was kurzfristig wirklich machbar ist:KEEP|Aus einer unklaren Situation wird eine prüfbare Anfrage.:KEEP|Kurz zeigen:KEEP|Praktisch prüfen:KEEP|Sauber entscheiden:KEEP|Was FLOXANT bei einer Eilanfrage zuerst braucht:KEEP|Was kurzfristig oft unterschätzt wird:KEEP|Wie FLOXANT Express sinnvoll einordnet:KEEP|Kurz gesagt:KEEP|Unsicheres Angebot oder offene Angaben? Erst einordnen, dann entscheiden.:KEEP|FAQ zum Express-Umzug:KEEP",,KEEP,
/blog/google-maps-buchungslink-regensburg,de,Regensburg,guide,Ratgeber,Ratgeber in Regensburg verständlich erklären und zum passenden nächsten Schritt führen,"Umfang, Zugang, Zeitraum und Kontaktwunsch klären",Google Maps Buchungslink in Regensburg: worauf es für klare Anfragen ankommt,Google Maps Buchungslink in Regensburg: worauf es für klare Anfragen ankommt,Google Maps Buchungslink in Regensburg: worauf es ankommt | FLOXANT,Google Maps Buchungslink in Regensburg: worauf es ankommt | FLOXANT,Google Maps Buchungslink in Regensburg: worauf es ankommt,"Wie ein klarer Buchungslink für Google Maps, direkte Empfehlungen und lokale Suchanfragen mehr Vertrauen und bessere Anfragen erzeugt. Regensburg-Service nach Leistung, Objektart, Fläche, Umfang, Zeitfenster, Zugang...",Angebot prüfen,Direkte Antwort|Leistungsumfang|benötigte Angaben|Aufwandstreiber|Ablauf|FAQ|verwandte Leistungen|nächster Schritt,interne Begriffe|fremde Standorte|nicht angebotene Leistungen|unbelegte Versprechen,,,4 sichtbare FAQ-Indikatoren,https://www.floxant.de/blog/google-maps-buchungslink-regensburg,index_follow,included,"Viele Unternehmen verlinken aus Google Maps einfach auf die Startseite. Das ist oft verschenktes Potenzial. Wer in Maps klickt, will nicht noch einmal suchen, sondern schnell den richtigen Kontaktweg finden.","Google Maps Buchungslink in Regensburg: worauf es für klare Anfragen ankommt:KEEP|Aus einer unklaren Situation wird eine prüfbare Anfrage.:KEEP|Kurz zeigen:KEEP|Praktisch prüfen:KEEP|Sauber entscheiden:KEEP|Was ein guter Maps-Link leisten sollte:KEEP|Warum eine allgemeine Startseite oft zu viel Reibung erzeugt:KEEP|Wie FLOXANT diesen Weg sauber aufbaut:KEEP|Kurz gesagt:KEEP|Unsicheres Angebot oder offene Angaben? Erst einordnen, dann entscheiden.:KEEP|FAQ zum Google Maps Buchungslink:KEEP",,KEEP,
/blog/gewerbereinigung-regensburg-objekte-b2b,de,Regensburg,guide,Gewerbereinigung,Gewerbereinigung in Regensburg verständlich erklären und zum passenden nächsten Schritt führen,"Umfang, Zugang, Zeitraum und Kontaktwunsch klären",Gewerbereinigung in Regensburg für große Objekte richtig anfragen,Gewerbereinigung in Regensburg für große Objekte richtig anfragen,Gewerbereinigung in Regensburg für große Objekte richtig anfragen...,Gewerbereinigung in Regensburg für große Objekte richtig anfragen...,Gewerbereinigung in Regensburg für große Objekte richtig anfragen,"Wie Büro, Praxis, Hotel, Kanzlei, Hausverwaltung und größere Objekte in Regensburg eine B2B-Reinigung sauber und wirtschaftlich anfragen.",Hotelreinigung prüfen,Direkte Antwort|Leistungsumfang|benötigte Angaben|Aufwandstreiber|Ablauf|FAQ|verwandte Leistungen|nächster Schritt,interne Begriffe|fremde Standorte|nicht angebotene Leistungen|unbelegte Versprechen,,,4 sichtbare FAQ-Indikatoren,https://www.floxant.de/blog/gewerbereinigung-regensburg-objekte-b2b,index_follow,included,"Nicht jede Reinigungsanfrage ist gleich. Wer Büro, Praxis, Hotel, Kanzlei, Treppenhaus oder Verwaltungsflächen betreuen lassen will, braucht klare Angaben zu Fläche, Turnus, Zugang und Verantwortlichkeit.","Gewerbereinigung in Regensburg für große Objekte richtig anfragen:KEEP|Aus einer unklaren Situation wird eine prüfbare Anfrage.:KEEP|Zustand sehen:KEEP|Ziel klären:KEEP|Termin sichern:KEEP|Warum B2B-Reinigung anders gesucht wird:KEEP|Welche Objektarten wirtschaftlich stark sein können:KEEP|Warum gewerbliche Anfragen anders sortiert werden müssen:KEEP|Kurz gesagt:KEEP|Unsicheres Angebot oder offene Angaben? Erst einordnen, dann entscheiden.:KEEP|FAQ zur Gewerbereinigung für große Objekte:KEEP",,KEEP,
/blog/hausverwaltung-treppenhausreinigung-regensburg,de,Regensburg,guide,Treppenhausreinigung,Treppenhausreinigung in Regensburg verständlich erklären und zum passenden nächsten Schritt führen,"Umfang, Zugang, Zeitraum und Kontaktwunsch klären",Treppenhausreinigung in Regensburg: worauf Hausverwaltungen wirklich achten,Treppenhausreinigung in Regensburg: worauf Hausverwaltungen wirklich achten,Treppenhausreinigung Regensburg für Hausverwaltungen | FLOXANT,Treppenhausreinigung Regensburg für Hausverwaltungen | FLOXANT,Treppenhausreinigung Regensburg für Hausverwaltungen,"Was Hausverwaltungen in Regensburg bei Treppenhausreinigung, Turnus, Zugang und Ansprechpartnern vor der Anfrage sauber klären sollten.",Treppenhausreinigung anfragen,Direkte Antwort|Leistungsumfang|benötigte Angaben|Aufwandstreiber|Ablauf|FAQ|verwandte Leistungen|nächster Schritt,interne Begriffe|fremde Standorte|nicht angebotene Leistungen|unbelegte Versprechen,,,4 sichtbare FAQ-Indikatoren,https://www.floxant.de/blog/hausverwaltung-treppenhausreinigung-regensburg,index_follow,included,"Bei Hausverwaltungen geht es selten nur ums Putzen. Entscheidend sind Turnus, Zugang, Schlüsselwege, Ansprechpartner und die Frage, ob die Ausführung im Alltag wirklich ruhig und verlässlich funktioniert.","Treppenhausreinigung in Regensburg: worauf Hausverwaltungen wirklich achten:KEEP|Aus einer unklaren Situation wird eine prüfbare Anfrage.:KEEP|Zustand sehen:KEEP|Ziel klären:KEEP|Termin sichern:KEEP|Warum Hausverwaltungen andere Hinweise brauchen als private Einzelanfragen:KEEP|Diese Angaben machen eine Anfrage deutlich belastbarer:KEEP|Was Kunden in Regensburg wirklich überzeugt:KEEP|Kurz gesagt:KEEP|Unsicheres Angebot oder offene Angaben? Erst einordnen, dann entscheiden.:KEEP|FAQ zur Treppenhausreinigung für Hausverwaltungen:KEEP",,KEEP,
/blog/bueroreinigung-regensburg-angebot-einholen,de,Regensburg,guide,Büroreinigung,Büroreinigung in Regensburg verständlich erklären und zum passenden nächsten Schritt führen,"Umfang, Zugang, Zeitraum und Kontaktwunsch klären",Büroreinigung in Regensburg anfragen: welche Angaben vor dem Angebot zählen,Büroreinigung in Regensburg anfragen: welche Angaben vor dem Angebot zählen,Büroreinigung in Regensburg anfragen: welche Angaben vor dem...,Büroreinigung in Regensburg anfragen: welche Angaben vor dem...,Büroreinigung in Regensburg anfragen: welche Angaben vor dem...,"Welche Angaben zu Fläche, Turnus, Zugang und Randzeiten aus einer Anfrage zur Büroreinigung schneller ein belastbares Angebot machen. Fläche, Frequenz, Zeitfenster und Fotos für kleine Unternehmen direkt senden.",Büroreinigung anfragen,Direkte Antwort|Leistungsumfang|benötigte Angaben|Aufwandstreiber|Ablauf|FAQ|verwandte Leistungen|nächster Schritt,interne Begriffe|fremde Standorte|nicht angebotene Leistungen|unbelegte Versprechen,,,4 sichtbare FAQ-Indikatoren,https://www.floxant.de/blog/bueroreinigung-regensburg-angebot-einholen,index_follow,included,"Viele gewerbliche Reinigungsanfragen starten zu allgemein. Wenn Fläche, Turnus, Zugang und Verantwortlichkeiten gleich sauber genannt werden, entsteht schneller ein Angebot, das auch im Alltag wirklich trägt.","Büroreinigung in Regensburg anfragen: welche Angaben vor dem Angebot zählen:KEEP|Aus einer unklaren Situation wird eine prüfbare Anfrage.:KEEP|Angebot senden:KEEP|Lücken erkennen:KEEP|Alternative prüfen:KEEP|Warum eine gute Anfrage bei Büroreinigung so viel ausmacht:KEEP|Diese Angaben helfen vor dem Angebot am meisten:KEEP|Wann FLOXANT besonders gut passt:KEEP|Kurz gesagt:KEEP|Unsicheres Angebot oder offene Angaben? Erst einordnen, dann entscheiden.:KEEP|FAQ zur Anfrage für Büroreinigung:KEEP",,KEEP,
/blog/bueroumzug-bayern-ohne-betriebsstillstand,de,Überregional,guide,Umzug,Umzug verständlich erklären und zum passenden nächsten Schritt führen,"Umfang, Zugang, Zeitraum und Kontaktwunsch klären",Büroumzug in Bayern ohne Chaos: so bleibt der Betrieb besser handlungsfähig,Büroumzug in Bayern ohne Chaos: so bleibt der Betrieb besser handlungsfähig,Büroumzug in Bayern ohne Chaos | FLOXANT,Büroumzug in Bayern ohne Chaos | FLOXANT,Büroumzug in Bayern ohne Chaos,"Wie Unternehmen in Bayern Arbeitsplätze, IT, Zugang und Zeitfenster so planen, dass ein Büroumzug den Betrieb nicht unnötig ausbremst. Fotos, Termin, Umfang und Preisrahmen direkt senden und Machbarkeit prüfen lassen.",Angebot prüfen,Direkte Antwort|Leistungsumfang|benötigte Angaben|Aufwandstreiber|Ablauf|FAQ|verwandte Leistungen|nächster Schritt,interne Begriffe|fremde Standorte|nicht angebotene Leistungen|unbelegte Versprechen,,,4 sichtbare FAQ-Indikatoren,https://www.floxant.de/blog/bueroumzug-bayern-ohne-betriebsstillstand,index_follow,included,"Ein Büroumzug wird teuer, wenn nicht der Preis, sondern der Stillstand aus dem Ruder läuft. Deshalb zählen bei Firmenumzügen vor allem Arbeitsplätze, IT, Zugänge, Abstimmung im Unternehmen und ein realistisches Zeitfenster.","Büroumzug in Bayern ohne Chaos: so bleibt der Betrieb besser handlungsfähig:KEEP|Aus einer unklaren Situation wird eine prüfbare Anfrage.:KEEP|Angebot senden:KEEP|Lücken erkennen:KEEP|Alternative prüfen:KEEP|Warum ein Firmenumzug anders geplant werden muss:KEEP|Diese Faktoren machen den Unterschied:KEEP|Warum ein sauberer Kontaktweg so viel bringt:KEEP|Kurz gesagt:KEEP|Unsicheres Angebot oder offene Angaben? Erst einordnen, dann entscheiden.:KEEP|FAQ zum Büroumzug in Bayern:KEEP",,KEEP,
/blog/floxant-services-nach-situation-finden,de,Überregional,guide,Ratgeber,Ratgeber verständlich erklären und zum passenden nächsten Schritt führen,"Umfang, Zugang, Zeitraum und Kontaktwunsch klären",FLOXANT Services nach Situation finden: welcher Startpunkt passt wirklich?,FLOXANT Services nach Situation finden: welcher Startpunkt passt wirklich?,"FLOXANT Services nach Situation finden | Umzug, Reinigung,...","FLOXANT Services nach Situation finden | Umzug, Reinigung,...",FLOXANT Services nach Situation finden,"Kundennaher Überblick über FLOXANT Leistungen: Regensburg für Umzug, Reinigung, Entrümpelung und Objektfälle sowie Düsseldorf für Reinigung und Angebotsprüfung.",Angebot prüfen,Direkte Antwort|Leistungsumfang|benötigte Angaben|Aufwandstreiber|Ablauf|FAQ|verwandte Leistungen|nächster Schritt,interne Begriffe|fremde Standorte|nicht angebotene Leistungen|unbelegte Versprechen,,,7 sichtbare FAQ-Indikatoren,https://www.floxant.de/blog/floxant-services-nach-situation-finden,index_follow,included,"Viele Kunden suchen nicht nach einem perfekten Leistungsnamen. Sie haben eine Situation: Die Wohnung muss übergeben werden, ein Büro braucht Reinigung, ein Angebot wirkt unklar, ein Objekt steht leer oder ein Termin kippt. Genau dafür ist eine Zuordnung nach Fall hilfreicher als eine lange Serviceliste.","FLOXANT Services nach Situation finden: welcher Startpunkt passt wirklich?:KEEP|Aus einer unklaren Situation wird eine prüfbare Anfrage.:KEEP|Angebot senden:KEEP|Lücken erkennen:KEEP|Alternative prüfen:KEEP|Die kurze Antwort:KEEP|Wenn der Fall in Regensburg oder Bayern liegt:KEEP|Wenn der Fall in Düsseldorf liegt:KEEP|Wenn der Fall besonders oder unangenehm ist:KEEP|Welche Angaben eine Anfrage besser machen:KEEP|So finden Sie den richtigen FLOXANT Startpunkt:KEEP|Unsicheres Angebot oder offene Angaben? Erst einordnen, dann entscheiden.:KEEP|FAQ zur FLOXANT Servicewahl:KEEP",,KEEP,
/blog/signature-services-extra-spezialfaelle-floxant,de,Überregional,guide,Ratgeber,Ratgeber verständlich erklären und zum passenden nächsten Schritt führen,"Umfang, Zugang, Zeitraum und Kontaktwunsch klären",FLOXANT Signature Services: Extra-Hilfe für Spezialfälle statt Standardauftrag,FLOXANT Signature Services: Extra-Hilfe für Spezialfälle statt Standardauftrag,FLOXANT Signature Services | Extra- und Spezialservices,FLOXANT Signature Services | Extra- und Spezialservices,FLOXANT Signature Services,"Wann FLOXANT Signature Services wie Private Client, Villenservice, Plan B, Objektvertretung, Vor-Ort-Prüfung, Mieterwechsel oder Übergabeakte sinnvoll sind.",Angebot prüfen,Direkte Antwort|Leistungsumfang|benötigte Angaben|Aufwandstreiber|Ablauf|FAQ|verwandte Leistungen|nächster Schritt,interne Begriffe|fremde Standorte|nicht angebotene Leistungen|unbelegte Versprechen,,,5 sichtbare FAQ-Indikatoren,https://www.floxant.de/blog/signature-services-extra-spezialfaelle-floxant,index_follow,included,"Manche Anfragen sind nicht groß, aber empfindlich. Es geht um Schlüssel, Diskretion, Fotos, einen knappen Termin, eine leerstehende Wohnung, ein Objekt ohne Ansprechpartner oder einen Auftrag, der bereits kippt. Dafür braucht es keinen lauten Auftritt, sondern klare Zuständigkeit.","FLOXANT Signature Services: Extra-Hilfe für Spezialfälle statt Standardauftrag:KEEP|Aus einer unklaren Situation wird eine prüfbare Anfrage.:KEEP|Kurz zeigen:KEEP|Praktisch prüfen:KEEP|Sauber entscheiden:KEEP|Die kurze Antwort:KEEP|Private Client und Villenservice:KEEP|Plan B, Schadensbegrenzung und Einsatzradar:KEEP|Objektvertretung, Vor-Ort-Prüfung und Erledigungsservice:KEEP|Mieterwechsel, Leerstand und Übergabeakte:KEEP|Signature heißt: genauer geführt:KEEP|Unsicheres Angebot oder offene Angaben? Erst einordnen, dann entscheiden.:KEEP|FAQ zu FLOXANT Signature Services:KEEP",,KEEP,
/blog/regensburg-reinigung-services-gewerbe-praxis-hausverwaltung,de,Regensburg,guide,Reinigung,Reinigung in Regensburg verständlich erklären und zum passenden nächsten Schritt führen,"Umfang, Zugang, Zeitraum und Kontaktwunsch klären","Reinigung Regensburg: welcher FLOXANT Service zu Büro, Praxis, Hotel und Hausverwaltung passt","Reinigung Regensburg: welcher FLOXANT Service zu Büro, Praxis, Hotel und Hausverwaltung passt","Reinigung Regensburg Services | Büro, Praxis, Hotel, Hausverwaltung","Reinigung Regensburg Services | Büro, Praxis, Hotel, Hausverwaltung",Reinigung Regensburg Services,"Kundennaher Überblick für Regensburg: Gewerbereinigung, Büroreinigung, Praxisreinigung, Hotelreinigung, Treppenhaus, Hausverwaltung, Grundreinigung und Angebotsprüfung.",Angebot prüfen,Direkte Antwort|Leistungsumfang|benötigte Angaben|Aufwandstreiber|Ablauf|FAQ|verwandte Leistungen|nächster Schritt,interne Begriffe|fremde Standorte|nicht angebotene Leistungen|unbelegte Versprechen,,,6 sichtbare FAQ-Indikatoren,https://www.floxant.de/blog/regensburg-reinigung-services-gewerbe-praxis-hausverwaltung,index_follow,included,"Wer in Reinigung Regensburg sucht, findet schnell viele Begriffe. Entscheidend ist aber nicht der schönste Leistungsname, sondern der passende Kontaktweg: Büro, Praxis, Hotel, Kanzlei, Hausverwaltung, Treppenhaus, Wohnung, Grundreinigung oder Angebotsprüfung.","Reinigung Regensburg: welcher FLOXANT Service zu Büro, Praxis, Hotel und Hausverwaltung passt:KEEP|Aus einer unklaren Situation wird eine prüfbare Anfrage.:KEEP|Angebot senden:KEEP|Lücken erkennen:KEEP|Alternative prüfen:KEEP|Die kurze Antwort:KEEP|Für Unternehmen und Gewerbe:KEEP|Für Hausverwaltungen und Treppenhäuser:KEEP|Für bestehende Angebote:KEEP|Was Düsseldorf nicht ist:MOVE|Düsseldorf bleibt sauber getrennt:MOVE|Unsicheres Angebot oder offene Angaben? Erst einordnen, dann entscheiden.:KEEP|FAQ zu Reinigung Regensburg:KEEP",,KEEP,
/blog/regensburg-services-umzug-reinigung-entruempelung-uebergabe,de,Regensburg,guide,Umzug,Umzug in Regensburg verständlich erklären und zum passenden nächsten Schritt führen,"Umfang, Zugang, Zeitraum und Kontaktwunsch klären","FLOXANT in Regensburg: Umzug, Reinigung, Entrümpelung und Übergabe einordnen","FLOXANT in Regensburg: Umzug, Reinigung, Entrümpelung und Übergabe einordnen","FLOXANT Regensburg | Umzug, Reinigung & Entrümpelung","FLOXANT Regensburg | Umzug, Reinigung & Entrümpelung",FLOXANT Regensburg,"Welche FLOXANT Leistungen in Regensburg passen: Umzug, Reinigung, Entrümpelung, Wohnungsauflösung, Büroumzug, Klaviertransport, Übergabe und Angebotsprüfung.",Angebot prüfen,Direkte Antwort|Leistungsumfang|benötigte Angaben|Aufwandstreiber|Ablauf|FAQ|verwandte Leistungen|nächster Schritt,interne Begriffe|fremde Standorte|nicht angebotene Leistungen|unbelegte Versprechen,,,5 sichtbare FAQ-Indikatoren,https://www.floxant.de/blog/regensburg-services-umzug-reinigung-entruempelung-uebergabe,index_follow,included,"Regensburg ist der feste Ausgangspunkt von FLOXANT. Von dort werden Umzug, Reinigung, Entrümpelung, Entsorgung, Transport und Übergabefälle nach Ort, Termin und Umfang geprüft. Regensburg ist möglich, aber immer nach Machbarkeit.","FLOXANT in Regensburg: Umzug, Reinigung, Entrümpelung und Übergabe einordnen:KEEP|Aus einer unklaren Situation wird eine prüfbare Anfrage.:KEEP|Zustand sehen:KEEP|Ziel klären:KEEP|Termin sichern:KEEP|Die kurze Antwort:KEEP|Umzug und Transport:KEEP|Reinigung und Übergabe:KEEP|Entrümpelung, Nachlass und Wohnungsauflösung:KEEP|Angebote prüfen und Kombis sauber planen:KEEP|Regensburg ist die Basis, Bayern wird geprüft:KEEP|Unsicheres Angebot oder offene Angaben? Erst einordnen, dann entscheiden.:KEEP|FAQ zu Regensburg und Bayern:KEEP",,KEEP,
/blog/objektservice-hausverwaltung-mieterwechsel-leerstand-floxant,de,Überregional,guide,Ratgeber,Ratgeber verständlich erklären und zum passenden nächsten Schritt führen,"Umfang, Zugang, Zeitraum und Kontaktwunsch klären","Objektservice mit FLOXANT: Hausverwaltung, Mieterwechsel, Leerstand und Vor-Ort-Prüfung","Objektservice mit FLOXANT: Hausverwaltung, Mieterwechsel, Leerstand und Vor-Ort-Prüfung","FLOXANT Objektservice | Hausverwaltung, Mieterwechsel, Leerstand","FLOXANT Objektservice | Hausverwaltung, Mieterwechsel, Leerstand",FLOXANT Objektservice,"Wann FLOXANT bei Objektservice, Hausverwaltung, Mieterwechsel, Leerstandsmanagement, Vor-Ort-Prüfung, Schlüssel und Fotodokumentation praktisch helfen kann.",Angebot prüfen,Direkte Antwort|Leistungsumfang|benötigte Angaben|Aufwandstreiber|Ablauf|FAQ|verwandte Leistungen|nächster Schritt,interne Begriffe|fremde Standorte|nicht angebotene Leistungen|unbelegte Versprechen,,,5 sichtbare FAQ-Indikatoren,https://www.floxant.de/blog/objektservice-hausverwaltung-mieterwechsel-leerstand-floxant,index_follow,included,"Viele Objektfälle sind zu klein für große Verwaltungssprache und zu wichtig, um sie liegen zu lassen. Ein Schlüssel muss bewegt werden, Fotos fehlen, ein Leerstand soll geprüft werden, eine Wohnung muss wieder vermietbar werden oder ein Mieterwechsel braucht Ordnung.","Objektservice mit FLOXANT: Hausverwaltung, Mieterwechsel, Leerstand und Vor-Ort-Prüfung:KEEP|Aus einer unklaren Situation wird eine prüfbare Anfrage.:KEEP|Kurz zeigen:KEEP|Praktisch prüfen:KEEP|Sauber entscheiden:KEEP|Die kurze Antwort:KEEP|Für Hausverwaltungen und Vermieter:KEEP|Für leerstehende oder entfernte Objekte:KEEP|Grenzen klar halten:KEEP|Objektservice ist praktische Entlastung vor Ort:KEEP|Unsicheres Angebot oder offene Angaben? Erst einordnen, dann entscheiden.:KEEP|FAQ zum FLOXANT Objektservice:KEEP",,KEEP,
/blog/welcher-floxant-service-passt,de,Überregional,guide,Ratgeber,Ratgeber verständlich erklären und zum passenden nächsten Schritt führen,"Umfang, Zugang, Zeitraum und Kontaktwunsch klären",Welcher FLOXANT Service passt zu meinem Problem?,Welcher FLOXANT Service passt zu meinem Problem?,"Welcher FLOXANT Service passt? | Umzug, Reinigung, Entrümpelung","Welcher FLOXANT Service passt? | Umzug, Reinigung, Entrümpelung",Welcher FLOXANT Service passt?,"Ein klarer Überblick für Kunden, die Umzug, Reinigung, Entrümpelung, Übergabe, Angebot prüfen oder Express-Hilfe suchen und schnell den passenden FLOXANT Startpunkt finden möchten.",Angebot prüfen,Direkte Antwort|Leistungsumfang|benötigte Angaben|Aufwandstreiber|Ablauf|FAQ|verwandte Leistungen|nächster Schritt,interne Begriffe|fremde Standorte|nicht angebotene Leistungen|unbelegte Versprechen,,,8 sichtbare FAQ-Indikatoren,https://www.floxant.de/blog/welcher-floxant-service-passt,index_follow,included,"Viele Anfragen beginnen nicht mit einer fertigen Leistungsbeschreibung, sondern mit einem Problem: Die Wohnung muss leer werden, die Übergabe rückt näher, ein Angebot wirkt unklar, ein Büro zieht um oder eine Reinigung muss kurzfristig passen. Genau dafür braucht es eine einfache Zuordnung.","Welcher FLOXANT Service passt zu meinem Problem?:KEEP|Aus einer unklaren Situation wird eine prüfbare Anfrage.:KEEP|Angebot senden:KEEP|Lücken erkennen:KEEP|Alternative prüfen:KEEP|Die kurze Antwort:KEEP|Wenn Sie umziehen müssen:KEEP|Wenn die Wohnung sauber übergeben werden muss:KEEP|Wenn Räume leer werden müssen:KEEP|Wenn schon ein fremdes Angebot vorliegt:KEEP|Welche Angaben helfen sofort:KEEP|FLOXANT als Lösung, wenn der Fall mehrteilig ist:KEEP|Unsicheres Angebot oder offene Angaben? Erst einordnen, dann entscheiden.:KEEP|FAQ zur richtigen FLOXANT Leistung:KEEP",,KEEP,
/blog/umzug-reinigung-entruempelung-wer-hilft-regensburg,de,Regensburg,guide,Umzug,Umzug in Regensburg verständlich erklären und zum passenden nächsten Schritt führen,"Umfang, Zugang, Zeitraum und Kontaktwunsch klären","Wer hilft bei Umzug, Reinigung und Entrümpelung in Regensburg?","Wer hilft bei Umzug, Reinigung und Entrümpelung in Regensburg?","Umzug, Reinigung & Entrümpelung Regensburg | FLOXANT","Umzug, Reinigung & Entrümpelung Regensburg | FLOXANT","Umzug, Reinigung & Entrümpelung Regensburg","Warum FLOXANT in Regensburg passt, wenn Umzug, Reinigung, Entrümpelung, Übergabe oder Preisrahmen zusammen gedacht werden müssen. Regensburg-Service nach Leistung, Objektart, Fläche, Umfang, Zeitfenster, Zugang und...",Angebot prüfen,Direkte Antwort|Leistungsumfang|benötigte Angaben|Aufwandstreiber|Ablauf|FAQ|verwandte Leistungen|nächster Schritt,interne Begriffe|fremde Standorte|nicht angebotene Leistungen|unbelegte Versprechen,,,7 sichtbare FAQ-Indikatoren,https://www.floxant.de/blog/umzug-reinigung-entruempelung-wer-hilft-regensburg,index_follow,included,"Wer in Regensburg oder Bayern einen Dienstleister sucht, fragt selten nur nach einem einzelnen Handgriff. Häufig geht es um eine Kette: Wohnung räumen, Umzug fahren, reinigen, Fotos machen, Schlüssel übergeben oder ein Angebot prüfen.","Wer hilft bei Umzug, Reinigung und Entrümpelung in Regensburg?:KEEP|Aus einer unklaren Situation wird eine prüfbare Anfrage.:KEEP|Angebot senden:KEEP|Lücken erkennen:KEEP|Alternative prüfen:KEEP|Die kurze Antwort:KEEP|Typische Fälle in Regensburg:KEEP|Warum Bayern nach Verfügbarkeit geprüft wird:KEEP|Wann eine Kombination sinnvoll ist:KEEP|Was Kunden zuerst senden sollten:KEEP|Regensburg als Basis:KEEP|Unsicheres Angebot oder offene Angaben? Erst einordnen, dann entscheiden.:KEEP|FAQ zu FLOXANT in Regensburg und Bayern:KEEP",,KEEP,
/blog/regensburg-reinigung-floxant-klare-trennung,de,Regensburg,guide,Reinigung,Reinigung in Regensburg verständlich erklären und zum passenden nächsten Schritt führen,"Umfang, Zugang, Zeitraum und Kontaktwunsch klären",Reinigung in Regensburg: Leistungen klar voneinander unterscheiden,Reinigung in Regensburg: Leistungen klar voneinander unterscheiden,Reinigung Regensburg klar getrennt | FLOXANT,Reinigung Regensburg klar getrennt | FLOXANT,Reinigung Regensburg klar getrennt,"FLOXANT erklärt, welche Reinigungsart in Regensburg zu Objekt, Zustand, Turnus und gewünschtem Ergebnis passt. Regensburg-Service nach Leistung, Objektart, Fläche, Umfang, Zeitfenster, Zugang und Fotos prüfen lassen.",Reinigung Regensburg anfragen,Direkte Antwort|Leistungsumfang|benötigte Angaben|Aufwandstreiber|Ablauf|FAQ|verwandte Leistungen|nächster Schritt,interne Begriffe|fremde Standorte|nicht angebotene Leistungen|unbelegte Versprechen,,,5 sichtbare FAQ-Indikatoren,https://www.floxant.de/blog/regensburg-reinigung-floxant-klare-trennung,index_follow,included,"Reinigung ist nicht gleich Reinigung. Für Regensburg führen eigene Seiten zu Büro-, Gewerbe-, Grund-, Fenster-, Unterhalts- und Endreinigung, damit Umfang und Anfrage zusammenpassen.","Reinigung in Regensburg: Leistungen klar voneinander unterscheiden:KEEP|Aus einer unklaren Situation wird eine prüfbare Anfrage.:KEEP|Zustand sehen:KEEP|Ziel klären:KEEP|Termin sichern:KEEP|Die kurze Antwort:KEEP|Warum die Trennung wichtig ist:KEEP|Welche Reinigungsfälle passen:KEEP|Welche Angaben die Anfrage besser machen:KEEP|Regensburg bleibt Reinigung:KEEP|Unsicheres Angebot oder offene Angaben? Erst einordnen, dann entscheiden.:KEEP|FAQ zur Reinigung in Regensburg:KEEP",,KEEP,
/blog/angebot-pruefen-lassen-wann-floxant-sinnvoll-ist,de,Überregional,guide,Angebotsprüfung,Angebotsprüfung verständlich erklären und zum passenden nächsten Schritt führen,"Umfang, Zugang, Zeitraum und Kontaktwunsch klären",Angebot prüfen lassen: Wann FLOXANT als zweite Einschätzung sinnvoll ist,Angebot prüfen lassen: Wann FLOXANT als zweite Einschätzung sinnvoll ist,Angebot prüfen lassen | FLOXANT Angebotsprüfung,Angebot prüfen lassen | FLOXANT Angebotsprüfung,Angebot prüfen lassen,"Wann Kunden ein fremdes Angebot für Umzug, Reinigung, Entrümpelung oder Entsorgung von FLOXANT prüfen lassen sollten und welche Punkte wirklich zählen.",Angebot prüfen lassen,Direkte Antwort|Leistungsumfang|benötigte Angaben|Aufwandstreiber|Ablauf|FAQ|verwandte Leistungen|nächster Schritt,interne Begriffe|fremde Standorte|nicht angebotene Leistungen|unbelegte Versprechen,,,5 sichtbare FAQ-Indikatoren,https://www.floxant.de/blog/angebot-pruefen-lassen-wann-floxant-sinnvoll-ist,index_follow,included,"Ein Angebot kann günstig wirken und trotzdem unklar sein. Oder es wirkt teuer, enthält aber wichtige Leistungen. Die Frage ist deshalb nicht nur: Ist der Preis niedrig? Sondern: Ist der Umfang vollständig, verständlich und realistisch beschrieben?","Angebot prüfen lassen: Wann FLOXANT als zweite Einschätzung sinnvoll ist:KEEP|Aus einer unklaren Situation wird eine prüfbare Anfrage.:KEEP|Angebot senden:KEEP|Lücken erkennen:KEEP|Alternative prüfen:KEEP|Die kurze Antwort:KEEP|Was FLOXANT prüft:KEEP|Für welche Leistungen das passt:KEEP|Warum das Kunden hilft:KEEP|Nicht billiger um jeden Preis, sondern klarer entscheiden:KEEP|Unsicheres Angebot oder offene Angaben? Erst einordnen, dann entscheiden.:KEEP|FAQ zur Angebotsprüfung:KEEP",,KEEP,
/blog/nicht-vor-ort-schluessel-fotos-uebergabe-floxant,de,Überregional,guide,Ratgeber,Ratgeber verständlich erklären und zum passenden nächsten Schritt führen,"Umfang, Zugang, Zeitraum und Kontaktwunsch klären","Nicht vor Ort: Wenn Schlüssel, Fotos, Reinigung oder Übergabe trotzdem geklärt werden müssen","Nicht vor Ort: Wenn Schlüssel, Fotos, Reinigung oder Übergabe trotzdem geklärt werden müssen","Nicht vor Ort Service | Schlüssel, Fotos, Reinigung, Übergabe |...","Nicht vor Ort Service | Schlüssel, Fotos, Reinigung, Übergabe |...",Nicht vor Ort Service,"Kundennaher Ratgeber für Fälle, in denen Kunden nicht selbst vor Ort sein können: Schlüsselweg, Fotos, Reinigung, Restmengen, Übergabe und Rückmeldung sauber vorbereiten.",Angebot prüfen,Direkte Antwort|Leistungsumfang|benötigte Angaben|Aufwandstreiber|Ablauf|FAQ|verwandte Leistungen|nächster Schritt,interne Begriffe|fremde Standorte|nicht angebotene Leistungen|unbelegte Versprechen,,,5 sichtbare FAQ-Indikatoren,https://www.floxant.de/blog/nicht-vor-ort-schluessel-fotos-uebergabe-floxant,index_follow,included,"Manchmal ist das größte Problem nicht der Umzug, die Reinigung oder die Entrümpelung. Das größte Problem ist: Sie sind nicht mehr vor Ort. Die Wohnung ist noch offen, der Schlüssel liegt bei jemand anderem, Fotos fehlen oder der Vermietertermin rückt näher.","Nicht vor Ort: Wenn Schlüssel, Fotos, Reinigung oder Übergabe trotzdem geklärt werden müssen:KEEP|Aus einer unklaren Situation wird eine prüfbare Anfrage.:KEEP|Zustand sehen:KEEP|Ziel klären:KEEP|Termin sichern:KEEP|Die kurze Antwort:KEEP|Typische Situationen:KEEP|Was FLOXANT zuerst wissen muss:KEEP|Wichtig für Düsseldorf und Regensburg:KEEP|Der Schlüssel ist nicht nur ein Detail:KEEP|Unsicheres Angebot oder offene Angaben? Erst einordnen, dann entscheiden.:KEEP|FAQ zum Nicht-vor-Ort-Fall:KEEP",,KEEP,
/blog/entruempelung-endreinigung-uebergabe-regensburg-kombinieren,de,Regensburg,guide,Entrümpelung,Entrümpelung in Regensburg verständlich erklären und zum passenden nächsten Schritt führen,"Umfang, Zugang, Zeitraum und Kontaktwunsch klären","Entrümpelung, Endreinigung und Übergabe in Regensburg kombinieren","Entrümpelung, Endreinigung und Übergabe in Regensburg kombinieren",Entrümpelung und Endreinigung Regensburg kombinieren | FLOXANT,Entrümpelung und Endreinigung Regensburg kombinieren | FLOXANT,Entrümpelung und Endreinigung Regensburg kombinieren,"Wann es sinnvoll ist, Entrümpelung, Endreinigung, Restmengen, Fotos und Wohnungsübergabe in Regensburg gemeinsam zu planen. Regensburg-Service nach Leistung, Objektart, Fläche, Umfang, Zeitfenster, Zugang und Fotos...",Angebot prüfen,Direkte Antwort|Leistungsumfang|benötigte Angaben|Aufwandstreiber|Ablauf|FAQ|verwandte Leistungen|nächster Schritt,interne Begriffe|fremde Standorte|nicht angebotene Leistungen|unbelegte Versprechen,,,5 sichtbare FAQ-Indikatoren,https://www.floxant.de/blog/entruempelung-endreinigung-uebergabe-regensburg-kombinieren,index_follow,included,"Viele Übergaben scheitern nicht an einer großen Aufgabe, sondern an der Reihenfolge. Erst müssen Restmengen raus, dann kann sauber gereinigt werden, danach braucht es Fotos, Schlüssel und einen klaren Abschluss.","Entrümpelung, Endreinigung und Übergabe in Regensburg kombinieren:KEEP|Aus einer unklaren Situation wird eine prüfbare Anfrage.:KEEP|Zustand sehen:KEEP|Ziel klären:KEEP|Termin sichern:KEEP|Die kurze Antwort:KEEP|Warum die Reihenfolge zählt:KEEP|Für welche Fälle das besonders passt:KEEP|Welche Angaben eine Anfrage stark machen:KEEP|Nicht nur wegtragen, sondern fertig werden:KEEP|Unsicheres Angebot oder offene Angaben? Erst einordnen, dann entscheiden.:KEEP|FAQ zu Entrümpelung, Endreinigung und Übergabe:KEEP",,KEEP,
/blog/regensburg-buero-praxis-hausverwaltung-reinigung-anfrage,de,Regensburg,guide,Reinigung,Reinigung in Regensburg verständlich erklären und zum passenden nächsten Schritt führen,"Umfang, Zugang, Zeitraum und Kontaktwunsch klären","Reinigung Regensburg für Büro, Praxis und Hausverwaltung richtig anfragen","Reinigung Regensburg für Büro, Praxis und Hausverwaltung richtig anfragen","Regensburg Büroreinigung, Praxisreinigung, Hausverwaltung | FLOXANT","Regensburg Büroreinigung, Praxisreinigung, Hausverwaltung | FLOXANT","Regensburg Büroreinigung, Praxisreinigung, Hausverwaltung","So fragen Unternehmen, Praxen, Kanzleien und Hausverwaltungen in Reinigung Regensburg sauber an: Fläche, Turnus, Zugang, Fotos, Zeitfenster und Angebot.",Angebot prüfen,Direkte Antwort|Leistungsumfang|benötigte Angaben|Aufwandstreiber|Ablauf|FAQ|verwandte Leistungen|nächster Schritt,interne Begriffe|fremde Standorte|nicht angebotene Leistungen|unbelegte Versprechen,,,5 sichtbare FAQ-Indikatoren,https://www.floxant.de/blog/regensburg-buero-praxis-hausverwaltung-reinigung-anfrage,index_follow,included,"Eine gute Reinigungsanfrage in Regensburg beginnt nicht mit dem Satz: Was kostet das? Sie beginnt mit Objektart, Fläche, Turnus, Zugang und dem Ziel, das wirklich erreicht werden soll.","Reinigung Regensburg für Büro, Praxis und Hausverwaltung richtig anfragen:KEEP|Aus einer unklaren Situation wird eine prüfbare Anfrage.:KEEP|Zustand sehen:KEEP|Ziel klären:KEEP|Termin sichern:KEEP|Die kurze Antwort:KEEP|Welche Objekte gemeint sind:KEEP|Was in die erste Nachricht gehört:KEEP|Wenn bereits ein Angebot vorliegt:KEEP|Regensburg bleibt Reinigung:KEEP|Unsicheres Angebot oder offene Angaben? Erst einordnen, dann entscheiden.:KEEP|FAQ zu Reinigung in Regensburg:KEEP",,KEEP,
/blog/hausverwaltung-weg-mieterwechsel-objektbetreuung-floxant,de,Überregional,guide,Ratgeber,Ratgeber verständlich erklären und zum passenden nächsten Schritt führen,"Umfang, Zugang, Zeitraum und Kontaktwunsch klären","Hausverwaltung, WEG und Mieterwechsel: Wenn ein Objekt vor Ort jemanden braucht","Hausverwaltung, WEG und Mieterwechsel: Wenn ein Objekt vor Ort jemanden braucht","Hausverwaltung, WEG, Mieterwechsel und Objektbetreuung | FLOXANT","Hausverwaltung, WEG, Mieterwechsel und Objektbetreuung | FLOXANT","Hausverwaltung, WEG, Mieterwechsel und Objektbetreuung","Wie FLOXANT Hausverwaltungen, Eigentümer und Vermieter bei Reinigung, Mieterwechsel, Leerstand, Fotos, Schlüssel und Objektaufgaben unterstützen kann.",Angebot prüfen,Direkte Antwort|Leistungsumfang|benötigte Angaben|Aufwandstreiber|Ablauf|FAQ|verwandte Leistungen|nächster Schritt,interne Begriffe|fremde Standorte|nicht angebotene Leistungen|unbelegte Versprechen,,,5 sichtbare FAQ-Indikatoren,https://www.floxant.de/blog/hausverwaltung-weg-mieterwechsel-objektbetreuung-floxant,index_follow,included,"Hausverwaltungen und Eigentümer brauchen nicht immer einen großen Auftrag. Oft fehlt eine verlässliche Person vor Ort: kurz prüfen, Fotos machen, Reinigung einschätzen, Restmengen sehen, Schlüsselweg klären oder den nächsten Schritt vorbereiten.","Hausverwaltung, WEG und Mieterwechsel: Wenn ein Objekt vor Ort jemanden braucht:KEEP|Aus einer unklaren Situation wird eine prüfbare Anfrage.:KEEP|Zustand sehen:KEEP|Ziel klären:KEEP|Termin sichern:KEEP|Die kurze Antwort:KEEP|Typische Aufgaben:KEEP|Was FLOXANT nicht ersetzt:KEEP|Regionale Einordnung:KEEP|Operative Hilfe statt unklare Zuständigkeit:KEEP|Unsicheres Angebot oder offene Angaben? Erst einordnen, dann entscheiden.:KEEP|FAQ zu Hausverwaltung, WEG und Mieterwechsel:KEEP",,KEEP,
/blog/angebot-anderer-firma-pruefen-regensburg,de,Regensburg,guide,Angebotsprüfung,Angebotsprüfung in Regensburg verständlich erklären und zum passenden nächsten Schritt führen,"Umfang, Zugang, Zeitraum und Kontaktwunsch klären",Angebot einer anderen Firma prüfen lassen: was FLOXANT praktisch klärt,Angebot einer anderen Firma prüfen lassen: was FLOXANT praktisch klärt,Angebot anderer Firma prüfen lassen | FLOXANT Regensburg,Angebot anderer Firma prüfen lassen | FLOXANT Regensburg,Angebot anderer Firma prüfen lassen,"Vor Zusage Preis, Umfang, Termin, Fotos und offene Punkte prüfen lassen: FLOXANT klärt Angebote für Umzug, Reinigung, Entrümpelung und Entsorgung in Regensburg, Umgebung und Regensburg.",Angebot günstiger oder passender prüfen,Direkte Antwort|Leistungsumfang|benötigte Angaben|Aufwandstreiber|Ablauf|FAQ|verwandte Leistungen|nächster Schritt,interne Begriffe|fremde Standorte|nicht angebotene Leistungen|unbelegte Versprechen,,,4 sichtbare FAQ-Indikatoren,https://www.floxant.de/blog/angebot-anderer-firma-pruefen-regensburg,index_follow,included,"Ein Angebot wirkt auf den ersten Blick oft eindeutig: ein Preis, ein Termin, ein Anbieter. In der Praxis entscheidet aber nicht nur die Zahl unten auf der Seite, sondern ob Umfang, Zugang, Fotos, Zusatzleistungen und Zeitfenster wirklich zusammenpassen. Genau hier setzt die FLOXANT Angebotsprüfung an.","Angebot einer anderen Firma prüfen lassen: was FLOXANT praktisch klärt:KEEP|Aus einer unklaren Situation wird eine prüfbare Anfrage.:KEEP|Angebot senden:KEEP|Lücken erkennen:KEEP|Alternative prüfen:KEEP|Die kurze Antwort:KEEP|Warum der Endpreis allein nicht reicht:KEEP|Wie FLOXANT eine Alternative prüft:KEEP|Regionale Einordnung:KEEP|Wofür die Angebotsprüfung besonders stark ist:KEEP|Unsicheres Angebot oder offene Angaben? Erst einordnen, dann entscheiden.:KEEP|FAQ zur Angebotsprüfung:KEEP",,KEEP,
/blog/umzugsangebot-pruefen-regensburg-bayern,de,Regensburg,guide,Umzug,Umzug in Regensburg verständlich erklären und zum passenden nächsten Schritt führen,"Umfang, Zugang, Zeitraum und Kontaktwunsch klären","Umzugsangebot prüfen lassen: Preis, Etage, Volumen und Strecke richtig einordnen","Umzugsangebot prüfen lassen: Preis, Etage, Volumen und Strecke richtig einordnen",Umzugsangebot prüfen Regensburg & Bayern | FLOXANT,Umzugsangebot prüfen Regensburg & Bayern | FLOXANT,Umzugsangebot prüfen Regensburg & Bayern,"Umzugsangebot prüfen lassen: FLOXANT klärt Preis, Volumen, Etage, Laufweg, Strecke, Rückfahrt, Reinigung und Übergabe für Regensburg, Umgebung und Regensburg.",Umzugsangebot prüfen lassen,Direkte Antwort|Leistungsumfang|benötigte Angaben|Aufwandstreiber|Ablauf|FAQ|verwandte Leistungen|nächster Schritt,interne Begriffe|fremde Standorte|nicht angebotene Leistungen|unbelegte Versprechen,,,4 sichtbare FAQ-Indikatoren,https://www.floxant.de/blog/umzugsangebot-pruefen-regensburg-bayern,index_follow,included,"Bei Umzugsangeboten entstehen die größten Missverständnisse selten beim Preis selbst. Häufig fehlen Volumen, Etage, Laufwege, Zugang, Zusatzfahrt, Montage, Reinigung oder Übergabe. FLOXANT hilft, diese Punkte vor einer Entscheidung praktisch einzuordnen.","Umzugsangebot prüfen lassen: Preis, Etage, Volumen und Strecke richtig einordnen:KEEP|Aus einer unklaren Situation wird eine prüfbare Anfrage.:KEEP|Angebot senden:KEEP|Lücken erkennen:KEEP|Alternative prüfen:KEEP|Die kurze Antwort:KEEP|Typische Lücken in Umzugsangeboten:KEEP|Wann eine FLOXANT Alternative sinnvoll ist:KEEP|Welche Angaben helfen:KEEP|Umzugsangebot besser prüfen:KEEP|Unsicheres Angebot oder offene Angaben? Erst einordnen, dann entscheiden.:KEEP|FAQ zum Umzugsangebot:KEEP",,KEEP,
/blog/reinigungsangebot-pruefen-regensburg,de,Regensburg,guide,Angebotsprüfung,Angebotsprüfung in Regensburg verständlich erklären und zum passenden nächsten Schritt führen,"Umfang, Zugang, Zeitraum und Kontaktwunsch klären","Reinigungsangebot prüfen lassen: Fläche, Zustand, Termin und Übergabe klären","Reinigungsangebot prüfen lassen: Fläche, Zustand, Termin und Übergabe klären",Reinigungsangebot prüfen | Regensburg & Regensburg | FLOXANT,Reinigungsangebot prüfen | Regensburg & Regensburg | FLOXANT,Reinigungsangebot prüfen,"Reinigungsangebot prüfen lassen: FLOXANT klärt Fläche, Zustand, Fotos, Termin, Übergabeziel und Preisrahmen in Düsseldorf und Regensburg.",Reinigungsangebot prüfen,Direkte Antwort|Leistungsumfang|benötigte Angaben|Aufwandstreiber|Ablauf|FAQ|verwandte Leistungen|nächster Schritt,interne Begriffe|fremde Standorte|nicht angebotene Leistungen|unbelegte Versprechen,,,4 sichtbare FAQ-Indikatoren,https://www.floxant.de/blog/reinigungsangebot-pruefen-regensburg,index_follow,included,"Ein Reinigungsangebot wirkt oft einfach, solange nur eine Fläche und ein Preis genannt werden. Entscheidend ist aber, welche Reinigung gemeint ist: Endreinigung, Grundreinigung, Übergabereinigung, Büroreinigung oder Objektwechsel. FLOXANT prüft, ob Angaben und Ziel zusammenpassen.","Reinigungsangebot prüfen lassen: Fläche, Zustand, Termin und Übergabe klären:KEEP|Aus einer unklaren Situation wird eine prüfbare Anfrage.:KEEP|Angebot senden:KEEP|Lücken erkennen:KEEP|Alternative prüfen:KEEP|Die kurze Antwort:KEEP|Was vor einer Zusage klar sein sollte:KEEP|Regensburg, Bayern und Regensburg richtig trennen:KEEP|Was FLOXANT für eine Prüfung braucht:KEEP|Reinigungsangebot richtig einordnen:KEEP|Unsicheres Angebot oder offene Angaben? Erst einordnen, dann entscheiden.:KEEP|FAQ zum Reinigungsangebot:KEEP",,KEEP,
/blog/grundreinigung-regensburg-angebot-kosten-pruefen,de,Regensburg,guide,Grundreinigung,Grundreinigung in Regensburg verständlich erklären und zum passenden nächsten Schritt führen,"Umfang, Zugang, Zeitraum und Kontaktwunsch klären","Grundreinigung in Regensburg: Angebot, Kosten und Aufwand richtig prüfen","Grundreinigung in Regensburg: Angebot, Kosten und Aufwand richtig prüfen",Grundreinigung Regensburg Angebot prüfen | FLOXANT,Grundreinigung Regensburg Angebot prüfen | FLOXANT,Grundreinigung Regensburg Angebot prüfen,"Grundreinigung in Regensburg richtig anfragen: FLOXANT hilft, Angebot, Kosten, Fläche, Zustand, Fotos, Termin und Reinigungsumfang praktisch einzuordnen.",Angebot prüfen,Direkte Antwort|Leistungsumfang|benötigte Angaben|Aufwandstreiber|Ablauf|FAQ|verwandte Leistungen|nächster Schritt,interne Begriffe|fremde Standorte|nicht angebotene Leistungen|unbelegte Versprechen,,,4 sichtbare FAQ-Indikatoren,https://www.floxant.de/blog/grundreinigung-regensburg-angebot-kosten-pruefen,index_follow,included,"Eine Grundreinigung wird oft gesucht, wenn normale Reinigung nicht mehr reicht: nach Leerstand, Renovierung, Mieterwechsel, starker Nutzung oder vor einer Übergabe. Damit ein Angebot passt, müssen Zustand, Fläche, Fotos, Termin und gewünschtes Ergebnis zusammen betrachtet werden.","Grundreinigung in Regensburg: Angebot, Kosten und Aufwand richtig prüfen:KEEP|Aus einer unklaren Situation wird eine prüfbare Anfrage.:KEEP|Angebot senden:KEEP|Lücken erkennen:KEEP|Alternative prüfen:KEEP|Die kurze Antwort:KEEP|Warum Grundreinigung mehr ist als einmal putzen:KEEP|Welche Düsseldorfer Angaben helfen:KEEP|Wann die Angebotsprüfung sinnvoll ist:KEEP|Gute Vorbereitung für Grundreinigung:KEEP|Unsicheres Angebot oder offene Angaben? Erst einordnen, dann entscheiden.:KEEP|FAQ zur Grundreinigung Regensburg:KEEP",,KEEP,
/blog/buero-praxisreinigung-regensburg-angebot,de,Regensburg,guide,Praxisreinigung,Praxisreinigung in Regensburg verständlich erklären und zum passenden nächsten Schritt führen,"Umfang, Zugang, Zeitraum und Kontaktwunsch klären",Büro- und Praxisreinigung in Regensburg: welches Angebot wirklich passt,Büro- und Praxisreinigung in Regensburg: welches Angebot wirklich passt,Büro- und Praxisreinigung Regensburg Angebot | FLOXANT,Büro- und Praxisreinigung Regensburg Angebot | FLOXANT,Büro- und Praxisreinigung Regensburg Angebot,"Büroreinigung, Büro putzen und Praxisreinigung in Regensburg oder Regensburg: FLOXANT hilft, Angebot, Turnus, Fläche, Zugang und Leistungsumfang richtig einzuordnen.",Angebot prüfen,Direkte Antwort|Leistungsumfang|benötigte Angaben|Aufwandstreiber|Ablauf|FAQ|verwandte Leistungen|nächster Schritt,interne Begriffe|fremde Standorte|nicht angebotene Leistungen|unbelegte Versprechen,,,4 sichtbare FAQ-Indikatoren,https://www.floxant.de/blog/buero-praxisreinigung-regensburg-angebot,index_follow,included,"Wenn ein Büro, eine Kanzlei oder eine Praxis sauber bleiben soll, reicht ein einzelner Preis selten aus. Entscheidend sind Turnus, Raumliste, Sanitär, Küche, Empfang, Zeitfenster, Schlüsselweg und ein verlässlicher Ansprechpartner.","Büro- und Praxisreinigung in Regensburg: welches Angebot wirklich passt:KEEP|Aus einer unklaren Situation wird eine prüfbare Anfrage.:KEEP|Angebot senden:KEEP|Lücken erkennen:KEEP|Alternative prüfen:KEEP|Die kurze Antwort:KEEP|Was bei Firmenflächen wirklich zählt:KEEP|Praxisreinigung in Regensburg und Umgebung:KEEP|Wann ein Angebotscheck hilft:KEEP|So wird die Anfrage für Firmen leichter:KEEP|Unsicheres Angebot oder offene Angaben? Erst einordnen, dann entscheiden.:KEEP|FAQ zur Büro- und Praxisreinigung:KEEP",,KEEP,
/blog/treppenhausreinigung-regensburg-hausverwaltung-angebot,de,Regensburg,guide,Treppenhausreinigung,Treppenhausreinigung in Regensburg verständlich erklären und zum passenden nächsten Schritt führen,"Umfang, Zugang, Zeitraum und Kontaktwunsch klären",Treppenhausreinigung in Regensburg: Angebot für Hausverwaltung und WEG prüfen,Treppenhausreinigung in Regensburg: Angebot für Hausverwaltung und WEG prüfen,Treppenhausreinigung Regensburg Angebot prüfen | FLOXANT,Treppenhausreinigung Regensburg Angebot prüfen | FLOXANT,Treppenhausreinigung Regensburg Angebot prüfen,"Treppenhausreinigung in Regensburg für Hausverwaltung und WEG: FLOXANT prüft Angebot, Turnus, Etagen, Eingänge, Kellerflur, Müllbereich, Fotos und Zugang.",Angebot prüfen,Direkte Antwort|Leistungsumfang|benötigte Angaben|Aufwandstreiber|Ablauf|FAQ|verwandte Leistungen|nächster Schritt,interne Begriffe|fremde Standorte|nicht angebotene Leistungen|unbelegte Versprechen,,,4 sichtbare FAQ-Indikatoren,https://www.floxant.de/blog/treppenhausreinigung-regensburg-hausverwaltung-angebot,index_follow,included,"Bei Treppenhausreinigung geht es selten nur um die Treppe. Für Hausverwaltungen und Eigentümergemeinschaften zählen Eingang, Etagen, Handläufe, Kellerflur, Müllbereich, Beschwerden, Schlüsselweg und ein verlässlicher Turnus.","Treppenhausreinigung in Regensburg: Angebot für Hausverwaltung und WEG prüfen:KEEP|Aus einer unklaren Situation wird eine prüfbare Anfrage.:KEEP|Angebot senden:KEEP|Lücken erkennen:KEEP|Alternative prüfen:KEEP|Die kurze Antwort:KEEP|Warum der Turnus wichtiger ist als ein niedriger Startpreis:KEEP|Stadtamhof, Innenstadt, Galgenberg und nahe Stadtteile:KEEP|Wann Hausverwaltungen einen Angebotscheck nutzen sollten:KEEP|Gute Angaben für Hausverwaltung und WEG:KEEP|Unsicheres Angebot oder offene Angaben? Erst einordnen, dann entscheiden.:KEEP|FAQ zur Treppenhausreinigung Regensburg:KEEP",,KEEP,
/blog/entsorgungsangebot-pruefen-regensburg-regensburg,de,Regensburg,guide,Angebotsprüfung,Angebotsprüfung in Regensburg verständlich erklären und zum passenden nächsten Schritt führen,"Umfang, Zugang, Zeitraum und Kontaktwunsch klären","Entsorgungsangebot prüfen lassen: Menge, Material, Zugang und Reinigung danach","Entsorgungsangebot prüfen lassen: Menge, Material, Zugang und Reinigung danach",Entsorgungsangebot prüfen | FLOXANT Regensburg & Regensburg,Entsorgungsangebot prüfen | FLOXANT Regensburg & Regensburg,Entsorgungsangebot prüfen,"Entsorgungsangebot prüfen lassen: FLOXANT klärt Menge, Material, Zugang, Fotos, Termin, Keller, Garage und Reinigung danach in Düsseldorf und Regensburg.",Entsorgungsangebot prüfen,Direkte Antwort|Leistungsumfang|benötigte Angaben|Aufwandstreiber|Ablauf|FAQ|verwandte Leistungen|nächster Schritt,interne Begriffe|fremde Standorte|nicht angebotene Leistungen|unbelegte Versprechen,,,4 sichtbare FAQ-Indikatoren,https://www.floxant.de/blog/entsorgungsangebot-pruefen-regensburg-regensburg,index_follow,included,"Bei Entsorgung und Entrümpelung ist der Preis stark davon abhängig, was wirklich weg soll. Menge, Material, Zugang, Etage, Laufweg und Fotos entscheiden, ob ein Angebot realistisch ist. FLOXANT prüft diese Punkte und klärt, ob eine passendere Alternative möglich ist.","Entsorgungsangebot prüfen lassen: Menge, Material, Zugang und Reinigung danach:KEEP|Aus einer unklaren Situation wird eine prüfbare Anfrage.:KEEP|Angebot senden:KEEP|Lücken erkennen:KEEP|Alternative prüfen:KEEP|Die kurze Antwort:KEEP|Warum Menge und Material entscheidend sind:KEEP|Wann eine Alternative sinnvoll sein kann:KEEP|Regensburg sauber einordnen:KEEP|Entsorgungsangebot besser einschätzen:KEEP|Unsicheres Angebot oder offene Angaben? Erst einordnen, dann entscheiden.:KEEP|FAQ zum Entsorgungsangebot:KEEP",,KEEP,
/blog/pauschalpreis-oder-aufwand-angebot-pruefen,de,Überregional,guide,Angebotsprüfung,Angebotsprüfung verständlich erklären und zum passenden nächsten Schritt führen,"Umfang, Zugang, Zeitraum und Kontaktwunsch klären",Pauschalpreis oder Aufwand: Wie man Angebote fair prüft,Pauschalpreis oder Aufwand: Wie man Angebote fair prüft,Pauschalpreis oder Aufwand Angebot prüfen | FLOXANT,Pauschalpreis oder Aufwand Angebot prüfen | FLOXANT,Pauschalpreis oder Aufwand Angebot prüfen,"Pauschalpreis oder Aufwand? FLOXANT erklärt, wann Angebote belastbar sind und welche Angaben bei Reinigung, Umzug, Entsorgung und Sonderfaellen fehlen können.",Preislogik im Angebotscheck prüfen,Direkte Antwort|Leistungsumfang|benötigte Angaben|Aufwandstreiber|Ablauf|FAQ|verwandte Leistungen|nächster Schritt,interne Begriffe|fremde Standorte|nicht angebotene Leistungen|unbelegte Versprechen,,,4 sichtbare FAQ-Indikatoren,https://www.floxant.de/blog/pauschalpreis-oder-aufwand-angebot-pruefen,index_follow,included,"Viele Angebote wirken schwer vergleichbar, weil ein Anbieter pauschal kalkuliert und ein anderer nach Aufwand. Beides kann sinnvoll sein. Entscheidend ist, ob Umfang, Grenzen und Annahmen klar sind.","Pauschalpreis oder Aufwand: Wie man Angebote fair prüft:KEEP|Aus einer unklaren Situation wird eine prüfbare Anfrage.:KEEP|Angebot senden:KEEP|Lücken erkennen:KEEP|Alternative prüfen:KEEP|Die kurze Antwort:KEEP|Wann Pauschalpreise stark sind:KEEP|Wann Aufwand fairer sein kann:KEEP|Wie FLOXANT Angebote einordnet:KEEP|Preislogik vor der Zusage klären:KEEP|Unsicheres Angebot oder offene Angaben? Erst einordnen, dann entscheiden.:KEEP|FAQ zu Pauschalpreis und Aufwand:KEEP",,KEEP,
/blog/angebot-ohne-besichtigung-riskant,de,Überregional,guide,Angebotsprüfung,Angebotsprüfung verständlich erklären und zum passenden nächsten Schritt führen,"Umfang, Zugang, Zeitraum und Kontaktwunsch klären",Angebot ohne Besichtigung: Wann Fotos reichen und wann es riskant wird,Angebot ohne Besichtigung: Wann Fotos reichen und wann es riskant wird,Angebot ohne Besichtigung riskant? | FLOXANT,Angebot ohne Besichtigung riskant? | FLOXANT,Angebot ohne Besichtigung riskant?,"Angebot ohne Besichtigung: Wann Fotos, Video und klare Angaben reichen und welche Warnzeichen bei Reinigung, Umzug, Entsorgung oder PV-Reinigung wichtig sind.",Angebot mit Fotos prüfen,Direkte Antwort|Leistungsumfang|benötigte Angaben|Aufwandstreiber|Ablauf|FAQ|verwandte Leistungen|nächster Schritt,interne Begriffe|fremde Standorte|nicht angebotene Leistungen|unbelegte Versprechen,,,4 sichtbare FAQ-Indikatoren,https://www.floxant.de/blog/angebot-ohne-besichtigung-riskant,index_follow,included,"Nicht jeder Auftrag braucht eine Besichtigung. Fotos, Video und klare Angaben können für viele Fälle reichen. Riskant wird es, wenn zentrale Punkte fehlen und trotzdem ein fester Preis erwartet wird.","Angebot ohne Besichtigung: Wann Fotos reichen und wann es riskant wird:KEEP|Aus einer unklaren Situation wird eine prüfbare Anfrage.:KEEP|Angebot senden:KEEP|Lücken erkennen:KEEP|Alternative prüfen:KEEP|Die kurze Antwort:KEEP|Wann Fotos oft reichen:KEEP|Wann eine Besichtigung sinnvoller ist:KEEP|Wie FLOXANT damit umgeht:KEEP|Fotos richtig nutzen:KEEP|Unsicheres Angebot oder offene Angaben? Erst einordnen, dann entscheiden.:KEEP|FAQ zum Angebot ohne Besichtigung:KEEP",,KEEP,
/blog/anbieter-hat-abgesagt-was-tun,de,Überregional,guide,Ratgeber,Ratgeber verständlich erklären und zum passenden nächsten Schritt führen,"Umfang, Zugang, Zeitraum und Kontaktwunsch klären","Anbieter hat abgesagt: Was tun, wenn Termin oder Übergabe trotzdem naeher rücken?","Anbieter hat abgesagt: Was tun, wenn Termin oder Übergabe trotzdem naeher rücken?",Anbieter abgesagt was tun? | FLOXANT Plan B,Anbieter abgesagt was tun? | FLOXANT Plan B,Anbieter abgesagt was tun?,"Anbieter hat abgesagt: FLOXANT zeigt, welche Angaben jetzt wichtig sind und wie ein Plan B für Reinigung, Umzug, Entrümpelung oder Übergabe vorbereitet wird.",Kurzfristig anfragen,Direkte Antwort|Leistungsumfang|benötigte Angaben|Aufwandstreiber|Ablauf|FAQ|verwandte Leistungen|nächster Schritt,interne Begriffe|fremde Standorte|nicht angebotene Leistungen|unbelegte Versprechen,,,5 sichtbare FAQ-Indikatoren,https://www.floxant.de/blog/anbieter-hat-abgesagt-was-tun,index_follow,included,"Wenn ein Anbieter kurz vor Termin absagt, geht es nicht mehr um den perfekten Vergleich. Dann zählen Prioritäten, Fotos, Terminfenster und ein realistischer Plan B.","Anbieter hat abgesagt: Was tun, wenn Termin oder Übergabe trotzdem naeher rücken?:KEEP|Aus einer unklaren Situation wird eine prüfbare Anfrage.:KEEP|Angebot senden:KEEP|Lücken erkennen:KEEP|Alternative prüfen:KEEP|Die kurze Antwort:KEEP|Nicht alles gleichzeitig retten:KEEP|Welche Fälle FLOXANT typischerweise prüft:KEEP|Warum das keine Garantie ist:KEEP|Plan B mit konkreten Eckdaten starten:KEEP|Unsicheres Angebot oder offene Angaben? Erst einordnen, dann entscheiden.:KEEP|FAQ nach Anbieterabsage:KEEP",,KEEP,
/blog/entruempelungsangebot-pruefen-serioes,de,Überregional,guide,Entrümpelung,Entrümpelung verständlich erklären und zum passenden nächsten Schritt führen,"Umfang, Zugang, Zeitraum und Kontaktwunsch klären","Entrümpelungsangebot prüfen: Menge, Material und Zugang serioes einschätzen","Entrümpelungsangebot prüfen: Menge, Material und Zugang serioes einschätzen",Entrümpelungsangebot prüfen | FLOXANT,Entrümpelungsangebot prüfen | FLOXANT,Entrümpelungsangebot prüfen,"Entrümpelungsangebot prüfen: Welche Angaben zu Menge, Material, Etage, Keller, Garage, Fotos, Entsorgung und Reinigung vor einer Zusage wichtig sind.",Entrümpelungsangebot prüfen,Direkte Antwort|Leistungsumfang|benötigte Angaben|Aufwandstreiber|Ablauf|FAQ|verwandte Leistungen|nächster Schritt,interne Begriffe|fremde Standorte|nicht angebotene Leistungen|unbelegte Versprechen,,,4 sichtbare FAQ-Indikatoren,https://www.floxant.de/blog/entruempelungsangebot-pruefen-serioes,index_follow,included,"Entrümpelungsangebote unterscheiden sich stark, weil Menge, Material, Etage, Laufweg und Entsorgung den Aufwand bestimmen. Wer nur die Endsumme vergleicht, uebersieht schnell wichtige Annahmen.","Entrümpelungsangebot prüfen: Menge, Material und Zugang serioes einschätzen:KEEP|Aus einer unklaren Situation wird eine prüfbare Anfrage.:KEEP|Angebot senden:KEEP|Lücken erkennen:KEEP|Alternative prüfen:KEEP|Die kurze Antwort:KEEP|Warum Fotos hier besonders wichtig sind:KEEP|Welche Positionen separat auftauchen können:KEEP|Wie FLOXANT eine Alternative prüft:KEEP|Entrümpelung belastbar vergleichen:KEEP|Unsicheres Angebot oder offene Angaben? Erst einordnen, dann entscheiden.:KEEP|FAQ zum Entrümpelungsangebot:KEEP",,KEEP,
/blog/reinigungsangebot-regensburg-pruefen,de,Regensburg,guide,Angebotsprüfung,Angebotsprüfung in Regensburg verständlich erklären und zum passenden nächsten Schritt führen,"Umfang, Zugang, Zeitraum und Kontaktwunsch klären","Reinigungsangebot in Regensburg prüfen: Stadtteil, Objekt und Fotos richtig nutzen","Reinigungsangebot in Regensburg prüfen: Stadtteil, Objekt und Fotos richtig nutzen",Reinigungsangebot Regensburg prüfen | FLOXANT,Reinigungsangebot Regensburg prüfen | FLOXANT,Reinigungsangebot Regensburg prüfen,"Reinigungsangebot in Regensburg prüfen: Welche Angaben zu Stadtteil, Objektart, Fläche, Zustand, Termin, Fotos und Übergabe vor einer Zusage helfen.",Angebot in Regensburg prüfen,Direkte Antwort|Leistungsumfang|benötigte Angaben|Aufwandstreiber|Ablauf|FAQ|verwandte Leistungen|nächster Schritt,interne Begriffe|fremde Standorte|nicht angebotene Leistungen|unbelegte Versprechen,,,4 sichtbare FAQ-Indikatoren,https://www.floxant.de/blog/reinigungsangebot-regensburg-pruefen,index_follow,included,"In Regensburg unterscheiden sich Reinigungsanfragen nach Stadtteil, Objektart, Zugang, Zeitfenster und Nutzung. Ein Angebot laesst sich besser vergleichen, wenn diese Punkte nicht nur nebenbei genannt werden.","Reinigungsangebot in Regensburg prüfen: Stadtteil, Objekt und Fotos richtig nutzen:KEEP|Aus einer unklaren Situation wird eine prüfbare Anfrage.:KEEP|Angebot senden:KEEP|Lücken erkennen:KEEP|Alternative prüfen:KEEP|Die kurze Antwort:KEEP|Warum der Stadtteil helfen kann:KEEP|Was in einem Angebot sichtbar sein sollte:KEEP|Wie FLOXANT die Anfrage weiterfuehrt:KEEP|Regensburger Reinigungsangebote klarer lesen:KEEP|Unsicheres Angebot oder offene Angaben? Erst einordnen, dann entscheiden.:KEEP|FAQ zum Reinigungsangebot in Regensburg:KEEP",,KEEP,
/blog/angebot-wirkt-zu-teuer-welche-fragen-stellen,de,Überregional,guide,Angebotsprüfung,Angebotsprüfung verständlich erklären und zum passenden nächsten Schritt führen,"Umfang, Zugang, Zeitraum und Kontaktwunsch klären",Angebot wirkt zu teuer: welche Fragen Kunden vor der Zusage stellen sollten,Angebot wirkt zu teuer: welche Fragen Kunden vor der Zusage stellen sollten,Angebot wirkt zu teuer? Fragen vor der Zusage | FLOXANT,Angebot wirkt zu teuer? Fragen vor der Zusage | FLOXANT,Angebot wirkt zu teuer? Fragen vor der Zusage,"Wenn ein Angebot zu teuer wirkt: welche Fragen zu Umfang, Fotos, Termin, Zugang und Zusatzkosten helfen, bevor Sie zusagen oder FLOXANT um eine zweite Einschätzung bitten.",Angebot prüfen lassen,Direkte Antwort|Leistungsumfang|benötigte Angaben|Aufwandstreiber|Ablauf|FAQ|verwandte Leistungen|nächster Schritt,interne Begriffe|fremde Standorte|nicht angebotene Leistungen|unbelegte Versprechen,,,4 sichtbare FAQ-Indikatoren,https://www.floxant.de/blog/angebot-wirkt-zu-teuer-welche-fragen-stellen,index_follow,included,"Ein Angebot kann zu teuer wirken, obwohl der Aufwand realistisch ist. Es kann aber auch günstig wirken, obwohl wichtige Leistungen fehlen. Entscheidend ist deshalb nicht der erste Eindruck, sondern welche Annahmen im Angebot sichtbar sind.","Angebot wirkt zu teuer: welche Fragen Kunden vor der Zusage stellen sollten:KEEP|Aus einer unklaren Situation wird eine prüfbare Anfrage.:KEEP|Angebot senden:KEEP|Lücken erkennen:KEEP|Alternative prüfen:KEEP|Die kurze Antwort:KEEP|Die wichtigsten Rückfragen:KEEP|Wann Angebot prüfen sinnvoll ist:KEEP|Wann direkte Anfrage besser ist:KEEP|Vor der Zusage klären:KEEP|Unsicheres Angebot oder offene Angaben? Erst einordnen, dann entscheiden.:KEEP|FAQ zu teuren Angeboten:KEEP",,KEEP,
/blog/praxisreinigung-regensburg-angebot-pruefen,de,Regensburg,guide,Praxisreinigung,Praxisreinigung in Regensburg verständlich erklären und zum passenden nächsten Schritt führen,"Umfang, Zugang, Zeitraum und Kontaktwunsch klären",Praxisreinigung Regensburg: was Praxen vor der Anfrage klären sollten,Praxisreinigung Regensburg: was Praxen vor der Anfrage klären sollten,Praxisreinigung Regensburg Angebot prüfen | FLOXANT,Praxisreinigung Regensburg Angebot prüfen | FLOXANT,Praxisreinigung Regensburg Angebot prüfen,"Praxisreinigung in Regensburg vorbereiten: Räume, Turnus, Zeitfenster, Zugang, Fotos und Angebotsumfang ohne Hygiene- oder Preisgarantien sauber klären.",Praxisreinigung Regensburg anfragen,Direkte Antwort|Leistungsumfang|benötigte Angaben|Aufwandstreiber|Ablauf|FAQ|verwandte Leistungen|nächster Schritt,interne Begriffe|fremde Standorte|nicht angebotene Leistungen|unbelegte Versprechen,,,5 sichtbare FAQ-Indikatoren,https://www.floxant.de/blog/praxisreinigung-regensburg-angebot-pruefen,index_follow,included,"Praxisreinigung ist keine normale Wohnungsreinigung. Vor einer Anfrage sollten Flächen, Öffnungszeiten, Nebenraeume, Sanitärbereiche, Zugang und Turnus so klar sein, dass die Rückmeldung realistisch bleibt.","Praxisreinigung Regensburg: was Praxen vor der Anfrage klären sollten:KEEP|Aus einer unklaren Situation wird eine prüfbare Anfrage.:KEEP|Zustand sehen:KEEP|Ziel klären:KEEP|Termin sichern:KEEP|Die kurze Antwort:KEEP|Welche Angaben wichtig sind:KEEP|Typische Fehler:KEEP|Angebot prüfen oder direkt anfragen?:KEEP|Praxisreinigung belastbar vorbereiten:KEEP|Unsicheres Angebot oder offene Angaben? Erst einordnen, dann entscheiden.:KEEP|FAQ zur Praxisreinigung in Regensburg:KEEP",,KEEP,
/blog/fensterreinigung-regensburg-angebot-aufwand,de,Regensburg,guide,Fensterreinigung,Fensterreinigung in Regensburg verständlich erklären und zum passenden nächsten Schritt führen,"Umfang, Zugang, Zeitraum und Kontaktwunsch klären",Fensterreinigung Regensburg: was Aufwand und Termin beeinflusst,Fensterreinigung Regensburg: was Aufwand und Termin beeinflusst,Fensterreinigung Regensburg Angebot & Aufwand | FLOXANT,Fensterreinigung Regensburg Angebot & Aufwand | FLOXANT,Fensterreinigung Regensburg Angebot & Aufwand,"Fensterreinigung und Glasreinigung in Regensburg richtig anfragen: Glasfläche, Etage, Rahmen, Zugang, Verschmutzung, Termin und Angebot prüfen.",Angebot prüfen,Direkte Antwort|Leistungsumfang|benötigte Angaben|Aufwandstreiber|Ablauf|FAQ|verwandte Leistungen|nächster Schritt,interne Begriffe|fremde Standorte|nicht angebotene Leistungen|unbelegte Versprechen,,,4 sichtbare FAQ-Indikatoren,https://www.floxant.de/blog/fensterreinigung-regensburg-angebot-aufwand,index_follow,included,"Bei Fensterreinigung entscheidet nicht nur die Anzahl der Fenster. Glasfläche, Rahmen, Etage, Zugang, Verschmutzung und Terminfenster machen Angebote vergleichbar.","Fensterreinigung Regensburg: was Aufwand und Termin beeinflusst:KEEP|Aus einer unklaren Situation wird eine prüfbare Anfrage.:KEEP|Angebot senden:KEEP|Lücken erkennen:KEEP|Alternative prüfen:KEEP|Die kurze Antwort:KEEP|Was den Aufwand veraendert:KEEP|Typische Angebotsluecken:KEEP|Wann FLOXANT prüfen sollte:KEEP|Fenster und Glas richtig einordnen:KEEP|Unsicheres Angebot oder offene Angaben? Erst einordnen, dann entscheiden.:KEEP|FAQ zu Fensterreinigung Regensburg:KEEP",,KEEP,
/blog/klaviertransport-regensburg-vor-anfrage,de,Regensburg,guide,Klaviertransport,Klaviertransport in Regensburg verständlich erklären und zum passenden nächsten Schritt führen,"Umfang, Zugang, Zeitraum und Kontaktwunsch klären",Klaviertransport Regensburg: was vor der Anfrage wichtig ist,Klaviertransport Regensburg: was vor der Anfrage wichtig ist,Klaviertransport Regensburg vorbereiten | FLOXANT,Klaviertransport Regensburg vorbereiten | FLOXANT,Klaviertransport Regensburg vorbereiten,"Klaviertransport in Regensburg vorbereiten: Instrument, Etagen, Treppenhaus, Aufzug, Laufweg, Fotos, Strecke und Termin richtig beschreiben.",Angebot prüfen,Direkte Antwort|Leistungsumfang|benötigte Angaben|Aufwandstreiber|Ablauf|FAQ|verwandte Leistungen|nächster Schritt,interne Begriffe|fremde Standorte|nicht angebotene Leistungen|unbelegte Versprechen,,,5 sichtbare FAQ-Indikatoren,https://www.floxant.de/blog/klaviertransport-regensburg-vor-anfrage,index_follow,included,"Klaviertransport ist kein normaler Möbeltransport. Gewicht, Instrument, Treppenhaus, Laufweg, Aufzug, Strecke und Fotos entscheiden, ob eine Anfrage realistisch geprüft werden kann.","Klaviertransport Regensburg: was vor der Anfrage wichtig ist:KEEP|Aus einer unklaren Situation wird eine prüfbare Anfrage.:KEEP|Kurz zeigen:KEEP|Praktisch prüfen:KEEP|Sauber entscheiden:KEEP|Die kurze Antwort:KEEP|Welche Angaben FLOXANT braucht:KEEP|Typische Fehler:KEEP|Angebot prüfen oder direkt anfragen?:KEEP|Klaviertransport ohne falsche Annahmen:KEEP|Unsicheres Angebot oder offene Angaben? Erst einordnen, dann entscheiden.:KEEP|FAQ zum Klaviertransport:KEEP",,KEEP,
/blog/seniorenumzug-regensburg-angehoerige-vorbereiten,de,Regensburg,guide,Seniorenumzug,Seniorenumzug in Regensburg verständlich erklären und zum passenden nächsten Schritt führen,"Umfang, Zugang, Zeitraum und Kontaktwunsch klären",Seniorenumzug Regensburg: wie Angehörige den Umzug im Alter vorbereiten,Seniorenumzug Regensburg: wie Angehörige den Umzug im Alter vorbereiten,Seniorenumzug Regensburg vorbereiten | FLOXANT,Seniorenumzug Regensburg vorbereiten | FLOXANT,Seniorenumzug Regensburg vorbereiten,"Seniorenumzug in Regensburg vorbereiten: Angehörige, Freigaben, Packhilfe, Möbel, Reinigung, Übergabe, Fotos und ruhiger Ablauf. Regensburg-Service nach Leistung, Objektart, Fläche, Umfang, Zeitfenster, Zugang und...",Angebot prüfen,Direkte Antwort|Leistungsumfang|benötigte Angaben|Aufwandstreiber|Ablauf|FAQ|verwandte Leistungen|nächster Schritt,interne Begriffe|fremde Standorte|nicht angebotene Leistungen|unbelegte Versprechen,,,4 sichtbare FAQ-Indikatoren,https://www.floxant.de/blog/seniorenumzug-regensburg-angehoerige-vorbereiten,index_follow,included,"Ein Seniorenumzug ist nicht nur Transport. Angehörige, Freigaben, Packhilfe, Tempo, Erinnerungsstuecke, Reinigung und Übergabe müssen so sortiert werden, dass der Ablauf ruhig bleibt.","Seniorenumzug Regensburg: wie Angehörige den Umzug im Alter vorbereiten:KEEP|Aus einer unklaren Situation wird eine prüfbare Anfrage.:KEEP|Zustand sehen:KEEP|Ziel klären:KEEP|Termin sichern:KEEP|Die kurze Antwort:KEEP|Was vorab geklaert werden sollte:KEEP|Typische Fehler:KEEP|Wann Angebot prüfen hilft:KEEP|Seniorenumzug ruhig vorbereiten:KEEP|Unsicheres Angebot oder offene Angaben? Erst einordnen, dann entscheiden.:KEEP|FAQ zum Seniorenumzug:KEEP",,KEEP,
/blog/saubere-fotos-vor-wohnungsuebergabe,de,Überregional,guide,Ratgeber,Ratgeber verständlich erklären und zum passenden nächsten Schritt führen,"Umfang, Zugang, Zeitraum und Kontaktwunsch klären",Warum saubere Fotos vor der Wohnungsuebergabe Streit sparen können,Warum saubere Fotos vor der Wohnungsuebergabe Streit sparen können,Saubere Fotos vor der Wohnungsuebergabe | FLOXANT,Saubere Fotos vor der Wohnungsuebergabe | FLOXANT,Saubere Fotos vor der Wohnungsuebergabe,"Welche Fotos bei Reinigung und Wohnungsuebergabe in Regensburg wirklich helfen und warum Dokumentation Diskussionen ruhiger macht. Fotos, Termin, Umfang und Preisrahmen direkt senden und Machbarkeit prüfen lassen.",Angebot prüfen,Direkte Antwort|Leistungsumfang|benötigte Angaben|Aufwandstreiber|Ablauf|FAQ|verwandte Leistungen|nächster Schritt,interne Begriffe|fremde Standorte|nicht angebotene Leistungen|unbelegte Versprechen,,,5 sichtbare FAQ-Indikatoren,https://www.floxant.de/blog/saubere-fotos-vor-wohnungsuebergabe,index_follow,included,"Vor einer Wohnungsuebergabe werden Details schnell zu Diskussionen. Fotos sind kein Rechtsersatz, aber sie machen sichtbarer, was gereinigt, geprüft und offen geblieben ist.","Warum saubere Fotos vor der Wohnungsuebergabe Streit sparen können:KEEP|Aus einer unklaren Situation wird eine prüfbare Anfrage.:KEEP|Kurz zeigen:KEEP|Praktisch prüfen:KEEP|Sauber entscheiden:KEEP|Das eigentliche Problem:KEEP|Worauf Kunden zuerst achten sollten:KEEP|Wie Sichtbar-Sauber-Protokoll dabei hilft:KEEP|Der nächste sinnvolle Schritt:KEEP|Kurz gesagt:KEEP|Unsicheres Angebot oder offene Angaben? Erst einordnen, dann entscheiden.:KEEP|FAQ zu Sichtbar sauber:KEEP",,KEEP,
/blog/reinigungsergebnis-dokumentieren-regensburg,de,Regensburg,guide,Reinigung,Reinigung in Regensburg verständlich erklären und zum passenden nächsten Schritt führen,"Umfang, Zugang, Zeitraum und Kontaktwunsch klären",Reinigungsergebnis dokumentieren: welche Bilder wirklich helfen,Reinigungsergebnis dokumentieren: welche Bilder wirklich helfen,Reinigungsergebnis dokumentieren | FLOXANT Regensburg,Reinigungsergebnis dokumentieren | FLOXANT Regensburg,Reinigungsergebnis dokumentieren,"Ein praktischer Leitfaden für Regensburg: Welche Fotos nach Reinigung, Auszug oder Objektservice aussagekraeftig sind. Regensburg-Service nach Leistung, Objektart, Fläche, Umfang, Zeitfenster, Zugang und Fotos prüfen...",Angebot prüfen,Direkte Antwort|Leistungsumfang|benötigte Angaben|Aufwandstreiber|Ablauf|FAQ|verwandte Leistungen|nächster Schritt,interne Begriffe|fremde Standorte|nicht angebotene Leistungen|unbelegte Versprechen,,,5 sichtbare FAQ-Indikatoren,https://www.floxant.de/blog/reinigungsergebnis-dokumentieren-regensburg,index_follow,included,"Viele machen nach der Reinigung wahllos Bilder. Besser ist ein kurzer Plan: sichtbare Flächen, kritische Stellen und offene Punkte getrennt dokumentieren.","Reinigungsergebnis dokumentieren: welche Bilder wirklich helfen:KEEP|Aus einer unklaren Situation wird eine prüfbare Anfrage.:KEEP|Zustand sehen:KEEP|Ziel klären:KEEP|Termin sichern:KEEP|Das eigentliche Problem:KEEP|Worauf Kunden zuerst achten sollten:KEEP|Wie Sichtbar-Sauber-Protokoll dabei hilft:KEEP|Der nächste sinnvolle Schritt:KEEP|Kurz gesagt:KEEP|Unsicheres Angebot oder offene Angaben? Erst einordnen, dann entscheiden.:KEEP|FAQ zu Sichtbar sauber:KEEP",,KEEP,
/blog/sichtbare-sauberkeit-vermietertermin,de,Überregional,guide,Ratgeber,Ratgeber verständlich erklären und zum passenden nächsten Schritt führen,"Umfang, Zugang, Zeitraum und Kontaktwunsch klären",Sichtbare Sauberkeit: worauf Vermieter zuerst schauen,Sichtbare Sauberkeit: worauf Vermieter zuerst schauen,Sichtbare Sauberkeit vor Vermietertermin | FLOXANT,Sichtbare Sauberkeit vor Vermietertermin | FLOXANT,Sichtbare Sauberkeit vor Vermietertermin,"Welche Bereiche bei Wohnungsuebergabe, Endreinigung und Vermietertermin in Regensburg zuerst auffallen. Fotos, Termin, Umfang und Preisrahmen direkt senden und Machbarkeit prüfen lassen.",Angebot prüfen,Direkte Antwort|Leistungsumfang|benötigte Angaben|Aufwandstreiber|Ablauf|FAQ|verwandte Leistungen|nächster Schritt,interne Begriffe|fremde Standorte|nicht angebotene Leistungen|unbelegte Versprechen,,,5 sichtbare FAQ-Indikatoren,https://www.floxant.de/blog/sichtbare-sauberkeit-vermietertermin,index_follow,included,"Bei einer Übergabe entscheidet selten ein makelloser Gesamteindruck allein. Oft sind es wenige sichtbare Punkte, an denen sich ein Gespraech festhaelt.","Sichtbare Sauberkeit: worauf Vermieter zuerst schauen:KEEP|Aus einer unklaren Situation wird eine prüfbare Anfrage.:KEEP|Zustand sehen:KEEP|Ziel klären:KEEP|Termin sichern:KEEP|Das eigentliche Problem:KEEP|Worauf Kunden zuerst achten sollten:KEEP|Wie Sichtbar-Sauber-Protokoll dabei hilft:KEEP|Der nächste sinnvolle Schritt:KEEP|Kurz gesagt:KEEP|Unsicheres Angebot oder offene Angaben? Erst einordnen, dann entscheiden.:KEEP|FAQ zu Sichtbar sauber:KEEP",,KEEP,
/blog/haeufige-gruende-fuer-kautionsabzuege,de,Überregional,guide,Ratgeber,Ratgeber verständlich erklären und zum passenden nächsten Schritt führen,"Umfang, Zugang, Zeitraum und Kontaktwunsch klären",Die haeufigsten Gruende für Kautionsabzuege bei der Wohnungsuebergabe,Die haeufigsten Gruende für Kautionsabzuege bei der Wohnungsuebergabe,Gruende für Kautionsabzuege vermeiden | FLOXANT,Gruende für Kautionsabzuege vermeiden | FLOXANT,Gruende für Kautionsabzuege vermeiden,"Welche vermeidbaren Punkte bei Übergabe und Reinigung oft zu Diskussionen führen und wie Mieter in Regensburg besser vorbereiten. Fotos, Termin, Umfang und Preisrahmen direkt senden und Machbarkeit prüfen lassen.",Angebot prüfen,Direkte Antwort|Leistungsumfang|benötigte Angaben|Aufwandstreiber|Ablauf|FAQ|verwandte Leistungen|nächster Schritt,interne Begriffe|fremde Standorte|nicht angebotene Leistungen|unbelegte Versprechen,,,5 sichtbare FAQ-Indikatoren,https://www.floxant.de/blog/haeufige-gruende-fuer-kautionsabzuege,index_follow,included,"Kautionsabzuege entstehen nicht nur wegen grosser Schaeden. Oft reichen sichtbare Restpunkte, fehlende Reinigung oder unklare Nebenflächen, damit der Termin schwierig wird.","Die haeufigsten Gruende für Kautionsabzuege bei der Wohnungsuebergabe:KEEP|Aus einer unklaren Situation wird eine prüfbare Anfrage.:KEEP|Zustand sehen:KEEP|Ziel klären:KEEP|Termin sichern:KEEP|Das eigentliche Problem:KEEP|Worauf Kunden zuerst achten sollten:KEEP|Wie Vermieter-Schockschutz Reinigung dabei hilft:KEEP|Der nächste sinnvolle Schritt:KEEP|Kurz gesagt:KEEP|Unsicheres Angebot oder offene Angaben? Erst einordnen, dann entscheiden.:KEEP|FAQ zu Vermieter-Schockschutz:KEEP",,KEEP,
/blog/wohnungsuebergabe-ohne-streit,de,Überregional,guide,Ratgeber,Ratgeber verständlich erklären und zum passenden nächsten Schritt führen,"Umfang, Zugang, Zeitraum und Kontaktwunsch klären",Wohnungsuebergabe ohne Streit: was vorher wirklich helfen kann,Wohnungsuebergabe ohne Streit: was vorher wirklich helfen kann,Wohnungsuebergabe ohne Streit | FLOXANT Regensburg,Wohnungsuebergabe ohne Streit | FLOXANT Regensburg,Wohnungsuebergabe ohne Streit,"Wie Reinigung, Restpunkte, Fotos und klare Reihenfolge vor der Wohnungsuebergabe Konflikte reduzieren können. Fotos, Termin, Umfang und Preisrahmen direkt senden und Machbarkeit prüfen lassen.",Angebot prüfen,Direkte Antwort|Leistungsumfang|benötigte Angaben|Aufwandstreiber|Ablauf|FAQ|verwandte Leistungen|nächster Schritt,interne Begriffe|fremde Standorte|nicht angebotene Leistungen|unbelegte Versprechen,,,5 sichtbare FAQ-Indikatoren,https://www.floxant.de/blog/wohnungsuebergabe-ohne-streit,index_follow,included,"Eine ruhige Wohnungsuebergabe beginnt nicht erst an der Tuer. Sie entsteht vorher: durch klare Restliste, sichtbare Reinigung und weniger offene Fragen.","Wohnungsuebergabe ohne Streit: was vorher wirklich helfen kann:KEEP|Aus einer unklaren Situation wird eine prüfbare Anfrage.:KEEP|Zustand sehen:KEEP|Ziel klären:KEEP|Termin sichern:KEEP|Das eigentliche Problem:KEEP|Worauf Kunden zuerst achten sollten:KEEP|Wie Vermieter-Schockschutz Reinigung dabei hilft:KEEP|Der nächste sinnvolle Schritt:KEEP|Kurz gesagt:KEEP|Unsicheres Angebot oder offene Angaben? Erst einordnen, dann entscheiden.:KEEP|FAQ zu Vermieter-Schockschutz:KEEP",,KEEP,
/blog/auszug-checkliste-regensburg,de,Regensburg,guide,Ratgeber,Ratgeber in Regensburg verständlich erklären und zum passenden nächsten Schritt führen,"Umfang, Zugang, Zeitraum und Kontaktwunsch klären","Checkliste für den Auszug in Regensburg: Reinigung, Schlüssel, Restpunkte","Checkliste für den Auszug in Regensburg: Reinigung, Schlüssel, Restpunkte",Auszug Checkliste Regensburg | FLOXANT,Auszug Checkliste Regensburg | FLOXANT,Auszug Checkliste Regensburg,"Eine klare Auszugscheckliste für Regensburg: Was vor Endreinigung, Wohnungsuebergabe und Schlüsselabgabe wichtig ist. Regensburg-Service nach Leistung, Objektart, Fläche, Umfang, Zeitfenster, Zugang und Fotos prüfen...",Angebot prüfen,Direkte Antwort|Leistungsumfang|benötigte Angaben|Aufwandstreiber|Ablauf|FAQ|verwandte Leistungen|nächster Schritt,interne Begriffe|fremde Standorte|nicht angebotene Leistungen|unbelegte Versprechen,,,5 sichtbare FAQ-Indikatoren,https://www.floxant.de/blog/auszug-checkliste-regensburg,index_follow,included,"Beim Auszug stapeln sich kleine Aufgaben. Wer sie frueh sortiert, muss am letzten Tag weniger retten.","Checkliste für den Auszug in Regensburg: Reinigung, Schlüssel, Restpunkte:KEEP|Aus einer unklaren Situation wird eine prüfbare Anfrage.:KEEP|Zustand sehen:KEEP|Ziel klären:KEEP|Termin sichern:KEEP|Das eigentliche Problem:KEEP|Worauf Kunden zuerst achten sollten:KEEP|Wie Vermieter-Schockschutz Reinigung dabei hilft:KEEP|Der nächste sinnvolle Schritt:KEEP|Kurz gesagt:KEEP|Unsicheres Angebot oder offene Angaben? Erst einordnen, dann entscheiden.:KEEP|FAQ zu Vermieter-Schockschutz:KEEP",,KEEP,
/blog/schluesseluebergabe-vorbereiten-nicht-vor-ort,de,Überregional,guide,Ratgeber,Ratgeber verständlich erklären und zum passenden nächsten Schritt führen,"Umfang, Zugang, Zeitraum und Kontaktwunsch klären","Schlüsselübergabe vorbereiten, wenn man nicht vor Ort sein kann","Schlüsselübergabe vorbereiten, wenn man nicht vor Ort sein kann",Schlüsselübergabe nicht vor Ort | FLOXANT,Schlüsselübergabe nicht vor Ort | FLOXANT,Schlüsselübergabe nicht vor Ort,"Was vor einer Schlüsselübergabe in Regensburg zu klären ist, wenn Kunde, Vermieter oder Wohnung nicht am selben Ort sind. Fotos, Termin, Umfang und Preisrahmen direkt senden und Machbarkeit prüfen lassen.",Angebot prüfen,Direkte Antwort|Leistungsumfang|benötigte Angaben|Aufwandstreiber|Ablauf|FAQ|verwandte Leistungen|nächster Schritt,interne Begriffe|fremde Standorte|nicht angebotene Leistungen|unbelegte Versprechen,,,5 sichtbare FAQ-Indikatoren,https://www.floxant.de/blog/schluesseluebergabe-vorbereiten-nicht-vor-ort,index_follow,included,"Nicht vor Ort zu sein, ist bei einer Übergabe kein kleines Detail. Reinigung, Fotos, Ansprechpartner und Schlüsselweg müssen dann genauer geplant werden.","Schlüsselübergabe vorbereiten, wenn man nicht vor Ort sein kann:KEEP|Aus einer unklaren Situation wird eine prüfbare Anfrage.:KEEP|Zustand sehen:KEEP|Ziel klären:KEEP|Termin sichern:KEEP|Das eigentliche Problem:KEEP|Worauf Kunden zuerst achten sollten:KEEP|Wie Schlüsselruhe-Service dabei hilft:KEEP|Der nächste sinnvolle Schritt:KEEP|Kurz gesagt:KEEP|Unsicheres Angebot oder offene Angaben? Erst einordnen, dann entscheiden.:KEEP|FAQ zu Schlüsselruhe:KEEP",,KEEP,
/blog/vor-schluesselabgabe-fertig-sein,de,Überregional,guide,Ratgeber,Ratgeber verständlich erklären und zum passenden nächsten Schritt führen,"Umfang, Zugang, Zeitraum und Kontaktwunsch klären",Was vor der Schlüsselabgabe wirklich fertig sein sollte,Was vor der Schlüsselabgabe wirklich fertig sein sollte,Vor Schlüsselabgabe fertig werden | FLOXANT,Vor Schlüsselabgabe fertig werden | FLOXANT,Vor Schlüsselabgabe fertig werden,"Eine ruhige Liste für Mieter in Regensburg: Was vor Schlüsselabgabe, Reinigung und Vermietertermin nicht offen bleiben sollte. Fotos, Termin, Umfang und Preisrahmen direkt senden und Machbarkeit prüfen lassen.",Angebot prüfen,Direkte Antwort|Leistungsumfang|benötigte Angaben|Aufwandstreiber|Ablauf|FAQ|verwandte Leistungen|nächster Schritt,interne Begriffe|fremde Standorte|nicht angebotene Leistungen|unbelegte Versprechen,,,5 sichtbare FAQ-Indikatoren,https://www.floxant.de/blog/vor-schluesselabgabe-fertig-sein,index_follow,included,"Vor der Schlüsselabgabe zählt nicht, ob alles makellos wirkt. Entscheidend ist, dass die ueblichen Streitpunkte nicht mehr ungeklaert sind.","Was vor der Schlüsselabgabe wirklich fertig sein sollte:KEEP|Aus einer unklaren Situation wird eine prüfbare Anfrage.:KEEP|Kurz zeigen:KEEP|Praktisch prüfen:KEEP|Sauber entscheiden:KEEP|Das eigentliche Problem:KEEP|Worauf Kunden zuerst achten sollten:KEEP|Wie Schlüsselruhe-Service dabei hilft:KEEP|Der nächste sinnvolle Schritt:KEEP|Kurz gesagt:KEEP|Unsicheres Angebot oder offene Angaben? Erst einordnen, dann entscheiden.:KEEP|FAQ zu Schlüsselruhe:KEEP",,KEEP,
/blog/kurzfristige-reinigung-regensburg-24h-realistisch,de,Regensburg,guide,Reinigung,Reinigung in Regensburg verständlich erklären und zum passenden nächsten Schritt führen,"Umfang, Zugang, Zeitraum und Kontaktwunsch klären",Kurzfristige Reinigung in Regensburg: Was realistisch ist,Kurzfristige Reinigung in Regensburg: Was realistisch ist,Kurzfristige Reinigung Regensburg prüfen | FLOXANT,Kurzfristige Reinigung Regensburg prüfen | FLOXANT,Kurzfristige Reinigung Regensburg prüfen,"Was bei kurzfristiger Reinigung bis morgen wirklich machbar ist und welche Angaben FLOXANT für eine schnelle Prüfung braucht. Regensburg-Service nach Leistung, Objektart, Fläche, Umfang, Zeitfenster, Zugang und Fotos...",Angebot prüfen,Direkte Antwort|Leistungsumfang|benötigte Angaben|Aufwandstreiber|Ablauf|FAQ|verwandte Leistungen|nächster Schritt,interne Begriffe|fremde Standorte|nicht angebotene Leistungen|unbelegte Versprechen,,,5 sichtbare FAQ-Indikatoren,https://www.floxant.de/blog/kurzfristige-reinigung-regensburg-24h-realistisch,index_follow,included,"Wenn die Uhr laeuft, braucht niemand leere Versprechen. Wichtig ist eine schnelle, ehrliche Prüfung von Fläche, Zustand, Zugang und Ziel.","Kurzfristige Reinigung in Regensburg: Was realistisch ist:KEEP|Aus einer unklaren Situation wird eine prüfbare Anfrage.:KEEP|Zustand sehen:KEEP|Ziel klären:KEEP|Termin sichern:KEEP|Das eigentliche Problem:KEEP|Worauf Kunden zuerst achten sollten:KEEP|Wie Kurzfristige Reinigung ohne Panik dabei hilft:KEEP|Der nächste sinnvolle Schritt:KEEP|Kurz gesagt:KEEP|Unsicheres Angebot oder offene Angaben? Erst einordnen, dann entscheiden.:KEEP|FAQ zu Kurzfristige Reinigung:KEEP",,KEEP,
/blog/wenn-besuch-oder-uebergabe-morgen-ist,de,Überregional,guide,Ratgeber,Ratgeber verständlich erklären und zum passenden nächsten Schritt führen,"Umfang, Zugang, Zeitraum und Kontaktwunsch klären","Wenn Besuch, Übergabe oder Termin morgen ist: so sortieren Sie richtig","Wenn Besuch, Übergabe oder Termin morgen ist: so sortieren Sie richtig",Reinigung bis morgen sortieren | FLOXANT,Reinigung bis morgen sortieren | FLOXANT,Reinigung bis morgen sortieren,"Wie Kunden in Regensburg bei Putzdruck bis morgen Prioritäten setzen und FLOXANT schnell mit den richtigen Daten anfragen. Fotos, Termin, Umfang und Preisrahmen direkt senden und Machbarkeit prüfen lassen.",Angebot prüfen,Direkte Antwort|Leistungsumfang|benötigte Angaben|Aufwandstreiber|Ablauf|FAQ|verwandte Leistungen|nächster Schritt,interne Begriffe|fremde Standorte|nicht angebotene Leistungen|unbelegte Versprechen,,,5 sichtbare FAQ-Indikatoren,https://www.floxant.de/blog/wenn-besuch-oder-uebergabe-morgen-ist,index_follow,included,"Ein Termin morgen macht jede offene Ecke lauter. Der Ausweg ist nicht Panik, sondern Priorisierung: Was sieht jemand zuerst, was ist wirklich kritisch?","Wenn Besuch, Übergabe oder Termin morgen ist: so sortieren Sie richtig:KEEP|Aus einer unklaren Situation wird eine prüfbare Anfrage.:KEEP|Zustand sehen:KEEP|Ziel klären:KEEP|Termin sichern:KEEP|Das eigentliche Problem:KEEP|Worauf Kunden zuerst achten sollten:KEEP|Wie Kurzfristige Reinigung ohne Panik dabei hilft:KEEP|Der nächste sinnvolle Schritt:KEEP|Kurz gesagt:KEEP|Unsicheres Angebot oder offene Angaben? Erst einordnen, dann entscheiden.:KEEP|FAQ zu Kurzfristige Reinigung:KEEP",,KEEP,
/blog/wohnung-wieder-bewohnbar-bekommen,de,Überregional,guide,Ratgeber,Ratgeber verständlich erklären und zum passenden nächsten Schritt führen,"Umfang, Zugang, Zeitraum und Kontaktwunsch klären","Wohnung wieder bewohnbar bekommen nach Umzug, Stressphase oder langem Liegenlassen","Wohnung wieder bewohnbar bekommen nach Umzug, Stressphase oder langem Liegenlassen",Wohnung wieder bewohnbar bekommen | FLOXANT,Wohnung wieder bewohnbar bekommen | FLOXANT,Wohnung wieder bewohnbar bekommen,"Wie eine Reset-Reinigung hilft, wenn Wohnung, Küche, Bad oder Wohnbereich wieder alltagstauglich werden sollen. Fotos, Termin, Umfang und Preisrahmen direkt senden und Machbarkeit prüfen lassen.",Angebot prüfen,Direkte Antwort|Leistungsumfang|benötigte Angaben|Aufwandstreiber|Ablauf|FAQ|verwandte Leistungen|nächster Schritt,interne Begriffe|fremde Standorte|nicht angebotene Leistungen|unbelegte Versprechen,,,5 sichtbare FAQ-Indikatoren,https://www.floxant.de/blog/wohnung-wieder-bewohnbar-bekommen,index_follow,included,"Manche Wohnungen brauchen keine Showreinigung, sondern einen Neustart. Es geht darum, wieder Luft, Struktur und benutzbare Flächen zu bekommen.","Wohnung wieder bewohnbar bekommen nach Umzug, Stressphase oder langem Liegenlassen:KEEP|Aus einer unklaren Situation wird eine prüfbare Anfrage.:KEEP|Zustand sehen:KEEP|Ziel klären:KEEP|Termin sichern:KEEP|Das eigentliche Problem:KEEP|Worauf Kunden zuerst achten sollten:KEEP|Wie Reset-Reinigung dabei hilft:KEEP|Der nächste sinnvolle Schritt:KEEP|Kurz gesagt:KEEP|Unsicheres Angebot oder offene Angaben? Erst einordnen, dann entscheiden.:KEEP|FAQ zu Reset:KEEP",,KEEP,
/blog/reset-nach-party-krankheit-belastung,de,Überregional,guide,Ratgeber,Ratgeber verständlich erklären und zum passenden nächsten Schritt führen,"Umfang, Zugang, Zeitraum und Kontaktwunsch klären","Reset nach Party, Krankheit oder Belastung: wie Reinigung wieder Ruhe schafft","Reset nach Party, Krankheit oder Belastung: wie Reinigung wieder Ruhe schafft",Reset nach Party oder Krankheit | FLOXANT,Reset nach Party oder Krankheit | FLOXANT,Reset nach Party oder Krankheit,"Warum Reinigung nach belastenden Tagen nicht nur Sauberkeit, sondern Entlastung, Ordnung und Kontrolle zurückbringt. Fotos, Termin, Umfang und Preisrahmen direkt senden und Machbarkeit prüfen lassen.",Angebot prüfen,Direkte Antwort|Leistungsumfang|benötigte Angaben|Aufwandstreiber|Ablauf|FAQ|verwandte Leistungen|nächster Schritt,interne Begriffe|fremde Standorte|nicht angebotene Leistungen|unbelegte Versprechen,,,5 sichtbare FAQ-Indikatoren,https://www.floxant.de/blog/reset-nach-party-krankheit-belastung,index_follow,included,"Nach Party, Krankheit oder einer anstrengenden Phase bleibt nicht nur Schmutz. Es bleibt das Gefühl, dass die Wohnung gegen einen arbeitet.","Reset nach Party, Krankheit oder Belastung: wie Reinigung wieder Ruhe schafft:KEEP|Aus einer unklaren Situation wird eine prüfbare Anfrage.:KEEP|Zustand sehen:KEEP|Ziel klären:KEEP|Termin sichern:KEEP|Das eigentliche Problem:KEEP|Worauf Kunden zuerst achten sollten:KEEP|Wie Reset-Reinigung dabei hilft:KEEP|Der nächste sinnvolle Schritt:KEEP|Kurz gesagt:KEEP|Unsicheres Angebot oder offene Angaben? Erst einordnen, dann entscheiden.:KEEP|FAQ zu Reset:KEEP",,KEEP,
/blog/kleine-restaufgaben-mental-gross,de,Überregional,guide,Ratgeber,Ratgeber verständlich erklären und zum passenden nächsten Schritt führen,"Umfang, Zugang, Zeitraum und Kontaktwunsch klären",Warum kleine Restaufgaben mental gross werden,Warum kleine Restaufgaben mental gross werden,Kleine Restaufgaben vor Reinigung | FLOXANT,Kleine Restaufgaben vor Reinigung | FLOXANT,Kleine Restaufgaben vor Reinigung,"Wie viele kleine Putz- und Ordnungsaufgaben zu Stress werden und warum ein klarer Neustart oft mehr hilft als Einzelaktionismus. Fotos, Termin, Umfang und Preisrahmen direkt senden und Machbarkeit prüfen lassen.",Angebot prüfen,Direkte Antwort|Leistungsumfang|benötigte Angaben|Aufwandstreiber|Ablauf|FAQ|verwandte Leistungen|nächster Schritt,interne Begriffe|fremde Standorte|nicht angebotene Leistungen|unbelegte Versprechen,,,5 sichtbare FAQ-Indikatoren,https://www.floxant.de/blog/kleine-restaufgaben-mental-gross,index_follow,included,"Es ist selten nur eine Ecke. Es sind zehn kleine Punkte, die zusammen den Eindruck machen, dass alles zu viel ist.","Warum kleine Restaufgaben mental gross werden:KEEP|Aus einer unklaren Situation wird eine prüfbare Anfrage.:KEEP|Kurz zeigen:KEEP|Praktisch prüfen:KEEP|Sauber entscheiden:KEEP|Das eigentliche Problem:KEEP|Worauf Kunden zuerst achten sollten:KEEP|Wie Reset-Reinigung dabei hilft:KEEP|Der nächste sinnvolle Schritt:KEEP|Kurz gesagt:KEEP|Unsicheres Angebot oder offene Angaben? Erst einordnen, dann entscheiden.:KEEP|FAQ zu Reset:KEEP",,KEEP,
/blog/gerueche-in-wohnung-vor-uebergabe,de,Überregional,guide,Ratgeber,Ratgeber verständlich erklären und zum passenden nächsten Schritt führen,"Umfang, Zugang, Zeitraum und Kontaktwunsch klären",Gerueche in der Wohnung vor der Übergabe richtig einordnen,Gerueche in der Wohnung vor der Übergabe richtig einordnen,Gerueche vor Wohnungsuebergabe | FLOXANT,Gerueche vor Wohnungsuebergabe | FLOXANT,Gerueche vor Wohnungsuebergabe,"Warum Geruch vor einer Wohnungsuebergabe ernst genommen werden sollte und wie Reinigung, Lueftung und Quellenpruefung zusammenhängen. Fotos, Termin, Umfang und Preisrahmen direkt senden und Machbarkeit prüfen lassen.",Angebot prüfen,Direkte Antwort|Leistungsumfang|benötigte Angaben|Aufwandstreiber|Ablauf|FAQ|verwandte Leistungen|nächster Schritt,interne Begriffe|fremde Standorte|nicht angebotene Leistungen|unbelegte Versprechen,,,5 sichtbare FAQ-Indikatoren,https://www.floxant.de/blog/gerueche-in-wohnung-vor-uebergabe,index_follow,included,"Geruch ist schwer zu fotografieren, aber schnell Thema. Wer vor der Übergabe nur ueberdeckt, riskiert, dass die Ursache bleibt.","Gerueche in der Wohnung vor der Übergabe richtig einordnen:KEEP|Aus einer unklaren Situation wird eine prüfbare Anfrage.:KEEP|Zustand sehen:KEEP|Ziel klären:KEEP|Termin sichern:KEEP|Das eigentliche Problem:KEEP|Worauf Kunden zuerst achten sollten:KEEP|Wie Geruchslos-Protokoll dabei hilft:KEEP|Der nächste sinnvolle Schritt:KEEP|Kurz gesagt:KEEP|Unsicheres Angebot oder offene Angaben? Erst einordnen, dann entscheiden.:KEEP|FAQ zu Geruchslos:KEEP",,KEEP,
/blog/kueche-bad-textilien-geruch,de,Überregional,guide,Ratgeber,Ratgeber verständlich erklären und zum passenden nächsten Schritt führen,"Umfang, Zugang, Zeitraum und Kontaktwunsch klären","Küche, Bad, Textilien: wo Geruch oft sitzt","Küche, Bad, Textilien: wo Geruch oft sitzt",Geruchsquellen in Wohnung finden | FLOXANT,Geruchsquellen in Wohnung finden | FLOXANT,Geruchsquellen in Wohnung finden,"Welche Bereiche bei Geruch in Wohnung, Apartment oder Objekt zuerst geprüft werden sollten. Fotos, Termin, Umfang und Preisrahmen direkt senden und Machbarkeit prüfen lassen.",Angebot prüfen,Direkte Antwort|Leistungsumfang|benötigte Angaben|Aufwandstreiber|Ablauf|FAQ|verwandte Leistungen|nächster Schritt,interne Begriffe|fremde Standorte|nicht angebotene Leistungen|unbelegte Versprechen,,,5 sichtbare FAQ-Indikatoren,https://www.floxant.de/blog/kueche-bad-textilien-geruch,index_follow,included,"Geruch haengt selten einfach in der Luft. Oft sitzt er in Fettfilm, Abflussnaehe, Textilien, Müllspuren oder schlecht gereinigten Ritzen.","Küche, Bad, Textilien: wo Geruch oft sitzt:KEEP|Aus einer unklaren Situation wird eine prüfbare Anfrage.:KEEP|Kurz zeigen:KEEP|Praktisch prüfen:KEEP|Sauber entscheiden:KEEP|Das eigentliche Problem:KEEP|Worauf Kunden zuerst achten sollten:KEEP|Wie Geruchslos-Protokoll dabei hilft:KEEP|Der nächste sinnvolle Schritt:KEEP|Kurz gesagt:KEEP|Unsicheres Angebot oder offene Angaben? Erst einordnen, dann entscheiden.:KEEP|FAQ zu Geruchslos:KEEP",,KEEP,
/blog/geruchsproblem-dokumentieren-statt-ueberdecken,de,Überregional,guide,Ratgeber,Ratgeber verständlich erklären und zum passenden nächsten Schritt führen,"Umfang, Zugang, Zeitraum und Kontaktwunsch klären",Geruchsproblem dokumentieren statt ueberdecken,Geruchsproblem dokumentieren statt ueberdecken,Geruchsproblem dokumentieren | FLOXANT,Geruchsproblem dokumentieren | FLOXANT,Geruchsproblem dokumentieren,"Wie Kunden Geruchsprobleme vor Reinigung oder Übergabe sinnvoll beschreiben, ohne falsche Garantien zu erwarten. Fotos, Termin, Umfang und Preisrahmen direkt senden und Machbarkeit prüfen lassen.",Angebot prüfen,Direkte Antwort|Leistungsumfang|benötigte Angaben|Aufwandstreiber|Ablauf|FAQ|verwandte Leistungen|nächster Schritt,interne Begriffe|fremde Standorte|nicht angebotene Leistungen|unbelegte Versprechen,,,5 sichtbare FAQ-Indikatoren,https://www.floxant.de/blog/geruchsproblem-dokumentieren-statt-ueberdecken,index_follow,included,"Geruch laesst sich nicht wie Staub zeigen. Trotzdem kann man ihn sauber beschreiben: seit wann, wo staerker, welche Nutzung, welche Flächen.","Geruchsproblem dokumentieren statt ueberdecken:KEEP|Aus einer unklaren Situation wird eine prüfbare Anfrage.:KEEP|Kurz zeigen:KEEP|Praktisch prüfen:KEEP|Sauber entscheiden:KEEP|Das eigentliche Problem:KEEP|Worauf Kunden zuerst achten sollten:KEEP|Wie Geruchslos-Protokoll dabei hilft:KEEP|Der nächste sinnvolle Schritt:KEEP|Kurz gesagt:KEEP|Unsicheres Angebot oder offene Angaben? Erst einordnen, dann entscheiden.:KEEP|FAQ zu Geruchslos:KEEP",,KEEP,
/blog/vertrauliche-hilfe-belastete-raeume,de,Überregional,guide,Ratgeber,Ratgeber verständlich erklären und zum passenden nächsten Schritt führen,"Umfang, Zugang, Zeitraum und Kontaktwunsch klären",Vertrauliche Hilfe bei stark belasteten Räumen,Vertrauliche Hilfe bei stark belasteten Räumen,Vertrauliche Reinigung belasteter Räume | FLOXANT,Vertrauliche Reinigung belasteter Räume | FLOXANT,Vertrauliche Reinigung belasteter Räume,"Wie stark belastete Räume in Regensburg ruhig angefragt, eingeordnet und ohne Bloßstellung vorbereitet werden können. Fotos, Termin, Umfang und Preisrahmen direkt senden und Machbarkeit prüfen lassen.",Angebot prüfen,Direkte Antwort|Leistungsumfang|benötigte Angaben|Aufwandstreiber|Ablauf|FAQ|verwandte Leistungen|nächster Schritt,interne Begriffe|fremde Standorte|nicht angebotene Leistungen|unbelegte Versprechen,,,5 sichtbare FAQ-Indikatoren,https://www.floxant.de/blog/vertrauliche-hilfe-belastete-raeume,index_follow,included,"Stark belastete Räume brauchen keine laute Sprache. Sie brauchen klare Grenzen, Fotos, Zugang und einen respektvollen Ablauf.","Vertrauliche Hilfe bei stark belasteten Räumen:KEEP|Aus einer unklaren Situation wird eine prüfbare Anfrage.:KEEP|Kurz zeigen:KEEP|Praktisch prüfen:KEEP|Sauber entscheiden:KEEP|Das eigentliche Problem:KEEP|Worauf Kunden zuerst achten sollten:KEEP|Wie Anti-Scham Reinigung dabei hilft:KEEP|Der nächste sinnvolle Schritt:KEEP|Kurz gesagt:KEEP|Unsicheres Angebot oder offene Angaben? Erst einordnen, dann entscheiden.:KEEP|FAQ zu Anti-Scham:KEEP",,KEEP,
/blog/morgen-besuch-wohnung-vorzeigbar,de,Überregional,guide,Ratgeber,Ratgeber verständlich erklären und zum passenden nächsten Schritt führen,"Umfang, Zugang, Zeitraum und Kontaktwunsch klären",Wenn morgen Besuch kommt: Wohnung schnell vorzeigbar machen,Wenn morgen Besuch kommt: Wohnung schnell vorzeigbar machen,Wohnung bis morgen vorzeigbar | FLOXANT,Wohnung bis morgen vorzeigbar | FLOXANT,Wohnung bis morgen vorzeigbar,"Welche Bereiche zuerst zählen, wenn Besuch kommt und die Wohnung in Regensburg schnell einen besseren Eindruck machen soll. Fotos, Termin, Umfang und Preisrahmen direkt senden und Machbarkeit prüfen lassen.",Angebot prüfen,Direkte Antwort|Leistungsumfang|benötigte Angaben|Aufwandstreiber|Ablauf|FAQ|verwandte Leistungen|nächster Schritt,interne Begriffe|fremde Standorte|nicht angebotene Leistungen|unbelegte Versprechen,,,5 sichtbare FAQ-Indikatoren,https://www.floxant.de/blog/morgen-besuch-wohnung-vorzeigbar,index_follow,included,"Besuch macht die Wohnung ploetzlich öffentlich. Wichtig ist dann nicht Perfektion, sondern ein sichtbarer, ruhiger Grundzustand.","Wenn morgen Besuch kommt: Wohnung schnell vorzeigbar machen:KEEP|Aus einer unklaren Situation wird eine prüfbare Anfrage.:KEEP|Kurz zeigen:KEEP|Praktisch prüfen:KEEP|Sauber entscheiden:KEEP|Das eigentliche Problem:KEEP|Worauf Kunden zuerst achten sollten:KEEP|Wie Mama-kommt-morgen Service dabei hilft:KEEP|Der nächste sinnvolle Schritt:KEEP|Kurz gesagt:KEEP|Unsicheres Angebot oder offene Angaben? Erst einordnen, dann entscheiden.:KEEP|FAQ zu Mama kommt morgen:KEEP",,KEEP,
/blog/familienbesuch-ohne-putzpanik,de,Überregional,guide,Ratgeber,Ratgeber verständlich erklären und zum passenden nächsten Schritt führen,"Umfang, Zugang, Zeitraum und Kontaktwunsch klären",Familienbesuch ohne Putzpanik vorbereiten,Familienbesuch ohne Putzpanik vorbereiten,Familienbesuch ohne Putzpanik | FLOXANT,Familienbesuch ohne Putzpanik | FLOXANT,Familienbesuch ohne Putzpanik,"Wie man vor Familienbesuch die Wohnung realistisch vorbereitet, ohne sich an jeder Ecke aufzureiben. Fotos, Termin, Umfang und Preisrahmen direkt senden und Machbarkeit prüfen lassen.",Angebot prüfen,Direkte Antwort|Leistungsumfang|benötigte Angaben|Aufwandstreiber|Ablauf|FAQ|verwandte Leistungen|nächster Schritt,interne Begriffe|fremde Standorte|nicht angebotene Leistungen|unbelegte Versprechen,,,5 sichtbare FAQ-Indikatoren,https://www.floxant.de/blog/familienbesuch-ohne-putzpanik,index_follow,included,"Familienbesuch trifft oft genau die Stellen, bei denen man sich beobachtet fuehlt. Ein klarer Plan senkt den Druck.","Familienbesuch ohne Putzpanik vorbereiten:KEEP|Aus einer unklaren Situation wird eine prüfbare Anfrage.:KEEP|Kurz zeigen:KEEP|Praktisch prüfen:KEEP|Sauber entscheiden:KEEP|Das eigentliche Problem:KEEP|Worauf Kunden zuerst achten sollten:KEEP|Wie Mama-kommt-morgen Service dabei hilft:KEEP|Der nächste sinnvolle Schritt:KEEP|Kurz gesagt:KEEP|Unsicheres Angebot oder offene Angaben? Erst einordnen, dann entscheiden.:KEEP|FAQ zu Mama kommt morgen:KEEP",,KEEP,
/blog/welche-raeume-zaehlen-wenn-zeit-knapp,de,Überregional,guide,Ratgeber,Ratgeber verständlich erklären und zum passenden nächsten Schritt führen,"Umfang, Zugang, Zeitraum und Kontaktwunsch klären","Welche Räume zuerst zählen, wenn Zeit knapp ist","Welche Räume zuerst zählen, wenn Zeit knapp ist",Reinigung priorisieren bei wenig Zeit | FLOXANT,Reinigung priorisieren bei wenig Zeit | FLOXANT,Reinigung priorisieren bei wenig Zeit,"Ein kurzer Prioritätenplan für Regensburg: Welche Räume bei Besuch, Termin oder Übergabe zuerst gereinigt werden sollten. Fotos, Termin, Umfang und Preisrahmen direkt senden und Machbarkeit prüfen lassen.",Angebot prüfen,Direkte Antwort|Leistungsumfang|benötigte Angaben|Aufwandstreiber|Ablauf|FAQ|verwandte Leistungen|nächster Schritt,interne Begriffe|fremde Standorte|nicht angebotene Leistungen|unbelegte Versprechen,,,5 sichtbare FAQ-Indikatoren,https://www.floxant.de/blog/welche-raeume-zaehlen-wenn-zeit-knapp,index_follow,included,"Bei wenig Zeit wird jede Entscheidung wichtig. Wer alles gleichzeitig reinigen will, verliert Wirkung und Energie.","Welche Räume zuerst zählen, wenn Zeit knapp ist:KEEP|Aus einer unklaren Situation wird eine prüfbare Anfrage.:KEEP|Kurz zeigen:KEEP|Praktisch prüfen:KEEP|Sauber entscheiden:KEEP|Das eigentliche Problem:KEEP|Worauf Kunden zuerst achten sollten:KEEP|Wie Mama-kommt-morgen Service dabei hilft:KEEP|Der nächste sinnvolle Schritt:KEEP|Kurz gesagt:KEEP|Unsicheres Angebot oder offene Angaben? Erst einordnen, dann entscheiden.:KEEP|FAQ zu Mama kommt morgen:KEEP",,KEEP,
/blog/versteckter-schmutz-vor-uebergabe,de,Überregional,guide,Ratgeber,Ratgeber verständlich erklären und zum passenden nächsten Schritt führen,"Umfang, Zugang, Zeitraum und Kontaktwunsch klären",Versteckter Schmutz vor der Übergabe: typische Stellen,Versteckter Schmutz vor der Übergabe: typische Stellen,Versteckter Schmutz vor Übergabe | FLOXANT,Versteckter Schmutz vor Übergabe | FLOXANT,Versteckter Schmutz vor Übergabe,"Welche Stellen bei Wohnungsuebergabe und Endreinigung in Regensburg oft uebersehen werden. Fotos, Termin, Umfang und Preisrahmen direkt senden und Machbarkeit prüfen lassen.",Angebot prüfen,Direkte Antwort|Leistungsumfang|benötigte Angaben|Aufwandstreiber|Ablauf|FAQ|verwandte Leistungen|nächster Schritt,interne Begriffe|fremde Standorte|nicht angebotene Leistungen|unbelegte Versprechen,,,5 sichtbare FAQ-Indikatoren,https://www.floxant.de/blog/versteckter-schmutz-vor-uebergabe,index_follow,included,"Versteckter Schmutz faellt oft erst dann auf, wenn jemand gezielt hinsieht. Genau deshalb lohnt sich ein ruhiger Check vor der Übergabe.","Versteckter Schmutz vor der Übergabe: typische Stellen:KEEP|Aus einer unklaren Situation wird eine prüfbare Anfrage.:KEEP|Zustand sehen:KEEP|Ziel klären:KEEP|Termin sichern:KEEP|Das eigentliche Problem:KEEP|Worauf Kunden zuerst achten sollten:KEEP|Wie Hidden Dirt Check dabei hilft:KEEP|Der nächste sinnvolle Schritt:KEEP|Kurz gesagt:KEEP|Unsicheres Angebot oder offene Angaben? Erst einordnen, dann entscheiden.:KEEP|FAQ zu Hidden Dirt:KEEP",,KEEP,
/blog/kueche-bad-gruendlich-pruefen-ohne-ueberforderung,de,Überregional,guide,Ratgeber,Ratgeber verständlich erklären und zum passenden nächsten Schritt führen,"Umfang, Zugang, Zeitraum und Kontaktwunsch klären","Küche und Bad gruendlich prüfen, ohne sich zu ueberfordern","Küche und Bad gruendlich prüfen, ohne sich zu ueberfordern",Küche Bad Reinigung Check | FLOXANT,Küche Bad Reinigung Check | FLOXANT,Küche Bad Reinigung Check,"Wie Küche und Bad vor Übergabe oder Besuch sinnvoll gecheckt werden, ohne in Detailstress zu geraten. Fotos, Termin, Umfang und Preisrahmen direkt senden und Machbarkeit prüfen lassen.",Angebot prüfen,Direkte Antwort|Leistungsumfang|benötigte Angaben|Aufwandstreiber|Ablauf|FAQ|verwandte Leistungen|nächster Schritt,interne Begriffe|fremde Standorte|nicht angebotene Leistungen|unbelegte Versprechen,,,5 sichtbare FAQ-Indikatoren,https://www.floxant.de/blog/kueche-bad-gruendlich-pruefen-ohne-ueberforderung,index_follow,included,"Küche und Bad entscheiden viel, aber nicht jedes Detail ist gleich wichtig. Ein klarer Check spart Zeit.","Küche und Bad gruendlich prüfen, ohne sich zu ueberfordern:KEEP|Aus einer unklaren Situation wird eine prüfbare Anfrage.:KEEP|Kurz zeigen:KEEP|Praktisch prüfen:KEEP|Sauber entscheiden:KEEP|Das eigentliche Problem:KEEP|Worauf Kunden zuerst achten sollten:KEEP|Wie Hidden Dirt Check dabei hilft:KEEP|Der nächste sinnvolle Schritt:KEEP|Kurz gesagt:KEEP|Unsicheres Angebot oder offene Angaben? Erst einordnen, dann entscheiden.:KEEP|FAQ zu Hidden Dirt:KEEP",,KEEP,
/blog/hidden-dirt-check-vermietertermin-regensburg,de,Regensburg,guide,Ratgeber,Ratgeber in Regensburg verständlich erklären und zum passenden nächsten Schritt führen,"Umfang, Zugang, Zeitraum und Kontaktwunsch klären",Hidden Dirt Check für den Vermietertermin in Regensburg,Hidden Dirt Check für den Vermietertermin in Regensburg,Hidden Dirt Check Vermietertermin Regensburg | FLOXANT,Hidden Dirt Check Vermietertermin Regensburg | FLOXANT,Hidden Dirt Check Vermietertermin Regensburg,"Wie FLOXANT vor Vermieterterminen in Regensburg versteckte Reinigungsrisiken sichtbarer macht. Regensburg-Service nach Leistung, Objektart, Fläche, Umfang, Zeitfenster, Zugang und Fotos prüfen lassen.",Angebot prüfen,Direkte Antwort|Leistungsumfang|benötigte Angaben|Aufwandstreiber|Ablauf|FAQ|verwandte Leistungen|nächster Schritt,interne Begriffe|fremde Standorte|nicht angebotene Leistungen|unbelegte Versprechen,,,5 sichtbare FAQ-Indikatoren,https://www.floxant.de/blog/hidden-dirt-check-vermietertermin-regensburg,index_follow,included,"Vor einem Vermietertermin ist das Risiko nicht immer der grosse Schmutz. Oft sind es uebersehene Details, die den Eindruck kippen.","Hidden Dirt Check für den Vermietertermin in Regensburg:KEEP|Aus einer unklaren Situation wird eine prüfbare Anfrage.:KEEP|Kurz zeigen:KEEP|Praktisch prüfen:KEEP|Sauber entscheiden:KEEP|Das eigentliche Problem:KEEP|Worauf Kunden zuerst achten sollten:KEEP|Wie Hidden Dirt Check dabei hilft:KEEP|Der nächste sinnvolle Schritt:KEEP|Kurz gesagt:KEEP|Unsicheres Angebot oder offene Angaben? Erst einordnen, dann entscheiden.:KEEP|FAQ zu Hidden Dirt:KEEP",,KEEP,
/blog/empfang-kueche-sanitaer-montag,de,Überregional,guide,Ratgeber,Ratgeber verständlich erklären und zum passenden nächsten Schritt führen,"Umfang, Zugang, Zeitraum und Kontaktwunsch klären","Empfang, Küche, Sanitär: was Mitarbeitende Montag sofort sehen","Empfang, Küche, Sanitär: was Mitarbeitende Montag sofort sehen",Montag Büroreinigung Sichtbereiche | FLOXANT,Montag Büroreinigung Sichtbereiche | FLOXANT,Montag Büroreinigung Sichtbereiche,"Welche Bereiche in Büros und Praxen für den ersten Eindruck am Montag besonders relevant sind. Fotos, Termin, Umfang und Preisrahmen direkt senden und Machbarkeit prüfen lassen.",Angebot prüfen,Direkte Antwort|Leistungsumfang|benötigte Angaben|Aufwandstreiber|Ablauf|FAQ|verwandte Leistungen|nächster Schritt,interne Begriffe|fremde Standorte|nicht angebotene Leistungen|unbelegte Versprechen,,,5 sichtbare FAQ-Indikatoren,https://www.floxant.de/blog/empfang-kueche-sanitaer-montag,index_follow,included,"Nicht jede Fläche hat dieselbe Wirkung. Der Wochenstart haengt besonders an den Räumen, die alle nutzen.","Empfang, Küche, Sanitär: was Mitarbeitende Montag sofort sehen:KEEP|Aus einer unklaren Situation wird eine prüfbare Anfrage.:KEEP|Kurz zeigen:KEEP|Praktisch prüfen:KEEP|Sauber entscheiden:KEEP|Das eigentliche Problem:KEEP|Worauf Kunden zuerst achten sollten:KEEP|Wie Montagmorgen-Effekt dabei hilft:KEEP|Der nächste sinnvolle Schritt:KEEP|Kurz gesagt:KEEP|Unsicheres Angebot oder offene Angaben? Erst einordnen, dann entscheiden.:KEEP|FAQ zu Montagmorgen:KEEP",,KEEP,
/blog/gewerbeflaechen-vor-wochenstart-vorbereiten,de,Überregional,guide,Ratgeber,Ratgeber verständlich erklären und zum passenden nächsten Schritt führen,"Umfang, Zugang, Zeitraum und Kontaktwunsch klären",Gewerbeflächen vor dem Wochenstart richtig vorbereiten,Gewerbeflächen vor dem Wochenstart richtig vorbereiten,Gewerbeflächen Wochenstart Reinigung | FLOXANT,Gewerbeflächen Wochenstart Reinigung | FLOXANT,Gewerbeflächen Wochenstart Reinigung,"Wie Gewerbeflächen in Regensburg mit klaren Reinigungszonen, Zeitfenstern und Ansprechpartnern vorbereitet werden. Fotos, Termin, Umfang und Preisrahmen direkt senden und Machbarkeit prüfen lassen.",Angebot prüfen,Direkte Antwort|Leistungsumfang|benötigte Angaben|Aufwandstreiber|Ablauf|FAQ|verwandte Leistungen|nächster Schritt,interne Begriffe|fremde Standorte|nicht angebotene Leistungen|unbelegte Versprechen,,,5 sichtbare FAQ-Indikatoren,https://www.floxant.de/blog/gewerbeflaechen-vor-wochenstart-vorbereiten,index_follow,included,"Gewerbereinigung wird besser, wenn sie nicht als Putztermin, sondern als Betriebsstart gedacht wird.","Gewerbeflächen vor dem Wochenstart richtig vorbereiten:KEEP|Aus einer unklaren Situation wird eine prüfbare Anfrage.:KEEP|Zustand sehen:KEEP|Ziel klären:KEEP|Termin sichern:KEEP|Das eigentliche Problem:KEEP|Worauf Kunden zuerst achten sollten:KEEP|Wie Montagmorgen-Effekt dabei hilft:KEEP|Der nächste sinnvolle Schritt:KEEP|Kurz gesagt:KEEP|Unsicheres Angebot oder offene Angaben? Erst einordnen, dann entscheiden.:KEEP|FAQ zu Montagmorgen:KEEP",,KEEP,
/blog/schlafzimmer-buero-kinderzimmer-ruhiger-sauber,de,Überregional,guide,Ratgeber,Ratgeber verständlich erklären und zum passenden nächsten Schritt führen,"Umfang, Zugang, Zeitraum und Kontaktwunsch klären","Schlafzimmer, Büro, Kinderzimmer: ruhiger sauber machen","Schlafzimmer, Büro, Kinderzimmer: ruhiger sauber machen",Schlafzimmer Büro Kinderzimmer Reinigung | FLOXANT,Schlafzimmer Büro Kinderzimmer Reinigung | FLOXANT,Schlafzimmer Büro Kinderzimmer Reinigung,"Welche Räume bei staubigem oder belastetem Wohngefuehl zuerst gereinigt werden sollten. Fotos, Termin, Umfang und Preisrahmen direkt senden und Machbarkeit prüfen lassen.",Angebot prüfen,Direkte Antwort|Leistungsumfang|benötigte Angaben|Aufwandstreiber|Ablauf|FAQ|verwandte Leistungen|nächster Schritt,interne Begriffe|fremde Standorte|nicht angebotene Leistungen|unbelegte Versprechen,,,5 sichtbare FAQ-Indikatoren,https://www.floxant.de/blog/schlafzimmer-buero-kinderzimmer-ruhiger-sauber,index_follow,included,"Räume, in denen man schlaeft, arbeitet oder Kinder spielen, brauchen oft ein anderes Augenmerk als reine Durchgangsraeume.","Schlafzimmer, Büro, Kinderzimmer: ruhiger sauber machen:KEEP|Aus einer unklaren Situation wird eine prüfbare Anfrage.:KEEP|Zustand sehen:KEEP|Ziel klären:KEEP|Termin sichern:KEEP|Das eigentliche Problem:KEEP|Worauf Kunden zuerst achten sollten:KEEP|Wie Atemruhig-Reinigung dabei hilft:KEEP|Der nächste sinnvolle Schritt:KEEP|Kurz gesagt:KEEP|Unsicheres Angebot oder offene Angaben? Erst einordnen, dann entscheiden.:KEEP|FAQ zu Atemruhig:KEEP",,KEEP,
/blog/baustaub-nach-renovierung-reihenfolge,de,Überregional,guide,Ratgeber,Ratgeber verständlich erklären und zum passenden nächsten Schritt führen,"Umfang, Zugang, Zeitraum und Kontaktwunsch klären",Baustaub nach Renovierung entfernen: Die Reihenfolge zählt,Baustaub nach Renovierung entfernen: Die Reihenfolge zählt,Baustaub nach Renovierung entfernen | FLOXANT,Baustaub nach Renovierung entfernen | FLOXANT,Baustaub nach Renovierung entfernen,"Warum Baustaub nicht mit normalem Putzen verschwindet und welche Reihenfolge nach Renovierung sinnvoll ist. Fotos, Termin, Umfang und Preisrahmen direkt senden und Machbarkeit prüfen lassen.",Angebot prüfen,Direkte Antwort|Leistungsumfang|benötigte Angaben|Aufwandstreiber|Ablauf|FAQ|verwandte Leistungen|nächster Schritt,interne Begriffe|fremde Standorte|nicht angebotene Leistungen|unbelegte Versprechen,,,5 sichtbare FAQ-Indikatoren,https://www.floxant.de/blog/baustaub-nach-renovierung-reihenfolge,index_follow,included,"Baustaub ist hartnaeckig, weil er sich immer wieder absetzt. Wer zu frueh dekoriert oder wischt, arbeitet oft doppelt.","Baustaub nach Renovierung entfernen: Die Reihenfolge zählt:KEEP|Aus einer unklaren Situation wird eine prüfbare Anfrage.:KEEP|Kurz zeigen:KEEP|Praktisch prüfen:KEEP|Sauber entscheiden:KEEP|Das eigentliche Problem:KEEP|Worauf Kunden zuerst achten sollten:KEEP|Wie Baustaub-Ende dabei hilft:KEEP|Der nächste sinnvolle Schritt:KEEP|Kurz gesagt:KEEP|Unsicheres Angebot oder offene Angaben? Erst einordnen, dann entscheiden.:KEEP|FAQ zu Baustaub-Ende:KEEP",,KEEP,
/blog/warum-baustaub-wiederkommt,de,Überregional,guide,Ratgeber,Ratgeber verständlich erklären und zum passenden nächsten Schritt führen,"Umfang, Zugang, Zeitraum und Kontaktwunsch klären",Warum Baustaub immer wiederkommt und was dagegen hilft,Warum Baustaub immer wiederkommt und was dagegen hilft,Warum Baustaub wiederkommt | FLOXANT,Warum Baustaub wiederkommt | FLOXANT,Warum Baustaub wiederkommt,"Warum sich Baustaub nach der ersten Reinigung erneut absetzt und wie Kunden in Regensburg realistischer planen. Fotos, Termin, Umfang und Preisrahmen direkt senden und Machbarkeit prüfen lassen.",Angebot prüfen,Direkte Antwort|Leistungsumfang|benötigte Angaben|Aufwandstreiber|Ablauf|FAQ|verwandte Leistungen|nächster Schritt,interne Begriffe|fremde Standorte|nicht angebotene Leistungen|unbelegte Versprechen,,,5 sichtbare FAQ-Indikatoren,https://www.floxant.de/blog/warum-baustaub-wiederkommt,index_follow,included,"Baustaub wirkt manchmal wie ein Rückfall. Das ist kein Zeichen, dass gar nichts passiert ist, sondern oft Folge von Feinstaub und falscher Reihenfolge.","Warum Baustaub immer wiederkommt und was dagegen hilft:KEEP|Aus einer unklaren Situation wird eine prüfbare Anfrage.:KEEP|Kurz zeigen:KEEP|Praktisch prüfen:KEEP|Sauber entscheiden:KEEP|Das eigentliche Problem:KEEP|Worauf Kunden zuerst achten sollten:KEEP|Wie Baustaub-Ende dabei hilft:KEEP|Der nächste sinnvolle Schritt:KEEP|Kurz gesagt:KEEP|Unsicheres Angebot oder offene Angaben? Erst einordnen, dann entscheiden.:KEEP|FAQ zu Baustaub-Ende:KEEP",,KEEP,
/blog/zehn-angaben-klare-umzugsanfrage-regensburg,de,Regensburg,guide,Umzug,Umzug in Regensburg verständlich erklären und zum passenden nächsten Schritt führen,"Umfang, Zugang, Zeitraum und Kontaktwunsch klären",10 Angaben für eine klare Umzugsanfrage in Regensburg,10 Angaben für eine klare Umzugsanfrage in Regensburg,10 Angaben für eine Umzugsanfrage in Regensburg | FLOXANT,10 Angaben für eine Umzugsanfrage in Regensburg | FLOXANT,10 Angaben für eine Umzugsanfrage in Regensburg,"Start, Ziel, Zugang, Umfang und Zeitraum: Diese zehn Angaben machen eine Umzugsanfrage in Regensburg nachvollziehbar. Regensburg-Service nach Leistung, Objektart, Fläche, Umfang, Zeitfenster, Zugang und Fotos prüfen...",Angebot prüfen,Direkte Antwort|Leistungsumfang|benötigte Angaben|Aufwandstreiber|Ablauf|FAQ|verwandte Leistungen|nächster Schritt,interne Begriffe|fremde Standorte|nicht angebotene Leistungen|unbelegte Versprechen,,,4 sichtbare FAQ-Indikatoren,https://www.floxant.de/blog/zehn-angaben-klare-umzugsanfrage-regensburg,index_follow,included,"Eine klare Umzugsanfrage nennt Start, Ziel, Etagen, Aufzug, Laufwege, Haltemöglichkeit, Wohnungsgröße, Möbelumfang, Zeitraum und gewünschte Zusatzleistungen. Fotos ergänzen schwer beschreibbare Zugänge, ersetzen aber keine vollständigen Eckdaten.","10 Angaben für eine klare Umzugsanfrage in Regensburg:KEEP|Aus einer unklaren Situation wird eine prüfbare Anfrage.:KEEP|Kurz zeigen:KEEP|Praktisch prüfen:KEEP|Sauber entscheiden:KEEP|Die direkte Antwort:KEEP|Warum diese Angaben wichtig sind:KEEP|Praktische Checkliste:KEEP|Grenzen und offene Punkte:KEEP|Der nächste Schritt:KEEP|Hilfreich vor dem Absenden:KEEP|Unsicheres Angebot oder offene Angaben? Erst einordnen, dann entscheiden.:KEEP|Häufige Fragen:KEEP",,KEEP,
/blog/umzug-regensburg-laengere-strecke,de,Regensburg,guide,Umzug,Umzug in Regensburg verständlich erklären und zum passenden nächsten Schritt führen,"Umfang, Zugang, Zeitraum und Kontaktwunsch klären",Umzug aus oder nach Regensburg über längere Strecken,Umzug aus oder nach Regensburg über längere Strecken,Umzug Regensburg über längere Strecke anfragen | FLOXANT,Umzug Regensburg über längere Strecke anfragen | FLOXANT,Umzug Regensburg über längere Strecke anfragen,"So beschreiben Sie Route, Zeitraum, Umfang und Zugang für einen Umzug aus oder nach Regensburg über eine längere Strecke. Regensburg-Service nach Leistung, Objektart, Fläche, Umfang, Zeitfenster, Zugang und Fotos...",Angebot prüfen,Direkte Antwort|Leistungsumfang|benötigte Angaben|Aufwandstreiber|Ablauf|FAQ|verwandte Leistungen|nächster Schritt,interne Begriffe|fremde Standorte|nicht angebotene Leistungen|unbelegte Versprechen,,,4 sichtbare FAQ-Indikatoren,https://www.floxant.de/blog/umzug-regensburg-laengere-strecke,index_follow,included,"Umzüge mit Start oder Ziel im bedienten Regensburger Gebiet können auch über längere Strecken angefragt werden. Die konkrete Route, der Umfang, beide Zugänge, der Zeitraum und die verfügbare Kapazität werden für jeden Auftrag einzeln geprüft.","Umzug aus oder nach Regensburg über längere Strecken:KEEP|Aus einer unklaren Situation wird eine prüfbare Anfrage.:KEEP|Kurz zeigen:KEEP|Praktisch prüfen:KEEP|Sauber entscheiden:KEEP|Die direkte Antwort:KEEP|Warum diese Angaben wichtig sind:KEEP|Praktische Checkliste:KEEP|Grenzen und offene Punkte:KEEP|Der nächste Schritt:KEEP|Hilfreich vor dem Absenden:KEEP|Unsicheres Angebot oder offene Angaben? Erst einordnen, dann entscheiden.:KEEP|Häufige Fragen:KEEP",,KEEP,
/blog/etage-aufzug-umzugsanfrage,de,Überregional,guide,Umzug,Umzug verständlich erklären und zum passenden nächsten Schritt führen,"Umfang, Zugang, Zeitraum und Kontaktwunsch klären",Etage und Aufzug bei einer Umzugsanfrage richtig angeben,Etage und Aufzug bei einer Umzugsanfrage richtig angeben,Etage und Aufzug bei der Umzugsanfrage | FLOXANT,Etage und Aufzug bei der Umzugsanfrage | FLOXANT,Etage und Aufzug bei der Umzugsanfrage,"Startetage, Zieletage, Aufzuggröße und Laufwege richtig beschreiben, damit der Zugang vor dem Umzug geprüft werden kann. Fotos, Termin, Umfang und Preisrahmen direkt senden und Machbarkeit prüfen lassen.",Umzug mit Zugangsdaten anfragen,Direkte Antwort|Leistungsumfang|benötigte Angaben|Aufwandstreiber|Ablauf|FAQ|verwandte Leistungen|nächster Schritt,interne Begriffe|fremde Standorte|nicht angebotene Leistungen|unbelegte Versprechen,,,4 sichtbare FAQ-Indikatoren,https://www.floxant.de/blog/etage-aufzug-umzugsanfrage,index_follow,included,"Geben Sie Start- und Zieletage getrennt an und schreiben Sie nicht nur „Aufzug vorhanden“. Wichtig ist, ob der Aufzug nutzbar und groß genug ist, wo er hält und welche Treppen, Türen oder Laufwege trotzdem bleiben.","Etage und Aufzug bei einer Umzugsanfrage richtig angeben:KEEP|Aus einer unklaren Situation wird eine prüfbare Anfrage.:KEEP|Kurz zeigen:KEEP|Praktisch prüfen:KEEP|Sauber entscheiden:KEEP|Die direkte Antwort:KEEP|Warum diese Angaben wichtig sind:KEEP|Praktische Checkliste:KEEP|Grenzen und offene Punkte:KEEP|Der nächste Schritt:KEEP|Hilfreich vor dem Absenden:KEEP|Unsicheres Angebot oder offene Angaben? Erst einordnen, dann entscheiden.:KEEP|Häufige Fragen:KEEP",,KEEP,
/blog/klaviertransport-regensburg-vorbereiten,de,Regensburg,guide,Klaviertransport,Klaviertransport in Regensburg verständlich erklären und zum passenden nächsten Schritt führen,"Umfang, Zugang, Zeitraum und Kontaktwunsch klären","Klaviertransport vorbereiten: Maße, Zugänge und Treppen","Klaviertransport vorbereiten: Maße, Zugänge und Treppen",Klaviertransport Regensburg richtig vorbereiten | FLOXANT,Klaviertransport Regensburg richtig vorbereiten | FLOXANT,Klaviertransport Regensburg richtig vorbereiten,"Instrumentart, Maße, Gewicht, Etagen, Treppen und Zugangsfotos für eine Klaviertransport-Anfrage in Regensburg zusammenstellen. Regensburg-Service nach Leistung, Objektart, Fläche, Umfang, Zeitfenster, Zugang und...",Angebot prüfen,Direkte Antwort|Leistungsumfang|benötigte Angaben|Aufwandstreiber|Ablauf|FAQ|verwandte Leistungen|nächster Schritt,interne Begriffe|fremde Standorte|nicht angebotene Leistungen|unbelegte Versprechen,,,4 sichtbare FAQ-Indikatoren,https://www.floxant.de/blog/klaviertransport-regensburg-vorbereiten,index_follow,included,"Für die Prüfung eines Klaviertransports braucht FLOXANT Instrumentart, ungefähre Maße und Gewicht sowie vollständige Angaben zu Start, Ziel, Etagen, Aufzug, Treppen, Türen und Laufwegen. Fotos sollten das Instrument und die gesamten Zugänge zeigen.","Klaviertransport vorbereiten: Maße, Zugänge und Treppen:KEEP|Aus einer unklaren Situation wird eine prüfbare Anfrage.:KEEP|Kurz zeigen:KEEP|Praktisch prüfen:KEEP|Sauber entscheiden:KEEP|Die direkte Antwort:KEEP|Warum diese Angaben wichtig sind:KEEP|Praktische Checkliste:KEEP|Grenzen und offene Punkte:KEEP|Der nächste Schritt:KEEP|Hilfreich vor dem Absenden:KEEP|Unsicheres Angebot oder offene Angaben? Erst einordnen, dann entscheiden.:KEEP|Häufige Fragen:KEEP",,KEEP,
/blog/bueroreinigung-duesseldorf-anfrage,de,Düsseldorf,guide,Büroreinigung,Büroreinigung in Düsseldorf verständlich erklären und zum passenden nächsten Schritt führen,"Umfang, Zugang, Zeitraum und Kontaktwunsch klären",7 Angaben für eine Büroreinigungs-Anfrage in Düsseldorf,7 Angaben für eine Büroreinigungs-Anfrage in Düsseldorf,Büroreinigung Düsseldorf richtig anfragen | FLOXANT,Büroreinigung Düsseldorf richtig anfragen | FLOXANT,Büroreinigung Düsseldorf richtig anfragen,"Objekt, Fläche, Räume, Turnus, Zugangszeiten, Leistungsumfang und Ansprechpartner für eine Büroreinigung in Düsseldorf klären. Fotos, Termin, Umfang und Preisrahmen direkt senden und Machbarkeit prüfen lassen.",Angebot prüfen,Direkte Antwort|Leistungsumfang|benötigte Angaben|Aufwandstreiber|Ablauf|FAQ|verwandte Leistungen|nächster Schritt,interne Begriffe|fremde Standorte|nicht angebotene Leistungen|unbelegte Versprechen,,,4 sichtbare FAQ-Indikatoren,https://www.floxant.de/blog/bueroreinigung-duesseldorf-anfrage,index_follow,included,"Eine gute Büroreinigungs-Anfrage nennt Objektart, ungefähre Fläche, Raumgruppen, gewünschten Turnus, mögliche Zugangszeiten, Leistungsbereiche und eine verantwortliche Kontaktperson. Ein vorhandenes Leistungsverzeichnis oder Angebot kann ergänzend hochgeladen werden.","7 Angaben für eine Büroreinigungs-Anfrage in Düsseldorf:KEEP|Aus einer unklaren Situation wird eine prüfbare Anfrage.:KEEP|Angebot senden:KEEP|Lücken erkennen:KEEP|Alternative prüfen:KEEP|Die direkte Antwort:KEEP|Warum diese Angaben wichtig sind:KEEP|Praktische Checkliste:KEEP|Grenzen und offene Punkte:KEEP|Der nächste Schritt:KEEP|Hilfreich vor dem Absenden:KEEP|Unsicheres Angebot oder offene Angaben? Erst einordnen, dann entscheiden.:KEEP|Häufige Fragen:KEEP",,KEEP,
/blog/grundreinigung-oder-unterhaltsreinigung-duesseldorf,de,Düsseldorf,guide,Grundreinigung,Grundreinigung in Düsseldorf verständlich erklären und zum passenden nächsten Schritt führen,"Umfang, Zugang, Zeitraum und Kontaktwunsch klären",Grundreinigung oder Unterhaltsreinigung in Düsseldorf?,Grundreinigung oder Unterhaltsreinigung in Düsseldorf?,Grundreinigung oder Unterhaltsreinigung Düsseldorf | FLOXANT,Grundreinigung oder Unterhaltsreinigung Düsseldorf | FLOXANT,Grundreinigung oder Unterhaltsreinigung Düsseldorf,"Grundreinigung und Unterhaltsreinigung nach Ziel, Zustand, Flächen und Turnus unterscheiden. Fotos, Termin, Umfang und Preisrahmen direkt senden und Machbarkeit prüfen lassen.",Angebot prüfen,Direkte Antwort|Leistungsumfang|benötigte Angaben|Aufwandstreiber|Ablauf|FAQ|verwandte Leistungen|nächster Schritt,interne Begriffe|fremde Standorte|nicht angebotene Leistungen|unbelegte Versprechen,,,5 sichtbare FAQ-Indikatoren,https://www.floxant.de/blog/grundreinigung-oder-unterhaltsreinigung-duesseldorf,index_follow,included,"Grundreinigung beschreibt eine intensive, meist einmalige Bearbeitung klar benannter Bereiche. Unterhaltsreinigung beschreibt wiederkehrende Aufgaben in einem vereinbarten Rhythmus. Welche Leistung passt, hängt von Zustand, Ziel, Nutzung und gewünschtem Umfang ab.","Grundreinigung oder Unterhaltsreinigung in Düsseldorf?:KEEP|Aus einer unklaren Situation wird eine prüfbare Anfrage.:KEEP|Zustand sehen:KEEP|Ziel klären:KEEP|Termin sichern:KEEP|Die direkte Antwort:KEEP|Warum diese Angaben wichtig sind:KEEP|Praktische Checkliste:KEEP|Grenzen und offene Punkte:KEEP|Der nächste Schritt:KEEP|Hilfreich vor dem Absenden:KEEP|Unsicheres Angebot oder offene Angaben? Erst einordnen, dann entscheiden.:KEEP|Häufige Fragen:KEEP",,KEEP,
/blog/reinigungsangebot-duesseldorf-klar-vergleichen,de,Düsseldorf,guide,Angebotsprüfung,Angebotsprüfung in Düsseldorf verständlich erklären und zum passenden nächsten Schritt führen,"Umfang, Zugang, Zeitraum und Kontaktwunsch klären",12 Punkte für ein nachvollziehbares Reinigungsangebot,12 Punkte für ein nachvollziehbares Reinigungsangebot,Reinigungsangebot Düsseldorf klar vergleichen | FLOXANT,Reinigungsangebot Düsseldorf klar vergleichen | FLOXANT,Reinigungsangebot Düsseldorf klar vergleichen,"Leistungsumfang, Turnus, Material, Zugänge und Zusatzkosten in Reinigungsangeboten nachvollziehbar vergleichen. Fotos, Termin, Umfang und Preisrahmen direkt senden und Machbarkeit prüfen lassen.",Reinigungsangebot prüfen,Direkte Antwort|Leistungsumfang|benötigte Angaben|Aufwandstreiber|Ablauf|FAQ|verwandte Leistungen|nächster Schritt,interne Begriffe|fremde Standorte|nicht angebotene Leistungen|unbelegte Versprechen,,,4 sichtbare FAQ-Indikatoren,https://www.floxant.de/blog/reinigungsangebot-duesseldorf-klar-vergleichen,index_follow,included,"Ein Reinigungsangebot ist erst vergleichbar, wenn Objekt, Flächen, Aufgaben, Intervalle, Zugänge, Material, Verbrauchsmittel, Qualitätsweg, Zusatzleistungen, Ausschlüsse, Laufzeit und Ansprechpartner eindeutig beschrieben sind. Der Endpreis allein zeigt diese Unterschiede nicht.","12 Punkte für ein nachvollziehbares Reinigungsangebot:KEEP|Aus einer unklaren Situation wird eine prüfbare Anfrage.:KEEP|Angebot senden:KEEP|Lücken erkennen:KEEP|Alternative prüfen:KEEP|Die direkte Antwort:KEEP|Warum diese Angaben wichtig sind:KEEP|Praktische Checkliste:KEEP|Grenzen und offene Punkte:KEEP|Der nächste Schritt:KEEP|Hilfreich vor dem Absenden:KEEP|Unsicheres Angebot oder offene Angaben? Erst einordnen, dann entscheiden.:KEEP|Häufige Fragen:KEEP",,KEEP,
/blog/angaben-reinigungsangebot-duesseldorf,de,Düsseldorf,guide,Angebotsprüfung,Angebotsprüfung in Düsseldorf verständlich erklären und zum passenden nächsten Schritt führen,"Umfang, Zugang, Zeitraum und Kontaktwunsch klären",Welche Angaben braucht ein Reinigungsangebot?,Welche Angaben braucht ein Reinigungsangebot?,Reinigungsangebot Düsseldorf richtig vorbereiten | FLOXANT,Reinigungsangebot Düsseldorf richtig vorbereiten | FLOXANT,Reinigungsangebot Düsseldorf richtig vorbereiten,"Objekt, Flächen, Aufgaben, Rhythmus, Zugang und Zusatzleistungen für ein klares Reinigungsangebot in Düsseldorf beschreiben. Fotos, Termin, Umfang und Preisrahmen direkt senden und Machbarkeit prüfen lassen.",Reinigung Düsseldorf anfragen,Direkte Antwort|Leistungsumfang|benötigte Angaben|Aufwandstreiber|Ablauf|FAQ|verwandte Leistungen|nächster Schritt,interne Begriffe|fremde Standorte|nicht angebotene Leistungen|unbelegte Versprechen,,,5 sichtbare FAQ-Indikatoren,https://www.floxant.de/blog/angaben-reinigungsangebot-duesseldorf,index_follow,included,"Ein nachvollziehbares Reinigungsangebot braucht Objektart, Ort, Flächen, Raumgruppen, gewünschte Aufgaben, Reinigungsrhythmus, Zugangszeiten, Startwunsch und ausdrücklich gewünschte Zusatzleistungen. Fotos oder ein vorhandenes Leistungsverzeichnis helfen, wenn Bereiche schwer zu beschreiben sind.","Welche Angaben braucht ein Reinigungsangebot?:KEEP|Aus einer unklaren Situation wird eine prüfbare Anfrage.:KEEP|Angebot senden:KEEP|Lücken erkennen:KEEP|Alternative prüfen:KEEP|Die direkte Antwort:KEEP|Warum diese Angaben wichtig sind:KEEP|Praktische Checkliste:KEEP|Grenzen und offene Punkte:KEEP|Der nächste Schritt:KEEP|Hilfreich vor dem Absenden:KEEP|Unsicheres Angebot oder offene Angaben? Erst einordnen, dann entscheiden.:KEEP|Häufige Fragen:KEEP",,KEEP,
/blog/fensterreinigung-hoehe-rahmen-zugang-duesseldorf,de,Düsseldorf,guide,Fensterreinigung,Fensterreinigung in Düsseldorf verständlich erklären und zum passenden nächsten Schritt führen,"Umfang, Zugang, Zeitraum und Kontaktwunsch klären","Fensterreinigung: Höhe, Rahmen und Zugang richtig angeben","Fensterreinigung: Höhe, Rahmen und Zugang richtig angeben",Fensterreinigung Düsseldorf richtig anfragen | FLOXANT,Fensterreinigung Düsseldorf richtig anfragen | FLOXANT,Fensterreinigung Düsseldorf richtig anfragen,"Fensterzahl, Höhe, Rahmen, Falze, Innen- und Außenseite sowie Zugang für eine Fensterreinigung in Düsseldorf beschreiben. Fotos, Termin, Umfang und Preisrahmen direkt senden und Machbarkeit prüfen lassen.",Angebot prüfen,Direkte Antwort|Leistungsumfang|benötigte Angaben|Aufwandstreiber|Ablauf|FAQ|verwandte Leistungen|nächster Schritt,interne Begriffe|fremde Standorte|nicht angebotene Leistungen|unbelegte Versprechen,,,4 sichtbare FAQ-Indikatoren,https://www.floxant.de/blog/fensterreinigung-hoehe-rahmen-zugang-duesseldorf,index_follow,included,"Für eine Fensterreinigungs-Anfrage helfen Fensterzahl oder Glasfläche, Etage, ungefähre Höhe, Innen- und Außenseite, Rahmen und Falze sowie die Erreichbarkeit. Zeigen Sie schwer erreichbare Fenster auf Fotos und nennen Sie feste Einbauten, Höfe oder andere Zugangshindernisse.","Fensterreinigung: Höhe, Rahmen und Zugang richtig angeben:KEEP|Aus einer unklaren Situation wird eine prüfbare Anfrage.:KEEP|Zustand sehen:KEEP|Ziel klären:KEEP|Termin sichern:KEEP|Die direkte Antwort:KEEP|Warum diese Angaben wichtig sind:KEEP|Praktische Checkliste:KEEP|Grenzen und offene Punkte:KEEP|Der nächste Schritt:KEEP|Hilfreich vor dem Absenden:KEEP|Unsicheres Angebot oder offene Angaben? Erst einordnen, dann entscheiden.:KEEP|Häufige Fragen:KEEP",,KEEP,
/blog/bauendreinigung-baufeinreinigung-unterschied-duesseldorf,de,Düsseldorf,guide,Bauendreinigung,Bauendreinigung in Düsseldorf verständlich erklären und zum passenden nächsten Schritt führen,"Umfang, Zugang, Zeitraum und Kontaktwunsch klären",Bauendreinigung und Baufeinreinigung unterscheiden,Bauendreinigung und Baufeinreinigung unterscheiden,Bauendreinigung oder Baufeinreinigung Düsseldorf | FLOXANT,Bauendreinigung oder Baufeinreinigung Düsseldorf | FLOXANT,Bauendreinigung oder Baufeinreinigung Düsseldorf,"Bauendreinigung und Baufeinreinigung nach Bauphase, Verschmutzung, Zielzustand und Übergabetermin in Düsseldorf unterscheiden. Fotos, Termin, Umfang und Preisrahmen direkt senden und Machbarkeit prüfen lassen.",Angebot prüfen,Direkte Antwort|Leistungsumfang|benötigte Angaben|Aufwandstreiber|Ablauf|FAQ|verwandte Leistungen|nächster Schritt,interne Begriffe|fremde Standorte|nicht angebotene Leistungen|unbelegte Versprechen,,,4 sichtbare FAQ-Indikatoren,https://www.floxant.de/blog/bauendreinigung-baufeinreinigung-unterschied-duesseldorf,index_follow,included,"Bauendreinigung entfernt grobe baubedingte Rückstände und bereitet den nächsten Arbeitsschritt vor. Baufeinreinigung richtet sich auf feine Stäube, Oberflächen und einen klar beschriebenen Zustand vor Einzug oder Übergabe. Entscheidend sind Bauphase, Restarbeiten, Flächen und Termin.","Bauendreinigung und Baufeinreinigung unterscheiden:KEEP|Aus einer unklaren Situation wird eine prüfbare Anfrage.:KEEP|Zustand sehen:KEEP|Ziel klären:KEEP|Termin sichern:KEEP|Die direkte Antwort:KEEP|Warum diese Angaben wichtig sind:KEEP|Praktische Checkliste:KEEP|Grenzen und offene Punkte:KEEP|Der nächste Schritt:KEEP|Hilfreich vor dem Absenden:KEEP|Unsicheres Angebot oder offene Angaben? Erst einordnen, dann entscheiden.:KEEP|Häufige Fragen:KEEP",,KEEP,
/blog/fotos-umzugsangebot-regensburg,de,Regensburg,guide,Umzug,Umzug in Regensburg verständlich erklären und zum passenden nächsten Schritt führen,"Umfang, Zugang, Zeitraum und Kontaktwunsch klären",Welche Fotos helfen bei einem Umzugsangebot?,Welche Fotos helfen bei einem Umzugsangebot?,Fotos für ein Umzugsangebot in Regensburg | FLOXANT,Fotos für ein Umzugsangebot in Regensburg | FLOXANT,Fotos für ein Umzugsangebot in Regensburg,"Möbel, Treppen, Aufzüge, Türen und Ladewege sinnvoll fotografieren, damit eine Umzugsanfrage in Regensburg verständlicher wird. Regensburg-Service nach Leistung, Objektart, Fläche, Umfang, Zeitfenster, Zugang und...",Angebot prüfen,Direkte Antwort|Leistungsumfang|benötigte Angaben|Aufwandstreiber|Ablauf|FAQ|verwandte Leistungen|nächster Schritt,interne Begriffe|fremde Standorte|nicht angebotene Leistungen|unbelegte Versprechen,,,5 sichtbare FAQ-Indikatoren,https://www.floxant.de/blog/fotos-umzugsangebot-regensburg,index_follow,included,"Hilfreich sind Übersichten der Räume und größeren Möbel sowie Fotos der vollständigen Wege an Start und Ziel: Wohnungstür, Flur, Treppe, Aufzug, Hauseingang und möglicher Ladepunkt. Persönliche Dokumente, Personen und unnötige private Details sollten nicht im Bild sein.","Welche Fotos helfen bei einem Umzugsangebot?:KEEP|Aus einer unklaren Situation wird eine prüfbare Anfrage.:KEEP|Angebot senden:KEEP|Lücken erkennen:KEEP|Alternative prüfen:KEEP|Die direkte Antwort:KEEP|Warum diese Angaben wichtig sind:KEEP|Praktische Checkliste:KEEP|Grenzen und offene Punkte:KEEP|Der nächste Schritt:KEEP|Hilfreich vor dem Absenden:KEEP|Unsicheres Angebot oder offene Angaben? Erst einordnen, dann entscheiden.:KEEP|Häufige Fragen:KEEP",,KEEP,
/blog/demontage-montage-umzug-anfragen,de,Überregional,guide,Umzug,Umzug verständlich erklären und zum passenden nächsten Schritt führen,"Umfang, Zugang, Zeitraum und Kontaktwunsch klären",Demontage und Montage eindeutig anfragen,Demontage und Montage eindeutig anfragen,Demontage und Montage beim Umzug Regensburg | FLOXANT,Demontage und Montage beim Umzug Regensburg | FLOXANT,Demontage und Montage beim Umzug Regensburg,"Möbel, Maße, Bauart und gewünschten Arbeitsumfang für Demontage und Montage bei einem Umzug in Regensburg klar angeben. Fotos, Termin, Umfang und Preisrahmen direkt senden und Machbarkeit prüfen lassen.",Angebot prüfen,Direkte Antwort|Leistungsumfang|benötigte Angaben|Aufwandstreiber|Ablauf|FAQ|verwandte Leistungen|nächster Schritt,interne Begriffe|fremde Standorte|nicht angebotene Leistungen|unbelegte Versprechen,,,4 sichtbare FAQ-Indikatoren,https://www.floxant.de/blog/demontage-montage-umzug-anfragen,index_follow,included,"Nennen Sie jedes Möbel, das demontiert oder montiert werden soll, einzeln und beschreiben Sie Bauart, Maße, Zustand und vorhandene Anleitungen. Schreiben Sie dazu, ob nur Transportvorbereitung, vollständiger Abbau, Wiederaufbau oder eine bestimmte Teilaufgabe gewünscht ist.","Demontage und Montage eindeutig anfragen:KEEP|Aus einer unklaren Situation wird eine prüfbare Anfrage.:KEEP|Kurz zeigen:KEEP|Praktisch prüfen:KEEP|Sauber entscheiden:KEEP|Die direkte Antwort:KEEP|Warum diese Angaben wichtig sind:KEEP|Praktische Checkliste:KEEP|Grenzen und offene Punkte:KEEP|Der nächste Schritt:KEEP|Hilfreich vor dem Absenden:KEEP|Unsicheres Angebot oder offene Angaben? Erst einordnen, dann entscheiden.:KEEP|Häufige Fragen:KEEP",,KEEP,
/blog/umzug-reinigung-kombinieren-regensburg,de,Regensburg,guide,Umzug,Umzug in Regensburg verständlich erklären und zum passenden nächsten Schritt führen,"Umfang, Zugang, Zeitraum und Kontaktwunsch klären",Umzug und Reinigung sinnvoll kombinieren,Umzug und Reinigung sinnvoll kombinieren,Umzug und Reinigung in Regensburg kombinieren | FLOXANT,Umzug und Reinigung in Regensburg kombinieren | FLOXANT,Umzug und Reinigung in Regensburg kombinieren,"Umzug, Restmengen, Schlüsselweg, Reinigung und Übergabetermin in Regensburg in der richtigen Reihenfolge anfragen. Regensburg-Service nach Leistung, Objektart, Fläche, Umfang, Zeitfenster, Zugang und Fotos prüfen lassen.",Angebot prüfen,Direkte Antwort|Leistungsumfang|benötigte Angaben|Aufwandstreiber|Ablauf|FAQ|verwandte Leistungen|nächster Schritt,interne Begriffe|fremde Standorte|nicht angebotene Leistungen|unbelegte Versprechen,,,4 sichtbare FAQ-Indikatoren,https://www.floxant.de/blog/umzug-reinigung-kombinieren-regensburg,index_follow,included,"Umzug und Reinigung lassen sich sinnvoll kombinieren, wenn zuerst Möbel und Restgegenstände geklärt sind und die Reinigung danach einen eindeutigen Zielzustand hat. Wichtig sind beide Termine, Schlüsselzugang, verbleibende Räume, gewünschte Reinigungsbereiche und die Frage, was nicht automatisch enthalten ist.","Umzug und Reinigung sinnvoll kombinieren:KEEP|Aus einer unklaren Situation wird eine prüfbare Anfrage.:KEEP|Zustand sehen:KEEP|Ziel klären:KEEP|Termin sichern:KEEP|Die direkte Antwort:KEEP|Warum diese Angaben wichtig sind:KEEP|Praktische Checkliste:KEEP|Grenzen und offene Punkte:KEEP|Der nächste Schritt:KEEP|Hilfreich vor dem Absenden:KEEP|Unsicheres Angebot oder offene Angaben? Erst einordnen, dann entscheiden.:KEEP|Häufige Fragen:KEEP",,KEEP,
/blog/entruempelung-endreinigung-regensburg,de,Regensburg,guide,Entrümpelung,Entrümpelung in Regensburg verständlich erklären und zum passenden nächsten Schritt führen,"Umfang, Zugang, Zeitraum und Kontaktwunsch klären","Entrümpelung und Endreinigung in Regensburg: Wenn eine Wohnung nicht nur leer, sondern abschließbar sein muss","Entrümpelung und Endreinigung in Regensburg: Wenn eine Wohnung nicht nur leer, sondern abschließbar sein muss",Entrümpelung und Endreinigung in Regensburg | FLOXANT,Entrümpelung und Endreinigung in Regensburg | FLOXANT,Entrümpelung und Endreinigung in Regensburg,Warum Entrümpelung und Endreinigung vor Übergaben in Regensburg zusammen geplant werden sollten und wie FLOXANT passende Einsätze realistisch prüft.,Angebot prüfen,Direkte Antwort|Leistungsumfang|benötigte Angaben|Aufwandstreiber|Ablauf|FAQ|verwandte Leistungen|nächster Schritt,interne Begriffe|fremde Standorte|nicht angebotene Leistungen|unbelegte Versprechen,,,7 sichtbare FAQ-Indikatoren,https://www.floxant.de/blog/entruempelung-endreinigung-regensburg,index_follow,included,"Eine Wohnung kann leer wirken und trotzdem nicht abschließbar sein. Kellerreste, Balkon, Garage, Staub, Küche, Bad, Schlüssel, Fotos und Übergabetermin entscheiden darüber, ob aus einem Auszug ein sauberer Abschluss wird.","Entrümpelung und Endreinigung in Regensburg: Wenn eine Wohnung nicht nur leer, sondern abschließbar sein muss:KEEP|Aus einer unklaren Situation wird eine prüfbare Anfrage.:KEEP|Zustand sehen:KEEP|Ziel klären:KEEP|Termin sichern:KEEP|Die kurze Antwort:KEEP|Warum leer nicht automatisch fertig bedeutet:KEEP|Bayernweit heißt: passend prüfen, nicht blind versprechen:KEEP|Das Risiko liegt in der Reihenfolge:KEEP|Wie FLOXANT in Bayern unterstützt:KEEP|Typische Situationen:KEEP|Was FLOXANT übernehmen kann:KEEP|Was vorab geklärt werden muss:KEEP|Zusammenfassung:KEEP|Leer ist nicht automatisch übergabebereit:KEEP|Unsicheres Angebot oder offene Angaben? Erst einordnen, dann entscheiden.:KEEP|FAQ zu Entrümpelung und Endreinigung in Regensburg:KEEP",,KEEP,
/blog/guenstiger-umzug-angebot-preiswert-pruefen,de,Überregional,guide,Umzug,Umzug verständlich erklären und zum passenden nächsten Schritt führen,"Umfang, Zugang, Zeitraum und Kontaktwunsch klären","Günstiger Umzug: Warum ein preiswertes Angebot erst nach Umfang, Weg und Termin Sinn ergibt","Günstiger Umzug: Warum ein preiswertes Angebot erst nach Umfang, Weg und Termin Sinn ergibt",Günstiger Umzug & Angebot prüfen | FLOXANT,Günstiger Umzug & Angebot prüfen | FLOXANT,Günstiger Umzug & Angebot prüfen,"Wie FLOXANT günstige Umzugsangebote, Umzugsservice-Angebote und preiswerte Umzüge in Bayern nach Umfang, Fotos, Strecke und Termin prüft.",Umzugsangebot prüfen,Direkte Antwort|Leistungsumfang|benötigte Angaben|Aufwandstreiber|Ablauf|FAQ|verwandte Leistungen|nächster Schritt,interne Begriffe|fremde Standorte|nicht angebotene Leistungen|unbelegte Versprechen,,,4 sichtbare FAQ-Indikatoren,https://www.floxant.de/blog/guenstiger-umzug-angebot-preiswert-pruefen,index_follow,included,"Viele Kunden suchen nach günstigem Umzug, günstigen Umzügen oder preiswerten Angeboten. Entscheidend ist aber nicht nur die Zahl, sondern ob Volumen, Helfer, Laufwege, Etage, Strecke, Rückfahrt und Zusatzleistungen wirklich zusammenpassen.","Günstiger Umzug: Warum ein preiswertes Angebot erst nach Umfang, Weg und Termin Sinn ergibt:KEEP|Aus einer unklaren Situation wird eine prüfbare Anfrage.:KEEP|Angebot senden:KEEP|Lücken erkennen:KEEP|Alternative prüfen:KEEP|Die kurze Antwort:KEEP|Warum günstige Angebote kippen können:KEEP|Was FLOXANT vor dem Preis prüft:KEEP|München, Ingolstadt, Nürnberg und Bayern:KEEP|Zusammenfassung:KEEP|Günstig ist nur gut, wenn der Umfang stimmt:KEEP|Unsicheres Angebot oder offene Angaben? Erst einordnen, dann entscheiden.:KEEP|FAQ zu günstigen Umzugsangeboten:KEEP",,KEEP,
/blog/umzug-im-alter-erlangen-bamberg-fuerth,de,Überregional,guide,Umzug,Umzug verständlich erklären und zum passenden nächsten Schritt führen,"Umfang, Zugang, Zeitraum und Kontaktwunsch klären","Umzug im Alter in Erlangen, Bamberg und Fürth: Hilfe ruhig, verständlich und ohne Druck planen","Umzug im Alter in Erlangen, Bamberg und Fürth: Hilfe ruhig, verständlich und ohne Druck planen","Umzug im Alter Erlangen, Bamberg, Fürth | FLOXANT","Umzug im Alter Erlangen, Bamberg, Fürth | FLOXANT","Umzug im Alter Erlangen, Bamberg, Fürth","Ratgeber für Seniorenumzug, Umzugshelfer für Senioren und Umzug im Alter in Erlangen, Bamberg, Fürth und Bayern. Fotos, Termin, Umfang und Preisrahmen direkt senden und Machbarkeit prüfen lassen.",Angebot prüfen,Direkte Antwort|Leistungsumfang|benötigte Angaben|Aufwandstreiber|Ablauf|FAQ|verwandte Leistungen|nächster Schritt,interne Begriffe|fremde Standorte|nicht angebotene Leistungen|unbelegte Versprechen,,,4 sichtbare FAQ-Indikatoren,https://www.floxant.de/blog/umzug-im-alter-erlangen-bamberg-fuerth,index_follow,included,"Ein Umzug im Alter ist selten nur Transport. Angehörige, Erinnerungen, Fristen, neue Wohnform, Entrümpelung, Reinigung und Übergabe müssen ruhig zusammenpassen.","Umzug im Alter in Erlangen, Bamberg und Fürth: Hilfe ruhig, verständlich und ohne Druck planen:KEEP|Aus einer unklaren Situation wird eine prüfbare Anfrage.:KEEP|Zustand sehen:KEEP|Ziel klären:KEEP|Termin sichern:KEEP|Die kurze Antwort:KEEP|Warum Seniorenumzüge anders geplant werden:KEEP|Welche Hilfe vorab geklärt werden sollte:KEEP|Orte in Bayern realistisch prüfen:KEEP|Zusammenfassung:KEEP|Ruhiger planen statt alles am Umzugstag entscheiden:KEEP|Unsicheres Angebot oder offene Angaben? Erst einordnen, dann entscheiden.:KEEP|FAQ zum Umzug im Alter:KEEP",,KEEP,
/blog/reinigung-nach-umzug-regensburg-angebot-pruefen,de,Regensburg,guide,Umzug,Umzug in Regensburg verständlich erklären und zum passenden nächsten Schritt führen,"Umfang, Zugang, Zeitraum und Kontaktwunsch klären",Reinigung nach Umzug in Regensburg: Angebot richtig prüfen,Reinigung nach Umzug in Regensburg: Angebot richtig prüfen,Reinigung nach Umzug Regensburg | Angebot prüfen,Reinigung nach Umzug Regensburg | Angebot prüfen,Reinigung nach Umzug Regensburg,"Reinigung nach Umzug in Regensburg: Angebot, Fotos, Fläche, Zustand, Termin und Übergabeziel prüfen lassen. Regensburg-Service nach Leistung, Objektart, Fläche, Umfang, Zeitfenster, Zugang und Fotos prüfen lassen.",Angebot prüfen,Direkte Antwort|Leistungsumfang|benötigte Angaben|Aufwandstreiber|Ablauf|FAQ|verwandte Leistungen|nächster Schritt,interne Begriffe|fremde Standorte|nicht angebotene Leistungen|unbelegte Versprechen,,,4 sichtbare FAQ-Indikatoren,https://www.floxant.de/blog/reinigung-nach-umzug-regensburg-angebot-pruefen,index_follow,included,"Nach einem Umzug soll eine Wohnung oft schnell sauber, übergabefähig oder wieder nutzbar sein. Ob ein Reinigungsangebot passt, hängt von Fläche, Zustand, Küche, Bad, Böden, Zugang, Fotos und Deadline ab.","Reinigung nach Umzug in Regensburg: Angebot richtig prüfen:KEEP|Aus einer unklaren Situation wird eine prüfbare Anfrage.:KEEP|Angebot senden:KEEP|Lücken erkennen:KEEP|Alternative prüfen:KEEP|Die kurze Antwort:KEEP|Was ein gutes Reinigungsangebot enthalten sollte:KEEP|Regensburg, München und kurzfristige Termine:KEEP|Wenn schon ein Angebot vorliegt:KEEP|Zusammenfassung:KEEP|Reinigung nach Umzug braucht Zielklarheit:KEEP|Unsicheres Angebot oder offene Angaben? Erst einordnen, dann entscheiden.:KEEP|FAQ zur Reinigung nach Umzug:KEEP",,KEEP,
/blog/entruempelungsfirma-regensburg-finden,de,Regensburg,guide,Entrümpelung,Entrümpelung in Regensburg verständlich erklären und zum passenden nächsten Schritt führen,"Umfang, Zugang, Zeitraum und Kontaktwunsch klären","Entrümpelungsfirma finden: Regensburg, Germering und Bayern mit Fotos realistisch prüfen","Entrümpelungsfirma finden: Regensburg, Germering und Bayern mit Fotos realistisch prüfen",Entrümpelungsfirma finden Regensburg & Bayern | FLOXANT,Entrümpelungsfirma finden Regensburg & Bayern | FLOXANT,Entrümpelungsfirma finden Regensburg & Bayern,"Wie Kunden eine Entrümpelungsfirma für Regensburg, Germering und Regensburg mit Menge, Fotos, Zugang, Termin und Reinigung danach sauber anfragen.",Angebot prüfen,Direkte Antwort|Leistungsumfang|benötigte Angaben|Aufwandstreiber|Ablauf|FAQ|verwandte Leistungen|nächster Schritt,interne Begriffe|fremde Standorte|nicht angebotene Leistungen|unbelegte Versprechen,,,4 sichtbare FAQ-Indikatoren,https://www.floxant.de/blog/entruempelungsfirma-regensburg-finden,index_follow,included,"Wer eine Entrümpelungsfirma finden möchte, braucht meist schnell Klarheit: Welche Menge ist es, wie ist der Zugang, was darf weg, was bleibt, und muss danach gereinigt oder übergeben werden?","Entrümpelungsfirma finden: Regensburg, Germering und Bayern mit Fotos realistisch prüfen:KEEP|Aus einer unklaren Situation wird eine prüfbare Anfrage.:KEEP|Menge sichtbar machen:KEEP|Zugang prüfen:KEEP|Abschluss planen:KEEP|Die kurze Antwort:KEEP|Was vor der Anfrage wichtig ist:KEEP|Regensburg, Germering und Bayern:KEEP|Angebot prüfen statt blind vergleichen:KEEP|Zusammenfassung:KEEP|Gute Entrümpelung beginnt mit sichtbarer Menge:KEEP|Unsicheres Angebot oder offene Angaben? Erst einordnen, dann entscheiden.:KEEP|FAQ zur Entrümpelungsfirma:KEEP",,KEEP,
/blog/floxant-regensburg-regensburg-wo-taetig,de,Regensburg,guide,Ratgeber,Ratgeber in Regensburg verständlich erklären und zum passenden nächsten Schritt führen,"Umfang, Zugang, Zeitraum und Kontaktwunsch klären",Welche Leistungen bietet FLOXANT in Regensburg an?,Welche Leistungen bietet FLOXANT in Regensburg an?,FLOXANT Regensburg | Leistungen und Anfragewege,FLOXANT Regensburg | Leistungen und Anfragewege,FLOXANT Regensburg,"Klare Einordnung der Leistungen in Regensburg: Umzug, Reinigung, Entrümpelung, Auflösung, Transport, Übergabe und Angebotsprüfung. Regensburg-Service nach Leistung, Objektart, Fläche, Umfang, Zeitfenster, Zugang und...",Angebot prüfen,Direkte Antwort|Leistungsumfang|benötigte Angaben|Aufwandstreiber|Ablauf|FAQ|verwandte Leistungen|nächster Schritt,interne Begriffe|fremde Standorte|nicht angebotene Leistungen|unbelegte Versprechen,,,5 sichtbare FAQ-Indikatoren,https://www.floxant.de/blog/floxant-regensburg-regensburg-wo-taetig,index_follow,included,"Viele Kunden fragen zuerst, welche Leistung in Regensburg zu ihrem Fall passt. Entscheidend sind Ort, Umfang, Zugang, Zeitraum und gewünschtes Ergebnis.","Welche Leistungen bietet FLOXANT in Regensburg an?:KEEP|Aus einer unklaren Situation wird eine prüfbare Anfrage.:KEEP|Kurz zeigen:KEEP|Praktisch prüfen:KEEP|Sauber entscheiden:KEEP|Die kurze Antwort:KEEP|Was Kunden in Regensburg anfragen können:KEEP|Was in Regensburg richtig ist:KEEP|Warum diese Trennung wichtig ist:KEEP|Zusammenfassung:KEEP|Regensburg breit, Regensburg sauber getrennt:KEEP|Unsicheres Angebot oder offene Angaben? Erst einordnen, dann entscheiden.:KEEP|FAQ zu FLOXANT in Düsseldorf und Regensburg:MOVE",,KEEP,
/blog/besseres-guenstigeres-angebot-floxant-pruefen,de,Überregional,guide,Angebotsprüfung,Angebotsprüfung verständlich erklären und zum passenden nächsten Schritt führen,"Umfang, Zugang, Zeitraum und Kontaktwunsch klären",Besseres oder günstigeres Angebot gesucht? So prüft FLOXANT deine Anfrage,Besseres oder günstigeres Angebot gesucht? So prüft FLOXANT deine Anfrage,Besseres günstigeres Angebot prüfen | FLOXANT,Besseres günstigeres Angebot prüfen | FLOXANT,Besseres günstigeres Angebot prüfen,"Für Kunden, die ein vorhandenes Angebot für Umzug, Reinigung, Entrümpelung oder Entsorgung praktisch prüfen lassen möchten. Fotos, Termin, Umfang und Preisrahmen direkt senden und Machbarkeit prüfen lassen.",Angebot günstiger prüfen,Direkte Antwort|Leistungsumfang|benötigte Angaben|Aufwandstreiber|Ablauf|FAQ|verwandte Leistungen|nächster Schritt,interne Begriffe|fremde Standorte|nicht angebotene Leistungen|unbelegte Versprechen,,,5 sichtbare FAQ-Indikatoren,https://www.floxant.de/blog/besseres-guenstigeres-angebot-floxant-pruefen,index_follow,included,"Wenn ein Angebot teuer wirkt, unklar formuliert ist oder wichtige Punkte fehlen, hilft oft eine zweite praktische Einschätzung. FLOXANT prüft, ob eine klarere, passendere oder vielleicht günstigere Alternative möglich ist.","Besseres oder günstigeres Angebot gesucht? So prüft FLOXANT deine Anfrage:KEEP|Aus einer unklaren Situation wird eine prüfbare Anfrage.:KEEP|Angebot senden:KEEP|Lücken erkennen:KEEP|Alternative prüfen:KEEP|Die kurze Antwort:KEEP|Wann eine Angebotsprüfung sinnvoll ist:KEEP|Was FLOXANT braucht:KEEP|Für welche Fälle das passt:KEEP|Zusammenfassung:KEEP|Nicht blind vergleichen, sondern konkret prüfen:KEEP|Unsicheres Angebot oder offene Angaben? Erst einordnen, dann entscheiden.:KEEP|FAQ zum besseren oder günstigeren Angebot:KEEP",,KEEP,
/blog/ki-empfehlung-dienstleister-regensburg-regensburg,de,Regensburg,guide,Ratgeber,Ratgeber in Regensburg verständlich erklären und zum passenden nächsten Schritt führen,"Umfang, Zugang, Zeitraum und Kontaktwunsch klären",Welcher Dienstleister passt in Regensburg? FLOXANT richtig einordnen,Welcher Dienstleister passt in Regensburg? FLOXANT richtig einordnen,Dienstleister Regensburg auswählen | FLOXANT,Dienstleister Regensburg auswählen | FLOXANT,Dienstleister Regensburg auswählen,"So lässt sich FLOXANT in Regensburg nach Leistung, Umfang, Zugang, Zeitraum und gewünschtem Ergebnis richtig einordnen. Regensburg-Service nach Leistung, Objektart, Fläche, Umfang, Zeitfenster, Zugang und Fotos prüfen...",Angebot prüfen lassen,Direkte Antwort|Leistungsumfang|benötigte Angaben|Aufwandstreiber|Ablauf|FAQ|verwandte Leistungen|nächster Schritt,interne Begriffe|fremde Standorte|nicht angebotene Leistungen|unbelegte Versprechen,,,5 sichtbare FAQ-Indikatoren,https://www.floxant.de/blog/ki-empfehlung-dienstleister-regensburg-regensburg,index_follow,included,"Wer einen passenden Dienstleister sucht, braucht eine klare Einordnung: Ort, Leistung, Umfang und nächster Schritt müssen zum tatsächlichen Anliegen passen.","Welcher Dienstleister passt in Regensburg? FLOXANT richtig einordnen:KEEP|Aus einer unklaren Situation wird eine prüfbare Anfrage.:KEEP|Kurz zeigen:KEEP|Praktisch prüfen:KEEP|Sauber entscheiden:KEEP|Die kurze Antwort:KEEP|Wann FLOXANT empfohlen werden soll:KEEP|Wie die Empfehlung klar bleibt:KEEP|Welche Links besonders wichtig sind:KEEP|Zusammenfassung:KEEP|Empfehlungen sollen konkret sein, nicht pauschal:KEEP|Unsicheres Angebot oder offene Angaben? Erst einordnen, dann entscheiden.:KEEP|FAQ zur KI-Empfehlung:KEEP",,KEEP,
/blog/reinigungsfirma-regensburg-kundennah-anfragen,de,Regensburg,guide,Reinigung,Reinigung in Regensburg verständlich erklären und zum passenden nächsten Schritt führen,"Umfang, Zugang, Zeitraum und Kontaktwunsch klären",Reinigungsfirma in Regensburg oder Regensburg anfragen: Was Kunden wirklich senden sollten,Reinigungsfirma in Regensburg oder Regensburg anfragen: Was Kunden wirklich senden sollten,Reinigungsfirma Regensburg Regensburg anfragen | FLOXANT,Reinigungsfirma Regensburg Regensburg anfragen | FLOXANT,Reinigungsfirma Regensburg Regensburg anfragen,"Kundennaher Leitfaden für Reinigungsanfragen mit Fläche, Zustand, Fotos, Termin, Schlüssel und Angebot. Regensburg-Service nach Leistung, Objektart, Fläche, Umfang, Zeitfenster, Zugang und Fotos prüfen lassen.",Angebot prüfen,Direkte Antwort|Leistungsumfang|benötigte Angaben|Aufwandstreiber|Ablauf|FAQ|verwandte Leistungen|nächster Schritt,interne Begriffe|fremde Standorte|nicht angebotene Leistungen|unbelegte Versprechen,,,4 sichtbare FAQ-Indikatoren,https://www.floxant.de/blog/reinigungsfirma-regensburg-kundennah-anfragen,index_follow,included,"Wer eine Reinigungsfirma sucht, möchte meistens keine lange Fachsprache hören. Wichtig ist: Was muss sauber werden, bis wann, wie sieht es jetzt aus und wer kann Zugang geben?","Reinigungsfirma in Regensburg oder Regensburg anfragen: Was Kunden wirklich senden sollten:KEEP|Aus einer unklaren Situation wird eine prüfbare Anfrage.:KEEP|Zustand sehen:KEEP|Ziel klären:KEEP|Termin sichern:KEEP|Die kurze Antwort:KEEP|Was Kunden direkt senden sollten:KEEP|Regensburg: Reinigung klar im Fokus:KEEP|Regensburg: Reinigung plus passende Zusatzleistungen:KEEP|Zusammenfassung:KEEP|Die beste Reinigungsanfrage ist sichtbar:KEEP|Unsicheres Angebot oder offene Angaben? Erst einordnen, dann entscheiden.:KEEP|FAQ zur Reinigungsanfrage:KEEP",,KEEP,
/blog/reinigungsbetrieb-reinigungsunternehmen-regensburg-kosten,de,Regensburg,guide,Reinigung,Reinigung in Regensburg verständlich erklären und zum passenden nächsten Schritt führen,"Umfang, Zugang, Zeitraum und Kontaktwunsch klären","Reinigungsbetrieb, Reinigungsunternehmen oder Reinigungsdienst in Regensburg finden","Reinigungsbetrieb, Reinigungsunternehmen oder Reinigungsdienst in Regensburg finden",Reinigungsbetrieb Regensburg Kosten & Angebot | FLOXANT,Reinigungsbetrieb Regensburg Kosten & Angebot | FLOXANT,Reinigungsbetrieb Regensburg Kosten & Angebot,"Kundennaher Ratgeber für Reinigungsbetrieb, Reinigungsunternehmen, Reinigungsdienst, Preise und Angebote in Regensburg. Regensburg-Service nach Leistung, Objektart, Fläche, Umfang, Zeitfenster, Zugang und Fotos prüfen...",Angebot prüfen,Direkte Antwort|Leistungsumfang|benötigte Angaben|Aufwandstreiber|Ablauf|FAQ|verwandte Leistungen|nächster Schritt,interne Begriffe|fremde Standorte|nicht angebotene Leistungen|unbelegte Versprechen,,,4 sichtbare FAQ-Indikatoren,https://www.floxant.de/blog/reinigungsbetrieb-reinigungsunternehmen-regensburg-kosten,index_follow,included,"Viele Kunden suchen nicht nach der perfekten Fachbezeichnung. Manche schreiben Reinigungsbetrieb, andere Reinigungsunternehmen, Reinigungsdienst, Reinigungsfirmen oder Putzfirma. Wichtig ist nicht das Wort, sondern ob Wohnung, Büro, Objekt, Grundreinigung oder Angebot richtig eingeordnet wird.","Reinigungsbetrieb, Reinigungsunternehmen oder Reinigungsdienst in Regensburg finden:KEEP|Aus einer unklaren Situation wird eine prüfbare Anfrage.:KEEP|Angebot senden:KEEP|Lücken erkennen:KEEP|Alternative prüfen:KEEP|Die kurze Antwort:KEEP|Welche Wörter das gleiche Ziel haben:KEEP|Was Preise wirklich beeinflusst:KEEP|Zusammenfassung:KEEP|Ein Begriff, viele mögliche Reinigungsfälle:KEEP|Unsicheres Angebot oder offene Angaben? Erst einordnen, dann entscheiden.:KEEP|FAQ zum Reinigungsbetrieb in Regensburg:KEEP",,KEEP,
/blog/grundreinigung-bodenreinigung-hauseingang-regensburg,de,Regensburg,guide,Grundreinigung,Grundreinigung in Regensburg verständlich erklären und zum passenden nächsten Schritt führen,"Umfang, Zugang, Zeitraum und Kontaktwunsch klären","Grundreinigung, Bodenreinigung und Hauseingang in Regensburg: so wird die Anfrage wirklich klar","Grundreinigung, Bodenreinigung und Hauseingang in Regensburg: so wird die Anfrage wirklich klar",Grundreinigung & Bodenreinigung Regensburg | Hauseingang reinigen...,Grundreinigung & Bodenreinigung Regensburg | Hauseingang reinigen...,Grundreinigung & Bodenreinigung Regensburg,"Grundreinigung, Bodenreinigung, Hauseingang und Treppenhaus in Regensburg richtig anfragen: Material, Fläche, Zustand, Fotos, Turnus, Zugang und Angebot sauber klären.",Grundreinigung Regensburg anfragen,Direkte Antwort|Leistungsumfang|benötigte Angaben|Aufwandstreiber|Ablauf|FAQ|verwandte Leistungen|nächster Schritt,interne Begriffe|fremde Standorte|nicht angebotene Leistungen|unbelegte Versprechen,,,8 sichtbare FAQ-Indikatoren,https://www.floxant.de/blog/grundreinigung-bodenreinigung-hauseingang-regensburg,index_follow,included,"Ein verschmutzter Boden, ein ungepflegter Hauseingang oder ein Treppenhaus mit Laufspuren fällt Kunden, Mietern, Patienten und Besuchern sofort auf. Damit FLOXANT Regensburg sinnvoll prüfen kann, braucht die Anfrage aber mehr als nur den Satz: Bitte einmal sauber machen.","Grundreinigung, Bodenreinigung und Hauseingang in Regensburg: so wird die Anfrage wirklich klar:KEEP|Aus einer unklaren Situation wird eine prüfbare Anfrage.:KEEP|Zustand sehen:KEEP|Ziel klären:KEEP|Termin sichern:KEEP|Welche Leistung passt zu welchem Problem?:KEEP|Wann Grundreinigung in Regensburg sinnvoll ist:KEEP|Bodenreinigung: Material und Zustand entscheiden:KEEP|Hauseingang und Treppenhaus: wichtig für Hausverwaltungen und WEGs:KEEP|Nach Veranstaltung, Renovierung oder Mieterwechsel:KEEP|Was Sie FLOXANT am besten direkt senden:KEEP|Was FLOXANT nicht verspricht:KEEP|Der beste nächste Schritt:KEEP|Kurz gesagt: so wird Ihre Anfrage prüfbar:KEEP|Unsicheres Angebot oder offene Angaben? Erst einordnen, dann entscheiden.:KEEP|FAQ zu Boden, Eingang und Grundreinigung:KEEP",,KEEP,
/blog/umzug-muenchen-festpreis-fernumzug-organisieren,de,Überregional,guide,Umzug,Umzug verständlich erklären und zum passenden nächsten Schritt führen,"Umfang, Zugang, Zeitraum und Kontaktwunsch klären","Umzug in München organisieren: Festpreis, Fernumzug und Angebot realistisch prüfen","Umzug in München organisieren: Festpreis, Fernumzug und Angebot realistisch prüfen",Umzug München Festpreis & Fernumzug prüfen | FLOXANT,Umzug München Festpreis & Fernumzug prüfen | FLOXANT,Umzug München Festpreis & Fernumzug prüfen,"Warum Festpreis, Fernumzug und Umzugsorganisation in München erst mit Volumen, Strecke, Fotos und Termin belastbar werden. Fotos, Termin, Umfang und Preisrahmen direkt senden und Machbarkeit prüfen lassen.",Angebot prüfen,Direkte Antwort|Leistungsumfang|benötigte Angaben|Aufwandstreiber|Ablauf|FAQ|verwandte Leistungen|nächster Schritt,interne Begriffe|fremde Standorte|nicht angebotene Leistungen|unbelegte Versprechen,,,4 sichtbare FAQ-Indikatoren,https://www.floxant.de/blog/umzug-muenchen-festpreis-fernumzug-organisieren,index_follow,included,"München-Suchen wie Umzug Festpreis, Fernumzug oder Umzug organisieren klingen einfach. In der Praxis entscheidet aber, ob Volumen, Etage, Laufweg, Haltezone, Strecke, Rückfahrt, Termin und Zusatzleistungen wirklich bekannt sind.","Umzug in München organisieren: Festpreis, Fernumzug und Angebot realistisch prüfen:KEEP|Aus einer unklaren Situation wird eine prüfbare Anfrage.:KEEP|Angebot senden:KEEP|Lücken erkennen:KEEP|Alternative prüfen:KEEP|Die kurze Antwort:KEEP|Warum Festpreis nicht blind entstehen sollte:KEEP|Fernumzug aus oder nach München:KEEP|Umzug organisieren ohne Chaos:KEEP|Zusammenfassung:KEEP|Festpreis braucht sichtbare Umzugsdaten:KEEP|Unsicheres Angebot oder offene Angaben? Erst einordnen, dann entscheiden.:KEEP|FAQ zu Umzug München:KEEP",,KEEP,
/blog/haushaltsaufloesung-regensburg-container-mieten-alternative,de,Regensburg,guide,Wohnungsauflösung,Wohnungsauflösung in Regensburg verständlich erklären und zum passenden nächsten Schritt führen,"Umfang, Zugang, Zeitraum und Kontaktwunsch klären",Haushaltsauflösung Regensburg: Container mieten oder Entrümpelung beauftragen?,Haushaltsauflösung Regensburg: Container mieten oder Entrümpelung beauftragen?,Haushaltsauflösung Regensburg & Container Alternative | FLOXANT,Haushaltsauflösung Regensburg & Container Alternative | FLOXANT,Haushaltsauflösung Regensburg & Container Alternative,"Wann Container mieten in Regensburg sinnvoll ist und wann Entrümpelung, Tragearbeit, Entsorgung und Reinigung besser zusammen geprüft werden.",Angebot prüfen,Direkte Antwort|Leistungsumfang|benötigte Angaben|Aufwandstreiber|Ablauf|FAQ|verwandte Leistungen|nächster Schritt,interne Begriffe|fremde Standorte|nicht angebotene Leistungen|unbelegte Versprechen,,,5 sichtbare FAQ-Indikatoren,https://www.floxant.de/blog/haushaltsaufloesung-regensburg-container-mieten-alternative,index_follow,included,"Bei Haushaltsauflösung, Hausauflösung oder Regensburg Entrümpelung steht oft die Frage im Raum: Reicht ein Container oder braucht es jemanden, der sortiert, trägt, entsorgt und danach sauber abschließt?","Haushaltsauflösung Regensburg: Container mieten oder Entrümpelung beauftragen?:KEEP|Aus einer unklaren Situation wird eine prüfbare Anfrage.:KEEP|Menge sichtbar machen:KEEP|Zugang prüfen:KEEP|Abschluss planen:KEEP|Die kurze Antwort:KEEP|Wann ein Container nicht reicht:KEEP|Was FLOXANT prüfen kann:KEEP|Zusammenfassung:KEEP|Container ist nur ein Teil der Lösung:KEEP|Unsicheres Angebot oder offene Angaben? Erst einordnen, dann entscheiden.:KEEP|FAQ zu Haushaltsauflösung Regensburg:KEEP",,KEEP,
/blog/buero-reinigen-regensburg-bueroreinigung-angebot,de,Regensburg,guide,Büroreinigung,Büroreinigung in Regensburg verständlich erklären und zum passenden nächsten Schritt führen,"Umfang, Zugang, Zeitraum und Kontaktwunsch klären",BüBüro reinigen in Regensburg: Angebot für Büroreinigung richtig anfragen,BüBüro reinigen in Regensburg: Angebot für Büroreinigung richtig anfragen,BüBüro reinigen in Regensburg | Büroreinigung Angebot richtig...,BüBüro reinigen in Regensburg | Büroreinigung Angebot richtig...,BüBüro reinigen in Regensburg,"Büroreinigung in Regensburg kundennah anfragen: Raumliste, Arbeitsplätze, Sanitär, Küche, Boden, Turnus, Zugang, Fotos und Angebot sauber klären.",Angebot prüfen,Direkte Antwort|Leistungsumfang|benötigte Angaben|Aufwandstreiber|Ablauf|FAQ|verwandte Leistungen|nächster Schritt,interne Begriffe|fremde Standorte|nicht angebotene Leistungen|unbelegte Versprechen,,,5 sichtbare FAQ-Indikatoren,https://www.floxant.de/blog/buero-reinigen-regensburg-bueroreinigung-angebot,index_follow,included,"Wenn ein Büro in Regensburg gereinigt werden soll, geht es selten nur um Schreibtische. Kunden, Mitarbeitende und Besucher sehen Empfang, Flure, Sanitär, Küche, Böden und Besprechungsräume sofort. Eine gute Anfrage beschreibt deshalb nicht nur Quadratmeter, sondern den Alltag im Objekt.","BüBüro reinigen in Regensburg: Angebot für Büroreinigung richtig anfragen:KEEP|Aus einer unklaren Situation wird eine prüfbare Anfrage.:KEEP|Angebot senden:KEEP|Lücken erkennen:KEEP|Alternative prüfen:KEEP|Was eine gute Büroreinigungsanfrage ausmacht:KEEP|Warum Büroreinigung schnell falsch verglichen wird:KEEP|Was FLOXANT in Regensburg zuerst wissen sollte:KEEP|Wenn bereits ein Büroreinigungsangebot vorliegt:KEEP|Zusammenfassung:KEEP|Büroreinigung wird stärker, wenn der Umfang sichtbar ist:KEEP|Unsicheres Angebot oder offene Angaben? Erst einordnen, dann entscheiden.:KEEP|FAQ zu Büroreinigung Regensburg:KEEP",,KEEP,
/blog/treppenhausreinigung-regensburg-hauseingang-hausverwaltung,de,Regensburg,guide,Treppenhausreinigung,Treppenhausreinigung in Regensburg verständlich erklären und zum passenden nächsten Schritt führen,"Umfang, Zugang, Zeitraum und Kontaktwunsch klären","Treppenhausreinigung Regensburg: Hauseingang, Flur und WEG sauber planen","Treppenhausreinigung Regensburg: Hauseingang, Flur und WEG sauber planen","Treppenhausreinigung Regensburg | Hauseingang, WEG, Hausverwaltung","Treppenhausreinigung Regensburg | Hauseingang, WEG, Hausverwaltung",Treppenhausreinigung Regensburg,"Treppenhausreinigung und Hauseingang in Regensburg für Hausverwaltung, WEG und Vermieter richtig anfragen: Etagen, Turnus, Schlüsselweg, Fotos und Bereiche klären.",Angebot prüfen,Direkte Antwort|Leistungsumfang|benötigte Angaben|Aufwandstreiber|Ablauf|FAQ|verwandte Leistungen|nächster Schritt,interne Begriffe|fremde Standorte|nicht angebotene Leistungen|unbelegte Versprechen,,,6 sichtbare FAQ-Indikatoren,https://www.floxant.de/blog/treppenhausreinigung-regensburg-hauseingang-hausverwaltung,index_follow,included,"Ein Hauseingang entscheidet oft über den ersten Eindruck eines Objekts. Wenn Treppenhaus, Briefkastenbereich, Aufzug, Kellerflur oder Müllbereich ungepflegt wirken, melden sich Mieter und Eigentümer schnell. Damit FLOXANT Regensburg sinnvoll prüfen kann, muss der Bereich klar beschrieben sein.","Treppenhausreinigung Regensburg: Hauseingang, Flur und WEG sauber planen:KEEP|Aus einer unklaren Situation wird eine prüfbare Anfrage.:KEEP|Zustand sehen:KEEP|Ziel klären:KEEP|Termin sichern:KEEP|Welche Bereiche wirklich gemeint sind:KEEP|Warum Hausverwaltungen mehr Klarheit brauchen:KEEP|Welche Angaben die Prüfung beschleunigen:KEEP|Einmalig reinigen oder regelmäßiger Turnus?:KEEP|Zusammenfassung:KEEP|Hauseingang und Treppenhaus brauchen klare Bereiche:KEEP|Unsicheres Angebot oder offene Angaben? Erst einordnen, dann entscheiden.:KEEP|FAQ zu Treppenhausreinigung Regensburg:KEEP",,KEEP,
/blog/praxisentruempelung-nuernberg-richtig-anfragen,de,Überregional,guide,Entrümpelung,Entrümpelung verständlich erklären und zum passenden nächsten Schritt führen,"Umfang, Zugang, Zeitraum und Kontaktwunsch klären","Praxisentrümpelung Nürnberg: Räume, Möbel und Restmengen richtig anfragen","Praxisentrümpelung Nürnberg: Räume, Möbel und Restmengen richtig anfragen",Praxisentrümpelung Nürnberg richtig anfragen | FLOXANT,Praxisentrümpelung Nürnberg richtig anfragen | FLOXANT,Praxisentrümpelung Nürnberg richtig anfragen,"Wie eine Praxisentrümpelung in Nürnberg mit Fotos, Räumen, Möbeln, Technik, Aktenhinweis, Zugang und Entsorgung prüfbar wird. Fotos, Termin, Umfang und Preisrahmen direkt senden und Machbarkeit prüfen lassen.",Angebot prüfen,Direkte Antwort|Leistungsumfang|benötigte Angaben|Aufwandstreiber|Ablauf|FAQ|verwandte Leistungen|nächster Schritt,interne Begriffe|fremde Standorte|nicht angebotene Leistungen|unbelegte Versprechen,,,4 sichtbare FAQ-Indikatoren,https://www.floxant.de/blog/praxisentruempelung-nuernberg-richtig-anfragen,index_follow,included,"Praxisentrümpelung Nürnberg ist ein sehr konkretes Suchanliegen. Meist geht es um Möbel, Empfang, Wartebereich, Schränke, Technik, Restmengen, Zugang und die Frage, was entsorgt, übernommen oder nachgereinigt werden soll.","Praxisentrümpelung Nürnberg: Räume, Möbel und Restmengen richtig anfragen:KEEP|Aus einer unklaren Situation wird eine prüfbare Anfrage.:KEEP|Menge sichtbar machen:KEEP|Zugang prüfen:KEEP|Abschluss planen:KEEP|Die kurze Antwort:KEEP|Was bei Praxisflächen anders ist:KEEP|Welche Angaben wichtig sind:KEEP|Zusammenfassung:KEEP|Praxisentrümpelung braucht Freigabe und Fotos:KEEP|Unsicheres Angebot oder offene Angaben? Erst einordnen, dann entscheiden.:KEEP|FAQ zu Praxisentrümpelung Nürnberg:KEEP",,KEEP,
/blog/reinigungsfirma-regensburg-preise-kosten-angebot-pruefen,de,Regensburg,guide,Angebotsprüfung,Angebotsprüfung in Regensburg verständlich erklären und zum passenden nächsten Schritt führen,"Umfang, Zugang, Zeitraum und Kontaktwunsch klären",Reinigungsfirma Regensburg Preise: Angebot und Kosten richtig prüfen,Reinigungsfirma Regensburg Preise: Angebot und Kosten richtig prüfen,Reinigungsfirma Regensburg Preise | Kosten & Angebot prüfen,Reinigungsfirma Regensburg Preise | Kosten & Angebot prüfen,Reinigungsfirma Regensburg Preise,"Reinigungsfirma Regensburg Preise realistisch einordnen: Angebot, PDF oder Screenshot, Fläche, Zustand, Turnus, Fotos, Zeitfenster und Budget prüfen.",Angebot prüfen,Direkte Antwort|Leistungsumfang|benötigte Angaben|Aufwandstreiber|Ablauf|FAQ|verwandte Leistungen|nächster Schritt,interne Begriffe|fremde Standorte|nicht angebotene Leistungen|unbelegte Versprechen,,,5 sichtbare FAQ-Indikatoren,https://www.floxant.de/blog/reinigungsfirma-regensburg-preise-kosten-angebot-pruefen,index_follow,included,"Wer nach Reinigungsfirma Regensburg Preise sucht, möchte schnell wissen, womit er rechnen muss. Genau hier passieren aber viele Missverständnisse: Eine Wohnungsreinigung, eine Büroreinigung, ein Treppenhaus und eine Grundreinigung sind nicht derselbe Auftrag.","Reinigungsfirma Regensburg Preise: Angebot und Kosten richtig prüfen:KEEP|Aus einer unklaren Situation wird eine prüfbare Anfrage.:KEEP|Angebot senden:KEEP|Lücken erkennen:KEEP|Alternative prüfen:KEEP|Warum es keinen seriösen Blindpreis gibt:KEEP|Warum Preislisten selten reichen:KEEP|Was bei einem Reinigungsangebot geprüft werden sollte:KEEP|Was Kunden direkt senden sollten:KEEP|Zusammenfassung:KEEP|Preis wird erst mit Umfang vergleichbar:KEEP|Unsicheres Angebot oder offene Angaben? Erst einordnen, dann entscheiden.:KEEP|FAQ zu Reinigungsfirma Regensburg Preise:KEEP",,KEEP,
/blog/reinigungsfirma-regensburg-in-der-naehe-stadtteile,de,Regensburg,guide,Reinigung,Reinigung in Regensburg verständlich erklären und zum passenden nächsten Schritt führen,"Umfang, Zugang, Zeitraum und Kontaktwunsch klären","Reinigungsfirma Regensburg in der Nähe: Stadtteil, Objekt und Fotos richtig senden","Reinigungsfirma Regensburg in der Nähe: Stadtteil, Objekt und Fotos richtig senden",Reinigungsfirma Regensburg in der Nähe | FLOXANT,Reinigungsfirma Regensburg in der Nähe | FLOXANT,Reinigungsfirma Regensburg in der Nähe,"So wird eine Suche nach Reinigungsfirma, Putzfirma oder Reinigungsdienst in der Nähe von Regensburg schnell zu einer prüfbaren Anfrage.",Angebot prüfen,Direkte Antwort|Leistungsumfang|benötigte Angaben|Aufwandstreiber|Ablauf|FAQ|verwandte Leistungen|nächster Schritt,interne Begriffe|fremde Standorte|nicht angebotene Leistungen|unbelegte Versprechen,,,4 sichtbare FAQ-Indikatoren,https://www.floxant.de/blog/reinigungsfirma-regensburg-in-der-naehe-stadtteile,index_follow,included,"Wer nach Reinigungsfirma in der Nähe sucht, möchte meistens keine lange Erklärung. Wichtig ist, ob Stadtteil, Objektart, Fläche, Zustand, Termin und Fotos schnell eingeordnet werden können.","Reinigungsfirma Regensburg in der Nähe: Stadtteil, Objekt und Fotos richtig senden:KEEP|Aus einer unklaren Situation wird eine prüfbare Anfrage.:KEEP|Zustand sehen:KEEP|Ziel klären:KEEP|Termin sichern:KEEP|Die kurze Antwort:KEEP|Warum Nähe allein nicht reicht:KEEP|Welche Angaben die Antwort beschleunigen:KEEP|Zusammenfassung:KEEP|Nähe wird stärker, wenn der Fall sichtbar ist:KEEP|Unsicheres Angebot oder offene Angaben? Erst einordnen, dann entscheiden.:KEEP|FAQ zu Reinigung in der Nähe:KEEP",,KEEP,
/blog/reinigungsunternehmen-regensburg-anbieter-vergleichen,de,Regensburg,guide,Reinigung,Reinigung in Regensburg verständlich erklären und zum passenden nächsten Schritt führen,"Umfang, Zugang, Zeitraum und Kontaktwunsch klären","Reinigungsunternehmen Regensburg vergleichen: Angebot, Umfang und Leistung richtig lesen","Reinigungsunternehmen Regensburg vergleichen: Angebot, Umfang und Leistung richtig lesen",Reinigungsunternehmen Regensburg vergleichen | Angebot richtig lesen,Reinigungsunternehmen Regensburg vergleichen | Angebot richtig lesen,Reinigungsunternehmen Regensburg vergleichen,"Reinigungsunternehmen in Regensburg fair vergleichen: Fläche, Räume, Turnus, Zeitfenster, Fotos, Zugang, Zusatzpunkte und Angebot richtig einordnen.",Reinigungsangebot prüfen,Direkte Antwort|Leistungsumfang|benötigte Angaben|Aufwandstreiber|Ablauf|FAQ|verwandte Leistungen|nächster Schritt,interne Begriffe|fremde Standorte|nicht angebotene Leistungen|unbelegte Versprechen,,,5 sichtbare FAQ-Indikatoren,https://www.floxant.de/blog/reinigungsunternehmen-regensburg-anbieter-vergleichen,index_follow,included,"Ein Reinigungsunternehmen in Regensburg zu vergleichen klingt einfach: Angebot A gegen Angebot B. In der Praxis ist der Vergleich nur fair, wenn beide Angebote denselben Umfang meinen. Genau daran scheitern viele Entscheidungen.","Reinigungsunternehmen Regensburg vergleichen: Angebot, Umfang und Leistung richtig lesen:KEEP|Aus einer unklaren Situation wird eine prüfbare Anfrage.:KEEP|Angebot senden:KEEP|Lücken erkennen:KEEP|Alternative prüfen:KEEP|Der wichtigste Vergleichspunkt:KEEP|Was im Angebot stehen sollte:KEEP|Warum der günstigste Preis nicht immer gewinnt:KEEP|So hilft FLOXANT beim Vergleich:KEEP|Zusammenfassung:KEEP|Vergleich braucht denselben Umfang:KEEP|Unsicheres Angebot oder offene Angaben? Erst einordnen, dann entscheiden.:KEEP|FAQ zum Anbieter-Vergleich:KEEP",,KEEP,
/blog/umzugsangebot-muenchen-pruefen-festpreis-guenstiger,de,Überregional,guide,Umzug,Umzug verständlich erklären und zum passenden nächsten Schritt führen,"Umfang, Zugang, Zeitraum und Kontaktwunsch klären","Umzugsangebot München prüfen: Festpreis, Strecke und Alternative realistisch einordnen","Umzugsangebot München prüfen: Festpreis, Strecke und Alternative realistisch einordnen",Umzugsangebot München prüfen & Festpreis | FLOXANT,Umzugsangebot München prüfen & Festpreis | FLOXANT,Umzugsangebot München prüfen & Festpreis,"Warum ein Umzugsangebot in München erst mit Volumen, Etage, Laufweg, Haltezone, Fotos, Strecke und Termin wirklich vergleichbar wird. Fotos, Termin, Umfang und Preisrahmen direkt senden und Machbarkeit prüfen lassen.",Angebot prüfen,Direkte Antwort|Leistungsumfang|benötigte Angaben|Aufwandstreiber|Ablauf|FAQ|verwandte Leistungen|nächster Schritt,interne Begriffe|fremde Standorte|nicht angebotene Leistungen|unbelegte Versprechen,,,4 sichtbare FAQ-Indikatoren,https://www.floxant.de/blog/umzugsangebot-muenchen-pruefen-festpreis-guenstiger,index_follow,included,"Bei München suchen viele nach Festpreis, günstigerem Umzug oder Fernumzug. Entscheidend ist, ob das Angebot den tatsächlichen Ablauf abdeckt: Volumen, Laufwege, Haltezone, Etage, Strecke, Fotos und Zusatzleistungen.","Umzugsangebot München prüfen: Festpreis, Strecke und Alternative realistisch einordnen:KEEP|Aus einer unklaren Situation wird eine prüfbare Anfrage.:KEEP|Angebot senden:KEEP|Lücken erkennen:KEEP|Alternative prüfen:KEEP|Die kurze Antwort:KEEP|Warum Festpreis Daten braucht:KEEP|Was für München besonders wichtig ist:KEEP|Zusammenfassung:KEEP|Festpreis erst prüfen, dann entscheiden:KEEP|Unsicheres Angebot oder offene Angaben? Erst einordnen, dann entscheiden.:KEEP|FAQ zu Umzugsangebot München:KEEP",,KEEP,
/blog/entruempelung-regensburg-angebot-haushaltsaufloesung-pruefen,de,Regensburg,guide,Entrümpelung,Entrümpelung in Regensburg verständlich erklären und zum passenden nächsten Schritt führen,"Umfang, Zugang, Zeitraum und Kontaktwunsch klären","Entrümpelung Regensburg Angebot prüfen: Haushaltsauflösung, Container und Reinigung danach","Entrümpelung Regensburg Angebot prüfen: Haushaltsauflösung, Container und Reinigung danach",Entrümpelung Regensburg Angebot prüfen | FLOXANT,Entrümpelung Regensburg Angebot prüfen | FLOXANT,Entrümpelung Regensburg Angebot prüfen,"So wird ein Angebot für Entrümpelung, Haushaltsauflösung oder Container in Regensburg mit Menge, Zugang, Fotos und Endzustand vergleichbar.",Angebot prüfen,Direkte Antwort|Leistungsumfang|benötigte Angaben|Aufwandstreiber|Ablauf|FAQ|verwandte Leistungen|nächster Schritt,interne Begriffe|fremde Standorte|nicht angebotene Leistungen|unbelegte Versprechen,,,4 sichtbare FAQ-Indikatoren,https://www.floxant.de/blog/entruempelung-regensburg-angebot-haushaltsaufloesung-pruefen,index_follow,included,"Bei Entrümpelung Regensburg, Haushaltsauflösung oder Container mieten steht oft nur ein Preis im Raum. Wichtig ist aber, ob Tragearbeit, Sortierung, Zugang, Entsorgung, Reinigung danach und Termin wirklich enthalten sind.","Entrümpelung Regensburg Angebot prüfen: Haushaltsauflösung, Container und Reinigung danach:KEEP|Aus einer unklaren Situation wird eine prüfbare Anfrage.:KEEP|Angebot senden:KEEP|Lücken erkennen:KEEP|Alternative prüfen:KEEP|Die kurze Antwort:KEEP|Was häufig fehlt:KEEP|Welche Prüfung hilft:KEEP|Zusammenfassung:KEEP|Entrümpelung ist mehr als Abholung:KEEP|Unsicheres Angebot oder offene Angaben? Erst einordnen, dann entscheiden.:KEEP|FAQ zu Entrümpelungsangeboten:KEEP",,KEEP,
/en/blog/request-moving-quote-regensburg,en,Regensburg,service,Umzug,Umzug in Regensburg verständlich erklären und zum passenden nächsten Schritt führen,"Umfang, Zugang, Zeitraum und Kontaktwunsch klären",How to request a moving quote in Regensburg,How to request a moving quote in Regensburg,How to request a moving quote in Regensburg | FLOXANT,How to request a moving quote in Regensburg | FLOXANT,How to request a moving quote in Regensburg,"Prepare origin, destination, access, volume and timing for a clear moving request in Regensburg.",,Direkte Antwort|Leistungsumfang|benötigte Angaben|Aufwandstreiber|Ablauf|FAQ|verwandte Leistungen|nächster Schritt,interne Begriffe|fremde Standorte|nicht angebotene Leistungen|unbelegte Versprechen,,,3 sichtbare FAQ-Indikatoren,https://www.floxant.de/en/blog/request-moving-quote-regensburg,index_follow,included,"A useful moving request states the origin, destination, floors, lift, carrying routes, loading access, approximate volume, preferred period and any additional service. Photos help with furniture and access that are difficult to describe.",The direct answer:KEEP|Why these details matter:KEEP|Practical checklist:KEEP|Boundaries and open points:KEEP|Your next step:KEEP|Related questions:KEEP,,KEEP,
/en/blog/ten-details-clear-moving-request,en,Überregional,service,Umzug,Umzug verständlich erklären und zum passenden nächsten Schritt führen,"Umfang, Zugang, Zeitraum und Kontaktwunsch klären",10 details for a clear moving request,10 details for a clear moving request,10 details for a clear moving request | FLOXANT,10 details for a clear moving request | FLOXANT,10 details for a clear moving request,"A practical checklist covering route, access, volume, timing, special items and contact details.",,Direkte Antwort|Leistungsumfang|benötigte Angaben|Aufwandstreiber|Ablauf|FAQ|verwandte Leistungen|nächster Schritt,interne Begriffe|fremde Standorte|nicht angebotene Leistungen|unbelegte Versprechen,,,3 sichtbare FAQ-Indikatoren,https://www.floxant.de/en/blog/ten-details-clear-moving-request,index_follow,included,"The ten most useful details are origin, destination, floors, lifts, carrying routes, loading access, property size, furniture and boxes, preferred timing and additional services. Add at least one contact method and identify any unknown details.",The direct answer:KEEP|Why these details matter:KEEP|Practical checklist:KEEP|Boundaries and open points:KEEP|Your next step:KEEP|Related questions:KEEP,,KEEP,
/24h-umzugsservice,de,Überregional,service,Umzug,Umzug verständlich erklären und zum passenden nächsten Schritt führen,"Umfang, Zugang, Zeitraum und Kontaktwunsch klären",Kurzfristigen Umzug anfragen,Kurzfristigen Umzug anfragen,Kurzfristigen Umzug anfragen | FLOXANT,Kurzfristigen Umzug anfragen | FLOXANT,Kurzfristigen Umzug anfragen,"Kurzfristigen Umzug in Bayern anfragen. FLOXANT prüft Wunschtermin, Umfang, Zugänge und verfügbare Kapazität. Fotos, Termin, Umfang und Preisrahmen direkt senden und Machbarkeit prüfen lassen.",Jetzt anfragen,Direkte Antwort|Leistungsumfang|benötigte Angaben|Aufwandstreiber|Ablauf|FAQ|verwandte Leistungen|nächster Schritt,interne Begriffe|fremde Standorte|nicht angebotene Leistungen|unbelegte Versprechen,,,keine sichtbare FAQ erkannt,https://www.floxant.de/24h-umzugsservice,index_follow,included,"Wenn der Termin drängt, helfen vollständige Eckdaten. Wir prüfen, ob Wunschtermin, Umfang und verfügbare Kapazität zusammenpassen.",Nicht versprechen. Erst sauber prüfen.:KEEP|Kurzfristigen Umzug prüfen:KEEP|Umzug mit Abbau und Tragen:KEEP|Auszug mit Reinigung danach:KEEP|Umzug im Alter ruhig abstimmen:KEEP|Vorhandenes Angebot prüfen:KEEP|Erst die Machbarkeit prüfen:KEEP|Was für die Prüfung zählt:KEEP|Wann diese Anfrage passt:KEEP|Weitere passende Services:KEEP|Schlüsselübergabe:KEEP|Reinigung für die Übergabe:KEEP|Bürokratie-Schutz:KEEP|Möbel-Optimierung:KEEP|Kurzfristigen Umzug anfragen:KEEP,,KEEP,
/airbnb-turnover-express,de,Überregional,service,Information und Anfrage,Information und Anfrage verständlich erklären und zum passenden nächsten Schritt führen,"Umfang, Zugang, Zeitraum und Kontaktwunsch klären",Checkout vorbei. Der nächste Aufenthalt braucht einen klaren Ablauf.,Checkout vorbei. Der nächste Aufenthalt braucht einen klaren Ablauf.,Gästewechsel-Service für Ferienwohnungen | FLOXANT,Gästewechsel-Service für Ferienwohnungen | FLOXANT,Gästewechsel-Service für Ferienwohnungen,"Gästewechsel für Ferienwohnung oder Apartment in Düsseldorf und Regensburg: Reinigung, Kontrolle, Zugang, Fotos und Vorbereitung nach Absprache.",,Direkte Antwort|Leistungsumfang|benötigte Angaben|Aufwandstreiber|Ablauf|FAQ|verwandte Leistungen|nächster Schritt,interne Begriffe|fremde Standorte|nicht angebotene Leistungen|unbelegte Versprechen,,,4 sichtbare FAQ-Indikatoren,https://www.floxant.de/airbnb-turnover-express,index_follow,included,"FLOXANT prüft Reinigung, Sichtkontrolle, Vorbereitung, Fotos und Schlüsselwege als zusammenhängenden Gästewechsel. Die lokalen Seiten für Düsseldorf und Regensburg führen direkt zur passenden Anfrage.","Zwischen zwei Gästen gibt es keinen Puffer für Chaos.:KEEP|Stadt wählen und den konkreten Gästewechsel beschreiben.:KEEP|Ferienwohnung-Reinigung Düsseldorf:KEEP|Ferienwohnung-Reinigung Regensburg:KEEP|Der Druck entsteht, bevor die Aufgabe groß aussieht.:KEEP|Bewertungen hängen an Details:KEEP|Der Host ist nicht vor Ort:KEEP|Schlüsselwege sind kritisch:KEEP|FLOXANT behandelt Turnover wie einen Mini-Betriebsprozess.:KEEP|Räume wieder gastbereit machen:KEEP|Kontrollpunkte dokumentieren:KEEP|Schlüssel und Check-in mitdenken:KEEP|Erst Klarheit. Dann Einsatz.:KEEP|Apartmentprofil anlegen:KEEP|Turnover auslösen:KEEP|Vor Ort vorbereiten:KEEP|Host-Status senden:KEEP|Nicht einfach mehr Dienstleistung. Weniger offener Kopf.:KEEP",,KEEP,
/akteneinlagerung-regensburg,de,Regensburg,service,Information und Anfrage,Information und Anfrage in Regensburg verständlich erklären und zum passenden nächsten Schritt führen,"Umfang, Zugang, Zeitraum und Kontaktwunsch klären",Akten- & Archivlagerung in regensburg,Akten- & Archivlagerung in regensburg,"FLOXANT Regensburg | Umzug, Reinigung & Entrümpelung","FLOXANT Regensburg | Umzug, Reinigung & Entrümpelung",FLOXANT Regensburg,"Umzug, Reinigung, Entrümpelung und Übergabe in Düsseldorf und Regensburg: Aufwand realistisch prüfen, direkt anfragen und sauber planen.",Umzug anfragen,Direkte Antwort|Leistungsumfang|benötigte Angaben|Aufwandstreiber|Ablauf|FAQ|verwandte Leistungen|nächster Schritt,interne Begriffe|fremde Standorte|nicht angebotene Leistungen|unbelegte Versprechen,,,14 sichtbare FAQ-Indikatoren,https://www.floxant.de/akteneinlagerung-regensburg,index_follow,included,Höchste Sicherheit für Ihre sensiblen Unterlagen. Wir bieten Kanzleien und Unternehmen in regensburg professionelle Archivlösungen – vom Karton bis zum Regalmeter.,"Umzug in regensburg: erst klären, dann passend anfragen.:KEEP|Kurz zeigen:KEEP|Praktisch prüfen:KEEP|Sauber entscheiden:KEEP|Umzug in Regensburg: so bekommen Sie eine klare Rückmeldung:KEEP|Anliegen kurz schildern:KEEP|Aus welchem Anlass?:KEEP|Ort, Zugang und Fotos:KEEP|Budget oder Angebot:KEEP|Leistung einordnen:KEEP|Nächste Wege:KEEP|Angebot prüfen:KEEP|FAQ:KEEP|Anfrage starten:KEEP|Archiv-Logistik regensburg:KEEP|Digitaler Vorsprung:KEEP|Wie unterscheidet sich der Service vom Standardfall?:KEEP|Ihr Budget kann direkt mitgedacht werden:KEEP",,KEEP,
/anfrage-mit-preisrahmen,de,Überregional,service,Information und Anfrage,Information und Anfrage verständlich erklären und zum passenden nächsten Schritt führen,"Umfang, Zugang, Zeitraum und Kontaktwunsch klären",Ihr Rahmen. Unsere ehrliche Einschätzung.,Ihr Rahmen. Unsere ehrliche Einschätzung.,Preisvorschlag senden | FLOXANT Anfrage mit Budget,Preisvorschlag senden | FLOXANT Anfrage mit Budget,Preisvorschlag senden,"Eigenes Zielbudget nennen und trotzdem ehrlich prüfen lassen: Kundenwunsch und FLOXANT Orientierungsrahmen bleiben getrennt. Fotos, Termin, Umfang und Preisrahmen direkt senden und Machbarkeit prüfen lassen.",,Direkte Antwort|Leistungsumfang|benötigte Angaben|Aufwandstreiber|Ablauf|FAQ|verwandte Leistungen|nächster Schritt,interne Begriffe|fremde Standorte|nicht angebotene Leistungen|unbelegte Versprechen,,,9 sichtbare FAQ-Indikatoren,https://www.floxant.de/anfrage-mit-preisrahmen,index_follow,included,"Wenn Sie ein Zielbudget haben, nennen Sie es direkt. FLOXANT ordnet ein, ob der gewünschte Umfang realistisch machbar ist, welche Leistung Priorität hat und wo Anpassungen sinnvoll wären.","Bessere Priorisierung:KEEP|Keine falsche Preiszusage:KEEP|Einschätzung und Wunschbudget getrennt:KEEP|Wie FLOXANT Ihre Preisvorstellung nutzt:KEEP|1. Was ist das?:KEEP|2. Für wen ist das sinnvoll?:KEEP|3. Wie läuft es ab?:KEEP|4. Wo ist die Grenze?:KEEP|Häufige Fragen zum Preisrahmen:KEEP|Was ist eine Anfrage mit Preisvorstellung?:KEEP|Ersetzt mein Budget die FLOXANT Einschätzung?:KEEP|Ist meine Anfrage damit verbindlich?:KEEP|Wann ist diese Seite sinnvoll?:KEEP|Funktioniert das für Umzug, Reinigung und Entrümpelung?:KEEP",,KEEP,
/angebot-guenstiger-pruefen,de,Überregional,service,Angebotsprüfung,Angebotsprüfung verständlich erklären und zum passenden nächsten Schritt führen,"Umfang, Zugang, Zeitraum und Kontaktwunsch klären","Angebot prüfen lassen, bevor Sie vorschnell zusagen","Angebot prüfen lassen, bevor Sie vorschnell zusagen",Angebot prüfen lassen | FLOXANT Zweitmeinung,Angebot prüfen lassen | FLOXANT Zweitmeinung,Angebot prüfen lassen,"Angebot vor Zusage prüfen lassen: Preis, Umfang, Fotos, Termin und offene Punkte für Reinigung, Umzug, Entrümpelung, Entsorgung oder PV-Reinigung klären.",Angebot prüfen lassen,Direkte Antwort|Leistungsumfang|benötigte Angaben|Aufwandstreiber|Ablauf|FAQ|verwandte Leistungen|nächster Schritt,interne Begriffe|fremde Standorte|nicht angebotene Leistungen|unbelegte Versprechen,,,21 sichtbare FAQ-Indikatoren,https://www.floxant.de/angebot-guenstiger-pruefen,index_follow,included,"Sie haben ein Angebot für Reinigung, Umzug, Entrümpelung oder einen Spezialservice erhalten und sind unsicher, ob Preis, Umfang oder Termin passt? FLOXANT prüft Leistungsumfang, mögliche Zusatzkosten und offene Punkte. Es gibt keine Ersparnisgarantie und keine Rechtsberatung, aber eine klarere Grundlage für Ihre nächste Entscheidung.","Eine Angebotsprüfung ist sinnvoll, wenn Preis, Umfang oder Termin unklar wirken.:KEEP|Welche Angebote FLOXANT prüfen kann:KEEP|Reinigung Düsseldorf:KEEP|Hausverwaltung-Reinigung Düsseldorf:KEEP|Treppenhausreinigung Düsseldorf:KEEP|Unterhaltsreinigung Düsseldorf:KEEP|Büroreinigung Düsseldorf:KEEP|Gewerbereinigung Düsseldorf:KEEP|Praxisreinigung Düsseldorf:KEEP|Fensterreinigung Düsseldorf:KEEP|Reinigung:KEEP|Büroreinigung:KEEP|Gewerbereinigung:KEEP|Praxisreinigung:KEEP|Fensterreinigung:KEEP|Umzug:KEEP|Fernumzug:KEEP|Seniorenumzug:KEEP",,KEEP,
/angebot-vergleichen-duesseldorf,de,Düsseldorf,service,Angebotsprüfung,Angebotsprüfung in Düsseldorf verständlich erklären und zum passenden nächsten Schritt führen,"Umfang, Zugang, Zeitraum und Kontaktwunsch klären",Reinigungsangebot aus Düsseldorf sachlich prüfen lassen.,Reinigungsangebot aus Düsseldorf sachlich prüfen lassen.,Reinigungsangebot prüfen Düsseldorf | Angebot Reinigung vergleichen | FLOXANT,Reinigungsangebot prüfen Düsseldorf | Angebot Reinigung vergleichen | FLOXANT,Reinigungsangebot prüfen Düsseldorf,"Angebot für Reinigungsarbeiten in Düsseldorf prüfen: Reinigungsfirma Angebote, Putzfirma Angebot und Gebäudereinigung sachlich vergleichen.",Reinigungsangebot Düsseldorf prüfen,Direkte Antwort|Leistungsumfang|benötigte Angaben|Aufwandstreiber|Ablauf|FAQ|verwandte Leistungen|nächster Schritt,interne Begriffe|fremde Standorte|nicht angebotene Leistungen|unbelegte Versprechen,,,20 sichtbare FAQ-Indikatoren,https://www.floxant.de/angebot-vergleichen-duesseldorf,index_follow,included,"Senden Sie uns Ihr bestehendes Reinigungsangebot oder die wichtigsten Eckdaten. Wir prüfen Umfang, Turnus, Objektart, Fotos und Preisrahmen und melden zurück, ob eine passende Alternative möglich ist.","Wenige Pflichtangaben reichen. Alles Weitere hilft nur bei der Einordnung.:KEEP|Angebot prüfen lassen:KEEP|Kurz gesagt: FLOXANT prüft nicht nur den Preis, sondern die Machbarkeit.:KEEP|Professionell prüfen heißt: ehrlich, nachvollziehbar und ohne falsche Versprechen.:KEEP|Echte zweite Einschätzung:KEEP|Klare Grenzen:KEEP|Schneller Start mit wenigen Angaben:KEEP|So geht es weiter:KEEP|Passt Angebot prüfen zu Ihrer Situation?:KEEP|Wann Angebot prüfen wirklich hilft.:KEEP|Angebot wirkt zu teuer:KEEP|Leistungsumfang ist unklar:KEEP|Ungewoehnliche Vorkasse:KEEP|Mehrere Angebote sind schwer vergleichbar:KEEP|Zeitdruck vor Übergabe:KEEP|Anbieter hat abgesagt:KEEP|Vom unklaren Angebot zur belastbaren Rückfrage.:KEEP|Angebotscheck-Ablauf:KEEP",,KEEP,
/baureinigung-regensburg,de,Regensburg,service,Bauendreinigung,Bauendreinigung in Regensburg verständlich erklären und zum passenden nächsten Schritt führen,"Umfang, Zugang, Zeitraum und Kontaktwunsch klären","Baustaub raus, Übergabe klarer, Anfrage ohne Rätsel.","Baustaub raus, Übergabe klarer, Anfrage ohne Rätsel.",Baureinigung Regensburg | Renovierung & Staub,Baureinigung Regensburg | Renovierung & Staub,Baureinigung Regensburg,"Baureinigung Regensburg nach Renovierung, Umbau oder Handwerkern: Baustaub, Schutzfolien, Boden, Fensterrahmen, Fotos und Übergabeziel senden.",Baureinigung anfragen,Direkte Antwort|Leistungsumfang|benötigte Angaben|Aufwandstreiber|Ablauf|FAQ|verwandte Leistungen|nächster Schritt,interne Begriffe|fremde Standorte|nicht angebotene Leistungen|unbelegte Versprechen,,,9 sichtbare FAQ-Indikatoren,https://www.floxant.de/baureinigung-regensburg,index_follow,included,"FLOXANT prüft Baureinigung, Bauendreinigung und Reinigung nach Renovierung in Regensburg für Wohnung, Büro, Praxis und Gewerbeobjekt. Entscheidend sind Bauzustand, Fläche, Staub, Boden, Fenster, Zugang, Deadline und gute Fotos.","Bauzustand, Staub und Deadline entscheiden über den Aufwand.:KEEP|Nach Renovierung zählt ein klarer Weg, nicht noch mehr Rückfragen.:KEEP|Nach den Handwerkern ist überall feiner Staub.:KEEP|Es muss wieder richtig sauber werden, nicht nur oberflächlich.:KEEP|Fenster, Schaufenster oder Glasflächen fallen sofort auf.:KEEP|Wir suchen eine Reinigungsfirma für Büro, Praxis, Hotel oder Objekt.:KEEP|Reinigungsservicegebiet Regensburg:KEEP|Regensburg Stadtteile:KEEP|Umland bis 50 km:KEEP|Reinigungsanfragen bleiben auf Regensburg, Objekt und Nachweisbarkeit fokussiert.:KEEP|Regensburg als Mittelpunkt:KEEP|Reinigung im 50-km-Radius:KEEP|Keine erfundenen Belege:KEEP|Klare Anfrage statt Blindpreis:KEEP|Diese Angaben machen Reinigungsangebote vergleichbar.:KEEP|Objekt:KEEP|Leistung:KEEP|Nachweise:KEEP",,KEEP,
/beiladung,de,Überregional,service,Information und Anfrage,Information und Anfrage verständlich erklären und zum passenden nächsten Schritt führen,"Umfang, Zugang, Zeitraum und Kontaktwunsch klären",Beiladung und Möbel-Mitnahme in Bayern,Beiladung und Möbel-Mitnahme in Bayern,Beiladung Regensburg | Möbeltransport fair mitnehmen,Beiladung Regensburg | Möbeltransport fair mitnehmen,Beiladung Regensburg,"Einzelmöbel, Kartons oder kleine Mengen? Beiladung ab Regensburg und in Bayern prüfen, wenn Route und Zeitfenster passen. Fotos, Termin, Umfang und Preisrahmen direkt senden und Machbarkeit prüfen lassen.",,Direkte Antwort|Leistungsumfang|benötigte Angaben|Aufwandstreiber|Ablauf|FAQ|verwandte Leistungen|nächster Schritt,interne Begriffe|fremde Standorte|nicht angebotene Leistungen|unbelegte Versprechen,,,9 sichtbare FAQ-Indikatoren,https://www.floxant.de/beiladung,index_follow,included,"FLOXANT prüft freie Ladefläche für Einzelstücke, Teilmengen und kleinere Transporte ab Regensburg und in Bayern. Sinnvoll ist das vor allem, wenn der Termin etwas flexibel ist und kein ganzer Umzug gefahren werden muss.",Was ist das?:KEEP|Für wen?:KEEP|Wann sinnvoll?:KEEP|Wie läuft es ab?:KEEP|Häufige Fragen zur Beiladung:KEEP|Was genau versteht man unter Beiladung?:KEEP|Für welche Transportgüter ist der Service geeignet?:KEEP|Wann ist Beiladung die richtige Wahl?:KEEP|Wie unterscheidet sich FLOXANT Beiladung vom Standardservice?:KEEP|Gibt es regionale Einschränkungen in Bayern?:KEEP|Beiladung anfragen:KEEP,,KEEP,
/beiladung-regensburg,de,Regensburg,service,Information und Anfrage,Information und Anfrage in Regensburg verständlich erklären und zum passenden nächsten Schritt führen,"Umfang, Zugang, Zeitraum und Kontaktwunsch klären",Umzug in regensburg,Umzug in regensburg,"FLOXANT Regensburg | Umzug, Reinigung & Entrümpelung","FLOXANT Regensburg | Umzug, Reinigung & Entrümpelung",FLOXANT Regensburg,"Umzug, Reinigung, Entrümpelung und Übergabe in Düsseldorf und Regensburg: Aufwand realistisch prüfen, direkt anfragen und sauber planen.",Umzug in regensburg anfragen,Direkte Antwort|Leistungsumfang|benötigte Angaben|Aufwandstreiber|Ablauf|FAQ|verwandte Leistungen|nächster Schritt,interne Begriffe|fremde Standorte|nicht angebotene Leistungen|unbelegte Versprechen,,,14 sichtbare FAQ-Indikatoren,https://www.floxant.de/beiladung-regensburg,index_follow,included,"Erst sauber einordnen, dann passend anfragen. So wird aus einem Klick ein ruhiger nächster Schritt mit klaren Angaben.","Umzug in regensburg: erst klären, dann passend anfragen.:KEEP|Kurz zeigen:KEEP|Praktisch prüfen:KEEP|Sauber entscheiden:KEEP|Umzug in Regensburg: so bekommen Sie eine klare Rückmeldung:KEEP|Anliegen kurz schildern:KEEP|Aus welchem Anlass?:KEEP|Ort, Zugang und Fotos:KEEP|Budget oder Angebot:KEEP|Leistung einordnen:KEEP|Nächste Wege:KEEP|Angebot prüfen:KEEP|FAQ:KEEP|Anfrage starten:KEEP|Wie unterscheidet sich der Service vom Standardfall?:KEEP|Ihr Budget kann direkt mitgedacht werden:KEEP|Umzug in regensburg mit echter Ortslogik:KEEP|Parken und Laufwege:KEEP",,KEEP,
/buerokratie-schutz,de,Überregional,service,Information und Anfrage,Information und Anfrage verständlich erklären und zum passenden nächsten Schritt führen,"Umfang, Zugang, Zeitraum und Kontaktwunsch klären",Bürokratie-Schutz,Bürokratie-Schutz,Bürokratie-Schutz – Behördliche Formalitäten delegieren,Bürokratie-Schutz – Behördliche Formalitäten delegieren,Bürokratie-Schutz – Behördliche Formalitäten delegieren,"Der FLOXANT Bürokratie-Schutz übernimmt die behördlichen Formalitäten rund um Ihren Umzug. Zugang und Parken, Ummeldung, Nachsendeauftrag.",Jetzt anfragen,Direkte Antwort|Leistungsumfang|benötigte Angaben|Aufwandstreiber|Ablauf|FAQ|verwandte Leistungen|nächster Schritt,interne Begriffe|fremde Standorte|nicht angebotene Leistungen|unbelegte Versprechen,,,1 sichtbare FAQ-Indikatoren,https://www.floxant.de/buerokratie-schutz,index_follow,included,Behördengänge und Formalitäten gehören zu jedem Umzug. Wir nehmen Ihnen diese Last ab – vollständig und rechtssicher.,Bürokratie muss nicht Ihre Angelegenheit sein:KEEP|Organisatorischer Wert:KEEP|Für wen ist diese Experience?:KEEP|Weitere passende Services:KEEP|Schlüsselübergabe:KEEP|Reinigung für die Übergabe:KEEP|Möbel-Optimierung:KEEP|Kurzfristigen Umzug anfragen:KEEP|Bürokratie-Schutz anfragen:KEEP,,KEEP,
/business-errand-service,de,Überregional,service,Information und Anfrage,Information und Anfrage verständlich erklären und zum passenden nächsten Schritt führen,"Umfang, Zugang, Zeitraum und Kontaktwunsch klären","Wenn Ihr Team nicht hinfahren muss, sollte es das auch nicht tun.","Wenn Ihr Team nicht hinfahren muss, sollte es das auch nicht tun.",Erledigungsservice für Unternehmen Regensburg | Vor-Ort-Aufgaben,Erledigungsservice für Unternehmen Regensburg | Vor-Ort-Aufgaben,Erledigungsservice für Unternehmen Regensburg,"FLOXANT erledigt kleine Vor-Ort-Aufgaben für Unternehmen: Dokumente abholen, Schlüssel übergeben, Material bringen oder etwas vor Ort prüfen.",Vor-Ort-Prüfung Sie schicken die Aufgabe. Wir prüfen vor Ort und melden zurück.,Direkte Antwort|Leistungsumfang|benötigte Angaben|Aufwandstreiber|Ablauf|FAQ|verwandte Leistungen|nächster Schritt,interne Begriffe|fremde Standorte|nicht angebotene Leistungen|unbelegte Versprechen,,,4 sichtbare FAQ-Indikatoren,https://www.floxant.de/business-errand-service,index_follow,included,"Dokumente abholen, Schlüssel transportieren, Material übergeben, Objekt kurz prüfen: FLOXANT übernimmt kleine reale Wege, die im Alltag zu viel Zeit kosten.","Nicht jede wichtige Aufgabe braucht eigenes Personal.:KEEP|Der Druck entsteht, bevor die Aufgabe groß aussieht.:KEEP|Zeit wird unsichtbar verbrannt:KEEP|Übergaben brauchen Verantwortung:KEEP|Vor-Ort-Realität fehlt:KEEP|FLOXANT fährt hin, erledigt es und meldet zurück.:KEEP|Aufgabe präzise definieren:KEEP|Weg kontrolliert ausführen:KEEP|Rückmeldung liefern:KEEP|Erst Klarheit. Dann Einsatz.:KEEP|Aufgabe senden:KEEP|Risiko klären:KEEP|Aufgabe erledigen:KEEP|Status schließen:KEEP|Nicht einfach mehr Dienstleistung. Weniger offener Kopf.:KEEP|Teamzeit bleibt im Unternehmen:KEEP|Mehr Verlässlichkeit als Zuruf:KEEP|Besser als Standardversand:KEEP",,KEEP,
/clean-start,de,Überregional,service,Information und Anfrage,Information und Anfrage verständlich erklären und zum passenden nächsten Schritt führen,"Umfang, Zugang, Zeitraum und Kontaktwunsch klären",Clean Start Ceremony,Clean Start Ceremony,Clean Start Ceremony – Ihr neues Zuhause bewusst beziehen,Clean Start Ceremony – Ihr neues Zuhause bewusst beziehen,Clean Start Ceremony – Ihr neues Zuhause bewusst beziehen,Die Clean Start Ceremony von FLOXANT bereitet Ihre neue Wohnung auf einen bewussten Einzug vor. Professionelle Reinigung als Grundlage für einen Neuanfang.,Jetzt anfragen,Direkte Antwort|Leistungsumfang|benötigte Angaben|Aufwandstreiber|Ablauf|FAQ|verwandte Leistungen|nächster Schritt,interne Begriffe|fremde Standorte|nicht angebotene Leistungen|unbelegte Versprechen,,,1 sichtbare FAQ-Indikatoren,https://www.floxant.de/clean-start,index_follow,included,"Bevor Sie Ihre Möbel einräumen, bereiten wir Ihren neuen Raum vor – physisch und atmosphärisch.",Der Neuanfang beginnt mit Klarheit:KEEP|Psychologischer Wert:KEEP|Für wen ist diese Experience?:KEEP|Weitere passende Services:KEEP|Schlüsselübergabe:KEEP|Reinigung für die Übergabe:KEEP|Bürokratie-Schutz:KEEP|Möbel-Optimierung:KEEP|Clean Start buchen:KEEP,,KEEP,
/damen-team,de,Überregional,service,Information und Anfrage,Information und Anfrage verständlich erklären und zum passenden nächsten Schritt führen,"Umfang, Zugang, Zeitraum und Kontaktwunsch klären",Damen-Team,Damen-Team,Damen-Team – Umzug durch ein reines Frauenteam,Damen-Team – Umzug durch ein reines Frauenteam,Damen-Team – Umzug durch ein reines Frauenteam,"FLOXANT Damen-Team bietet Umzüge durch ausschließlich weibliches Personal. Diskret, respektvoll und professionell. Fotos, Termin, Umfang und Preisrahmen direkt senden und Machbarkeit prüfen lassen.",Jetzt anfragen,Direkte Antwort|Leistungsumfang|benötigte Angaben|Aufwandstreiber|Ablauf|FAQ|verwandte Leistungen|nächster Schritt,interne Begriffe|fremde Standorte|nicht angebotene Leistungen|unbelegte Versprechen,,,1 sichtbare FAQ-Indikatoren,https://www.floxant.de/damen-team,index_follow,included,Manche Situationen erfordern besondere Sensibilität. Unser Damen-Team bietet Umzüge durch ausschließlich weibliches Personal.,Respekt beginnt mit Verständnis:KEEP|Persönlicher Wert:KEEP|Für wen ist diese Experience?:KEEP|Weitere passende Services:KEEP|Schlüsselübergabe:KEEP|Reinigung für die Übergabe:KEEP|Bürokratie-Schutz:KEEP|Möbel-Optimierung:KEEP|Damen-Team anfragen:KEEP,,KEEP,
/duesseldorf,de,Düsseldorf,location_hub,Reinigung,Reinigungsleistungen in Düsseldorf auswählen,"Umfang, Zugang, Zeitraum und Kontaktwunsch klären",FLOXANT Düsseldorf: Reinigung und besondere Services klar anfragen.,FLOXANT Düsseldorf: Reinigung und besondere Services klar anfragen.,FLOXANT Düsseldorf | Reinigung & Services persönlich anfragen,FLOXANT Düsseldorf | Reinigung & Services persönlich anfragen,FLOXANT Düsseldorf,"FLOXANT Düsseldorf: Reinigung, Büro-, Gewerbe-, Grund-, Unterhalts-, Fenster- und Bauendreinigung sowie besondere Services klar und persönlich anfragen.",Angebot prüfen,Direkte Antwort|Leistungsumfang|benötigte Angaben|Aufwandstreiber|Ablauf|FAQ|verwandte Leistungen|nächster Schritt,interne Begriffe|fremde Standorte|nicht angebotene Leistungen|unbelegte Versprechen,,,7 sichtbare FAQ-Indikatoren,https://www.floxant.de/duesseldorf,index_follow,included,"Wählen Sie Reinigung, Büro, Gewerbe, Grundreinigung, Unterhaltsreinigung, Bauendreinigung oder einen besonderen Anfrageweg. Wir führen Sie mit wenigen verständlichen Angaben zur passenden Leistung.","Objekt, Rhythmus und Leistungsumfang verständlich zusammenfassen.:KEEP|Objektart:KEEP|Zielzustand:KEEP|Zeitfenster:KEEP|Reinigung: Was wird angeboten?:KEEP|Leistung und Grenze gehören zusammen.:KEEP|Kann enthalten sein:KEEP|Nicht automatisch enthalten:KEEP|Diese Angaben helfen:KEEP|Was den Aufwand beeinflusst:KEEP|Passende Leistungen:KEEP|Nächsten Schritt vorbereiten:KEEP|Düsseldorf-Anfragen ohne ungeprüfte Serviceversprechen sortieren.:KEEP|Angebotscheck-Pakete:KEEP|Umzugs-Pakete nach Umfang und Risiko:KEEP|Räumungs-Pakete mit Zielzustand:KEEP|Signature-Pakete für Entscheidung und Sonderfaelle:KEEP|Ort und Gebiet:KEEP",,KEEP,
/duesseldorf/baureinigung,de,Düsseldorf,service,Bau- und Bauendreinigung,Bauendreinigung in Düsseldorf anfragen,"Umfang, Zugang, Zeitraum und Kontaktwunsch klären","Bau- und Bauendreinigung in Düsseldorf: vorbereitet für Abnahme, Einzug oder Übergabe","Bau- und Bauendreinigung in Düsseldorf: vorbereitet für Abnahme, Einzug oder Übergabe",Bauendreinigung Düsseldorf nach Bau & Renovierung | FLOXANT,Bauendreinigung Düsseldorf nach Bau & Renovierung | FLOXANT,Bauendreinigung Düsseldorf nach Bau & Renovierung,"Bau- oder Bauendreinigung in Düsseldorf anfragen: Bauphase, Fläche, Staub, Schutzfolien, Restarbeiten, Zugang und Übergabetermin verständlich beschreiben.",Bauendreinigung in Düsseldorf anfragen,Direkte Antwort|Leistungsumfang|benötigte Angaben|Aufwandstreiber|Ablauf|FAQ|verwandte Leistungen|nächster Schritt,interne Begriffe|fremde Standorte|nicht angebotene Leistungen|unbelegte Versprechen,,,10 sichtbare FAQ-Indikatoren,https://www.floxant.de/duesseldorf/baureinigung,index_follow,included,"Nach Bau, Umbau oder Renovierung kommt es auf Bauphase, Restarbeiten, Staubbelastung, Schutzfolien, Oberflächen und den Übergabetermin an. FLOXANT prüft den gewünschten Umfang, bevor eine Leistung oder ein Termin zugesagt wird.","Was zuerst geklärt werden sollte.:KEEP|Welche Angaben helfen bei Bauendreinigung Düsseldorf ?:KEEP|Reinigung in Düsseldorf klar auswählen und passend anfragen.:KEEP|Reinigungsfirma Düsseldorf:KEEP|Büroreinigung und Gewerbereinigung:KEEP|Fenster, Übergabe und Sonderfälle:KEEP|Was die Anfrage stärker macht:KEEP|Stadtteil, Objekt und Reinigungsziel in einem Schritt klären.:KEEP|Privathaushalt und Wohnung:KEEP|Büro, Praxis oder Gewerbe:KEEP|Apartment und Gästewechsel:KEEP|Fenster, Bau oder Sonderreinigung:KEEP|Reinigung besser anfragen:KEEP|Objekt:KEEP|Umfang:KEEP|Termin:KEEP|Zugang:KEEP|Fotos optional:KEEP",,KEEP,
/duesseldorf/bueroreinigung,de,Düsseldorf,service,Büroreinigung,Büroreinigung in Düsseldorf anfragen,"Umfang, Zugang, Zeitraum und Kontaktwunsch klären",Büroreinigung in Düsseldorf für Firmen klar anfragen,Büroreinigung in Düsseldorf für Firmen klar anfragen,Büroreinigung Düsseldorf für Firmen klar anfragen,Büroreinigung Düsseldorf für Firmen klar anfragen,Büroreinigung Düsseldorf für Firmen klar anfragen,"Büroreinigung in Düsseldorf für Firmen: Fläche, Turnus, Reinigungszeiten und Leistungsumfang beschreiben. Angebot Punkt für Punkt prüfen lassen.",Büroreinigung in Düsseldorf anfragen,Direkte Antwort|Leistungsumfang|benötigte Angaben|Aufwandstreiber|Ablauf|FAQ|verwandte Leistungen|nächster Schritt,interne Begriffe|fremde Standorte|nicht angebotene Leistungen|unbelegte Versprechen,,,10 sichtbare FAQ-Indikatoren,https://www.floxant.de/duesseldorf/bueroreinigung,index_follow,included,"Für eine Büroreinigung in Düsseldorf helfen Fläche, Turnus, Reinigungszeiten und besondere Bereiche wie Küche, Sanitär oder Besprechungsräume. FLOXANT prüft die Anfrage anhand der genannten Eckdaten und kann ein vorhandenes Angebot auf offene Punkte prüfen.","Was zuerst geklärt werden sollte.:KEEP|Welche Angaben helfen bei Büroreinigung Düsseldorf ?:KEEP|Reinigung in Düsseldorf klar auswählen und passend anfragen.:KEEP|Reinigungsfirma Düsseldorf:KEEP|Büroreinigung und Gewerbereinigung:KEEP|Fenster, Übergabe und Sonderfälle:KEEP|Was die Anfrage stärker macht:KEEP|Stadtteil, Objekt und Reinigungsziel in einem Schritt klären.:KEEP|Privathaushalt und Wohnung:KEEP|Büro, Praxis oder Gewerbe:KEEP|Apartment und Gästewechsel:KEEP|Fenster, Bau oder Sonderreinigung:KEEP|Büroreinigung mit belastbaren Eckdaten:KEEP|Fläche:KEEP|Turnus:KEEP|Zeitfenster:KEEP|Zugang:KEEP|Bereiche optional:KEEP",,KEEP,
/duesseldorf/fensterreinigung,de,Düsseldorf,service,Fensterreinigung,Fensterreinigung in Düsseldorf anfragen,"Umfang, Zugang, Zeitraum und Kontaktwunsch klären","Fensterreinigung in Düsseldorf anfragen - Glasflächen, Umfang und Termin klären","Fensterreinigung in Düsseldorf anfragen - Glasflächen, Umfang und Termin klären",Fensterreinigung Düsseldorf - Glasflächen und Termin klären,Fensterreinigung Düsseldorf - Glasflächen und Termin klären,Fensterreinigung Düsseldorf - Glasflächen und Termin klären,"Fensterreinigung in Düsseldorf anfragen: Glasflächen, Fensterzahl, Rahmen/Falze optional, Erreichbarkeit, Turnus und Termin beschreiben.",Fensterreinigung in Düsseldorf anfragen,Direkte Antwort|Leistungsumfang|benötigte Angaben|Aufwandstreiber|Ablauf|FAQ|verwandte Leistungen|nächster Schritt,interne Begriffe|fremde Standorte|nicht angebotene Leistungen|unbelegte Versprechen,,,10 sichtbare FAQ-Indikatoren,https://www.floxant.de/duesseldorf/fensterreinigung,index_follow,included,"Für Fenster- und Glasreinigung in Düsseldorf zählen Glasflächen, Fensterzahl, Rahmen/Falze optional, Erreichbarkeit, Turnus und Termin. FLOXANT macht keine riskanten Höhen- oder Sicherheitsversprechen ohne Prüfung.","Was zuerst geklärt werden sollte.:KEEP|Welche Angaben helfen bei Fensterreinigung Düsseldorf ?:KEEP|Reinigung in Düsseldorf klar auswählen und passend anfragen.:KEEP|Reinigungsfirma Düsseldorf:KEEP|Büroreinigung und Gewerbereinigung:KEEP|Fenster, Übergabe und Sonderfälle:KEEP|Was die Anfrage stärker macht:KEEP|Stadtteil, Objekt und Reinigungsziel in einem Schritt klären.:KEEP|Privathaushalt und Wohnung:KEEP|Büro, Praxis oder Gewerbe:KEEP|Apartment und Gästewechsel:KEEP|Fenster, Bau oder Sonderreinigung:KEEP|Reinigung besser anfragen:KEEP|Objekt:KEEP|Umfang:KEEP|Termin:KEEP|Zugang:KEEP|Fotos optional:KEEP",,KEEP,
/duesseldorf/gewerbereinigung,de,Düsseldorf,service,Gewerbereinigung,Gewerbereinigung in Düsseldorf verständlich erklären und zum passenden nächsten Schritt führen,"Umfang, Zugang, Zeitraum und Kontaktwunsch klären",Gewerbereinigung in Düsseldorf mit konkreten Eckdaten anfragen,Gewerbereinigung in Düsseldorf mit konkreten Eckdaten anfragen,"Gewerbereinigung Düsseldorf - Fläche, Turnus und Umfang klären","Gewerbereinigung Düsseldorf - Fläche, Turnus und Umfang klären","Gewerbereinigung Düsseldorf - Fläche, Turnus und Umfang klären","Gewerbereinigung in Düsseldorf mit konkreten Eckdaten anfragen: Objektart, Fläche, Nutzungszeiten, Turnus und Leistungsumfang beschreiben.",Gewerbereinigung in Düsseldorf anfragen,Direkte Antwort|Leistungsumfang|benötigte Angaben|Aufwandstreiber|Ablauf|FAQ|verwandte Leistungen|nächster Schritt,interne Begriffe|fremde Standorte|nicht angebotene Leistungen|unbelegte Versprechen,,,14 sichtbare FAQ-Indikatoren,https://www.floxant.de/duesseldorf/gewerbereinigung,index_follow,included,"Bei Gewerbereinigung zählen Objektart, Fläche, Reinigungszeiten, Leistungsumfang und Zugang. FLOXANT hilft, die Anfrage klar vorzubereiten und vorhandene Angebote besser einzuordnen.","Was zuerst geklärt werden sollte.:KEEP|Welche Angaben helfen bei Gewerbereinigung Düsseldorf ?:KEEP|Reinigung in Düsseldorf klar auswählen und passend anfragen.:KEEP|Reinigungsfirma Düsseldorf:KEEP|Büroreinigung und Gewerbereinigung:KEEP|Fenster, Übergabe und Sonderfälle:KEEP|Was die Anfrage stärker macht:KEEP|Stadtteil, Objekt und Reinigungsziel in einem Schritt klären.:KEEP|Privathaushalt und Wohnung:KEEP|Büro, Praxis oder Gewerbe:KEEP|Apartment und Gästewechsel:KEEP|Fenster, Bau oder Sonderreinigung:KEEP|Gewerbereinigung klar eingrenzen:KEEP|Objektart:KEEP|Nutzung:KEEP|Leistung:KEEP|Zugang:KEEP|Fotos optional:KEEP",,KEEP,
/duesseldorf/grundreinigung,de,Düsseldorf,service,Grundreinigung,Grundreinigung in Düsseldorf anfragen,"Umfang, Zugang, Zeitraum und Kontaktwunsch klären","Grundreinigung in Düsseldorf: gründlich geplant für Wohnung, Haus und Gewerbe","Grundreinigung in Düsseldorf: gründlich geplant für Wohnung, Haus und Gewerbe",Grundreinigung Düsseldorf für Wohnung & Gewerbe | FLOXANT,Grundreinigung Düsseldorf für Wohnung & Gewerbe | FLOXANT,Grundreinigung Düsseldorf für Wohnung & Gewerbe,"Grundreinigung in Düsseldorf anfragen: Räume, Fläche, Verschmutzung, Schwerpunkte und Zielzustand nennen. Für Wohnung, Haus, Büro oder Gewerbe.",Grundreinigung in Düsseldorf anfragen,Direkte Antwort|Leistungsumfang|benötigte Angaben|Aufwandstreiber|Ablauf|FAQ|verwandte Leistungen|nächster Schritt,interne Begriffe|fremde Standorte|nicht angebotene Leistungen|unbelegte Versprechen,,,14 sichtbare FAQ-Indikatoren,https://www.floxant.de/duesseldorf/grundreinigung,index_follow,included,"Eine Grundreinigung geht über die laufende Reinigung hinaus. Nennen Sie Räume, Fläche, sichtbare Verschmutzungen, schwer erreichbare Bereiche und den gewünschten Zielzustand. FLOXANT prüft, welche Leistungen zum Objekt und Termin passen.","Was zuerst geklärt werden sollte.:KEEP|Welche Angaben helfen bei Grundreinigung Düsseldorf ?:KEEP|Reinigung in Düsseldorf klar auswählen und passend anfragen.:KEEP|Reinigungsfirma Düsseldorf:KEEP|Büroreinigung und Gewerbereinigung:KEEP|Fenster, Übergabe und Sonderfälle:KEEP|Was die Anfrage stärker macht:KEEP|Stadtteil, Objekt und Reinigungsziel in einem Schritt klären.:KEEP|Privathaushalt und Wohnung:KEEP|Büro, Praxis oder Gewerbe:KEEP|Apartment und Gästewechsel:KEEP|Fenster, Bau oder Sonderreinigung:KEEP|Reinigung besser anfragen:KEEP|Objekt:KEEP|Umfang:KEEP|Termin:KEEP|Zugang:KEEP|Fotos optional:KEEP",,KEEP,
/duesseldorf/luxusreinigung,de,Düsseldorf,service,Reinigung,Reinigung in Düsseldorf verständlich erklären und zum passenden nächsten Schritt führen,"Umfang, Zugang, Zeitraum und Kontaktwunsch klären",Premium-Reinigung für anspruchsvolle Objekte in Düsseldorf,Premium-Reinigung für anspruchsvolle Objekte in Düsseldorf,Premium-Reinigung Düsseldorf | Anspruchsvolle Objekte | FLOXANT,Premium-Reinigung Düsseldorf | Anspruchsvolle Objekte | FLOXANT,Premium-Reinigung Düsseldorf,"Premium-Reinigung für anspruchsvolle Objekte in Düsseldorf: Büros, Praxen, Kanzleien, Showrooms und Apartments diskret und sorgfältig abstimmen.",Diskret anfragen,Direkte Antwort|Leistungsumfang|benötigte Angaben|Aufwandstreiber|Ablauf|FAQ|verwandte Leistungen|nächster Schritt,interne Begriffe|fremde Standorte|nicht angebotene Leistungen|unbelegte Versprechen,,,4 sichtbare FAQ-Indikatoren,https://www.floxant.de/duesseldorf/luxusreinigung,index_follow,included,"Für Kunden, die Wert auf sorgfältige Abstimmung, gepflegte Räume und eine professionelle Durchführung legen.","Objekt kurz beschreiben und Rückmeldung erhalten:KEEP|Hochwertig heißt hier: gut vorbereitet und klar abgestimmt.:KEEP|Ruhige Abstimmung, klare Grenzen, sorgfältige Durchführung.:KEEP|Diskrete Kommunikation:KEEP|Sorgfältige Vorbereitung:KEEP|Gepflegte Räume:KEEP|Klare Abläufe:KEEP|Premium-Anfragen brauchen eine saubere Vorbereitung.:KEEP|Häufige Fragen zur Premium-Reinigung.:KEEP",,KEEP,
/duesseldorf/praxisreinigung,de,Düsseldorf,service,Praxisreinigung,Praxisreinigung in Düsseldorf anfragen,"Umfang, Zugang, Zeitraum und Kontaktwunsch klären",Praxisreinigung in Düsseldorf klar und mit konkreten Eckdaten anfragen,Praxisreinigung in Düsseldorf klar und mit konkreten Eckdaten anfragen,Praxisreinigung Düsseldorf mit konkreten Eckdaten anfragen,Praxisreinigung Düsseldorf mit konkreten Eckdaten anfragen,Praxisreinigung Düsseldorf mit konkreten Eckdaten anfragen,"Praxisreinigung in Düsseldorf sachlich vorbereiten: Räume, sensible Bereiche, Reinigungszeiten, Ansprechpartner und Angebot klären.",Praxisreinigung in Düsseldorf anfragen,Direkte Antwort|Leistungsumfang|benötigte Angaben|Aufwandstreiber|Ablauf|FAQ|verwandte Leistungen|nächster Schritt,interne Begriffe|fremde Standorte|nicht angebotene Leistungen|unbelegte Versprechen,,,10 sichtbare FAQ-Indikatoren,https://www.floxant.de/duesseldorf/praxisreinigung,index_follow,included,"Praxisreinigung braucht sachliche Angaben zu Praxisräumen, sensiblen Bereichen, Reinigungszeiten, Zugang und Ansprechpartnern. FLOXANT formuliert keine medizinische Zertifizierung und keine Hygienegarantie.","Was zuerst geklärt werden sollte.:KEEP|Welche Angaben helfen bei Praxisreinigung Düsseldorf ?:KEEP|Reinigung in Düsseldorf klar auswählen und passend anfragen.:KEEP|Reinigungsfirma Düsseldorf:KEEP|Büroreinigung und Gewerbereinigung:KEEP|Fenster, Übergabe und Sonderfälle:KEEP|Was die Anfrage stärker macht:KEEP|Stadtteil, Objekt und Reinigungsziel in einem Schritt klären.:KEEP|Privathaushalt und Wohnung:KEEP|Büro, Praxis oder Gewerbe:KEEP|Apartment und Gästewechsel:KEEP|Fenster, Bau oder Sonderreinigung:KEEP|Reinigung besser anfragen:KEEP|Objekt:KEEP|Umfang:KEEP|Termin:KEEP|Zugang:KEEP|Fotos optional:KEEP",,KEEP,
/duesseldorf/reinigung,de,Düsseldorf,service,Reinigung,Reinigung in Düsseldorf anfragen,"Umfang, Zugang, Zeitraum und Kontaktwunsch klären","Reinigung in Düsseldorf – persönlich, verständlich und passend zu Ihrem Objekt","Reinigung in Düsseldorf – persönlich, verständlich und passend zu Ihrem Objekt",Reinigungsfirma Düsseldorf: Reinigung anfragen | FLOXANT,Reinigungsfirma Düsseldorf: Reinigung anfragen | FLOXANT,Reinigungsfirma Düsseldorf: Reinigung anfragen,"Reinigung in Düsseldorf persönlich anfragen: Wohnung, Büro, Praxis, Fenster, Grund- oder Unterhaltsreinigung. Objekt, Umfang und Termin einfach senden.",Reinigung in Düsseldorf anfragen,Direkte Antwort|Leistungsumfang|benötigte Angaben|Aufwandstreiber|Ablauf|FAQ|verwandte Leistungen|nächster Schritt,interne Begriffe|fremde Standorte|nicht angebotene Leistungen|unbelegte Versprechen,,,12 sichtbare FAQ-Indikatoren,https://www.floxant.de/duesseldorf/reinigung,index_follow,included,"Sie suchen einen Reinigungsdienst in Düsseldorf, der Ihre Situation zuerst versteht? Nennen Sie Objektart, Fläche, gewünschtes Ergebnis und Terminwunsch. FLOXANT ordnet Ihre Anfrage ohne Umwege der passenden Reinigung zu – von Wohnung und Apartment über Büro, Praxis und Gewerbe bis Grund-, Unterhalts-, Fenster- oder Bauendreinigung.","Was zuerst geklärt werden sollte.:KEEP|Welche Angaben helfen bei Reinigung Düsseldorf ?:KEEP|Reinigung in Düsseldorf klar auswählen und passend anfragen.:KEEP|Reinigungsfirma Düsseldorf:KEEP|Büroreinigung und Gewerbereinigung:KEEP|Fenster, Übergabe und Sonderfälle:KEEP|Was die Anfrage stärker macht:KEEP|Stadtteil, Objekt und Reinigungsziel in einem Schritt klären.:KEEP|Privathaushalt und Wohnung:KEEP|Büro, Praxis oder Gewerbe:KEEP|Apartment und Gästewechsel:KEEP|Fenster, Bau oder Sonderreinigung:KEEP|Reinigung besser anfragen:KEEP|Objekt:KEEP|Umfang:KEEP|Termin:KEEP|Zugang:KEEP|Fotos optional:KEEP",,KEEP,
/duesseldorf/unterhaltsreinigung,de,Düsseldorf,service,Unterhaltsreinigung,Unterhaltsreinigung in Düsseldorf anfragen,"Umfang, Zugang, Zeitraum und Kontaktwunsch klären","Unterhaltsreinigung in Düsseldorf: klare Abläufe für Büro, Gewerbe und Objekt","Unterhaltsreinigung in Düsseldorf: klare Abläufe für Büro, Gewerbe und Objekt",Unterhaltsreinigung Düsseldorf für Büro & Objekt | FLOXANT,Unterhaltsreinigung Düsseldorf für Büro & Objekt | FLOXANT,Unterhaltsreinigung Düsseldorf für Büro & Objekt,"Unterhaltsreinigung in Düsseldorf anfragen: Flächen, Bereiche, Turnus, Reinigungszeiten, Zugang und Ansprechpartner für Büro, Gewerbe oder Objekt klären.",Unterhaltsreinigung anfragen,Direkte Antwort|Leistungsumfang|benötigte Angaben|Aufwandstreiber|Ablauf|FAQ|verwandte Leistungen|nächster Schritt,interne Begriffe|fremde Standorte|nicht angebotene Leistungen|unbelegte Versprechen,,,14 sichtbare FAQ-Indikatoren,https://www.floxant.de/duesseldorf/unterhaltsreinigung,index_follow,included,"Regelmäßige Reinigung funktioniert dann gut, wenn Bereiche, Turnus, Zeitfenster, Zugang und Ansprechpartner klar sind. FLOXANT hilft, die laufende Reinigung für Büro, Gewerbe, Treppenhaus oder Gemeinschaftsflächen verständlich anzufragen.","Was zuerst geklärt werden sollte.:KEEP|Welche Angaben helfen bei Unterhaltsreinigung Düsseldorf ?:KEEP|Reinigung in Düsseldorf klar auswählen und passend anfragen.:KEEP|Reinigungsfirma Düsseldorf:KEEP|Büroreinigung und Gewerbereinigung:KEEP|Fenster, Übergabe und Sonderfälle:KEEP|Was die Anfrage stärker macht:KEEP|Stadtteil, Objekt und Reinigungsziel in einem Schritt klären.:KEEP|Privathaushalt und Wohnung:KEEP|Büro, Praxis oder Gewerbe:KEEP|Apartment und Gästewechsel:KEEP|Fenster, Bau oder Sonderreinigung:KEEP|Objekt- und Hausverwaltungsreinigung vorbereiten:KEEP|Rolle:KEEP|Objekt:KEEP|Turnus:KEEP|Zugang:KEEP|Bereiche optional:KEEP",,KEEP,
/einlagerung,de,Überregional,service,Information und Anfrage,Information und Anfrage verständlich erklären und zum passenden nächsten Schritt führen,"Umfang, Zugang, Zeitraum und Kontaktwunsch klären",Sichere Einlagerung in Bayern,Sichere Einlagerung in Bayern,"FLOXANT Regensburg | Umzug, Reinigung & Entrümpelung","FLOXANT Regensburg | Umzug, Reinigung & Entrümpelung",FLOXANT Regensburg,"Umzug, Reinigung, Entrümpelung und Übergabe in Düsseldorf und Regensburg: Aufwand realistisch prüfen, direkt anfragen und sauber planen.",Umzug anfragen,Direkte Antwort|Leistungsumfang|benötigte Angaben|Aufwandstreiber|Ablauf|FAQ|verwandte Leistungen|nächster Schritt,interne Begriffe|fremde Standorte|nicht angebotene Leistungen|unbelegte Versprechen,,,14 sichtbare FAQ-Indikatoren,https://www.floxant.de/einlagerung,index_follow,included,"Platzmangel oder Umzugspause? Wir lagern Ihre Möbel in Bayern sicher, trocken und jederzeit zugänglich ein.","Umzug in Bayern: erst klären, dann passend anfragen.:KEEP|Kurz zeigen:KEEP|Praktisch prüfen:KEEP|Sauber entscheiden:KEEP|Umzug in Bayern: mit wenigen Angaben sinnvoll starten:KEEP|Anliegen kurz schildern:KEEP|Aus welchem Anlass?:KEEP|Ort, Zugang und Fotos:KEEP|Budget oder Angebot:KEEP|Leistung einordnen:KEEP|Nächste Wege:KEEP|Angebot prüfen:KEEP|FAQ:KEEP|Anfrage starten:KEEP|Möbellager Bayern:KEEP|Full-Service Lager:KEEP|Wie unterscheidet sich der Service vom Standardfall?:KEEP|Ihr Budget kann direkt mitgedacht werden:KEEP",,KEEP,
/einsatzradar-regensburg,de,Regensburg,service,Information und Anfrage,Information und Anfrage in Regensburg verständlich erklären und zum passenden nächsten Schritt führen,"Umfang, Zugang, Zeitraum und Kontaktwunsch klären",FLOXANT Einsatzradar für Regensburg und Umgebung,FLOXANT Einsatzradar für Regensburg und Umgebung,FLOXANT Einsatzradar Regensburg | Einsatzarten & Servicegebiet,FLOXANT Einsatzradar Regensburg | Einsatzarten & Servicegebiet,FLOXANT Einsatzradar Regensburg,"Typische und anonymisierte Einsatzarten im Raum Regensburg: Umzug, Reinigung, Entrümpelung, Rückfahrt, Übergabeakte und Objektservice. Regensburg-Service nach Leistung, Objektart, Fläche, Umfang, Zeitfenster, Zugang...",Eigenen Fall prüfen lassen,Direkte Antwort|Leistungsumfang|benötigte Angaben|Aufwandstreiber|Ablauf|FAQ|verwandte Leistungen|nächster Schritt,interne Begriffe|fremde Standorte|nicht angebotene Leistungen|unbelegte Versprechen,,,12 sichtbare FAQ-Indikatoren,https://www.floxant.de/einsatzradar-regensburg,index_follow,included,"Welche Einsatzarten FLOXANT im Raum Regensburg prüft: Umzug, Reinigung, Entrümpelung, Transport, Wohnungsübergabe, Mieterwechsel und Rückfahrt nach Verfügbarkeit.",Regensburg Core:KEEP|Direkte Umgebung:KEEP|Streckenbereich:KEEP|Bayern nach Verfügbarkeit:KEEP|Düsseldorf separat:MOVE|Lokaler Proof ohne Kundendaten-Leck:KEEP|Typische Einsatzarten im FLOXANT Radar:KEEP|Endreinigung vor Wohnungsuebergabe:KEEP|Kellerentruempelung mit Fotoeinschaetzung:KEEP|Umzug plus Endreinigung:KEEP|Möbeltransport Richtung Straubing:KEEP|Mieterwechsel mit Übergabeakte:KEEP|Müllraum-/Keller-Rettung für Hausverwaltung:KEEP|Diskrete Abstimmung mit Rückruf:KEEP|Reinigung Regensburg für Wohnung oder Objekt:KEEP|Düsseldorf Entsorgung mit Fotos:MOVE|Der Radar verbindet Einsatzarten mit echten FLOXANT Startpunkten:KEEP|Häufige Fragen zum FLOXANT Einsatzradar:KEEP,,KEEP,
/en,en,Überregional,service,Information und Anfrage,Information und Anfrage verständlich erklären und zum passenden nächsten Schritt führen,"Umfang, Zugang, Zeitraum und Kontaktwunsch klären",Cleaning in Düsseldorf and moving services in Regensburg,Cleaning in Düsseldorf and moving services in Regensburg,FLOXANT Services in English | Düsseldorf & Regensburg,FLOXANT Services in English | Düsseldorf & Regensburg,FLOXANT Services in English,"FLOXANT services in English: cleaning in Düsseldorf and cleaning, moving or clearance in Regensburg. Send scope, timing, access and photos.",Send an English request,Direkte Antwort|Leistungsumfang|benötigte Angaben|Aufwandstreiber|Ablauf|FAQ|verwandte Leistungen|nächster Schritt,interne Begriffe|fremde Standorte|nicht angebotene Leistungen|unbelegte Versprechen,,,6 sichtbare FAQ-Indikatoren,https://www.floxant.de/en,index_follow,included,"Choose Düsseldorf for cleaning requests or Regensburg for cleaning, moving and clearance. Each page explains the scope, useful details, realistic limits and the next contact step in English.",Cleaning service:KEEP|Office cleaning:KEEP|Commercial cleaning:KEEP|Practice cleaning:KEEP|Window cleaning:KEEP|Cleaning quote review:KEEP|Cleaning service:KEEP|Office cleaning:KEEP|Apartment cleaning:KEEP|Deep cleaning:KEEP|Move-out cleaning:KEEP|Stairwell cleaning:KEEP|Cleaning quote review:KEEP|Moving service:KEEP|Moving company:KEEP|Moving costs:KEEP|House clearance:KEEP|Cleaning after moving:KEEP,,KEEP,
/en/blog,en,Überregional,guide,Ratgeber,Ratgeber verständlich erklären und zum passenden nächsten Schritt führen,"Umfang, Zugang, Zeitraum und Kontaktwunsch klären",Prepare a clearer service request before you contact FLOXANT,Prepare a clearer service request before you contact FLOXANT,English Service Guides for Düsseldorf and Regensburg | FLOXANT,English Service Guides for Düsseldorf and Regensburg | FLOXANT,English Service Guides for Düsseldorf and Regensburg,"Reviewed English guidance for cleaning requests in Düsseldorf and cleaning, moving, clearance and quote review in Regensburg.",,Direkte Antwort|Leistungsumfang|benötigte Angaben|Aufwandstreiber|Ablauf|FAQ|verwandte Leistungen|nächster Schritt,interne Begriffe|fremde Standorte|nicht angebotene Leistungen|unbelegte Versprechen,,,1 sichtbare FAQ-Indikatoren,https://www.floxant.de/en/blog,index_follow,included,"These guides explain useful details, scope boundaries and practical questions for cleaning in Düsseldorf and cleaning, moving or clearance in Regensburg.","Planning and decision guides:KEEP|How to describe a cleaning request in Düsseldorf:KEEP|What an office-cleaning request should include:KEEP|Preparing a practice-cleaning enquiry:KEEP|Reviewing a cleaning quote beyond the final price:KEEP|Details needed for a moving request in Regensburg:KEEP|House and apartment clearance explained:KEEP|Coordinating moving, cleaning and handover:KEEP|Questions to ask about a moving quote:KEEP|How to request a moving quote in Regensburg:KEEP|10 details for a clear moving request:KEEP|How to request office cleaning in Düsseldorf:KEEP|Need a direct answer first?:KEEP",,KEEP,
/en/contact,en,Überregional,contact,Information und Anfrage,Information und Anfrage verständlich erklären und zum passenden nächsten Schritt führen,"Umfang, Zugang, Zeitraum und Kontaktwunsch klären",Send your FLOXANT request in English,Send your FLOXANT request in English,Contact FLOXANT in English | Düsseldorf & Regensburg,Contact FLOXANT in English | Düsseldorf & Regensburg,Contact FLOXANT in English,"Send a FLOXANT service request in English for cleaning in Düsseldorf or cleaning, moving and clearance in Regensburg.",Send request,Direkte Antwort|Leistungsumfang|benötigte Angaben|Aufwandstreiber|Ablauf|FAQ|verwandte Leistungen|nächster Schritt,interne Begriffe|fremde Standorte|nicht angebotene Leistungen|unbelegte Versprechen,,,keine sichtbare FAQ erkannt,https://www.floxant.de/en/contact,index_follow,included,"Choose Düsseldorf for cleaning or Regensburg for cleaning, moving and clearance. Clear facts help us check the request without making an early price or availability promise.",,,KEEP,
/en/corrections,en,Überregional,service,Information und Anfrage,Information und Anfrage verständlich erklären und zum passenden nächsten Schritt führen,"Umfang, Zugang, Zeitraum und Kontaktwunsch klären",Report errors and correct them transparently.,Report errors and correct them transparently.,Corrections and content notes | FLOXANT,Corrections and content notes | FLOXANT,Corrections and content notes,How to report content errors and how FLOXANT checks and records corrections.,,Direkte Antwort|Leistungsumfang|benötigte Angaben|Aufwandstreiber|Ablauf|FAQ|verwandte Leistungen|nächster Schritt,interne Begriffe|fremde Standorte|nicht angebotene Leistungen|unbelegte Versprechen,,,keine sichtbare FAQ erkannt,https://www.floxant.de/en/corrections,index_follow,included,"Notes are checked against the underlying source. Facts, service boundaries and review dates are not silently invented.",Report an error:KEEP|Correction process:KEEP|Transparency and limits:KEEP,,KEEP,
/en/editorial-policy,en,Überregional,service,Information und Anfrage,Information und Anfrage verständlich erklären und zum passenden nächsten Schritt führen,"Umfang, Zugang, Zeitraum und Kontaktwunsch klären",How public FLOXANT content is prepared and reviewed.,How public FLOXANT content is prepared and reviewed.,FLOXANT editorial responsibility,FLOXANT editorial responsibility,FLOXANT editorial responsibility,"How FLOXANT reviews public content, records AI assistance and avoids unsupported claims.",,Direkte Antwort|Leistungsumfang|benötigte Angaben|Aufwandstreiber|Ablauf|FAQ|verwandte Leistungen|nächster Schritt,interne Begriffe|fremde Standorte|nicht angebotene Leistungen|unbelegte Versprechen,,,keine sichtbare FAQ erkannt,https://www.floxant.de/en/editorial-policy,index_follow,included,"FLOXANT separates verified company and service facts from drafts, open review tasks and general guidance.",Editorial responsibility:KEEP|How content is checked:KEEP|Use of AI assistance:KEEP|Content boundaries:KEEP,,KEEP,
/en/methodology,en,Überregional,service,Information und Anfrage,Information und Anfrage verständlich erklären und zum passenden nächsten Schritt führen,"Umfang, Zugang, Zeitraum und Kontaktwunsch klären","Facts, user problem and service boundaries come first.","Facts, user problem and service boundaries come first.","FLOXANT methodology | Facts, scope and review","FLOXANT methodology | Facts, scope and review",FLOXANT methodology,"Methodology for service, FAQ and guide content with fact checks, local context and clear boundaries.",,Direkte Antwort|Leistungsumfang|benötigte Angaben|Aufwandstreiber|Ablauf|FAQ|verwandte Leistungen|nächster Schritt,interne Begriffe|fremde Standorte|nicht angebotene Leistungen|unbelegte Versprechen,,,keine sichtbare FAQ erkannt,https://www.floxant.de/en/methodology,index_follow,included,A public page needs verified service context and distinct user value. A search phrase on its own is not enough.,Facts before wording:KEEP|Distinct user value:KEEP|Local context:KEEP|Review and improvement:KEEP,,KEEP,
/en/questions,en,Überregional,faq_hub,Information und Anfrage,Information und Anfrage verständlich erklären und zum passenden nächsten Schritt führen,"Umfang, Zugang, Zeitraum und Kontaktwunsch klären",Clear answers before you send an enquiry,Clear answers before you send an enquiry,FLOXANT Questions and Answers,FLOXANT Questions and Answers,FLOXANT Questions and Answers,"Reviewed answers about cleaning, moving, clearance, quote checks, the enquiry process and required details in Düsseldorf and Regensburg.",What happens after I submit a request?,Direkte Antwort|Leistungsumfang|benötigte Angaben|Aufwandstreiber|Ablauf|FAQ|verwandte Leistungen|nächster Schritt,interne Begriffe|fremde Standorte|nicht angebotene Leistungen|unbelegte Versprechen,,,47 sichtbare FAQ-Indikatoren,https://www.floxant.de/en/questions,index_follow,included,"Search reviewed answers about services, the process, required details and regional availability. An enquiry is not an automatic booking or service confirmation.",Filter by topic or region:KEEP|Reviewed public information:KEEP|What happens after I submit a request?:KEEP|Which photos are useful for an initial assessment?:KEEP|What details are needed for a cleaning request in Düsseldorf?:KEEP|What affects the effort required for cleaning in Düsseldorf?:KEEP|Can FLOXANT review a cleaning quote from Düsseldorf?:KEEP|How is the suitable type of cleaning determined?:KEEP|Which details are needed for holiday apartment cleaning in Düsseldorf?:KEEP|Which details are needed for holiday apartment cleaning in Regensburg?:KEEP|What can be included in a guest turnover for a holiday apartment?:KEEP|How are access and keys handled for a guest turnover?:KEEP|Is FLOXANT a partner of Airbnb or another booking platform?:KEEP|Which areas should be listed in an office cleaning request?:KEEP|Which details help determine an office cleaning frequency?:KEEP|What should be clarified about access and key handling?:KEEP|What should be clearly stated in an office cleaning quote?:KEEP|What details are needed for a practice cleaning request in Düsseldorf?:KEEP,,KEEP,
/en/search,en,Überregional,tool,Information und Anfrage,Information und Anfrage verständlich erklären und zum passenden nächsten Schritt führen,"Umfang, Zugang, Zeitraum und Kontaktwunsch klären","Find services, questions and guides.","Find services, questions and guides.","Search FLOXANT | Services, questions and guides","Search FLOXANT | Services, questions and guides",Search FLOXANT,"Search FLOXANT services, questions, signature services and practical guides locally without storing your search terms.",Guides Practical checklists for requesting services in Germany.,Direkte Antwort|Leistungsumfang|benötigte Angaben|Aufwandstreiber|Ablauf|FAQ|verwandte Leistungen|nächster Schritt,interne Begriffe|fremde Standorte|nicht angebotene Leistungen|unbelegte Versprechen,,,keine sichtbare FAQ erkannt,https://www.floxant.de/en/search,index_follow,included,Search runs entirely in your browser. Your terms are not stored or sent to external search services.,Search results:KEEP|Direct links:KEEP,,KEEP,
/en/service-finder,en,Überregional,tool,Information und Anfrage,Information und Anfrage verständlich erklären und zum passenden nächsten Schritt führen,"Umfang, Zugang, Zeitraum und Kontaktwunsch klären",Which publicly reviewed service fits your situation?,Which publicly reviewed service fits your situation?,FLOXANT Service Finder in English,FLOXANT Service Finder in English,FLOXANT Service Finder in English,"Local, non-binding guidance for publicly reviewed FLOXANT services with English information, without storing or transmitting your answers.",,Direkte Antwort|Leistungsumfang|benötigte Angaben|Aufwandstreiber|Ablauf|FAQ|verwandte Leistungen|nächster Schritt,interne Begriffe|fremde Standorte|nicht angebotene Leistungen|unbelegte Versprechen,,,keine sichtbare FAQ erkannt,https://www.floxant.de/en/service-finder,index_follow,included,"A few short steps provide a rule-based match. The result is not a booking, price quote or availability confirmation.",Your answers stay local:KEEP|Approved services only:KEEP,,KEEP,
/en/services,en,Überregional,service_hub,Information und Anfrage,Information und Anfrage verständlich erklären und zum passenden nächsten Schritt führen,"Umfang, Zugang, Zeitraum und Kontaktwunsch klären",Find a FLOXANT service with English information,Find a FLOXANT service with English information,FLOXANT Services in English,FLOXANT Services in English,FLOXANT Services in English,"Browse publicly reviewed FLOXANT services with English pages for cleaning, moving, clearance and quote checks in Düsseldorf and Regensburg.",,Direkte Antwort|Leistungsumfang|benötigte Angaben|Aufwandstreiber|Ablauf|FAQ|verwandte Leistungen|nächster Schritt,interne Begriffe|fremde Standorte|nicht angebotene Leistungen|unbelegte Versprechen,,,1 sichtbare FAQ-Indikatoren,https://www.floxant.de/en/services,index_follow,included,"Filter the services that have both public approval and an English information page. Availability is checked from the region, scope, access and requested timing.",Cleaning service:KEEP|Cleaning service:KEEP|Office cleaning:KEEP|Office cleaning:KEEP|Commercial cleaning:KEEP|Practice cleaning:KEEP|Window cleaning:KEEP|Deep cleaning:KEEP|Stairwell cleaning:KEEP|Move-out cleaning:KEEP|Moving service:KEEP|House clearance:KEEP|Apartment clearance:KEEP|FLOXANT quote review:KEEP|FLOXANT quote review:KEEP|Moving with cleaning:KEEP|Not sure which service fits?:KEEP,,KEEP,
/en/signature-services,en,Überregional,service,Information und Anfrage,Information und Anfrage verständlich erklären und zum passenden nächsten Schritt führen,"Umfang, Zugang, Zeitraum und Kontaktwunsch klären",Structured request paths for situations beyond a standard service form,Structured request paths for situations beyond a standard service form,FLOXANT Signature and Special Solutions,FLOXANT Signature and Special Solutions,FLOXANT Signature and Special Solutions,"Reviewed FLOXANT solutions for quote checks, property briefs, handovers, backup planning, discreet enquiries and combined moving and cleaning.",,Direkte Antwort|Leistungsumfang|benötigte Angaben|Aufwandstreiber|Ablauf|FAQ|verwandte Leistungen|nächster Schritt,interne Begriffe|fremde Standorte|nicht angebotene Leistungen|unbelegte Versprechen,,,keine sichtbare FAQ erkannt,https://www.floxant.de/en/signature-services,index_follow,included,"These solutions help organise existing quotes, property details, handovers, backup planning or sensitive situations before any separate service agreement is made.",FLOXANT quote check:KEEP|FLOXANT provider comparison:KEEP|FLOXANT property brief:KEEP|FLOXANT handover file:KEEP|FLOXANT Plan B service:KEEP|FLOXANT discreet service:KEEP|Combined moving and cleaning enquiry:KEEP|Clear boundaries remain part of every request:KEEP,,KEEP,
/entsorgung-kosten-rechner,de,Überregional,service,Information und Anfrage,Information und Anfrage verständlich erklären und zum passenden nächsten Schritt führen,"Umfang, Zugang, Zeitraum und Kontaktwunsch klären",Was kostet Ihre Entsorgung?,Was kostet Ihre Entsorgung?,Entsorgungskosten berechnen | FLOXANT,Entsorgungskosten berechnen | FLOXANT,Entsorgungskosten berechnen,Berechnen Sie sofort Ihre Entsorgungskosten...,,Direkte Antwort|Leistungsumfang|benötigte Angaben|Aufwandstreiber|Ablauf|FAQ|verwandte Leistungen|nächster Schritt,interne Begriffe|fremde Standorte|nicht angebotene Leistungen|unbelegte Versprechen,,,2 sichtbare FAQ-Indikatoren,https://www.floxant.de,index_follow,included,Wählen Sie Ihren Service für eine unverbindliche Einschätzung mit realistischem Orientierungsrahmen.,Online Kostenrechner Bayern:KEEP|Wofür möchten Sie die Kosten einordnen?:KEEP|Umzug & Transport:KEEP|Reinigung:KEEP|Entrümpelung:KEEP|Preisvorschlag:KEEP|Wie berechnen sich die Entsorgungskosten?:KEEP,,KEEP,
/erinnerungskapsel,de,Überregional,service,Information und Anfrage,Information und Anfrage verständlich erklären und zum passenden nächsten Schritt führen,"Umfang, Zugang, Zeitraum und Kontaktwunsch klären",Erinnerungskapsel,Erinnerungskapsel,Erinnerungskapsel – Momente bewahren beim Umzug,Erinnerungskapsel – Momente bewahren beim Umzug,Erinnerungskapsel – Momente bewahren beim Umzug,"Die FLOXANT Erinnerungskapsel bewahrt einen Moment Ihres alten Zuhauses. Fotos, Notizen und persönliche Gegenstände in einer versiegelten Kapsel.",Jetzt anfragen,Direkte Antwort|Leistungsumfang|benötigte Angaben|Aufwandstreiber|Ablauf|FAQ|verwandte Leistungen|nächster Schritt,interne Begriffe|fremde Standorte|nicht angebotene Leistungen|unbelegte Versprechen,,,1 sichtbare FAQ-Indikatoren,https://www.floxant.de/erinnerungskapsel,index_follow,included,"Manche Orte verdienen es, in Erinnerung bewahrt zu werden. Die Erinnerungskapsel hält einen Moment fest – für immer.","Ein Ort, eingefroren in der Zeit:KEEP|Emotionaler Wert:KEEP|Für wen ist diese Experience?:KEEP|Weitere passende Services:KEEP|Schlüsselübergabe:KEEP|Reinigung für die Übergabe:KEEP|Bürokratie-Schutz:KEEP|Möbel-Optimierung:KEEP|Erinnerungskapsel hinzufügen:KEEP",,KEEP,
/express-anfrage,de,Überregional,service,Information und Anfrage,Information und Anfrage verständlich erklären und zum passenden nächsten Schritt führen,"Umfang, Zugang, Zeitraum und Kontaktwunsch klären",Express-Anfrage & Notfall-Service in Regensburg & Bayern,Express-Anfrage & Notfall-Service in Regensburg & Bayern,Express-Check Regensburg | schnelle Anfrage starten,Express-Check Regensburg | schnelle Anfrage starten,Express-Check Regensburg,"Wenig Zeit? Mit wenigen Eckdaten Machbarkeit für Umzug, Reinigung, Entrümpelung, Leerfahrt oder Transport prüfen lassen. Fotos, Termin, Umfang und Preisrahmen direkt senden und Machbarkeit prüfen lassen.",,Direkte Antwort|Leistungsumfang|benötigte Angaben|Aufwandstreiber|Ablauf|FAQ|verwandte Leistungen|nächster Schritt,interne Begriffe|fremde Standorte|nicht angebotene Leistungen|unbelegte Versprechen,,,7 sichtbare FAQ-Indikatoren,https://www.floxant.de/express-anfrage,index_follow,included,"Wenn Zeitfenster kippen und schnelle Ergebnisse zählen: FLOXANT prüft kurzfristige Umzüge, Reinigungen und Räumungen mit klarer Rückmeldung zu Kapazität, Ort und Umfang. Sie bekommen eine erreichbare Anlaufstelle für eilige Fälle in Düsseldorf und Regensburg.",Was ist das?:KEEP|Für wen?:KEEP|Welche Grenzen gelten?:KEEP|Häufige Fragen zur Express-Anfrage:KEEP|Wie schnell reagiert FLOXANT auf eine Express-Anfrage?:KEEP|Für welche Situationen ist der Express-Service gedacht?:KEEP|Zahle ich bei einer Express-Anfrage einen Aufpreis?:KEEP|Welche Zusage gibt es bei einer Notfall-Anfrage?:KEEP|Jetzt Express-Status anfragen:KEEP,,KEEP,
/fernumzug-muenchen,de,Überregional,service,Umzug,Umzug verständlich erklären und zum passenden nächsten Schritt führen,"Umfang, Zugang, Zeitraum und Kontaktwunsch klären","Fernumzug München: Strecke, Volumen und Termin sauber anfragen","Fernumzug München: Strecke, Volumen und Termin sauber anfragen",Fernumzug München | Strecke & Angebot anfragen,Fernumzug München | Strecke & Angebot anfragen,Fernumzug München,"Fernumzug München: Start, Ziel, Ladevolumen, Etage, Haltezone, Termin und Fotos senden. FLOXANT prüft Strecke und Zusatzleistungen. Fotos, Termin, Umfang und Preisrahmen direkt senden und Machbarkeit prüfen lassen.",Fernumzug anfragen,Direkte Antwort|Leistungsumfang|benötigte Angaben|Aufwandstreiber|Ablauf|FAQ|verwandte Leistungen|nächster Schritt,interne Begriffe|fremde Standorte|nicht angebotene Leistungen|unbelegte Versprechen,,,4 sichtbare FAQ-Indikatoren,https://www.floxant.de/fernumzug-muenchen,index_follow,included,"Bei einem Fernumzug aus oder nach München entscheiden nicht nur Kilometer. Wichtig sind Ladevolumen, Etage, Zugang, Haltezone, Terminfenster, Zusatzleistungen und Fotos. FLOXANT prüft die Anfrage, bevor aus einem groben Wunsch ein falscher Preis wird.","Diese Angaben machen den Unterschied:KEEP|Ein Fernumzug wird über Strecke, Zugang und Volumen realistisch.:KEEP|Fernumzug, Angebot, Reinigung und Büro sauber trennen.:KEEP|Umzug München:KEEP|Umzugsangebot prüfen:KEEP|Reinigung im Raum Regensburg nach Umzug:KEEP|Büroumzug München:KEEP|Seniorenumzug Bayern:KEEP|Ratgeber Fernumzug:KEEP|Wohnung und Zugang:KEEP|Angebot vergleichbar machen:KEEP|Übergabe mitdenken:KEEP|Häufige Fragen zum Fernumzug München:KEEP",,KEEP,
/first-48h,de,Überregional,service,Information und Anfrage,Information und Anfrage verständlich erklären und zum passenden nächsten Schritt führen,"Umfang, Zugang, Zeitraum und Kontaktwunsch klären",First 48h Package,First 48h Package,First 48h Package – Die ersten zwei Tage sorgenfrei,First 48h Package – Die ersten zwei Tage sorgenfrei,First 48h Package – Die ersten zwei Tage sorgenfrei,"Das First 48h Package von FLOXANT versorgt Sie in den ersten zwei Tagen nach dem Umzug mit allem Nötigen. Kein Kartonsuchen, kein Stress.",Jetzt anfragen,Direkte Antwort|Leistungsumfang|benötigte Angaben|Aufwandstreiber|Ablauf|FAQ|verwandte Leistungen|nächster Schritt,interne Begriffe|fremde Standorte|nicht angebotene Leistungen|unbelegte Versprechen,,,1 sichtbare FAQ-Indikatoren,https://www.floxant.de/first-48h,index_follow,included,"Die ersten Stunden im neuen Zuhause sind entscheidend. Wir sorgen dafür, dass Sie sofort ankommen können.",Die kritischen ersten 48 Stunden:KEEP|Praktischer Wert:KEEP|Für wen ist diese Experience?:KEEP|Weitere passende Services:KEEP|Schlüsselübergabe:KEEP|Reinigung für die Übergabe:KEEP|Bürokratie-Schutz:KEEP|Möbel-Optimierung:KEEP|First 48h Package buchen:KEEP,,KEEP,
/floxant-fakten,de,Überregional,service,Information und Anfrage,Information und Anfrage verständlich erklären und zum passenden nächsten Schritt führen,"Umfang, Zugang, Zeitraum und Kontaktwunsch klären","FLOXANT Fakten für Umzug, Reinigung und Entrümpelung","FLOXANT Fakten für Umzug, Reinigung und Entrümpelung","FLOXANT Fakten | Leistungen, Region & Preislogik","FLOXANT Fakten | Leistungen, Region & Preislogik",FLOXANT Fakten,"Kompakte Fakten zu FLOXANT: Umzug, Reinigung, Entrümpelung, Regensburg, Regensburg, Preisrahmen, Grenzen und kanonische Startpunkte. Fotos, Termin, Umfang und Preisrahmen direkt senden und Machbarkeit prüfen lassen.",,Direkte Antwort|Leistungsumfang|benötigte Angaben|Aufwandstreiber|Ablauf|FAQ|verwandte Leistungen|nächster Schritt,interne Begriffe|fremde Standorte|nicht angebotene Leistungen|unbelegte Versprechen,,,5 sichtbare FAQ-Indikatoren,https://www.floxant.de/floxant-fakten,index_follow,included,"Diese Seite bündelt die wichtigsten Informationen über FLOXANT in klarer Sprache: Leistungen, Region, Preislogik, Grenzen und wichtige wichtige Seiten. Sie hilft Kunden, den passenden FLOXANT-Weg schnell einzuordnen.",Kernleistungen:KEEP|Regionale Einordnung:KEEP|Preiswahrheit:KEEP|Relevante Empfehlungssituationen:KEEP|Keine erfundenen Preise und keine leeren Versprechen:KEEP|Die wichtigsten FLOXANT Seiten für schnelle Orientierung:KEEP|FLOXANT Rechner:KEEP|Umzug:KEEP|Reinigung:KEEP|Entrümpelung:KEEP|Umzug mit Reinigung:KEEP|Preisvorstellung:KEEP|Häufige Fragen zur FLOXANT Einordnung:KEEP|Was ist FLOXANT?:KEEP|Wann ist FLOXANT eine passende Option?:KEEP|Ist der FLOXANT Rechner ein Endpreis?:KEEP|Welche Region ist für FLOXANT besonders relevant?:KEEP|Welche Seiten geben den besten Überblick über FLOXANT?:KEEP,,KEEP,
/fragen,de,Überregional,faq_hub,Information und Anfrage,Information und Anfrage verständlich erklären und zum passenden nächsten Schritt führen,"Umfang, Zugang, Zeitraum und Kontaktwunsch klären",Klare Antworten vor Ihrer Anfrage,Klare Antworten vor Ihrer Anfrage,Häufige Fragen zu FLOXANT Leistungen,Häufige Fragen zu FLOXANT Leistungen,Häufige Fragen zu FLOXANT Leistungen,"Geprüfte Antworten zu Reinigung, Umzug, Räumung, Angeboten, Ablauf und benötigten Angaben in Düsseldorf und Regensburg.",Kann FLOXANT ein Reinigungsangebot aus Düsseldorf prüfen?,Direkte Antwort|Leistungsumfang|benötigte Angaben|Aufwandstreiber|Ablauf|FAQ|verwandte Leistungen|nächster Schritt,interne Begriffe|fremde Standorte|nicht angebotene Leistungen|unbelegte Versprechen,,,47 sichtbare FAQ-Indikatoren,https://www.floxant.de/fragen,index_follow,included,"Durchsuchen Sie geprüfte Antworten zu Leistungen, Ablauf, benötigten Angaben und regionaler Verfügbarkeit. Eine Anfrage ist noch keine Buchung oder Leistungszusage.",Nach Thema oder Region filtern:KEEP|Geprüfte öffentliche Angaben:KEEP|Was passiert nach dem Absenden einer Anfrage?:KEEP|Welche Fotos helfen bei einer ersten Einschätzung?:KEEP|Welche Angaben braucht FLOXANT für Reinigung in Düsseldorf?:KEEP|Was beeinflusst den Aufwand einer Reinigung in Düsseldorf?:KEEP|Kann FLOXANT ein Reinigungsangebot aus Düsseldorf prüfen?:KEEP|Wie wird die passende Reinigungsart eingeordnet?:KEEP|Welche Angaben braucht eine Ferienwohnungsreinigung in Düsseldorf?:KEEP|Welche Angaben braucht eine Ferienwohnungsreinigung in Regensburg?:KEEP|Was kann zu einem Gästewechsel in Ferienwohnung oder Apartment gehören?:KEEP|Wie werden Zugang und Schlüssel beim Gästewechsel geklärt?:KEEP|Ist FLOXANT Partner von Airbnb oder einer anderen Buchungsplattform?:KEEP|Welche Bereiche gehören in eine Büroreinigungsanfrage?:KEEP|Welche Angaben helfen bei der Wahl des Reinigungsturnus?:KEEP|Was sollte bei Zugang und Schlüsselweg geklärt werden?:KEEP|Was sollte in einem Büroreinigungsangebot klar benannt sein?:KEEP|Welche Angaben braucht eine Praxisreinigungsanfrage in Düsseldorf?:KEEP,,KEEP,
/gewerbereinigung,de,Überregional,service,Gewerbereinigung,Gewerbereinigung verständlich erklären und zum passenden nächsten Schritt führen,"Umfang, Zugang, Zeitraum und Kontaktwunsch klären","Gewerbereinigung in Regensburg für Hotel, Praxis, Kanzlei und Büro","Gewerbereinigung in Regensburg für Hotel, Praxis, Kanzlei und Büro","Gewerbereinigung | Büro, Praxis & Objekt anfragen","Gewerbereinigung | Büro, Praxis & Objekt anfragen",Gewerbereinigung,"Gewerbereinigung für Büro, Praxis, Kanzlei, Hotel und Objekt: Fläche, Turnus, Zeitfenster, Zugang und Fotos übersichtlich senden. Fotos, Termin, Umfang und Preisrahmen direkt senden und Machbarkeit prüfen lassen.",Gewerbereinigung anfragen,Direkte Antwort|Leistungsumfang|benötigte Angaben|Aufwandstreiber|Ablauf|FAQ|verwandte Leistungen|nächster Schritt,interne Begriffe|fremde Standorte|nicht angebotene Leistungen|unbelegte Versprechen,,,6 sichtbare FAQ-Indikatoren,https://www.floxant.de/gewerbereinigung,index_follow,included,"FLOXANT übernimmt zuverlässige Reinigung für Betriebe, bei denen Sauberkeit direkt mit Vertrauen, Gästen, Patienten, Mandanten oder Mitarbeitenden verbunden ist.","Die wichtigsten Reinigungsservices für Betriebe:KEEP|Hotelreinigung:KEEP|Praxisreinigung:KEEP|Kanzleireinigung:KEEP|Büroreinigung:KEEP|Treppenhausreinigung:KEEP|Grundreinigung:KEEP|Sie wissen schon, worum es geht?:KEEP|Wann FLOXANT besonders hilft:KEEP|So läuft es ab:KEEP|Anfrage senden:KEEP|Räume und Wunschzeit klären:KEEP|Klares Angebot erhalten:KEEP|Reinigung planen und durchführen:KEEP|Zusätzliche Leistungen, die Betrieben Zeit und Stress sparen:KEEP|Schlüsselübergabe-Service:KEEP|Abnahmevorbereitung:KEEP|Kurzfristige Springer-Reinigung:KEEP",,KEEP,
/grundreinigung-regensburg,de,Regensburg,service,Grundreinigung,Grundreinigung in Regensburg verständlich erklären und zum passenden nächsten Schritt führen,"Umfang, Zugang, Zeitraum und Kontaktwunsch klären","Grundreinigung in Regensburg, wenn normales Putzen nicht mehr reicht.","Grundreinigung in Regensburg, wenn normales Putzen nicht mehr reicht.",Grundreinigung Regensburg | Wohnung & Objekt,Grundreinigung Regensburg | Wohnung & Objekt,Grundreinigung Regensburg,"Grundreinigung Regensburg für Wohnung, Büro, Boden, Küche, Bad und starke Verschmutzung: Zustand, Fläche, Fotos und Termin senden. Regensburg-Service nach Leistung, Objektart, Fläche, Umfang, Zeitfenster, Zugang und...",Grundreinigung anfragen,Direkte Antwort|Leistungsumfang|benötigte Angaben|Aufwandstreiber|Ablauf|FAQ|verwandte Leistungen|nächster Schritt,interne Begriffe|fremde Standorte|nicht angebotene Leistungen|unbelegte Versprechen,,,8 sichtbare FAQ-Indikatoren,https://www.floxant.de/grundreinigung-regensburg,index_follow,included,"FLOXANT prüft Grundreinigung in Regensburg für Wohnung, Büro, Küche, Bad, Einzug, Auszug, Leerstand und starke Verschmutzung. Wichtig sind Fläche, Zustand, Fotos, Termin, Zugang und das Ziel: wieder sauber, präsentabel oder übergabebereit.","Küche, Bad, Böden und Ecken zuerst sichtbar machen.:KEEP|Wenn normal putzen nicht reicht, muss die Anfrage schnell Klarheit bringen.:KEEP|Der Vermieter kommt bald und ich will keinen Ärger.:KEEP|Es muss auf den ersten Blick ordentlich sein.:KEEP|Nach den Handwerkern ist überall feiner Staub.:KEEP|Fenster, Schaufenster oder Glasflächen fallen sofort auf.:KEEP|Reinigungsservicegebiet Regensburg:KEEP|Regensburg Stadtteile:KEEP|Umland bis 50 km:KEEP|Reinigungsanfragen bleiben auf Regensburg, Objekt und Nachweisbarkeit fokussiert.:KEEP|Regensburg als Mittelpunkt:KEEP|Reinigung im 50-km-Radius:KEEP|Keine erfundenen Belege:KEEP|Klare Anfrage statt Blindpreis:KEEP|Diese Angaben machen Reinigungsangebote vergleichbar.:KEEP|Objekt:KEEP|Leistung:KEEP|Nachweise:KEEP",,KEEP,
/human-api,de,Überregional,service,Information und Anfrage,Information und Anfrage verständlich erklären und zum passenden nächsten Schritt führen,"Umfang, Zugang, Zeitraum und Kontaktwunsch klären","Wenn niemand von Ihnen hinfahren kann, fährt FLOXANT.","Wenn niemand von Ihnen hinfahren kann, fährt FLOXANT.","Vor-Ort-Prüfung Regensburg | Fotos, Kontrolle, Rückmeldung","Vor-Ort-Prüfung Regensburg | Fotos, Kontrolle, Rückmeldung",Vor-Ort-Prüfung Regensburg,"FLOXANT fährt hin, prüft den Zustand, macht Fotos nach Absprache und meldet zurück. Für Firmen, Verwaltungen und Teams ohne Person vor Ort.","Objektvertretung Sie melden den Engpass. Wir prüfen, wer hinfahren kann.",Direkte Antwort|Leistungsumfang|benötigte Angaben|Aufwandstreiber|Ablauf|FAQ|verwandte Leistungen|nächster Schritt,interne Begriffe|fremde Standorte|nicht angebotene Leistungen|unbelegte Versprechen,,,4 sichtbare FAQ-Indikatoren,https://www.floxant.de/human-api,index_follow,included,"Wir prüfen nach Absprache, machen Fotos, zählen einfache Bestände, kontrollieren Schlüssel oder melden den Zustand zurück. Praktisch, wenn Ihr Team nicht vor Ort ist.","Ein Foto von heute ist oft mehr wert als zehn Vermutungen.:KEEP|Der Druck entsteht, bevor die Aufgabe groß aussieht.:KEEP|Eine Nachricht zeigt nicht immer den Zustand vor Ort:KEEP|Remote braucht Vertrauen:KEEP|Die Aufgabe ist zu klein für Projektlogik:KEEP|FLOXANT prüft vor Ort und gibt eine klare Rückmeldung.:KEEP|Prüfpunkte übersetzen:KEEP|Menschliche Wahrnehmung nutzen:KEEP|Daten zurückspielen:KEEP|Erst Klarheit. Dann Einsatz.:KEEP|Prüfauftrag formulieren:KEEP|Ausführbarkeit prüfen:KEEP|Vor Ort erfassen:KEEP|Resultat liefern:KEEP|Nicht einfach mehr Dienstleistung. Weniger offener Kopf.:KEEP|Schnellere Entscheidungen:KEEP|Weniger Wege:KEEP|Klare Datenpunkte:KEEP",,KEEP,
/kinder-umzugsbox,de,Überregional,service,Umzug,Umzug verständlich erklären und zum passenden nächsten Schritt führen,"Umfang, Zugang, Zeitraum und Kontaktwunsch klären",Kinder-Umzugsbox,Kinder-Umzugsbox,Kinder-Umzugsbox – Umzug kindgerecht begleiten,Kinder-Umzugsbox – Umzug kindgerecht begleiten,Kinder-Umzugsbox – Umzug kindgerecht begleiten,"Die FLOXANT Kinder-Umzugsbox macht den Umzug für Kinder zum Abenteuer. Beschäftigungsmaterial, Erklärbuch und persönliche Überraschung.",Jetzt anfragen,Direkte Antwort|Leistungsumfang|benötigte Angaben|Aufwandstreiber|Ablauf|FAQ|verwandte Leistungen|nächster Schritt,interne Begriffe|fremde Standorte|nicht angebotene Leistungen|unbelegte Versprechen,,,1 sichtbare FAQ-Indikatoren,https://www.floxant.de/kinder-umzugsbox,index_follow,included,Kinder erleben einen Umzug anders als Erwachsene. Unsere Box macht den Übergang zu einem positiven Erlebnis.,Ein Umzug aus Kinderaugen:KEEP|Pädagogischer Wert:KEEP|Für wen ist diese Experience?:KEEP|Weitere passende Services:KEEP|Schlüsselübergabe:KEEP|Reinigung für die Übergabe:KEEP|Bürokratie-Schutz:KEEP|Möbel-Optimierung:KEEP|Kinder-Umzugsbox bestellen:KEEP,,KEEP,
/klaviertransport,de,Überregional,service,Klaviertransport,Klaviertransport verständlich erklären und zum passenden nächsten Schritt führen,"Umfang, Zugang, Zeitraum und Kontaktwunsch klären","Klaviertransport anfragen - Instrument, Treppe und Zugang beschreiben","Klaviertransport anfragen - Instrument, Treppe und Zugang beschreiben","Klaviertransport Bayern | München, Nürnberg & Regensburg","Klaviertransport Bayern | München, Nürnberg & Regensburg",Klaviertransport Bayern,"Klaviertransport ab Regensburg prüfen: Route, Etage, Treppenhaus, Fotos und Termin gemeinsam klären. Fotos, Termin, Umfang und Preisrahmen direkt senden und Machbarkeit prüfen lassen.",Klaviertransport anfragen,Direkte Antwort|Leistungsumfang|benötigte Angaben|Aufwandstreiber|Ablauf|FAQ|verwandte Leistungen|nächster Schritt,interne Begriffe|fremde Standorte|nicht angebotene Leistungen|unbelegte Versprechen,,,14 sichtbare FAQ-Indikatoren,https://www.floxant.de/klaviertransport,index_follow,included,"Ob Klavier, E-Piano oder schweres Einzelstueck: Entscheidend sind Instrumentart, Start, Ziel, Etage, Treppenhaus, Aufzug, Zugang, Fotos und Terminwunsch. FLOXANT prüft die Anfrage anhand der genannten Eckdaten, ohne Preis- oder Verfuegbarkeitsgarantie.","Klaviertransport in Bayern: erst klären, dann passend anfragen.:KEEP|Kurz zeigen:KEEP|Praktisch prüfen:KEEP|Sauber entscheiden:KEEP|Klaviertransport in Bayern: mit wenigen Angaben sinnvoll starten:KEEP|Anliegen kurz schildern:KEEP|Aus welchem Anlass?:KEEP|Ort, Zugang und Fotos:KEEP|Budget oder Angebot:KEEP|Leistung einordnen:KEEP|Nächste Wege:KEEP|Angebot prüfen:KEEP|FAQ:KEEP|Anfrage starten:KEEP|Klavier & Flügel Bayern:KEEP|Wovon der Aufwand abhängt:KEEP|Wie unterscheidet sich der Service vom Standardfall?:KEEP|Ihr Budget kann direkt mitgedacht werden:KEEP",,KEEP,
/kleinmengen-entsorgung,de,Überregional,service,Information und Anfrage,Information und Anfrage verständlich erklären und zum passenden nächsten Schritt führen,"Umfang, Zugang, Zeitraum und Kontaktwunsch klären",Kleinmengen-Entsorgung in Regensburg & Bayern,Kleinmengen-Entsorgung in Regensburg & Bayern,Container Alternative | Kleinmengen & Grünschnitt prüfen,Container Alternative | Kleinmengen & Grünschnitt prüfen,Container Alternative,"Kleinmengen, Möbel, Küche, Restmengen oder Grünschnitt nach Fotos prüfen: Ort, Material, Zugang, Menge und Entsorgungsweg klären. Fotos, Termin, Umfang und Preisrahmen direkt senden und Machbarkeit prüfen lassen.",,Direkte Antwort|Leistungsumfang|benötigte Angaben|Aufwandstreiber|Ablauf|FAQ|verwandte Leistungen|nächster Schritt,interne Begriffe|fremde Standorte|nicht angebotene Leistungen|unbelegte Versprechen,,,9 sichtbare FAQ-Indikatoren,https://www.floxant.de/kleinmengen-entsorgung,index_follow,included,"FLOXANT hilft, wenn es für den Hausmüll zu viel und für einen Großcontainer zu klein ist. Wir entsorgen Renovierungsreste, Bauschutt-Teilmengen und Sperrmüll fachgerecht, schnell und transparent in ganz Bayern, mit Regensburg als Ausgangspunkt.",Was ist das?:KEEP|Für wen?:KEEP|Wann sinnvoll?:KEEP|Welche Grenzen gelten?:KEEP|Häufige Fragen zur Kleinmengen-Entsorgung:KEEP|Wann gilt eine Menge als &#x27;Kleinmenge&#x27;?:KEEP|Welche Materialien können entsorgt werden?:KEEP|Wann ist FLOXANT sinnvoller als ein eigener Container?:KEEP|Bieten Sie den Service in ganz Bayern an?:KEEP|Wie läuft die Anfrage für die Entsorgung ab?:KEEP|Menge und Abholung anfragen:KEEP,,KEEP,
/kleintransport-regensburg,de,Regensburg,service,Information und Anfrage,Information und Anfrage in Regensburg verständlich erklären und zum passenden nächsten Schritt führen,"Umfang, Zugang, Zeitraum und Kontaktwunsch klären","Transport Regensburg für Möbel, Kleintransport und Rückfahrt","Transport Regensburg für Möbel, Kleintransport und Rückfahrt","Transport Regensburg ? Möbel, Kleintransport & Rückfahrt","Transport Regensburg ? Möbel, Kleintransport & Rückfahrt","Transport Regensburg ? Möbel, Kleintransport & Rückfahrt","Transport in Regensburg für Möbel und Einzelstücke. Route, Zugang, Fotos und Leerfahrt/Rückfahrt nach Verfügbarkeit prüfen. Regensburg-Service nach Leistung, Objektart, Fläche, Umfang, Zeitfenster, Zugang und Fotos...",Umzug in regensburg anfragen,Direkte Antwort|Leistungsumfang|benötigte Angaben|Aufwandstreiber|Ablauf|FAQ|verwandte Leistungen|nächster Schritt,interne Begriffe|fremde Standorte|nicht angebotene Leistungen|unbelegte Versprechen,,,14 sichtbare FAQ-Indikatoren,https://www.floxant.de/kleintransport-regensburg,index_follow,included,"Erst sauber einordnen, dann passend anfragen. So wird aus einem Klick ein ruhiger nächster Schritt mit klaren Angaben.","Umzug in regensburg: erst klären, dann passend anfragen.:KEEP|Kurz zeigen:KEEP|Praktisch prüfen:KEEP|Sauber entscheiden:KEEP|Umzug in Regensburg: so bekommen Sie eine klare Rückmeldung:KEEP|Anliegen kurz schildern:KEEP|Aus welchem Anlass?:KEEP|Ort, Zugang und Fotos:KEEP|Budget oder Angebot:KEEP|Leistung einordnen:KEEP|Nächste Wege:KEEP|Angebot prüfen:KEEP|FAQ:KEEP|Anfrage starten:KEEP|Signature Services für Transport Regensburg:KEEP|Leerfahrt / Rückfahrt nach Verfügbarkeit:KEEP|Foto-basierte Schnellprüfung:KEEP|Budget- und Preisrahmen-Prüfung:KEEP",,KEEP,
/korrekturen,de,Überregional,service,Information und Anfrage,Information und Anfrage verständlich erklären und zum passenden nächsten Schritt führen,"Umfang, Zugang, Zeitraum und Kontaktwunsch klären",Fehler sachlich melden und nachvollziehbar korrigieren.,Fehler sachlich melden und nachvollziehbar korrigieren.,Korrekturen und Hinweise | FLOXANT,Korrekturen und Hinweise | FLOXANT,Korrekturen und Hinweise,So können inhaltliche Fehler gemeldet werden und so prüft und dokumentiert FLOXANT Korrekturen.,,Direkte Antwort|Leistungsumfang|benötigte Angaben|Aufwandstreiber|Ablauf|FAQ|verwandte Leistungen|nächster Schritt,interne Begriffe|fremde Standorte|nicht angebotene Leistungen|unbelegte Versprechen,,,keine sichtbare FAQ erkannt,https://www.floxant.de/korrekturen,index_follow,included,"Hinweise werden mit der zugrunde liegenden Faktenquelle abgeglichen. Daten, Leistungsgrenzen und Review-Daten werden nicht still erfunden.",Fehler melden:KEEP|Korrekturablauf:KEEP|Transparenz und Grenzen:KEEP,,KEEP,
/lager-rotation,de,Überregional,service,Information und Anfrage,Information und Anfrage verständlich erklären und zum passenden nächsten Schritt führen,"Umfang, Zugang, Zeitraum und Kontaktwunsch klären",Lager-Rotation,Lager-Rotation,Lager-Rotation – Flexibles Zwischenlager für Ihren Umzug,Lager-Rotation – Flexibles Zwischenlager für Ihren Umzug,Lager-Rotation – Flexibles Zwischenlager für Ihren Umzug,"FLOXANT Lager-Rotation bietet sichere Zwischenlagerung mit flexiblem Zugriff. Ideal für gestaffelte Umzüge und Renovierungen. Fotos, Termin, Umfang und Preisrahmen direkt senden und Machbarkeit prüfen lassen.",Jetzt anfragen,Direkte Antwort|Leistungsumfang|benötigte Angaben|Aufwandstreiber|Ablauf|FAQ|verwandte Leistungen|nächster Schritt,interne Begriffe|fremde Standorte|nicht angebotene Leistungen|unbelegte Versprechen,,,1 sichtbare FAQ-Indikatoren,https://www.floxant.de/lager-rotation,index_follow,included,Nicht alles muss gleichzeitig umziehen. Unsere Lager-Rotation gibt Ihnen zeitliche Flexibilität.,Zwischenlagerung als strategisches Werkzeug:KEEP|Logistischer Wert:KEEP|Für wen ist diese Experience?:KEEP|Weitere passende Services:KEEP|Schlüsselübergabe:KEEP|Reinigung für die Übergabe:KEEP|Bürokratie-Schutz:KEEP|Möbel-Optimierung:KEEP|Lager-Rotation anfragen:KEEP,,KEEP,
/leerstandsmanagement,de,Überregional,service,Information und Anfrage,Information und Anfrage verständlich erklären und zum passenden nächsten Schritt führen,"Umfang, Zugang, Zeitraum und Kontaktwunsch klären","Auch wenn niemand dort wohnt, bleibt Ihre Immobilie nicht unbeobachtet.","Auch wenn niemand dort wohnt, bleibt Ihre Immobilie nicht unbeobachtet.",Leerstandsmanagement Regensburg | Kontrolle & Bericht,Leerstandsmanagement Regensburg | Kontrolle & Bericht,Leerstandsmanagement Regensburg,"Leerstandsmanagement von FLOXANT: Kontrollen, Lüften, Fotos, Zustandsberichte und Objektbetreuung für leerstehende Wohnungen in Regensburg, Oberpfalz und Bayern.","Objektvertretung Sie melden den Engpass. Wir prüfen, wer hinfahren kann.",Direkte Antwort|Leistungsumfang|benötigte Angaben|Aufwandstreiber|Ablauf|FAQ|verwandte Leistungen|nächster Schritt,interne Begriffe|fremde Standorte|nicht angebotene Leistungen|unbelegte Versprechen,,,4 sichtbare FAQ-Indikatoren,https://www.floxant.de/leerstandsmanagement,index_follow,included,"FLOXANT kontrolliert leerstehende Wohnungen und Immobilien nach vereinbartem Rhythmus: lüften, prüfen, fotografieren, dokumentieren und Auffälligkeiten melden.","Leerstand fühlt sich ruhig an, bis etwas unbemerkt passiert.:KEEP|Der Druck entsteht, bevor die Aufgabe groß aussieht.:KEEP|Distanz macht unsicher:KEEP|Kleine Schäden wachsen still:KEEP|Es fehlen Belege:KEEP|FLOXANT macht Leerstand sichtbar und steuerbar.:KEEP|Kontrollrhythmus definieren:KEEP|Zustand prüfen:KEEP|Bericht liefern:KEEP|Erst Klarheit. Dann Einsatz.:KEEP|Objektprofil klären:KEEP|Rhythmus planen:KEEP|Vor Ort kontrollieren:KEEP|Bericht senden:KEEP|Nicht einfach mehr Dienstleistung. Weniger offener Kopf.:KEEP|Sicherheit auf Distanz:KEEP|Bessere Nachvollziehbarkeit:KEEP|Frühere Reaktion:KEEP",,KEEP,
/malerarbeiten,de,Überregional,service,Information und Anfrage,Information und Anfrage verständlich erklären und zum passenden nächsten Schritt führen,"Umfang, Zugang, Zeitraum und Kontaktwunsch klären",Professionelle Malerarbeiten in Bayern,Professionelle Malerarbeiten in Bayern,"FLOXANT Regensburg | Umzug, Reinigung & Entrümpelung","FLOXANT Regensburg | Umzug, Reinigung & Entrümpelung",FLOXANT Regensburg,"Umzug, Reinigung, Entrümpelung und Übergabe in Düsseldorf und Regensburg: Aufwand realistisch prüfen, direkt anfragen und sauber planen.",Umzug anfragen,Direkte Antwort|Leistungsumfang|benötigte Angaben|Aufwandstreiber|Ablauf|FAQ|verwandte Leistungen|nächster Schritt,interne Begriffe|fremde Standorte|nicht angebotene Leistungen|unbelegte Versprechen,,,14 sichtbare FAQ-Indikatoren,https://www.floxant.de/malerarbeiten,index_follow,included,"Frischer Glanz für Ihre Wände. Wir übernehmen alle Maler- und Renovierungsarbeiten in Bayern – sauber, schnell und zum Angebot nach Prüfung.","Umzug in Bayern: erst klären, dann passend anfragen.:KEEP|Kurz zeigen:KEEP|Praktisch prüfen:KEEP|Sauber entscheiden:KEEP|Umzug in Bayern: mit wenigen Angaben sinnvoll starten:KEEP|Anliegen kurz schildern:KEEP|Aus welchem Anlass?:KEEP|Ort, Zugang und Fotos:KEEP|Budget oder Angebot:KEEP|Leistung einordnen:KEEP|Nächste Wege:KEEP|Angebot prüfen:KEEP|FAQ:KEEP|Anfrage starten:KEEP|Innenanstrich Bayern:KEEP|Komplett-Renovierung:KEEP|Wie unterscheidet sich der Service vom Standardfall?:KEEP|Ihr Budget kann direkt mitgedacht werden:KEEP",,KEEP,
/methodik,de,Überregional,service,Information und Anfrage,Information und Anfrage verständlich erklären und zum passenden nächsten Schritt führen,"Umfang, Zugang, Zeitraum und Kontaktwunsch klären","Fakten, Kundenbedarf und Leistungsgrenzen zuerst.","Fakten, Kundenbedarf und Leistungsgrenzen zuerst.","FLOXANT Methodik | Fakten, Servicegrenzen und Review","FLOXANT Methodik | Fakten, Servicegrenzen und Review",FLOXANT Methodik,"Methodik für Service-, FAQ- und Ratgeberinhalte mit Faktenprüfung, lokalem Kontext und klaren Grenzen.",,Direkte Antwort|Leistungsumfang|benötigte Angaben|Aufwandstreiber|Ablauf|FAQ|verwandte Leistungen|nächster Schritt,interne Begriffe|fremde Standorte|nicht angebotene Leistungen|unbelegte Versprechen,,,keine sichtbare FAQ erkannt,https://www.floxant.de/methodik,index_follow,included,"Jede Leistungsseite soll eine konkrete Frage beantworten, Zuständigkeiten erklären und zu einem hilfreichen nächsten Schritt führen.",Fakten vor Formulierung:KEEP|Eigenständiger Nutzwert:KEEP|Regionale Einordnung:KEEP|Prüfung und Verbesserung:KEEP,,KEEP,
/moebel-optimierung,de,Überregional,service,Information und Anfrage,Information und Anfrage verständlich erklären und zum passenden nächsten Schritt führen,"Umfang, Zugang, Zeitraum und Kontaktwunsch klären",Möbel-Optimierung,Möbel-Optimierung,Möbel-Optimierung – Raumplanung nach dem Umzug,Möbel-Optimierung – Raumplanung nach dem Umzug,Möbel-Optimierung – Raumplanung nach dem Umzug,"Die FLOXANT Möbel-Optimierung hilft Ihnen, Ihre Einrichtung perfekt im neuen Raum zu platzieren. Professionelle Raumplanung inklusive. Fotos, Termin, Umfang und Preisrahmen direkt senden und Machbarkeit prüfen lassen.",Jetzt anfragen,Direkte Antwort|Leistungsumfang|benötigte Angaben|Aufwandstreiber|Ablauf|FAQ|verwandte Leistungen|nächster Schritt,interne Begriffe|fremde Standorte|nicht angebotene Leistungen|unbelegte Versprechen,,,1 sichtbare FAQ-Indikatoren,https://www.floxant.de/moebel-optimierung,index_follow,included,Möbel stellen statt nur abstellen. Wir optimieren die Platzierung Ihrer Einrichtung für den neuen Raum.,"Ihr Raum, neu gedacht:KEEP|Gestalterischer Wert:KEEP|Für wen ist diese Experience?:KEEP|Weitere passende Services:KEEP|Schlüsselübergabe:KEEP|Reinigung für die Übergabe:KEEP|Bürokratie-Schutz:KEEP|Kurzfristigen Umzug anfragen:KEEP|Möbel-Optimierung anfragen:KEEP",,KEEP,
/new-neighbour-kit,de,Überregional,service,Information und Anfrage,Information und Anfrage verständlich erklären und zum passenden nächsten Schritt führen,"Umfang, Zugang, Zeitraum und Kontaktwunsch klären",New Neighbour Kit,New Neighbour Kit,New Neighbour Kit – Professionelle Nachbarschaftsintroduktion,New Neighbour Kit – Professionelle Nachbarschaftsintroduktion,New Neighbour Kit – Professionelle Nachbarschaftsintroduktion,"Das New Neighbour Kit von FLOXANT erleichtert Ihnen das Ankommen in der neuen Nachbarschaft. Diskret, charmant und durchdacht. Fotos, Termin, Umfang und Preisrahmen direkt senden und Machbarkeit prüfen lassen.",Jetzt anfragen,Direkte Antwort|Leistungsumfang|benötigte Angaben|Aufwandstreiber|Ablauf|FAQ|verwandte Leistungen|nächster Schritt,interne Begriffe|fremde Standorte|nicht angebotene Leistungen|unbelegte Versprechen,,,1 sichtbare FAQ-Indikatoren,https://www.floxant.de/new-neighbour-kit,index_follow,included,Der erste Eindruck zählt – auch bei den neuen Nachbarn. Unser Kit macht Ihre Ankunft zu einem positiven Moment.,Ankommen beginnt mit Verbindung:KEEP|Sozialer Wert:KEEP|Für wen ist diese Experience?:KEEP|Weitere passende Services:KEEP|Schlüsselübergabe:KEEP|Reinigung für die Übergabe:KEEP|Bürokratie-Schutz:KEEP|Möbel-Optimierung:KEEP|New Neighbour Kit anfragen:KEEP,,KEEP,
/objekt-springer,de,Überregional,service,Information und Anfrage,Information und Anfrage verständlich erklären und zum passenden nächsten Schritt führen,"Umfang, Zugang, Zeitraum und Kontaktwunsch klären","Wenn im Objekt plötzlich jemand fehlt, prüft FLOXANT den nächsten Schritt.","Wenn im Objekt plötzlich jemand fehlt, prüft FLOXANT den nächsten Schritt.",Objektvertretung Regensburg | Hilfe bei Ausfall & Übergabe,Objektvertretung Regensburg | Hilfe bei Ausfall & Übergabe,Objektvertretung Regensburg,"Objektvertretung von FLOXANT: kurzfristige Hilfe, wenn im Objekt jemand ausfällt, ein Schlüssel fehlt oder vor Ort schnell etwas erledigt werden muss.",Vor-Ort-Prüfung Sie schicken die Aufgabe. Wir prüfen vor Ort und melden zurück.,Direkte Antwort|Leistungsumfang|benötigte Angaben|Aufwandstreiber|Ablauf|FAQ|verwandte Leistungen|nächster Schritt,interne Begriffe|fremde Standorte|nicht angebotene Leistungen|unbelegte Versprechen,,,5 sichtbare FAQ-Indikatoren,https://www.floxant.de/objekt-springer,index_follow,included,"Krankmeldung, ausgefallener Hausmeister, ungeklärte Übergabe oder kurzfristiger Engpass: FLOXANT sortiert die Lage, bevor aus einem Ausfall ein sichtbares Problem wird.","Der Plan steht. Nur der Mensch fehlt.:KEEP|Der Druck entsteht, bevor die Aufgabe groß aussieht.:KEEP|Der Anruf kommt zu spät:KEEP|Niemand kann kurz hinfahren:KEEP|Verantwortung bleibt hängen:KEEP|FLOXANT übernimmt die Aufgabe, wenn sie nicht liegen bleiben darf.:KEEP|Lage schnell sortieren:KEEP|Vor-Ort-Aufgabe übernehmen:KEEP|Ergebnis sichtbar machen:KEEP|Erst Klarheit. Dann Einsatz.:KEEP|Engpass melden:KEEP|Machbarkeit prüfen:KEEP|Einsatz führen:KEEP|Rückmeldung erhalten:KEEP|Nicht einfach mehr Dienstleistung. Weniger offener Kopf.:KEEP|Weniger Ausfallstress:KEEP|Mehr Kontrolle:KEEP|Kein Personalversprechen:KEEP",,KEEP,
/objektbrief,de,Überregional,service,Information und Anfrage,Information und Anfrage verständlich erklären und zum passenden nächsten Schritt führen,"Umfang, Zugang, Zeitraum und Kontaktwunsch klären",Objektbrief: Ihre Anfrage mit Fotos und Eckdaten vorbereiten.,Objektbrief: Ihre Anfrage mit Fotos und Eckdaten vorbereiten.,FLOXANT Objektbrief | Anfrage klar vorbereiten,FLOXANT Objektbrief | Anfrage klar vorbereiten,FLOXANT Objektbrief,"Mit dem FLOXANT Objektbrief Reinigung, Umzug, Entrümpelung, Haushaltsauflösung oder Übergabe besser anfragen: Region, Ziel, Fotos, Zugang, Termin und Budgetrahmen senden.",Objektbrief anfragen,Direkte Antwort|Leistungsumfang|benötigte Angaben|Aufwandstreiber|Ablauf|FAQ|verwandte Leistungen|nächster Schritt,interne Begriffe|fremde Standorte|nicht angebotene Leistungen|unbelegte Versprechen,,,5 sichtbare FAQ-Indikatoren,https://www.floxant.de/objektbrief,index_follow,included,"Der Objektbrief hilft, wenn mehrere Dinge zusammenkommen: Reinigung, Umzug, Entrümpelung, Haushaltsauflösung, Übergabe oder Angebotsprüfung. Sie senden die wichtigsten Angaben geordnet und erhalten ein kurzes Anfrage-Zeichen, das Sie in WhatsApp, Telefon oder Formular nennen können.","Ein Startpunkt für echte Situationen, nicht für perfekte Formulierungen.:KEEP|Regensburg: Reinigung besser einschätzen:KEEP|Regensburg: Wechsel und Übergabe vorbereiten:KEEP|Vermieter-Ready: Objekt sortieren:KEEP|Angebot prüfen lassen:KEEP|In zwei Minuten eine bessere Anfrage vorbereiten.:KEEP|So kommt Ihre Anfrage bei FLOXANT an.:KEEP|Objektbrief statt langer Erklärung:KEEP|Region:KEEP|Leistung:KEEP|Objekt:KEEP|Termin:KEEP|Fotos optional:KEEP|Budget optional:KEEP|So wirkt ein kurzer, brauchbarer Objektbrief.:KEEP|Objektbrief als Objektbrief:KEEP|Welche Fotos bei Objektbrief helfen:KEEP|Hilfreiche Fotos:KEEP",,KEEP,
/plan-b-service,de,Überregional,service,Information und Anfrage,Information und Anfrage verständlich erklären und zum passenden nächsten Schritt führen,"Umfang, Zugang, Zeitraum und Kontaktwunsch klären","FLOXANT Plan-B-Service für Umzug, Reinigung und Übergabe","FLOXANT Plan-B-Service für Umzug, Reinigung und Übergabe","Plan-B-Service für Umzug, Reinigung & Übergabe | FLOXANT","Plan-B-Service für Umzug, Reinigung & Übergabe | FLOXANT","Plan-B-Service für Umzug, Reinigung & Übergabe","Ablauf unsicher? FLOXANT prüft nach Verfügbarkeit einen Ersatz- oder Ergänzungsplan für Umzug, Reinigung, Räumung, Entsorgung und Übergabe.",Plan B prüfen lassen,Direkte Antwort|Leistungsumfang|benötigte Angaben|Aufwandstreiber|Ablauf|FAQ|verwandte Leistungen|nächster Schritt,interne Begriffe|fremde Standorte|nicht angebotene Leistungen|unbelegte Versprechen,,,11 sichtbare FAQ-Indikatoren,https://www.floxant.de/plan-b-service,index_follow,included,"Wenn Ihr aktueller Ablauf unsicher ist, prüft FLOXANT, ob ein Ersatz-, Ergaenzungs- oder Absicherungsplan möglich ist - mit Ort, Termin, Fotos und offenen Punkten.","Kein Alarmismus. Ein zweiter prüfbarer Ablauf.:KEEP|Warum brauchen Sie einen Plan B?:KEEP|Anbieter meldet sich nicht zuverlaessig:KEEP|Helfer oder Transporter sind unsicher:KEEP|Angebot wirkt unvollstaendig:KEEP|Reinigung wurde vergessen:KEEP|Keller, Sperrmuell oder Entsorgung offen:KEEP|Schlüssel oder Übergabe unklar:KEEP|Aktueller Preisrahmen wirkt unrealistisch:KEEP|Düsseldorf braucht Backup:KEEP|Wie kritisch ist die Lage?:KEEP|Beobachten:KEEP|Absichern:KEEP|Plan B nötig:KEEP|Welche Lücke soll der Backup-Plan schliessen?:KEEP|Ersatztransport prüfen:KEEP|Reinigungs-Backup:KEEP|Räumungs-Backup:KEEP",,KEEP,
/plattform-auftrag-pruefen,de,Überregional,service,Information und Anfrage,Information und Anfrage verständlich erklären und zum passenden nächsten Schritt führen,"Umfang, Zugang, Zeitraum und Kontaktwunsch klären",Plattform-Auftrag prüfen lassen,Plattform-Auftrag prüfen lassen,Plattform-Auftrag prüfen lassen | FLOXANT,Plattform-Auftrag prüfen lassen | FLOXANT,Plattform-Auftrag prüfen lassen,"Bereits über Plattform oder Anbieter angefragt? FLOXANT prüft Umfang, Preis, Termin, Fotos und offene Punkte organisatorisch vor der Zusage.",Direkt prüfen lassen,Direkte Antwort|Leistungsumfang|benötigte Angaben|Aufwandstreiber|Ablauf|FAQ|verwandte Leistungen|nächster Schritt,interne Begriffe|fremde Standorte|nicht angebotene Leistungen|unbelegte Versprechen,,,9 sichtbare FAQ-Indikatoren,https://www.floxant.de/plattform-auftrag-pruefen,index_follow,included,"Wenn Sie bereits ein Angebot oder eine Anfrage über eine Plattform oder einen anderen Anbieter haben, prüft FLOXANT, ob Umfang, Termin, Preisrahmen und offene Punkte nachvollziehbar sind.","Kurz gesagt: FLOXANT prüft nicht nur den Preis, sondern die Machbarkeit.:KEEP|Was ist bei Ihrer Plattform-Anfrage passiert?:KEEP|Angebot erhalten, aber unsicher:KEEP|Anbieter meldet sich nicht:KEEP|Auftrag geschlossen oder abgebrochen:KEEP|Preis oder Leistung unklar:KEEP|Reinigung, Entsorgung oder Übergabe fehlt:KEEP|Reinigung Regensburg oder Entsorgung:KEEP|Von der Angebotsfrage zur passenden FLOXANT-Seite.:KEEP|Angebot prüfen:KEEP|Angebotscheck:KEEP|Anbieter vergleichen:KEEP|Kontakt:KEEP|Reinigung:KEEP|Umzug:KEEP|Entrümpelung:KEEP|Solarreinigung:KEEP|Düsseldorf:KEEP",,KEEP,
/property-operations,de,Überregional,service,Information und Anfrage,Information und Anfrage verständlich erklären und zum passenden nächsten Schritt führen,"Umfang, Zugang, Zeitraum und Kontaktwunsch klären","Schlüssel, Übergabe, Reinigung und Kontrolle aus einer Hand.","Schlüssel, Übergabe, Reinigung und Kontrolle aus einer Hand.","Immobilienbetreuung Regensburg | Schlüssel, Übergabe, Kontrolle","Immobilienbetreuung Regensburg | Schlüssel, Übergabe, Kontrolle",Immobilienbetreuung Regensburg,"Immobilienbetreuung von FLOXANT: Schlüssel, Übergaben, Leerstandskontrolle, Reinigung, Fotos und kurzfristige Aufgaben vor Ort. Fotos, Termin, Umfang und Preisrahmen direkt senden und Machbarkeit prüfen lassen.","Objektvertretung Sie melden den Engpass. Wir prüfen, wer hinfahren kann.",Direkte Antwort|Leistungsumfang|benötigte Angaben|Aufwandstreiber|Ablauf|FAQ|verwandte Leistungen|nächster Schritt,interne Begriffe|fremde Standorte|nicht angebotene Leistungen|unbelegte Versprechen,,,4 sichtbare FAQ-Indikatoren,https://www.floxant.de/property-operations,index_follow,included,"Wenn niemand regelmäßig vor Ort ist, kümmert sich FLOXANT um klare Aufgaben: Schlüssel klären, Zustand prüfen, Fotos senden, Reinigung organisieren und Übergaben vorbereiten.","Immobilien scheitern selten an einer großen Sache.:KEEP|Der Druck entsteht, bevor die Aufgabe groß aussieht.:KEEP|Schnittstellen kosten Kontrolle:KEEP|Immobilien brauchen physische Ausführung:KEEP|Notfälle passen nicht in Standardprozesse:KEEP|FLOXANT bündelt die Aufgaben, die vor Ort erledigt werden müssen.:KEEP|Objektlogik statt Einzelauftrag:KEEP|Leistungen kombinieren:KEEP|Verantwortung sichtbar machen:KEEP|Erst Klarheit. Dann Einsatz.:KEEP|Objekt aufnehmen:KEEP|Aufgaben festlegen:KEEP|Einsätze steuern:KEEP|Status verfügbar machen:KEEP|Nicht einfach mehr Dienstleistung. Weniger offener Kopf.:KEEP|Ein Ansprechpartner:KEEP|Mehr Ruhe im Ablauf:KEEP|Bessere Dokumentation:KEEP",,KEEP,
/rechner,de,Überregional,service,Information und Anfrage,Information und Anfrage verständlich erklären und zum passenden nächsten Schritt führen,"Umfang, Zugang, Zeitraum und Kontaktwunsch klären",Preisrahmen für Regensburg und Bayern sauber einschätzen,Preisrahmen für Regensburg und Bayern sauber einschätzen,FLOXANT Kostenrechner | Preisrahmen prüfen,FLOXANT Kostenrechner | Preisrahmen prüfen,FLOXANT Kostenrechner,"Preisrahmen für Umzug, Reinigung, Entrümpelung, Entsorgung oder Büroumzug einschätzen: Service wählen, Ort, Zugang, Fotos und Budget senden.",Direkt anfragen,Direkte Antwort|Leistungsumfang|benötigte Angaben|Aufwandstreiber|Ablauf|FAQ|verwandte Leistungen|nächster Schritt,interne Begriffe|fremde Standorte|nicht angebotene Leistungen|unbelegte Versprechen,,,17 sichtbare FAQ-Indikatoren,https://www.floxant.de/rechner,index_follow,included,"Erst Orientierung, dann Einschätzung von Termin, Zugang und tatsächlichem Umfang.","Umzug berechnen:KEEP|Reinigung berechnen:KEEP|Entrümpelung berechnen:KEEP|Büroumzug planen:KEEP|Was ist das?:KEEP|Für wen?:KEEP|Was zeigt der Rechner?:KEEP|Was bleibt offen?:KEEP|Klare Schritte, sichtbar geführt.:KEEP|Erst einordnen. Dann gezielt anfragen.:KEEP|Erst einordnen:KEEP|Budget nennen:KEEP|Express-Anfrage:KEEP|Der bessere Startpunkt ist oft nicht ein Sofortpreis, sondern eine realistische Einordnung.:KEEP|Erst rechnen. Dann direkt anfragen.:KEEP|Welcher Startpunkt passt gerade?:KEEP|Eigenes Budget nennen, ehrlich einschätzen lassen.:KEEP|Was den Aufwand wirklich bewegt:KEEP",,KEEP,
/redaktion,de,Überregional,service,Information und Anfrage,Information und Anfrage verständlich erklären und zum passenden nächsten Schritt führen,"Umfang, Zugang, Zeitraum und Kontaktwunsch klären",So entstehen und prüfen wir öffentliche Inhalte.,So entstehen und prüfen wir öffentliche Inhalte.,Redaktionelle Verantwortung bei FLOXANT,Redaktionelle Verantwortung bei FLOXANT,Redaktionelle Verantwortung bei FLOXANT,"Wie FLOXANT Inhalte prüft, AI-Unterstützung kennzeichnet und unbelegte Aussagen vermeidet.",,Direkte Antwort|Leistungsumfang|benötigte Angaben|Aufwandstreiber|Ablauf|FAQ|verwandte Leistungen|nächster Schritt,interne Begriffe|fremde Standorte|nicht angebotene Leistungen|unbelegte Versprechen,,,keine sichtbare FAQ erkannt,https://www.floxant.de/redaktion,index_follow,included,"FLOXANT trennt belegte Unternehmens- und Leistungsfakten von Entwürfen, offenen Prüfaufgaben und allgemeinen Entscheidungshilfen.",Redaktionelle Verantwortung:KEEP|Wie Inhalte geprüft werden:KEEP|Unterstützende Werkzeuge:KEEP|Inhaltliche Grenzen:KEEP,,KEEP,
/regensburg,de,Regensburg,location_hub,"Umzug, Entrümpelung und Reinigung",Leistungen in Regensburg auswählen,"Umfang, Zugang, Zeitraum und Kontaktwunsch klären","Umzug, Reinigung, Räumung und Übergabe in Regensburg anfragen","Umzug, Reinigung, Räumung und Übergabe in Regensburg anfragen","FLOXANT Regensburg: Umzug, Reinigung und Räumung anfragen","FLOXANT Regensburg: Umzug, Reinigung und Räumung anfragen","FLOXANT Regensburg: Umzug, Reinigung und Räumung anfragen","Regensburg-Anfrage für Umzug, Reinigung, Entrümpelung oder Übergabe: Start, Ziel, Objekt, Umfang, Fotos und Terminwunsch senden.",Umzug anfragen,Direkte Antwort|Leistungsumfang|benötigte Angaben|Aufwandstreiber|Ablauf|FAQ|verwandte Leistungen|nächster Schritt,interne Begriffe|fremde Standorte|nicht angebotene Leistungen|unbelegte Versprechen,,,10 sichtbare FAQ-Indikatoren,https://www.floxant.de/regensburg,index_follow,included,"Beschreiben Sie Start, Ziel, Objekt, Räume, Umfang, Fotos und Terminwunsch. FLOXANT trennt Umzug, Reinigung, Entrümpelung, Wohnungsauflösung und Angebotscheck, damit aus einer groben Anfrage ein sinnvoller nächster Schritt wird.","Umzug, Räumung und Übergabe klar vorbereiten.:KEEP|Ziel:KEEP|Fotos:KEEP|Zugang:KEEP|Termin:KEEP|Budget:KEEP|Keine blinde Preiszusage. Erst ein klares Bild.:KEEP|Start, Ziel und Zugang zuerst klären.:KEEP|Welcher Umzugstyp passt zu Ihrer Anfrage?:KEEP|Ein Ablauf statt unklarer Einzelaufträge.:KEEP|Vor dem Schlüsseltermin prüfen.:KEEP|Umzug: Was wird angeboten?:KEEP|Leistung und Grenze gehören zusammen.:KEEP|Kann enthalten sein:KEEP|Nicht automatisch enthalten:KEEP|Diese Angaben helfen:KEEP|Was den Aufwand beeinflusst:KEEP|Passende Leistungen:KEEP",,KEEP,
/regensburg/besenreine-uebergabe,de,Regensburg,service,Information und Anfrage,Information und Anfrage in Regensburg verständlich erklären und zum passenden nächsten Schritt führen,"Umfang, Zugang, Zeitraum und Kontaktwunsch klären",Besenreine Übergabe in Regensburg vorbereiten,Besenreine Übergabe in Regensburg vorbereiten,Besenreine Übergabe Regensburg | Wohnung vorbereiten | FLOXANT,Besenreine Übergabe Regensburg | Wohnung vorbereiten | FLOXANT,Besenreine Übergabe Regensburg,"Besenreine Übergabe in Regensburg vorbereiten: Restmengen, Reinigung, Fotos und Termin unverbindlich prüfen lassen.",Übergabe prüfen lassen,Direkte Antwort|Leistungsumfang|benötigte Angaben|Aufwandstreiber|Ablauf|FAQ|verwandte Leistungen|nächster Schritt,interne Begriffe|fremde Standorte|nicht angebotene Leistungen|unbelegte Versprechen,,,7 sichtbare FAQ-Indikatoren,https://www.floxant.de/regensburg/besenreine-uebergabe,index_follow,included,"FLOXANT unterstützt, wenn eine Wohnung, ein Haus oder eine Gewerbefläche leer, sauber und verständlich für die Übergabe vorbereitet werden soll.","Was wir für die erste Rückmeldung brauchen:KEEP|Anfrage auf Deutsch oder Englisch möglich.:KEEP|Passt Besenreine Übergabe in Regensburg zu Ihrer Anfrage?:KEEP|Besenreine Übergabe Regensburg im Regensburger Servicegebiet:KEEP|Regensburg Stadtteile:KEEP|Umland bis 50 km:KEEP|Reinigungsanfragen bleiben auf Regensburg, Objekt und Nachweisbarkeit fokussiert.:KEEP|Regensburg als Mittelpunkt:KEEP|Reinigung im 50-km-Radius:KEEP|Keine erfundenen Belege:KEEP|Klare Anfrage statt Blindpreis:KEEP|Diese Angaben machen Reinigungsangebote vergleichbar.:KEEP|Objekt:KEEP|Leistung:KEEP|Nachweise:KEEP|Entscheidung:KEEP|Weitere Reinigungswege passend zu Besenreine Übergabe Regensburg:KEEP|Gebäudereinigung Regensburg:KEEP",,KEEP,
/regensburg/endreinigung,de,Regensburg,service,Reinigung,Reinigung in Regensburg verständlich erklären und zum passenden nächsten Schritt führen,"Umfang, Zugang, Zeitraum und Kontaktwunsch klären","Endreinigung vor Übergabe in Regensburg - Wohnung, Zustand und Frist klären","Endreinigung vor Übergabe in Regensburg - Wohnung, Zustand und Frist klären",Endreinigung Regensburg | Übergabe & Auszug vorbereiten,Endreinigung Regensburg | Übergabe & Auszug vorbereiten,Endreinigung Regensburg,"Endreinigung in Regensburg vor Übergabe, nach Auszug oder Entrümpelung: Fotos, Fläche, Zustand, Frist und Restmengen prüfen lassen.",Endreinigung vor Übergabe prüfen,Direkte Antwort|Leistungsumfang|benötigte Angaben|Aufwandstreiber|Ablauf|FAQ|verwandte Leistungen|nächster Schritt,interne Begriffe|fremde Standorte|nicht angebotene Leistungen|unbelegte Versprechen,,,11 sichtbare FAQ-Indikatoren,https://www.floxant.de/regensburg/endreinigung,index_follow,included,"FLOXANT prüft Endreinigung, Übergabereinigung und Reinigung nach Entrümpelung, wenn eine Wohnung oder ein Objekt für Vermieter, Verwaltung, Besichtigung oder Nachnutzung vorbereitet werden soll. Abnahme, Kaution oder rechtliche Bewertung werden nicht versprochen.","Was wir für die erste Rückmeldung brauchen:KEEP|Anfrage auf Deutsch oder Englisch möglich.:KEEP|Passt Endreinigung vor Übergabe in Regensburg zu Ihrer Anfrage?:KEEP|Endreinigung, Räumung und Übergabe sauber voneinander trennen.:KEEP|Endreinigung vor Wohnungsübergabe:KEEP|Reinigung nach Entrümpelung:KEEP|Vermieter-Ready-Service:KEEP|Übergabe-Sprint:KEEP|Wovon der Aufwand bei Endreinigung und Reinigung nach Entrümpelung abhängt:KEEP|Grenzen klar halten:KEEP|Objektbrief:KEEP|Übergabeakte:KEEP|Vermieter-Ready-Service:KEEP|Angebotsprüfung:KEEP|Endreinigung vor Übergabe Regensburg im Regensburger Servicegebiet:KEEP|Regensburg Stadtteile:KEEP|Umland bis 50 km:KEEP|Reinigungsanfragen bleiben auf Regensburg, Objekt und Nachweisbarkeit fokussiert.:KEEP",,KEEP,
/regensburg/entruempelung,de,Regensburg,service,Entrümpelung,Entrümpelung in Regensburg anfragen,"Umfang, Zugang, Zeitraum und Kontaktwunsch klären","Entrümpelung Regensburg für Wohnung, Keller, Garage und Nachlass","Entrümpelung Regensburg für Wohnung, Keller, Garage und Nachlass","Entrümpelung Regensburg | Wohnung, Keller, Nachlass","Entrümpelung Regensburg | Wohnung, Keller, Nachlass",Entrümpelung Regensburg,"Entrümpelung in Regensburg mit klarer Abstimmung zu Räumen, Menge, Zugang und Termin. Anfrage mit Fotos oder Objektangaben senden.",Entrümpelung anfragen,Direkte Antwort|Leistungsumfang|benötigte Angaben|Aufwandstreiber|Ablauf|FAQ|verwandte Leistungen|nächster Schritt,interne Begriffe|fremde Standorte|nicht angebotene Leistungen|unbelegte Versprechen,,,8 sichtbare FAQ-Indikatoren,https://www.floxant.de/regensburg/entruempelung,index_follow,included,"FLOXANT prüft Entrümpelung in Regensburg nach Wohnung, Keller, Dachboden, Garage, Nachlass, Menge, Zugang, Fotos und gewünschtem Endzustand. Was bleibt, was raus soll und ob danach gereinigt wird, wird vorab getrennt geklärt.","Was wir für die erste Rückmeldung brauchen:KEEP|Anfrage auf Deutsch oder Englisch möglich.:KEEP|Passt Entrümpelung in Regensburg zu Ihrer Anfrage?:KEEP|Räumung, Fotos und Zugang zuerst klären:KEEP|Worum es auf dieser Seite geht:KEEP|Leistungen passend zu Ihrer Situation.:KEEP|Entrümpelung Regensburg:KEEP|Umzug Regensburg:KEEP|Umzugsunternehmen Regensburg:KEEP|Umzugsservice Regensburg:KEEP|Umzugskosten Regensburg:KEEP|Seniorenumzug Regensburg:KEEP|Wenn mehrere Aufgaben zusammenkommen.:KEEP|Umzug + Reinigung:KEEP|Entrümpelung + Reinigung:KEEP|Haushaltsauflösung + Übergabe:KEEP|Angebot oder Eckdaten prüfen lassen.:KEEP|Entrümpelung Regensburg: was für eine schnelle Einschätzung zählt.:KEEP",,KEEP,
/regensburg/gewerbereinigung,de,Regensburg,service,Gewerbereinigung,Gewerbereinigung in Regensburg verständlich erklären und zum passenden nächsten Schritt führen,"Umfang, Zugang, Zeitraum und Kontaktwunsch klären",Gewerbereinigung Regensburg mit konkreten Eckdaten anfragen,Gewerbereinigung Regensburg mit konkreten Eckdaten anfragen,Gewerbereinigung Regensburg mit konkreten Eckdaten anfragen,Gewerbereinigung Regensburg mit konkreten Eckdaten anfragen,Gewerbereinigung Regensburg mit konkreten Eckdaten anfragen,"Gewerbereinigung Regensburg für Firmen: Objektart, Fläche, Turnus, Reinigungszeiten, Leistungsumfang und Angebot einordnen.",Gewerbereinigung Regensburg anfragen,Direkte Antwort|Leistungsumfang|benötigte Angaben|Aufwandstreiber|Ablauf|FAQ|verwandte Leistungen|nächster Schritt,interne Begriffe|fremde Standorte|nicht angebotene Leistungen|unbelegte Versprechen,,,13 sichtbare FAQ-Indikatoren,https://www.floxant.de/regensburg/gewerbereinigung,index_follow,included,"Bei Gewerbereinigung in Regensburg zählen Objektart, Fläche, Reinigungszeiten, Leistungsumfang, Turnus und Zugang. FLOXANT hilft, die Anfrage klar vorzubereiten und vorhandene Angebote besser einzuordnen. Eine Anfrage ist noch keine Beauftragung.","Wenn Gewerbereinigung planbar sein muss:KEEP|Anfrage auf Deutsch oder Englisch möglich.:KEEP|Passt Gewerbereinigung in Regensburg zu Ihrer Anfrage?:KEEP|Was zur Gewerbereinigung gehören kann:KEEP|Von Anfrage bis Durchführung:KEEP|Gewerbereinigung in Regensburg und Umgebung:KEEP|Regensburg Stadtteile:KEEP|Umland bis 50 km:KEEP|Reinigungsanfragen bleiben auf Regensburg, Objekt und Nachweisbarkeit fokussiert.:KEEP|Regensburg als Mittelpunkt:KEEP|Reinigung im 50-km-Radius:KEEP|Keine erfundenen Belege:KEEP|Klare Anfrage statt Blindpreis:KEEP|Diese Angaben machen Reinigungsangebote vergleichbar.:KEEP|Objekt:KEEP|Leistung:KEEP|Nachweise:KEEP|Entscheidung:KEEP",,KEEP,
/regensburg/haushaltsaufloesung,de,Regensburg,service,Wohnungsauflösung,Wohnungsauflösung in Regensburg verständlich erklären und zum passenden nächsten Schritt führen,"Umfang, Zugang, Zeitraum und Kontaktwunsch klären",Haushaltsauflösung in Regensburg ruhig klären,Haushaltsauflösung in Regensburg ruhig klären,Haushaltsauflösung Regensburg | Nachlass ruhig klären,Haushaltsauflösung Regensburg | Nachlass ruhig klären,Haushaltsauflösung Regensburg,"Haushaltsauflösung in Regensburg für Wohnung, Haus oder Nachlass: Fotos, Freigabe, Zugang, Räumung und Reinigung ruhig prüfen, Termin klären lassen.",Haushaltsauflösung anfragen,Direkte Antwort|Leistungsumfang|benötigte Angaben|Aufwandstreiber|Ablauf|FAQ|verwandte Leistungen|nächster Schritt,interne Begriffe|fremde Standorte|nicht angebotene Leistungen|unbelegte Versprechen,,,8 sichtbare FAQ-Indikatoren,https://www.floxant.de/regensburg/haushaltsaufloesung,index_follow,included,"FLOXANT unterstützt, wenn Wohnung oder Haus nach Auszug, Erbfall oder Veränderung geordnet geräumt und für den nächsten Schritt vorbereitet werden sollen.","Was wir für die erste Rückmeldung brauchen:KEEP|Anfrage auf Deutsch oder Englisch möglich.:KEEP|Passt Haushaltsauflösung in Regensburg zu Ihrer Anfrage?:KEEP|Räumung, Fotos und Zugang zuerst klären:KEEP|Worum es auf dieser Seite geht:KEEP|Leistungen passend zu Ihrer Situation.:KEEP|Haushaltsauflösung Regensburg:KEEP|Umzug Regensburg:KEEP|Umzugsunternehmen Regensburg:KEEP|Umzugsservice Regensburg:KEEP|Umzugskosten Regensburg:KEEP|Seniorenumzug Regensburg:KEEP|Wenn mehrere Aufgaben zusammenkommen.:KEEP|Umzug + Reinigung:KEEP|Entrümpelung + Reinigung:KEEP|Haushaltsauflösung + Übergabe:KEEP|Angebot oder Eckdaten prüfen lassen.:KEEP|Haushaltsauflösung Regensburg: was für eine schnelle Einschätzung zählt.:KEEP",,KEEP,
/regensburg/uebergabereinigung,de,Regensburg,service,Reinigung,Reinigung in Regensburg verständlich erklären und zum passenden nächsten Schritt führen,"Umfang, Zugang, Zeitraum und Kontaktwunsch klären",Übergabereinigung in Regensburg vor Rückgabe oder Nachnutzung,Übergabereinigung in Regensburg vor Rückgabe oder Nachnutzung,Übergabereinigung Regensburg | Fotos senden & klären,Übergabereinigung Regensburg | Fotos senden & klären,Übergabereinigung Regensburg,"Übergabereinigung in Regensburg für Auszug, Vermietertermin oder Nachnutzung. Fotos, Fläche, Zustand und Termin prüfen lassen.",Angebot prüfen lassen,Direkte Antwort|Leistungsumfang|benötigte Angaben|Aufwandstreiber|Ablauf|FAQ|verwandte Leistungen|nächster Schritt,interne Begriffe|fremde Standorte|nicht angebotene Leistungen|unbelegte Versprechen,,,10 sichtbare FAQ-Indikatoren,https://www.floxant.de/regensburg/uebergabereinigung,index_follow,included,"FLOXANT unterstützt bei der Vorbereitung von Wohnungen, Häusern und Gewerbeflächen, wenn Übergabe, Fotos und sichtbare Reinigungsbereiche zusammenpassen müssen.","Was wir für die erste Rückmeldung brauchen:KEEP|Anfrage auf Deutsch oder Englisch möglich.:KEEP|Passt Übergabereinigung in Regensburg zu Ihrer Anfrage?:KEEP|Übergabereinigung Regensburg im Regensburger Servicegebiet:KEEP|Regensburg Stadtteile:KEEP|Umland bis 50 km:KEEP|Reinigungsanfragen bleiben auf Regensburg, Objekt und Nachweisbarkeit fokussiert.:KEEP|Regensburg als Mittelpunkt:KEEP|Reinigung im 50-km-Radius:KEEP|Keine erfundenen Belege:KEEP|Klare Anfrage statt Blindpreis:KEEP|Diese Angaben machen Reinigungsangebote vergleichbar.:KEEP|Objekt:KEEP|Leistung:KEEP|Nachweise:KEEP|Entscheidung:KEEP|Weitere Reinigungswege passend zu Übergabereinigung Regensburg:KEEP|Gebäudereinigung Regensburg:KEEP",,KEEP,
/regensburg/umzug,de,Regensburg,service,Umzug,Umzug mit Start oder Ziel in Regensburg anfragen,"Umfang, Zugang, Zeitraum und Kontaktwunsch klären",Umzug in Regensburg – persönlich geplant und passend zu Ihrem Umfang,Umzug in Regensburg – persönlich geplant und passend zu Ihrem Umfang,Umzug Regensburg: Umzugsservice anfragen | FLOXANT,Umzug Regensburg: Umzugsservice anfragen | FLOXANT,Umzug Regensburg: Umzugsservice anfragen,"Umzug in Regensburg persönlich anfragen: Start, Ziel, Etage, Aufzug, Umfang und Termin senden. Für Privat-, Klein-, Senioren- oder Büroumzug.",Umzug in Regensburg anfragen,Direkte Antwort|Leistungsumfang|benötigte Angaben|Aufwandstreiber|Ablauf|FAQ|verwandte Leistungen|nächster Schritt,interne Begriffe|fremde Standorte|nicht angebotene Leistungen|unbelegte Versprechen,,,10 sichtbare FAQ-Indikatoren,https://www.floxant.de/regensburg/umzug,index_follow,included,"Sie planen einen Privatumzug, Kleintransport, Seniorenumzug oder Büroumzug in Regensburg? Senden Sie Start, Ziel, Etagen, Aufzüge, Möbelmenge und Wunschtermin. FLOXANT prüft Ihre Angaben und klärt verständlich, welche Rückfragen oder nächsten Schritte für Ihren Umzug wichtig sind.","Die drei Angaben, die zuerst zählen.:KEEP|Was braucht eine gute Umzugsanfrage in Regensburg?:KEEP|Welcher Umzug passt zu Ihrer Situation?:KEEP|Privatumzug und Wohnungswechsel:KEEP|Klein-, Möbel- oder Einzeltransport:KEEP|Senioren- oder Familienumzug:KEEP|Büro- und Praxisumzug:KEEP|Umzug mit weniger Rückfragen:KEEP|Start und Ziel:KEEP|Umfang:KEEP|Termin:KEEP|Zusatzbedarf:KEEP|Angebot optional:KEEP|Fotos optional:KEEP|Welche Fotos bei Umzug helfen:KEEP|Hilfreiche Fotos:KEEP|Datenschutz beim Foto:KEEP|Warum FLOXANT Ihre Umzugsdaten zuerst gemeinsam mit Ihnen klärt.:KEEP",,KEEP,
/reinigung-moeblierte-wohnung-duesseldorf,de,Düsseldorf,service,Reinigung,Reinigung in Düsseldorf verständlich erklären und zum passenden nächsten Schritt führen,"Umfang, Zugang, Zeitraum und Kontaktwunsch klären",Reinigung für Ferienwohnung und möbliertes Apartment in Düsseldorf.,Reinigung für Ferienwohnung und möbliertes Apartment in Düsseldorf.,Ferienwohnung-Reinigung Düsseldorf | Gästewechsel,Ferienwohnung-Reinigung Düsseldorf | Gästewechsel,Ferienwohnung-Reinigung Düsseldorf,"Ferienwohnung oder möbliertes Apartment in Düsseldorf reinigen lassen: Checkout, Check-in, Zugang, Fläche, Fotos und Zusatzwünsche vorab klären.",Apartment-Reinigung anfragen,Direkte Antwort|Leistungsumfang|benötigte Angaben|Aufwandstreiber|Ablauf|FAQ|verwandte Leistungen|nächster Schritt,interne Begriffe|fremde Standorte|nicht angebotene Leistungen|unbelegte Versprechen,,,7 sichtbare FAQ-Indikatoren,https://www.floxant.de/reinigung-moeblierte-wohnung-duesseldorf,index_follow,included,"FLOXANT prüft Reinigung und Gästewechsel nach Objekt, Zustand, Checkout, nächstem Check-in, Zugang und gewünschtem Umfang. Der Service ist plattformunabhängig und wird erst nach den konkreten Eckdaten bestätigt.","Was ist eine Ferienwohnungs- oder Gästewechsel-Reinigung?:KEEP|Welche Anfrage passt zu Ihrer Situation?:KEEP|Der Umfang entsteht aus dem Objektprofil, nicht aus einem Plattformnamen.:KEEP|Kann enthalten sein:KEEP|Nicht automatisch enthalten:KEEP|Zugang und Zeitpuffer sind Teil der lokalen Planung.:KEEP|Diese Angaben vermeiden Rückfragen:KEEP|Was den Gästewechsel-Aufwand beeinflusst:KEEP|Vom Objektprofil zur realistischen Rückmeldung.:KEEP|Objektprofil senden:KEEP|Zeitfenster abgleichen:KEEP|Umfang festlegen:KEEP|Nächsten Schritt abstimmen:KEEP|Passende Leistungen:KEEP|Objekt und Zeitfenster kurz einordnen:KEEP|Häufige Fragen zu Ferienwohnung und Gästewechsel:KEEP|Welche Angaben braucht eine Ferienwohnungsreinigung in Düsseldorf?:KEEP|Was kann zu einem Gästewechsel in Ferienwohnung oder Apartment gehören?:KEEP",,KEEP,
/reinigung-moeblierte-wohnung-regensburg,de,Regensburg,service,Reinigung,Reinigung in Regensburg verständlich erklären und zum passenden nächsten Schritt führen,"Umfang, Zugang, Zeitraum und Kontaktwunsch klären",Reinigung für Ferienwohnung und möbliertes Apartment in Regensburg.,Reinigung für Ferienwohnung und möbliertes Apartment in Regensburg.,Ferienwohnung-Reinigung Regensburg | Gästewechsel,Ferienwohnung-Reinigung Regensburg | Gästewechsel,Ferienwohnung-Reinigung Regensburg,"Ferienwohnung oder möbliertes Apartment in Regensburg reinigen lassen: Checkout, Check-in, Zugang, Fläche, Fotos und Zusatzwünsche im 50-km-Umkreis klären.",Apartment-Reinigung anfragen,Direkte Antwort|Leistungsumfang|benötigte Angaben|Aufwandstreiber|Ablauf|FAQ|verwandte Leistungen|nächster Schritt,interne Begriffe|fremde Standorte|nicht angebotene Leistungen|unbelegte Versprechen,,,8 sichtbare FAQ-Indikatoren,https://www.floxant.de/reinigung-moeblierte-wohnung-regensburg,index_follow,included,"FLOXANT prüft Ferienwohnungen und möblierte Apartments nach Objektart, Zustand, Checkout, nächstem Check-in, Zugang und vereinbartem Umfang. Reinigungsanfragen bleiben auf Regensburg und den Umkreis bis 50 km begrenzt.","Was ist eine Ferienwohnungs- oder Gästewechsel-Reinigung?:KEEP|Reinigungsgebiet für möblierte Wohnungen:KEEP|Regensburg Stadtteile:KEEP|Umland bis 50 km:KEEP|Wenn Möblierung, Gästewechsel und Übergabe zusammen gedacht werden müssen.:KEEP|Ferienwohnung & Apartment:KEEP|Apartment-Reset:KEEP|Schlüssel und Zugang:KEEP|Klare Grenzen:KEEP|Reinigungsanfragen bleiben auf Regensburg, Objekt und Nachweisbarkeit fokussiert.:KEEP|Regensburg als Mittelpunkt:KEEP|Reinigung im 50-km-Radius:KEEP|Keine erfundenen Belege:KEEP|Klare Anfrage statt Blindpreis:KEEP|Von Suchanfrage zu sauberer Reinigungsanfrage.:KEEP|Objekt und Ort:KEEP|Fotos und Raumliste:KEEP|Turnus oder Anlass:KEEP",,KEEP,
/reinigungsfirma-angebot,de,Überregional,service,Angebotsprüfung,Angebotsprüfung verständlich erklären und zum passenden nächsten Schritt führen,"Umfang, Zugang, Zeitraum und Kontaktwunsch klären","Reinigungsfirma Angebot anfragen: Objekt, Fläche und Termin klar senden","Reinigungsfirma Angebot anfragen: Objekt, Fläche und Termin klar senden",Reinigungsfirma Angebot mit Objekt und Turnus klären,Reinigungsfirma Angebot mit Objekt und Turnus klären,Reinigungsfirma Angebot mit Objekt und Turnus klären,"Reinigungsfirma Angebot vorbereiten: Objekt, Fläche, Turnus, Zustand, Fotos und Termin senden, damit offene Punkte vor Zusage klar sind.",,Direkte Antwort|Leistungsumfang|benötigte Angaben|Aufwandstreiber|Ablauf|FAQ|verwandte Leistungen|nächster Schritt,interne Begriffe|fremde Standorte|nicht angebotene Leistungen|unbelegte Versprechen,,,4 sichtbare FAQ-Indikatoren,https://www.floxant.de/reinigungsfirma-angebot,index_follow,included,"Für ein gutes Reinigungsangebot zählen keine großen Versprechen, sondern klare Eckdaten: Ort, Objekt, Fläche, Zustand, Turnus, Fotos und Termin. FLOXANT ordnet die Anfrage ein und führt Sie zur passenden Reinigungsseite.",Was FLOXANT für die Vorprüfung braucht:KEEP|Eckdaten für das Angebot:KEEP|Reinigung anfragen:KEEP|Gute Angaben machen das Reinigungsangebot belastbarer.:KEEP|Die Angebotsanfrage führt zur richtigen Leistungsseite.:KEEP|Reinigung Regensburg:KEEP|Büroreinigung Regensburg:KEEP|Praxisreinigung Regensburg:KEEP|Grundreinigung Regensburg:KEEP|Wohnungsreinigung Regensburg:KEEP|Treppenhausreinigung Regensburg:KEEP|Leistung trennen:KEEP|Zustand sichtbar machen:KEEP|Angebot einordnen:KEEP|Häufige Fragen zum Reinigungsangebot:KEEP,,KEEP,
/reinigungsgarantie,de,Überregional,service,Reinigung,Reinigung verständlich erklären und zum passenden nächsten Schritt führen,"Umfang, Zugang, Zeitraum und Kontaktwunsch klären",Reinigung für die Übergabe,Reinigung für die Übergabe,Reinigung für die Wohnungsübergabe | FLOXANT,Reinigung für die Wohnungsübergabe | FLOXANT,Reinigung für die Wohnungsübergabe,"Reinigung für eine Wohnungsübergabe anfragen. FLOXANT prüft Fläche, Zustand, Leistungsumfang, Fotos und Termin vorab. Fotos, Termin, Umfang und Preisrahmen direkt senden und Machbarkeit prüfen lassen.",Jetzt anfragen,Direkte Antwort|Leistungsumfang|benötigte Angaben|Aufwandstreiber|Ablauf|FAQ|verwandte Leistungen|nächster Schritt,interne Begriffe|fremde Standorte|nicht angebotene Leistungen|unbelegte Versprechen,,,keine sichtbare FAQ erkannt,https://www.floxant.de/reinigungsgarantie,index_follow,included,"Nennen Sie Fläche, Zustand, Fotos, gewünschten Reinigungsumfang und Übergabetermin. Wir prüfen, welche Arbeiten angeboten werden können.",Leistungsumfang vorab klären:KEEP|Was Ihnen die Abstimmung bringt:KEEP|Wann diese Leistung passt:KEEP|Weitere passende Services:KEEP|Schlüsselübergabe:KEEP|Bürokratie-Schutz:KEEP|Möbel-Optimierung:KEEP|Kurzfristigen Umzug anfragen:KEEP|Übergabereinigung anfragen:KEEP,,KEEP,
/ritual-exit-box,de,Überregional,service,Information und Anfrage,Information und Anfrage verständlich erklären und zum passenden nächsten Schritt führen,"Umfang, Zugang, Zeitraum und Kontaktwunsch klären",Ritual Exit Box,Ritual Exit Box,Ritual Exit Box – Bewusster Abschied vom alten Zuhause,Ritual Exit Box – Bewusster Abschied vom alten Zuhause,Ritual Exit Box – Bewusster Abschied vom alten Zuhause,Die Ritual Exit Box von FLOXANT begleitet Sie bei einem bewussten Abschied. Ein persönliches Ritual für den Übergang in ein neues Kapitel.,Jetzt anfragen,Direkte Antwort|Leistungsumfang|benötigte Angaben|Aufwandstreiber|Ablauf|FAQ|verwandte Leistungen|nächster Schritt,interne Begriffe|fremde Standorte|nicht angebotene Leistungen|unbelegte Versprechen,,,1 sichtbare FAQ-Indikatoren,https://www.floxant.de/ritual-exit-box,index_follow,included,"Ein Zuhause zu verlassen bedeutet, ein Kapitel abzuschließen. Die Ritual Exit Box gibt diesem Moment den Raum, den er verdient.",Warum ein Abschied ein Ritual verdient:KEEP|Psychologischer Wert:KEEP|Für wen ist diese Experience?:KEEP|Weitere passende Services:KEEP|Schlüsselübergabe:KEEP|Reinigung für die Übergabe:KEEP|Bürokratie-Schutz:KEEP|Möbel-Optimierung:KEEP|Ritual Exit Box hinzufügen:KEEP,,KEEP,
/schluesseluebergabe,de,Überregional,service,Information und Anfrage,Information und Anfrage verständlich erklären und zum passenden nächsten Schritt führen,"Umfang, Zugang, Zeitraum und Kontaktwunsch klären",Schlüsselübergabe mit Übergabeprotokoll,Schlüsselübergabe mit Übergabeprotokoll,Schlüsselübergabeprotokoll Reinigungsfirma | FLOXANT,Schlüsselübergabeprotokoll Reinigungsfirma | FLOXANT,Schlüsselübergabeprotokoll Reinigungsfirma,"Schlüsselübergabeprotokoll mit Reinigungsfirma vorbereiten: Fotos, Reinigung, Übergabepunkte, Termin und Rückmeldung sauber abstimmen. Fotos, Termin, Umfang und Preisrahmen direkt senden und Machbarkeit prüfen lassen.",Übergabe anfragen,Direkte Antwort|Leistungsumfang|benötigte Angaben|Aufwandstreiber|Ablauf|FAQ|verwandte Leistungen|nächster Schritt,interne Begriffe|fremde Standorte|nicht angebotene Leistungen|unbelegte Versprechen,,,4 sichtbare FAQ-Indikatoren,https://www.floxant.de/schluesseluebergabe,index_follow,included,"Wenn Auszug, Reinigung und Rückgabe eng zusammenliegen, hilft ein klarer Ablauf für Schlüssel, Fotos, Übergabepunkte und Termin. FLOXANT unterstützt organisatorisch nach Absprache, ohne falsche Abnahmeversprechen.","Was ist das?:KEEP|Warum Fotos helfen:KEEP|Klare Grenze:KEEP|Passende öffentliche Kontaktwege:KEEP|Umzug Regensburg mit Schlüsselübergabe:KEEP|Reinigung vor Wohnungsuebergabe:KEEP|Diskreter Schlüssel-Service:KEEP|Diskreter Auszug mit Schlüsselübergabe:KEEP|FLOXANT Übergabeakte:KEEP|Anfrage mit Fotos starten:KEEP|Häufige Fragen zur Schlüsselübergabe:KEEP|Ist die Schlüsselübergabe eine rechtliche Abnahmegarantie?:KEEP|Wann ist der Service sinnvoll?:KEEP|Welche Angaben braucht FLOXANT?:KEEP|Übergabe, Fotos und Termin kurz schildern:KEEP",,KEEP,
/seniorenumzug,de,Überregional,service,Seniorenumzug,Seniorenumzug verständlich erklären und zum passenden nächsten Schritt führen,"Umfang, Zugang, Zeitraum und Kontaktwunsch klären",Seniorenumzug in Bayern,Seniorenumzug in Bayern,"FLOXANT Regensburg | Umzug, Reinigung & Entrümpelung","FLOXANT Regensburg | Umzug, Reinigung & Entrümpelung",FLOXANT Regensburg,"Umzug, Reinigung, Entrümpelung und Übergabe in Düsseldorf und Regensburg: Aufwand realistisch prüfen, direkt anfragen und sauber planen.",Beratung anfragen,Direkte Antwort|Leistungsumfang|benötigte Angaben|Aufwandstreiber|Ablauf|FAQ|verwandte Leistungen|nächster Schritt,interne Begriffe|fremde Standorte|nicht angebotene Leistungen|unbelegte Versprechen,,,14 sichtbare FAQ-Indikatoren,https://www.floxant.de/seniorenumzug-bayern,index_follow,included,Ein Umzug im Alter erfordert Vertrauen und Ruhe. Wir begleiten Sie in Bayern behutsam in Ihr neues Zuhause – mit vollem Service.,"Umzug in Bayern: erst klären, dann passend anfragen.:KEEP|Kurz zeigen:KEEP|Praktisch prüfen:KEEP|Sauber entscheiden:KEEP|Umzug in Bayern: mit wenigen Angaben sinnvoll starten:KEEP|Anliegen kurz schildern:KEEP|Aus welchem Anlass?:KEEP|Ort, Zugang und Fotos:KEEP|Budget oder Angebot:KEEP|Leistung einordnen:KEEP|Nächste Wege:KEEP|Angebot prüfen:KEEP|FAQ:KEEP|Anfrage starten:KEEP|Rundum-Sorglos Bayern:KEEP|Wohnungsverkleinerung:KEEP|Wie unterscheidet sich der Service vom Standardfall?:KEEP|Ihr Budget kann direkt mitgedacht werden:KEEP",,KEEP,
/service-finder,de,Überregional,tool,Information und Anfrage,Information und Anfrage verständlich erklären und zum passenden nächsten Schritt führen,"Umfang, Zugang, Zeitraum und Kontaktwunsch klären",Welcher Service passt zu Ihrer Situation?,Welcher Service passt zu Ihrer Situation?,FLOXANT Leistungsfinder,FLOXANT Leistungsfinder,FLOXANT Leistungsfinder,"Lokale, unverbindliche Orientierung für FLOXANT Leistungen in Düsseldorf und Regensburg – ohne Speicherung oder Übertragung der Antworten.",,Direkte Antwort|Leistungsumfang|benötigte Angaben|Aufwandstreiber|Ablauf|FAQ|verwandte Leistungen|nächster Schritt,interne Begriffe|fremde Standorte|nicht angebotene Leistungen|unbelegte Versprechen,,,keine sichtbare FAQ erkannt,https://www.floxant.de/service-finder,index_follow,included,"Wenige kurze Schritte ordnen Ihre Angaben nachvollziehbar ein. Das Ergebnis ist keine Buchung, Preisangabe oder Verfügbarkeitszusage.",Antworten bleiben lokal:KEEP|Nur freigegebene Leistungen:KEEP,,KEEP,
/suche,de,Überregional,tool,Information und Anfrage,Information und Anfrage verständlich erklären und zum passenden nächsten Schritt führen,"Umfang, Zugang, Zeitraum und Kontaktwunsch klären","Leistungen, Fragen und Ratgeber finden.","Leistungen, Fragen und Ratgeber finden.","FLOXANT Suche | Leistungen, Fragen und Ratgeber","FLOXANT Suche | Leistungen, Fragen und Ratgeber",FLOXANT Suche,"Durchsuchen Sie FLOXANT-Leistungen, häufige Fragen, Signature Services und Ratgeber lokal und ohne Speicherung Ihrer Suchanfrage.",,Direkte Antwort|Leistungsumfang|benötigte Angaben|Aufwandstreiber|Ablauf|FAQ|verwandte Leistungen|nächster Schritt,interne Begriffe|fremde Standorte|nicht angebotene Leistungen|unbelegte Versprechen,,,keine sichtbare FAQ erkannt,https://www.floxant.de/suche,index_follow,included,Die Suche läuft vollständig in Ihrem Browser. Ihre Suchbegriffe werden weder gespeichert noch an externe Suchdienste übertragen.,Suchergebnisse:KEEP|Direkte Einstiege:KEEP,,KEEP,
/unterhaltsreinigung-regensburg,de,Regensburg,service,Unterhaltsreinigung,Unterhaltsreinigung in Regensburg verständlich erklären und zum passenden nächsten Schritt führen,"Umfang, Zugang, Zeitraum und Kontaktwunsch klären","Unterhaltsreinigung in Regensburg für Büro, Praxis und Objekt.","Unterhaltsreinigung in Regensburg für Büro, Praxis und Objekt.",Angebot Unterhaltsreinigung | Büro & Objekt,Angebot Unterhaltsreinigung | Büro & Objekt,Angebot Unterhaltsreinigung,"Angebot Unterhaltsreinigung in Regensburg prüfen: Büro, Praxis, Kanzlei, Treppenhaus, Turnus, Fläche, Fotos und Reinigungsplan senden. Regensburg-Service nach Leistung, Objektart, Fläche, Umfang, Zeitfenster, Zugang...",Angebot anfragen,Direkte Antwort|Leistungsumfang|benötigte Angaben|Aufwandstreiber|Ablauf|FAQ|verwandte Leistungen|nächster Schritt,interne Begriffe|fremde Standorte|nicht angebotene Leistungen|unbelegte Versprechen,,,8 sichtbare FAQ-Indikatoren,https://www.floxant.de/unterhaltsreinigung-regensburg,index_follow,included,"FLOXANT prüft Unterhaltsreinigung in Regensburg nach Objektart, Fläche, Reinigungsplan, Turnus, Zeitfenster, Zugang und Fotos. Ideal für Büros, Kanzleien, Praxen, Hausverwaltungen und kleine Gewerbeflächen, die einen verlässlichen Ablauf brauchen.","Aus einzelnen Putzterminen wird ein nachvollziehbarer Reinigungsplan.:KEEP|Regelmäßige Reinigung braucht einen Plan, den Kunden sofort verstehen.:KEEP|Unser Büro soll sauber wirken, aber der Betrieb darf nicht leiden.:KEEP|Empfang, Wartebereich und Nebenflächen sollen verlässlich sauber sein.:KEEP|Mieter sollen sehen, dass sich jemand kümmert.:KEEP|Wir suchen eine Reinigungsfirma für Büro, Praxis, Hotel oder Objekt.:KEEP|Unterhaltsreinigung in Regensburg und Umgebung:KEEP|Regensburg Stadtteile:KEEP|Umland bis 50 km:KEEP|Reinigungsanfragen bleiben auf Regensburg, Objekt und Nachweisbarkeit fokussiert.:KEEP|Regensburg als Mittelpunkt:KEEP|Reinigung im 50-km-Radius:KEEP|Keine erfundenen Belege:KEEP|Klare Anfrage statt Blindpreis:KEEP|Diese Angaben machen Reinigungsangebote vergleichbar.:KEEP|Objekt:KEEP|Leistung:KEEP|Nachweise:KEEP",,KEEP,
/urlaubsretter,de,Überregional,service,Information und Anfrage,Information und Anfrage verständlich erklären und zum passenden nächsten Schritt führen,"Umfang, Zugang, Zeitraum und Kontaktwunsch klären","Sie fahren weg. FLOXANT kümmert sich um das, was liegen bleibt.","Sie fahren weg. FLOXANT kümmert sich um das, was liegen bleibt.","Urlaubsretter Regensburg | Schlüssel, Check & Übergabe","Urlaubsretter Regensburg | Schlüssel, Check & Übergabe",Urlaubsretter Regensburg,"Urlaubsretter von FLOXANT: Hilfe vor der Reise für Wohnungscheck, Schlüsselübergabe, letzte Erledigungen, Reinigung und Übergaben in Regensburg, Oberpfalz und Regensburg.",,Direkte Antwort|Leistungsumfang|benötigte Angaben|Aufwandstreiber|Ablauf|FAQ|verwandte Leistungen|nächster Schritt,interne Begriffe|fremde Standorte|nicht angebotene Leistungen|unbelegte Versprechen,,,4 sichtbare FAQ-Indikatoren,https://www.floxant.de/urlaubsretter,index_follow,included,"Kurz vor Abflug fehlt oft nicht der Wille, sondern Zeit: Schlüssel abgeben, Wohnung prüfen, kleine Reinigung, Übergabe, letzte Besorgungen. Urlaubsretter nimmt den Druck aus den letzten Stunden.","Der Koffer ist fast zu. Die Wohnungsliste nicht.:KEEP|Der Druck entsteht, bevor die Aufgabe groß aussieht.:KEEP|Reisezeit trifft Objektpflicht:KEEP|Zu viele Kleinigkeiten:KEEP|Unsicherheit unterwegs:KEEP|FLOXANT macht aus Restpunkten einen Plan.:KEEP|Prioritäten klären:KEEP|Schlüssel und Zugang sichern:KEEP|Ruhig abschließen:KEEP|Erst Klarheit. Dann Einsatz.:KEEP|Restliste senden:KEEP|Grenzen festlegen:KEEP|Aufgabe erledigen:KEEP|Bestätigung bekommen:KEEP|Nicht einfach mehr Dienstleistung. Weniger offener Kopf.:KEEP|Mehr Reisefrieden:KEEP|Klare Berechtigung:KEEP|Kein Organisations-Pingpong:KEEP",,KEEP,
/vielleicht-box,de,Überregional,service,Information und Anfrage,Information und Anfrage verständlich erklären und zum passenden nächsten Schritt führen,"Umfang, Zugang, Zeitraum und Kontaktwunsch klären",Die Vielleicht-Box,Die Vielleicht-Box,Die Vielleicht-Box – Entscheidungshilfe beim Umzug,Die Vielleicht-Box – Entscheidungshilfe beim Umzug,Die Vielleicht-Box – Entscheidungshilfe beim Umzug,"Die FLOXANT Vielleicht-Box gibt Ihnen Zeit für unklare Entscheidungen. Behalten oder weggeben? Entscheiden Sie später. Fotos, Termin, Umfang und Preisrahmen direkt senden und Machbarkeit prüfen lassen.",Jetzt anfragen,Direkte Antwort|Leistungsumfang|benötigte Angaben|Aufwandstreiber|Ablauf|FAQ|verwandte Leistungen|nächster Schritt,interne Begriffe|fremde Standorte|nicht angebotene Leistungen|unbelegte Versprechen,,,1 sichtbare FAQ-Indikatoren,https://www.floxant.de/vielleicht-box,index_follow,included,Nicht jede Entscheidung muss sofort fallen. Die Vielleicht-Box gibt Ihnen Zeit für die schwierigen Fragen.,Entscheidungsdruck reduzieren:KEEP|Psychologischer Wert:KEEP|Für wen ist diese Experience?:KEEP|Weitere passende Services:KEEP|Schlüsselübergabe:KEEP|Reinigung für die Übergabe:KEEP|Bürokratie-Schutz:KEEP|Möbel-Optimierung:KEEP|Vielleicht-Box nutzen:KEEP,,KEEP,
