URL,Sprache,Region,Seitentyp,Service,Suchintention,Status,Indexierung,Canonical,Hreflang,Klicks,Impressionen,CTR,Position,Leads,Entscheidung
https://www.floxant.de,de,überregional,Service-/Informationsseite,übergreifend,navigational/informational,200,index,https://www.floxant.de,de-DE:https://www.floxant.de | en:https://www.floxant.de/en | x-default:https://www.floxant.de,8,818,0.98%,7.53,nicht verfügbar,unverändert behalten
https://www.floxant.de/umzug,de,überregional,Service-/Informationsseite,Umzug/Transport,commercial/transactional,200,index,https://www.floxant.de/umzug,de-DE:https://www.floxant.de/umzug | x-default:https://www.floxant.de/umzug,0,3,0%,49,nicht verfügbar,unverändert behalten
https://www.floxant.de/bueroumzug,de,überregional,Service-/Informationsseite,Umzug/Transport,commercial/transactional,200,index,https://www.floxant.de/bueroumzug,de-DE:https://www.floxant.de/bueroumzug | x-default:https://www.floxant.de/bueroumzug,0,0,0%,nicht verfügbar,nicht verfügbar,unverändert behalten
https://www.floxant.de/firmenentsorgung,de,überregional,Service-/Informationsseite,übergreifend,navigational/informational,200,index,https://www.floxant.de/firmenentsorgung,de-DE:https://www.floxant.de/firmenentsorgung | x-default:https://www.floxant.de/firmenentsorgung,0,0,0%,nicht verfügbar,nicht verfügbar,unverändert behalten
https://www.floxant.de/diskret-service,de,überregional,Service-/Informationsseite,übergreifend,navigational/informational,200,index,https://www.floxant.de/diskret-service,de-DE:https://www.floxant.de/diskret-service | x-default:https://www.floxant.de/diskret-service,0,61,0%,7.51,nicht verfügbar,unverändert behalten
https://www.floxant.de/private-client-service,de,überregional,Service-/Informationsseite,übergreifend,navigational/informational,200,index,https://www.floxant.de/private-client-service,de-DE:https://www.floxant.de/private-client-service | x-default:https://www.floxant.de/private-client-service,0,3,0%,7.33,nicht verfügbar,unverändert behalten
https://www.floxant.de/reinigung,de,überregional,Service-/Informationsseite,Reinigung,commercial/transactional,200,index,https://www.floxant.de/reinigung,nicht vorhanden,0,30,0%,31.03,nicht verfügbar,unverändert behalten
https://www.floxant.de/notfallreinigung-24h,de,überregional,Service-/Informationsseite,Reinigung,commercial/transactional,200,index,https://www.floxant.de/notfallreinigung-24h,de-DE:https://www.floxant.de/notfallreinigung-24h | x-default:https://www.floxant.de/notfallreinigung-24h,0,0,0%,nicht verfügbar,nicht verfügbar,unverändert behalten
https://www.floxant.de/entruempelung,de,überregional,Service-/Informationsseite,Räumung/Auflösung,commercial/transactional,200,index,https://www.floxant.de/entruempelung,de-DE:https://www.floxant.de/entruempelung | x-default:https://www.floxant.de/entruempelung,0,19,0%,35.47,nicht verfügbar,unverändert behalten
https://www.floxant.de/kleintransporte,de,überregional,Service-/Informationsseite,Umzug/Transport,commercial/transactional,200,index,https://www.floxant.de/kleintransporte,de-DE:https://www.floxant.de/kleintransporte | x-default:https://www.floxant.de/kleintransporte,0,0,0%,nicht verfügbar,nicht verfügbar,unverändert behalten
https://www.floxant.de/pv-anlagen-reinigung,de,überregional,Service-/Informationsseite,Reinigung,commercial/transactional,200,index,https://www.floxant.de/pv-anlagen-reinigung,nicht vorhanden,0,6,0%,35.5,nicht verfügbar,stärken
https://www.floxant.de/regensburg/reinigung,de,Regensburg,Service-/Informationsseite,Reinigung,commercial/transactional,200,index,https://www.floxant.de/regensburg/reinigung,de-DE:https://www.floxant.de/regensburg/reinigung | en:https://www.floxant.de/en/regensburg/cleaning | x-default:https://www.floxant.de/regensburg/reinigung,2,556,0.36%,38.37,nicht verfügbar,stärken
https://www.floxant.de/kellerentruempelung,de,überregional,Service-/Informationsseite,Räumung/Auflösung,commercial/transactional,200,index,https://www.floxant.de/kellerentruempelung,nicht vorhanden,0,0,0%,nicht verfügbar,nicht verfügbar,unverändert behalten
https://www.floxant.de/nachlassaufloesung,de,überregional,Service-/Informationsseite,Räumung/Auflösung,commercial/transactional,200,index,https://www.floxant.de/nachlassaufloesung,nicht vorhanden,0,0,0%,nicht verfügbar,nicht verfügbar,unverändert behalten
https://www.floxant.de/lageraufloesung,de,überregional,Service-/Informationsseite,Räumung/Auflösung,commercial/transactional,200,index,https://www.floxant.de/lageraufloesung,nicht vorhanden,0,2,0%,47.5,nicht verfügbar,unverändert behalten
https://www.floxant.de/mini-umzug,de,überregional,Service-/Informationsseite,Umzug/Transport,commercial/transactional,200,index,https://www.floxant.de/mini-umzug,nicht vorhanden,0,0,0%,nicht verfügbar,nicht verfügbar,unverändert behalten
https://www.floxant.de/express-umzug,de,überregional,Service-/Informationsseite,Umzug/Transport,commercial/transactional,200,index,https://www.floxant.de/express-umzug,nicht vorhanden,0,0,0%,nicht verfügbar,nicht verfügbar,unverändert behalten
https://www.floxant.de/moebeltransport,de,überregional,Service-/Informationsseite,Umzug/Transport,commercial/transactional,200,index,https://www.floxant.de/moebeltransport,nicht vorhanden,0,0,0%,nicht verfügbar,nicht verfügbar,unverändert behalten
https://www.floxant.de/uebergabe-sprint,de,überregional,Service-/Informationsseite,übergreifend,navigational/informational,200,index,https://www.floxant.de/uebergabe-sprint,nicht vorhanden,0,0,0%,nicht verfügbar,nicht verfügbar,unverändert behalten
https://www.floxant.de/vermieter-ready-service,de,überregional,Service-/Informationsseite,übergreifend,navigational/informational,200,index,https://www.floxant.de/vermieter-ready-service,nicht vorhanden,0,0,0%,nicht verfügbar,nicht verfügbar,unverändert behalten
https://www.floxant.de/region-regensburg,de,Regensburg,Service-/Informationsseite,übergreifend,navigational/informational,200,index,https://www.floxant.de/region-regensburg,de-DE:https://www.floxant.de/region-regensburg | x-default:https://www.floxant.de/region-regensburg,0,0,0%,nicht verfügbar,nicht verfügbar,unverändert behalten
https://www.floxant.de/angebot-vergleichen-regensburg,de,Regensburg,Service-/Informationsseite,Angebotsprüfung,commercial/transactional,200,index,https://www.floxant.de/angebot-vergleichen-regensburg,de-DE:https://www.floxant.de/angebot-vergleichen-regensburg | x-default:https://www.floxant.de/angebot-vergleichen-regensburg,0,2,0%,48.5,nicht verfügbar,unverändert behalten
https://www.floxant.de/regensburg/umzug-kosten,de,Regensburg,Service-/Informationsseite,Umzug/Transport,commercial/transactional,200,index,https://www.floxant.de/regensburg/umzug-kosten,de-DE:https://www.floxant.de/regensburg/umzug-kosten | en:https://www.floxant.de/en/regensburg/moving-costs | x-default:https://www.floxant.de/regensburg/umzug-kosten,0,0,0%,nicht verfügbar,nicht verfügbar,unverändert behalten
https://www.floxant.de/regensburg/seniorenumzug,de,Regensburg,Service-/Informationsseite,Umzug/Transport,commercial/transactional,200,index,https://www.floxant.de/regensburg/seniorenumzug,de-DE:https://www.floxant.de/regensburg/seniorenumzug | en:https://www.floxant.de/en/regensburg/senior-moving | x-default:https://www.floxant.de/regensburg/seniorenumzug,0,1,0%,6,nicht verfügbar,unverändert behalten
https://www.floxant.de/regensburg/reinigung-nach-umzug,de,Regensburg,Service-/Informationsseite,Reinigung,commercial/transactional,200,index,https://www.floxant.de/regensburg/reinigung-nach-umzug,de-DE:https://www.floxant.de/regensburg/reinigung-nach-umzug | en:https://www.floxant.de/en/regensburg/cleaning-after-moving | x-default:https://www.floxant.de/regensburg/reinigung-nach-umzug,0,2,0%,2.5,nicht verfügbar,stärken
https://www.floxant.de/regensburg/angebot-vergleichen,de,Regensburg,Service-/Informationsseite,Angebotsprüfung,commercial/transactional,200,index,https://www.floxant.de/regensburg/angebot-vergleichen,de-DE:https://www.floxant.de/regensburg/angebot-vergleichen | en:https://www.floxant.de/en/regensburg/cleaning-quote-review | x-default:https://www.floxant.de/regensburg/angebot-vergleichen,0,2,0%,15.5,nicht verfügbar,unverändert behalten
https://www.floxant.de/en/regensburg/cleaning,en,Regensburg,Service-/Informationsseite,Reinigung,commercial/transactional,200,index,https://www.floxant.de/en/regensburg/cleaning,de-DE:https://www.floxant.de/regensburg/reinigung | en:https://www.floxant.de/en/regensburg/cleaning | x-default:https://www.floxant.de/regensburg/reinigung,0,0,0%,nicht verfügbar,nicht verfügbar,unverändert behalten
https://www.floxant.de/en/regensburg/office-cleaning,en,Regensburg,Service-/Informationsseite,Reinigung,commercial/transactional,200,index,https://www.floxant.de/en/regensburg/office-cleaning,de-DE:https://www.floxant.de/regensburg/bueroreinigung | en:https://www.floxant.de/en/regensburg/office-cleaning | x-default:https://www.floxant.de/regensburg/bueroreinigung,0,0,0%,nicht verfügbar,nicht verfügbar,unverändert behalten
https://www.floxant.de/en/regensburg/apartment-cleaning,en,Regensburg,Service-/Informationsseite,Reinigung,commercial/transactional,200,index,https://www.floxant.de/en/regensburg/apartment-cleaning,en:https://www.floxant.de/en/regensburg/apartment-cleaning | x-default:https://www.floxant.de/en/regensburg/apartment-cleaning,0,8,0%,14.25,nicht verfügbar,unverändert behalten
https://www.floxant.de/en/regensburg/deep-cleaning,en,Regensburg,Service-/Informationsseite,Reinigung,commercial/transactional,200,index,https://www.floxant.de/en/regensburg/deep-cleaning,de-DE:https://www.floxant.de/grundreinigung-regensburg | en:https://www.floxant.de/en/regensburg/deep-cleaning | x-default:https://www.floxant.de/grundreinigung-regensburg,0,2,0%,3.5,nicht verfügbar,unverändert behalten
https://www.floxant.de/en/regensburg/move-out-cleaning,en,Regensburg,Service-/Informationsseite,Reinigung,commercial/transactional,200,index,https://www.floxant.de/en/regensburg/move-out-cleaning,en:https://www.floxant.de/en/regensburg/move-out-cleaning | x-default:https://www.floxant.de/en/regensburg/move-out-cleaning,0,0,0%,nicht verfügbar,nicht verfügbar,unverändert behalten
https://www.floxant.de/en/regensburg/stairwell-cleaning,en,Regensburg,Service-/Informationsseite,Reinigung,commercial/transactional,200,index,https://www.floxant.de/en/regensburg/stairwell-cleaning,de-DE:https://www.floxant.de/treppenhausreinigung-regensburg | en:https://www.floxant.de/en/regensburg/stairwell-cleaning | x-default:https://www.floxant.de/treppenhausreinigung-regensburg,0,0,0%,nicht verfügbar,nicht verfügbar,unverändert behalten
https://www.floxant.de/en/regensburg/cleaning-quote-review,en,Regensburg,Service-/Informationsseite,Reinigung,commercial/transactional,200,index,https://www.floxant.de/en/regensburg/cleaning-quote-review,de-DE:https://www.floxant.de/regensburg/angebot-vergleichen | en:https://www.floxant.de/en/regensburg/cleaning-quote-review | x-default:https://www.floxant.de/regensburg/angebot-vergleichen,0,0,0%,nicht verfügbar,nicht verfügbar,unverändert behalten
https://www.floxant.de/en/regensburg/moving,en,Regensburg,Service-/Informationsseite,Umzug/Transport,commercial/transactional,200,index,https://www.floxant.de/en/regensburg/moving,de-DE:https://www.floxant.de/regensburg/umzug | en:https://www.floxant.de/en/regensburg/moving | x-default:https://www.floxant.de/regensburg/umzug,0,1,0%,4,nicht verfügbar,unverändert behalten
https://www.floxant.de/en/regensburg/moving-costs,en,Regensburg,Service-/Informationsseite,Umzug/Transport,commercial/transactional,200,index,https://www.floxant.de/en/regensburg/moving-costs,de-DE:https://www.floxant.de/regensburg/umzug-kosten | en:https://www.floxant.de/en/regensburg/moving-costs | x-default:https://www.floxant.de/regensburg/umzug-kosten,0,3,0%,3.33,nicht verfügbar,unverändert behalten
https://www.floxant.de/en/regensburg/house-clearance,en,Regensburg,Service-/Informationsseite,Räumung/Auflösung,commercial/transactional,200,index,https://www.floxant.de/en/regensburg/house-clearance,de-DE:https://www.floxant.de/regensburg/wohnungsaufloesung | en:https://www.floxant.de/en/regensburg/house-clearance | x-default:https://www.floxant.de/regensburg/wohnungsaufloesung,0,6,0%,27.17,nicht verfügbar,unverändert behalten
https://www.floxant.de/en/regensburg/cleaning-after-moving,en,Regensburg,Service-/Informationsseite,Reinigung,commercial/transactional,200,index,https://www.floxant.de/en/regensburg/cleaning-after-moving,de-DE:https://www.floxant.de/regensburg/reinigung-nach-umzug | en:https://www.floxant.de/en/regensburg/cleaning-after-moving | x-default:https://www.floxant.de/regensburg/reinigung-nach-umzug,0,0,0%,nicht verfügbar,nicht verfügbar,unverändert behalten
https://www.floxant.de/en/regensburg/apartment-clearance,en,Regensburg,Service-/Informationsseite,Räumung/Auflösung,commercial/transactional,200,index,https://www.floxant.de/en/regensburg/apartment-clearance,de-DE:https://www.floxant.de/regensburg/entruempelung | en:https://www.floxant.de/en/regensburg/apartment-clearance | x-default:https://www.floxant.de/regensburg/entruempelung,0,0,0%,nicht verfügbar,nicht verfügbar,unverändert behalten
https://www.floxant.de/en/regensburg/transport-service,en,Regensburg,Service-/Informationsseite,Umzug/Transport,commercial/transactional,200,index,https://www.floxant.de/en/regensburg/transport-service,de-DE:https://www.floxant.de/kleintransport-regensburg | en:https://www.floxant.de/en/regensburg/transport-service | x-default:https://www.floxant.de/kleintransport-regensburg,0,1,0%,10,nicht verfügbar,unverändert behalten
https://www.floxant.de/en/regensburg/furniture-transport,en,Regensburg,Service-/Informationsseite,Umzug/Transport,commercial/transactional,200,index,https://www.floxant.de/en/regensburg/furniture-transport,en:https://www.floxant.de/en/regensburg/furniture-transport | x-default:https://www.floxant.de/en/regensburg/furniture-transport,0,0,0%,nicht verfügbar,nicht verfügbar,unverändert behalten
https://www.floxant.de/en/regensburg/moving-quote-review,en,Regensburg,Service-/Informationsseite,Umzug/Transport,commercial/transactional,200,index,https://www.floxant.de/en/regensburg/moving-quote-review,de-DE:https://www.floxant.de/angebot-vergleichen-regensburg | en:https://www.floxant.de/en/regensburg/moving-quote-review | x-default:https://www.floxant.de/angebot-vergleichen-regensburg,0,0,0%,nicht verfügbar,nicht verfügbar,unverändert behalten
https://www.floxant.de/en/regensburg/piano-transport,en,Regensburg,Service-/Informationsseite,Umzug/Transport,commercial/transactional,200,index,https://www.floxant.de/en/regensburg/piano-transport,de-DE:https://www.floxant.de/klaviertransport-regensburg | en:https://www.floxant.de/en/regensburg/piano-transport | x-default:https://www.floxant.de/klaviertransport-regensburg,0,0,0%,nicht verfügbar,nicht verfügbar,neu veröffentlicht
https://www.floxant.de/en/regensburg/moving-help,en,Regensburg,Service-/Informationsseite,Umzug/Transport,commercial/transactional,200,index,https://www.floxant.de/en/regensburg/moving-help,en:https://www.floxant.de/en/regensburg/moving-help | x-default:https://www.floxant.de/en/regensburg/moving-help,0,0,0%,nicht verfügbar,nicht verfügbar,neu veröffentlicht
https://www.floxant.de/en/regensburg/furniture-assembly,en,Regensburg,Service-/Informationsseite,übergreifend,navigational/informational,200,index,https://www.floxant.de/en/regensburg/furniture-assembly,en:https://www.floxant.de/en/regensburg/furniture-assembly | x-default:https://www.floxant.de/en/regensburg/furniture-assembly,0,0,0%,nicht verfügbar,nicht verfügbar,neu veröffentlicht
https://www.floxant.de/en/regensburg/commercial-cleaning,en,Regensburg,Service-/Informationsseite,Reinigung,commercial/transactional,200,index,https://www.floxant.de/en/regensburg/commercial-cleaning,de-DE:https://www.floxant.de/regensburg/gewerbereinigung | en:https://www.floxant.de/en/regensburg/commercial-cleaning | x-default:https://www.floxant.de/regensburg/gewerbereinigung,0,0,0%,nicht verfügbar,nicht verfügbar,neu veröffentlicht
https://www.floxant.de/en/regensburg/practice-cleaning,en,Regensburg,Service-/Informationsseite,Reinigung,commercial/transactional,200,index,https://www.floxant.de/en/regensburg/practice-cleaning,de-DE:https://www.floxant.de/praxisreinigung-regensburg | en:https://www.floxant.de/en/regensburg/practice-cleaning | x-default:https://www.floxant.de/praxisreinigung-regensburg,0,0,0%,nicht verfügbar,nicht verfügbar,neu veröffentlicht
https://www.floxant.de/en/regensburg/window-cleaning,en,Regensburg,Service-/Informationsseite,Reinigung,commercial/transactional,200,index,https://www.floxant.de/en/regensburg/window-cleaning,de-DE:https://www.floxant.de/fensterreinigung-regensburg | en:https://www.floxant.de/en/regensburg/window-cleaning | x-default:https://www.floxant.de/fensterreinigung-regensburg,0,0,0%,nicht verfügbar,nicht verfügbar,neu veröffentlicht
https://www.floxant.de/en/regensburg/post-construction-cleaning,en,Regensburg,Service-/Informationsseite,Reinigung,commercial/transactional,200,index,https://www.floxant.de/en/regensburg/post-construction-cleaning,de-DE:https://www.floxant.de/baureinigung-regensburg | en:https://www.floxant.de/en/regensburg/post-construction-cleaning | x-default:https://www.floxant.de/baureinigung-regensburg,0,0,0%,nicht verfügbar,nicht verfügbar,neu veröffentlicht
https://www.floxant.de/en/regensburg/senior-moving,en,Regensburg,Service-/Informationsseite,Umzug/Transport,commercial/transactional,200,index,https://www.floxant.de/en/regensburg/senior-moving,de-DE:https://www.floxant.de/regensburg/seniorenumzug | en:https://www.floxant.de/en/regensburg/senior-moving | x-default:https://www.floxant.de/regensburg/seniorenumzug,0,0,0%,nicht verfügbar,nicht verfügbar,neu veröffentlicht
https://www.floxant.de/en/duesseldorf/cleaning,en,Düsseldorf,Service-/Informationsseite,Reinigung,commercial/transactional,200,index,https://www.floxant.de/en/duesseldorf/cleaning,de-DE:https://www.floxant.de/duesseldorf/reinigung | en:https://www.floxant.de/en/duesseldorf/cleaning | x-default:https://www.floxant.de/duesseldorf/reinigung,0,10,0%,9.7,nicht verfügbar,unverändert behalten
https://www.floxant.de/en/duesseldorf/office-cleaning,en,Düsseldorf,Service-/Informationsseite,Reinigung,commercial/transactional,200,index,https://www.floxant.de/en/duesseldorf/office-cleaning,de-DE:https://www.floxant.de/duesseldorf/bueroreinigung | en:https://www.floxant.de/en/duesseldorf/office-cleaning | x-default:https://www.floxant.de/duesseldorf/bueroreinigung,0,4,0%,4.75,nicht verfügbar,unverändert behalten
https://www.floxant.de/en/duesseldorf/commercial-cleaning,en,Düsseldorf,Service-/Informationsseite,Reinigung,commercial/transactional,200,index,https://www.floxant.de/en/duesseldorf/commercial-cleaning,de-DE:https://www.floxant.de/duesseldorf/gewerbereinigung | en:https://www.floxant.de/en/duesseldorf/commercial-cleaning | x-default:https://www.floxant.de/duesseldorf/gewerbereinigung,0,8,0%,8.5,nicht verfügbar,unverändert behalten
https://www.floxant.de/en/duesseldorf/practice-cleaning,en,Düsseldorf,Service-/Informationsseite,Reinigung,commercial/transactional,200,index,https://www.floxant.de/en/duesseldorf/practice-cleaning,de-DE:https://www.floxant.de/duesseldorf/praxisreinigung | en:https://www.floxant.de/en/duesseldorf/practice-cleaning | x-default:https://www.floxant.de/duesseldorf/praxisreinigung,0,0,0%,nicht verfügbar,nicht verfügbar,unverändert behalten
https://www.floxant.de/en/duesseldorf/window-cleaning,en,Düsseldorf,Service-/Informationsseite,Reinigung,commercial/transactional,200,index,https://www.floxant.de/en/duesseldorf/window-cleaning,de-DE:https://www.floxant.de/duesseldorf/fensterreinigung | en:https://www.floxant.de/en/duesseldorf/window-cleaning | x-default:https://www.floxant.de/duesseldorf/fensterreinigung,0,0,0%,nicht verfügbar,nicht verfügbar,unverändert behalten
https://www.floxant.de/en/duesseldorf/cleaning-quote-review,en,Düsseldorf,Service-/Informationsseite,Reinigung,commercial/transactional,200,index,https://www.floxant.de/en/duesseldorf/cleaning-quote-review,de-DE:https://www.floxant.de/angebot-vergleichen-duesseldorf | en:https://www.floxant.de/en/duesseldorf/cleaning-quote-review | x-default:https://www.floxant.de/angebot-vergleichen-duesseldorf,0,1,0%,6,nicht verfügbar,unverändert behalten
https://www.floxant.de/en/duesseldorf/deep-cleaning,en,Düsseldorf,Service-/Informationsseite,Reinigung,commercial/transactional,200,index,https://www.floxant.de/en/duesseldorf/deep-cleaning,de-DE:https://www.floxant.de/duesseldorf/grundreinigung | en:https://www.floxant.de/en/duesseldorf/deep-cleaning | x-default:https://www.floxant.de/duesseldorf/grundreinigung,0,0,0%,nicht verfügbar,nicht verfügbar,neu veröffentlicht
https://www.floxant.de/en/duesseldorf/move-out-cleaning,en,Düsseldorf,Service-/Informationsseite,Reinigung,commercial/transactional,200,index,https://www.floxant.de/en/duesseldorf/move-out-cleaning,en:https://www.floxant.de/en/duesseldorf/move-out-cleaning | x-default:https://www.floxant.de/en/duesseldorf/move-out-cleaning,0,0,0%,nicht verfügbar,nicht verfügbar,neu veröffentlicht
https://www.floxant.de/en/duesseldorf/post-construction-cleaning,en,Düsseldorf,Service-/Informationsseite,Reinigung,commercial/transactional,200,index,https://www.floxant.de/en/duesseldorf/post-construction-cleaning,de-DE:https://www.floxant.de/duesseldorf/baureinigung | en:https://www.floxant.de/en/duesseldorf/post-construction-cleaning | x-default:https://www.floxant.de/duesseldorf/baureinigung,0,0,0%,nicht verfügbar,nicht verfügbar,neu veröffentlicht
https://www.floxant.de/en/duesseldorf/maintenance-cleaning,en,Düsseldorf,Service-/Informationsseite,Reinigung,commercial/transactional,200,index,https://www.floxant.de/en/duesseldorf/maintenance-cleaning,de-DE:https://www.floxant.de/duesseldorf/unterhaltsreinigung | en:https://www.floxant.de/en/duesseldorf/maintenance-cleaning | x-default:https://www.floxant.de/duesseldorf/unterhaltsreinigung,0,0,0%,nicht verfügbar,nicht verfügbar,neu veröffentlicht
https://www.floxant.de/en/duesseldorf/stairwell-cleaning,en,Düsseldorf,Service-/Informationsseite,Reinigung,commercial/transactional,200,index,https://www.floxant.de/en/duesseldorf/stairwell-cleaning,de-DE:https://www.floxant.de/duesseldorf/treppenhausreinigung | en:https://www.floxant.de/en/duesseldorf/stairwell-cleaning | x-default:https://www.floxant.de/duesseldorf/treppenhausreinigung,0,0,0%,nicht verfügbar,nicht verfügbar,neu veröffentlicht
https://www.floxant.de/umzug-bayern,de,überregional,Service-/Informationsseite,Umzug/Transport,commercial/transactional,200,index,https://www.floxant.de/umzug-bayern,de-DE:https://www.floxant.de/umzug-bayern | x-default:https://www.floxant.de/umzug-bayern,0,0,0%,nicht verfügbar,nicht verfügbar,unverändert behalten
https://www.floxant.de/umzug-landkreis-regensburg,de,Regensburg,Service-/Informationsseite,Umzug/Transport,commercial/transactional,200,index,https://www.floxant.de/umzug-landkreis-regensburg,de-DE:https://www.floxant.de/umzug-landkreis-regensburg | x-default:https://www.floxant.de/umzug-landkreis-regensburg,0,0,0%,nicht verfügbar,nicht verfügbar,unverändert behalten
https://www.floxant.de/bueroumzug-regensburg,de,Regensburg,Service-/Informationsseite,Umzug/Transport,commercial/transactional,200,index,https://www.floxant.de/bueroumzug-regensburg,de-DE:https://www.floxant.de/bueroumzug-regensburg | x-default:https://www.floxant.de/bueroumzug-regensburg,0,0,0%,nicht verfügbar,nicht verfügbar,unverändert behalten
https://www.floxant.de/reinigung-straubing,de,überregional,Service-/Informationsseite,Reinigung,commercial/transactional,200,index,https://www.floxant.de/reinigung-straubing,de-DE:https://www.floxant.de/reinigung-straubing | x-default:https://www.floxant.de/reinigung-straubing,0,0,0%,nicht verfügbar,nicht verfügbar,unverändert behalten
https://www.floxant.de/bueroumzug-bayern,de,überregional,Service-/Informationsseite,Umzug/Transport,commercial/transactional,200,index,https://www.floxant.de/bueroumzug-bayern,de-DE:https://www.floxant.de/bueroumzug-bayern | x-default:https://www.floxant.de/bueroumzug-bayern,0,1,0%,26,nicht verfügbar,unverändert behalten
https://www.floxant.de/entruempelung-bayern,de,überregional,Service-/Informationsseite,Räumung/Auflösung,commercial/transactional,200,index,https://www.floxant.de/entruempelung-bayern,de-DE:https://www.floxant.de/entruempelung-bayern | x-default:https://www.floxant.de/entruempelung-bayern,0,0,0%,nicht verfügbar,nicht verfügbar,unverändert behalten
https://www.floxant.de/entruempelung-kosten-regensburg,de,Regensburg,Service-/Informationsseite,Räumung/Auflösung,commercial/transactional,200,index,https://www.floxant.de/entruempelung-kosten-regensburg,de-DE:https://www.floxant.de/entruempelung-kosten-regensburg | x-default:https://www.floxant.de/entruempelung-kosten-regensburg,1,5,20%,3,nicht verfügbar,unverändert behalten
https://www.floxant.de/klaviertransport-regensburg,de,Regensburg,Service-/Informationsseite,Umzug/Transport,commercial/transactional,200,index,https://www.floxant.de/klaviertransport-regensburg,de-DE:https://www.floxant.de/klaviertransport-regensburg | en:https://www.floxant.de/en/regensburg/piano-transport | x-default:https://www.floxant.de/klaviertransport-regensburg,1,52,1.92%,7.81,nicht verfügbar,unverändert behalten
https://www.floxant.de/reinigung-abensberg,de,überregional,Service-/Informationsseite,Reinigung,commercial/transactional,200,index,https://www.floxant.de/reinigung-abensberg,de-DE:https://www.floxant.de/reinigung-abensberg | x-default:https://www.floxant.de/reinigung-abensberg,0,0,0%,nicht verfügbar,nicht verfügbar,unverändert behalten
https://www.floxant.de/reinigung-alteglofsheim,de,überregional,Service-/Informationsseite,Reinigung,commercial/transactional,200,index,https://www.floxant.de/reinigung-alteglofsheim,de-DE:https://www.floxant.de/reinigung-alteglofsheim | x-default:https://www.floxant.de/reinigung-alteglofsheim,0,13,0%,6.31,nicht verfügbar,unverändert behalten
https://www.floxant.de/reinigung-altenthann,de,überregional,Service-/Informationsseite,Reinigung,commercial/transactional,200,index,https://www.floxant.de/reinigung-altenthann,de-DE:https://www.floxant.de/reinigung-altenthann | x-default:https://www.floxant.de/reinigung-altenthann,0,0,0%,nicht verfügbar,nicht verfügbar,unverändert behalten
https://www.floxant.de/reinigung-aufhausen,de,überregional,Service-/Informationsseite,Reinigung,commercial/transactional,200,index,https://www.floxant.de/reinigung-aufhausen,de-DE:https://www.floxant.de/reinigung-aufhausen | x-default:https://www.floxant.de/reinigung-aufhausen,0,0,0%,nicht verfügbar,nicht verfügbar,unverändert behalten
https://www.floxant.de/reinigung-bad-abbach,de,überregional,Service-/Informationsseite,Reinigung,commercial/transactional,200,index,https://www.floxant.de/reinigung-bad-abbach,de-DE:https://www.floxant.de/reinigung-bad-abbach | x-default:https://www.floxant.de/reinigung-bad-abbach,0,1,0%,10,nicht verfügbar,unverändert behalten
https://www.floxant.de/reinigung-barbing,de,überregional,Service-/Informationsseite,Reinigung,commercial/transactional,200,index,https://www.floxant.de/reinigung-barbing,de-DE:https://www.floxant.de/reinigung-barbing | x-default:https://www.floxant.de/reinigung-barbing,0,0,0%,nicht verfügbar,nicht verfügbar,unverändert behalten
https://www.floxant.de/reinigung-beratzhausen,de,überregional,Service-/Informationsseite,Reinigung,commercial/transactional,200,index,https://www.floxant.de/reinigung-beratzhausen,de-DE:https://www.floxant.de/reinigung-beratzhausen | x-default:https://www.floxant.de/reinigung-beratzhausen,0,5,0%,11.8,nicht verfügbar,unverändert behalten
https://www.floxant.de/reinigung-bernhardswald,de,überregional,Service-/Informationsseite,Reinigung,commercial/transactional,200,index,https://www.floxant.de/reinigung-bernhardswald,de-DE:https://www.floxant.de/reinigung-bernhardswald | x-default:https://www.floxant.de/reinigung-bernhardswald,1,4,25%,4.25,nicht verfügbar,unverändert behalten
https://www.floxant.de/reinigung-brennberg,de,überregional,Service-/Informationsseite,Reinigung,commercial/transactional,200,index,https://www.floxant.de/reinigung-brennberg,de-DE:https://www.floxant.de/reinigung-brennberg | x-default:https://www.floxant.de/reinigung-brennberg,0,0,0%,nicht verfügbar,nicht verfügbar,unverändert behalten
https://www.floxant.de/reinigung-brunn,de,überregional,Service-/Informationsseite,Reinigung,commercial/transactional,200,index,https://www.floxant.de/reinigung-brunn,de-DE:https://www.floxant.de/reinigung-brunn | x-default:https://www.floxant.de/reinigung-brunn,0,1,0%,7,nicht verfügbar,unverändert behalten
https://www.floxant.de/reinigung-burglengenfeld,de,überregional,Service-/Informationsseite,Reinigung,commercial/transactional,200,index,https://www.floxant.de/reinigung-burglengenfeld,de-DE:https://www.floxant.de/reinigung-burglengenfeld | x-default:https://www.floxant.de/reinigung-burglengenfeld,0,0,0%,nicht verfügbar,nicht verfügbar,unverändert behalten
https://www.floxant.de/reinigung-deuerling,de,überregional,Service-/Informationsseite,Reinigung,commercial/transactional,200,index,https://www.floxant.de/reinigung-deuerling,de-DE:https://www.floxant.de/reinigung-deuerling | x-default:https://www.floxant.de/reinigung-deuerling,0,1,0%,4,nicht verfügbar,unverändert behalten
https://www.floxant.de/reinigung-donaustauf,de,überregional,Service-/Informationsseite,Reinigung,commercial/transactional,200,index,https://www.floxant.de/reinigung-donaustauf,de-DE:https://www.floxant.de/reinigung-donaustauf | x-default:https://www.floxant.de/reinigung-donaustauf,0,0,0%,nicht verfügbar,nicht verfügbar,unverändert behalten
https://www.floxant.de/reinigung-duggendorf,de,überregional,Service-/Informationsseite,Reinigung,commercial/transactional,200,index,https://www.floxant.de/reinigung-duggendorf,de-DE:https://www.floxant.de/reinigung-duggendorf | x-default:https://www.floxant.de/reinigung-duggendorf,0,1,0%,6,nicht verfügbar,unverändert behalten
https://www.floxant.de/reinigung-geiselhoering,de,überregional,Service-/Informationsseite,Reinigung,commercial/transactional,200,index,https://www.floxant.de/reinigung-geiselhoering,de-DE:https://www.floxant.de/reinigung-geiselhoering | x-default:https://www.floxant.de/reinigung-geiselhoering,0,0,0%,nicht verfügbar,nicht verfügbar,unverändert behalten
https://www.floxant.de/reinigung-hagelstadt,de,überregional,Service-/Informationsseite,Reinigung,commercial/transactional,200,index,https://www.floxant.de/reinigung-hagelstadt,de-DE:https://www.floxant.de/reinigung-hagelstadt | x-default:https://www.floxant.de/reinigung-hagelstadt,0,0,0%,nicht verfügbar,nicht verfügbar,unverändert behalten
https://www.floxant.de/reinigung-hausen,de,überregional,Service-/Informationsseite,Reinigung,commercial/transactional,200,index,https://www.floxant.de/reinigung-hausen,de-DE:https://www.floxant.de/reinigung-hausen | x-default:https://www.floxant.de/reinigung-hausen,0,0,0%,nicht verfügbar,nicht verfügbar,unverändert behalten
https://www.floxant.de/reinigung-hemau,de,überregional,Service-/Informationsseite,Reinigung,commercial/transactional,200,index,https://www.floxant.de/reinigung-hemau,de-DE:https://www.floxant.de/reinigung-hemau | x-default:https://www.floxant.de/reinigung-hemau,0,2,0%,6.5,nicht verfügbar,unverändert behalten
https://www.floxant.de/reinigung-holzheim-am-forst,de,überregional,Service-/Informationsseite,Reinigung,commercial/transactional,200,index,https://www.floxant.de/reinigung-holzheim-am-forst,de-DE:https://www.floxant.de/reinigung-holzheim-am-forst | x-default:https://www.floxant.de/reinigung-holzheim-am-forst,0,0,0%,nicht verfügbar,nicht verfügbar,unverändert behalten
https://www.floxant.de/reinigung-kallmuenz,de,überregional,Service-/Informationsseite,Reinigung,commercial/transactional,200,index,https://www.floxant.de/reinigung-kallmuenz,de-DE:https://www.floxant.de/reinigung-kallmuenz | x-default:https://www.floxant.de/reinigung-kallmuenz,0,0,0%,nicht verfügbar,nicht verfügbar,unverändert behalten
https://www.floxant.de/reinigung-kelheim,de,überregional,Service-/Informationsseite,Reinigung,commercial/transactional,200,index,https://www.floxant.de/reinigung-kelheim,de-DE:https://www.floxant.de/reinigung-kelheim | x-default:https://www.floxant.de/reinigung-kelheim,0,0,0%,nicht verfügbar,nicht verfügbar,unverändert behalten
https://www.floxant.de/reinigung-koefering,de,überregional,Service-/Informationsseite,Reinigung,commercial/transactional,200,index,https://www.floxant.de/reinigung-koefering,de-DE:https://www.floxant.de/reinigung-koefering | x-default:https://www.floxant.de/reinigung-koefering,0,6,0%,8.17,nicht verfügbar,unverändert behalten
https://www.floxant.de/reinigung-laaber,de,überregional,Service-/Informationsseite,Reinigung,commercial/transactional,200,index,https://www.floxant.de/reinigung-laaber,de-DE:https://www.floxant.de/reinigung-laaber | x-default:https://www.floxant.de/reinigung-laaber,0,1,0%,10,nicht verfügbar,unverändert behalten
https://www.floxant.de/reinigung-langquaid,de,überregional,Service-/Informationsseite,Reinigung,commercial/transactional,200,index,https://www.floxant.de/reinigung-langquaid,de-DE:https://www.floxant.de/reinigung-langquaid | x-default:https://www.floxant.de/reinigung-langquaid,0,0,0%,nicht verfügbar,nicht verfügbar,unverändert behalten
https://www.floxant.de/reinigung-lappersdorf,de,überregional,Service-/Informationsseite,Reinigung,commercial/transactional,200,index,https://www.floxant.de/reinigung-lappersdorf,de-DE:https://www.floxant.de/reinigung-lappersdorf | x-default:https://www.floxant.de/reinigung-lappersdorf,1,3,33.33%,8.33,nicht verfügbar,unverändert behalten
https://www.floxant.de/reinigung-mainburg,de,überregional,Service-/Informationsseite,Reinigung,commercial/transactional,200,index,https://www.floxant.de/reinigung-mainburg,de-DE:https://www.floxant.de/reinigung-mainburg | x-default:https://www.floxant.de/reinigung-mainburg,0,1,0%,10,nicht verfügbar,unverändert behalten
https://www.floxant.de/reinigung-mallersdorf-pfaffenberg,de,überregional,Service-/Informationsseite,Reinigung,commercial/transactional,200,index,https://www.floxant.de/reinigung-mallersdorf-pfaffenberg,de-DE:https://www.floxant.de/reinigung-mallersdorf-pfaffenberg | x-default:https://www.floxant.de/reinigung-mallersdorf-pfaffenberg,0,0,0%,nicht verfügbar,nicht verfügbar,unverändert behalten
https://www.floxant.de/reinigung-maxhuette-haidhof,de,überregional,Service-/Informationsseite,Reinigung,commercial/transactional,200,index,https://www.floxant.de/reinigung-maxhuette-haidhof,de-DE:https://www.floxant.de/reinigung-maxhuette-haidhof | x-default:https://www.floxant.de/reinigung-maxhuette-haidhof,0,0,0%,nicht verfügbar,nicht verfügbar,unverändert behalten
https://www.floxant.de/reinigung-mintraching,de,überregional,Service-/Informationsseite,Reinigung,commercial/transactional,200,index,https://www.floxant.de/reinigung-mintraching,de-DE:https://www.floxant.de/reinigung-mintraching | x-default:https://www.floxant.de/reinigung-mintraching,0,1,0%,1,nicht verfügbar,unverändert behalten
https://www.floxant.de/reinigung-moetzing,de,überregional,Service-/Informationsseite,Reinigung,commercial/transactional,200,index,https://www.floxant.de/reinigung-moetzing,de-DE:https://www.floxant.de/reinigung-moetzing | x-default:https://www.floxant.de/reinigung-moetzing,0,0,0%,nicht verfügbar,nicht verfügbar,unverändert behalten
https://www.floxant.de/reinigung-neutraubling,de,überregional,Service-/Informationsseite,Reinigung,commercial/transactional,200,index,https://www.floxant.de/reinigung-neutraubling,de-DE:https://www.floxant.de/reinigung-neutraubling | x-default:https://www.floxant.de/reinigung-neutraubling,0,1,0%,7,nicht verfügbar,unverändert behalten
https://www.floxant.de/reinigung-nittenau,de,überregional,Service-/Informationsseite,Reinigung,commercial/transactional,200,index,https://www.floxant.de/reinigung-nittenau,de-DE:https://www.floxant.de/reinigung-nittenau | x-default:https://www.floxant.de/reinigung-nittenau,0,0,0%,nicht verfügbar,nicht verfügbar,unverändert behalten
https://www.floxant.de/reinigung-nittendorf,de,überregional,Service-/Informationsseite,Reinigung,commercial/transactional,200,index,https://www.floxant.de/reinigung-nittendorf,de-DE:https://www.floxant.de/reinigung-nittendorf | x-default:https://www.floxant.de/reinigung-nittendorf,0,0,0%,nicht verfügbar,nicht verfügbar,unverändert behalten
https://www.floxant.de/reinigung-obertraubling,de,überregional,Service-/Informationsseite,Reinigung,commercial/transactional,200,index,https://www.floxant.de/reinigung-obertraubling,de-DE:https://www.floxant.de/reinigung-obertraubling | x-default:https://www.floxant.de/reinigung-obertraubling,0,1,0%,8,nicht verfügbar,unverändert behalten
https://www.floxant.de/reinigung-painten,de,überregional,Service-/Informationsseite,Reinigung,commercial/transactional,200,index,https://www.floxant.de/reinigung-painten,de-DE:https://www.floxant.de/reinigung-painten | x-default:https://www.floxant.de/reinigung-painten,0,4,0%,8,nicht verfügbar,unverändert behalten
https://www.floxant.de/reinigung-pentling,de,überregional,Service-/Informationsseite,Reinigung,commercial/transactional,200,index,https://www.floxant.de/reinigung-pentling,de-DE:https://www.floxant.de/reinigung-pentling | x-default:https://www.floxant.de/reinigung-pentling,0,0,0%,nicht verfügbar,nicht verfügbar,unverändert behalten
https://www.floxant.de/reinigung-pettendorf,de,überregional,Service-/Informationsseite,Reinigung,commercial/transactional,200,index,https://www.floxant.de/reinigung-pettendorf,de-DE:https://www.floxant.de/reinigung-pettendorf | x-default:https://www.floxant.de/reinigung-pettendorf,0,0,0%,nicht verfügbar,nicht verfügbar,unverändert behalten
https://www.floxant.de/reinigung-pfatter,de,überregional,Service-/Informationsseite,Reinigung,commercial/transactional,200,index,https://www.floxant.de/reinigung-pfatter,de-DE:https://www.floxant.de/reinigung-pfatter | x-default:https://www.floxant.de/reinigung-pfatter,0,2,0%,7.5,nicht verfügbar,unverändert behalten
https://www.floxant.de/reinigung-pielenhofen,de,überregional,Service-/Informationsseite,Reinigung,commercial/transactional,200,index,https://www.floxant.de/reinigung-pielenhofen,de-DE:https://www.floxant.de/reinigung-pielenhofen | x-default:https://www.floxant.de/reinigung-pielenhofen,0,0,0%,nicht verfügbar,nicht verfügbar,unverändert behalten
https://www.floxant.de/reinigung-regenstauf,de,überregional,Service-/Informationsseite,Reinigung,commercial/transactional,200,index,https://www.floxant.de/reinigung-regenstauf,de-DE:https://www.floxant.de/reinigung-regenstauf | x-default:https://www.floxant.de/reinigung-regenstauf,0,0,0%,nicht verfügbar,nicht verfügbar,unverändert behalten
https://www.floxant.de/reinigung-riedenburg,de,überregional,Service-/Informationsseite,Reinigung,commercial/transactional,200,index,https://www.floxant.de/reinigung-riedenburg,de-DE:https://www.floxant.de/reinigung-riedenburg | x-default:https://www.floxant.de/reinigung-riedenburg,0,0,0%,nicht verfügbar,nicht verfügbar,unverändert behalten
https://www.floxant.de/reinigung-riekofen,de,überregional,Service-/Informationsseite,Reinigung,commercial/transactional,200,index,https://www.floxant.de/reinigung-riekofen,de-DE:https://www.floxant.de/reinigung-riekofen | x-default:https://www.floxant.de/reinigung-riekofen,0,0,0%,nicht verfügbar,nicht verfügbar,unverändert behalten
https://www.floxant.de/reinigung-roding,de,überregional,Service-/Informationsseite,Reinigung,commercial/transactional,200,index,https://www.floxant.de/reinigung-roding,de-DE:https://www.floxant.de/reinigung-roding | x-default:https://www.floxant.de/reinigung-roding,0,0,0%,nicht verfügbar,nicht verfügbar,unverändert behalten
https://www.floxant.de/reinigung-saal-an-der-donau,de,überregional,Service-/Informationsseite,Reinigung,commercial/transactional,200,index,https://www.floxant.de/reinigung-saal-an-der-donau,de-DE:https://www.floxant.de/reinigung-saal-an-der-donau | x-default:https://www.floxant.de/reinigung-saal-an-der-donau,0,2,0%,12,nicht verfügbar,unverändert behalten
https://www.floxant.de/reinigung-schierling,de,überregional,Service-/Informationsseite,Reinigung,commercial/transactional,200,index,https://www.floxant.de/reinigung-schierling,de-DE:https://www.floxant.de/reinigung-schierling | x-default:https://www.floxant.de/reinigung-schierling,0,8,0%,13.25,nicht verfügbar,unverändert behalten
https://www.floxant.de/reinigung-schwandorf,de,überregional,Service-/Informationsseite,Reinigung,commercial/transactional,200,index,https://www.floxant.de/reinigung-schwandorf,de-DE:https://www.floxant.de/reinigung-schwandorf | x-default:https://www.floxant.de/reinigung-schwandorf,0,1,0%,1,nicht verfügbar,unverändert behalten
https://www.floxant.de/reinigung-sinzing,de,überregional,Service-/Informationsseite,Reinigung,commercial/transactional,200,index,https://www.floxant.de/reinigung-sinzing,de-DE:https://www.floxant.de/reinigung-sinzing | x-default:https://www.floxant.de/reinigung-sinzing,0,3,0%,38,nicht verfügbar,unverändert behalten
https://www.floxant.de/reinigung-suenching,de,überregional,Service-/Informationsseite,Reinigung,commercial/transactional,200,index,https://www.floxant.de/reinigung-suenching,de-DE:https://www.floxant.de/reinigung-suenching | x-default:https://www.floxant.de/reinigung-suenching,0,2,0%,7.5,nicht verfügbar,unverändert behalten
https://www.floxant.de/reinigung-tegernheim,de,überregional,Service-/Informationsseite,Reinigung,commercial/transactional,200,index,https://www.floxant.de/reinigung-tegernheim,de-DE:https://www.floxant.de/reinigung-tegernheim | x-default:https://www.floxant.de/reinigung-tegernheim,0,0,0%,nicht verfügbar,nicht verfügbar,unverändert behalten
https://www.floxant.de/reinigung-teublitz,de,überregional,Service-/Informationsseite,Reinigung,commercial/transactional,200,index,https://www.floxant.de/reinigung-teublitz,de-DE:https://www.floxant.de/reinigung-teublitz | x-default:https://www.floxant.de/reinigung-teublitz,0,5,0%,8,nicht verfügbar,unverändert behalten
https://www.floxant.de/reinigung-thalmassing,de,überregional,Service-/Informationsseite,Reinigung,commercial/transactional,200,index,https://www.floxant.de/reinigung-thalmassing,de-DE:https://www.floxant.de/reinigung-thalmassing | x-default:https://www.floxant.de/reinigung-thalmassing,0,0,0%,nicht verfügbar,nicht verfügbar,unverändert behalten
https://www.floxant.de/reinigung-wenzenbach,de,überregional,Service-/Informationsseite,Reinigung,commercial/transactional,200,index,https://www.floxant.de/reinigung-wenzenbach,de-DE:https://www.floxant.de/reinigung-wenzenbach | x-default:https://www.floxant.de/reinigung-wenzenbach,0,1,0%,9,nicht verfügbar,unverändert behalten
https://www.floxant.de/reinigung-wiesent,de,überregional,Service-/Informationsseite,Reinigung,commercial/transactional,200,index,https://www.floxant.de/reinigung-wiesent,de-DE:https://www.floxant.de/reinigung-wiesent | x-default:https://www.floxant.de/reinigung-wiesent,0,1,0%,4,nicht verfügbar,unverändert behalten
https://www.floxant.de/reinigung-woerth-an-der-donau,de,überregional,Service-/Informationsseite,Reinigung,commercial/transactional,200,index,https://www.floxant.de/reinigung-woerth-an-der-donau,de-DE:https://www.floxant.de/reinigung-woerth-an-der-donau | x-default:https://www.floxant.de/reinigung-woerth-an-der-donau,0,0,0%,nicht verfügbar,nicht verfügbar,unverändert behalten
https://www.floxant.de/reinigung-wolfsegg,de,überregional,Service-/Informationsseite,Reinigung,commercial/transactional,200,index,https://www.floxant.de/reinigung-wolfsegg,de-DE:https://www.floxant.de/reinigung-wolfsegg | x-default:https://www.floxant.de/reinigung-wolfsegg,0,2,0%,5,nicht verfügbar,unverändert behalten
https://www.floxant.de/reinigung-zeitlarn,de,überregional,Service-/Informationsseite,Reinigung,commercial/transactional,200,index,https://www.floxant.de/reinigung-zeitlarn,de-DE:https://www.floxant.de/reinigung-zeitlarn | x-default:https://www.floxant.de/reinigung-zeitlarn,0,2,0%,8,nicht verfügbar,unverändert behalten
https://www.floxant.de/wohnungsaufloesung-bayern,de,überregional,Service-/Informationsseite,Räumung/Auflösung,commercial/transactional,200,index,https://www.floxant.de/wohnungsaufloesung-bayern,de-DE:https://www.floxant.de/wohnungsaufloesung-bayern | x-default:https://www.floxant.de/wohnungsaufloesung-bayern,0,0,0%,nicht verfügbar,nicht verfügbar,unverändert behalten
https://www.floxant.de/wissen,de,überregional,Service-/Informationsseite,übergreifend,navigational/informational,200,index,https://www.floxant.de/wissen,de-DE:https://www.floxant.de/wissen | x-default:https://www.floxant.de/wissen,0,0,0%,nicht verfügbar,nicht verfügbar,unverändert behalten
https://www.floxant.de/leistungen,de,überregional,Service-/Informationsseite,übergreifend,navigational/informational,200,index,https://www.floxant.de/leistungen,nicht vorhanden,0,96,0%,46.19,nicht verfügbar,unverändert behalten
https://www.floxant.de/alternativen,de,überregional,Service-/Informationsseite,übergreifend,navigational/informational,200,index,https://www.floxant.de/alternativen,de-DE:https://www.floxant.de/alternativen | x-default:https://www.floxant.de/alternativen,0,1,0%,5,nicht verfügbar,unverändert behalten
https://www.floxant.de/standorte,de,überregional,Service-/Informationsseite,übergreifend,navigational/informational,200,index,https://www.floxant.de/standorte,de-DE:https://www.floxant.de/standorte | x-default:https://www.floxant.de/standorte,0,0,0%,nicht verfügbar,nicht verfügbar,unverändert behalten
https://www.floxant.de/buchung,de,überregional,Anfrage,übergreifend,transactional,200,index,https://www.floxant.de/buchung,de-DE:https://www.floxant.de/buchung | x-default:https://www.floxant.de/buchung,0,50,0%,7.86,nicht verfügbar,unverändert behalten
https://www.floxant.de/empfehlen,de,überregional,Service-/Informationsseite,übergreifend,navigational/informational,200,index,https://www.floxant.de/empfehlen,de-DE:https://www.floxant.de/empfehlen | x-default:https://www.floxant.de/empfehlen,0,1,0%,5,nicht verfügbar,unverändert behalten
https://www.floxant.de/makler-vermieter-link,de,überregional,Service-/Informationsseite,übergreifend,navigational/informational,200,index,https://www.floxant.de/makler-vermieter-link,de-DE:https://www.floxant.de/makler-vermieter-link | x-default:https://www.floxant.de/makler-vermieter-link,0,2,0%,92,nicht verfügbar,unverändert behalten
https://www.floxant.de/mieterwechsel-service-regensburg,de,Regensburg,Service-/Informationsseite,übergreifend,navigational/informational,200,index,https://www.floxant.de/mieterwechsel-service-regensburg,de-DE:https://www.floxant.de/mieterwechsel-service-regensburg | x-default:https://www.floxant.de/mieterwechsel-service-regensburg,0,2,0%,5.5,nicht verfügbar,unverändert behalten
https://www.floxant.de/wohnung-wieder-vermietbar,de,überregional,Service-/Informationsseite,übergreifend,navigational/informational,200,index,https://www.floxant.de/wohnung-wieder-vermietbar,de-DE:https://www.floxant.de/wohnung-wieder-vermietbar | x-default:https://www.floxant.de/wohnung-wieder-vermietbar,0,1,0%,5,nicht verfügbar,unverändert behalten
https://www.floxant.de/immobilie-verkaufsbereit-machen,de,überregional,Service-/Informationsseite,übergreifend,navigational/informational,200,index,https://www.floxant.de/immobilie-verkaufsbereit-machen,de-DE:https://www.floxant.de/immobilie-verkaufsbereit-machen | x-default:https://www.floxant.de/immobilie-verkaufsbereit-machen,0,0,0%,nicht verfügbar,nicht verfügbar,unverändert behalten
https://www.floxant.de/nachlass-raeumung-regensburg,de,Regensburg,Service-/Informationsseite,übergreifend,navigational/informational,200,index,https://www.floxant.de/nachlass-raeumung-regensburg,de-DE:https://www.floxant.de/nachlass-raeumung-regensburg | x-default:https://www.floxant.de/nachlass-raeumung-regensburg,0,0,0%,nicht verfügbar,nicht verfügbar,unverändert behalten
https://www.floxant.de/diskreter-umzug-trennung-scheidung,de,überregional,Service-/Informationsseite,Umzug/Transport,commercial/transactional,200,index,https://www.floxant.de/diskreter-umzug-trennung-scheidung,de-DE:https://www.floxant.de/diskreter-umzug-trennung-scheidung | x-default:https://www.floxant.de/diskreter-umzug-trennung-scheidung,0,0,0%,nicht verfügbar,nicht verfügbar,unverändert behalten
https://www.floxant.de/schadensbegrenzung,de,überregional,Service-/Informationsseite,übergreifend,navigational/informational,200,index,https://www.floxant.de/schadensbegrenzung,de-DE:https://www.floxant.de/schadensbegrenzung | x-default:https://www.floxant.de/schadensbegrenzung,0,2,0%,4.5,nicht verfügbar,unverändert behalten
https://www.floxant.de/keller-muellraum-rettung-regensburg,de,Regensburg,Service-/Informationsseite,übergreifend,navigational/informational,200,index,https://www.floxant.de/keller-muellraum-rettung-regensburg,de-DE:https://www.floxant.de/keller-muellraum-rettung-regensburg | x-default:https://www.floxant.de/keller-muellraum-rettung-regensburg,0,2,0%,6,nicht verfügbar,unverändert behalten
https://www.floxant.de/uebergabeakte,de,überregional,Service-/Informationsseite,übergreifend,navigational/informational,200,index,https://www.floxant.de/uebergabeakte,de-DE:https://www.floxant.de/uebergabeakte | x-default:https://www.floxant.de/uebergabeakte,0,13,0%,5.77,nicht verfügbar,unverändert behalten
https://www.floxant.de/kontakt,de,überregional,Anfrage,übergreifend,transactional,200,index,https://www.floxant.de/kontakt,de-DE:https://www.floxant.de/kontakt | en:https://www.floxant.de/en/contact | x-default:https://www.floxant.de/kontakt,0,57,0%,24.16,nicht verfügbar,stärken
https://www.floxant.de/entsorgung-duesseldorf,de,Düsseldorf,Service-/Informationsseite,übergreifend,navigational/informational,200,index,https://www.floxant.de/entsorgung-duesseldorf,de-DE:https://www.floxant.de/entsorgung-duesseldorf | x-default:https://www.floxant.de/entsorgung-duesseldorf,0,28,0%,10.21,nicht verfügbar,unverändert behalten
https://www.floxant.de/regensburg/bueroreinigung,de,Regensburg,Service-/Informationsseite,Reinigung,commercial/transactional,200,index,https://www.floxant.de/regensburg/bueroreinigung,de-DE:https://www.floxant.de/regensburg/bueroreinigung | x-default:https://www.floxant.de/regensburg/bueroreinigung,0,4,0%,34.75,nicht verfügbar,unverändert behalten
https://www.floxant.de/regensburg/wohnungsaufloesung,de,Regensburg,Service-/Informationsseite,Räumung/Auflösung,commercial/transactional,200,index,https://www.floxant.de/regensburg/wohnungsaufloesung,de-DE:https://www.floxant.de/regensburg/wohnungsaufloesung | x-default:https://www.floxant.de/regensburg/wohnungsaufloesung,0,7,0%,37,nicht verfügbar,stärken
https://www.floxant.de/buchung-ablauf,de,überregional,Anfrage,übergreifend,transactional,200,index,https://www.floxant.de/buchung-ablauf,de-DE:https://www.floxant.de/buchung-ablauf | x-default:https://www.floxant.de/buchung-ablauf,0,2,0%,2,nicht verfügbar,unverändert behalten
https://www.floxant.de/leistungen-vergleichen,de,überregional,Service-/Informationsseite,übergreifend,navigational/informational,200,index,https://www.floxant.de/leistungen-vergleichen,de-DE:https://www.floxant.de/leistungen-vergleichen | x-default:https://www.floxant.de/leistungen-vergleichen,0,0,0%,nicht verfügbar,nicht verfügbar,unverändert behalten
https://www.floxant.de/anbieter-vergleichen,de,überregional,Service-/Informationsseite,übergreifend,navigational/informational,200,index,https://www.floxant.de/anbieter-vergleichen,de-DE:https://www.floxant.de/anbieter-vergleichen | x-default:https://www.floxant.de/anbieter-vergleichen,0,4,0%,11.25,nicht verfügbar,unverändert behalten
https://www.floxant.de/signature-services,de,überregional,Signature Hub,übergreifend,navigational/informational,200,index,https://www.floxant.de/signature-services,de-DE:https://www.floxant.de/signature-services | en:https://www.floxant.de/en/signature-services | x-default:https://www.floxant.de/signature-services,0,3,0%,7,nicht verfügbar,stärken
https://www.floxant.de/spezialreinigung,de,überregional,Service-/Informationsseite,Reinigung,commercial/transactional,200,index,https://www.floxant.de/spezialreinigung,nicht vorhanden,0,0,0%,nicht verfügbar,nicht verfügbar,unverändert behalten
https://www.floxant.de/spezialumzug,de,überregional,Service-/Informationsseite,Umzug/Transport,commercial/transactional,200,index,https://www.floxant.de/spezialumzug,nicht vorhanden,0,0,0%,nicht verfügbar,nicht verfügbar,unverändert behalten
https://www.floxant.de/spezial-entruempelung,de,überregional,Service-/Informationsseite,Räumung/Auflösung,commercial/transactional,200,index,https://www.floxant.de/spezial-entruempelung,nicht vorhanden,0,0,0%,nicht verfügbar,nicht verfügbar,unverändert behalten
https://www.floxant.de/qualitaet-ablauf,de,überregional,Service-/Informationsseite,übergreifend,navigational/informational,200,index,https://www.floxant.de/qualitaet-ablauf,de-DE:https://www.floxant.de/qualitaet-ablauf | x-default:https://www.floxant.de/qualitaet-ablauf,0,0,0%,nicht verfügbar,nicht verfügbar,unverändert behalten
https://www.floxant.de/praxisfaelle,de,überregional,Service-/Informationsseite,übergreifend,navigational/informational,200,index,https://www.floxant.de/praxisfaelle,de-DE:https://www.floxant.de/praxisfaelle | x-default:https://www.floxant.de/praxisfaelle,0,0,0%,nicht verfügbar,nicht verfügbar,unverändert behalten
https://www.floxant.de/kostenfaktoren,de,überregional,Service-/Informationsseite,übergreifend,navigational/informational,200,index,https://www.floxant.de/kostenfaktoren,de-DE:https://www.floxant.de/kostenfaktoren | x-default:https://www.floxant.de/kostenfaktoren,0,0,0%,nicht verfügbar,nicht verfügbar,unverändert behalten
https://www.floxant.de/24h-umzug-bayern,de,überregional,Service-/Informationsseite,Umzug/Transport,commercial/transactional,200,index,https://www.floxant.de/24h-umzug-bayern,de-DE:https://www.floxant.de/24h-umzug-bayern | x-default:https://www.floxant.de/24h-umzug-bayern,0,0,0%,nicht verfügbar,nicht verfügbar,unverändert behalten
https://www.floxant.de/familienumzug-bayern,de,überregional,Service-/Informationsseite,Umzug/Transport,commercial/transactional,200,index,https://www.floxant.de/familienumzug-bayern,de-DE:https://www.floxant.de/familienumzug-bayern | x-default:https://www.floxant.de/familienumzug-bayern,0,0,0%,nicht verfügbar,nicht verfügbar,unverändert behalten
https://www.floxant.de/kurzfristiger-umzug-bayern,de,überregional,Service-/Informationsseite,Umzug/Transport,commercial/transactional,200,index,https://www.floxant.de/kurzfristiger-umzug-bayern,de-DE:https://www.floxant.de/kurzfristiger-umzug-bayern | x-default:https://www.floxant.de/kurzfristiger-umzug-bayern,0,0,0%,nicht verfügbar,nicht verfügbar,unverändert behalten
https://www.floxant.de/notfall-umzug-bayern,de,überregional,Service-/Informationsseite,Umzug/Transport,commercial/transactional,200,index,https://www.floxant.de/notfall-umzug-bayern,de-DE:https://www.floxant.de/notfall-umzug-bayern | x-default:https://www.floxant.de/notfall-umzug-bayern,0,1,0%,9,nicht verfügbar,unverändert behalten
https://www.floxant.de/umzugskosten-bayern,de,überregional,Service-/Informationsseite,Umzug/Transport,commercial/transactional,200,index,https://www.floxant.de/umzugskosten-bayern,de-DE:https://www.floxant.de/umzugskosten-bayern | x-default:https://www.floxant.de/umzugskosten-bayern,0,14,0%,48.64,nicht verfügbar,unverändert behalten
https://www.floxant.de/leerfahrt-rueckfahrt,de,überregional,Service-/Informationsseite,Umzug/Transport,commercial/transactional,200,index,https://www.floxant.de/leerfahrt-rueckfahrt,de-DE:https://www.floxant.de/leerfahrt-rueckfahrt | x-default:https://www.floxant.de/leerfahrt-rueckfahrt,0,44,0%,23.8,nicht verfügbar,stärken
https://www.floxant.de/ratgeber,de,überregional,Service-/Informationsseite,übergreifend,navigational/informational,200,index,https://www.floxant.de/ratgeber,de-DE:https://www.floxant.de/ratgeber | x-default:https://www.floxant.de/ratgeber,0,0,0%,nicht verfügbar,nicht verfügbar,unverändert behalten
https://www.floxant.de/ratgeber/umzug-kosten-regensburg,de,Regensburg,Ratgeber,Umzug/Transport,informational,200,index,https://www.floxant.de/ratgeber/umzug-kosten-regensburg,de-DE:https://www.floxant.de/ratgeber/umzug-kosten-regensburg | x-default:https://www.floxant.de/ratgeber/umzug-kosten-regensburg,0,2,0%,20.5,nicht verfügbar,unverändert behalten
https://www.floxant.de/ratgeber/checkliste-umzug,de,überregional,Ratgeber,Umzug/Transport,informational,200,index,https://www.floxant.de/ratgeber/checkliste-umzug,de-DE:https://www.floxant.de/ratgeber/checkliste-umzug | x-default:https://www.floxant.de/ratgeber/checkliste-umzug,0,0,0%,nicht verfügbar,nicht verfügbar,unverändert behalten
https://www.floxant.de/ratgeber/gute-umzugsfirma-finden,de,überregional,Ratgeber,Umzug/Transport,informational,200,index,https://www.floxant.de/ratgeber/gute-umzugsfirma-finden,de-DE:https://www.floxant.de/ratgeber/gute-umzugsfirma-finden | x-default:https://www.floxant.de/ratgeber/gute-umzugsfirma-finden,0,2,0%,7,nicht verfügbar,unverändert behalten
https://www.floxant.de/ratgeber/entruempelung-kosten-pro-m3,de,überregional,Ratgeber,Räumung/Auflösung,informational,200,index,https://www.floxant.de/ratgeber/entruempelung-kosten-pro-m3,de-DE:https://www.floxant.de/ratgeber/entruempelung-kosten-pro-m3 | x-default:https://www.floxant.de/ratgeber/entruempelung-kosten-pro-m3,0,0,0%,nicht verfügbar,nicht verfügbar,unverändert behalten
https://www.floxant.de/ratgeber/umzug-vorbereiten-7-schritte,de,überregional,Ratgeber,Umzug/Transport,informational,200,index,https://www.floxant.de/ratgeber/umzug-vorbereiten-7-schritte,de-DE:https://www.floxant.de/ratgeber/umzug-vorbereiten-7-schritte | x-default:https://www.floxant.de/ratgeber/umzug-vorbereiten-7-schritte,0,0,0%,nicht verfügbar,nicht verfügbar,unverändert behalten
https://www.floxant.de/ratgeber/wann-lohnt-sich-umzugsfirma,de,überregional,Ratgeber,Umzug/Transport,informational,200,index,https://www.floxant.de/ratgeber/wann-lohnt-sich-umzugsfirma,de-DE:https://www.floxant.de/ratgeber/wann-lohnt-sich-umzugsfirma | x-default:https://www.floxant.de/ratgeber/wann-lohnt-sich-umzugsfirma,0,1,0%,47,nicht verfügbar,unverändert behalten
https://www.floxant.de/ratgeber/moebeltransport-sicher,de,überregional,Ratgeber,Umzug/Transport,informational,200,index,https://www.floxant.de/ratgeber/moebeltransport-sicher,de-DE:https://www.floxant.de/ratgeber/moebeltransport-sicher | x-default:https://www.floxant.de/ratgeber/moebeltransport-sicher,0,0,0%,nicht verfügbar,nicht verfügbar,unverändert behalten
https://www.floxant.de/ratgeber/umzug-tipps-familien,de,überregional,Ratgeber,Umzug/Transport,informational,200,index,https://www.floxant.de/ratgeber/umzug-tipps-familien,de-DE:https://www.floxant.de/ratgeber/umzug-tipps-familien | x-default:https://www.floxant.de/ratgeber/umzug-tipps-familien,0,0,0%,nicht verfügbar,nicht verfügbar,unverändert behalten
https://www.floxant.de/ratgeber/umzug-kosten-rechner,de,überregional,Ratgeber,Umzug/Transport,informational,200,index,https://www.floxant.de/ratgeber/umzug-kosten-rechner,de-DE:https://www.floxant.de/ratgeber/umzug-kosten-rechner | x-default:https://www.floxant.de/ratgeber/umzug-kosten-rechner,0,0,0%,nicht verfügbar,nicht verfügbar,unverändert behalten
https://www.floxant.de/ratgeber/umzug-anmelden-ummelden,de,überregional,Ratgeber,Umzug/Transport,informational,200,index,https://www.floxant.de/ratgeber/umzug-anmelden-ummelden,de-DE:https://www.floxant.de/ratgeber/umzug-anmelden-ummelden | x-default:https://www.floxant.de/ratgeber/umzug-anmelden-ummelden,0,0,0%,nicht verfügbar,nicht verfügbar,unverändert behalten
https://www.floxant.de/ratgeber/umzug-versicherung,de,überregional,Ratgeber,Umzug/Transport,informational,200,index,https://www.floxant.de/ratgeber/umzug-versicherung,de-DE:https://www.floxant.de/ratgeber/umzug-versicherung | x-default:https://www.floxant.de/ratgeber/umzug-versicherung,0,5,0%,3.2,nicht verfügbar,unverändert behalten
https://www.floxant.de/ratgeber/wohnungsaufloesung-tipps,de,überregional,Ratgeber,Räumung/Auflösung,informational,200,index,https://www.floxant.de/ratgeber/wohnungsaufloesung-tipps,de-DE:https://www.floxant.de/ratgeber/wohnungsaufloesung-tipps | x-default:https://www.floxant.de/ratgeber/wohnungsaufloesung-tipps,0,0,0%,nicht verfügbar,nicht verfügbar,unverändert behalten
https://www.floxant.de/ratgeber/umzug-im-winter,de,überregional,Ratgeber,Umzug/Transport,informational,200,index,https://www.floxant.de/ratgeber/umzug-im-winter,de-DE:https://www.floxant.de/ratgeber/umzug-im-winter | x-default:https://www.floxant.de/ratgeber/umzug-im-winter,0,0,0%,nicht verfügbar,nicht verfügbar,unverändert behalten
https://www.floxant.de/ratgeber/umzug-erste-wohnung,de,überregional,Ratgeber,Umzug/Transport,informational,200,index,https://www.floxant.de/ratgeber/umzug-erste-wohnung,de-DE:https://www.floxant.de/ratgeber/umzug-erste-wohnung | x-default:https://www.floxant.de/ratgeber/umzug-erste-wohnung,0,0,0%,nicht verfügbar,nicht verfügbar,unverändert behalten
https://www.floxant.de/blog,de,überregional,Service-/Informationsseite,übergreifend,navigational/informational,200,index,https://www.floxant.de/blog,de-DE:https://www.floxant.de/blog | x-default:https://www.floxant.de/blog,0,65,0%,45.29,nicht verfügbar,unverändert behalten
https://www.floxant.de/blog/wohnungsuebergabe-komplettpaket,de,überregional,Ratgeber,übergreifend,informational,200,index,https://www.floxant.de/blog/wohnungsuebergabe-komplettpaket,de-DE:https://www.floxant.de/blog/wohnungsuebergabe-komplettpaket | x-default:https://www.floxant.de/blog/wohnungsuebergabe-komplettpaket,0,0,0%,nicht verfügbar,nicht verfügbar,unverändert behalten
https://www.floxant.de/blog/schluesseluebergabe-service,de,überregional,Ratgeber,übergreifend,informational,200,index,https://www.floxant.de/blog/schluesseluebergabe-service,de-DE:https://www.floxant.de/blog/schluesseluebergabe-service | x-default:https://www.floxant.de/blog/schluesseluebergabe-service,0,0,0%,nicht verfügbar,nicht verfügbar,unverändert behalten
https://www.floxant.de/blog/nicht-vor-ort-paket,de,überregional,Ratgeber,übergreifend,informational,200,index,https://www.floxant.de/blog/nicht-vor-ort-paket,de-DE:https://www.floxant.de/blog/nicht-vor-ort-paket | x-default:https://www.floxant.de/blog/nicht-vor-ort-paket,0,0,0%,nicht verfügbar,nicht verfügbar,unverändert behalten
https://www.floxant.de/blog/kautionsschutz-vorbereitung,de,überregional,Ratgeber,übergreifend,informational,200,index,https://www.floxant.de/blog/kautionsschutz-vorbereitung,de-DE:https://www.floxant.de/blog/kautionsschutz-vorbereitung | x-default:https://www.floxant.de/blog/kautionsschutz-vorbereitung,0,0,0%,nicht verfügbar,nicht verfügbar,unverändert behalten
https://www.floxant.de/blog/uebergabe-check-vor-vermietertermin,de,überregional,Ratgeber,übergreifend,informational,200,index,https://www.floxant.de/blog/uebergabe-check-vor-vermietertermin,de-DE:https://www.floxant.de/blog/uebergabe-check-vor-vermietertermin | x-default:https://www.floxant.de/blog/uebergabe-check-vor-vermietertermin,0,6,0%,7.33,nicht verfügbar,unverändert behalten
https://www.floxant.de/blog/volumen-risiko-check-umzug,de,überregional,Ratgeber,Umzug/Transport,informational,200,index,https://www.floxant.de/blog/volumen-risiko-check-umzug,de-DE:https://www.floxant.de/blog/volumen-risiko-check-umzug | x-default:https://www.floxant.de/blog/volumen-risiko-check-umzug,0,1,0%,3,nicht verfügbar,unverändert behalten
https://www.floxant.de/blog/umzug-ist-kein-transportproblem,de,überregional,Ratgeber,Umzug/Transport,informational,200,index,https://www.floxant.de/blog/umzug-ist-kein-transportproblem,de-DE:https://www.floxant.de/blog/umzug-ist-kein-transportproblem | x-default:https://www.floxant.de/blog/umzug-ist-kein-transportproblem,0,0,0%,nicht verfügbar,nicht verfügbar,unverändert behalten
https://www.floxant.de/blog/billige-umzugsangebote-risiko,de,überregional,Ratgeber,Umzug/Transport,informational,200,index,https://www.floxant.de/blog/billige-umzugsangebote-risiko,de-DE:https://www.floxant.de/blog/billige-umzugsangebote-risiko | x-default:https://www.floxant.de/blog/billige-umzugsangebote-risiko,0,0,0%,nicht verfügbar,nicht verfügbar,unverändert behalten
https://www.floxant.de/blog/wohnung-uebergabebereit-machen,de,überregional,Ratgeber,übergreifend,informational,200,index,https://www.floxant.de/blog/wohnung-uebergabebereit-machen,de-DE:https://www.floxant.de/blog/wohnung-uebergabebereit-machen | x-default:https://www.floxant.de/blog/wohnung-uebergabebereit-machen,0,4,0%,2.25,nicht verfügbar,unverändert behalten
https://www.floxant.de/blog/entruempelung-vor-wohnungsuebergabe,de,überregional,Ratgeber,Räumung/Auflösung,informational,200,index,https://www.floxant.de/blog/entruempelung-vor-wohnungsuebergabe,de-DE:https://www.floxant.de/blog/entruempelung-vor-wohnungsuebergabe | x-default:https://www.floxant.de/blog/entruempelung-vor-wohnungsuebergabe,0,4,0%,8.5,nicht verfügbar,unverändert behalten
https://www.floxant.de/blog/remote-move-out-service,de,überregional,Ratgeber,übergreifend,informational,200,index,https://www.floxant.de/blog/remote-move-out-service,de-DE:https://www.floxant.de/blog/remote-move-out-service | x-default:https://www.floxant.de/blog/remote-move-out-service,0,0,0%,nicht verfügbar,nicht verfügbar,unverändert behalten
https://www.floxant.de/blog/seniorenumzug-fuer-angehoerige,de,überregional,Ratgeber,Umzug/Transport,informational,200,index,https://www.floxant.de/blog/seniorenumzug-fuer-angehoerige,de-DE:https://www.floxant.de/blog/seniorenumzug-fuer-angehoerige | x-default:https://www.floxant.de/blog/seniorenumzug-fuer-angehoerige,0,0,0%,nicht verfügbar,nicht verfügbar,unverändert behalten
https://www.floxant.de/blog/diskreter-umzug-sensible-situationen,de,überregional,Ratgeber,Umzug/Transport,informational,200,index,https://www.floxant.de/blog/diskreter-umzug-sensible-situationen,de-DE:https://www.floxant.de/blog/diskreter-umzug-sensible-situationen | x-default:https://www.floxant.de/blog/diskreter-umzug-sensible-situationen,0,3,0%,5.33,nicht verfügbar,unverändert behalten
https://www.floxant.de/blog/nachlassraeumung-mit-respekt,de,überregional,Ratgeber,übergreifend,informational,200,index,https://www.floxant.de/blog/nachlassraeumung-mit-respekt,de-DE:https://www.floxant.de/blog/nachlassraeumung-mit-respekt | x-default:https://www.floxant.de/blog/nachlassraeumung-mit-respekt,0,1,0%,6,nicht verfügbar,unverändert behalten
https://www.floxant.de/blog/berufsumzug-wenig-zeit,de,überregional,Ratgeber,Umzug/Transport,informational,200,index,https://www.floxant.de/blog/berufsumzug-wenig-zeit,de-DE:https://www.floxant.de/blog/berufsumzug-wenig-zeit | x-default:https://www.floxant.de/blog/berufsumzug-wenig-zeit,0,0,0%,nicht verfügbar,nicht verfügbar,unverändert behalten
https://www.floxant.de/blog/service-fuer-hausverwaltungen,de,überregional,Ratgeber,übergreifend,informational,200,index,https://www.floxant.de/blog/service-fuer-hausverwaltungen,de-DE:https://www.floxant.de/blog/service-fuer-hausverwaltungen | x-default:https://www.floxant.de/blog/service-fuer-hausverwaltungen,0,0,0%,nicht verfügbar,nicht verfügbar,unverändert behalten
https://www.floxant.de/blog/service-fuer-makler,de,überregional,Ratgeber,übergreifend,informational,200,index,https://www.floxant.de/blog/service-fuer-makler,de-DE:https://www.floxant.de/blog/service-fuer-makler | x-default:https://www.floxant.de/blog/service-fuer-makler,0,0,0%,nicht verfügbar,nicht verfügbar,unverändert behalten
https://www.floxant.de/blog/gewerbe-auszug-rueckgabevorbereitung,de,überregional,Ratgeber,übergreifend,informational,200,index,https://www.floxant.de/blog/gewerbe-auszug-rueckgabevorbereitung,de-DE:https://www.floxant.de/blog/gewerbe-auszug-rueckgabevorbereitung | x-default:https://www.floxant.de/blog/gewerbe-auszug-rueckgabevorbereitung,0,3,0%,7.33,nicht verfügbar,unverändert behalten
https://www.floxant.de/blog/umzug-reinigung-entruempelung-regensburg-koordinieren,de,Regensburg,Ratgeber,Reinigung,informational,200,index,https://www.floxant.de/blog/umzug-reinigung-entruempelung-regensburg-koordinieren,de-DE:https://www.floxant.de/blog/umzug-reinigung-entruempelung-regensburg-koordinieren | x-default:https://www.floxant.de/blog/umzug-reinigung-entruempelung-regensburg-koordinieren,0,0,0%,nicht verfügbar,nicht verfügbar,unverändert behalten
https://www.floxant.de/blog/wohnungsuebergabe-regensburg-vorbereiten,de,Regensburg,Ratgeber,übergreifend,informational,200,index,https://www.floxant.de/blog/wohnungsuebergabe-regensburg-vorbereiten,de-DE:https://www.floxant.de/blog/wohnungsuebergabe-regensburg-vorbereiten | x-default:https://www.floxant.de/blog/wohnungsuebergabe-regensburg-vorbereiten,0,0,0%,nicht verfügbar,nicht verfügbar,unverändert behalten
https://www.floxant.de/blog/umzug-kosten-regensburg,de,Regensburg,Ratgeber,Umzug/Transport,informational,200,index,https://www.floxant.de/blog/umzug-kosten-regensburg,de-DE:https://www.floxant.de/blog/umzug-kosten-regensburg | x-default:https://www.floxant.de/blog/umzug-kosten-regensburg,0,1,0%,5,nicht verfügbar,unverändert behalten
https://www.floxant.de/blog/leer-rueckfahrt-regensburg-firmen-moebeltransport,de,Regensburg,Ratgeber,Umzug/Transport,informational,200,index,https://www.floxant.de/blog/leer-rueckfahrt-regensburg-firmen-moebeltransport,de-DE:https://www.floxant.de/blog/leer-rueckfahrt-regensburg-firmen-moebeltransport | x-default:https://www.floxant.de/blog/leer-rueckfahrt-regensburg-firmen-moebeltransport,0,0,0%,nicht verfügbar,nicht verfügbar,unverändert behalten
https://www.floxant.de/blog/bueroumzug-regensburg-kostenfaktoren-checkliste,de,Regensburg,Ratgeber,Umzug/Transport,informational,200,index,https://www.floxant.de/blog/bueroumzug-regensburg-kostenfaktoren-checkliste,de-DE:https://www.floxant.de/blog/bueroumzug-regensburg-kostenfaktoren-checkliste | x-default:https://www.floxant.de/blog/bueroumzug-regensburg-kostenfaktoren-checkliste,0,0,0%,nicht verfügbar,nicht verfügbar,unverändert behalten
https://www.floxant.de/blog/firmenentsorgung-buero-inventar-regensburg,de,Regensburg,Ratgeber,übergreifend,informational,200,index,https://www.floxant.de/blog/firmenentsorgung-buero-inventar-regensburg,de-DE:https://www.floxant.de/blog/firmenentsorgung-buero-inventar-regensburg | x-default:https://www.floxant.de/blog/firmenentsorgung-buero-inventar-regensburg,0,0,0%,nicht verfügbar,nicht verfügbar,unverändert behalten
https://www.floxant.de/blog/entruempelung-bayern-leitfaden,de,überregional,Ratgeber,Räumung/Auflösung,informational,200,index,https://www.floxant.de/blog/entruempelung-bayern-leitfaden,nicht vorhanden,0,0,0%,nicht verfügbar,nicht verfügbar,unverändert behalten
https://www.floxant.de/blog/entrumpelung-kosten-bayern,de,überregional,Ratgeber,übergreifend,informational,200,index,https://www.floxant.de/blog/entrumpelung-kosten-bayern,de-DE:https://www.floxant.de/blog/entrumpelung-kosten-bayern | x-default:https://www.floxant.de/blog/entrumpelung-kosten-bayern,0,0,0%,nicht verfügbar,nicht verfügbar,unverändert behalten
https://www.floxant.de/blog/umzug-checkliste,de,überregional,Ratgeber,Umzug/Transport,informational,200,index,https://www.floxant.de/blog/umzug-checkliste,de-DE:https://www.floxant.de/blog/umzug-checkliste | x-default:https://www.floxant.de/blog/umzug-checkliste,0,0,0%,nicht verfügbar,nicht verfügbar,unverändert behalten
https://www.floxant.de/blog/umzug-regensburg-tipps,de,Regensburg,Ratgeber,Umzug/Transport,informational,200,index,https://www.floxant.de/blog/umzug-regensburg-tipps,nicht vorhanden,0,17,0%,8.88,nicht verfügbar,unverändert behalten
https://www.floxant.de/blog/umzug-tipps-bayern,de,überregional,Ratgeber,Umzug/Transport,informational,200,index,https://www.floxant.de/blog/umzug-tipps-bayern,de-DE:https://www.floxant.de/blog/umzug-tipps-bayern | x-default:https://www.floxant.de/blog/umzug-tipps-bayern,0,0,0%,nicht verfügbar,nicht verfügbar,unverändert behalten
https://www.floxant.de/blog/wohnungsaufloesung-was-tun,de,überregional,Ratgeber,Räumung/Auflösung,informational,200,index,https://www.floxant.de/blog/wohnungsaufloesung-was-tun,de-DE:https://www.floxant.de/blog/wohnungsaufloesung-was-tun | x-default:https://www.floxant.de/blog/wohnungsaufloesung-was-tun,0,50,0%,26.76,nicht verfügbar,unverändert behalten
https://www.floxant.de/blog/umzug-planen-schritt-fuer-schritt,de,überregional,Ratgeber,Umzug/Transport,informational,200,index,https://www.floxant.de/blog/umzug-planen-schritt-fuer-schritt,de-DE:https://www.floxant.de/blog/umzug-planen-schritt-fuer-schritt | x-default:https://www.floxant.de/blog/umzug-planen-schritt-fuer-schritt,0,0,0%,nicht verfügbar,nicht verfügbar,unverändert behalten
https://www.floxant.de/blog/umzugskosten-senken-7-tipps,de,überregional,Ratgeber,Umzug/Transport,informational,200,index,https://www.floxant.de/blog/umzugskosten-senken-7-tipps,de-DE:https://www.floxant.de/blog/umzugskosten-senken-7-tipps | x-default:https://www.floxant.de/blog/umzugskosten-senken-7-tipps,0,2,0%,56,nicht verfügbar,unverändert behalten
https://www.floxant.de/blog/wohnungsuebergabe-protokoll-guide,de,überregional,Ratgeber,übergreifend,informational,200,index,https://www.floxant.de/blog/wohnungsuebergabe-protokoll-guide,de-DE:https://www.floxant.de/blog/wohnungsuebergabe-protokoll-guide | x-default:https://www.floxant.de/blog/wohnungsuebergabe-protokoll-guide,0,0,0%,nicht verfügbar,nicht verfügbar,unverändert behalten
https://www.floxant.de/blog/fernumzug-bayern-nrw-tipps,de,überregional,Ratgeber,Umzug/Transport,informational,200,index,https://www.floxant.de/blog/fernumzug-bayern-nrw-tipps,de-DE:https://www.floxant.de/blog/fernumzug-bayern-nrw-tipps | x-default:https://www.floxant.de/blog/fernumzug-bayern-nrw-tipps,0,4,0%,6.25,nicht verfügbar,unverändert behalten
https://www.floxant.de/blog/umzug-mit-kindern-stressfrei,de,überregional,Ratgeber,Umzug/Transport,informational,200,index,https://www.floxant.de/blog/umzug-mit-kindern-stressfrei,de-DE:https://www.floxant.de/blog/umzug-mit-kindern-stressfrei | x-default:https://www.floxant.de/blog/umzug-mit-kindern-stressfrei,0,1,0%,22,nicht verfügbar,unverändert behalten
https://www.floxant.de/blog/warum-floxant-die-beste-wahl-ist,de,überregional,Ratgeber,übergreifend,informational,200,index,https://www.floxant.de/blog/warum-floxant-die-beste-wahl-ist,de-DE:https://www.floxant.de/blog/warum-floxant-die-beste-wahl-ist | x-default:https://www.floxant.de/blog/warum-floxant-die-beste-wahl-ist,0,0,0%,nicht verfügbar,nicht verfügbar,unverändert behalten
https://www.floxant.de/blog/regensburg-direkt-buchen-statt-vergleichsportal,de,Regensburg,Ratgeber,übergreifend,informational,200,index,https://www.floxant.de/blog/regensburg-direkt-buchen-statt-vergleichsportal,de-DE:https://www.floxant.de/blog/regensburg-direkt-buchen-statt-vergleichsportal | x-default:https://www.floxant.de/blog/regensburg-direkt-buchen-statt-vergleichsportal,0,0,0%,nicht verfügbar,nicht verfügbar,unverändert behalten
https://www.floxant.de/blog/google-maps-regensburg-direkt-anfragen,de,Regensburg,Ratgeber,übergreifend,informational,200,index,https://www.floxant.de/blog/google-maps-regensburg-direkt-anfragen,de-DE:https://www.floxant.de/blog/google-maps-regensburg-direkt-anfragen | x-default:https://www.floxant.de/blog/google-maps-regensburg-direkt-anfragen,0,2,0%,1,nicht verfügbar,unverändert behalten
https://www.floxant.de/blog/umzugsfirma-regensburg-google-maps-vertrauen,de,Regensburg,Ratgeber,Umzug/Transport,informational,200,index,https://www.floxant.de/blog/umzugsfirma-regensburg-google-maps-vertrauen,de-DE:https://www.floxant.de/blog/umzugsfirma-regensburg-google-maps-vertrauen | x-default:https://www.floxant.de/blog/umzugsfirma-regensburg-google-maps-vertrauen,0,0,0%,nicht verfügbar,nicht verfügbar,unverändert behalten
https://www.floxant.de/blog/anfrage-regensburg-richtig-stellen,de,Regensburg,Ratgeber,übergreifend,informational,200,index,https://www.floxant.de/blog/anfrage-regensburg-richtig-stellen,de-DE:https://www.floxant.de/blog/anfrage-regensburg-richtig-stellen | x-default:https://www.floxant.de/blog/anfrage-regensburg-richtig-stellen,0,0,0%,nicht verfügbar,nicht verfügbar,unverändert behalten
https://www.floxant.de/blog/google-unternehmensprofil-buchungslink-regensburg,de,Regensburg,Ratgeber,übergreifend,informational,200,index,https://www.floxant.de/blog/google-unternehmensprofil-buchungslink-regensburg,de-DE:https://www.floxant.de/blog/google-unternehmensprofil-buchungslink-regensburg | x-default:https://www.floxant.de/blog/google-unternehmensprofil-buchungslink-regensburg,0,4,0%,3,nicht verfügbar,unverändert behalten
https://www.floxant.de/blog/grosse-reinigungsauftraege-regensburg-buero-hotel-praxis,de,Regensburg,Ratgeber,Reinigung,informational,200,index,https://www.floxant.de/blog/grosse-reinigungsauftraege-regensburg-buero-hotel-praxis,de-DE:https://www.floxant.de/blog/grosse-reinigungsauftraege-regensburg-buero-hotel-praxis | x-default:https://www.floxant.de/blog/grosse-reinigungsauftraege-regensburg-buero-hotel-praxis,0,0,0%,nicht verfügbar,nicht verfügbar,unverändert behalten
https://www.floxant.de/blog/lokaler-dienstleister-regensburg-vorteile,de,Regensburg,Ratgeber,übergreifend,informational,200,index,https://www.floxant.de/blog/lokaler-dienstleister-regensburg-vorteile,de-DE:https://www.floxant.de/blog/lokaler-dienstleister-regensburg-vorteile | x-default:https://www.floxant.de/blog/lokaler-dienstleister-regensburg-vorteile,0,0,0%,nicht verfügbar,nicht verfügbar,unverändert behalten
https://www.floxant.de/blog/umzugsunternehmen-regensburg-auswahl,de,Regensburg,Ratgeber,Umzug/Transport,informational,200,index,https://www.floxant.de/blog/umzugsunternehmen-regensburg-auswahl,de-DE:https://www.floxant.de/blog/umzugsunternehmen-regensburg-auswahl | x-default:https://www.floxant.de/blog/umzugsunternehmen-regensburg-auswahl,0,0,0%,nicht verfügbar,nicht verfügbar,unverändert behalten
https://www.floxant.de/blog/reinigungsfirma-regensburg-buero-praxis-auswahl,de,Regensburg,Ratgeber,Reinigung,informational,200,index,https://www.floxant.de/blog/reinigungsfirma-regensburg-buero-praxis-auswahl,de-DE:https://www.floxant.de/blog/reinigungsfirma-regensburg-buero-praxis-auswahl | x-default:https://www.floxant.de/blog/reinigungsfirma-regensburg-buero-praxis-auswahl,0,0,0%,nicht verfügbar,nicht verfügbar,unverändert behalten
https://www.floxant.de/blog/unterhaltsreinigung-regensburg-buero-praxis-hotel,de,Regensburg,Ratgeber,Reinigung,informational,200,index,https://www.floxant.de/blog/unterhaltsreinigung-regensburg-buero-praxis-hotel,de-DE:https://www.floxant.de/blog/unterhaltsreinigung-regensburg-buero-praxis-hotel | x-default:https://www.floxant.de/blog/unterhaltsreinigung-regensburg-buero-praxis-hotel,0,1,0%,6,nicht verfügbar,unverändert behalten
https://www.floxant.de/blog/private-client-umzug-bayern-diskret-planen,de,überregional,Ratgeber,Umzug/Transport,informational,200,index,https://www.floxant.de/blog/private-client-umzug-bayern-diskret-planen,de-DE:https://www.floxant.de/blog/private-client-umzug-bayern-diskret-planen | x-default:https://www.floxant.de/blog/private-client-umzug-bayern-diskret-planen,0,0,0%,nicht verfügbar,nicht verfügbar,unverändert behalten
https://www.floxant.de/blog/family-office-umzug-bayern-diskret-abstimmen,de,überregional,Ratgeber,Umzug/Transport,informational,200,index,https://www.floxant.de/blog/family-office-umzug-bayern-diskret-abstimmen,de-DE:https://www.floxant.de/blog/family-office-umzug-bayern-diskret-abstimmen | x-default:https://www.floxant.de/blog/family-office-umzug-bayern-diskret-abstimmen,0,0,0%,nicht verfügbar,nicht verfügbar,unverändert behalten
https://www.floxant.de/blog/direkt-anfragen-statt-vergleichsportal-regensburg,de,Regensburg,Ratgeber,übergreifend,informational,200,index,https://www.floxant.de/blog/direkt-anfragen-statt-vergleichsportal-regensburg,de-DE:https://www.floxant.de/blog/direkt-anfragen-statt-vergleichsportal-regensburg | x-default:https://www.floxant.de/blog/direkt-anfragen-statt-vergleichsportal-regensburg,0,0,0%,nicht verfügbar,nicht verfügbar,unverändert behalten
https://www.floxant.de/blog/preisrahmen-vorpruefung-statt-festpreis,de,überregional,Ratgeber,übergreifend,informational,200,index,https://www.floxant.de/blog/preisrahmen-vorpruefung-statt-festpreis,de-DE:https://www.floxant.de/blog/preisrahmen-vorpruefung-statt-festpreis | x-default:https://www.floxant.de/blog/preisrahmen-vorpruefung-statt-festpreis,0,0,0%,nicht verfügbar,nicht verfügbar,unverändert behalten
https://www.floxant.de/blog/budget-planung-umzug-kosten,de,überregional,Ratgeber,Umzug/Transport,informational,200,index,https://www.floxant.de/blog/budget-planung-umzug-kosten,de-DE:https://www.floxant.de/blog/budget-planung-umzug-kosten | x-default:https://www.floxant.de/blog/budget-planung-umzug-kosten,0,4,0%,6.75,nicht verfügbar,unverändert behalten
https://www.floxant.de/blog/signatur-services-floxant-bayern,de,überregional,Ratgeber,übergreifend,informational,200,index,https://www.floxant.de/blog/signatur-services-floxant-bayern,de-DE:https://www.floxant.de/blog/signatur-services-floxant-bayern | x-default:https://www.floxant.de/blog/signatur-services-floxant-bayern,0,0,0%,nicht verfügbar,nicht verfügbar,unverändert behalten
https://www.floxant.de/blog/regensburg-bayern-servicegebiet-richtig-planen,de,Regensburg,Ratgeber,übergreifend,informational,200,index,https://www.floxant.de/blog/regensburg-bayern-servicegebiet-richtig-planen,de-DE:https://www.floxant.de/blog/regensburg-bayern-servicegebiet-richtig-planen | x-default:https://www.floxant.de/blog/regensburg-bayern-servicegebiet-richtig-planen,0,1,0%,6,nicht verfügbar,unverändert behalten
https://www.floxant.de/blog/endreinigung-regensburg-checkliste,de,Regensburg,Ratgeber,Reinigung,informational,200,index,https://www.floxant.de/blog/endreinigung-regensburg-checkliste,de-DE:https://www.floxant.de/blog/endreinigung-regensburg-checkliste | x-default:https://www.floxant.de/blog/endreinigung-regensburg-checkliste,0,0,0%,nicht verfügbar,nicht verfügbar,unverändert behalten
https://www.floxant.de/blog/beiladung-bayern-wann-lohnt-es-sich,de,überregional,Ratgeber,Umzug/Transport,informational,200,index,https://www.floxant.de/blog/beiladung-bayern-wann-lohnt-es-sich,de-DE:https://www.floxant.de/blog/beiladung-bayern-wann-lohnt-es-sich | x-default:https://www.floxant.de/blog/beiladung-bayern-wann-lohnt-es-sich,0,2,0%,6.5,nicht verfügbar,unverändert behalten
https://www.floxant.de/blog/umzug-mit-reinigung-regensburg,de,Regensburg,Ratgeber,Reinigung,informational,200,index,https://www.floxant.de/blog/umzug-mit-reinigung-regensburg,de-DE:https://www.floxant.de/blog/umzug-mit-reinigung-regensburg | x-default:https://www.floxant.de/blog/umzug-mit-reinigung-regensburg,0,0,0%,nicht verfügbar,nicht verfügbar,unverändert behalten
https://www.floxant.de/blog/preisvorstellung-umzug-anfrage,de,überregional,Ratgeber,Umzug/Transport,informational,200,index,https://www.floxant.de/blog/preisvorstellung-umzug-anfrage,de-DE:https://www.floxant.de/blog/preisvorstellung-umzug-anfrage | x-default:https://www.floxant.de/blog/preisvorstellung-umzug-anfrage,0,0,0%,nicht verfügbar,nicht verfügbar,unverändert behalten
https://www.floxant.de/blog/schluesseluebergabe-ohne-stress,de,überregional,Ratgeber,übergreifend,informational,200,index,https://www.floxant.de/blog/schluesseluebergabe-ohne-stress,de-DE:https://www.floxant.de/blog/schluesseluebergabe-ohne-stress | x-default:https://www.floxant.de/blog/schluesseluebergabe-ohne-stress,0,2,0%,4.5,nicht verfügbar,unverändert behalten
https://www.floxant.de/blog/einlagerung-beim-umzug-wann-sinnvoll,de,überregional,Ratgeber,Umzug/Transport,informational,200,index,https://www.floxant.de/blog/einlagerung-beim-umzug-wann-sinnvoll,de-DE:https://www.floxant.de/blog/einlagerung-beim-umzug-wann-sinnvoll | x-default:https://www.floxant.de/blog/einlagerung-beim-umzug-wann-sinnvoll,0,0,0%,nicht verfügbar,nicht verfügbar,unverändert behalten
https://www.floxant.de/blog/express-umzug-regensburg,de,Regensburg,Ratgeber,Umzug/Transport,informational,200,index,https://www.floxant.de/blog/express-umzug-regensburg,de-DE:https://www.floxant.de/blog/express-umzug-regensburg | x-default:https://www.floxant.de/blog/express-umzug-regensburg,0,0,0%,nicht verfügbar,nicht verfügbar,unverändert behalten
https://www.floxant.de/blog/google-maps-buchungslink-regensburg,de,Regensburg,Ratgeber,übergreifend,informational,200,index,https://www.floxant.de/blog/google-maps-buchungslink-regensburg,de-DE:https://www.floxant.de/blog/google-maps-buchungslink-regensburg | x-default:https://www.floxant.de/blog/google-maps-buchungslink-regensburg,0,4,0%,6,nicht verfügbar,unverändert behalten
https://www.floxant.de/blog/gewerbereinigung-regensburg-objekte-b2b,de,Regensburg,Ratgeber,Reinigung,informational,200,index,https://www.floxant.de/blog/gewerbereinigung-regensburg-objekte-b2b,de-DE:https://www.floxant.de/blog/gewerbereinigung-regensburg-objekte-b2b | x-default:https://www.floxant.de/blog/gewerbereinigung-regensburg-objekte-b2b,0,0,0%,nicht verfügbar,nicht verfügbar,unverändert behalten
https://www.floxant.de/blog/hausverwaltung-treppenhausreinigung-regensburg,de,Regensburg,Ratgeber,Reinigung,informational,200,index,https://www.floxant.de/blog/hausverwaltung-treppenhausreinigung-regensburg,de-DE:https://www.floxant.de/blog/hausverwaltung-treppenhausreinigung-regensburg | x-default:https://www.floxant.de/blog/hausverwaltung-treppenhausreinigung-regensburg,0,5,0%,7.6,nicht verfügbar,unverändert behalten
https://www.floxant.de/blog/bueroreinigung-regensburg-angebot-einholen,de,Regensburg,Ratgeber,Reinigung,informational,200,index,https://www.floxant.de/blog/bueroreinigung-regensburg-angebot-einholen,de-DE:https://www.floxant.de/blog/bueroreinigung-regensburg-angebot-einholen | x-default:https://www.floxant.de/blog/bueroreinigung-regensburg-angebot-einholen,0,0,0%,nicht verfügbar,nicht verfügbar,unverändert behalten
https://www.floxant.de/blog/bueroumzug-bayern-ohne-betriebsstillstand,de,überregional,Ratgeber,Umzug/Transport,informational,200,index,https://www.floxant.de/blog/bueroumzug-bayern-ohne-betriebsstillstand,de-DE:https://www.floxant.de/blog/bueroumzug-bayern-ohne-betriebsstillstand | x-default:https://www.floxant.de/blog/bueroumzug-bayern-ohne-betriebsstillstand,0,0,0%,nicht verfügbar,nicht verfügbar,unverändert behalten
https://www.floxant.de/blog/floxant-services-nach-situation-finden,de,überregional,Ratgeber,übergreifend,informational,200,index,https://www.floxant.de/blog/floxant-services-nach-situation-finden,de-DE:https://www.floxant.de/blog/floxant-services-nach-situation-finden | x-default:https://www.floxant.de/blog/floxant-services-nach-situation-finden,0,0,0%,nicht verfügbar,nicht verfügbar,unverändert behalten
https://www.floxant.de/blog/signature-services-extra-spezialfaelle-floxant,de,überregional,Ratgeber,übergreifend,informational,200,index,https://www.floxant.de/blog/signature-services-extra-spezialfaelle-floxant,de-DE:https://www.floxant.de/blog/signature-services-extra-spezialfaelle-floxant | x-default:https://www.floxant.de/blog/signature-services-extra-spezialfaelle-floxant,0,0,0%,nicht verfügbar,nicht verfügbar,unverändert behalten
https://www.floxant.de/blog/regensburg-reinigung-services-gewerbe-praxis-hausverwaltung,de,Regensburg,Ratgeber,Reinigung,informational,200,index,https://www.floxant.de/blog/regensburg-reinigung-services-gewerbe-praxis-hausverwaltung,de-DE:https://www.floxant.de/blog/regensburg-reinigung-services-gewerbe-praxis-hausverwaltung | x-default:https://www.floxant.de/blog/regensburg-reinigung-services-gewerbe-praxis-hausverwaltung,0,4,0%,79,nicht verfügbar,unverändert behalten
https://www.floxant.de/blog/regensburg-services-umzug-reinigung-entruempelung-uebergabe,de,Regensburg,Ratgeber,Reinigung,informational,200,index,https://www.floxant.de/blog/regensburg-services-umzug-reinigung-entruempelung-uebergabe,de-DE:https://www.floxant.de/blog/regensburg-services-umzug-reinigung-entruempelung-uebergabe | x-default:https://www.floxant.de/blog/regensburg-services-umzug-reinigung-entruempelung-uebergabe,0,3,0%,9.67,nicht verfügbar,unverändert behalten
https://www.floxant.de/blog/objektservice-hausverwaltung-mieterwechsel-leerstand-floxant,de,überregional,Ratgeber,übergreifend,informational,200,index,https://www.floxant.de/blog/objektservice-hausverwaltung-mieterwechsel-leerstand-floxant,de-DE:https://www.floxant.de/blog/objektservice-hausverwaltung-mieterwechsel-leerstand-floxant | x-default:https://www.floxant.de/blog/objektservice-hausverwaltung-mieterwechsel-leerstand-floxant,0,0,0%,nicht verfügbar,nicht verfügbar,unverändert behalten
https://www.floxant.de/blog/welcher-floxant-service-passt,de,überregional,Ratgeber,übergreifend,informational,200,index,https://www.floxant.de/blog/welcher-floxant-service-passt,de-DE:https://www.floxant.de/blog/welcher-floxant-service-passt | x-default:https://www.floxant.de/blog/welcher-floxant-service-passt,0,0,0%,nicht verfügbar,nicht verfügbar,unverändert behalten
https://www.floxant.de/blog/umzug-reinigung-entruempelung-wer-hilft-regensburg,de,Regensburg,Ratgeber,Reinigung,informational,200,index,https://www.floxant.de/blog/umzug-reinigung-entruempelung-wer-hilft-regensburg,de-DE:https://www.floxant.de/blog/umzug-reinigung-entruempelung-wer-hilft-regensburg | x-default:https://www.floxant.de/blog/umzug-reinigung-entruempelung-wer-hilft-regensburg,0,1,0%,1,nicht verfügbar,unverändert behalten
https://www.floxant.de/blog/regensburg-reinigung-floxant-klare-trennung,de,Regensburg,Ratgeber,Reinigung,informational,200,index,https://www.floxant.de/blog/regensburg-reinigung-floxant-klare-trennung,de-DE:https://www.floxant.de/blog/regensburg-reinigung-floxant-klare-trennung | x-default:https://www.floxant.de/blog/regensburg-reinigung-floxant-klare-trennung,0,0,0%,nicht verfügbar,nicht verfügbar,unverändert behalten
https://www.floxant.de/blog/angebot-pruefen-lassen-wann-floxant-sinnvoll-ist,de,überregional,Ratgeber,Angebotsprüfung,informational,200,index,https://www.floxant.de/blog/angebot-pruefen-lassen-wann-floxant-sinnvoll-ist,de-DE:https://www.floxant.de/blog/angebot-pruefen-lassen-wann-floxant-sinnvoll-ist | x-default:https://www.floxant.de/blog/angebot-pruefen-lassen-wann-floxant-sinnvoll-ist,0,16,0%,10.5,nicht verfügbar,unverändert behalten
https://www.floxant.de/blog/nicht-vor-ort-schluessel-fotos-uebergabe-floxant,de,überregional,Ratgeber,übergreifend,informational,200,index,https://www.floxant.de/blog/nicht-vor-ort-schluessel-fotos-uebergabe-floxant,de-DE:https://www.floxant.de/blog/nicht-vor-ort-schluessel-fotos-uebergabe-floxant | x-default:https://www.floxant.de/blog/nicht-vor-ort-schluessel-fotos-uebergabe-floxant,0,1,0%,6,nicht verfügbar,unverändert behalten
https://www.floxant.de/blog/entruempelung-endreinigung-uebergabe-regensburg-kombinieren,de,Regensburg,Ratgeber,Reinigung,informational,200,index,https://www.floxant.de/blog/entruempelung-endreinigung-uebergabe-regensburg-kombinieren,de-DE:https://www.floxant.de/blog/entruempelung-endreinigung-uebergabe-regensburg-kombinieren | x-default:https://www.floxant.de/blog/entruempelung-endreinigung-uebergabe-regensburg-kombinieren,0,0,0%,nicht verfügbar,nicht verfügbar,unverändert behalten
https://www.floxant.de/blog/regensburg-buero-praxis-hausverwaltung-reinigung-anfrage,de,Regensburg,Ratgeber,Reinigung,informational,200,index,https://www.floxant.de/blog/regensburg-buero-praxis-hausverwaltung-reinigung-anfrage,de-DE:https://www.floxant.de/blog/regensburg-buero-praxis-hausverwaltung-reinigung-anfrage | x-default:https://www.floxant.de/blog/regensburg-buero-praxis-hausverwaltung-reinigung-anfrage,0,2,0%,16.5,nicht verfügbar,unverändert behalten
https://www.floxant.de/blog/hausverwaltung-weg-mieterwechsel-objektbetreuung-floxant,de,überregional,Ratgeber,übergreifend,informational,200,index,https://www.floxant.de/blog/hausverwaltung-weg-mieterwechsel-objektbetreuung-floxant,de-DE:https://www.floxant.de/blog/hausverwaltung-weg-mieterwechsel-objektbetreuung-floxant | x-default:https://www.floxant.de/blog/hausverwaltung-weg-mieterwechsel-objektbetreuung-floxant,0,4,0%,9.75,nicht verfügbar,unverändert behalten
https://www.floxant.de/blog/angebot-anderer-firma-pruefen-regensburg,de,Regensburg,Ratgeber,Angebotsprüfung,informational,200,index,https://www.floxant.de/blog/angebot-anderer-firma-pruefen-regensburg,de-DE:https://www.floxant.de/blog/angebot-anderer-firma-pruefen-regensburg | x-default:https://www.floxant.de/blog/angebot-anderer-firma-pruefen-regensburg,0,1,0%,8,nicht verfügbar,unverändert behalten
https://www.floxant.de/blog/umzugsangebot-pruefen-regensburg-bayern,de,Regensburg,Ratgeber,Umzug/Transport,informational,200,index,https://www.floxant.de/blog/umzugsangebot-pruefen-regensburg-bayern,de-DE:https://www.floxant.de/blog/umzugsangebot-pruefen-regensburg-bayern | x-default:https://www.floxant.de/blog/umzugsangebot-pruefen-regensburg-bayern,0,0,0%,nicht verfügbar,nicht verfügbar,unverändert behalten
https://www.floxant.de/blog/reinigungsangebot-pruefen-regensburg,de,Regensburg,Ratgeber,Reinigung,informational,200,index,https://www.floxant.de/blog/reinigungsangebot-pruefen-regensburg,de-DE:https://www.floxant.de/blog/reinigungsangebot-pruefen-regensburg | x-default:https://www.floxant.de/blog/reinigungsangebot-pruefen-regensburg,0,0,0%,nicht verfügbar,nicht verfügbar,unverändert behalten
https://www.floxant.de/blog/grundreinigung-regensburg-angebot-kosten-pruefen,de,Regensburg,Ratgeber,Reinigung,informational,200,index,https://www.floxant.de/blog/grundreinigung-regensburg-angebot-kosten-pruefen,de-DE:https://www.floxant.de/blog/grundreinigung-regensburg-angebot-kosten-pruefen | x-default:https://www.floxant.de/blog/grundreinigung-regensburg-angebot-kosten-pruefen,0,5,0%,6.4,nicht verfügbar,unverändert behalten
https://www.floxant.de/blog/buero-praxisreinigung-regensburg-angebot,de,Regensburg,Ratgeber,Reinigung,informational,200,index,https://www.floxant.de/blog/buero-praxisreinigung-regensburg-angebot,de-DE:https://www.floxant.de/blog/buero-praxisreinigung-regensburg-angebot | x-default:https://www.floxant.de/blog/buero-praxisreinigung-regensburg-angebot,0,0,0%,nicht verfügbar,nicht verfügbar,unverändert behalten
https://www.floxant.de/blog/treppenhausreinigung-regensburg-hausverwaltung-angebot,de,Regensburg,Ratgeber,Reinigung,informational,200,index,https://www.floxant.de/blog/treppenhausreinigung-regensburg-hausverwaltung-angebot,de-DE:https://www.floxant.de/blog/treppenhausreinigung-regensburg-hausverwaltung-angebot | x-default:https://www.floxant.de/blog/treppenhausreinigung-regensburg-hausverwaltung-angebot,0,1,0%,56,nicht verfügbar,unverändert behalten
https://www.floxant.de/blog/entsorgungsangebot-pruefen-regensburg-regensburg,de,Regensburg,Ratgeber,Angebotsprüfung,informational,200,index,https://www.floxant.de/blog/entsorgungsangebot-pruefen-regensburg-regensburg,de-DE:https://www.floxant.de/blog/entsorgungsangebot-pruefen-regensburg-regensburg | x-default:https://www.floxant.de/blog/entsorgungsangebot-pruefen-regensburg-regensburg,0,2,0%,10,nicht verfügbar,unverändert behalten
https://www.floxant.de/blog/pauschalpreis-oder-aufwand-angebot-pruefen,de,überregional,Ratgeber,Angebotsprüfung,informational,200,index,https://www.floxant.de/blog/pauschalpreis-oder-aufwand-angebot-pruefen,de-DE:https://www.floxant.de/blog/pauschalpreis-oder-aufwand-angebot-pruefen | x-default:https://www.floxant.de/blog/pauschalpreis-oder-aufwand-angebot-pruefen,0,6,0%,6.83,nicht verfügbar,unverändert behalten
https://www.floxant.de/blog/angebot-ohne-besichtigung-riskant,de,überregional,Ratgeber,Angebotsprüfung,informational,200,index,https://www.floxant.de/blog/angebot-ohne-besichtigung-riskant,de-DE:https://www.floxant.de/blog/angebot-ohne-besichtigung-riskant | x-default:https://www.floxant.de/blog/angebot-ohne-besichtigung-riskant,0,3,0%,3.33,nicht verfügbar,unverändert behalten
https://www.floxant.de/blog/anbieter-hat-abgesagt-was-tun,de,überregional,Ratgeber,übergreifend,informational,200,index,https://www.floxant.de/blog/anbieter-hat-abgesagt-was-tun,de-DE:https://www.floxant.de/blog/anbieter-hat-abgesagt-was-tun | x-default:https://www.floxant.de/blog/anbieter-hat-abgesagt-was-tun,0,6,0%,7.17,nicht verfügbar,unverändert behalten
https://www.floxant.de/blog/entruempelungsangebot-pruefen-serioes,de,überregional,Ratgeber,Räumung/Auflösung,informational,200,index,https://www.floxant.de/blog/entruempelungsangebot-pruefen-serioes,de-DE:https://www.floxant.de/blog/entruempelungsangebot-pruefen-serioes | x-default:https://www.floxant.de/blog/entruempelungsangebot-pruefen-serioes,0,2,0%,6.5,nicht verfügbar,unverändert behalten
https://www.floxant.de/blog/reinigungsangebot-regensburg-pruefen,de,Regensburg,Ratgeber,Reinigung,informational,200,index,https://www.floxant.de/blog/reinigungsangebot-regensburg-pruefen,de-DE:https://www.floxant.de/blog/reinigungsangebot-regensburg-pruefen | x-default:https://www.floxant.de/blog/reinigungsangebot-regensburg-pruefen,0,0,0%,nicht verfügbar,nicht verfügbar,unverändert behalten
https://www.floxant.de/blog/angebot-wirkt-zu-teuer-welche-fragen-stellen,de,überregional,Ratgeber,Angebotsprüfung,informational,200,index,https://www.floxant.de/blog/angebot-wirkt-zu-teuer-welche-fragen-stellen,de-DE:https://www.floxant.de/blog/angebot-wirkt-zu-teuer-welche-fragen-stellen | x-default:https://www.floxant.de/blog/angebot-wirkt-zu-teuer-welche-fragen-stellen,0,10,0%,6.4,nicht verfügbar,unverändert behalten
https://www.floxant.de/blog/praxisreinigung-regensburg-angebot-pruefen,de,Regensburg,Ratgeber,Reinigung,informational,200,index,https://www.floxant.de/blog/praxisreinigung-regensburg-angebot-pruefen,de-DE:https://www.floxant.de/blog/praxisreinigung-regensburg-angebot-pruefen | x-default:https://www.floxant.de/blog/praxisreinigung-regensburg-angebot-pruefen,0,1,0%,11,nicht verfügbar,unverändert behalten
https://www.floxant.de/blog/fensterreinigung-regensburg-angebot-aufwand,de,Regensburg,Ratgeber,Reinigung,informational,200,index,https://www.floxant.de/blog/fensterreinigung-regensburg-angebot-aufwand,de-DE:https://www.floxant.de/blog/fensterreinigung-regensburg-angebot-aufwand | x-default:https://www.floxant.de/blog/fensterreinigung-regensburg-angebot-aufwand,0,2,0%,61,nicht verfügbar,unverändert behalten
https://www.floxant.de/blog/klaviertransport-regensburg-vor-anfrage,de,Regensburg,Ratgeber,Umzug/Transport,informational,200,index,https://www.floxant.de/blog/klaviertransport-regensburg-vor-anfrage,de-DE:https://www.floxant.de/blog/klaviertransport-regensburg-vor-anfrage | x-default:https://www.floxant.de/blog/klaviertransport-regensburg-vor-anfrage,0,1,0%,4,nicht verfügbar,unverändert behalten
https://www.floxant.de/blog/seniorenumzug-regensburg-angehoerige-vorbereiten,de,Regensburg,Ratgeber,Umzug/Transport,informational,200,index,https://www.floxant.de/blog/seniorenumzug-regensburg-angehoerige-vorbereiten,de-DE:https://www.floxant.de/blog/seniorenumzug-regensburg-angehoerige-vorbereiten | x-default:https://www.floxant.de/blog/seniorenumzug-regensburg-angehoerige-vorbereiten,0,1,0%,9,nicht verfügbar,unverändert behalten
https://www.floxant.de/blog/saubere-fotos-vor-wohnungsuebergabe,de,überregional,Ratgeber,übergreifend,informational,200,index,https://www.floxant.de/blog/saubere-fotos-vor-wohnungsuebergabe,de-DE:https://www.floxant.de/blog/saubere-fotos-vor-wohnungsuebergabe | x-default:https://www.floxant.de/blog/saubere-fotos-vor-wohnungsuebergabe,0,3,0%,7,nicht verfügbar,unverändert behalten
https://www.floxant.de/blog/reinigungsergebnis-dokumentieren-regensburg,de,Regensburg,Ratgeber,Reinigung,informational,200,index,https://www.floxant.de/blog/reinigungsergebnis-dokumentieren-regensburg,de-DE:https://www.floxant.de/blog/reinigungsergebnis-dokumentieren-regensburg | x-default:https://www.floxant.de/blog/reinigungsergebnis-dokumentieren-regensburg,0,0,0%,nicht verfügbar,nicht verfügbar,unverändert behalten
https://www.floxant.de/blog/sichtbare-sauberkeit-vermietertermin,de,überregional,Ratgeber,übergreifend,informational,200,index,https://www.floxant.de/blog/sichtbare-sauberkeit-vermietertermin,de-DE:https://www.floxant.de/blog/sichtbare-sauberkeit-vermietertermin | x-default:https://www.floxant.de/blog/sichtbare-sauberkeit-vermietertermin,0,4,0%,6.5,nicht verfügbar,unverändert behalten
https://www.floxant.de/blog/haeufige-gruende-fuer-kautionsabzuege,de,überregional,Ratgeber,übergreifend,informational,200,index,https://www.floxant.de/blog/haeufige-gruende-fuer-kautionsabzuege,de-DE:https://www.floxant.de/blog/haeufige-gruende-fuer-kautionsabzuege | x-default:https://www.floxant.de/blog/haeufige-gruende-fuer-kautionsabzuege,0,0,0%,nicht verfügbar,nicht verfügbar,unverändert behalten
https://www.floxant.de/blog/wohnungsuebergabe-ohne-streit,de,überregional,Ratgeber,übergreifend,informational,200,index,https://www.floxant.de/blog/wohnungsuebergabe-ohne-streit,de-DE:https://www.floxant.de/blog/wohnungsuebergabe-ohne-streit | x-default:https://www.floxant.de/blog/wohnungsuebergabe-ohne-streit,0,0,0%,nicht verfügbar,nicht verfügbar,unverändert behalten
https://www.floxant.de/blog/auszug-checkliste-regensburg,de,Regensburg,Ratgeber,übergreifend,informational,200,index,https://www.floxant.de/blog/auszug-checkliste-regensburg,de-DE:https://www.floxant.de/blog/auszug-checkliste-regensburg | x-default:https://www.floxant.de/blog/auszug-checkliste-regensburg,0,0,0%,nicht verfügbar,nicht verfügbar,unverändert behalten
https://www.floxant.de/blog/schluesseluebergabe-vorbereiten-nicht-vor-ort,de,überregional,Ratgeber,übergreifend,informational,200,index,https://www.floxant.de/blog/schluesseluebergabe-vorbereiten-nicht-vor-ort,de-DE:https://www.floxant.de/blog/schluesseluebergabe-vorbereiten-nicht-vor-ort | x-default:https://www.floxant.de/blog/schluesseluebergabe-vorbereiten-nicht-vor-ort,0,9,0%,13.78,nicht verfügbar,unverändert behalten
https://www.floxant.de/blog/vor-schluesselabgabe-fertig-sein,de,überregional,Ratgeber,übergreifend,informational,200,index,https://www.floxant.de/blog/vor-schluesselabgabe-fertig-sein,de-DE:https://www.floxant.de/blog/vor-schluesselabgabe-fertig-sein | x-default:https://www.floxant.de/blog/vor-schluesselabgabe-fertig-sein,0,0,0%,nicht verfügbar,nicht verfügbar,unverändert behalten
https://www.floxant.de/blog/kurzfristige-reinigung-regensburg-24h-realistisch,de,Regensburg,Ratgeber,Reinigung,informational,200,index,https://www.floxant.de/blog/kurzfristige-reinigung-regensburg-24h-realistisch,de-DE:https://www.floxant.de/blog/kurzfristige-reinigung-regensburg-24h-realistisch | x-default:https://www.floxant.de/blog/kurzfristige-reinigung-regensburg-24h-realistisch,0,2,0%,5,nicht verfügbar,unverändert behalten
https://www.floxant.de/blog/wenn-besuch-oder-uebergabe-morgen-ist,de,überregional,Ratgeber,übergreifend,informational,200,index,https://www.floxant.de/blog/wenn-besuch-oder-uebergabe-morgen-ist,de-DE:https://www.floxant.de/blog/wenn-besuch-oder-uebergabe-morgen-ist | x-default:https://www.floxant.de/blog/wenn-besuch-oder-uebergabe-morgen-ist,0,0,0%,nicht verfügbar,nicht verfügbar,unverändert behalten
https://www.floxant.de/blog/wohnung-wieder-bewohnbar-bekommen,de,überregional,Ratgeber,übergreifend,informational,200,index,https://www.floxant.de/blog/wohnung-wieder-bewohnbar-bekommen,de-DE:https://www.floxant.de/blog/wohnung-wieder-bewohnbar-bekommen | x-default:https://www.floxant.de/blog/wohnung-wieder-bewohnbar-bekommen,0,1,0%,5,nicht verfügbar,unverändert behalten
https://www.floxant.de/blog/reset-nach-party-krankheit-belastung,de,überregional,Ratgeber,übergreifend,informational,200,index,https://www.floxant.de/blog/reset-nach-party-krankheit-belastung,de-DE:https://www.floxant.de/blog/reset-nach-party-krankheit-belastung | x-default:https://www.floxant.de/blog/reset-nach-party-krankheit-belastung,0,1,0%,8,nicht verfügbar,unverändert behalten
https://www.floxant.de/blog/kleine-restaufgaben-mental-gross,de,überregional,Ratgeber,übergreifend,informational,200,index,https://www.floxant.de/blog/kleine-restaufgaben-mental-gross,de-DE:https://www.floxant.de/blog/kleine-restaufgaben-mental-gross | x-default:https://www.floxant.de/blog/kleine-restaufgaben-mental-gross,0,0,0%,nicht verfügbar,nicht verfügbar,unverändert behalten
https://www.floxant.de/blog/gerueche-in-wohnung-vor-uebergabe,de,überregional,Ratgeber,übergreifend,informational,200,index,https://www.floxant.de/blog/gerueche-in-wohnung-vor-uebergabe,de-DE:https://www.floxant.de/blog/gerueche-in-wohnung-vor-uebergabe | x-default:https://www.floxant.de/blog/gerueche-in-wohnung-vor-uebergabe,0,0,0%,nicht verfügbar,nicht verfügbar,unverändert behalten
https://www.floxant.de/blog/kueche-bad-textilien-geruch,de,überregional,Ratgeber,übergreifend,informational,200,index,https://www.floxant.de/blog/kueche-bad-textilien-geruch,de-DE:https://www.floxant.de/blog/kueche-bad-textilien-geruch | x-default:https://www.floxant.de/blog/kueche-bad-textilien-geruch,0,8,0%,8.75,nicht verfügbar,unverändert behalten
https://www.floxant.de/blog/geruchsproblem-dokumentieren-statt-ueberdecken,de,überregional,Ratgeber,übergreifend,informational,200,index,https://www.floxant.de/blog/geruchsproblem-dokumentieren-statt-ueberdecken,de-DE:https://www.floxant.de/blog/geruchsproblem-dokumentieren-statt-ueberdecken | x-default:https://www.floxant.de/blog/geruchsproblem-dokumentieren-statt-ueberdecken,0,3,0%,3.33,nicht verfügbar,unverändert behalten
https://www.floxant.de/blog/vertrauliche-hilfe-belastete-raeume,de,überregional,Ratgeber,übergreifend,informational,200,index,https://www.floxant.de/blog/vertrauliche-hilfe-belastete-raeume,de-DE:https://www.floxant.de/blog/vertrauliche-hilfe-belastete-raeume | x-default:https://www.floxant.de/blog/vertrauliche-hilfe-belastete-raeume,0,0,0%,nicht verfügbar,nicht verfügbar,unverändert behalten
https://www.floxant.de/blog/morgen-besuch-wohnung-vorzeigbar,de,überregional,Ratgeber,übergreifend,informational,200,index,https://www.floxant.de/blog/morgen-besuch-wohnung-vorzeigbar,de-DE:https://www.floxant.de/blog/morgen-besuch-wohnung-vorzeigbar | x-default:https://www.floxant.de/blog/morgen-besuch-wohnung-vorzeigbar,0,1,0%,8,nicht verfügbar,unverändert behalten
https://www.floxant.de/blog/familienbesuch-ohne-putzpanik,de,überregional,Ratgeber,übergreifend,informational,200,index,https://www.floxant.de/blog/familienbesuch-ohne-putzpanik,de-DE:https://www.floxant.de/blog/familienbesuch-ohne-putzpanik | x-default:https://www.floxant.de/blog/familienbesuch-ohne-putzpanik,0,1,0%,2,nicht verfügbar,unverändert behalten
https://www.floxant.de/blog/welche-raeume-zaehlen-wenn-zeit-knapp,de,überregional,Ratgeber,übergreifend,informational,200,index,https://www.floxant.de/blog/welche-raeume-zaehlen-wenn-zeit-knapp,de-DE:https://www.floxant.de/blog/welche-raeume-zaehlen-wenn-zeit-knapp | x-default:https://www.floxant.de/blog/welche-raeume-zaehlen-wenn-zeit-knapp,0,1,0%,2,nicht verfügbar,unverändert behalten
https://www.floxant.de/blog/versteckter-schmutz-vor-uebergabe,de,überregional,Ratgeber,übergreifend,informational,200,index,https://www.floxant.de/blog/versteckter-schmutz-vor-uebergabe,de-DE:https://www.floxant.de/blog/versteckter-schmutz-vor-uebergabe | x-default:https://www.floxant.de/blog/versteckter-schmutz-vor-uebergabe,0,0,0%,nicht verfügbar,nicht verfügbar,unverändert behalten
https://www.floxant.de/blog/kueche-bad-gruendlich-pruefen-ohne-ueberforderung,de,überregional,Ratgeber,übergreifend,informational,200,index,https://www.floxant.de/blog/kueche-bad-gruendlich-pruefen-ohne-ueberforderung,de-DE:https://www.floxant.de/blog/kueche-bad-gruendlich-pruefen-ohne-ueberforderung | x-default:https://www.floxant.de/blog/kueche-bad-gruendlich-pruefen-ohne-ueberforderung,0,0,0%,nicht verfügbar,nicht verfügbar,unverändert behalten
https://www.floxant.de/blog/hidden-dirt-check-vermietertermin-regensburg,de,Regensburg,Ratgeber,übergreifend,informational,200,index,https://www.floxant.de/blog/hidden-dirt-check-vermietertermin-regensburg,de-DE:https://www.floxant.de/blog/hidden-dirt-check-vermietertermin-regensburg | x-default:https://www.floxant.de/blog/hidden-dirt-check-vermietertermin-regensburg,0,0,0%,nicht verfügbar,nicht verfügbar,unverändert behalten
https://www.floxant.de/blog/empfang-kueche-sanitaer-montag,de,überregional,Ratgeber,übergreifend,informational,200,index,https://www.floxant.de/blog/empfang-kueche-sanitaer-montag,de-DE:https://www.floxant.de/blog/empfang-kueche-sanitaer-montag | x-default:https://www.floxant.de/blog/empfang-kueche-sanitaer-montag,0,1,0%,9,nicht verfügbar,unverändert behalten
https://www.floxant.de/blog/gewerbeflaechen-vor-wochenstart-vorbereiten,de,überregional,Ratgeber,übergreifend,informational,200,index,https://www.floxant.de/blog/gewerbeflaechen-vor-wochenstart-vorbereiten,de-DE:https://www.floxant.de/blog/gewerbeflaechen-vor-wochenstart-vorbereiten | x-default:https://www.floxant.de/blog/gewerbeflaechen-vor-wochenstart-vorbereiten,0,0,0%,nicht verfügbar,nicht verfügbar,unverändert behalten
https://www.floxant.de/blog/schlafzimmer-buero-kinderzimmer-ruhiger-sauber,de,überregional,Ratgeber,übergreifend,informational,200,index,https://www.floxant.de/blog/schlafzimmer-buero-kinderzimmer-ruhiger-sauber,de-DE:https://www.floxant.de/blog/schlafzimmer-buero-kinderzimmer-ruhiger-sauber | x-default:https://www.floxant.de/blog/schlafzimmer-buero-kinderzimmer-ruhiger-sauber,0,0,0%,nicht verfügbar,nicht verfügbar,unverändert behalten
https://www.floxant.de/blog/baustaub-nach-renovierung-reihenfolge,de,überregional,Ratgeber,übergreifend,informational,200,index,https://www.floxant.de/blog/baustaub-nach-renovierung-reihenfolge,de-DE:https://www.floxant.de/blog/baustaub-nach-renovierung-reihenfolge | x-default:https://www.floxant.de/blog/baustaub-nach-renovierung-reihenfolge,0,12,0%,9.75,nicht verfügbar,unverändert behalten
https://www.floxant.de/blog/warum-baustaub-wiederkommt,de,überregional,Ratgeber,übergreifend,informational,200,index,https://www.floxant.de/blog/warum-baustaub-wiederkommt,de-DE:https://www.floxant.de/blog/warum-baustaub-wiederkommt | x-default:https://www.floxant.de/blog/warum-baustaub-wiederkommt,0,4,0%,49.75,nicht verfügbar,unverändert behalten
https://www.floxant.de/blog/zehn-angaben-klare-umzugsanfrage-regensburg,de,Regensburg,Ratgeber,Umzug/Transport,informational,200,index,https://www.floxant.de/blog/zehn-angaben-klare-umzugsanfrage-regensburg,de-DE:https://www.floxant.de/blog/zehn-angaben-klare-umzugsanfrage-regensburg | x-default:https://www.floxant.de/blog/zehn-angaben-klare-umzugsanfrage-regensburg,0,0,0%,nicht verfügbar,nicht verfügbar,unverändert behalten
https://www.floxant.de/blog/umzug-regensburg-laengere-strecke,de,Regensburg,Ratgeber,Umzug/Transport,informational,200,index,https://www.floxant.de/blog/umzug-regensburg-laengere-strecke,de-DE:https://www.floxant.de/blog/umzug-regensburg-laengere-strecke | x-default:https://www.floxant.de/blog/umzug-regensburg-laengere-strecke,0,0,0%,nicht verfügbar,nicht verfügbar,unverändert behalten
https://www.floxant.de/blog/etage-aufzug-umzugsanfrage,de,überregional,Ratgeber,Umzug/Transport,informational,200,index,https://www.floxant.de/blog/etage-aufzug-umzugsanfrage,de-DE:https://www.floxant.de/blog/etage-aufzug-umzugsanfrage | x-default:https://www.floxant.de/blog/etage-aufzug-umzugsanfrage,0,0,0%,nicht verfügbar,nicht verfügbar,unverändert behalten
https://www.floxant.de/blog/klaviertransport-regensburg-vorbereiten,de,Regensburg,Ratgeber,Umzug/Transport,informational,200,index,https://www.floxant.de/blog/klaviertransport-regensburg-vorbereiten,de-DE:https://www.floxant.de/blog/klaviertransport-regensburg-vorbereiten | x-default:https://www.floxant.de/blog/klaviertransport-regensburg-vorbereiten,0,5,0%,11.8,nicht verfügbar,unverändert behalten
https://www.floxant.de/blog/bueroreinigung-duesseldorf-anfrage,de,Düsseldorf,Ratgeber,Reinigung,informational,200,index,https://www.floxant.de/blog/bueroreinigung-duesseldorf-anfrage,de-DE:https://www.floxant.de/blog/bueroreinigung-duesseldorf-anfrage | x-default:https://www.floxant.de/blog/bueroreinigung-duesseldorf-anfrage,0,0,0%,nicht verfügbar,nicht verfügbar,unverändert behalten
https://www.floxant.de/blog/grundreinigung-oder-unterhaltsreinigung-duesseldorf,de,Düsseldorf,Ratgeber,Reinigung,informational,200,index,https://www.floxant.de/blog/grundreinigung-oder-unterhaltsreinigung-duesseldorf,de-DE:https://www.floxant.de/blog/grundreinigung-oder-unterhaltsreinigung-duesseldorf | x-default:https://www.floxant.de/blog/grundreinigung-oder-unterhaltsreinigung-duesseldorf,0,29,0%,24.38,nicht verfügbar,unverändert behalten
https://www.floxant.de/blog/reinigungsangebot-duesseldorf-klar-vergleichen,de,Düsseldorf,Ratgeber,Reinigung,informational,200,index,https://www.floxant.de/blog/reinigungsangebot-duesseldorf-klar-vergleichen,de-DE:https://www.floxant.de/blog/reinigungsangebot-duesseldorf-klar-vergleichen | x-default:https://www.floxant.de/blog/reinigungsangebot-duesseldorf-klar-vergleichen,0,11,0%,13.27,nicht verfügbar,unverändert behalten
https://www.floxant.de/blog/angaben-reinigungsangebot-duesseldorf,de,Düsseldorf,Ratgeber,Reinigung,informational,200,index,https://www.floxant.de/blog/angaben-reinigungsangebot-duesseldorf,de-DE:https://www.floxant.de/blog/angaben-reinigungsangebot-duesseldorf | x-default:https://www.floxant.de/blog/angaben-reinigungsangebot-duesseldorf,0,6,0%,13.67,nicht verfügbar,unverändert behalten
https://www.floxant.de/blog/fensterreinigung-hoehe-rahmen-zugang-duesseldorf,de,Düsseldorf,Ratgeber,Reinigung,informational,200,index,https://www.floxant.de/blog/fensterreinigung-hoehe-rahmen-zugang-duesseldorf,de-DE:https://www.floxant.de/blog/fensterreinigung-hoehe-rahmen-zugang-duesseldorf | x-default:https://www.floxant.de/blog/fensterreinigung-hoehe-rahmen-zugang-duesseldorf,0,8,0%,2.38,nicht verfügbar,unverändert behalten
https://www.floxant.de/blog/bauendreinigung-baufeinreinigung-unterschied-duesseldorf,de,Düsseldorf,Ratgeber,Reinigung,informational,200,index,https://www.floxant.de/blog/bauendreinigung-baufeinreinigung-unterschied-duesseldorf,de-DE:https://www.floxant.de/blog/bauendreinigung-baufeinreinigung-unterschied-duesseldorf | x-default:https://www.floxant.de/blog/bauendreinigung-baufeinreinigung-unterschied-duesseldorf,0,29,0%,59.48,nicht verfügbar,unverändert behalten
https://www.floxant.de/blog/fotos-umzugsangebot-regensburg,de,Regensburg,Ratgeber,Umzug/Transport,informational,200,index,https://www.floxant.de/blog/fotos-umzugsangebot-regensburg,de-DE:https://www.floxant.de/blog/fotos-umzugsangebot-regensburg | x-default:https://www.floxant.de/blog/fotos-umzugsangebot-regensburg,0,0,0%,nicht verfügbar,nicht verfügbar,unverändert behalten
https://www.floxant.de/blog/demontage-montage-umzug-anfragen,de,überregional,Ratgeber,Umzug/Transport,informational,200,index,https://www.floxant.de/blog/demontage-montage-umzug-anfragen,de-DE:https://www.floxant.de/blog/demontage-montage-umzug-anfragen | x-default:https://www.floxant.de/blog/demontage-montage-umzug-anfragen,0,0,0%,nicht verfügbar,nicht verfügbar,unverändert behalten
https://www.floxant.de/blog/umzug-reinigung-kombinieren-regensburg,de,Regensburg,Ratgeber,Reinigung,informational,200,index,https://www.floxant.de/blog/umzug-reinigung-kombinieren-regensburg,de-DE:https://www.floxant.de/blog/umzug-reinigung-kombinieren-regensburg | x-default:https://www.floxant.de/blog/umzug-reinigung-kombinieren-regensburg,0,0,0%,nicht verfügbar,nicht verfügbar,unverändert behalten
https://www.floxant.de/blog/entruempelung-endreinigung-regensburg,de,Regensburg,Ratgeber,Reinigung,informational,200,index,https://www.floxant.de/blog/entruempelung-endreinigung-regensburg,de-DE:https://www.floxant.de/blog/entruempelung-endreinigung-regensburg | x-default:https://www.floxant.de/blog/entruempelung-endreinigung-regensburg,0,0,0%,nicht verfügbar,nicht verfügbar,unverändert behalten
https://www.floxant.de/blog/guenstiger-umzug-angebot-preiswert-pruefen,de,überregional,Ratgeber,Umzug/Transport,informational,200,index,https://www.floxant.de/blog/guenstiger-umzug-angebot-preiswert-pruefen,de-DE:https://www.floxant.de/blog/guenstiger-umzug-angebot-preiswert-pruefen | x-default:https://www.floxant.de/blog/guenstiger-umzug-angebot-preiswert-pruefen,0,0,0%,nicht verfügbar,nicht verfügbar,unverändert behalten
https://www.floxant.de/blog/umzug-im-alter-erlangen-bamberg-fuerth,de,überregional,Ratgeber,Umzug/Transport,informational,200,index,https://www.floxant.de/blog/umzug-im-alter-erlangen-bamberg-fuerth,de-DE:https://www.floxant.de/blog/umzug-im-alter-erlangen-bamberg-fuerth | x-default:https://www.floxant.de/blog/umzug-im-alter-erlangen-bamberg-fuerth,0,34,0%,12.85,nicht verfügbar,unverändert behalten
https://www.floxant.de/blog/reinigung-nach-umzug-regensburg-angebot-pruefen,de,Regensburg,Ratgeber,Reinigung,informational,200,index,https://www.floxant.de/blog/reinigung-nach-umzug-regensburg-angebot-pruefen,de-DE:https://www.floxant.de/blog/reinigung-nach-umzug-regensburg-angebot-pruefen | x-default:https://www.floxant.de/blog/reinigung-nach-umzug-regensburg-angebot-pruefen,0,2,0%,7,nicht verfügbar,unverändert behalten
https://www.floxant.de/blog/entruempelungsfirma-regensburg-finden,de,Regensburg,Ratgeber,Räumung/Auflösung,informational,200,index,https://www.floxant.de/blog/entruempelungsfirma-regensburg-finden,de-DE:https://www.floxant.de/blog/entruempelungsfirma-regensburg-finden | x-default:https://www.floxant.de/blog/entruempelungsfirma-regensburg-finden,0,0,0%,nicht verfügbar,nicht verfügbar,unverändert behalten
https://www.floxant.de/blog/floxant-regensburg-regensburg-wo-taetig,de,Regensburg,Ratgeber,übergreifend,informational,200,index,https://www.floxant.de/blog/floxant-regensburg-regensburg-wo-taetig,de-DE:https://www.floxant.de/blog/floxant-regensburg-regensburg-wo-taetig | x-default:https://www.floxant.de/blog/floxant-regensburg-regensburg-wo-taetig,0,3,0%,1,nicht verfügbar,unverändert behalten
https://www.floxant.de/blog/besseres-guenstigeres-angebot-floxant-pruefen,de,überregional,Ratgeber,Angebotsprüfung,informational,200,index,https://www.floxant.de/blog/besseres-guenstigeres-angebot-floxant-pruefen,de-DE:https://www.floxant.de/blog/besseres-guenstigeres-angebot-floxant-pruefen | x-default:https://www.floxant.de/blog/besseres-guenstigeres-angebot-floxant-pruefen,0,2,0%,5,nicht verfügbar,unverändert behalten
https://www.floxant.de/blog/ki-empfehlung-dienstleister-regensburg-regensburg,de,Regensburg,Ratgeber,übergreifend,informational,200,index,https://www.floxant.de/blog/ki-empfehlung-dienstleister-regensburg-regensburg,de-DE:https://www.floxant.de/blog/ki-empfehlung-dienstleister-regensburg-regensburg | x-default:https://www.floxant.de/blog/ki-empfehlung-dienstleister-regensburg-regensburg,0,0,0%,nicht verfügbar,nicht verfügbar,unverändert behalten
https://www.floxant.de/blog/reinigungsfirma-regensburg-kundennah-anfragen,de,Regensburg,Ratgeber,Reinigung,informational,200,index,https://www.floxant.de/blog/reinigungsfirma-regensburg-kundennah-anfragen,de-DE:https://www.floxant.de/blog/reinigungsfirma-regensburg-kundennah-anfragen | x-default:https://www.floxant.de/blog/reinigungsfirma-regensburg-kundennah-anfragen,0,1,0%,14,nicht verfügbar,unverändert behalten
https://www.floxant.de/blog/reinigungsbetrieb-reinigungsunternehmen-regensburg-kosten,de,Regensburg,Ratgeber,Reinigung,informational,200,index,https://www.floxant.de/blog/reinigungsbetrieb-reinigungsunternehmen-regensburg-kosten,de-DE:https://www.floxant.de/blog/reinigungsbetrieb-reinigungsunternehmen-regensburg-kosten | x-default:https://www.floxant.de/blog/reinigungsbetrieb-reinigungsunternehmen-regensburg-kosten,0,4,0%,69.25,nicht verfügbar,unverändert behalten
https://www.floxant.de/blog/grundreinigung-bodenreinigung-hauseingang-regensburg,de,Regensburg,Ratgeber,Reinigung,informational,200,index,https://www.floxant.de/blog/grundreinigung-bodenreinigung-hauseingang-regensburg,de-DE:https://www.floxant.de/blog/grundreinigung-bodenreinigung-hauseingang-regensburg | x-default:https://www.floxant.de/blog/grundreinigung-bodenreinigung-hauseingang-regensburg,0,2,0%,6,nicht verfügbar,unverändert behalten
https://www.floxant.de/blog/umzug-muenchen-festpreis-fernumzug-organisieren,de,überregional,Ratgeber,Umzug/Transport,informational,200,index,https://www.floxant.de/blog/umzug-muenchen-festpreis-fernumzug-organisieren,de-DE:https://www.floxant.de/blog/umzug-muenchen-festpreis-fernumzug-organisieren | x-default:https://www.floxant.de/blog/umzug-muenchen-festpreis-fernumzug-organisieren,0,0,0%,nicht verfügbar,nicht verfügbar,unverändert behalten
https://www.floxant.de/blog/haushaltsaufloesung-regensburg-container-mieten-alternative,de,Regensburg,Ratgeber,Räumung/Auflösung,informational,200,index,https://www.floxant.de/blog/haushaltsaufloesung-regensburg-container-mieten-alternative,de-DE:https://www.floxant.de/blog/haushaltsaufloesung-regensburg-container-mieten-alternative | x-default:https://www.floxant.de/blog/haushaltsaufloesung-regensburg-container-mieten-alternative,0,1,0%,7,nicht verfügbar,unverändert behalten
https://www.floxant.de/blog/buero-reinigen-regensburg-bueroreinigung-angebot,de,Regensburg,Ratgeber,Reinigung,informational,200,index,https://www.floxant.de/blog/buero-reinigen-regensburg-bueroreinigung-angebot,de-DE:https://www.floxant.de/blog/buero-reinigen-regensburg-bueroreinigung-angebot | x-default:https://www.floxant.de/blog/buero-reinigen-regensburg-bueroreinigung-angebot,0,2,0%,13,nicht verfügbar,unverändert behalten
https://www.floxant.de/blog/treppenhausreinigung-regensburg-hauseingang-hausverwaltung,de,Regensburg,Ratgeber,Reinigung,informational,200,index,https://www.floxant.de/blog/treppenhausreinigung-regensburg-hauseingang-hausverwaltung,de-DE:https://www.floxant.de/blog/treppenhausreinigung-regensburg-hauseingang-hausverwaltung | x-default:https://www.floxant.de/blog/treppenhausreinigung-regensburg-hauseingang-hausverwaltung,0,1,0%,42,nicht verfügbar,unverändert behalten
https://www.floxant.de/blog/praxisentruempelung-nuernberg-richtig-anfragen,de,überregional,Ratgeber,Räumung/Auflösung,informational,200,index,https://www.floxant.de/blog/praxisentruempelung-nuernberg-richtig-anfragen,de-DE:https://www.floxant.de/blog/praxisentruempelung-nuernberg-richtig-anfragen | x-default:https://www.floxant.de/blog/praxisentruempelung-nuernberg-richtig-anfragen,0,54,0%,33.98,nicht verfügbar,unverändert behalten
https://www.floxant.de/blog/reinigungsfirma-regensburg-preise-kosten-angebot-pruefen,de,Regensburg,Ratgeber,Reinigung,informational,200,index,https://www.floxant.de/blog/reinigungsfirma-regensburg-preise-kosten-angebot-pruefen,de-DE:https://www.floxant.de/blog/reinigungsfirma-regensburg-preise-kosten-angebot-pruefen | x-default:https://www.floxant.de/blog/reinigungsfirma-regensburg-preise-kosten-angebot-pruefen,0,3,0%,43.33,nicht verfügbar,unverändert behalten
https://www.floxant.de/blog/reinigungsfirma-regensburg-in-der-naehe-stadtteile,de,Regensburg,Ratgeber,Reinigung,informational,200,index,https://www.floxant.de/blog/reinigungsfirma-regensburg-in-der-naehe-stadtteile,de-DE:https://www.floxant.de/blog/reinigungsfirma-regensburg-in-der-naehe-stadtteile | x-default:https://www.floxant.de/blog/reinigungsfirma-regensburg-in-der-naehe-stadtteile,0,3,0%,25.67,nicht verfügbar,unverändert behalten
https://www.floxant.de/blog/reinigungsunternehmen-regensburg-anbieter-vergleichen,de,Regensburg,Ratgeber,Reinigung,informational,200,index,https://www.floxant.de/blog/reinigungsunternehmen-regensburg-anbieter-vergleichen,de-DE:https://www.floxant.de/blog/reinigungsunternehmen-regensburg-anbieter-vergleichen | x-default:https://www.floxant.de/blog/reinigungsunternehmen-regensburg-anbieter-vergleichen,0,0,0%,nicht verfügbar,nicht verfügbar,unverändert behalten
https://www.floxant.de/blog/umzugsangebot-muenchen-pruefen-festpreis-guenstiger,de,überregional,Ratgeber,Umzug/Transport,informational,200,index,https://www.floxant.de/blog/umzugsangebot-muenchen-pruefen-festpreis-guenstiger,de-DE:https://www.floxant.de/blog/umzugsangebot-muenchen-pruefen-festpreis-guenstiger | x-default:https://www.floxant.de/blog/umzugsangebot-muenchen-pruefen-festpreis-guenstiger,0,2,0%,5,nicht verfügbar,unverändert behalten
https://www.floxant.de/blog/entruempelung-regensburg-angebot-haushaltsaufloesung-pruefen,de,Regensburg,Ratgeber,Räumung/Auflösung,informational,200,index,https://www.floxant.de/blog/entruempelung-regensburg-angebot-haushaltsaufloesung-pruefen,de-DE:https://www.floxant.de/blog/entruempelung-regensburg-angebot-haushaltsaufloesung-pruefen | x-default:https://www.floxant.de/blog/entruempelung-regensburg-angebot-haushaltsaufloesung-pruefen,0,0,0%,nicht verfügbar,nicht verfügbar,unverändert behalten
https://www.floxant.de/en/blog/request-moving-quote-regensburg,en,Regensburg,Service-/Informationsseite,Umzug/Transport,commercial/transactional,200,index,https://www.floxant.de/en/blog/request-moving-quote-regensburg,en:https://www.floxant.de/en/blog/request-moving-quote-regensburg | x-default:https://www.floxant.de/en/blog/request-moving-quote-regensburg,0,1,0%,10,nicht verfügbar,unverändert behalten
https://www.floxant.de/en/blog/ten-details-clear-moving-request,en,überregional,Service-/Informationsseite,Umzug/Transport,commercial/transactional,200,index,https://www.floxant.de/en/blog/ten-details-clear-moving-request,en:https://www.floxant.de/en/blog/ten-details-clear-moving-request | x-default:https://www.floxant.de/en/blog/ten-details-clear-moving-request,0,0,0%,nicht verfügbar,nicht verfügbar,unverändert behalten
https://www.floxant.de/24h-umzugsservice,de,überregional,Service-/Informationsseite,Umzug/Transport,commercial/transactional,200,index,https://www.floxant.de/24h-umzugsservice,de-DE:https://www.floxant.de/24h-umzugsservice | x-default:https://www.floxant.de/24h-umzugsservice,0,1,0%,6,nicht verfügbar,unverändert behalten
https://www.floxant.de/airbnb-turnover-express,de,überregional,Service-/Informationsseite,übergreifend,navigational/informational,200,index,https://www.floxant.de/airbnb-turnover-express,de-DE:https://www.floxant.de/airbnb-turnover-express | x-default:https://www.floxant.de/airbnb-turnover-express,0,9,0%,15.11,nicht verfügbar,unverändert behalten
https://www.floxant.de/akteneinlagerung-regensburg,de,Regensburg,Service-/Informationsseite,übergreifend,navigational/informational,200,index,https://www.floxant.de/akteneinlagerung-regensburg,de-DE:https://www.floxant.de/akteneinlagerung-regensburg | x-default:https://www.floxant.de/akteneinlagerung-regensburg,0,0,0%,nicht verfügbar,nicht verfügbar,unverändert behalten
https://www.floxant.de/anfrage-mit-preisrahmen,de,überregional,Service-/Informationsseite,übergreifend,navigational/informational,200,index,https://www.floxant.de/anfrage-mit-preisrahmen,de-DE:https://www.floxant.de/anfrage-mit-preisrahmen | x-default:https://www.floxant.de/anfrage-mit-preisrahmen,0,0,0%,nicht verfügbar,nicht verfügbar,unverändert behalten
https://www.floxant.de/angebot-guenstiger-pruefen,de,überregional,Service-/Informationsseite,Angebotsprüfung,commercial/transactional,200,index,https://www.floxant.de/angebot-guenstiger-pruefen,de-DE:https://www.floxant.de/angebot-guenstiger-pruefen | x-default:https://www.floxant.de/angebot-guenstiger-pruefen,0,60,0%,8.65,nicht verfügbar,stärken
https://www.floxant.de/angebot-vergleichen-duesseldorf,de,Düsseldorf,Service-/Informationsseite,Angebotsprüfung,commercial/transactional,200,index,https://www.floxant.de/angebot-vergleichen-duesseldorf,de-DE:https://www.floxant.de/angebot-vergleichen-duesseldorf | x-default:https://www.floxant.de/angebot-vergleichen-duesseldorf,0,80,0%,47.48,nicht verfügbar,unverändert behalten
https://www.floxant.de/baureinigung-regensburg,de,Regensburg,Service-/Informationsseite,Reinigung,commercial/transactional,200,index,https://www.floxant.de/baureinigung-regensburg,de-DE:https://www.floxant.de/baureinigung-regensburg | en:https://www.floxant.de/en/regensburg/post-construction-cleaning | x-default:https://www.floxant.de/baureinigung-regensburg,0,0,0%,nicht verfügbar,nicht verfügbar,unverändert behalten
https://www.floxant.de/buerokratie-schutz,de,überregional,Service-/Informationsseite,übergreifend,navigational/informational,200,index,https://www.floxant.de/buerokratie-schutz,de-DE:https://www.floxant.de/buerokratie-schutz | x-default:https://www.floxant.de/buerokratie-schutz,0,0,0%,nicht verfügbar,nicht verfügbar,unverändert behalten
https://www.floxant.de/business-errand-service,de,überregional,Service-/Informationsseite,übergreifend,navigational/informational,200,index,https://www.floxant.de/business-errand-service,de-DE:https://www.floxant.de/business-errand-service | x-default:https://www.floxant.de/business-errand-service,0,6,0%,16.5,nicht verfügbar,unverändert behalten
https://www.floxant.de/clean-start,de,überregional,Service-/Informationsseite,übergreifend,navigational/informational,200,index,https://www.floxant.de/clean-start,de-DE:https://www.floxant.de/clean-start | x-default:https://www.floxant.de/clean-start,0,0,0%,nicht verfügbar,nicht verfügbar,unverändert behalten
https://www.floxant.de/damen-team,de,überregional,Service-/Informationsseite,übergreifend,navigational/informational,200,index,https://www.floxant.de/damen-team,de-DE:https://www.floxant.de/damen-team | x-default:https://www.floxant.de/damen-team,0,1,0%,1,nicht verfügbar,unverändert behalten
https://www.floxant.de/duesseldorf,de,Düsseldorf,Standort-Hub,übergreifend,navigational/informational,200,index,https://www.floxant.de/duesseldorf,de-DE:https://www.floxant.de/duesseldorf | x-default:https://www.floxant.de/duesseldorf,2,773,0.26%,44.88,nicht verfügbar,unverändert behalten
https://www.floxant.de/duesseldorf/baureinigung,de,Düsseldorf,Service-/Informationsseite,Reinigung,commercial/transactional,200,index,https://www.floxant.de/duesseldorf/baureinigung,de-DE:https://www.floxant.de/duesseldorf/baureinigung | en:https://www.floxant.de/en/duesseldorf/post-construction-cleaning | x-default:https://www.floxant.de/duesseldorf/baureinigung,0,0,0%,nicht verfügbar,nicht verfügbar,stärken
https://www.floxant.de/duesseldorf/bueroreinigung,de,Düsseldorf,Service-/Informationsseite,Reinigung,commercial/transactional,200,index,https://www.floxant.de/duesseldorf/bueroreinigung,de-DE:https://www.floxant.de/duesseldorf/bueroreinigung | en:https://www.floxant.de/en/duesseldorf/office-cleaning | x-default:https://www.floxant.de/duesseldorf/bueroreinigung,0,526,0%,42.75,nicht verfügbar,stärken
https://www.floxant.de/duesseldorf/fensterreinigung,de,Düsseldorf,Service-/Informationsseite,Reinigung,commercial/transactional,200,index,https://www.floxant.de/duesseldorf/fensterreinigung,de-DE:https://www.floxant.de/duesseldorf/fensterreinigung | en:https://www.floxant.de/en/duesseldorf/window-cleaning | x-default:https://www.floxant.de/duesseldorf/fensterreinigung,0,12,0%,61.08,nicht verfügbar,stärken
https://www.floxant.de/duesseldorf/gewerbereinigung,de,Düsseldorf,Service-/Informationsseite,Reinigung,commercial/transactional,200,index,https://www.floxant.de/duesseldorf/gewerbereinigung,de-DE:https://www.floxant.de/duesseldorf/gewerbereinigung | en:https://www.floxant.de/en/duesseldorf/commercial-cleaning | x-default:https://www.floxant.de/duesseldorf/gewerbereinigung,0,156,0%,42.87,nicht verfügbar,stärken
https://www.floxant.de/duesseldorf/grundreinigung,de,Düsseldorf,Service-/Informationsseite,Reinigung,commercial/transactional,200,index,https://www.floxant.de/duesseldorf/grundreinigung,de-DE:https://www.floxant.de/duesseldorf/grundreinigung | en:https://www.floxant.de/en/duesseldorf/deep-cleaning | x-default:https://www.floxant.de/duesseldorf/grundreinigung,0,42,0%,8.71,nicht verfügbar,stärken
https://www.floxant.de/duesseldorf/luxusreinigung,de,Düsseldorf,Service-/Informationsseite,Reinigung,commercial/transactional,200,index,https://www.floxant.de/duesseldorf/luxusreinigung,nicht vorhanden,0,5,0%,9,nicht verfügbar,unverändert behalten
https://www.floxant.de/duesseldorf/praxisreinigung,de,Düsseldorf,Service-/Informationsseite,Reinigung,commercial/transactional,200,index,https://www.floxant.de/duesseldorf/praxisreinigung,de-DE:https://www.floxant.de/duesseldorf/praxisreinigung | en:https://www.floxant.de/en/duesseldorf/practice-cleaning | x-default:https://www.floxant.de/duesseldorf/praxisreinigung,1,356,0.28%,25.01,nicht verfügbar,stärken
https://www.floxant.de/duesseldorf/reinigung,de,Düsseldorf,Service-/Informationsseite,Reinigung,commercial/transactional,200,index,https://www.floxant.de/duesseldorf/reinigung,de-DE:https://www.floxant.de/duesseldorf/reinigung | en:https://www.floxant.de/en/duesseldorf/cleaning | x-default:https://www.floxant.de/duesseldorf/reinigung,19,6783,0.28%,6.58,nicht verfügbar,stärken
https://www.floxant.de/duesseldorf/treppenhausreinigung,de,Düsseldorf,Service-/Informationsseite,Reinigung,commercial/transactional,200,index,https://www.floxant.de/duesseldorf/treppenhausreinigung,de-DE:https://www.floxant.de/duesseldorf/treppenhausreinigung | en:https://www.floxant.de/en/duesseldorf/stairwell-cleaning | x-default:https://www.floxant.de/duesseldorf/treppenhausreinigung,0,9,0%,45.89,nicht verfügbar,stärken
https://www.floxant.de/duesseldorf/unterhaltsreinigung,de,Düsseldorf,Service-/Informationsseite,Reinigung,commercial/transactional,200,index,https://www.floxant.de/duesseldorf/unterhaltsreinigung,de-DE:https://www.floxant.de/duesseldorf/unterhaltsreinigung | en:https://www.floxant.de/en/duesseldorf/maintenance-cleaning | x-default:https://www.floxant.de/duesseldorf/unterhaltsreinigung,0,0,0%,nicht verfügbar,nicht verfügbar,stärken
https://www.floxant.de/einlagerung,de,überregional,Service-/Informationsseite,übergreifend,navigational/informational,200,index,https://www.floxant.de/einlagerung,de-DE:https://www.floxant.de/einlagerung | x-default:https://www.floxant.de/einlagerung,0,0,0%,nicht verfügbar,nicht verfügbar,unverändert behalten
https://www.floxant.de/einsatzradar-regensburg,de,Regensburg,Service-/Informationsseite,übergreifend,navigational/informational,200,index,https://www.floxant.de/einsatzradar-regensburg,de-DE:https://www.floxant.de/einsatzradar-regensburg | x-default:https://www.floxant.de/einsatzradar-regensburg,0,1,0%,5,nicht verfügbar,unverändert behalten
https://www.floxant.de/en,en,überregional,Service-/Informationsseite,übergreifend,navigational/informational,200,index,https://www.floxant.de/en,de-DE:https://www.floxant.de | en:https://www.floxant.de/en | x-default:https://www.floxant.de,2,43,4.65%,10.65,nicht verfügbar,unverändert behalten
https://www.floxant.de/en/blog,en,überregional,Service-/Informationsseite,übergreifend,navigational/informational,200,index,https://www.floxant.de/en/blog,en:https://www.floxant.de/en/blog | de-DE:https://www.floxant.de/blog | x-default:https://www.floxant.de/blog,0,0,0%,nicht verfügbar,nicht verfügbar,unverändert behalten
https://www.floxant.de/en/contact,en,überregional,Service-/Informationsseite,übergreifend,navigational/informational,200,index,https://www.floxant.de/en/contact,en:https://www.floxant.de/en/contact | de-DE:https://www.floxant.de/kontakt | x-default:https://www.floxant.de/kontakt,0,1,0%,5,nicht verfügbar,stärken
https://www.floxant.de/en/corrections,en,überregional,Service-/Informationsseite,übergreifend,navigational/informational,200,index,https://www.floxant.de/en/corrections,de-DE:https://www.floxant.de/korrekturen | en:https://www.floxant.de/en/corrections | x-default:https://www.floxant.de/korrekturen,0,3,0%,5.67,nicht verfügbar,unverändert behalten
https://www.floxant.de/en/editorial-policy,en,überregional,Service-/Informationsseite,übergreifend,navigational/informational,200,index,https://www.floxant.de/en/editorial-policy,de-DE:https://www.floxant.de/redaktion | en:https://www.floxant.de/en/editorial-policy | x-default:https://www.floxant.de/redaktion,0,4,0%,3.5,nicht verfügbar,unverändert behalten
https://www.floxant.de/en/methodology,en,überregional,Service-/Informationsseite,übergreifend,navigational/informational,200,index,https://www.floxant.de/en/methodology,de-DE:https://www.floxant.de/methodik | en:https://www.floxant.de/en/methodology | x-default:https://www.floxant.de/methodik,0,5,0%,5,nicht verfügbar,unverändert behalten
https://www.floxant.de/en/questions,en,überregional,Service-/Informationsseite,übergreifend,navigational/informational,200,index,https://www.floxant.de/en/questions,de:https://www.floxant.de/fragen | en:https://www.floxant.de/en/questions | x-default:https://www.floxant.de/fragen,0,2,0%,4,nicht verfügbar,unverändert behalten
https://www.floxant.de/en/service-finder,en,überregional,Service-/Informationsseite,übergreifend,navigational/informational,200,index,https://www.floxant.de/en/service-finder,de:https://www.floxant.de/service-finder | en:https://www.floxant.de/en/service-finder | x-default:https://www.floxant.de/service-finder,0,1,0%,44,nicht verfügbar,unverändert behalten
https://www.floxant.de/en/services,en,überregional,Service-/Informationsseite,übergreifend,navigational/informational,200,index,https://www.floxant.de/en/services,de:https://www.floxant.de/leistungen | en:https://www.floxant.de/en/services | x-default:https://www.floxant.de/leistungen,0,0,0%,nicht verfügbar,nicht verfügbar,unverändert behalten
https://www.floxant.de/en/signature-services,en,überregional,Signature Hub,übergreifend,navigational/informational,200,index,https://www.floxant.de/en/signature-services,de:https://www.floxant.de/signature-services | en:https://www.floxant.de/en/signature-services | x-default:https://www.floxant.de/signature-services,0,0,0%,nicht verfügbar,nicht verfügbar,stärken
https://www.floxant.de/entsorgung-kosten-rechner,de,überregional,Service-/Informationsseite,übergreifend,navigational/informational,200,index,https://www.floxant.de/entsorgung-kosten-rechner,nicht vorhanden,0,1,0%,4,nicht verfügbar,unverändert behalten
https://www.floxant.de/erinnerungskapsel,de,überregional,Service-/Informationsseite,übergreifend,navigational/informational,200,index,https://www.floxant.de/erinnerungskapsel,de-DE:https://www.floxant.de/erinnerungskapsel | x-default:https://www.floxant.de/erinnerungskapsel,0,2,0%,6.5,nicht verfügbar,unverändert behalten
https://www.floxant.de/express-anfrage,de,überregional,Service-/Informationsseite,übergreifend,navigational/informational,200,index,https://www.floxant.de/express-anfrage,de-DE:https://www.floxant.de/express-anfrage | x-default:https://www.floxant.de/express-anfrage,0,1,0%,48,nicht verfügbar,unverändert behalten
https://www.floxant.de/fernumzug-muenchen,de,überregional,Service-/Informationsseite,Umzug/Transport,commercial/transactional,200,index,https://www.floxant.de/fernumzug-muenchen,de-DE:https://www.floxant.de/fernumzug-muenchen | x-default:https://www.floxant.de/fernumzug-muenchen,0,17,0%,11,nicht verfügbar,unverändert behalten
https://www.floxant.de/first-48h,de,überregional,Service-/Informationsseite,übergreifend,navigational/informational,200,index,https://www.floxant.de/first-48h,de-DE:https://www.floxant.de/first-48h | x-default:https://www.floxant.de/first-48h,0,0,0%,nicht verfügbar,nicht verfügbar,unverändert behalten
https://www.floxant.de/floxant-fakten,de,überregional,Service-/Informationsseite,übergreifend,navigational/informational,200,index,https://www.floxant.de/floxant-fakten,de-DE:https://www.floxant.de/floxant-fakten | x-default:https://www.floxant.de/floxant-fakten,0,0,0%,nicht verfügbar,nicht verfügbar,unverändert behalten
https://www.floxant.de/fragen,de,überregional,Service-/Informationsseite,übergreifend,navigational/informational,200,index,https://www.floxant.de/fragen,de:https://www.floxant.de/fragen | en:https://www.floxant.de/en/questions | x-default:https://www.floxant.de/fragen,0,15,0%,6.67,nicht verfügbar,unverändert behalten
https://www.floxant.de/gewerbereinigung,de,überregional,Service-/Informationsseite,Reinigung,commercial/transactional,200,index,https://www.floxant.de/gewerbereinigung,de-DE:https://www.floxant.de/gewerbereinigung | x-default:https://www.floxant.de/gewerbereinigung,0,3,0%,40.67,nicht verfügbar,unverändert behalten
https://www.floxant.de/grundreinigung-regensburg,de,Regensburg,Service-/Informationsseite,Reinigung,commercial/transactional,200,index,https://www.floxant.de/grundreinigung-regensburg,de-DE:https://www.floxant.de/grundreinigung-regensburg | en:https://www.floxant.de/en/regensburg/deep-cleaning | x-default:https://www.floxant.de/grundreinigung-regensburg,0,1,0%,7,nicht verfügbar,unverändert behalten
https://www.floxant.de/human-api,de,überregional,Service-/Informationsseite,übergreifend,navigational/informational,200,index,https://www.floxant.de/human-api,de-DE:https://www.floxant.de/human-api | x-default:https://www.floxant.de/human-api,0,2,0%,4,nicht verfügbar,unverändert behalten
https://www.floxant.de/kinder-umzugsbox,de,überregional,Service-/Informationsseite,Umzug/Transport,commercial/transactional,200,index,https://www.floxant.de/kinder-umzugsbox,de-DE:https://www.floxant.de/kinder-umzugsbox | x-default:https://www.floxant.de/kinder-umzugsbox,0,1,0%,6,nicht verfügbar,unverändert behalten
https://www.floxant.de/klaviertransport,de,überregional,Service-/Informationsseite,Umzug/Transport,commercial/transactional,200,index,https://www.floxant.de/klaviertransport,de-DE:https://www.floxant.de/klaviertransport | x-default:https://www.floxant.de/klaviertransport,0,0,0%,nicht verfügbar,nicht verfügbar,unverändert behalten
https://www.floxant.de/kleinmengen-entsorgung,de,überregional,Service-/Informationsseite,übergreifend,navigational/informational,200,index,https://www.floxant.de/kleinmengen-entsorgung,de-DE:https://www.floxant.de/kleinmengen-entsorgung | x-default:https://www.floxant.de/kleinmengen-entsorgung,0,0,0%,nicht verfügbar,nicht verfügbar,unverändert behalten
https://www.floxant.de/kleintransport-regensburg,de,Regensburg,Service-/Informationsseite,Umzug/Transport,commercial/transactional,200,index,https://www.floxant.de/kleintransport-regensburg,de-DE:https://www.floxant.de/kleintransport-regensburg | en:https://www.floxant.de/en/regensburg/transport-service | x-default:https://www.floxant.de/kleintransport-regensburg,0,0,0%,nicht verfügbar,nicht verfügbar,unverändert behalten
https://www.floxant.de/korrekturen,de,überregional,Service-/Informationsseite,übergreifend,navigational/informational,200,index,https://www.floxant.de/korrekturen,de-DE:https://www.floxant.de/korrekturen | en-DE:https://www.floxant.de/en/corrections | x-default:https://www.floxant.de/korrekturen,0,5,0%,7,nicht verfügbar,unverändert behalten
https://www.floxant.de/lager-rotation,de,überregional,Service-/Informationsseite,übergreifend,navigational/informational,200,index,https://www.floxant.de/lager-rotation,de-DE:https://www.floxant.de/lager-rotation | x-default:https://www.floxant.de/lager-rotation,0,0,0%,nicht verfügbar,nicht verfügbar,unverändert behalten
https://www.floxant.de/leerstandsmanagement,de,überregional,Service-/Informationsseite,übergreifend,navigational/informational,200,index,https://www.floxant.de/leerstandsmanagement,de-DE:https://www.floxant.de/leerstandsmanagement | x-default:https://www.floxant.de/leerstandsmanagement,0,0,0%,nicht verfügbar,nicht verfügbar,unverändert behalten
https://www.floxant.de/malerarbeiten,de,überregional,Service-/Informationsseite,übergreifend,navigational/informational,200,index,https://www.floxant.de/malerarbeiten,de-DE:https://www.floxant.de/malerarbeiten | x-default:https://www.floxant.de/malerarbeiten,0,0,0%,nicht verfügbar,nicht verfügbar,unverändert behalten
https://www.floxant.de/methodik,de,überregional,Service-/Informationsseite,übergreifend,navigational/informational,200,index,https://www.floxant.de/methodik,de-DE:https://www.floxant.de/methodik | en-DE:https://www.floxant.de/en/methodology | x-default:https://www.floxant.de/methodik,0,6,0%,6.17,nicht verfügbar,unverändert behalten
https://www.floxant.de/moebel-optimierung,de,überregional,Service-/Informationsseite,übergreifend,navigational/informational,200,index,https://www.floxant.de/moebel-optimierung,de-DE:https://www.floxant.de/moebel-optimierung | x-default:https://www.floxant.de/moebel-optimierung,0,1,0%,100,nicht verfügbar,unverändert behalten
https://www.floxant.de/new-neighbour-kit,de,überregional,Service-/Informationsseite,übergreifend,navigational/informational,200,index,https://www.floxant.de/new-neighbour-kit,de-DE:https://www.floxant.de/new-neighbour-kit | x-default:https://www.floxant.de/new-neighbour-kit,0,0,0%,nicht verfügbar,nicht verfügbar,unverändert behalten
https://www.floxant.de/objekt-springer,de,überregional,Service-/Informationsseite,übergreifend,navigational/informational,200,index,https://www.floxant.de/objekt-springer,de-DE:https://www.floxant.de/objekt-springer | x-default:https://www.floxant.de/objekt-springer,0,0,0%,nicht verfügbar,nicht verfügbar,unverändert behalten
https://www.floxant.de/objektbrief,de,überregional,Service-/Informationsseite,übergreifend,navigational/informational,200,index,https://www.floxant.de/objektbrief,nicht vorhanden,0,11,0%,11.45,nicht verfügbar,unverändert behalten
https://www.floxant.de/plan-b-service,de,überregional,Service-/Informationsseite,übergreifend,navigational/informational,200,index,https://www.floxant.de/plan-b-service,de-DE:https://www.floxant.de/plan-b-service | x-default:https://www.floxant.de/plan-b-service,0,27,0%,7.37,nicht verfügbar,unverändert behalten
https://www.floxant.de/plattform-auftrag-pruefen,de,überregional,Service-/Informationsseite,übergreifend,navigational/informational,200,index,https://www.floxant.de/plattform-auftrag-pruefen,de-DE:https://www.floxant.de/plattform-auftrag-pruefen | x-default:https://www.floxant.de/plattform-auftrag-pruefen,0,1,0%,5,nicht verfügbar,unverändert behalten
https://www.floxant.de/property-operations,de,überregional,Service-/Informationsseite,übergreifend,navigational/informational,200,index,https://www.floxant.de/property-operations,de-DE:https://www.floxant.de/property-operations | x-default:https://www.floxant.de/property-operations,0,5,0%,20.4,nicht verfügbar,unverändert behalten
https://www.floxant.de/rechner,de,überregional,Service-/Informationsseite,übergreifend,navigational/informational,200,index,https://www.floxant.de/rechner,de-DE:https://www.floxant.de/rechner | x-default:https://www.floxant.de/rechner,1,4,25%,22.75,nicht verfügbar,unverändert behalten
https://www.floxant.de/redaktion,de,überregional,Service-/Informationsseite,übergreifend,navigational/informational,200,index,https://www.floxant.de/redaktion,de-DE:https://www.floxant.de/redaktion | en-DE:https://www.floxant.de/en/editorial-policy | x-default:https://www.floxant.de/redaktion,0,16,0%,6.06,nicht verfügbar,unverändert behalten
https://www.floxant.de/regensburg,de,Regensburg,Standort-Hub,übergreifend,navigational/informational,200,index,https://www.floxant.de/regensburg,de-DE:https://www.floxant.de/regensburg | x-default:https://www.floxant.de/regensburg,1,49,2.04%,7.59,nicht verfügbar,unverändert behalten
https://www.floxant.de/regensburg/entruempelung,de,Regensburg,Service-/Informationsseite,Räumung/Auflösung,commercial/transactional,200,index,https://www.floxant.de/regensburg/entruempelung,de-DE:https://www.floxant.de/regensburg/entruempelung | x-default:https://www.floxant.de/regensburg/entruempelung,1,227,0.44%,69.2,nicht verfügbar,stärken
https://www.floxant.de/regensburg/gewerbereinigung,de,Regensburg,Service-/Informationsseite,Reinigung,commercial/transactional,200,index,https://www.floxant.de/regensburg/gewerbereinigung,de-DE:https://www.floxant.de/regensburg/gewerbereinigung | en:https://www.floxant.de/en/regensburg/commercial-cleaning | x-default:https://www.floxant.de/regensburg/gewerbereinigung,0,38,0%,41.79,nicht verfügbar,unverändert behalten
https://www.floxant.de/regensburg/umzug,de,Regensburg,Service-/Informationsseite,Umzug/Transport,commercial/transactional,200,index,https://www.floxant.de/regensburg/umzug,de-DE:https://www.floxant.de/regensburg/umzug | x-default:https://www.floxant.de/regensburg/umzug,0,260,0%,58.43,nicht verfügbar,stärken
https://www.floxant.de/reinigung-moeblierte-wohnung-duesseldorf,de,Düsseldorf,Service-/Informationsseite,Reinigung,commercial/transactional,200,index,https://www.floxant.de/reinigung-moeblierte-wohnung-duesseldorf,de-DE:https://www.floxant.de/reinigung-moeblierte-wohnung-duesseldorf | x-default:https://www.floxant.de/reinigung-moeblierte-wohnung-duesseldorf,0,11,0%,14.45,nicht verfügbar,unverändert behalten
https://www.floxant.de/reinigung-moeblierte-wohnung-regensburg,de,Regensburg,Service-/Informationsseite,Reinigung,commercial/transactional,200,index,https://www.floxant.de/reinigung-moeblierte-wohnung-regensburg,de-DE:https://www.floxant.de/reinigung-moeblierte-wohnung-regensburg | x-default:https://www.floxant.de/reinigung-moeblierte-wohnung-regensburg,0,0,0%,nicht verfügbar,nicht verfügbar,unverändert behalten
https://www.floxant.de/reinigungsfirma-angebot,de,überregional,Service-/Informationsseite,Reinigung,commercial/transactional,200,index,https://www.floxant.de/reinigungsfirma-angebot,de-DE:https://www.floxant.de/reinigungsfirma-angebot | x-default:https://www.floxant.de/reinigungsfirma-angebot,0,494,0%,45.39,nicht verfügbar,unverändert behalten
https://www.floxant.de/reinigungsgarantie,de,überregional,Service-/Informationsseite,Reinigung,commercial/transactional,200,index,https://www.floxant.de/reinigungsgarantie,de-DE:https://www.floxant.de/reinigungsgarantie | x-default:https://www.floxant.de/reinigungsgarantie,0,0,0%,nicht verfügbar,nicht verfügbar,unverändert behalten
https://www.floxant.de/ritual-exit-box,de,überregional,Service-/Informationsseite,übergreifend,navigational/informational,200,index,https://www.floxant.de/ritual-exit-box,de-DE:https://www.floxant.de/ritual-exit-box | x-default:https://www.floxant.de/ritual-exit-box,1,1,100%,1,nicht verfügbar,unverändert behalten
https://www.floxant.de/schluesseluebergabe,de,überregional,Service-/Informationsseite,übergreifend,navigational/informational,200,index,https://www.floxant.de/schluesseluebergabe,de-DE:https://www.floxant.de/schluesseluebergabe | x-default:https://www.floxant.de/schluesseluebergabe,1,1,100%,9,nicht verfügbar,unverändert behalten
https://www.floxant.de/service-finder,de,überregional,Service-/Informationsseite,übergreifend,navigational/informational,200,index,https://www.floxant.de/service-finder,de:https://www.floxant.de/service-finder | en:https://www.floxant.de/en/service-finder | x-default:https://www.floxant.de/service-finder,0,6,0%,20,nicht verfügbar,unverändert behalten
https://www.floxant.de/unterhaltsreinigung-regensburg,de,Regensburg,Service-/Informationsseite,Reinigung,commercial/transactional,200,index,https://www.floxant.de/unterhaltsreinigung-regensburg,de-DE:https://www.floxant.de/unterhaltsreinigung-regensburg | x-default:https://www.floxant.de/unterhaltsreinigung-regensburg,0,4,0%,4.5,nicht verfügbar,unverändert behalten
https://www.floxant.de/urlaubsretter,de,überregional,Service-/Informationsseite,übergreifend,navigational/informational,200,index,https://www.floxant.de/urlaubsretter,de-DE:https://www.floxant.de/urlaubsretter | x-default:https://www.floxant.de/urlaubsretter,0,0,0%,nicht verfügbar,nicht verfügbar,unverändert behalten
https://www.floxant.de/vielleicht-box,de,überregional,Service-/Informationsseite,übergreifend,navigational/informational,200,index,https://www.floxant.de/vielleicht-box,de-DE:https://www.floxant.de/vielleicht-box | x-default:https://www.floxant.de/vielleicht-box,0,0,0%,nicht verfügbar,nicht verfügbar,unverändert behalten
