URL,locale,primaryQuery,shortTitle,seoTitle,titleLength,headline,description,descriptionLength,canonical,hreflang,status,issues
"https://www.floxant.de","de-DE","FLOXANT Dienstleistungen","FLOXANT","FLOXANT | Reinigung Düsseldorf & Services Regensburg","52","Reinigung in Düsseldorf. Umzug und Service in Regensburg.","FLOXANT für Reinigung in Düsseldorf sowie Umzug, Räumung und Reinigung in Regensburg. Auftrag mit Ort, Umfang, Termin und Fotos anfragen.","137","https://www.floxant.de","de-DE:https://www.floxant.de | en:https://www.floxant.de/en | x-default:https://www.floxant.de","PASS",""
"https://www.floxant.de/umzug","de-DE","umzug regensburg","Umzug Regensburg","Umzug Regensburg | Fotos senden & Preis prüfen","46","Umzugsunternehmen für Regensburg und Bayern","Umzug in Regensburg und Bayern prüfen lassen: Volumen, Etagen, Laufwege, Fotos, vorhandenes Angebot, Zusatzleistungen und Übergabe sauber planen.","145","https://www.floxant.de/umzug","de-DE:https://www.floxant.de/umzug | x-default:https://www.floxant.de/umzug","PASS",""
"https://www.floxant.de/bueroumzug","de-DE","büroumzug regensburg","Büroumzug Regensburg","Büroumzug Regensburg | Firmenumzug klar planen","46","Büroumzug in Bayern","Arbeitsplätze, IT, Archiv, Möbel, Zugang und Zeitfenster Punkt für Punkt prüfen lassen. FLOXANT plant Büroumzüge in Regensburg und Bayern.","138","https://www.floxant.de/bueroumzug","de-DE:https://www.floxant.de/bueroumzug | x-default:https://www.floxant.de/bueroumzug","PASS",""
"https://www.floxant.de/firmenentsorgung","de-DE","firmenentsorgung regensburg","Firmenentsorgung Regensburg","Firmenentsorgung Regensburg | Büro & Gewerbe","44","Firmenentsorgung für Büros, Unternehmen und Gewerbeflächen","Büromöbel, Inventar, Aktenreste oder Restmengen entsorgen lassen. FLOXANT prüft Menge, Zugang und Abholung für Firmen. Fotos, Termin, Umfang und Preisrahmen direkt senden und Machbarkeit prüfen lassen.","201","https://www.floxant.de/firmenentsorgung","de-DE:https://www.floxant.de/firmenentsorgung | x-default:https://www.floxant.de/firmenentsorgung","WARN","meta description long"
"https://www.floxant.de/diskret-service","de-DE","diskret","Diskret-Service für sensible Anfragen","Diskret-Service für sensible Anfragen","37","Diskret-Service für sensible Anfragen – Umzug, Entrümpelung und Auflösung zurückhaltend klären","Sensible Anfrage zu Umzug, Entrümpelung, Auflösung, Nachlass, Reinigung oder Angebot mit bevorzugtem Kontaktweg einordnen. Fotos, Termin, Umfang und Preisrahmen direkt senden und Machbarkeit prüfen lassen.","205","https://www.floxant.de/diskret-service","de-DE:https://www.floxant.de/diskret-service | x-default:https://www.floxant.de/diskret-service","WARN","meta description long"
"https://www.floxant.de/private-client-service","de-DE","private client service","Private Client Service - sensible private Anfragen klar abstimmen","Private Client Service - sensible private Anfragen klar abstimmen","65","Private Client Service für sensible private Anfragen","Private Client Service für individuelle private Anfragen: Umzug, Reinigung, Räumung, Übergabe oder Angebotsprüfung mit persoenlicher Koordination.","146","https://www.floxant.de/private-client-service","de-DE:https://www.floxant.de/private-client-service | x-default:https://www.floxant.de/private-client-service","PASS",""
"https://www.floxant.de/reinigung","de-DE","reinigung regensburg","Reinigung Regensburg","Reinigung Regensburg | Endreinigung & Übergabe","46","Gebäudereinigung in Regensburg und Umgebung","Reinigung in Regensburg und Regensburg: Wohnung, Büro, Endreinigung und Übergabe mit Fläche, Zustand, Fotos, Termin und Budget prüfen lassen.","141","https://www.floxant.de/reinigung","de-DE:https://www.floxant.de/reinigung | x-default:https://www.floxant.de/reinigung","PASS",""
"https://www.floxant.de/notfallreinigung-24h","de-DE","kurzfristige reinigung","Kurzfristige Reinigung","Kurzfristige Reinigung | Fotos und Termin senden","48","Kurzfristige Reinigung anfragen","Dringende Reinigung für Wohnung, Büro, Gewerbe, Veranstaltung oder Übergabe: Ort, Fotos, Termin und Zugang senden. FLOXANT prüft schnell.","137","https://www.floxant.de/notfallreinigung-24h","de-DE:https://www.floxant.de/notfallreinigung-24h | x-default:https://www.floxant.de/notfallreinigung-24h","PASS",""
"https://www.floxant.de/entruempelung","de-DE","entrümpelung regensburg","Entrümpelung Regensburg","Entrümpelung Regensburg | Wohnung, Keller & Entsorgung","54","Entrümpelung und Wohnungsauflösung in Regensburg und Bayern","Entrümpelung, Wohnungsauflösung und Entsorgung in Regensburg und Regensburg: Fotos, Volumen, Zugang, Material, Termin und Reinigung danach prüfen.","146","https://www.floxant.de/entruempelung","de-DE:https://www.floxant.de/entruempelung | x-default:https://www.floxant.de/entruempelung","PASS",""
"https://www.floxant.de/kleintransporte","de-DE","floxant regensburg","FLOXANT Regensburg","FLOXANT Regensburg | Umzug, Reinigung & Entrümpelung","52","Umzug in Bayern","Umzug, Reinigung, Entrümpelung und Übergabe in Regensburg und Regensburg: Aufwand realistisch prüfen, direkt anfragen und sauber planen.","136","https://www.floxant.de/kleintransporte","de-DE:https://www.floxant.de/kleintransporte | x-default:https://www.floxant.de/kleintransporte","WARN","duplicate-title | duplicate-h1 | duplicate-metaDescription"
"https://www.floxant.de/solarreinigung","de-DE","solarreinigung anfragen","Solarreinigung anfragen - Dachart, Zugang und Zustand klären","Solarreinigung anfragen - Dachart, Zugang und Zustand klären","60","Solarreinigung anfragen - Zugang, Dachart und Verschmutzung klären","Solar- oder PV-Reinigung geplant? Dachart, Zugang, Modulfläche und Verschmutzung beschreiben. FLOXANT prüft Anfrage oder Angebot anhand der genannten Eckdaten.","159","https://www.floxant.de/solarreinigung","","PASS",""
"https://www.floxant.de/regensburg/reinigung","de-DE","reinigung regensburg","Reinigung Regensburg","Reinigung Regensburg | Wohnung & Übergabe anfragen","50","Reinigung in Regensburg für Wohnung, Auszug und Übergabe","Reinigung in Regensburg für Wohnung, Endreinigung, Umzugsreinigung oder Übergabe: Fläche, Zustand, Fotos und Termin senden und Anfrage klären.","142","https://www.floxant.de/regensburg/reinigung","de-DE:https://www.floxant.de/regensburg/reinigung | x-default:https://www.floxant.de/regensburg/reinigung","PASS",""
"https://www.floxant.de/regensburg/solarreinigung","de-DE","solarreinigung regensburg","Solarreinigung Regensburg - PV-Anlage und Zugang klären","Solarreinigung Regensburg - PV-Anlage und Zugang klären","55","Solarreinigung Regensburg anfragen - PV-Anlage, Fotos und Zugang beschreiben","Solarreinigung Regensburg: PV-Fotos, Modulfläche, Dachzugang, Verschmutzung, Angebot und Zeitraum senden. FLOXANT prüft Machbarkeit ohne Ertragsgarantie.","153","https://www.floxant.de/regensburg/solarreinigung","","PASS",""
"https://www.floxant.de/kellerentruempelung","de-DE","kellerentrümpelung","Kellerentrümpelung","Kellerentrümpelung | Fotos, Zugang & Menge prüfen","49","Kellerentrümpelung, wenn Menge, Laufweg und Entsorgung zuerst klar werden müssen","Kellerentrümpelung für Keller, Abstellraum und Nebenfläche: Fotos, Menge, Etage, Laufweg, Entsorgung und Reinigung danach prüfen lassen.","136","https://www.floxant.de/kellerentruempelung","","PASS",""
"https://www.floxant.de/nachlassaufloesung","de-DE","nachlassauflösung","Nachlassauflösung","Nachlassauflösung | Diskret & respektvoll prüfen","48","Nachlassauflösung respektvoll klären, ohne Druck und ohne falsche Versprechen","Nachlassauflösung für Wohnung oder Haus: Fotos, Freigabe, Ansprechpartner, sensible Punkte, Räumung und Reinigung ruhig prüfen lassen.","134","https://www.floxant.de/nachlassaufloesung","","PASS",""
"https://www.floxant.de/lageraufloesung","de-DE","lagerauflösung","Lagerauflösung","Lagerauflösung | Bestand, Zugang & Entsorgung prüfen","52","Lagerauflösung für Nebenflächen, Bestände und Gewerberäume mit klarer Sortierung","Lagerauflösung für Lagerraum, Gewerbefläche oder Nebenfläche: Bestand, Fotos, Zugang, Entsorgung, Transport und Reinigung prüfen lassen.","136","https://www.floxant.de/lageraufloesung","","PASS",""
"https://www.floxant.de/mini-umzug","de-DE","mini","Mini-Umzug","Mini-Umzug | Kleine Umzüge realistisch prüfen","45","Mini-Umzug für wenige Möbel, Kartons oder ein kleines Apartment","Mini-Umzug für wenige Möbel, Kartons, Apartment oder WG-Zimmer: Start, Ziel, Etage, Volumen, Fotos, Termin und Budget prüfen lassen.","132","https://www.floxant.de/mini-umzug","","PASS",""
"https://www.floxant.de/express-umzug","de-DE","express","Express-Umzug","Express-Umzug | Dringend, aber sauber prüfen","44","Express-Umzug, wenn der Termin knapp ist und trotzdem sauber geplant werden muss","Express-Umzug bei knapper Deadline: Start, Ziel, Volumen, Fotos, Etage, Termin und Plan-B-Bedarf senden. FLOXANT prüft Machbarkeit ohne Sofortgarantie.","151","https://www.floxant.de/express-umzug","","PASS",""
"https://www.floxant.de/moebeltransport","de-DE","möbeltransport","Möbeltransport","Möbeltransport | Einzelstücke & Strecke prüfen","46","Möbeltransport für einzelne Stücke, wenn Maße, Gewicht und Laufweg klar sein müssen","Möbeltransport für Sofa, Schrank, Tisch, Bett oder Einzelstücke: Maße, Gewicht, Etage, Start, Ziel, Fotos und Zeitfenster prüfen lassen.","136","https://www.floxant.de/moebeltransport","","PASS",""
"https://www.floxant.de/fairpreis-check","de-DE","fairpreis","Fairpreis-Check","Fairpreis-Check | Angebot sachlich prüfen lassen","48","FLOXANT Fairpreis-Check für Angebote, die günstig, teuer oder unklar wirken","FLOXANT Fairpreis-Check für Umzug, Reinigung, Entrümpelung oder Gewerbereinigung: Angebot, Fotos, Umfang, Termin und Zusatzkosten prüfen lassen.","144","https://www.floxant.de/fairpreis-check","","PASS",""
"https://www.floxant.de/uebergabe-sprint","de-DE","übergabe","Übergabe-Sprint","Übergabe-Sprint | Wohnung vor Termin vorbereiten","48","FLOXANT Übergabe-Sprint, wenn der Übergabetermin näher rückt","FLOXANT Übergabe-Sprint für Auszug, Rückgabe oder Besichtigung: Restmengen, Reinigung, Fotos, Schlüsselweg und Deadline Punkt für Punkt prüfen.","143","https://www.floxant.de/uebergabe-sprint","","PASS",""
"https://www.floxant.de/vermieter-ready-service","de-DE","vermieter","Vermieter-Ready-Service","Vermieter-Ready-Service | Wohnung vorbereiten","45","FLOXANT Vermieter-Ready-Service für Wohnungen vor Rückgabe oder Neuvermietung","FLOXANT Vermieter-Ready-Service: Wohnung für Rückgabe, Neuvermietung oder Besichtigung mit Räumung, Reinigung, Fotos und Restpunkten vorbereiten.","145","https://www.floxant.de/vermieter-ready-service","","PASS",""
"https://www.floxant.de/rueckfahrt-radar","de-DE","rückfahrt","Rückfahrt-Radar","Rückfahrt-Radar | Beiladung & Leerfahrt prüfen","46","FLOXANT Rückfahrt-Radar für flexible Transporte, Beiladung und Leerfahrten","FLOXANT Rückfahrt-Radar prüft flexible Transporte, Beiladung und Leerfahrt: Strecke, Volumen, Zeitfenster, Fotos und Abholort senden.","133","https://www.floxant.de/rueckfahrt-radar","","PASS",""
"https://www.floxant.de/region-regensburg","de-DE","region regensburg","Region Regensburg","Region Regensburg | Einsatzgebiet & Leistungen | FLOXANT","56","Region Regensburg: Einsatzgebiet, Leistungen und passende Anfragewege","Region Regensburg: ausgewählte Leistungen, Städte und Angebotsprüfung im Einsatzgebiet 50 km rund um Regensburg.","112","https://www.floxant.de/region-regensburg","de-DE:https://www.floxant.de/region-regensburg | x-default:https://www.floxant.de/region-regensburg","PASS",""
"https://www.floxant.de/angebot-pruefen","de-DE","angebot prüfen lassen","Angebot prüfen lassen","Angebot prüfen lassen | Regensburg | FLOXANT","44","Angebot in Regensburg prüfen lassen, bevor Umfang oder Preis unklar bleibt","Angebot prüfen lassen in Regensburg: Reinigung im 50-km-Umkreis, Umzug, Entrümpelung oder Wohnungsauflösung sachlich einordnen.","127","https://www.floxant.de/angebot-pruefen","de-DE:https://www.floxant.de/angebot-pruefen | x-default:https://www.floxant.de/angebot-pruefen","PASS",""
"https://www.floxant.de/regensburg/reinigungsfirma","de-DE","reinigungsfirma regensburg","Reinigungsfirma Regensburg","Reinigungsfirma Regensburg | Büroreinigung & Angebot | FLOXANT","62","Reinigungsfirma in Regensburg für Büro, Gewerbe, Wohnung und Übergabe","Reinigungsfirma Regensburg für Büro, Gewerbe, Wohnung, Endreinigung und Angebot: Stadtteil, Fläche, Fotos und Turnus prüfen.","124","https://www.floxant.de/regensburg/reinigungsfirma","de-DE:https://www.floxant.de/regensburg/reinigungsfirma | x-default:https://www.floxant.de/regensburg/reinigungsfirma","PASS",""
"https://www.floxant.de/angebot-vergleichen-regensburg","de-DE","angebot vergleichen regensburg","Angebot vergleichen Regensburg","Angebot vergleichen Regensburg | Reinigung, Umzug & Räumung | FLOXANT","69","Angebot aus Regensburg sachlich prüfen für Reinigung, Umzug oder Wohnungsauflösung","Angebot vergleichen Regensburg: Reinigung, Büroreinigung, Umzug, Wohnungsauflösung oder Entrümpelung mit Fotos sachlich prüfen.","127","https://www.floxant.de/angebot-vergleichen-regensburg","de-DE:https://www.floxant.de/angebot-vergleichen-regensburg | x-default:https://www.floxant.de/angebot-vergleichen-regensburg","PASS",""
"https://www.floxant.de/regensburg/umzugsservice","de-DE","umzugsservice regensburg","Umzugsservice Regensburg","Umzugsservice Regensburg | Umzug, Zusatzleistungen & Angebot","60","Umzugsservice Regensburg für Planung, Transport und Zusatzleistungen","Umzugsservice Regensburg für Planung, Tragen, Transport, Demontage, Reinigung danach und Angebotsprüfung mit Fotos und Eckdaten.","128","https://www.floxant.de/regensburg/umzugsservice","de-DE:https://www.floxant.de/regensburg/umzugsservice | en:https://www.floxant.de/en/regensburg/moving | x-default:https://www.floxant.de/regensburg/umzugsservice","PASS",""
"https://www.floxant.de/regensburg/umzug-kosten","de-DE","umzugskosten regensburg","Umzugskosten Regensburg","Umzugskosten Regensburg | Kostenfaktoren & Angebot prüfen","57","Umzugskosten Regensburg verstehen und Angebot prüfen lassen","Umzugskosten Regensburg verstehen: Wohnungsgroesse, Etage, Aufzug, Entfernung, Haltezone, Demontage, Kartons, Reinigung und Angebot prüfen.","139","https://www.floxant.de/regensburg/umzug-kosten","de-DE:https://www.floxant.de/regensburg/umzug-kosten | en:https://www.floxant.de/en/regensburg/moving-costs | x-default:https://www.floxant.de/regensburg/umzug-kosten","PASS",""
"https://www.floxant.de/regensburg/seniorenumzug","de-DE","seniorenumzug regensburg","Seniorenumzug Regensburg","Seniorenumzug Regensburg | Ruhig mit Angehoerigen planen","56","Seniorenumzug Regensburg ruhig mit Angehoerigen und Übergabe planen","Seniorenumzug Regensburg mit Angehoerigen, Packhilfe, Übergabe, Wohnungsauflösung und Reinigung nach Auszug ruhig prüfen.","121","https://www.floxant.de/regensburg/seniorenumzug","de-DE:https://www.floxant.de/regensburg/seniorenumzug | x-default:https://www.floxant.de/regensburg/seniorenumzug","PASS",""
"https://www.floxant.de/regensburg/reinigung-nach-umzug","de-DE","reinigung nach umzug regensburg","Reinigung nach Umzug Regensburg","Reinigung nach Umzug Regensburg | Übergabe vorbereiten","54","Reinigung nach Umzug Regensburg für Auszug, Endreinigung und Übergabe","Reinigung nach Umzug in Regensburg für Auszug, Endreinigung, Übergabe, Restpunkte und Fotos unverbindlich prüfen.","113","https://www.floxant.de/regensburg/reinigung-nach-umzug","de-DE:https://www.floxant.de/regensburg/reinigung-nach-umzug | en:https://www.floxant.de/en/regensburg/cleaning-after-moving | x-default:https://www.floxant.de/regensburg/reinigung-nach-umzug","PASS",""
"https://www.floxant.de/regensburg/angebot-vergleichen","de-DE","angebot prüfen regensburg","Angebot prüfen Regensburg","Angebot prüfen Regensburg | Umzug, Reinigung & Räumung","54","Angebot in Regensburg prüfen für Umzug, Reinigung oder Wohnungsauflösung","Angebot in Regensburg prüfen: Umzugskosten, Reinigungsangebot, Wohnungsauflösung oder Entrümpelung mit Fotos sachlich vergleichen.","130","https://www.floxant.de/regensburg/angebot-vergleichen","de-DE:https://www.floxant.de/regensburg/angebot-vergleichen | en:https://www.floxant.de/en/regensburg/moving-quote-review | x-default:https://www.floxant.de/regensburg/angebot-vergleichen","PASS",""
"https://www.floxant.de/en/regensburg/cleaning","en","cleaning service regensburg","Cleaning Service Regensburg","Cleaning Service Regensburg | English Quote & WhatsApp","54","Cleaning service in Regensburg for apartment, office and practice","English cleaning service in Regensburg for apartment, office, practice and commercial spaces. Send photos, timing and an existing quote for review.","147","https://www.floxant.de/en/regensburg/cleaning","de-DE:https://www.floxant.de/regensburg/reinigung | en:https://www.floxant.de/en/regensburg/cleaning | x-default:https://www.floxant.de/regensburg/reinigung","PASS",""
"https://www.floxant.de/en/regensburg/office-cleaning","en","office cleaning regensburg","Office Cleaning Regensburg","Office Cleaning Regensburg | English Request & Quote Review","59","Office cleaning in Regensburg with scope, timing and quote review","Office cleaning in Regensburg for workplaces, kitchen, sanitary areas and after-hours access. Send photos and review an existing cleaning quote.","144","https://www.floxant.de/en/regensburg/office-cleaning","de-DE:https://www.floxant.de/regensburg/gewerbereinigung | en:https://www.floxant.de/en/regensburg/office-cleaning | x-default:https://www.floxant.de/regensburg/gewerbereinigung","PASS",""
"https://www.floxant.de/en/regensburg/apartment-cleaning","en","apartment cleaning regensburg","Apartment Cleaning Regensburg","Apartment Cleaning Regensburg | Move-Out & Handover","51","Apartment cleaning in Regensburg before move-out or handover","Apartment cleaning in Regensburg for move-out, handover, empty flats and deep cleaning. English request with photos and quote review.","133","https://www.floxant.de/en/regensburg/apartment-cleaning","de-DE:https://www.floxant.de/regensburg/reinigung | en:https://www.floxant.de/en/regensburg/apartment-cleaning | x-default:https://www.floxant.de/regensburg/reinigung","PASS",""
"https://www.floxant.de/en/regensburg/deep-cleaning","en","deep cleaning regensburg","Deep Cleaning Regensburg","Deep Cleaning Regensburg | Apartment, Office & Move-Out","55","Deep cleaning in Regensburg after move-out, renovation or heavy dirt","Deep cleaning in Regensburg after move-out, renovation or heavy dirt. Send photos, scope and timing for a realistic English assessment.","135","https://www.floxant.de/en/regensburg/deep-cleaning","de-DE:https://www.floxant.de/grundreinigung-regensburg | en:https://www.floxant.de/en/regensburg/deep-cleaning | x-default:https://www.floxant.de/grundreinigung-regensburg","PASS",""
"https://www.floxant.de/en/regensburg/move-out-cleaning","en","move","Move-Out Cleaning Regensburg","Move-Out Cleaning Regensburg | Apartment Handover","49","Move-out cleaning in Regensburg for apartment handover","Move-out cleaning in Regensburg for apartment handover, empty flats and key return. English WhatsApp request with photos and quote review.","138","https://www.floxant.de/en/regensburg/move-out-cleaning","de-DE:https://www.floxant.de/regensburg/reinigung | en:https://www.floxant.de/en/regensburg/move-out-cleaning | x-default:https://www.floxant.de/regensburg/reinigung","PASS",""
"https://www.floxant.de/en/regensburg/stairwell-cleaning","en","stairwell cleaning regensburg","Stairwell Cleaning Regensburg","Stairwell Cleaning Regensburg | Entrance & Hallway","50","Stairwell cleaning in Regensburg for entrance, hallway and property management","Stairwell cleaning in Regensburg for entrances, hallways and property management. English request with floors, access, photos and quote review.","143","https://www.floxant.de/en/regensburg/stairwell-cleaning","de-DE:https://www.floxant.de/treppenhausreinigung-regensburg | en:https://www.floxant.de/en/regensburg/stairwell-cleaning | x-default:https://www.floxant.de/treppenhausreinigung-regensburg","PASS",""
"https://www.floxant.de/en/regensburg/cleaning-quote-review","en","cleaning quote review regensburg","Cleaning Quote Review Regensburg","Cleaning Quote Review Regensburg | Compare Before Booking","57","Cleaning quote review in Regensburg before you book","Review a cleaning quote in Regensburg before booking. FLOXANT checks price, scope, timing, access, extra items and photos in English.","133","https://www.floxant.de/en/regensburg/cleaning-quote-review","de-DE:https://www.floxant.de/angebot-vergleichen-regensburg | en:https://www.floxant.de/en/regensburg/cleaning-quote-review | x-default:https://www.floxant.de/angebot-vergleichen-regensburg","PASS",""
"https://www.floxant.de/en/regensburg/moving","en","moving service regensburg","Moving Service Regensburg","Moving Service Regensburg | English Quote Review","48","Moving service in Regensburg with photos, access and quote review","Moving service in Regensburg for apartment moves, furniture, access checks and cleaning after moving. Send photos and review a quote in English.","144","https://www.floxant.de/en/regensburg/moving","de-DE:https://www.floxant.de/regensburg/umzugsservice | en:https://www.floxant.de/en/regensburg/moving | x-default:https://www.floxant.de/regensburg/umzugsservice","PASS",""
"https://www.floxant.de/en/regensburg/moving-company","en","moving company regensburg","Moving Company Regensburg","Moving Company Regensburg | English Request & Estimate","54","Moving company in Regensburg for clear scope before booking","Moving company in Regensburg: send volume, floor, access, photos and timing. FLOXANT checks the move and an existing quote in English.","134","https://www.floxant.de/en/regensburg/moving-company","de-DE:https://www.floxant.de/regensburg/umzugsunternehmen | en:https://www.floxant.de/en/regensburg/moving-company | x-default:https://www.floxant.de/regensburg/umzugsunternehmen","PASS",""
"https://www.floxant.de/en/regensburg/moving-costs","en","moving costs regensburg","Moving Costs Regensburg","Moving Costs Regensburg | Estimate Factors & Quote Review","57","Moving costs in Regensburg: factors before a quote makes sense","Understand moving costs in Regensburg: volume, floor, access, parking, distance, dismantling, cleaning and quote review in English.","131","https://www.floxant.de/en/regensburg/moving-costs","de-DE:https://www.floxant.de/regensburg/umzug-kosten | en:https://www.floxant.de/en/regensburg/moving-costs | x-default:https://www.floxant.de/regensburg/umzug-kosten","PASS",""
"https://www.floxant.de/en/regensburg/house-clearance","en","house clearance regensburg","House Clearance Regensburg","House Clearance Regensburg | Apartment Clearance & Cleaning","59","House clearance in Regensburg with calm scope and quote review","House and apartment clearance in Regensburg with photos, access, disposal scope and cleaning after clearance. English request and quote review.","143","https://www.floxant.de/en/regensburg/house-clearance","de-DE:https://www.floxant.de/regensburg/wohnungsaufloesung | en:https://www.floxant.de/en/regensburg/house-clearance | x-default:https://www.floxant.de/regensburg/wohnungsaufloesung","PASS",""
"https://www.floxant.de/en/regensburg/cleaning-after-moving","en","cleaning after moving regensburg","Cleaning After Moving Regensburg","Cleaning After Moving Regensburg | Handover Cleaning","52","Cleaning after moving in Regensburg for handover or next use","Cleaning after moving in Regensburg for apartment handover, empty flats and move-out cleaning. English request with photos and quote review.","140","https://www.floxant.de/en/regensburg/cleaning-after-moving","de-DE:https://www.floxant.de/regensburg/reinigungsfirma | en:https://www.floxant.de/en/regensburg/cleaning-after-moving | x-default:https://www.floxant.de/regensburg/reinigungsfirma","PASS",""
"https://www.floxant.de/en/regensburg/apartment-clearance","en","apartment clearance regensburg","Apartment Clearance Regensburg","Apartment Clearance Regensburg | Clearance, Disposal & Cleaning","63","Apartment clearance in Regensburg with disposal scope and quote review","Apartment clearance in Regensburg with photos, access, disposal scope and possible cleaning after clearance. English request and quote review.","142","https://www.floxant.de/en/regensburg/apartment-clearance","de-DE:https://www.floxant.de/regensburg/entruempelung | en:https://www.floxant.de/en/regensburg/apartment-clearance | x-default:https://www.floxant.de/regensburg/entruempelung","PASS",""
"https://www.floxant.de/en/regensburg/moving-quote-review","en","moving quote review regensburg","Moving Quote Review Regensburg","Moving Quote Review Regensburg | Compare Before Booking","55","Moving quote review in Regensburg before you book","Review a moving quote in Regensburg before booking. FLOXANT checks volume, access, extras, cleaning, timing and price assumptions in English.","141","https://www.floxant.de/en/regensburg/moving-quote-review","de-DE:https://www.floxant.de/angebot-vergleichen-regensburg | en:https://www.floxant.de/en/regensburg/moving-quote-review | x-default:https://www.floxant.de/angebot-vergleichen-regensburg","PASS",""
"https://www.floxant.de/en/duesseldorf/cleaning","en","cleaning service düsseldorf","Cleaning Düsseldorf","Cleaning Service Düsseldorf | English Request | FLOXANT","55","Cleaning service in Düsseldorf for homes, offices and practices","Cleaning service in Düsseldorf for apartments, offices, practices and commercial spaces. Send property type, size, timing, access and photos in English.","152","https://www.floxant.de/en/duesseldorf/cleaning","de-DE:https://www.floxant.de/duesseldorf/reinigung | en:https://www.floxant.de/en/duesseldorf/cleaning | x-default:https://www.floxant.de/duesseldorf/reinigung","PASS",""
"https://www.floxant.de/en/duesseldorf/office-cleaning","en","office cleaning düsseldorf","Office Cleaning Düsseldorf","Office Cleaning Düsseldorf | Schedule & Quote | FLOXANT","55","Office cleaning in Düsseldorf with a clear schedule and scope","Office cleaning in Düsseldorf for workspaces, kitchens, sanitary areas and meeting rooms. Send size, frequency, access and preferred cleaning times.","148","https://www.floxant.de/en/duesseldorf/office-cleaning","de-DE:https://www.floxant.de/duesseldorf/bueroreinigung | en:https://www.floxant.de/en/duesseldorf/office-cleaning | x-default:https://www.floxant.de/duesseldorf/bueroreinigung","PASS",""
"https://www.floxant.de/en/duesseldorf/commercial-cleaning","en","commercial cleaning düsseldorf","Commercial Cleaning Düsseldorf","Commercial Cleaning Düsseldorf | Scope & Quote | FLOXANT","56","Commercial cleaning in Düsseldorf by property type and use","Commercial cleaning in Düsseldorf for shops, studios and business properties. Send area, use, time windows, access, frequency and required scope.","145","https://www.floxant.de/en/duesseldorf/commercial-cleaning","de-DE:https://www.floxant.de/duesseldorf/gewerbereinigung | en:https://www.floxant.de/en/duesseldorf/commercial-cleaning | x-default:https://www.floxant.de/duesseldorf/gewerbereinigung","PASS",""
"https://www.floxant.de/en/duesseldorf/apartment-cleaning","en","apartment cleaning düsseldorf","Apartment Cleaning Düsseldorf","Apartment Cleaning Düsseldorf | English Request | FLOXANT","57","Apartment cleaning in Düsseldorf for occupied or empty homes","Apartment cleaning in Düsseldorf for occupied homes, empty flats and handovers. Send rooms, condition, access, timing and photos in English.","140","https://www.floxant.de/en/duesseldorf/apartment-cleaning","de-DE:https://www.floxant.de/duesseldorf/reinigung | en:https://www.floxant.de/en/duesseldorf/apartment-cleaning | x-default:https://www.floxant.de/duesseldorf/reinigung","PASS",""
"https://www.floxant.de/en/duesseldorf/deep-cleaning","en","deep cleaning düsseldorf","Deep Cleaning Düsseldorf","Deep Cleaning Düsseldorf | Condition & Scope | FLOXANT","54","Deep cleaning in Düsseldorf after renovation or heavy use","Deep cleaning in Düsseldorf after renovation, vacancy or heavy use. Send rooms, surfaces, condition, access, desired result and photos in English.","146","https://www.floxant.de/en/duesseldorf/deep-cleaning","de-DE:https://www.floxant.de/duesseldorf/reinigung | en:https://www.floxant.de/en/duesseldorf/deep-cleaning | x-default:https://www.floxant.de/duesseldorf/reinigung","PASS",""
"https://www.floxant.de/en/duesseldorf/move-out-cleaning","en","move-out cleaning düsseldorf","Move-Out Cleaning Düsseldorf","Move-Out Cleaning Düsseldorf | Handover | FLOXANT","49","Move-out cleaning in Düsseldorf before the apartment handover","Move-out cleaning in Düsseldorf before key return or handover. Send rooms, kitchen and bathroom condition, remaining items, access, date and photos.","148","https://www.floxant.de/en/duesseldorf/move-out-cleaning","de-DE:https://www.floxant.de/duesseldorf/reinigung | en:https://www.floxant.de/en/duesseldorf/move-out-cleaning | x-default:https://www.floxant.de/duesseldorf/reinigung","PASS",""
"https://www.floxant.de/en/duesseldorf/window-cleaning","en","window cleaning düsseldorf","Window Cleaning Düsseldorf","Window Cleaning Düsseldorf | Glass & Access | FLOXANT","53","Window cleaning in Düsseldorf with glass area and access details","Window cleaning in Düsseldorf for homes, offices and shops. Send window count, glass area, inside or outside, frames, floor, access and timing.","143","https://www.floxant.de/en/duesseldorf/window-cleaning","de-DE:https://www.floxant.de/duesseldorf/fensterreinigung | en:https://www.floxant.de/en/duesseldorf/window-cleaning | x-default:https://www.floxant.de/duesseldorf/fensterreinigung","PASS",""
"https://www.floxant.de/en/duesseldorf/cleaning-quote-review","en","cleaning quote review düsseldorf","Cleaning Quote Review","Cleaning Quote Review Düsseldorf | Scope Check | FLOXANT","56","Review a Düsseldorf cleaning quote before you decide","Review a cleaning quote for Düsseldorf: scope, area, frequency, access, time windows, materials, extras and missing assumptions checked in English.","147","https://www.floxant.de/en/duesseldorf/cleaning-quote-review","de-DE:https://www.floxant.de/angebot-vergleichen-duesseldorf | en:https://www.floxant.de/en/duesseldorf/cleaning-quote-review | x-default:https://www.floxant.de/angebot-vergleichen-duesseldorf","PASS",""
"https://www.floxant.de/en","en","FLOXANT English services","Services in English","FLOXANT Services in English | Düsseldorf & Regensburg","53","Cleaning in Düsseldorf and moving services in Regensburg","FLOXANT services in English: cleaning in Düsseldorf and cleaning, moving or clearance in Regensburg. Send scope, timing, access and photos.","139","https://www.floxant.de/en","en:https://www.floxant.de/en | x-default:https://www.floxant.de","PASS",""
"https://www.floxant.de/en/contact","en","contact floxant in english","Contact FLOXANT in English","Contact FLOXANT in English | Düsseldorf & Regensburg","52","Send your FLOXANT request in English","Send a FLOXANT service request in English for cleaning in Düsseldorf or cleaning, moving and clearance in Regensburg.","117","https://www.floxant.de/en/contact","en:https://www.floxant.de/en/contact | de-DE:https://www.floxant.de/kontakt | x-default:https://www.floxant.de/kontakt","PASS",""
"https://www.floxant.de/en/quote-check","en","quote scope check","Quote Scope Check: 12 Details to Clarify","Quote Scope Check: 12 Details to Clarify | FLOXANT","50","Clarify twelve scope details before accepting a service quote","Use the client-side FLOXANT Scope Check for a cleaning, moving or clearance quote in Germany. Mark open details and create clear follow-up questions.","149","https://www.floxant.de/en/quote-check","de-DE:https://www.floxant.de/angebotscheck | en:https://www.floxant.de/en/quote-check | x-default:https://www.floxant.de/angebotscheck","PASS",""
"https://www.floxant.de/en/create-request","en","create a cleaning or moving request brief","Create a Cleaning or Moving Request Brief","Create a Cleaning or Moving Request Brief | FLOXANT","51","Prepare a clear service request before contacting FLOXANT","Create a structured request brief in English for cleaning in Düsseldorf or cleaning, moving and clearance in Regensburg. No price or appointment is calculated.","159","https://www.floxant.de/en/create-request","de-DE:https://www.floxant.de/objektbrief | en:https://www.floxant.de/en/create-request | x-default:https://www.floxant.de/objektbrief","PASS",""
"https://www.floxant.de/en/service-finder","en","service finder for düsseldorf & regensburg","Service Finder for Düsseldorf & Regensburg","Service Finder for Düsseldorf & Regensburg | FLOXANT","52","Find the relevant FLOXANT service for your region and task","Use the client-side service finder for cleaning in Düsseldorf or cleaning, moving and clearance in Regensburg, Germany, with clear next steps in English.","153","https://www.floxant.de/en/service-finder","de-DE:https://www.floxant.de/leistungsfinder | en:https://www.floxant.de/en/service-finder | x-default:https://www.floxant.de/leistungsfinder","PASS",""
"https://www.floxant.de/umzug-bayern","de-DE","umzug bayern","Umzug Bayern","Umzug Bayern | Preisrahmen ab Regensburg prüfen","47","Umzug Bayern","Umzug in Bayern geplant? FLOXANT prüft Strecke, Volumen, Zugang, Montage und Terminlage für eine klare Anfrage. Umzug, Fotos, Termin, Zugang, vorhandenes Angebot und Preisrahmen für Bayern übersichtlich senden.","210","https://www.floxant.de/umzug-bayern","de-DE:https://www.floxant.de/umzug-bayern | x-default:https://www.floxant.de/umzug-bayern","WARN","meta description long | duplicate-h1"
"https://www.floxant.de/umzug-landkreis-regensburg","de-DE","umzugsservice landkreis regensburg","Umzugsservice Landkreis Regensburg","Umzugsservice Landkreis Regensburg | Strecke & Termin klären","60","Umzug Landkreis-regensburg","Umzug in Landkreis Regensburg: FLOXANT prüft Volumen, Zugang, Strecke, Termin und Extras. Anfrage mit Fotos oder Preisrahmen mit konkreten Eckdaten starten. Landkreis Regensburg wird über den FLOXANT-Regensburg-Radius...","220","https://www.floxant.de/umzug-landkreis-regensburg","de-DE:https://www.floxant.de/umzug-landkreis-regensburg | x-default:https://www.floxant.de/umzug-landkreis-regensburg","WARN","meta description long"
"https://www.floxant.de/bueroumzug-regensburg","de-DE","büroumzug regensburg","Büroumzug Regensburg","Büroumzug Regensburg | Firma & Angebot prüfen","45","Büroumzug in regensburg","Büroumzug Regensburg: Arbeitsplätze, Möbel, Akten, IT-nahe Bereiche, Zeitfenster, Fotos, Entsorgung und Angebot prüfen. Büroumzug, Fotos, Termin, Zugang, vorhandenes Angebot und Preisrahmen für Regensburg...","207","https://www.floxant.de/bueroumzug-regensburg","de-DE:https://www.floxant.de/bueroumzug-regensburg | x-default:https://www.floxant.de/bueroumzug-regensburg","WARN","meta description long"
"https://www.floxant.de/seniorenumzug-landshut","de-DE","seniorenumzug landshut","Seniorenumzug Landshut","Seniorenumzug Landshut | ruhig planen","37","Seniorenumzug in Landshut","Senioren-Umzug Landshut: Fotos, Zimmer, Etage, Aufzug, Hilfe durch Angehörige und Übergabeziel übersichtlich senden. Landshut wird als Bayern-Strecke nach Verfügbarkeit geprüft; Rückfahrt, Zeitfenster und Umfang zählen...","221","https://www.floxant.de/seniorenumzug-landshut","de-DE:https://www.floxant.de/seniorenumzug-landshut | x-default:https://www.floxant.de/seniorenumzug-landshut","WARN","meta description long"
"https://www.floxant.de/reinigung-straubing","de-DE","reinigungsfirma straubing","Reinigungsfirma Straubing","Reinigungsfirma Straubing | Objekt prüfen lassen","48","Endreinigung","FLOXANT prüft Reinigungsanfragen in Straubing für Wohnung, Büro, Grundreinigung und saubere Übergabe nach Verfügbarkeit. Straubing wird als Bayern-Strecke nach Verfügbarkeit geprüft; Rückfahrt, Zeitfenster und Umfang...","219","https://www.floxant.de/reinigung-straubing","de-DE:https://www.floxant.de/reinigung-straubing | x-default:https://www.floxant.de/reinigung-straubing","WARN","meta description long | duplicate-h1"
"https://www.floxant.de/bueroumzug-bayern","de-DE","büroumzug bayern","Büroumzug Bayern","Büroumzug Bayern | Firmenumzug klar planen","42","Umzug Bayern","Büro in Bayern umziehen: Umfang, Etagen, sensible Unterlagen, Zeitfenster und Reinigung nach dem Umzug sauber abstimmen. Bayern wird über den FLOXANT-Regensburg-Radius geprüft; Ort, Fotos und Preisrahmen helfen bei der...","221","https://www.floxant.de/bueroumzug-bayern","de-DE:https://www.floxant.de/bueroumzug-bayern | x-default:https://www.floxant.de/bueroumzug-bayern","WARN","meta description long | duplicate-h1"
"https://www.floxant.de/entruempelung-bayern","de-DE","entrümpelungsfirma bayern finden","Entrümpelungsfirma Bayern finden","Entrümpelungsfirma Bayern finden | Fotos prüfen","47","Umzug Bayern","Entrümpelungsfirma in Bayern finden: Forchheim, Regensburg, München oder Nürnberg mit Räumen, Fotos, Zugang und Termin prüfen. Entrümpelung, Fotos, Termin, Zugang, vorhandenes Angebot und Preisrahmen für Bayern...","213","https://www.floxant.de/entruempelung-bayern","de-DE:https://www.floxant.de/entruempelung-bayern | x-default:https://www.floxant.de/entruempelung-bayern","WARN","meta description long | duplicate-h1"
"https://www.floxant.de/entruempelung-kosten-regensburg","de-DE","keller entrümpeln kosten regensburg","Keller entrümpeln Kosten Regensburg","Keller entrümpeln Kosten Regensburg | FLOXANT prüft","51","Entrümpelung Kosten in Regensburg","Entrümpelung in Kosten Regensburg: FLOXANT prüft Volumen, Material, Zugang, Laufwege und Entsorgung. Fotos senden und Umfang klären. Kosten Regensburg wird über den FLOXANT-Regensburg-Radius geprüft; Ort, Fotos und...","217","https://www.floxant.de/entruempelung-kosten-regensburg","de-DE:https://www.floxant.de/entruempelung-kosten-regensburg | x-default:https://www.floxant.de/entruempelung-kosten-regensburg","WARN","meta description long"
"https://www.floxant.de/klaviertransport-regensburg","de-DE","klaviertransport regensburg mit etage und zugang klären","Klaviertransport Regensburg mit Etage und Zugang klären","Klaviertransport Regensburg mit Etage und Zugang klären","55","Klaviertransport in Regensburg anfragen - Etage, Zugang und Termin klären.","Klaviertransport Regensburg vorbereiten: Instrument, Etage, Aufzug, Treppenhaus, Strecke, Haltemoeglichkeit, Fotos und Termin klären. Klaviertransport, Fotos, Termin, Zugang, vorhandenes Angebot und Preisrahmen für...","217","https://www.floxant.de/klaviertransport-regensburg","de-DE:https://www.floxant.de/klaviertransport-regensburg | x-default:https://www.floxant.de/klaviertransport-regensburg","WARN","meta description long"
"https://www.floxant.de/reinigung-abensberg","de-DE","reinigungsfirma abensberg","Reinigungsfirma Abensberg","Reinigungsfirma Abensberg | Objekt prüfen lassen","48","Endreinigung","FLOXANT prüft Reinigungsanfragen in Abensberg für Wohnung, Büro, Grundreinigung und saubere Übergabe nach Verfügbarkeit. Abensberg wird über den FLOXANT-Regensburg-Radius geprüft; Ort, Fotos und Preisrahmen helfen bei...","220","https://www.floxant.de/reinigung-abensberg","de-DE:https://www.floxant.de/reinigung-abensberg | x-default:https://www.floxant.de/reinigung-abensberg","WARN","meta description long | duplicate-h1"
"https://www.floxant.de/reinigung-alteglofsheim","de-DE","reinigung alteglofsheim","Reinigung Alteglofsheim","Reinigung Alteglofsheim | Übergabe sauber planen","48","Endreinigung","Endreinigung in Alteglofsheim: Wohnungszustand, Räume, Bad, Küche, Böden und Übergabetermin klar erfassen und Anfrage starten. Alteglofsheim wird über den FLOXANT-Regensburg-Radius geprüft; Ort, Fotos und Preisrahmen...","219","https://www.floxant.de/reinigung-alteglofsheim","de-DE:https://www.floxant.de/reinigung-alteglofsheim | x-default:https://www.floxant.de/reinigung-alteglofsheim","WARN","meta description long | duplicate-h1"
"https://www.floxant.de/reinigung-altenthann","de-DE","wohnungsreinigung altenthann","Wohnungsreinigung Altenthann","Wohnungsreinigung Altenthann | FLOXANT Anfrage","46","Endreinigung","Reinigungsfirma für Altenthann gesucht? Fotos, Fläche, Verschmutzung, Zeitfenster und Übergabeanforderungen direkt prüfen lassen. Altenthann wird über den FLOXANT-Regensburg-Radius geprüft; Ort, Fotos und Preisrahmen...","219","https://www.floxant.de/reinigung-altenthann","de-DE:https://www.floxant.de/reinigung-altenthann | x-default:https://www.floxant.de/reinigung-altenthann","WARN","meta description long | duplicate-h1"
"https://www.floxant.de/reinigung-aufhausen","de-DE","endreinigung aufhausen","Endreinigung Aufhausen","Endreinigung Aufhausen | Fläche & Termin klären","47","Endreinigung","Reinigung in Aufhausen: FLOXANT prüft Fläche, Zustand, Objektart, Termin und Extras für Endreinigung, Übergabe und Objektservice. Aufhausen wird über den FLOXANT-Regensburg-Radius geprüft; Ort, Fotos und Preisrahmen...","218","https://www.floxant.de/reinigung-aufhausen","de-DE:https://www.floxant.de/reinigung-aufhausen | x-default:https://www.floxant.de/reinigung-aufhausen","WARN","meta description long | duplicate-h1"
"https://www.floxant.de/reinigung-bad-abbach","de-DE","reinigungsfirma bad abbach","Reinigungsfirma Bad Abbach","Reinigungsfirma Bad Abbach | Objekt prüfen lassen","49","Endreinigung","FLOXANT prüft Reinigungsanfragen in Bad Abbach für Wohnung, Büro, Grundreinigung und saubere Übergabe nach Verfügbarkeit. Bad Abbach liegt im direkten Regensburg-Nahbereich; Strecke, Zugang, Fotos und Kapazität werden...","220","https://www.floxant.de/reinigung-bad-abbach","de-DE:https://www.floxant.de/reinigung-bad-abbach | x-default:https://www.floxant.de/reinigung-bad-abbach","WARN","meta description long | duplicate-h1"
"https://www.floxant.de/reinigung-barbing","de-DE","wohnungsreinigung barbing","Wohnungsreinigung Barbing","Wohnungsreinigung Barbing | FLOXANT Anfrage","43","Endreinigung","Reinigungsfirma für Barbing gesucht? Fotos, Fläche, Verschmutzung, Zeitfenster und Übergabeanforderungen direkt prüfen lassen. Barbing liegt im direkten Regensburg-Nahbereich; Strecke, Zugang, Fotos und Kapazität...","215","https://www.floxant.de/reinigung-barbing","de-DE:https://www.floxant.de/reinigung-barbing | x-default:https://www.floxant.de/reinigung-barbing","WARN","meta description long | duplicate-h1"
"https://www.floxant.de/reinigung-beratzhausen","de-DE","reinigung beratzhausen","Reinigung Beratzhausen","Reinigung Beratzhausen | Übergabe sauber planen","47","Endreinigung","Endreinigung in Beratzhausen: Wohnungszustand, Räume, Bad, Küche, Böden und Übergabetermin klar erfassen und Anfrage starten. Beratzhausen wird über den FLOXANT-Regensburg-Radius geprüft; Ort, Fotos und Preisrahmen...","217","https://www.floxant.de/reinigung-beratzhausen","de-DE:https://www.floxant.de/reinigung-beratzhausen | x-default:https://www.floxant.de/reinigung-beratzhausen","WARN","meta description long | duplicate-h1"
"https://www.floxant.de/reinigung-bernhardswald","de-DE","wohnungsreinigung bernhardswald","Wohnungsreinigung Bernhardswald","Wohnungsreinigung Bernhardswald | FLOXANT Anfrage","49","Endreinigung","Reinigungsfirma für Bernhardswald gesucht? Fotos, Fläche, Verschmutzung, Zeitfenster und Übergabeanforderungen direkt prüfen lassen. Bernhardswald wird über den FLOXANT-Regensburg-Radius geprüft; Ort, Fotos und...","213","https://www.floxant.de/reinigung-bernhardswald","de-DE:https://www.floxant.de/reinigung-bernhardswald | x-default:https://www.floxant.de/reinigung-bernhardswald","WARN","meta description long | duplicate-h1"
"https://www.floxant.de/reinigung-brennberg","de-DE","reinigungsfirma brennberg","Reinigungsfirma Brennberg","Reinigungsfirma Brennberg | Objekt prüfen lassen","48","Endreinigung","FLOXANT prüft Reinigungsanfragen in Brennberg für Wohnung, Büro, Grundreinigung und saubere Übergabe nach Verfügbarkeit. Brennberg wird über den FLOXANT-Regensburg-Radius geprüft; Ort, Fotos und Preisrahmen helfen bei...","220","https://www.floxant.de/reinigung-brennberg","de-DE:https://www.floxant.de/reinigung-brennberg | x-default:https://www.floxant.de/reinigung-brennberg","WARN","meta description long | duplicate-h1"
"https://www.floxant.de/reinigung-brunn","de-DE","reinigungsfirma brunn","Reinigungsfirma Brunn","Reinigungsfirma Brunn | Objekt prüfen lassen","44","Endreinigung","FLOXANT prüft Reinigungsanfragen in Brunn für Wohnung, Büro, Grundreinigung und saubere Übergabe nach Verfügbarkeit. Brunn wird über den FLOXANT-Regensburg-Radius geprüft; Ort, Fotos und Preisrahmen helfen bei der...","216","https://www.floxant.de/reinigung-brunn","de-DE:https://www.floxant.de/reinigung-brunn | x-default:https://www.floxant.de/reinigung-brunn","WARN","meta description long | duplicate-h1"
"https://www.floxant.de/reinigung-burglengenfeld","de-DE","endreinigung burglengenfeld","Endreinigung Burglengenfeld","Endreinigung Burglengenfeld | Fläche & Termin klären","52","Endreinigung","Reinigung in Burglengenfeld: FLOXANT prüft Fläche, Zustand, Objektart, Termin und Extras für Endreinigung, Übergabe und Objektservice. Burglengenfeld wird über den FLOXANT-Regensburg-Radius geprüft; Ort, Fotos und...","216","https://www.floxant.de/reinigung-burglengenfeld","de-DE:https://www.floxant.de/reinigung-burglengenfeld | x-default:https://www.floxant.de/reinigung-burglengenfeld","WARN","meta description long | duplicate-h1"
"https://www.floxant.de/reinigung-deuerling","de-DE","wohnungsreinigung deuerling","Wohnungsreinigung Deuerling","Wohnungsreinigung Deuerling | FLOXANT Anfrage","45","Endreinigung","Reinigungsfirma für Deuerling gesucht? Fotos, Fläche, Verschmutzung, Zeitfenster und Übergabeanforderungen direkt prüfen lassen. Deuerling wird über den FLOXANT-Regensburg-Radius geprüft; Ort, Fotos und Preisrahmen...","217","https://www.floxant.de/reinigung-deuerling","de-DE:https://www.floxant.de/reinigung-deuerling | x-default:https://www.floxant.de/reinigung-deuerling","WARN","meta description long | duplicate-h1"
"https://www.floxant.de/reinigung-donaustauf","de-DE","endreinigung donaustauf","Endreinigung Donaustauf","Endreinigung Donaustauf | Fläche & Termin klären","48","Endreinigung","Reinigung in Donaustauf: FLOXANT prüft Fläche, Zustand, Objektart, Termin und Extras für Endreinigung, Übergabe und Objektservice. Donaustauf liegt im direkten Regensburg-Nahbereich; Strecke, Zugang, Fotos und...","212","https://www.floxant.de/reinigung-donaustauf","de-DE:https://www.floxant.de/reinigung-donaustauf | x-default:https://www.floxant.de/reinigung-donaustauf","WARN","meta description long | duplicate-h1"
"https://www.floxant.de/reinigung-duggendorf","de-DE","reinigungsfirma duggendorf","Reinigungsfirma Duggendorf","Reinigungsfirma Duggendorf | Objekt prüfen lassen","49","Endreinigung","FLOXANT prüft Reinigungsanfragen in Duggendorf für Wohnung, Büro, Grundreinigung und saubere Übergabe nach Verfügbarkeit. Duggendorf wird über den FLOXANT-Regensburg-Radius geprüft; Ort, Fotos und Preisrahmen helfen...","218","https://www.floxant.de/reinigung-duggendorf","de-DE:https://www.floxant.de/reinigung-duggendorf | x-default:https://www.floxant.de/reinigung-duggendorf","WARN","meta description long | duplicate-h1"
"https://www.floxant.de/reinigung-geiselhoering","de-DE","wohnungsreinigung geiselhoering","Wohnungsreinigung Geiselhoering","Wohnungsreinigung Geiselhoering | FLOXANT Anfrage","49","Endreinigung","Reinigungsfirma für Geiselhoering gesucht? Fotos, Fläche, Verschmutzung, Zeitfenster und Übergabeanforderungen direkt prüfen lassen. Geiselhoering wird über den FLOXANT-Regensburg-Radius geprüft; Ort, Fotos und...","213","https://www.floxant.de/reinigung-geiselhoering","de-DE:https://www.floxant.de/reinigung-geiselhoering | x-default:https://www.floxant.de/reinigung-geiselhoering","WARN","meta description long | duplicate-h1"
"https://www.floxant.de/reinigung-hagelstadt","de-DE","wohnungsreinigung hagelstadt","Wohnungsreinigung Hagelstadt","Wohnungsreinigung Hagelstadt | FLOXANT Anfrage","46","Endreinigung","Reinigungsfirma für Hagelstadt gesucht? Fotos, Fläche, Verschmutzung, Zeitfenster und Übergabeanforderungen direkt prüfen lassen. Hagelstadt wird über den FLOXANT-Regensburg-Radius geprüft; Ort, Fotos und Preisrahmen...","219","https://www.floxant.de/reinigung-hagelstadt","de-DE:https://www.floxant.de/reinigung-hagelstadt | x-default:https://www.floxant.de/reinigung-hagelstadt","WARN","meta description long | duplicate-h1"
"https://www.floxant.de/reinigung-hausen","de-DE","reinigung hausen","Reinigung Hausen","Reinigung Hausen | Übergabe sauber planen","41","Endreinigung","Endreinigung in Hausen: Wohnungszustand, Räume, Bad, Küche, Böden und Übergabetermin klar erfassen und Anfrage starten. Hausen wird über den FLOXANT-Regensburg-Radius geprüft; Ort, Fotos und Preisrahmen helfen bei der...","220","https://www.floxant.de/reinigung-hausen","de-DE:https://www.floxant.de/reinigung-hausen | x-default:https://www.floxant.de/reinigung-hausen","WARN","meta description long | duplicate-h1"
"https://www.floxant.de/reinigung-hemau","de-DE","reinigung hemau","Reinigung Hemau","Reinigung Hemau | Übergabe sauber planen","40","Endreinigung","Endreinigung in Hemau: Wohnungszustand, Räume, Bad, Küche, Böden und Übergabetermin klar erfassen und Anfrage starten. Hemau wird über den FLOXANT-Regensburg-Radius geprüft; Ort, Fotos und Preisrahmen helfen bei der...","218","https://www.floxant.de/reinigung-hemau","de-DE:https://www.floxant.de/reinigung-hemau | x-default:https://www.floxant.de/reinigung-hemau","WARN","meta description long | duplicate-h1"
"https://www.floxant.de/reinigung-holzheim-am-forst","de-DE","reinigung holzheim am forst","Reinigung Holzheim am Forst","Reinigung Holzheim am Forst | Übergabe sauber planen","52","Endreinigung","Endreinigung in Holzheim am Forst: Wohnungszustand, Räume, Bad, Küche, Böden und Übergabetermin klar erfassen und Anfrage starten. Holzheim am Forst wird über den FLOXANT-Regensburg-Radius geprüft; Ort, Fotos und...","215","https://www.floxant.de/reinigung-holzheim-am-forst","de-DE:https://www.floxant.de/reinigung-holzheim-am-forst | x-default:https://www.floxant.de/reinigung-holzheim-am-forst","WARN","meta description long | duplicate-h1"
"https://www.floxant.de/reinigung-kallmuenz","de-DE","wohnungsreinigung kallmuenz","Wohnungsreinigung Kallmuenz","Wohnungsreinigung Kallmuenz | FLOXANT Anfrage","45","Endreinigung","Reinigungsfirma für Kallmuenz gesucht? Fotos, Fläche, Verschmutzung, Zeitfenster und Übergabeanforderungen direkt prüfen lassen. Kallmuenz wird über den FLOXANT-Regensburg-Radius geprüft; Ort, Fotos und Preisrahmen...","217","https://www.floxant.de/reinigung-kallmuenz","de-DE:https://www.floxant.de/reinigung-kallmuenz | x-default:https://www.floxant.de/reinigung-kallmuenz","WARN","meta description long | duplicate-h1"
"https://www.floxant.de/reinigung-kelheim","de-DE","wohnungsreinigung kelheim","Wohnungsreinigung Kelheim","Wohnungsreinigung Kelheim | FLOXANT Anfrage","43","Endreinigung","Reinigungsfirma für Kelheim gesucht? Fotos, Fläche, Verschmutzung, Zeitfenster und Übergabeanforderungen direkt prüfen lassen. Kelheim wird über den FLOXANT-Regensburg-Radius geprüft; Ort, Fotos und Preisrahmen helfen...","220","https://www.floxant.de/reinigung-kelheim","de-DE:https://www.floxant.de/reinigung-kelheim | x-default:https://www.floxant.de/reinigung-kelheim","WARN","meta description long | duplicate-h1"
"https://www.floxant.de/reinigung-koefering","de-DE","reinigung koefering","Reinigung Koefering","Reinigung Koefering | Übergabe sauber planen","44","Endreinigung","Endreinigung in Koefering: Wohnungszustand, Räume, Bad, Küche, Böden und Übergabetermin klar erfassen und Anfrage starten. Koefering wird über den FLOXANT-Regensburg-Radius geprüft; Ort, Fotos und Preisrahmen helfen...","218","https://www.floxant.de/reinigung-koefering","de-DE:https://www.floxant.de/reinigung-koefering | x-default:https://www.floxant.de/reinigung-koefering","WARN","meta description long | duplicate-h1"
"https://www.floxant.de/reinigung-laaber","de-DE","wohnungsreinigung laaber","Wohnungsreinigung Laaber","Wohnungsreinigung Laaber | FLOXANT Anfrage","42","Endreinigung","Reinigungsfirma für Laaber gesucht? Fotos, Fläche, Verschmutzung, Zeitfenster und Übergabeanforderungen direkt prüfen lassen. Laaber wird über den FLOXANT-Regensburg-Radius geprüft; Ort, Fotos und Preisrahmen helfen...","218","https://www.floxant.de/reinigung-laaber","de-DE:https://www.floxant.de/reinigung-laaber | x-default:https://www.floxant.de/reinigung-laaber","WARN","meta description long | duplicate-h1"
"https://www.floxant.de/reinigung-langquaid","de-DE","endreinigung langquaid","Endreinigung Langquaid","Endreinigung Langquaid | Fläche & Termin klären","47","Endreinigung","Reinigung in Langquaid: FLOXANT prüft Fläche, Zustand, Objektart, Termin und Extras für Endreinigung, Übergabe und Objektservice. Langquaid wird über den FLOXANT-Regensburg-Radius geprüft; Ort, Fotos und Preisrahmen...","218","https://www.floxant.de/reinigung-langquaid","de-DE:https://www.floxant.de/reinigung-langquaid | x-default:https://www.floxant.de/reinigung-langquaid","WARN","meta description long | duplicate-h1"
"https://www.floxant.de/reinigung-lappersdorf","de-DE","reinigung lappersdorf","Reinigung Lappersdorf","Reinigung Lappersdorf | Übergabe sauber planen","46","Endreinigung","Endreinigung in Lappersdorf: Wohnungszustand, Räume, Bad, Küche, Böden und Übergabetermin klar erfassen und Anfrage starten. Lappersdorf liegt im direkten Regensburg-Nahbereich; Strecke, Zugang, Fotos und Kapazität...","217","https://www.floxant.de/reinigung-lappersdorf","de-DE:https://www.floxant.de/reinigung-lappersdorf | x-default:https://www.floxant.de/reinigung-lappersdorf","WARN","meta description long | duplicate-h1"
"https://www.floxant.de/reinigung-mainburg","de-DE","reinigungsfirma mainburg","Reinigungsfirma Mainburg","Reinigungsfirma Mainburg | Objekt prüfen lassen","47","Endreinigung","FLOXANT prüft Reinigungsanfragen in Mainburg für Wohnung, Büro, Grundreinigung und saubere Übergabe nach Verfügbarkeit. Mainburg wird über den FLOXANT-Regensburg-Radius geprüft; Ort, Fotos und Preisrahmen helfen bei...","218","https://www.floxant.de/reinigung-mainburg","de-DE:https://www.floxant.de/reinigung-mainburg | x-default:https://www.floxant.de/reinigung-mainburg","WARN","meta description long | duplicate-h1"
"https://www.floxant.de/reinigung-mallersdorf-pfaffenberg","de-DE","reinigung mallersdorf pfaffenberg","Reinigung Mallersdorf Pfaffenberg","Reinigung Mallersdorf Pfaffenberg | Übergabe sauber planen","58","Endreinigung","Endreinigung in Mallersdorf Pfaffenberg: Wohnungszustand, Räume, Bad, Küche, Böden und Übergabetermin klar erfassen und Anfrage starten. Mallersdorf Pfaffenberg wird über den FLOXANT-Regensburg-Radius geprüft; Ort,...","217","https://www.floxant.de/reinigung-mallersdorf-pfaffenberg","de-DE:https://www.floxant.de/reinigung-mallersdorf-pfaffenberg | x-default:https://www.floxant.de/reinigung-mallersdorf-pfaffenberg","WARN","meta description long | duplicate-h1"
"https://www.floxant.de/reinigung-maxhuette-haidhof","de-DE","wohnungsreinigung maxhuette haidhof","Wohnungsreinigung Maxhuette Haidhof","Wohnungsreinigung Maxhuette Haidhof | FLOXANT Anfrage","53","Endreinigung","Reinigungsfirma für Maxhuette Haidhof gesucht? Fotos, Fläche, Verschmutzung, Zeitfenster und Übergabeanforderungen direkt prüfen lassen. Maxhuette Haidhof wird über den FLOXANT-Regensburg-Radius geprüft; Ort, Fotos und...","221","https://www.floxant.de/reinigung-maxhuette-haidhof","de-DE:https://www.floxant.de/reinigung-maxhuette-haidhof | x-default:https://www.floxant.de/reinigung-maxhuette-haidhof","WARN","meta description long | duplicate-h1"
"https://www.floxant.de/reinigung-mintraching","de-DE","reinigung mintraching","Reinigung Mintraching","Reinigung Mintraching | Übergabe sauber planen","46","Endreinigung","Endreinigung in Mintraching: Wohnungszustand, Räume, Bad, Küche, Böden und Übergabetermin klar erfassen und Anfrage starten. Mintraching wird über den FLOXANT-Regensburg-Radius geprüft; Ort, Fotos und Preisrahmen...","215","https://www.floxant.de/reinigung-mintraching","de-DE:https://www.floxant.de/reinigung-mintraching | x-default:https://www.floxant.de/reinigung-mintraching","WARN","meta description long | duplicate-h1"
"https://www.floxant.de/reinigung-moetzing","de-DE","reinigungsfirma moetzing","Reinigungsfirma Moetzing","Reinigungsfirma Moetzing | Objekt prüfen lassen","47","Endreinigung","FLOXANT prüft Reinigungsanfragen in Moetzing für Wohnung, Büro, Grundreinigung und saubere Übergabe nach Verfügbarkeit. Moetzing wird über den FLOXANT-Regensburg-Radius geprüft; Ort, Fotos und Preisrahmen helfen bei...","218","https://www.floxant.de/reinigung-moetzing","de-DE:https://www.floxant.de/reinigung-moetzing | x-default:https://www.floxant.de/reinigung-moetzing","WARN","meta description long | duplicate-h1"
"https://www.floxant.de/reinigung-neutraubling","de-DE","reinigung neutraubling","Reinigung Neutraubling","Reinigung Neutraubling | Übergabe sauber planen","47","Endreinigung","Endreinigung in Neutraubling: Wohnungszustand, Räume, Bad, Küche, Böden und Übergabetermin klar erfassen und Anfrage starten. Neutraubling liegt im direkten Regensburg-Nahbereich; Strecke, Zugang, Fotos und Kapazität...","219","https://www.floxant.de/reinigung-neutraubling","de-DE:https://www.floxant.de/reinigung-neutraubling | x-default:https://www.floxant.de/reinigung-neutraubling","WARN","meta description long | duplicate-h1"
"https://www.floxant.de/reinigung-nittenau","de-DE","reinigung nittenau","Reinigung Nittenau","Reinigung Nittenau | Übergabe sauber planen","43","Endreinigung","Endreinigung in Nittenau: Wohnungszustand, Räume, Bad, Küche, Böden und Übergabetermin klar erfassen und Anfrage starten. Nittenau wird über den FLOXANT-Regensburg-Radius geprüft; Ort, Fotos und Preisrahmen helfen bei...","220","https://www.floxant.de/reinigung-nittenau","de-DE:https://www.floxant.de/reinigung-nittenau | x-default:https://www.floxant.de/reinigung-nittenau","WARN","meta description long | duplicate-h1"
"https://www.floxant.de/reinigung-nittendorf","de-DE","wohnungsreinigung nittendorf","Wohnungsreinigung Nittendorf","Wohnungsreinigung Nittendorf | FLOXANT Anfrage","46","Endreinigung","Reinigungsfirma für Nittendorf gesucht? Fotos, Fläche, Verschmutzung, Zeitfenster und Übergabeanforderungen direkt prüfen lassen. Nittendorf liegt im direkten Regensburg-Nahbereich; Strecke, Zugang, Fotos und Kapazität...","221","https://www.floxant.de/reinigung-nittendorf","de-DE:https://www.floxant.de/reinigung-nittendorf | x-default:https://www.floxant.de/reinigung-nittendorf","WARN","meta description long | duplicate-h1"
"https://www.floxant.de/reinigung-obertraubling","de-DE","endreinigung obertraubling","Endreinigung Obertraubling","Endreinigung Obertraubling | Fläche & Termin klären","51","Endreinigung","Reinigung in Obertraubling: FLOXANT prüft Fläche, Zustand, Objektart, Termin und Extras für Endreinigung, Übergabe und Objektservice. Obertraubling liegt im direkten Regensburg-Nahbereich; Strecke, Zugang, Fotos und...","218","https://www.floxant.de/reinigung-obertraubling","de-DE:https://www.floxant.de/reinigung-obertraubling | x-default:https://www.floxant.de/reinigung-obertraubling","WARN","meta description long | duplicate-h1"
"https://www.floxant.de/reinigung-painten","de-DE","wohnungsreinigung painten","Wohnungsreinigung Painten","Wohnungsreinigung Painten | FLOXANT Anfrage","43","Endreinigung","Reinigungsfirma für Painten gesucht? Fotos, Fläche, Verschmutzung, Zeitfenster und Übergabeanforderungen direkt prüfen lassen. Painten wird über den FLOXANT-Regensburg-Radius geprüft; Ort, Fotos und Preisrahmen helfen...","220","https://www.floxant.de/reinigung-painten","de-DE:https://www.floxant.de/reinigung-painten | x-default:https://www.floxant.de/reinigung-painten","WARN","meta description long | duplicate-h1"
"https://www.floxant.de/reinigung-pentling","de-DE","reinigungsfirma pentling","Reinigungsfirma Pentling","Reinigungsfirma Pentling | Objekt prüfen lassen","47","Endreinigung","FLOXANT prüft Reinigungsanfragen in Pentling für Wohnung, Büro, Grundreinigung und saubere Übergabe nach Verfügbarkeit. Pentling liegt im direkten Regensburg-Nahbereich; Strecke, Zugang, Fotos und Kapazität werden vor...","220","https://www.floxant.de/reinigung-pentling","de-DE:https://www.floxant.de/reinigung-pentling | x-default:https://www.floxant.de/reinigung-pentling","WARN","meta description long | duplicate-h1"
"https://www.floxant.de/reinigung-pettendorf","de-DE","reinigungsfirma pettendorf","Reinigungsfirma Pettendorf","Reinigungsfirma Pettendorf | Objekt prüfen lassen","49","Endreinigung","FLOXANT prüft Reinigungsanfragen in Pettendorf für Wohnung, Büro, Grundreinigung und saubere Übergabe nach Verfügbarkeit. Pettendorf wird über den FLOXANT-Regensburg-Radius geprüft; Ort, Fotos und Preisrahmen helfen...","218","https://www.floxant.de/reinigung-pettendorf","de-DE:https://www.floxant.de/reinigung-pettendorf | x-default:https://www.floxant.de/reinigung-pettendorf","WARN","meta description long | duplicate-h1"
"https://www.floxant.de/reinigung-pfatter","de-DE","reinigung pfatter","Reinigung Pfatter","Reinigung Pfatter | Übergabe sauber planen","42","Endreinigung","Endreinigung in Pfatter: Wohnungszustand, Räume, Bad, Küche, Böden und Übergabetermin klar erfassen und Anfrage starten. Pfatter wird über den FLOXANT-Regensburg-Radius geprüft; Ort, Fotos und Preisrahmen helfen bei...","218","https://www.floxant.de/reinigung-pfatter","de-DE:https://www.floxant.de/reinigung-pfatter | x-default:https://www.floxant.de/reinigung-pfatter","WARN","meta description long | duplicate-h1"
"https://www.floxant.de/reinigung-pielenhofen","de-DE","wohnungsreinigung pielenhofen","Wohnungsreinigung Pielenhofen","Wohnungsreinigung Pielenhofen | FLOXANT Anfrage","47","Endreinigung","Reinigungsfirma für Pielenhofen gesucht? Fotos, Fläche, Verschmutzung, Zeitfenster und Übergabeanforderungen direkt prüfen lassen. Pielenhofen wird über den FLOXANT-Regensburg-Radius geprüft; Ort, Fotos und Preisrahmen...","221","https://www.floxant.de/reinigung-pielenhofen","de-DE:https://www.floxant.de/reinigung-pielenhofen | x-default:https://www.floxant.de/reinigung-pielenhofen","WARN","meta description long | duplicate-h1"
"https://www.floxant.de/reinigung-regenstauf","de-DE","reinigung regenstauf","Reinigung Regenstauf","Reinigung Regenstauf | Übergabe sauber planen","45","Endreinigung","Endreinigung in Regenstauf: Wohnungszustand, Räume, Bad, Küche, Böden und Übergabetermin klar erfassen und Anfrage starten. Regenstauf liegt im direkten Regensburg-Nahbereich; Strecke, Zugang, Fotos und Kapazität...","215","https://www.floxant.de/reinigung-regenstauf","de-DE:https://www.floxant.de/reinigung-regenstauf | x-default:https://www.floxant.de/reinigung-regenstauf","WARN","meta description long | duplicate-h1"
"https://www.floxant.de/reinigung-riedenburg","de-DE","wohnungsreinigung riedenburg","Wohnungsreinigung Riedenburg","Wohnungsreinigung Riedenburg | FLOXANT Anfrage","46","Endreinigung","Reinigungsfirma für Riedenburg gesucht? Fotos, Fläche, Verschmutzung, Zeitfenster und Übergabeanforderungen direkt prüfen lassen. Riedenburg wird über den FLOXANT-Regensburg-Radius geprüft; Ort, Fotos und Preisrahmen...","219","https://www.floxant.de/reinigung-riedenburg","de-DE:https://www.floxant.de/reinigung-riedenburg | x-default:https://www.floxant.de/reinigung-riedenburg","WARN","meta description long | duplicate-h1"
"https://www.floxant.de/reinigung-riekofen","de-DE","reinigungsfirma riekofen","Reinigungsfirma Riekofen","Reinigungsfirma Riekofen | Objekt prüfen lassen","47","Endreinigung","FLOXANT prüft Reinigungsanfragen in Riekofen für Wohnung, Büro, Grundreinigung und saubere Übergabe nach Verfügbarkeit. Riekofen wird über den FLOXANT-Regensburg-Radius geprüft; Ort, Fotos und Preisrahmen helfen bei...","218","https://www.floxant.de/reinigung-riekofen","de-DE:https://www.floxant.de/reinigung-riekofen | x-default:https://www.floxant.de/reinigung-riekofen","WARN","meta description long | duplicate-h1"
"https://www.floxant.de/reinigung-roding","de-DE","wohnungsreinigung roding","Wohnungsreinigung Roding","Wohnungsreinigung Roding | FLOXANT Anfrage","42","Endreinigung","Reinigungsfirma für Roding gesucht? Fotos, Fläche, Verschmutzung, Zeitfenster und Übergabeanforderungen direkt prüfen lassen. Roding wird über den FLOXANT-Regensburg-Radius geprüft; Ort, Fotos und Preisrahmen helfen...","218","https://www.floxant.de/reinigung-roding","de-DE:https://www.floxant.de/reinigung-roding | x-default:https://www.floxant.de/reinigung-roding","WARN","meta description long | duplicate-h1"
"https://www.floxant.de/reinigung-saal-an-der-donau","de-DE","wohnungsreinigung saal an der donau","Wohnungsreinigung Saal an der Donau","Wohnungsreinigung Saal an der Donau | FLOXANT Anfrage","53","Endreinigung","Reinigungsfirma für Saal an der Donau gesucht? Fotos, Fläche, Verschmutzung, Zeitfenster und Übergabeanforderungen direkt prüfen lassen. Saal an der Donau wird über den FLOXANT-Regensburg-Radius geprüft; Ort, Fotos und...","221","https://www.floxant.de/reinigung-saal-an-der-donau","de-DE:https://www.floxant.de/reinigung-saal-an-der-donau | x-default:https://www.floxant.de/reinigung-saal-an-der-donau","WARN","meta description long | duplicate-h1"
"https://www.floxant.de/reinigung-schierling","de-DE","reinigung schierling","Reinigung Schierling","Reinigung Schierling | Übergabe sauber planen","45","Endreinigung","Endreinigung in Schierling: Wohnungszustand, Räume, Bad, Küche, Böden und Übergabetermin klar erfassen und Anfrage starten. Schierling wird über den FLOXANT-Regensburg-Radius geprüft; Ort, Fotos und Preisrahmen helfen...","220","https://www.floxant.de/reinigung-schierling","de-DE:https://www.floxant.de/reinigung-schierling | x-default:https://www.floxant.de/reinigung-schierling","WARN","meta description long | duplicate-h1"
"https://www.floxant.de/reinigung-schwandorf","de-DE","wohnungsreinigung schwandorf","Wohnungsreinigung Schwandorf","Wohnungsreinigung Schwandorf | FLOXANT Anfrage","46","Endreinigung","Reinigungsfirma für Schwandorf gesucht? Fotos, Fläche, Verschmutzung, Zeitfenster und Übergabeanforderungen direkt prüfen lassen. Schwandorf wird als Bayern-Strecke nach Verfügbarkeit geprüft; Rückfahrt, Zeitfenster...","218","https://www.floxant.de/reinigung-schwandorf","de-DE:https://www.floxant.de/reinigung-schwandorf | x-default:https://www.floxant.de/reinigung-schwandorf","WARN","meta description long | duplicate-h1"
"https://www.floxant.de/reinigung-sinzing","de-DE","reinigung sinzing","Reinigung Sinzing","Reinigung Sinzing | Übergabe sauber planen","42","Endreinigung","Endreinigung in Sinzing: Wohnungszustand, Räume, Bad, Küche, Böden und Übergabetermin klar erfassen und Anfrage starten. Sinzing liegt im direkten Regensburg-Nahbereich; Strecke, Zugang, Fotos und Kapazität werden vor...","220","https://www.floxant.de/reinigung-sinzing","de-DE:https://www.floxant.de/reinigung-sinzing | x-default:https://www.floxant.de/reinigung-sinzing","WARN","meta description long | duplicate-h1"
"https://www.floxant.de/reinigung-suenching","de-DE","endreinigung suenching","Endreinigung Suenching","Endreinigung Suenching | Fläche & Termin klären","47","Endreinigung","Reinigung in Suenching: FLOXANT prüft Fläche, Zustand, Objektart, Termin und Extras für Endreinigung, Übergabe und Objektservice. Suenching wird über den FLOXANT-Regensburg-Radius geprüft; Ort, Fotos und Preisrahmen...","218","https://www.floxant.de/reinigung-suenching","de-DE:https://www.floxant.de/reinigung-suenching | x-default:https://www.floxant.de/reinigung-suenching","WARN","meta description long | duplicate-h1"
"https://www.floxant.de/reinigung-tegernheim","de-DE","reinigung tegernheim","Reinigung Tegernheim","Reinigung Tegernheim | Übergabe sauber planen","45","Endreinigung","Endreinigung in Tegernheim: Wohnungszustand, Räume, Bad, Küche, Böden und Übergabetermin klar erfassen und Anfrage starten. Tegernheim liegt im direkten Regensburg-Nahbereich; Strecke, Zugang, Fotos und Kapazität...","215","https://www.floxant.de/reinigung-tegernheim","de-DE:https://www.floxant.de/reinigung-tegernheim | x-default:https://www.floxant.de/reinigung-tegernheim","WARN","meta description long | duplicate-h1"
"https://www.floxant.de/reinigung-teublitz","de-DE","reinigungsfirma teublitz","Reinigungsfirma Teublitz","Reinigungsfirma Teublitz | Objekt prüfen lassen","47","Endreinigung","FLOXANT prüft Reinigungsanfragen in Teublitz für Wohnung, Büro, Grundreinigung und saubere Übergabe nach Verfügbarkeit. Teublitz wird über den FLOXANT-Regensburg-Radius geprüft; Ort, Fotos und Preisrahmen helfen bei...","218","https://www.floxant.de/reinigung-teublitz","de-DE:https://www.floxant.de/reinigung-teublitz | x-default:https://www.floxant.de/reinigung-teublitz","WARN","meta description long | duplicate-h1"
"https://www.floxant.de/reinigung-thalmassing","de-DE","wohnungsreinigung thalmassing","Wohnungsreinigung Thalmassing","Wohnungsreinigung Thalmassing | FLOXANT Anfrage","47","Endreinigung","Reinigungsfirma für Thalmassing gesucht? Fotos, Fläche, Verschmutzung, Zeitfenster und Übergabeanforderungen direkt prüfen lassen. Thalmassing wird über den FLOXANT-Regensburg-Radius geprüft; Ort, Fotos und Preisrahmen...","221","https://www.floxant.de/reinigung-thalmassing","de-DE:https://www.floxant.de/reinigung-thalmassing | x-default:https://www.floxant.de/reinigung-thalmassing","WARN","meta description long | duplicate-h1"
"https://www.floxant.de/reinigung-wenzenbach","de-DE","wohnungsreinigung wenzenbach","Wohnungsreinigung Wenzenbach","Wohnungsreinigung Wenzenbach | FLOXANT Anfrage","46","Endreinigung","Reinigungsfirma für Wenzenbach gesucht? Fotos, Fläche, Verschmutzung, Zeitfenster und Übergabeanforderungen direkt prüfen lassen. Wenzenbach liegt im direkten Regensburg-Nahbereich; Strecke, Zugang, Fotos und Kapazität...","221","https://www.floxant.de/reinigung-wenzenbach","de-DE:https://www.floxant.de/reinigung-wenzenbach | x-default:https://www.floxant.de/reinigung-wenzenbach","WARN","meta description long | duplicate-h1"
"https://www.floxant.de/reinigung-wiesent","de-DE","wohnungsreinigung wiesent","Wohnungsreinigung Wiesent","Wohnungsreinigung Wiesent | FLOXANT Anfrage","43","Endreinigung","Reinigungsfirma für Wiesent gesucht? Fotos, Fläche, Verschmutzung, Zeitfenster und Übergabeanforderungen direkt prüfen lassen. Wiesent wird über den FLOXANT-Regensburg-Radius geprüft; Ort, Fotos und Preisrahmen helfen...","220","https://www.floxant.de/reinigung-wiesent","de-DE:https://www.floxant.de/reinigung-wiesent | x-default:https://www.floxant.de/reinigung-wiesent","WARN","meta description long | duplicate-h1"
"https://www.floxant.de/reinigung-woerth-an-der-donau","de-DE","wohnungsreinigung woerth an der donau","Wohnungsreinigung Woerth an der Donau","Wohnungsreinigung Woerth an der Donau | FLOXANT Anfrage","55","Endreinigung","Reinigungsfirma für Woerth an der Donau gesucht? Fotos, Fläche, Verschmutzung, Zeitfenster und Übergabeanforderungen direkt prüfen lassen. Woerth an der Donau wird über den FLOXANT-Regensburg-Radius geprüft; Ort, Fotos...","221","https://www.floxant.de/reinigung-woerth-an-der-donau","de-DE:https://www.floxant.de/reinigung-woerth-an-der-donau | x-default:https://www.floxant.de/reinigung-woerth-an-der-donau","WARN","meta description long | duplicate-h1"
"https://www.floxant.de/reinigung-wolfsegg","de-DE","reinigung wolfsegg","Reinigung Wolfsegg","Reinigung Wolfsegg | Übergabe sauber planen","43","Endreinigung","Endreinigung in Wolfsegg: Wohnungszustand, Räume, Bad, Küche, Böden und Übergabetermin klar erfassen und Anfrage starten. Wolfsegg wird über den FLOXANT-Regensburg-Radius geprüft; Ort, Fotos und Preisrahmen helfen bei...","220","https://www.floxant.de/reinigung-wolfsegg","de-DE:https://www.floxant.de/reinigung-wolfsegg | x-default:https://www.floxant.de/reinigung-wolfsegg","WARN","meta description long | duplicate-h1"
"https://www.floxant.de/reinigung-zeitlarn","de-DE","wohnungsreinigung zeitlarn","Wohnungsreinigung Zeitlarn","Wohnungsreinigung Zeitlarn | FLOXANT Anfrage","44","Endreinigung","Reinigungsfirma für Zeitlarn gesucht? Fotos, Fläche, Verschmutzung, Zeitfenster und Übergabeanforderungen direkt prüfen lassen. Zeitlarn liegt im direkten Regensburg-Nahbereich; Strecke, Zugang, Fotos und Kapazität...","217","https://www.floxant.de/reinigung-zeitlarn","de-DE:https://www.floxant.de/reinigung-zeitlarn | x-default:https://www.floxant.de/reinigung-zeitlarn","WARN","meta description long | duplicate-h1"
"https://www.floxant.de/seniorenumzug-bayern","de-DE","seniorenumzug anfragen","Seniorenumzug anfragen - Umzug, Umfang und Übergabe klären","Seniorenumzug anfragen - Umzug, Umfang und Übergabe klären","58","Seniorenumzug mit konkreten Eckdaten anfragen - mit Angehörigen, Umfang und Terminwunsch","Seniorenumzug geplant? Start, Ziel, Umfang, Termin und Zusatzleistungen wie Entrümpelung oder Reinigung beschreiben. FLOXANT prüft die Anfrage anhand der genannten Eckdaten.","173","https://www.floxant.de/seniorenumzug-bayern","de-DE:https://www.floxant.de/seniorenumzug-bayern | x-default:https://www.floxant.de/seniorenumzug-bayern","PASS",""
"https://www.floxant.de/wohnungsaufloesung-bayern","de-DE","haus","Haus- und Wohnungsräumung Bayern","Haus- und Wohnungsräumung Bayern | Angebot","42","Umzug Bayern","Haus- und Wohnungsräumung Regensburg: Haushalt auflösen lassen mit Räumen, Möbeln, Keller, Fotos, Entsorgung, Reinigung und Termin. Wohnungsauflösung, Fotos, Termin, Zugang, vorhandenes Angebot und Preisrahmen für...","216","https://www.floxant.de/wohnungsaufloesung-bayern","de-DE:https://www.floxant.de/wohnungsaufloesung-bayern | x-default:https://www.floxant.de/wohnungsaufloesung-bayern","WARN","meta description long | duplicate-h1"
"https://www.floxant.de/wissen","de-DE","ratgeber & wissen rund um umzug, reinigung & entrümpelung","Ratgeber & Wissen rund um Umzug, Reinigung & Entrümpelung","Ratgeber & Wissen rund um Umzug, Reinigung & Entrümpelung | FLOXANT","67","Ratgeber für Umzug, Reinigung und Entrümpelung.","Praktische Hinweise für Umzug, Reinigung und Entrümpelung in Regensburg. Fotos, Termin, Umfang und Preisrahmen direkt senden und Machbarkeit prüfen lassen.","155","https://www.floxant.de/wissen","de-DE:https://www.floxant.de/wissen | x-default:https://www.floxant.de/wissen","PASS",""
"https://www.floxant.de/leistungen","de-DE","floxant leistungen","FLOXANT Leistungen: Reinigung, Umzug und mehr anfragen","FLOXANT Leistungen: Reinigung, Umzug und mehr anfragen","54","Reinigung, Umzug, Räumung und weitere FLOXANT-Leistungen.","Wählen Sie Region und Aufgabe: Reinigung, Umzug, Räumung, Angebotsprüfung oder diskrete Hilfe direkt anfragen.","110","https://www.floxant.de/leistungen","","PASS",""
"https://www.floxant.de/alternativen","de-DE","floxant vs. wettbewerber","FLOXANT vs. Wettbewerber","FLOXANT vs. Wettbewerber | Der ehrliche Vergleich | Umzug Bayern","64","Die transparente Alternative.","FLOXANT im Vergleich: nachvollziehbarer Preisrahmen, klare Leistungen und nachvollziehbare Umzugsplanung in Bayern. Fotos, Termin, Umfang und Preisrahmen direkt senden und Machbarkeit prüfen lassen.","198","https://www.floxant.de/alternativen","de-DE:https://www.floxant.de/alternativen | x-default:https://www.floxant.de/alternativen","WARN","meta description long"
"https://www.floxant.de/standorte","de-DE","floxant standorte","FLOXANT Standorte","FLOXANT Standorte | Regensburg, Bayern, Umgebung","48","Standorte und Einsatzgebiet von FLOXANT klar eingeordnet.","Passende Einsatzseite finden: Regensburg, Regensburg, Umzug, Reinigung, Entrümpelung, Büroumzug und wichtige Orte im Überblick. Fotos, Termin, Umfang und Preisrahmen direkt senden und Machbarkeit prüfen lassen.","210","https://www.floxant.de/standorte","de-DE:https://www.floxant.de/standorte | x-default:https://www.floxant.de/standorte","WARN","meta description long"
"https://www.floxant.de/buchung","de-DE","floxant direkt anfragen","FLOXANT direkt anfragen","FLOXANT direkt anfragen | Umzug, Reinigung & Räumung","52","Was brauchen Sie?","Direkte FLOXANT Anfrage starten: Umzug, Reinigung, Entrümpelung, Haushaltsauflösung oder Entsorgung wählen, Fotos senden und Rückmeldung erhalten.","146","https://www.floxant.de/buchung","de-DE:https://www.floxant.de/buchung | x-default:https://www.floxant.de/buchung","PASS",""
"https://www.floxant.de/empfehlen","de-DE","floxant empfehlen","FLOXANT empfehlen","FLOXANT empfehlen | 50 Euro Empfehlungsbonus","44","FLOXANT empfehlen und 50 Euro als Dankeschön erhalten","FLOXANT weiterempfehlen: Partnercode oder Empfehlungslink teilen. Bei bestätigtem und bezahltem Auftrag wird der 50 Euro Bonus geprüft.","135","https://www.floxant.de/empfehlen","de-DE:https://www.floxant.de/empfehlen | x-default:https://www.floxant.de/empfehlen","PASS",""
"https://www.floxant.de/angebotscheck","de-DE","angebotscheck","Angebotscheck: 12 Punkte zum Leistungsumfang","Angebotscheck: 12 Punkte zum Leistungsumfang | FLOXANT","54","Zwölf Punkte eines Angebots strukturiert klären","Vorhandenes Angebot für Reinigung, Umzug oder Räumung clientseitig prüfen: 12 Bereiche markieren, Rückfragen erstellen und Ergebnis übernehmen.","143","https://www.floxant.de/angebotscheck","de-DE:https://www.floxant.de/angebotscheck | en:https://www.floxant.de/en/quote-check | x-default:https://www.floxant.de/angebotscheck","PASS",""
"https://www.floxant.de/makler-vermieter-link","de-DE","für makler & vermieter","Für Makler & Vermieter","Für Makler & Vermieter | Objektfall direkt senden","49","FLOXANT fuer Makler, Vermieter und Eigentuemer","Direkter Objekt-Link für Makler, Vermieter, Eigentuemer und Hausverwaltungen: Fotos, Termin und offene Punkte an FLOXANT senden. Fotos, Termin, Umfang und Preisrahmen direkt senden und Machbarkeit prüfen lassen.","211","https://www.floxant.de/makler-vermieter-link","de-DE:https://www.floxant.de/makler-vermieter-link | x-default:https://www.floxant.de/makler-vermieter-link","WARN","meta description long"
"https://www.floxant.de/mieterwechsel-service-regensburg","de-DE","mieterwechsel","Mieterwechsel-Service Regensburg","Mieterwechsel-Service Regensburg | Räumung, Reinigung & Übergabe","64","Mieterwechsel-Service in Regensburg für Vermieter und Hausverwaltungen","FLOXANT unterstützt Vermieter, Hausverwaltungen und Makler beim Mieterwechsel: Räumung, Entsorgung, Endreinigung und Übergabevorbereitung.","138","https://www.floxant.de/mieterwechsel-service-regensburg","de-DE:https://www.floxant.de/mieterwechsel-service-regensburg | x-default:https://www.floxant.de/mieterwechsel-service-regensburg","PASS",""
"https://www.floxant.de/wohnung-wieder-vermietbar","de-DE","wohnung wieder vermietbar machen ? räumung, reinigung & entsorgung...","Wohnung wieder vermietbar machen ? Räumung, Reinigung & Entsorgung...","Wohnung wieder vermietbar machen ? Räumung, Reinigung & Entsorgung...","69","Wohnung wieder vermietbar machen nach Auszug oder Leerstand","Wohnung nach Auszug, Leerstand oder Mieterwechsel vorbereiten: Räumung, Entsorgung, Reinigung, Fotos und Übergabeakte nach Absprache. Fotos, Termin, Umfang und Preisrahmen direkt senden und Machbarkeit prüfen lassen.","216","https://www.floxant.de/wohnung-wieder-vermietbar","de-DE:https://www.floxant.de/wohnung-wieder-vermietbar | x-default:https://www.floxant.de/wohnung-wieder-vermietbar","WARN","meta description long"
"https://www.floxant.de/immobilie-verkaufsbereit-machen","de-DE","immobilie verkaufsbereit machen","Immobilie verkaufsbereit machen","Immobilie verkaufsbereit machen | FLOXANT","41","Immobilie verkaufsbereit machen vor Besichtigung oder Verkauf","Objekt vor Verkauf, Besichtigung oder Expose vorbereiten: Räumung, Entsorgung, Reinigung, Fotos und Übergabeakte nach Absprache. Objektstatus, Fotos, Besichtigungstermin und gewünschte Leistungen direkt senden.","210","https://www.floxant.de/immobilie-verkaufsbereit-machen","de-DE:https://www.floxant.de/immobilie-verkaufsbereit-machen | x-default:https://www.floxant.de/immobilie-verkaufsbereit-machen","WARN","meta description long"
"https://www.floxant.de/nachlass-raeumung-regensburg","de-DE","nachlass","Nachlass-Räumung Regensburg","Nachlass-Räumung Regensburg | FLOXANT","37","Nachlass-Raeumung in Regensburg - diskret, ruhig und mit klaren Angaben","Wohnung, Haus, Keller oder Garage nach Erbfall diskret klären: Freigabe, Fotos, Räumung, Entsorgung, Reinigung und Rückruf nach Absprache.","138","https://www.floxant.de/nachlass-raeumung-regensburg","de-DE:https://www.floxant.de/nachlass-raeumung-regensburg | x-default:https://www.floxant.de/nachlass-raeumung-regensburg","PASS",""
"https://www.floxant.de/diskreter-umzug-trennung-scheidung","de-DE","diskreter umzug bei trennung oder scheidung","Diskreter Umzug bei Trennung oder Scheidung","Diskreter Umzug bei Trennung oder Scheidung | FLOXANT","53","Diskreter Service fuer Auszug, Reinigung und Uebergabe","Diskreter Auszug in Regensburg: Rückruf, sichere Kontaktmethode, Transport, Reinigung, Schlüsselübergabe und Übergabeakte nach Absprache.","137","https://www.floxant.de/diskreter-umzug-trennung-scheidung","de-DE:https://www.floxant.de/diskreter-umzug-trennung-scheidung | x-default:https://www.floxant.de/diskreter-umzug-trennung-scheidung","PASS",""
"https://www.floxant.de/schadensbegrenzung","de-DE","schadensbegrenzung bei umzug, reinigung & übergabe","Schadensbegrenzung bei Umzug, Reinigung & Übergabe","Schadensbegrenzung bei Umzug, Reinigung & Übergabe | FLOXANT","60","Wenn der Plan kippt: FLOXANT Schadensbegrenzung","Plan gekippt? FLOXANT prüft kurzfristig Ort, Deadline, Fotos, offene Punkte und Machbarkeit für Umzug, Reinigung, Entrümpelung oder Übergabe.","141","https://www.floxant.de/schadensbegrenzung","de-DE:https://www.floxant.de/schadensbegrenzung | x-default:https://www.floxant.de/schadensbegrenzung","PASS",""
"https://www.floxant.de/keller-muellraum-rettung-regensburg","de-DE","keller","Keller- & Müllraum-Rettung Regensburg","Keller- & Müllraum-Rettung Regensburg | FLOXANT","47","Keller- und Muellraum-Rettung fuer Hausverwaltungen in Regensburg","Keller, Müllraum, Garage oder Nebenflaeche blockiert? Fotos, Freigabe, Zugang und Umfang senden; FLOXANT prüft Räumung, Entsorgung und Reinigung.","145","https://www.floxant.de/keller-muellraum-rettung-regensburg","de-DE:https://www.floxant.de/keller-muellraum-rettung-regensburg | x-default:https://www.floxant.de/keller-muellraum-rettung-regensburg","PASS",""
"https://www.floxant.de/rueckfahrt-boerse","de-DE","rückfahrt","Rückfahrt-Börse ? Strecke eintragen","Rückfahrt-Börse ? Strecke eintragen | FLOXANT","45","Rückfahrt-Börse: Strecke eintragen und prüfen lassen","Rückfahrt oder Leerfahrt prüfen lassen: Start, Ziel, Datum, Flexibilität, Umfang und Fotos senden. Keine Fake-Tour, sondern Verfügbarkeitsprüfung.","146","https://www.floxant.de/rueckfahrt-boerse","de-DE:https://www.floxant.de/rueckfahrt-boerse | x-default:https://www.floxant.de/rueckfahrt-boerse","PASS",""
"https://www.floxant.de/uebergabeakte","de-DE","floxant übergabeakte ? auszug & übergabe dokumentieren","FLOXANT Übergabeakte ? Auszug & Übergabe dokumentieren","FLOXANT Übergabeakte ? Auszug & Übergabe dokumentieren","54","FLOXANT Übergabeakte: Auszug, Reinigung und Schlüsselstatus dokumentieren","Übergabeakte nach Absprache anfragen: erledigte Leistungen, Fotos, Schlüsselstatus und Hinweise organisatorisch dokumentieren lassen. Fotos, Termin, Umfang und Preisrahmen direkt senden und Machbarkeit prüfen lassen.","216","https://www.floxant.de/uebergabeakte","de-DE:https://www.floxant.de/uebergabeakte | x-default:https://www.floxant.de/uebergabeakte","WARN","meta description long"
"https://www.floxant.de/kontakt","de-DE","kontakt","Kontakt","Kontakt | FLOXANT Anfrage stellen","33","Beschreiben Sie kurz, wobei Sie Hilfe brauchen","FLOXANT kontaktieren und Anfrage für Reinigung, Umzug oder Entrümpelung stellen. Bedarf beschreiben und Rückmeldung erhalten. Fotos, Termin, Umfang und Preisrahmen direkt senden und Machbarkeit prüfen lassen.","208","https://www.floxant.de/kontakt","de-DE:https://www.floxant.de/kontakt | x-default:https://www.floxant.de/kontakt","WARN","meta description long"
"https://www.floxant.de/entsorgung-duesseldorf","de-DE","entsorgung düsseldorf","Entsorgung Düsseldorf – Möbel, Sperrmüll & Abholung","Entsorgung Düsseldorf – Möbel, Sperrmüll & Abholung | FLOXANT","61","Entsorgung Düsseldorf für Möbel, Sperrmüll und kleinere Räumungen","Entsorgung in Düsseldorf für Möbel, Sperrmüll, Haushaltsgegenstände, Keller und kleinere Räumungen: Umfang, Zugang, Etage, Fotos, Termin und Budget senden.","155","https://www.floxant.de/entsorgung-duesseldorf","de-DE:https://www.floxant.de/entsorgung-duesseldorf | x-default:https://www.floxant.de/entsorgung-duesseldorf","WARN","duplicate-title | duplicate-h1 | duplicate-metaDescription"
"https://www.floxant.de/duesseldorf/entsorgung","de-DE","entsorgung düsseldorf","Entsorgung Düsseldorf – Möbel, Sperrmüll & Abholung","Entsorgung Düsseldorf – Möbel, Sperrmüll & Abholung | FLOXANT","61","Entsorgung Düsseldorf für Möbel, Sperrmüll und kleinere Räumungen","Entsorgung in Düsseldorf für Möbel, Sperrmüll, Haushaltsgegenstände, Keller und kleinere Räumungen: Umfang, Zugang, Etage, Fotos, Termin und Budget senden.","155","https://www.floxant.de/entsorgung-duesseldorf","de-DE:https://www.floxant.de/entsorgung-duesseldorf | x-default:https://www.floxant.de/entsorgung-duesseldorf","FAIL","canonical not self-referencing | duplicate-title | duplicate-h1 | duplicate-metaDescription"
"https://www.floxant.de/regensburg/bueroreinigung","de-DE","büroreinigung regensburg für firmen anfragen","Büroreinigung Regensburg für Firmen anfragen","Büroreinigung Regensburg für Firmen anfragen","44","Büroreinigung Regensburg für Firmen mit konkreten Eckdaten anfragen","Büroreinigung Regensburg für Firmen: Fläche, Raumliste, Turnus, Reinigungszeiten und vorhandenes Angebot anhand der Eckdaten klären.","132","https://www.floxant.de/regensburg/bueroreinigung","de-DE:https://www.floxant.de/regensburg/bueroreinigung | x-default:https://www.floxant.de/regensburg/bueroreinigung","PASS",""
"https://www.floxant.de/regensburg/wohnungsaufloesung","de-DE","wohnungsauflösung regensburg","Wohnungsauflösung Regensburg","Wohnungsauflösung Regensburg | Angebot mit Fotos anfragen","57","Wohnungsauflösung Regensburg bei Nachlass, Auszug und Übergabe","Wohnungsauflösung Regensburg bei Nachlass, Auszug oder Pflegeheimwechsel: Fotos, Freigabe, Räume, Zielzustand und Übergabe ruhig klären.","136","https://www.floxant.de/regensburg/wohnungsaufloesung","de-DE:https://www.floxant.de/regensburg/wohnungsaufloesung | x-default:https://www.floxant.de/regensburg/wohnungsaufloesung","PASS",""
"https://www.floxant.de/regensburg/umzugsunternehmen","de-DE","umzugsunternehmen regensburg","Umzugsunternehmen Regensburg","Umzugsunternehmen Regensburg | Angebot & Fotos prüfen","53","Umzugsunternehmen Regensburg mit Fotos, Laufweg und Angebot prüfen","Umzugsunternehmen Regensburg anfragen: Start, Ziel, Etage, Volumen, Laufweg, Fotos, Termin, Reinigung und vorhandenes Angebot prüfen.","133","https://www.floxant.de/regensburg/umzugsunternehmen","de-DE:https://www.floxant.de/regensburg/umzugsunternehmen | x-default:https://www.floxant.de/regensburg/umzugsunternehmen","PASS",""
"https://www.floxant.de/buchung-ablauf","de-DE","floxant buchung","FLOXANT Buchung","FLOXANT Buchung | Rechner, Anfrage, Angebot","43","Direkt rechnen, Anfrage vorbereiten und sauber beauftragen.","So läuft es ab: Preisrahmen prüfen, Anfrage senden, Angebot erhalten und Auftrag sauber abstimmen. Ohne versteckte Sofortbindung. Fotos, Termin, Umfang und Preisrahmen direkt senden und Machbarkeit prüfen lassen.","212","https://www.floxant.de/buchung-ablauf","de-DE:https://www.floxant.de/buchung-ablauf | x-default:https://www.floxant.de/buchung-ablauf","WARN","meta description long"
"https://www.floxant.de/leistungen-vergleichen","de-DE","floxant leistungen vergleichen","FLOXANT Leistungen vergleichen","FLOXANT Leistungen vergleichen | Angebot einordnen","50","FLOXANT Leistungen vergleichen und den richtigen Weg finden.","Welcher Service passt? Umzug, Reinigung, Entrümpelung, Büroumzug, Leer-Rückfahrt und Angebotsprüfung klar vergleichen. Fotos, Termin, Umfang und Preisrahmen direkt senden und Machbarkeit prüfen lassen.","201","https://www.floxant.de/leistungen-vergleichen","de-DE:https://www.floxant.de/leistungen-vergleichen | x-default:https://www.floxant.de/leistungen-vergleichen","WARN","meta description long"
"https://www.floxant.de/anbieter-vergleichen","de-DE","anbieter und angebote vergleichen","Anbieter und Angebote vergleichen","Anbieter und Angebote vergleichen | FLOXANT","43","Anbieter vergleichen, ohne nur auf den Preis zu schauen.","Angebote für Umzug, Reinigung, Entrümpelung und Entsorgung vergleichen: Preisrahmen, Umfang, Fotos, Zugang und offene Punkte einordnen.","135","https://www.floxant.de/anbieter-vergleichen","de-DE:https://www.floxant.de/anbieter-vergleichen | x-default:https://www.floxant.de/anbieter-vergleichen","PASS",""
"https://www.floxant.de/signature-services","de-DE","floxant signature services","FLOXANT Signature Services","FLOXANT Signature Services | Fairpreis, Objektbrief & Plan B","60","Signature Services für Angebot, Objekt, Übergabe und Plan B.","FLOXANT Signature Services helfen bei Angebot, Objektbrief, Übergabe, Plan B, Rückfahrt, PV und diskreten Fällen mit klarem nächsten Schritt.","141","https://www.floxant.de/signature-services","","PASS",""
"https://www.floxant.de/spezialreinigung","de-DE","spezialreinigung mit fotos, zugang und ziel klären","Spezialreinigung mit Fotos, Zugang und Ziel klären","Spezialreinigung mit Fotos, Zugang und Ziel klären","50","Spezialreinigung mit Fotos, Zugang und Ziel klar einordnen.","FLOXANT ordnet Spezialreinigung fuer PV, Glas, Fassade, Event, Buero, Praxis und Uebergabe nach Fotos, Zugang und Risiko ein.","125","https://www.floxant.de/spezialreinigung","","PASS",""
"https://www.floxant.de/spezialumzug","de-DE","spezialumzug","Spezialumzug","Spezialumzug | Mini-Umzug, Express, Transport & Plan B | FLOXANT","64","Mini-Umzug, Express, Moebeltransport, Rueckfahrt und Plan B sauber pruefen.","Spezialumzug mit FLOXANT: Mini-Umzug, Express-Umzug, Moebeltransport, Klaviertransport, Beiladung, Rueckfahrt und Plan B realistisch pruefen.","141","https://www.floxant.de/spezialumzug","","PASS",""
"https://www.floxant.de/spezial-entruempelung","de-DE","spezialentruempelung","Spezialentruempelung","Spezialentruempelung | Keller, Nachlass, Uebergabe | FLOXANT","60","Keller, Nachlass, Lager, Wohnungsaufloesung und Uebergabe respektvoll klaeren.","Spezialentruempelung mit FLOXANT: Keller, Garage, Dachboden, Lager, Nachlass, Wohnungsaufloesung und Uebergabe mit Fotos und Freigabe klaeren.","142","https://www.floxant.de/spezial-entruempelung","","PASS",""
"https://www.floxant.de/qualitaet-ablauf","de-DE","floxant qualität & ablauf","FLOXANT Qualität & Ablauf","FLOXANT Qualität & Ablauf | direkt Vertrauen prüfen","51","Erst sauber prüfen, dann stark umsetzen.","So arbeitet FLOXANT: Vorprüfung, Preisrahmen, Kommunikation, Arbeitsauftrag und Dokumente klar nachvollziehen. Fotos, Termin, Umfang und Preisrahmen direkt senden und Machbarkeit prüfen lassen.","193","https://www.floxant.de/qualitaet-ablauf","de-DE:https://www.floxant.de/qualitaet-ablauf | x-default:https://www.floxant.de/qualitaet-ablauf","WARN","meta description long"
"https://www.floxant.de/praxisfaelle","de-DE","floxant praxisfälle","FLOXANT Praxisfälle","FLOXANT Praxisfälle | passenden Service finden","46","Typische Fälle, in denen FLOXANT besonders sinnvoll wird.","Typische Fälle vergleichen: Umzug mit Reinigung, Büroumzug, Entrümpelung, Firmenentsorgung und Leer-Rückfahrt richtig wählen. Fotos, Termin, Umfang und Preisrahmen direkt senden und Machbarkeit prüfen lassen.","208","https://www.floxant.de/praxisfaelle","de-DE:https://www.floxant.de/praxisfaelle | x-default:https://www.floxant.de/praxisfaelle","WARN","meta description long"
"https://www.floxant.de/kostenfaktoren","de-DE","umzug kostenfaktoren","Umzug Kostenfaktoren","Umzug Kostenfaktoren | Preisrahmen realistisch verstehen","56","Welche Faktoren den FLOXANT Preisrahmen wirklich beeinflussen.","Warum ein Auftrag mehr oder weniger kostet: Volumen, Fläche, Zugang, Strecke, Termin und Extras vor der Anfrage verstehen. Fotos, Termin, Umfang und Preisrahmen direkt senden und Machbarkeit prüfen lassen.","205","https://www.floxant.de/kostenfaktoren","de-DE:https://www.floxant.de/kostenfaktoren | x-default:https://www.floxant.de/kostenfaktoren","WARN","meta description long"
"https://www.floxant.de/24h-umzug-bayern","de-DE","kurzfristigen umzug in bayern prüfen","Kurzfristigen Umzug in Bayern prüfen","Kurzfristigen Umzug in Bayern prüfen","36","Umzug in Bayern","Kurzfristiger Umzug in Bayern? Region, Umfang, Zugang und Terminfenster senden. FLOXANT prüft die Machbarkeit. Fotos, Termin, Umfang und Preisrahmen direkt senden und Machbarkeit prüfen lassen.","193","https://www.floxant.de/24h-umzug-bayern","de-DE:https://www.floxant.de/24h-umzug-bayern | x-default:https://www.floxant.de/24h-umzug-bayern","WARN","meta description long | duplicate-h1"
"https://www.floxant.de/familienumzug-bayern","de-DE","familienumzug bayern","Familienumzug Bayern","Familienumzug Bayern | FLOXANT","30","Familienumzug","Stressfreier Familienumzug in Bayern. Fotos, Termin, Umfang und Preisrahmen direkt senden und Machbarkeit prüfen lassen.","120","https://www.floxant.de/familienumzug-bayern","de-DE:https://www.floxant.de/familienumzug-bayern | x-default:https://www.floxant.de/familienumzug-bayern","PASS",""
"https://www.floxant.de/kurzfristiger-umzug-bayern","de-DE","kurzfristiger umzug bayern","Kurzfristiger Umzug Bayern","Kurzfristiger Umzug Bayern | Schnell & Flexibel | FLOXANT","57","Kurzfristiger Umzug in Bayern","Kurzfristiger Umzug in Bayern – auch mit knappem Wunschtermin. regensburg, Nürnberg, München. Professionell & versichert. Jetzt anfragen! Anfrage online vorbereiten oder bequem per WhatsApp / Telefon anfragen: +49 1577...","221","https://www.floxant.de/kurzfristiger-umzug-bayern","de-DE:https://www.floxant.de/kurzfristiger-umzug-bayern | x-default:https://www.floxant.de/kurzfristiger-umzug-bayern","WARN","meta description long"
"https://www.floxant.de/notfall-umzug-bayern","de-DE","notfall","Notfall-Umzug Bayern","Notfall-Umzug Bayern | Sofort-Hilfe | FLOXANT","45","Notfall-Umzug in Bayern","Notfall-Umzug in Bayern bei Wasserschaden, Brand, Räumungsklage oder familiären Notfällen. FLOXANT – sofortige Hilfe, mit Wunschtermin anfragen. regensburg, Nürnberg, München. Anfrage online vorbereiten oder bequem per...","221","https://www.floxant.de/notfall-umzug-bayern","de-DE:https://www.floxant.de/notfall-umzug-bayern | x-default:https://www.floxant.de/notfall-umzug-bayern","WARN","meta description long"
"https://www.floxant.de/umzugskosten-bayern","de-DE","umzugskosten bayern","Umzugskosten Bayern","Umzugskosten Bayern | Preisrahmen & Faktoren | FLOXANT","54","Umzugskosten in Bayern","Was kostet ein Umzug in Bayern? Preisübersicht für regensburg, Nürnberg, München. Transparente konkrete Angebote ohne versteckte Kosten. Jetzt Angebot anfordern! Anfrage online vorbereiten oder bequem per WhatsApp /...","218","https://www.floxant.de/umzugskosten-bayern","de-DE:https://www.floxant.de/umzugskosten-bayern | x-default:https://www.floxant.de/umzugskosten-bayern","WARN","meta description long"
"https://www.floxant.de/leerfahrt-rueckfahrt","de-DE","leerfahrt & rückfahrt anfragen","Leerfahrt & Rückfahrt anfragen","Leerfahrt & Rückfahrt anfragen | FLOXANT","40","Leer-Rückfahrt Richtung Regensburg fair und flexibel nutzen","Leerfahrt oder Rückfahrt für Transport und Umzug anfragen: Strecke, Datum, Umfang und Flexibilität nennen. FLOXANT prüft Verfügbarkeit.","135","https://www.floxant.de/leerfahrt-rueckfahrt","de-DE:https://www.floxant.de/leerfahrt-rueckfahrt | x-default:https://www.floxant.de/leerfahrt-rueckfahrt","PASS",""
"https://www.floxant.de/ratgeber","de-DE","ratgeber umzug & reinigung","Ratgeber Umzug & Reinigung","Ratgeber Umzug & Reinigung | FLOXANT Regensburg","47","Checklisten, Kostenwissen und klare Antworten für Umzug und Serviceplanung","Checklisten, Kostenfaktoren und klare Entscheidungshilfen für Umzug, Reinigung, Entrümpelung, Leerfahrt und Wohnungsauflösung. Fotos, Termin, Umfang und Preisrahmen direkt senden und Machbarkeit prüfen lassen.","209","https://www.floxant.de/ratgeber","de-DE:https://www.floxant.de/ratgeber | x-default:https://www.floxant.de/ratgeber","WARN","meta description long"
"https://www.floxant.de/ratgeber/umzug-kosten-regensburg","de-DE","umzugsunternehmen ✓ angebot nach prüfung ✓ versichert","Umzugsunternehmen ✓ Angebot nach Prüfung ✓ Versichert","Umzugsunternehmen ✓ Angebot nach Prüfung ✓ Versichert | FLOXANT","63","Was kostet ein Umzug in Regensburg?","Professionelles Umzugsunternehmen. Umzug, Entrümpelung und Reinigung zum Angebot nach Prüfung. Jetzt Angebot anfragen. Regensburg-Service nach Leistung, Objektart, Fläche, Umfang, Zeitfenster, Zugang und Fotos prüfen...","219","https://www.floxant.de/ratgeber/umzug-kosten-regensburg","de-DE:https://www.floxant.de/ratgeber/umzug-kosten-regensburg | x-default:https://www.floxant.de/ratgeber/umzug-kosten-regensburg","WARN","meta description long | duplicate-title"
"https://www.floxant.de/ratgeber/checkliste-umzug","de-DE","umzugsunternehmen ✓ angebot nach prüfung ✓ versichert","Umzugsunternehmen ✓ Angebot nach Prüfung ✓ Versichert","Umzugsunternehmen ✓ Angebot nach Prüfung ✓ Versichert | FLOXANT","63","Checkliste für einen gut vorbereiteten Umzug","Professionelles Umzugsunternehmen. Umzug, Entrümpelung und Reinigung zum Angebot nach Prüfung. Jetzt Angebot anfragen. Fotos, Termin, Umfang und Preisrahmen direkt senden und Machbarkeit prüfen lassen.","201","https://www.floxant.de/ratgeber/checkliste-umzug","de-DE:https://www.floxant.de/ratgeber/checkliste-umzug | x-default:https://www.floxant.de/ratgeber/checkliste-umzug","WARN","meta description long | duplicate-title | duplicate-metaDescription"
"https://www.floxant.de/ratgeber/gute-umzugsfirma-finden","de-DE","umzugsunternehmen ✓ angebot nach prüfung ✓ versichert","Umzugsunternehmen ✓ Angebot nach Prüfung ✓ Versichert","Umzugsunternehmen ✓ Angebot nach Prüfung ✓ Versichert | FLOXANT","63","Wie findet man eine gute Umzugsfirma?","Professionelles Umzugsunternehmen. Umzug, Entrümpelung und Reinigung zum Angebot nach Prüfung. Jetzt Angebot anfragen. Fotos, Termin, Umfang und Preisrahmen direkt senden und Machbarkeit prüfen lassen.","201","https://www.floxant.de/ratgeber/gute-umzugsfirma-finden","de-DE:https://www.floxant.de/ratgeber/gute-umzugsfirma-finden | x-default:https://www.floxant.de/ratgeber/gute-umzugsfirma-finden","WARN","meta description long | duplicate-title | duplicate-metaDescription"
"https://www.floxant.de/ratgeber/entruempelung-kosten-pro-m3","de-DE","umzugsunternehmen ✓ angebot nach prüfung ✓ versichert","Umzugsunternehmen ✓ Angebot nach Prüfung ✓ Versichert","Umzugsunternehmen ✓ Angebot nach Prüfung ✓ Versichert | FLOXANT","63","Entrümpelung Kosten pro m³ erklärt","Professionelles Umzugsunternehmen. Umzug, Entrümpelung und Reinigung zum Angebot nach Prüfung. Jetzt Angebot anfragen. Fotos, Termin, Umfang und Preisrahmen direkt senden und Machbarkeit prüfen lassen.","201","https://www.floxant.de/ratgeber/entruempelung-kosten-pro-m3","de-DE:https://www.floxant.de/ratgeber/entruempelung-kosten-pro-m3 | x-default:https://www.floxant.de/ratgeber/entruempelung-kosten-pro-m3","WARN","meta description long | duplicate-title | duplicate-metaDescription"
"https://www.floxant.de/ratgeber/umzug-vorbereiten-7-schritte","de-DE","umzugsunternehmen ✓ angebot nach prüfung ✓ versichert","Umzugsunternehmen ✓ Angebot nach Prüfung ✓ Versichert","Umzugsunternehmen ✓ Angebot nach Prüfung ✓ Versichert | FLOXANT","63","Umzug vorbereiten in 7 Schritten","Professionelles Umzugsunternehmen. Umzug, Entrümpelung und Reinigung zum Angebot nach Prüfung. Jetzt Angebot anfragen. Fotos, Termin, Umfang und Preisrahmen direkt senden und Machbarkeit prüfen lassen.","201","https://www.floxant.de/ratgeber/umzug-vorbereiten-7-schritte","de-DE:https://www.floxant.de/ratgeber/umzug-vorbereiten-7-schritte | x-default:https://www.floxant.de/ratgeber/umzug-vorbereiten-7-schritte","WARN","meta description long | duplicate-title | duplicate-metaDescription"
"https://www.floxant.de/ratgeber/wann-lohnt-sich-umzugsfirma","de-DE","umzugsunternehmen ✓ angebot nach prüfung ✓ versichert","Umzugsunternehmen ✓ Angebot nach Prüfung ✓ Versichert","Umzugsunternehmen ✓ Angebot nach Prüfung ✓ Versichert | FLOXANT","63","Wann lohnt sich eine Umzugsfirma?","Professionelles Umzugsunternehmen. Umzug, Entrümpelung und Reinigung zum Angebot nach Prüfung. Jetzt Angebot anfragen. Fotos, Termin, Umfang und Preisrahmen direkt senden und Machbarkeit prüfen lassen.","201","https://www.floxant.de/ratgeber/wann-lohnt-sich-umzugsfirma","de-DE:https://www.floxant.de/ratgeber/wann-lohnt-sich-umzugsfirma | x-default:https://www.floxant.de/ratgeber/wann-lohnt-sich-umzugsfirma","WARN","meta description long | duplicate-title | duplicate-metaDescription"
"https://www.floxant.de/ratgeber/moebeltransport-sicher","de-DE","umzugsunternehmen ✓ angebot nach prüfung ✓ versichert","Umzugsunternehmen ✓ Angebot nach Prüfung ✓ Versichert","Umzugsunternehmen ✓ Angebot nach Prüfung ✓ Versichert | FLOXANT","63","Möbeltransport sicher organisieren","Professionelles Umzugsunternehmen. Umzug, Entrümpelung und Reinigung zum Angebot nach Prüfung. Jetzt Angebot anfragen. Fotos, Termin, Umfang und Preisrahmen direkt senden und Machbarkeit prüfen lassen.","201","https://www.floxant.de/ratgeber/moebeltransport-sicher","de-DE:https://www.floxant.de/ratgeber/moebeltransport-sicher | x-default:https://www.floxant.de/ratgeber/moebeltransport-sicher","WARN","meta description long | duplicate-title | duplicate-metaDescription"
"https://www.floxant.de/ratgeber/umzug-tipps-familien","de-DE","umzugsunternehmen ✓ angebot nach prüfung ✓ versichert","Umzugsunternehmen ✓ Angebot nach Prüfung ✓ Versichert","Umzugsunternehmen ✓ Angebot nach Prüfung ✓ Versichert | FLOXANT","63","Umzug Tipps für Familien","Professionelles Umzugsunternehmen. Umzug, Entrümpelung und Reinigung zum Angebot nach Prüfung. Jetzt Angebot anfragen. Fotos, Termin, Umfang und Preisrahmen direkt senden und Machbarkeit prüfen lassen.","201","https://www.floxant.de/ratgeber/umzug-tipps-familien","de-DE:https://www.floxant.de/ratgeber/umzug-tipps-familien | x-default:https://www.floxant.de/ratgeber/umzug-tipps-familien","WARN","meta description long | duplicate-title | duplicate-metaDescription"
"https://www.floxant.de/ratgeber/umzug-kosten-rechner","de-DE","umzugsunternehmen ✓ angebot nach prüfung ✓ versichert","Umzugsunternehmen ✓ Angebot nach Prüfung ✓ Versichert","Umzugsunternehmen ✓ Angebot nach Prüfung ✓ Versichert | FLOXANT","63","Umzug Kosten Rechner: So funktioniert er","Professionelles Umzugsunternehmen. Umzug, Entrümpelung und Reinigung zum Angebot nach Prüfung. Jetzt Angebot anfragen. Fotos, Termin, Umfang und Preisrahmen direkt senden und Machbarkeit prüfen lassen.","201","https://www.floxant.de/ratgeber/umzug-kosten-rechner","de-DE:https://www.floxant.de/ratgeber/umzug-kosten-rechner | x-default:https://www.floxant.de/ratgeber/umzug-kosten-rechner","WARN","meta description long | duplicate-title | duplicate-metaDescription"
"https://www.floxant.de/ratgeber/umzug-anmelden-ummelden","de-DE","umzugsunternehmen ✓ angebot nach prüfung ✓ versichert","Umzugsunternehmen ✓ Angebot nach Prüfung ✓ Versichert","Umzugsunternehmen ✓ Angebot nach Prüfung ✓ Versichert | FLOXANT","63","Umzug anmelden & ummelden: Alles Wichtige","Professionelles Umzugsunternehmen. Umzug, Entrümpelung und Reinigung zum Angebot nach Prüfung. Jetzt Angebot anfragen. Fotos, Termin, Umfang und Preisrahmen direkt senden und Machbarkeit prüfen lassen.","201","https://www.floxant.de/ratgeber/umzug-anmelden-ummelden","de-DE:https://www.floxant.de/ratgeber/umzug-anmelden-ummelden | x-default:https://www.floxant.de/ratgeber/umzug-anmelden-ummelden","WARN","meta description long | duplicate-title | duplicate-metaDescription"
"https://www.floxant.de/ratgeber/umzug-versicherung","de-DE","umzugsunternehmen ✓ angebot nach prüfung ✓ versichert","Umzugsunternehmen ✓ Angebot nach Prüfung ✓ Versichert","Umzugsunternehmen ✓ Angebot nach Prüfung ✓ Versichert | FLOXANT","63","Umzug Versicherung: Was Sie wissen müssen","Professionelles Umzugsunternehmen. Umzug, Entrümpelung und Reinigung zum Angebot nach Prüfung. Jetzt Angebot anfragen. Fotos, Termin, Umfang und Preisrahmen direkt senden und Machbarkeit prüfen lassen.","201","https://www.floxant.de/ratgeber/umzug-versicherung","de-DE:https://www.floxant.de/ratgeber/umzug-versicherung | x-default:https://www.floxant.de/ratgeber/umzug-versicherung","WARN","meta description long | duplicate-title | duplicate-metaDescription"
"https://www.floxant.de/ratgeber/wohnungsaufloesung-tipps","de-DE","umzugsunternehmen ✓ angebot nach prüfung ✓ versichert","Umzugsunternehmen ✓ Angebot nach Prüfung ✓ Versichert","Umzugsunternehmen ✓ Angebot nach Prüfung ✓ Versichert | FLOXANT","63","Wohnungsauflösung: Tipps und Kosten","Professionelles Umzugsunternehmen. Umzug, Entrümpelung und Reinigung zum Angebot nach Prüfung. Jetzt Angebot anfragen. Fotos, Termin, Umfang und Preisrahmen direkt senden und Machbarkeit prüfen lassen.","201","https://www.floxant.de/ratgeber/wohnungsaufloesung-tipps","de-DE:https://www.floxant.de/ratgeber/wohnungsaufloesung-tipps | x-default:https://www.floxant.de/ratgeber/wohnungsaufloesung-tipps","WARN","meta description long | duplicate-title | duplicate-metaDescription"
"https://www.floxant.de/ratgeber/umzug-im-winter","de-DE","umzugsunternehmen ✓ angebot nach prüfung ✓ versichert","Umzugsunternehmen ✓ Angebot nach Prüfung ✓ Versichert","Umzugsunternehmen ✓ Angebot nach Prüfung ✓ Versichert | FLOXANT","63","Umzug im Winter: Vor- und Nachteile","Professionelles Umzugsunternehmen. Umzug, Entrümpelung und Reinigung zum Angebot nach Prüfung. Jetzt Angebot anfragen. Fotos, Termin, Umfang und Preisrahmen direkt senden und Machbarkeit prüfen lassen.","201","https://www.floxant.de/ratgeber/umzug-im-winter","de-DE:https://www.floxant.de/ratgeber/umzug-im-winter | x-default:https://www.floxant.de/ratgeber/umzug-im-winter","WARN","meta description long | duplicate-title | duplicate-metaDescription"
"https://www.floxant.de/ratgeber/umzug-erste-wohnung","de-DE","umzugsunternehmen ✓ angebot nach prüfung ✓ versichert","Umzugsunternehmen ✓ Angebot nach Prüfung ✓ Versichert","Umzugsunternehmen ✓ Angebot nach Prüfung ✓ Versichert | FLOXANT","63","Erste Wohnung: Umzug richtig planen","Professionelles Umzugsunternehmen. Umzug, Entrümpelung und Reinigung zum Angebot nach Prüfung. Jetzt Angebot anfragen. Fotos, Termin, Umfang und Preisrahmen direkt senden und Machbarkeit prüfen lassen.","201","https://www.floxant.de/ratgeber/umzug-erste-wohnung","de-DE:https://www.floxant.de/ratgeber/umzug-erste-wohnung | x-default:https://www.floxant.de/ratgeber/umzug-erste-wohnung","WARN","meta description long | duplicate-title | duplicate-metaDescription"
"https://www.floxant.de/blog","de-DE","floxant ratgeber","FLOXANT Ratgeber","FLOXANT Ratgeber | Umzug, Reinigung & Preise","44","Leitfäden für Services, Preisrahmen und klare Entscheidungen","Praxisnahe Hilfe zu Umzug, Reinigung, Entrümpelung, Beiladung, Preisvorstellung und Serviceplanung in Regensburg und Regensburg. Fotos, Termin, Umfang und Preisrahmen direkt senden und Machbarkeit prüfen lassen.","211","https://www.floxant.de/blog","de-DE:https://www.floxant.de/blog | x-default:https://www.floxant.de/blog","WARN","meta description long"
"https://www.floxant.de/blog/wohnungsuebergabe-komplettpaket","de-DE","wohnungsübergabe","Wohnungsübergabe-Komplettpaket","Wohnungsübergabe-Komplettpaket | FLOXANT Regensburg & Bayern","60","Wohnungsübergabe-Komplettpaket: Wenn Umzug, Reinigung und Schlüssel zusammenpassen müssen","Warum eine Wohnungsübergabe mehr ist als Transport oder Reinigung und wie FLOXANT Umzug, Endreinigung, Rest-Entrümpelung, Fotos und Schlüsselübergabe koordinieren kann.","168","https://www.floxant.de/blog/wohnungsuebergabe-komplettpaket","de-DE:https://www.floxant.de/blog/wohnungsuebergabe-komplettpaket | x-default:https://www.floxant.de/blog/wohnungsuebergabe-komplettpaket","PASS",""
"https://www.floxant.de/blog/schluesseluebergabe-service","de-DE","schlüsselübergabe","Schlüsselübergabe-Service","Schlüsselübergabe-Service | FLOXANT Regensburg & Bayern","55","Schlüsselübergabe-Service: Wenn Sie nicht selbst vor Ort sein können","Warum ein Schlüsseltermin organisatorisch größer sein kann als er wirkt und wie FLOXANT Anwesenheit, Fotos und Abstimmung nach Vereinbarung unterstützen kann.","158","https://www.floxant.de/blog/schluesseluebergabe-service","de-DE:https://www.floxant.de/blog/schluesseluebergabe-service | x-default:https://www.floxant.de/blog/schluesseluebergabe-service","PASS",""
"https://www.floxant.de/blog/nicht-vor-ort-paket","de-DE","nicht","Nicht-vor-Ort-Paket","Nicht-vor-Ort-Paket | FLOXANT Regensburg & Bayern","49","Nicht-vor-Ort-Paket: Wenn die Wohnung noch offen ist, Sie aber nicht mehr vor Ort sind","Wie FLOXANT Kunden unterstützen kann, wenn Wohnung, Keller, Reinigung, Restgegenstände oder Schlüssel nach dem Wegzug noch offen sind. Fotos, Termin, Umfang und Preisrahmen direkt senden und Machbarkeit prüfen lassen.","217","https://www.floxant.de/blog/nicht-vor-ort-paket","de-DE:https://www.floxant.de/blog/nicht-vor-ort-paket | x-default:https://www.floxant.de/blog/nicht-vor-ort-paket","WARN","meta description long"
"https://www.floxant.de/blog/kautionsschutz-vorbereitung","de-DE","kautionsschutz","Kautionsschutz-Vorbereitung","Kautionsschutz-Vorbereitung | FLOXANT Regensburg & Bayern","57","Kautionsschutz-Vorbereitung: Übergabeprobleme erkennen, bevor der Vermieter sie sieht","Wie FLOXANT vermeidbare Übergaberisiken vor dem Vermietertermin sichtbar machen kann, ohne eine Kautionsrückzahlung zu versprechen. Fotos, Termin, Umfang und Preisrahmen direkt senden und Machbarkeit prüfen lassen.","214","https://www.floxant.de/blog/kautionsschutz-vorbereitung","de-DE:https://www.floxant.de/blog/kautionsschutz-vorbereitung | x-default:https://www.floxant.de/blog/kautionsschutz-vorbereitung","WARN","meta description long"
"https://www.floxant.de/blog/uebergabe-check-vor-vermietertermin","de-DE","übergabe","Übergabe-Check vor Vermietertermin","Übergabe-Check vor Vermietertermin | FLOXANT","44","Übergabe-Check vor dem Vermietertermin: Ist die Wohnung wirklich bereit?","Warum ein neutraler Übergabe-Check vor dem Vermietertermin hilft und wie FLOXANT sichtbare Restpunkte, Fotos und nächste Schritte einordnet.","140","https://www.floxant.de/blog/uebergabe-check-vor-vermietertermin","de-DE:https://www.floxant.de/blog/uebergabe-check-vor-vermietertermin | x-default:https://www.floxant.de/blog/uebergabe-check-vor-vermietertermin","PASS",""
"https://www.floxant.de/blog/volumen-risiko-check-umzug","de-DE","volumen","Volumen- und Risiko-Check beim Umzug","Volumen- und Risiko-Check beim Umzug | FLOXANT","46","Volumen- und Risiko-Check: Warum der billigste Umzugspreis oft nicht der realistischste ist","Warum falsche Volumenschätzungen zu Zusatzfahrten, Zeitdruck und Nachforderungen führen können und wie FLOXANT Umzüge realistischer vorprüft.","141","https://www.floxant.de/blog/volumen-risiko-check-umzug","de-DE:https://www.floxant.de/blog/volumen-risiko-check-umzug | x-default:https://www.floxant.de/blog/volumen-risiko-check-umzug","PASS",""
"https://www.floxant.de/blog/umzug-ist-kein-transportproblem","de-DE","warum ein umzug ein kontrollproblem ist","Warum ein Umzug ein Kontrollproblem ist","Warum ein Umzug ein Kontrollproblem ist | FLOXANT","49","Ein Umzug ist kein Transportproblem. Er ist ein Kontrollproblem.","Warum Umzüge selten nur am Transport scheitern und wie FLOXANT Zeitfenster, Zugang, Volumen, Zusatzaufgaben und Übergabe realistischer plant.","141","https://www.floxant.de/blog/umzug-ist-kein-transportproblem","de-DE:https://www.floxant.de/blog/umzug-ist-kein-transportproblem | x-default:https://www.floxant.de/blog/umzug-ist-kein-transportproblem","PASS",""
"https://www.floxant.de/blog/billige-umzugsangebote-risiko","de-DE","billige umzugsangebote und ihr risiko","Billige Umzugsangebote und ihr Risiko","Billige Umzugsangebote und ihr Risiko | FLOXANT","47","Warum billige Umzugsangebote am Ende teuer werden können","Warum Lockpreise ohne saubere Prüfung zu Nachforderungen, Zeitdruck und Leistungsproblemen führen können und wie FLOXANT realistischer kalkuliert.","146","https://www.floxant.de/blog/billige-umzugsangebote-risiko","de-DE:https://www.floxant.de/blog/billige-umzugsangebote-risiko | x-default:https://www.floxant.de/blog/billige-umzugsangebote-risiko","PASS",""
"https://www.floxant.de/blog/wohnung-uebergabebereit-machen","de-DE","wohnung übergabebereit machen","Wohnung übergabebereit machen","Wohnung übergabebereit machen | FLOXANT","39","Wohnung übergabebereit machen: Was vor der Schlüsselübergabe wirklich zählt","Warum vor der Schlüsselübergabe mehr zählt als Reinigung und wie FLOXANT Keller, Balkon, Restgegenstände, Fotos und letzte Aufgaben koordiniert.","144","https://www.floxant.de/blog/wohnung-uebergabebereit-machen","de-DE:https://www.floxant.de/blog/wohnung-uebergabebereit-machen | x-default:https://www.floxant.de/blog/wohnung-uebergabebereit-machen","PASS",""
"https://www.floxant.de/blog/entruempelung-vor-wohnungsuebergabe","de-DE","entrümpelung vor wohnungsübergabe","Entrümpelung vor Wohnungsübergabe","Entrümpelung vor Wohnungsübergabe | FLOXANT","43","Entrümpelung vor der Wohnungsübergabe: Wenn Räume wieder entscheidbar werden müssen","Warum Restgegenstände, Keller, Garage oder Balkon eine Wohnungsübergabe blockieren können und wie FLOXANT Räumung, Entsorgung und Vorbereitung koordiniert.","155","https://www.floxant.de/blog/entruempelung-vor-wohnungsuebergabe","de-DE:https://www.floxant.de/blog/entruempelung-vor-wohnungsuebergabe | x-default:https://www.floxant.de/blog/entruempelung-vor-wohnungsuebergabe","PASS",""
"https://www.floxant.de/blog/remote-move-out-service","de-DE","remote move","Remote Move-Out Service","Remote Move-Out Service | FLOXANT Regensburg & Bayern","53","Remote Move-Out Service: Die Wohnung abschließen, obwohl Sie nicht mehr da sind","Wie FLOXANT Kunden unterstützt, wenn sie bereits weggezogen sind, aber Wohnung, Schlüssel, Reinigung, Restarbeiten oder Übergabe noch offen sind.","145","https://www.floxant.de/blog/remote-move-out-service","de-DE:https://www.floxant.de/blog/remote-move-out-service | x-default:https://www.floxant.de/blog/remote-move-out-service","PASS",""
"https://www.floxant.de/blog/seniorenumzug-fuer-angehoerige","de-DE","seniorenumzug für angehörige","Seniorenumzug für Angehörige","Seniorenumzug für Angehörige | FLOXANT","38","Seniorenumzug für Angehörige: Wenn nicht nur Möbel getragen werden","Warum Seniorenumzüge für Angehörige organisatorisch und emotional anspruchsvoll sind und wie FLOXANT Transport, Entrümpelung, Reinigung und Übergabe nach Bedarf bündelt.","169","https://www.floxant.de/blog/seniorenumzug-fuer-angehoerige","de-DE:https://www.floxant.de/blog/seniorenumzug-fuer-angehoerige | x-default:https://www.floxant.de/blog/seniorenumzug-fuer-angehoerige","PASS",""
"https://www.floxant.de/blog/diskreter-umzug-sensible-situationen","de-DE","diskreter umzug in sensiblen situationen","Diskreter Umzug in sensiblen Situationen","Diskreter Umzug in sensiblen Situationen | FLOXANT","50","Diskreter Umzug in sensiblen Situationen: Ruhig, klar, ohne große Worte","Wie FLOXANT Umzüge in sensiblen Lebenssituationen ruhig, sachlich und mit klarer Kommunikation plant, ohne unnötige Fragen oder laute Inszenierung.","147","https://www.floxant.de/blog/diskreter-umzug-sensible-situationen","de-DE:https://www.floxant.de/blog/diskreter-umzug-sensible-situationen | x-default:https://www.floxant.de/blog/diskreter-umzug-sensible-situationen","PASS",""
"https://www.floxant.de/blog/nachlassraeumung-mit-respekt","de-DE","nachlassräumung mit respekt","Nachlassräumung mit Respekt","Nachlassräumung mit Respekt | FLOXANT","37","Nachlassräumung mit Respekt: Wenn eine Räumung mehr ist als Wegtragen","Warum Nachlassräumungen emotional und organisatorisch anspruchsvoll sind und wie FLOXANT Räumung, Sortierung nach Absprache, Transport, Entsorgung und Reinigung unterstützt.","173","https://www.floxant.de/blog/nachlassraeumung-mit-respekt","de-DE:https://www.floxant.de/blog/nachlassraeumung-mit-respekt | x-default:https://www.floxant.de/blog/nachlassraeumung-mit-respekt","PASS",""
"https://www.floxant.de/blog/berufsumzug-wenig-zeit","de-DE","berufsumzug mit wenig zeit","Berufsumzug mit wenig Zeit","Berufsumzug mit wenig Zeit | FLOXANT","36","Berufsumzug mit wenig Zeit: Wenn der neue Job beginnt, bevor die alte Wohnung abgeschlossen ist","Wie FLOXANT Berufsumzüge unterstützt, wenn Arbeit, neue Stadt, alte Wohnung, Reinigung, Schlüssel und Übergabe gleichzeitig organisiert werden müssen.","150","https://www.floxant.de/blog/berufsumzug-wenig-zeit","de-DE:https://www.floxant.de/blog/berufsumzug-wenig-zeit | x-default:https://www.floxant.de/blog/berufsumzug-wenig-zeit","PASS",""
"https://www.floxant.de/blog/service-fuer-hausverwaltungen","de-DE","service für hausverwaltungen","Service für Hausverwaltungen","Service für Hausverwaltungen | FLOXANT","38","Service für Hausverwaltungen: Wenn Wohnungen nach Auszug schnell wieder kontrollierbar werden müssen","Wie FLOXANT Hausverwaltungen bei Rest-Entrümpelung, Reinigung, Fotodokumentation, Schlüssel- und Übergabethemen nach Auszug unterstützen kann.","142","https://www.floxant.de/blog/service-fuer-hausverwaltungen","de-DE:https://www.floxant.de/blog/service-fuer-hausverwaltungen | x-default:https://www.floxant.de/blog/service-fuer-hausverwaltungen","PASS",""
"https://www.floxant.de/blog/service-fuer-makler","de-DE","service für makler","Service für Makler","Service für Makler | FLOXANT","28","Service für Makler: Räume vorbereiten, bevor der erste Eindruck verloren geht","Wie FLOXANT Makler bei Räumung, Reinigung und Vorbereitung von Wohnungen oder Objekten für Besichtigung, Fototermin oder Übergabe unterstützen kann.","148","https://www.floxant.de/blog/service-fuer-makler","de-DE:https://www.floxant.de/blog/service-fuer-makler | x-default:https://www.floxant.de/blog/service-fuer-makler","PASS",""
"https://www.floxant.de/blog/gewerbe-auszug-rueckgabevorbereitung","de-DE","gewerbe","Gewerbe-Auszug mit Rückgabevorbereitung","Gewerbe-Auszug mit Rückgabevorbereitung | FLOXANT","49","Gewerbe-Auszug mit Rückgabevorbereitung: Wenn Betrieb, Rückbau und Übergabe zusammenpassen müssen","Warum gewerbliche Auszüge mehr Planung brauchen als Transport und wie FLOXANT Räumung, Reinigung, Transport und Übergabevorbereitung nach Absprache unterstützt.","160","https://www.floxant.de/blog/gewerbe-auszug-rueckgabevorbereitung","de-DE:https://www.floxant.de/blog/gewerbe-auszug-rueckgabevorbereitung | x-default:https://www.floxant.de/blog/gewerbe-auszug-rueckgabevorbereitung","PASS",""
"https://www.floxant.de/blog/umzug-reinigung-entruempelung-regensburg-koordinieren","de-DE","umzug, reinigung und entrümpelung in regensburg koordinieren","Umzug, Reinigung und Entrümpelung in Regensburg koordinieren","Umzug, Reinigung und Entrümpelung in Regensburg koordinieren |...","65","Umzug, Reinigung und Entrümpelung in Regensburg: Warum Koordination wichtiger ist als ein Einzelpreis","Warum Wohnungswechsel in Regensburg nicht nur nach Einzelpreis geplant werden sollten und wie FLOXANT Umzug, Reinigung, Entrümpelung und Übergabe koordiniert.","158","https://www.floxant.de/blog/umzug-reinigung-entruempelung-regensburg-koordinieren","de-DE:https://www.floxant.de/blog/umzug-reinigung-entruempelung-regensburg-koordinieren | x-default:https://www.floxant.de/blog/umzug-reinigung-entruempelung-regensburg-koordinieren","PASS",""
"https://www.floxant.de/blog/wohnungsuebergabe-regensburg-vorbereiten","de-DE","wohnungsübergabe in regensburg vorbereiten","Wohnungsübergabe in Regensburg vorbereiten","Wohnungsübergabe in Regensburg vorbereiten | FLOXANT","52","Wohnungsübergabe in Regensburg vorbereiten: Reinigung, Schlüssel und letzte Aufgaben im Griff behalten","Wie Mieter in Regensburg Reinigung, Schlüssel, Keller, Fotos, Restgegenstände und Vermietertermin vor der Wohnungsübergabe besser strukturieren.","144","https://www.floxant.de/blog/wohnungsuebergabe-regensburg-vorbereiten","de-DE:https://www.floxant.de/blog/wohnungsuebergabe-regensburg-vorbereiten | x-default:https://www.floxant.de/blog/wohnungsuebergabe-regensburg-vorbereiten","PASS",""
"https://www.floxant.de/blog/umzug-kosten-regensburg","de-DE","umzugskosten in regensburg realistisch einordnen","Umzugskosten in Regensburg realistisch einordnen","Umzugskosten in Regensburg realistisch einordnen | FLOXANT","58","Umzugskosten in Regensburg: Was Sie realistisch einplanen sollten","Welche Faktoren prägen Umzugskosten in Regensburg? FLOXANT erklärt Strecke, Volumen, Stockwerke, Laufwege und Zusatzleistungen ohne Lockpreis-Sprache.","150","https://www.floxant.de/blog/umzug-kosten-regensburg","de-DE:https://www.floxant.de/blog/umzug-kosten-regensburg | x-default:https://www.floxant.de/blog/umzug-kosten-regensburg","PASS",""
"https://www.floxant.de/blog/leer-rueckfahrt-regensburg-firmen-moebeltransport","de-DE","leer","Leer-Rückfahrt Regensburg","Leer-Rückfahrt Regensburg | Firmen, Möbel & Teiltransport","57","Leer-Rückfahrt nach Regensburg: fairer Transport für Firmen und Möbel","Wann eine Leer-Rückfahrt Richtung Regensburg für Firmen, Möbel, Büroinventar und Teilmengen sinnvoll ist und wie FLOXANT fair vorprüft.","135","https://www.floxant.de/blog/leer-rueckfahrt-regensburg-firmen-moebeltransport","de-DE:https://www.floxant.de/blog/leer-rueckfahrt-regensburg-firmen-moebeltransport | x-default:https://www.floxant.de/blog/leer-rueckfahrt-regensburg-firmen-moebeltransport","PASS",""
"https://www.floxant.de/blog/bueroumzug-regensburg-kostenfaktoren-checkliste","de-DE","büroumzug regensburg","Büroumzug Regensburg","Büroumzug Regensburg | Kostenfaktoren & Checkliste","50","Büroumzug in Regensburg: Kostenfaktoren und Checkliste","Büroumzug in Regensburg realistisch vorbereiten: Arbeitsplätze, IT, Archiv, Zugang, Zeitfenster und Kostentreiber sauber prüfen. Regensburg-Service nach Leistung, Objektart, Fläche, Umfang, Zeitfenster, Zugang und...","216","https://www.floxant.de/blog/bueroumzug-regensburg-kostenfaktoren-checkliste","de-DE:https://www.floxant.de/blog/bueroumzug-regensburg-kostenfaktoren-checkliste | x-default:https://www.floxant.de/blog/bueroumzug-regensburg-kostenfaktoren-checkliste","WARN","meta description long"
"https://www.floxant.de/blog/firmenentsorgung-buero-inventar-regensburg","de-DE","firmenentsorgung regensburg","Firmenentsorgung Regensburg","Firmenentsorgung Regensburg | Büroinventar entsorgen","52","Firmenentsorgung in Regensburg: Büroinventar sauber abholen lassen","Büroinventar, Möbel, Kartons und normale Gewerbegegenstände in Regensburg entsorgen lassen: was möglich ist und was FLOXANT vorprüft. Fotos, Umfang, Zugang und Termin für Entsorgung in Regensburg prüfen lassen.","210","https://www.floxant.de/blog/firmenentsorgung-buero-inventar-regensburg","de-DE:https://www.floxant.de/blog/firmenentsorgung-buero-inventar-regensburg | x-default:https://www.floxant.de/blog/firmenentsorgung-buero-inventar-regensburg","WARN","meta description long"
"https://www.floxant.de/blog/entruempelung-bayern-leitfaden","de-DE","haushaltsauflösung & entrümpelung in bayern","Haushaltsauflösung & Entrümpelung in Bayern","Haushaltsauflösung & Entrümpelung in Bayern | FLOXANT Blog","58","Haushaltsauflösung und Entrümpelung in Bayern seriös planen","Ein seriöser Leitfaden für Räumung, Wertanrechnung, Materialtrennung und fachgerechte Entsorgung in Bayern.","107","https://www.floxant.de","de-DE:https://www.floxant.de | x-default:https://www.floxant.de","FAIL","canonical not self-referencing"
"https://www.floxant.de/blog/entrumpelung-kosten-bayern","de-DE","kosten einer entrümpelung in bayern","Kosten einer Entrümpelung in Bayern","Kosten einer Entrümpelung in Bayern | Ratgeber | FLOXANT","56","Entrümpelung in Bayern: Kosten, Planung und Wertanrechnung","Was kostet eine Haushaltsauflösung oder Entrümpelung in Bayern? Wir klären auf über Preise, Wertanrechnung und Entsorgung. Fotos, Termin, Umfang und Preisrahmen direkt senden und Machbarkeit prüfen lassen.","205","https://www.floxant.de/blog/entrumpelung-kosten-bayern","de-DE:https://www.floxant.de/blog/entrumpelung-kosten-bayern | x-default:https://www.floxant.de/blog/entrumpelung-kosten-bayern","WARN","meta description long"
"https://www.floxant.de/blog/umzug-checkliste","de-DE","umzug checkliste","Umzug Checkliste","Umzug Checkliste | FLOXANT Blog","31","Umzug Checkliste: Schritt für Schritt zum neuen Zuhause","Vom Packen bis zur Ummeldung: eine klare Umzug Checkliste für bessere Vorbereitung. Fotos, Termin, Umfang und Preisrahmen direkt senden und Machbarkeit prüfen lassen.","166","https://www.floxant.de/blog/umzug-checkliste","de-DE:https://www.floxant.de/blog/umzug-checkliste | x-default:https://www.floxant.de/blog/umzug-checkliste","PASS",""
"https://www.floxant.de/blog/umzug-regensburg-tipps","de-DE","umzug in regensburg planen","Umzug in Regensburg planen: Zugang, Parken, Laufwege","Umzug in Regensburg planen: Zugang, Parken, Laufwege | FLOXANT Blog","67","Umzug in Regensburg planen: Zugang, Parken, Laufwege","Wie Sie Ihren Umzug in Regensburg und der Oberpfalz mit Zugang, Parkmöglichkeit, Volumen und Termin besser vorbereiten.","119","https://www.floxant.de","de-DE:https://www.floxant.de | x-default:https://www.floxant.de","FAIL","canonical not self-referencing"
"https://www.floxant.de/blog/umzug-tipps-bayern","de-DE","12 umzugs","12 Umzugs-Tipps aus der Praxis in Bayern","12 Umzugs-Tipps aus der Praxis in Bayern | FLOXANT","50","Die 12 effektivsten Umzug-Tipps aus dem Praxisalltag","Konkrete Umzugs-Tipps aus dem Alltag: Zugang, Kartons, Parken, Laufwege und Vorbereitung in Bayern besser planen. Fotos, Termin, Umfang und Preisrahmen direkt senden und Machbarkeit prüfen lassen.","196","https://www.floxant.de/blog/umzug-tipps-bayern","de-DE:https://www.floxant.de/blog/umzug-tipps-bayern | x-default:https://www.floxant.de/blog/umzug-tipps-bayern","WARN","meta description long"
"https://www.floxant.de/blog/wohnungsaufloesung-was-tun","de-DE","umzugsunternehmen ✓ angebot nach prüfung ✓ versichert","Umzugsunternehmen ✓ Angebot nach Prüfung ✓ Versichert","Umzugsunternehmen ✓ Angebot nach Prüfung ✓ Versichert | FLOXANT","63","Wohnungsauflösung im Todesfall: Was Angehörige jetzt tun müssen","Professionelles Umzugsunternehmen. Umzug, Entrümpelung und Reinigung zum Angebot nach Prüfung. Jetzt Angebot anfragen. Fotos, Termin, Umfang und Preisrahmen direkt senden und Machbarkeit prüfen lassen.","201","https://www.floxant.de/blog/wohnungsaufloesung-was-tun","de-DE:https://www.floxant.de/blog/wohnungsaufloesung-was-tun | x-default:https://www.floxant.de/blog/wohnungsaufloesung-was-tun","WARN","meta description long | duplicate-title | duplicate-metaDescription"
"https://www.floxant.de/blog/umzug-planen-schritt-fuer-schritt","de-DE","umzug planen","Umzug planen: In 10 Schritten zum Ziel","Umzug planen: In 10 Schritten zum Ziel | FLOXANT","48","Umzug planen: 10 Schritte, die wirklich helfen","Umzug planen: Kündigung, Kartons, Zugang, Parken, Transport, Ummeldung und Übergabe Schritt für Schritt vorbereiten. Fotos, Termin, Umfang und Preisrahmen direkt senden und Machbarkeit prüfen lassen.","199","https://www.floxant.de/blog/umzug-planen-schritt-fuer-schritt","de-DE:https://www.floxant.de/blog/umzug-planen-schritt-fuer-schritt | x-default:https://www.floxant.de/blog/umzug-planen-schritt-fuer-schritt","WARN","meta description long"
"https://www.floxant.de/blog/umzugskosten-senken-7-tipps","de-DE","umzugskosten senken","Umzugskosten senken","Umzugskosten senken | 7 realistische Hebel ohne Lockpreis","57","Umzugskosten senken: 7 realistische Hebel ohne Lockpreis","Sieben praktische Hebel, um Umzugskosten realistisch einzuordnen: Volumen, Termin, Zugang, Reinigung, Entrümpelung und Preisrahmen. Fotos, Termin, Umfang und Preisrahmen direkt senden und Machbarkeit prüfen lassen.","214","https://www.floxant.de/blog/umzugskosten-senken-7-tipps","de-DE:https://www.floxant.de/blog/umzugskosten-senken-7-tipps | x-default:https://www.floxant.de/blog/umzugskosten-senken-7-tipps","WARN","meta description long"
"https://www.floxant.de/blog/wohnungsuebergabe-protokoll-guide","de-DE","wohnungsübergabe","Wohnungsübergabe: So sichern Sie sich rechtlich ab","Wohnungsübergabe: So sichern Sie sich rechtlich ab | FLOXANT...","63","Wohnungsübergabe: So erstellen Sie ein wasserdichtes Protokoll","Wohnungsübergabeprotokoll richtig erstellen. Was muss rein, worauf achten und wie vermeiden Sie Streit um die Kaution? Kompletter Guide. Anfrage online vorbereiten oder bequem per WhatsApp / Telefon anfragen: +49 1577...","220","https://www.floxant.de/blog/wohnungsuebergabe-protokoll-guide","de-DE:https://www.floxant.de/blog/wohnungsuebergabe-protokoll-guide | x-default:https://www.floxant.de/blog/wohnungsuebergabe-protokoll-guide","WARN","meta description long"
"https://www.floxant.de/blog/fernumzug-bayern-nrw-tipps","de-DE","fernumzug von bayern nach nrw","Fernumzug von Bayern nach NRW: Ablauf, Kosten & Tipps","Fernumzug von Bayern nach NRW: Ablauf, Kosten & Tipps | FLOXANT...","66","Fernumzug von Bayern nach NRW: Der komplette Guide","Fernumzug von regensburg oder Bayern nach Nordrhein-Westfalen? Alles über Kosten, Ablauf, Beiladung und saubere Planung. Unverbindlich anfragen oder Preisrahmen prüfen.","168","https://www.floxant.de/blog/fernumzug-bayern-nrw-tipps","de-DE:https://www.floxant.de/blog/fernumzug-bayern-nrw-tipps | x-default:https://www.floxant.de/blog/fernumzug-bayern-nrw-tipps","PASS",""
"https://www.floxant.de/blog/umzug-mit-kindern-stressfrei","de-DE","umzug mit kindern","Umzug mit Kindern: So wird der Wohnungswechsel zum Abenteuer","Umzug mit Kindern: So wird der Wohnungswechsel zum Abenteuer |...","65","Umzug mit Kindern: was Familien vorher klären sollten","Umzug mit Kindern stressfrei gestalten. Alter-spezifische Tipps, Einbeziehung ins Packen, Schulwechsel-Vorbereitung und emotionale Unterstützung. Anfrage online vorbereiten oder bequem per WhatsApp / Telefon anfragen:...","220","https://www.floxant.de/blog/umzug-mit-kindern-stressfrei","de-DE:https://www.floxant.de/blog/umzug-mit-kindern-stressfrei | x-default:https://www.floxant.de/blog/umzug-mit-kindern-stressfrei","WARN","meta description long"
"https://www.floxant.de/blog/warum-floxant-die-beste-wahl-ist","de-DE","umzugsunternehmen bewerten","Umzugsunternehmen bewerten: worauf Kunden achten sollten","Umzugsunternehmen bewerten: worauf Kunden achten sollten | FLOXANT","66","Umzugsunternehmen bewerten: worauf Kunden wirklich achten sollten","Woran Kunden ein passendes Umzugsunternehmen erkennen: Ablauf, Preisrahmen, Kommunikation, Zusatzleistungen und regionale Planung. Fotos, Termin, Umfang und Preisrahmen direkt senden und Machbarkeit prüfen lassen.","213","https://www.floxant.de/blog/warum-floxant-die-beste-wahl-ist","de-DE:https://www.floxant.de/blog/warum-floxant-die-beste-wahl-ist | x-default:https://www.floxant.de/blog/warum-floxant-die-beste-wahl-ist","WARN","meta description long"
"https://www.floxant.de/blog/regensburg-direkt-buchen-statt-vergleichsportal","de-DE","in regensburg direkt buchen statt vergleichen","In Regensburg direkt buchen statt vergleichen: klare Wege bringen...","In Regensburg direkt buchen statt vergleichen: klare Wege bringen...","68","In Regensburg direkt buchen statt vergleichen: warum klare Wege öfter besser passen","Warum direkte Buchungswege, feste Ansprechpartner und eine saubere Vorprüfung in Regensburg oft besser funktionieren als unklare Vergleichsportal-Wege.","151","https://www.floxant.de/blog/regensburg-direkt-buchen-statt-vergleichsportal","de-DE:https://www.floxant.de/blog/regensburg-direkt-buchen-statt-vergleichsportal | x-default:https://www.floxant.de/blog/regensburg-direkt-buchen-statt-vergleichsportal","PASS",""
"https://www.floxant.de/blog/google-maps-regensburg-direkt-anfragen","de-DE","in google maps direkt anfragen","In Google Maps direkt anfragen: klarer Buchungsweg für Regensburg","In Google Maps direkt anfragen: klarer Buchungsweg für Regensburg","65","In Google Maps direkt anfragen: warum ein klarer Buchungsweg in Regensburg mehr Vertrauen schafft","Warum ein eindeutiger Buchungsweg in Google Maps für Regensburg mehr Vertrauen und passendere Anfragen schafft. Regensburg-Service nach Leistung, Objektart, Fläche, Umfang, Zeitfenster, Zugang und Fotos prüfen lassen.","217","https://www.floxant.de/blog/google-maps-regensburg-direkt-anfragen","de-DE:https://www.floxant.de/blog/google-maps-regensburg-direkt-anfragen | x-default:https://www.floxant.de/blog/google-maps-regensburg-direkt-anfragen","WARN","meta description long"
"https://www.floxant.de/blog/umzugsfirma-regensburg-google-maps-vertrauen","de-DE","umzugsfirma regensburg über google maps finden","Umzugsfirma Regensburg über Google Maps finden: worauf Kunden...","Umzugsfirma Regensburg über Google Maps finden: worauf Kunden...","64","Umzugsfirma in Regensburg über Google Maps finden: worauf Kunden wirklich achten","Wie Kunden eine Umzugsfirma in Regensburg über Google Maps besser einordnen können und warum direkte Buchungswege mehr Vertrauen schaffen.","138","https://www.floxant.de/blog/umzugsfirma-regensburg-google-maps-vertrauen","de-DE:https://www.floxant.de/blog/umzugsfirma-regensburg-google-maps-vertrauen | x-default:https://www.floxant.de/blog/umzugsfirma-regensburg-google-maps-vertrauen","PASS",""
"https://www.floxant.de/blog/anfrage-regensburg-richtig-stellen","de-DE","anfrage in regensburg richtig stellen","Anfrage in Regensburg richtig stellen: so kommt FLOXANT schneller...","Anfrage in Regensburg richtig stellen: so kommt FLOXANT schneller...","68","Anfrage in Regensburg richtig stellen: welche Angaben FLOXANT schneller helfen","Welche Angaben bei Umzug, Reinigung, Entrümpelung oder Büroumzug in Regensburg die Vorprüfung schneller und die Rückmeldung klarer machen.","138","https://www.floxant.de/blog/anfrage-regensburg-richtig-stellen","de-DE:https://www.floxant.de/blog/anfrage-regensburg-richtig-stellen | x-default:https://www.floxant.de/blog/anfrage-regensburg-richtig-stellen","PASS",""
"https://www.floxant.de/blog/google-unternehmensprofil-buchungslink-regensburg","de-DE","google","Google-Unternehmensprofil in Regensburg: welcher Buchungslink...","Google-Unternehmensprofil in Regensburg: welcher Buchungslink...","64","Google-Unternehmensprofil in Regensburg: welcher Buchungslink Kunden wirklich hilft","Warum ein klarer Buchungslink im Google-Unternehmensprofil mehr Vertrauen schafft und passendere Anfragen bringt. Regensburg-Service nach Leistung, Objektart, Fläche, Umfang, Zeitfenster, Zugang und Fotos prüfen lassen.","219","https://www.floxant.de/blog/google-unternehmensprofil-buchungslink-regensburg","de-DE:https://www.floxant.de/blog/google-unternehmensprofil-buchungslink-regensburg | x-default:https://www.floxant.de/blog/google-unternehmensprofil-buchungslink-regensburg","WARN","meta description long"
"https://www.floxant.de/blog/grosse-reinigungsauftraege-regensburg-buero-hotel-praxis","de-DE","große reinigungsaufträge in regensburg","Große Reinigungsaufträge in Regensburg: was Büro, Hotel und Praxis...","Große Reinigungsaufträge in Regensburg: was Büro, Hotel und Praxis...","69","Große Reinigungsaufträge in Regensburg: was Büro, Hotel und Praxis vorab klären sollten","Welche Angaben bei größeren B2B-Reinigungsanfragen in Regensburg helfen, damit aus Interesse ein belastbarer Auftrag wird. Regensburg-Service nach Leistung, Objektart, Fläche, Umfang, Zeitfenster, Zugang und Fotos...","216","https://www.floxant.de/blog/grosse-reinigungsauftraege-regensburg-buero-hotel-praxis","de-DE:https://www.floxant.de/blog/grosse-reinigungsauftraege-regensburg-buero-hotel-praxis | x-default:https://www.floxant.de/blog/grosse-reinigungsauftraege-regensburg-buero-hotel-praxis","WARN","meta description long"
"https://www.floxant.de/blog/lokaler-dienstleister-regensburg-vorteile","de-DE","lokaler dienstleister in regensburg","Lokaler Dienstleister in Regensburg","Lokaler Dienstleister in Regensburg | Vorteile für Umzug,...","60","Lokaler Dienstleister in Regensburg: warum Nähe bei Planung und Umsetzung zählt","Warum regionale Nähe in Regensburg bei Umzug, Reinigung und Entrümpelung oft für bessere Abstimmung, ehrlichere Vorprüfung und weniger Reibung sorgt.","149","https://www.floxant.de/blog/lokaler-dienstleister-regensburg-vorteile","de-DE:https://www.floxant.de/blog/lokaler-dienstleister-regensburg-vorteile | x-default:https://www.floxant.de/blog/lokaler-dienstleister-regensburg-vorteile","PASS",""
"https://www.floxant.de/blog/umzugsunternehmen-regensburg-auswahl","de-DE","umzugsunternehmen in regensburg auswählen","Umzugsunternehmen in Regensburg auswählen: worauf Kunden achten...","Umzugsunternehmen in Regensburg auswählen: worauf Kunden achten...","66","Umzugsunternehmen in Regensburg auswählen: worauf Kunden wirklich achten sollten","Wie Kunden in Regensburg ein Umzugsunternehmen seriös bewerten: Ansprechpartner, Vorprüfung, Preisrahmen, Zugang, Planung und regionale Erfahrung.","146","https://www.floxant.de/blog/umzugsunternehmen-regensburg-auswahl","de-DE:https://www.floxant.de/blog/umzugsunternehmen-regensburg-auswahl | x-default:https://www.floxant.de/blog/umzugsunternehmen-regensburg-auswahl","PASS",""
"https://www.floxant.de/blog/reinigungsfirma-regensburg-buero-praxis-auswahl","de-DE","reinigungsfirma in regensburg für büro und praxis auswählen","Reinigungsfirma in Regensburg für Büro und Praxis auswählen","Reinigungsfirma in Regensburg für Büro und Praxis auswählen |...","64","Reinigungsfirma in Regensburg für Büro und Praxis auswählen","Wie Unternehmen, Praxen und Verwaltungen in Regensburg eine passende Reinigungsfirma bewerten: Turnus, Ansprechpartner, Zugang, Qualitätskontrolle und B2B-Fit.","159","https://www.floxant.de/blog/reinigungsfirma-regensburg-buero-praxis-auswahl","de-DE:https://www.floxant.de/blog/reinigungsfirma-regensburg-buero-praxis-auswahl | x-default:https://www.floxant.de/blog/reinigungsfirma-regensburg-buero-praxis-auswahl","PASS",""
"https://www.floxant.de/blog/unterhaltsreinigung-regensburg-buero-praxis-hotel","de-DE","unterhaltsreinigung regensburg für büro, praxis und hotel","Unterhaltsreinigung Regensburg für Büro, Praxis und Hotel","Unterhaltsreinigung Regensburg für Büro, Praxis und Hotel | FLOXANT","67","Unterhaltsreinigung in Regensburg: worauf Büro, Praxis und Hotel achten sollten","Worauf Unternehmen bei Unterhaltsreinigung in Regensburg achten sollten: Turnus, Zugang, Qualitätskontrolle, Ansprechpartner und klare B2B-Abläufe.","147","https://www.floxant.de/blog/unterhaltsreinigung-regensburg-buero-praxis-hotel","de-DE:https://www.floxant.de/blog/unterhaltsreinigung-regensburg-buero-praxis-hotel | x-default:https://www.floxant.de/blog/unterhaltsreinigung-regensburg-buero-praxis-hotel","PASS",""
"https://www.floxant.de/blog/private-client-umzug-bayern-diskret-planen","de-DE","diskreter private","Diskreter Private-Client-Umzug in Bayern","Diskreter Private-Client-Umzug in Bayern | FLOXANT","50","Diskreter Private-Client-Umzug in Bayern: was wirklich wichtig ist","Wie Private-Client-Umzüge in Bayern ruhig, diskret und materialschonend geplant werden, für Anwesen, Residenzen und sensible Interieurs.","136","https://www.floxant.de/blog/private-client-umzug-bayern-diskret-planen","de-DE:https://www.floxant.de/blog/private-client-umzug-bayern-diskret-planen | x-default:https://www.floxant.de/blog/private-client-umzug-bayern-diskret-planen","PASS",""
"https://www.floxant.de/blog/family-office-umzug-bayern-diskret-abstimmen","de-DE","family office und private client in bayern","Family Office und Private Client in Bayern","Family Office und Private Client in Bayern | Diskrete Umzüge...","63","Family Office und Private Client in Bayern: wie diskrete Umzüge sauber abgestimmt werden","Wie Eigentümer, Assistenz und Family Office sensible Umzüge, Übergaben und Schutzbedarf in Bayern diskret und sauber koordinieren. Fotos, Termin, Umfang und Preisrahmen direkt senden und Machbarkeit prüfen lassen.","213","https://www.floxant.de/blog/family-office-umzug-bayern-diskret-abstimmen","de-DE:https://www.floxant.de/blog/family-office-umzug-bayern-diskret-abstimmen | x-default:https://www.floxant.de/blog/family-office-umzug-bayern-diskret-abstimmen","WARN","meta description long"
"https://www.floxant.de/blog/direkt-anfragen-statt-vergleichsportal-regensburg","de-DE","direkt anfragen statt vergleichsportal","Direkt anfragen statt Vergleichsportal","Direkt anfragen statt Vergleichsportal | FLOXANT Regensburg","59","Direkt anfragen statt Vergleichsportal: warum klare Buchungswege besser sind","Warum direkte Kontaktwege für Umzug, Reinigung und Entrümpelung oft schneller, ehrlicher und planbarer sind als Vergleichsportale. Regensburg-Service nach Leistung, Objektart, Fläche, Umfang, Zeitfenster, Zugang und...","218","https://www.floxant.de/blog/direkt-anfragen-statt-vergleichsportal-regensburg","de-DE:https://www.floxant.de/blog/direkt-anfragen-statt-vergleichsportal-regensburg | x-default:https://www.floxant.de/blog/direkt-anfragen-statt-vergleichsportal-regensburg","WARN","meta description long"
"https://www.floxant.de/blog/preisrahmen-vorpruefung-statt-festpreis","de-DE","preisrahmen statt festpreis","Preisrahmen statt Festpreis","Preisrahmen statt Festpreis | Warum Vorprüfung ehrlicher ist","60","Preisrahmen statt Festpreis: Warum Vorprüfung ehrlicher ist","Warum FLOXANT bei Umzug, Reinigung und Entrümpelung zuerst mit unverbindlichem Preisrahmen und sauberer Vorprüfung arbeitet. Fotos, Termin, Umfang und Preisrahmen direkt senden und Machbarkeit prüfen lassen.","207","https://www.floxant.de/blog/preisrahmen-vorpruefung-statt-festpreis","de-DE:https://www.floxant.de/blog/preisrahmen-vorpruefung-statt-festpreis | x-default:https://www.floxant.de/blog/preisrahmen-vorpruefung-statt-festpreis","WARN","meta description long"
"https://www.floxant.de/blog/budget-planung-umzug-kosten","de-DE","budgetplanung beim umzug","Budgetplanung beim Umzug","Budgetplanung beim Umzug | Preisvorstellung richtig nutzen","58","Budgetplanung beim Umzug: Preisvorstellung richtig nutzen","Wie Kunden ein Zielbudget für Umzug, Reinigung oder Entrümpelung sinnvoll angeben, ohne falsche Preisversprechen zu erzeugen. Fotos, Termin, Umfang und Preisrahmen direkt senden und Machbarkeit prüfen lassen.","208","https://www.floxant.de/blog/budget-planung-umzug-kosten","de-DE:https://www.floxant.de/blog/budget-planung-umzug-kosten | x-default:https://www.floxant.de/blog/budget-planung-umzug-kosten","WARN","meta description long"
"https://www.floxant.de/blog/signatur-services-floxant-bayern","de-DE","floxant signature services","FLOXANT Signature Services","FLOXANT Signature Services | Angebotsprüfung & besondere Situationen","68","FLOXANT Signature Services: Angebotsprüfung und besondere Situationen richtig einordnen","FLOXANT Signature Services: Angebotsprüfung, Vor-Ort-Prüfung, Objektbetreuung, Plan B, Leerstand, Übergabe und zusätzliche Hilfe ab Regensburg.","143","https://www.floxant.de/blog/signatur-services-floxant-bayern","de-DE:https://www.floxant.de/blog/signatur-services-floxant-bayern | x-default:https://www.floxant.de/blog/signatur-services-floxant-bayern","PASS",""
"https://www.floxant.de/blog/regensburg-bayern-servicegebiet-richtig-planen","de-DE","regensburg & bayern","Regensburg & Bayern","Regensburg & Bayern | Servicegebiet richtig planen","50","Regensburg und Bayern: Servicegebiet richtig planen","Warum Region, Strecke und Verfügbarkeit wichtig sind: Reinigung lokal um Regensburg, andere Services separat nach Machbarkeit. Regensburg-Service nach Leistung, Objektart, Fläche, Umfang, Zeitfenster, Zugang und Fotos...","220","https://www.floxant.de/blog/regensburg-bayern-servicegebiet-richtig-planen","de-DE:https://www.floxant.de/blog/regensburg-bayern-servicegebiet-richtig-planen | x-default:https://www.floxant.de/blog/regensburg-bayern-servicegebiet-richtig-planen","WARN","meta description long"
"https://www.floxant.de/blog/endreinigung-regensburg-checkliste","de-DE","endreinigung in regensburg","Endreinigung in Regensburg: Checkliste für Wohnung und Übergabe","Endreinigung in Regensburg: Checkliste für Wohnung und Übergabe |...","68","Endreinigung in Regensburg: die kurze Checkliste vor der Übergabe","Welche Punkte sind bei einer Endreinigung in Regensburg wirklich wichtig? Checkliste, Preisfaktoren, Ablauf und typische Fehler vor der Übergabe.","145","https://www.floxant.de/blog/endreinigung-regensburg-checkliste","de-DE:https://www.floxant.de/blog/endreinigung-regensburg-checkliste | x-default:https://www.floxant.de/blog/endreinigung-regensburg-checkliste","PASS",""
"https://www.floxant.de/blog/beiladung-bayern-wann-lohnt-es-sich","de-DE","beiladung in bayern richtig einordnen","Beiladung in Bayern richtig einordnen","Beiladung in Bayern richtig einordnen | FLOXANT","47","Beiladung in Bayern: wann sie sich wirklich lohnt","Beiladung für Bayern richtig einordnen: Vorteile, Grenzen, Preisfaktoren und wann ein eigener Umzug sinnvoller ist. Fotos, Termin, Umfang und Preisrahmen direkt senden und Machbarkeit prüfen lassen.","198","https://www.floxant.de/blog/beiladung-bayern-wann-lohnt-es-sich","de-DE:https://www.floxant.de/blog/beiladung-bayern-wann-lohnt-es-sich | x-default:https://www.floxant.de/blog/beiladung-bayern-wann-lohnt-es-sich","WARN","meta description long"
"https://www.floxant.de/blog/umzug-mit-reinigung-regensburg","de-DE","umzug mit reinigung in regensburg sinnvoll planen","Umzug mit Reinigung in Regensburg sinnvoll planen","Umzug mit Reinigung in Regensburg sinnvoll planen | FLOXANT","59","Umzug mit Reinigung in Regensburg: Wann sich der Kombiservice lohnt","Wann lohnt sich der Kombiservice aus Umzug und Reinigung? FLOXANT erklärt Ablauf, Vorteile und Preislogik für Regensburg und 50 km Umkreis.","139","https://www.floxant.de/blog/umzug-mit-reinigung-regensburg","de-DE:https://www.floxant.de/blog/umzug-mit-reinigung-regensburg | x-default:https://www.floxant.de/blog/umzug-mit-reinigung-regensburg","PASS",""
"https://www.floxant.de/blog/preisvorstellung-umzug-anfrage","de-DE","preisvorstellung bei der umzugsanfrage richtig nutzen","Preisvorstellung bei der Umzugsanfrage richtig nutzen","Preisvorstellung bei der Umzugsanfrage richtig nutzen | FLOXANT","63","Preisvorstellung bei der Umzugsanfrage: sinnvoll oder riskant?","Wie sinnvoll ist eine Preisvorstellung bei Umzug, Reinigung oder Entrümpelung? FLOXANT erklärt Nutzen, Grenzen und die richtige Formulierung.","141","https://www.floxant.de/blog/preisvorstellung-umzug-anfrage","de-DE:https://www.floxant.de/blog/preisvorstellung-umzug-anfrage | x-default:https://www.floxant.de/blog/preisvorstellung-umzug-anfrage","PASS",""
"https://www.floxant.de/blog/schluesseluebergabe-ohne-stress","de-DE","schlüsselübergabe ohne stress vorbereiten","Schlüsselübergabe ohne Stress vorbereiten","Schlüsselübergabe ohne Stress vorbereiten | FLOXANT","51","Schlüsselübergabe ohne Stress: so bleibt der Ablauf sauber","Wie gelingt eine saubere Schlüsselübergabe nach Umzug oder Reinigung? FLOXANT zeigt die wichtigsten Schritte für einen ruhigen Ablauf. Fotos, Termin, Umfang und Preisrahmen direkt senden und Machbarkeit prüfen lassen.","217","https://www.floxant.de/blog/schluesseluebergabe-ohne-stress","de-DE:https://www.floxant.de/blog/schluesseluebergabe-ohne-stress | x-default:https://www.floxant.de/blog/schluesseluebergabe-ohne-stress","WARN","meta description long"
"https://www.floxant.de/blog/einlagerung-beim-umzug-wann-sinnvoll","de-DE","einlagerung beim umzug richtig einordnen","Einlagerung beim Umzug richtig einordnen","Einlagerung beim Umzug richtig einordnen | FLOXANT","50","Einlagerung beim Umzug: wann sie sinnvoll ist und wann nicht","Wann ist Einlagerung beim Umzug sinnvoll? FLOXANT erklärt typische Fälle, Preisfaktoren und warum sie oft mehr Ruhe in den Ablauf bringt.","137","https://www.floxant.de/blog/einlagerung-beim-umzug-wann-sinnvoll","de-DE:https://www.floxant.de/blog/einlagerung-beim-umzug-wann-sinnvoll | x-default:https://www.floxant.de/blog/einlagerung-beim-umzug-wann-sinnvoll","PASS",""
"https://www.floxant.de/blog/express-umzug-regensburg","de-DE","express","Express-Umzug in Regensburg realistisch vorbereiten","Express-Umzug in Regensburg realistisch vorbereiten | FLOXANT","61","Express-Umzug in Regensburg: was kurzfristig wirklich machbar ist","Was ist bei einem Express-Umzug in Regensburg wirklich machbar? FLOXANT erklärt, welche Angaben für eine schnelle und saubere Vorprüfung nötig sind.","148","https://www.floxant.de/blog/express-umzug-regensburg","de-DE:https://www.floxant.de/blog/express-umzug-regensburg | x-default:https://www.floxant.de/blog/express-umzug-regensburg","PASS",""
"https://www.floxant.de/blog/google-maps-buchungslink-regensburg","de-DE","google maps buchungslink in regensburg","Google Maps Buchungslink in Regensburg: worauf es ankommt","Google Maps Buchungslink in Regensburg: worauf es ankommt | FLOXANT","67","Google Maps Buchungslink in Regensburg: worauf es für klare Anfragen ankommt","Wie ein klarer Buchungslink für Google Maps, direkte Empfehlungen und lokale Suchanfragen mehr Vertrauen und bessere Anfragen erzeugt. Regensburg-Service nach Leistung, Objektart, Fläche, Umfang, Zeitfenster, Zugang...","218","https://www.floxant.de/blog/google-maps-buchungslink-regensburg","de-DE:https://www.floxant.de/blog/google-maps-buchungslink-regensburg | x-default:https://www.floxant.de/blog/google-maps-buchungslink-regensburg","WARN","meta description long"
"https://www.floxant.de/blog/gewerbereinigung-regensburg-objekte-b2b","de-DE","gewerbereinigung in regensburg für große objekte richtig anfragen...","Gewerbereinigung in Regensburg für große Objekte richtig anfragen...","Gewerbereinigung in Regensburg für große Objekte richtig anfragen...","68","Gewerbereinigung in Regensburg für große Objekte richtig anfragen","Wie Büro, Praxis, Hotel, Kanzlei, Hausverwaltung und größere Objekte in Regensburg eine B2B-Reinigung sauber und wirtschaftlich anfragen.","137","https://www.floxant.de/blog/gewerbereinigung-regensburg-objekte-b2b","de-DE:https://www.floxant.de/blog/gewerbereinigung-regensburg-objekte-b2b | x-default:https://www.floxant.de/blog/gewerbereinigung-regensburg-objekte-b2b","PASS",""
"https://www.floxant.de/blog/hausverwaltung-treppenhausreinigung-regensburg","de-DE","treppenhausreinigung regensburg für hausverwaltungen","Treppenhausreinigung Regensburg für Hausverwaltungen","Treppenhausreinigung Regensburg für Hausverwaltungen | FLOXANT","62","Treppenhausreinigung in Regensburg: worauf Hausverwaltungen wirklich achten","Was Hausverwaltungen in Regensburg bei Treppenhausreinigung, Turnus, Zugang und Ansprechpartnern vor der Anfrage sauber klären sollten.","135","https://www.floxant.de/blog/hausverwaltung-treppenhausreinigung-regensburg","de-DE:https://www.floxant.de/blog/hausverwaltung-treppenhausreinigung-regensburg | x-default:https://www.floxant.de/blog/hausverwaltung-treppenhausreinigung-regensburg","PASS",""
"https://www.floxant.de/blog/bueroreinigung-regensburg-angebot-einholen","de-DE","büroreinigung in regensburg anfragen","Büroreinigung in Regensburg anfragen: welche Angaben vor dem...","Büroreinigung in Regensburg anfragen: welche Angaben vor dem...","63","Büroreinigung in Regensburg anfragen: welche Angaben vor dem Angebot zählen","Welche Angaben zu Fläche, Turnus, Zugang und Randzeiten aus einer Anfrage zur Büroreinigung schneller ein belastbares Angebot machen. Fläche, Frequenz, Zeitfenster und Fotos für kleine Unternehmen direkt senden.","211","https://www.floxant.de/blog/bueroreinigung-regensburg-angebot-einholen","de-DE:https://www.floxant.de/blog/bueroreinigung-regensburg-angebot-einholen | x-default:https://www.floxant.de/blog/bueroreinigung-regensburg-angebot-einholen","WARN","meta description long"
"https://www.floxant.de/blog/bueroumzug-bayern-ohne-betriebsstillstand","de-DE","büroumzug in bayern ohne chaos","Büroumzug in Bayern ohne Chaos","Büroumzug in Bayern ohne Chaos | FLOXANT","40","Büroumzug in Bayern ohne Chaos: so bleibt der Betrieb besser handlungsfähig","Wie Unternehmen in Bayern Arbeitsplätze, IT, Zugang und Zeitfenster so planen, dass ein Büroumzug den Betrieb nicht unnötig ausbremst. Fotos, Termin, Umfang und Preisrahmen direkt senden und Machbarkeit prüfen lassen.","217","https://www.floxant.de/blog/bueroumzug-bayern-ohne-betriebsstillstand","de-DE:https://www.floxant.de/blog/bueroumzug-bayern-ohne-betriebsstillstand | x-default:https://www.floxant.de/blog/bueroumzug-bayern-ohne-betriebsstillstand","WARN","meta description long"
"https://www.floxant.de/blog/floxant-services-nach-situation-finden","de-DE","floxant services nach situation finden","FLOXANT Services nach Situation finden","FLOXANT Services nach Situation finden | Umzug, Reinigung,...","61","FLOXANT Services nach Situation finden: welcher Startpunkt passt wirklich?","Kundennaher Überblick über FLOXANT Leistungen: Regensburg für Umzug, Reinigung, Entrümpelung und Objektfälle sowie Düsseldorf für Reinigung und Angebotsprüfung.","160","https://www.floxant.de/blog/floxant-services-nach-situation-finden","de-DE:https://www.floxant.de/blog/floxant-services-nach-situation-finden | x-default:https://www.floxant.de/blog/floxant-services-nach-situation-finden","PASS",""
"https://www.floxant.de/blog/signature-services-extra-spezialfaelle-floxant","de-DE","floxant signature services","FLOXANT Signature Services","FLOXANT Signature Services | Extra- und Spezialservices","55","FLOXANT Signature Services: Extra-Hilfe für Spezialfälle statt Standardauftrag","Wann FLOXANT Signature Services wie Private Client, Villenservice, Plan B, Objektvertretung, Vor-Ort-Prüfung, Mieterwechsel oder Übergabeakte sinnvoll sind.","156","https://www.floxant.de/blog/signature-services-extra-spezialfaelle-floxant","de-DE:https://www.floxant.de/blog/signature-services-extra-spezialfaelle-floxant | x-default:https://www.floxant.de/blog/signature-services-extra-spezialfaelle-floxant","PASS",""
"https://www.floxant.de/blog/regensburg-reinigung-services-gewerbe-praxis-hausverwaltung","de-DE","reinigung regensburg services","Reinigung Regensburg Services","Reinigung Regensburg Services | Büro, Praxis, Hotel, Hausverwaltung","67","Reinigung Regensburg: welcher FLOXANT Service zu Büro, Praxis, Hotel und Hausverwaltung passt","Kundennaher Überblick für Regensburg: Gewerbereinigung, Büroreinigung, Praxisreinigung, Hotelreinigung, Treppenhaus, Hausverwaltung, Grundreinigung und Angebotsprüfung.","168","https://www.floxant.de/blog/regensburg-reinigung-services-gewerbe-praxis-hausverwaltung","de-DE:https://www.floxant.de/blog/regensburg-reinigung-services-gewerbe-praxis-hausverwaltung | x-default:https://www.floxant.de/blog/regensburg-reinigung-services-gewerbe-praxis-hausverwaltung","PASS",""
"https://www.floxant.de/blog/regensburg-services-umzug-reinigung-entruempelung-uebergabe","de-DE","floxant regensburg regensburg","FLOXANT Regensburg Regensburg","FLOXANT Regensburg Regensburg | Umzug, Reinigung, Entrümpelung","62","Regensburg und Regensburg: FLOXANT für Umzug, Reinigung, Entrümpelung und Übergabe richtig einordnen","Welche FLOXANT Services in Regensburg und Regensburg passen: Umzug, Reinigung, Entrümpelung, Wohnungsauflösung, Büroumzug, Klaviertransport, Übergabe und Angebot prüfen.","169","https://www.floxant.de/blog/regensburg-services-umzug-reinigung-entruempelung-uebergabe","de-DE:https://www.floxant.de/blog/regensburg-services-umzug-reinigung-entruempelung-uebergabe | x-default:https://www.floxant.de/blog/regensburg-services-umzug-reinigung-entruempelung-uebergabe","PASS",""
"https://www.floxant.de/blog/objektservice-hausverwaltung-mieterwechsel-leerstand-floxant","de-DE","floxant objektservice","FLOXANT Objektservice","FLOXANT Objektservice | Hausverwaltung, Mieterwechsel, Leerstand","64","Objektservice mit FLOXANT: Hausverwaltung, Mieterwechsel, Leerstand und Vor-Ort-Prüfung","Wann FLOXANT bei Objektservice, Hausverwaltung, Mieterwechsel, Leerstandsmanagement, Vor-Ort-Prüfung, Schlüssel und Fotodokumentation praktisch helfen kann.","156","https://www.floxant.de/blog/objektservice-hausverwaltung-mieterwechsel-leerstand-floxant","de-DE:https://www.floxant.de/blog/objektservice-hausverwaltung-mieterwechsel-leerstand-floxant | x-default:https://www.floxant.de/blog/objektservice-hausverwaltung-mieterwechsel-leerstand-floxant","PASS",""
"https://www.floxant.de/blog/welcher-floxant-service-passt","de-DE","welcher floxant service passt?","Welcher FLOXANT Service passt?","Welcher FLOXANT Service passt? | Umzug, Reinigung, Entrümpelung","63","Welcher FLOXANT Service passt zu meinem Problem?","Ein klarer Überblick für Kunden, die Umzug, Reinigung, Entrümpelung, Übergabe, Angebot prüfen oder Express-Hilfe suchen und schnell den passenden FLOXANT Startpunkt finden möchten.","180","https://www.floxant.de/blog/welcher-floxant-service-passt","de-DE:https://www.floxant.de/blog/welcher-floxant-service-passt | x-default:https://www.floxant.de/blog/welcher-floxant-service-passt","PASS",""
"https://www.floxant.de/blog/umzug-reinigung-entruempelung-wer-hilft-regensburg","de-DE","umzug, reinigung, entrümpelung regensburg & regensburg","Umzug, Reinigung, Entrümpelung Regensburg & Regensburg","Umzug, Reinigung, Entrümpelung Regensburg & Regensburg | FLOXANT","64","Wer hilft bei Umzug, Reinigung und Entrümpelung in Regensburg und Regensburg?","Warum FLOXANT für Kunden in Regensburg und Regensburg passt, wenn Umzug, Reinigung, Entrümpelung, Übergabe oder Preisrahmen zusammen gedacht werden müssen.","155","https://www.floxant.de/blog/umzug-reinigung-entruempelung-wer-hilft-regensburg","de-DE:https://www.floxant.de/blog/umzug-reinigung-entruempelung-wer-hilft-regensburg | x-default:https://www.floxant.de/blog/umzug-reinigung-entruempelung-wer-hilft-regensburg","PASS",""
"https://www.floxant.de/blog/regensburg-reinigung-floxant-klare-trennung","de-DE","reinigung regensburg klar getrennt","Reinigung Regensburg klar getrennt","Reinigung Regensburg klar getrennt | FLOXANT","44","Reinigung Regensburg: Warum FLOXANT hier bewusst getrennt arbeitet","FLOXANT erklärt die Regensburg-Logik: eigene Wege für Umzug, Reinigung, Entrümpelung, Haushaltsauflösung, Gewerbe und Entsorgung ohne Vermischung mit Regensburg.","161","https://www.floxant.de/blog/regensburg-reinigung-floxant-klare-trennung","de-DE:https://www.floxant.de/blog/regensburg-reinigung-floxant-klare-trennung | x-default:https://www.floxant.de/blog/regensburg-reinigung-floxant-klare-trennung","PASS",""
"https://www.floxant.de/blog/angebot-pruefen-lassen-wann-floxant-sinnvoll-ist","de-DE","angebot prüfen lassen","Angebot prüfen lassen","Angebot prüfen lassen | FLOXANT Angebotsprüfung","47","Angebot prüfen lassen: Wann FLOXANT als zweite Einschätzung sinnvoll ist","Wann Kunden ein fremdes Angebot für Umzug, Reinigung, Entrümpelung oder Entsorgung von FLOXANT prüfen lassen sollten und welche Punkte wirklich zählen.","151","https://www.floxant.de/blog/angebot-pruefen-lassen-wann-floxant-sinnvoll-ist","de-DE:https://www.floxant.de/blog/angebot-pruefen-lassen-wann-floxant-sinnvoll-ist | x-default:https://www.floxant.de/blog/angebot-pruefen-lassen-wann-floxant-sinnvoll-ist","PASS",""
"https://www.floxant.de/blog/nicht-vor-ort-schluessel-fotos-uebergabe-floxant","de-DE","nicht vor ort service","Nicht vor Ort Service","Nicht vor Ort Service | Schlüssel, Fotos, Reinigung, Übergabe |...","66","Nicht vor Ort: Wenn Schlüssel, Fotos, Reinigung oder Übergabe trotzdem geklärt werden müssen","Kundennaher Ratgeber für Fälle, in denen Kunden nicht selbst vor Ort sein können: Schlüsselweg, Fotos, Reinigung, Restmengen, Übergabe und Rückmeldung sauber vorbereiten.","170","https://www.floxant.de/blog/nicht-vor-ort-schluessel-fotos-uebergabe-floxant","de-DE:https://www.floxant.de/blog/nicht-vor-ort-schluessel-fotos-uebergabe-floxant | x-default:https://www.floxant.de/blog/nicht-vor-ort-schluessel-fotos-uebergabe-floxant","PASS",""
"https://www.floxant.de/blog/entruempelung-endreinigung-uebergabe-regensburg-kombinieren","de-DE","entrümpelung und endreinigung regensburg kombinieren","Entrümpelung und Endreinigung Regensburg kombinieren","Entrümpelung und Endreinigung Regensburg kombinieren | FLOXANT","62","Entrümpelung, Endreinigung und Übergabe in Regensburg kombinieren","Wann es sinnvoll ist, Entrümpelung, Endreinigung, Restmengen, Fotos und Wohnungsübergabe in Regensburg gemeinsam zu planen. Regensburg-Service nach Leistung, Objektart, Fläche, Umfang, Zeitfenster, Zugang und Fotos...","217","https://www.floxant.de/blog/entruempelung-endreinigung-uebergabe-regensburg-kombinieren","de-DE:https://www.floxant.de/blog/entruempelung-endreinigung-uebergabe-regensburg-kombinieren | x-default:https://www.floxant.de/blog/entruempelung-endreinigung-uebergabe-regensburg-kombinieren","WARN","meta description long"
"https://www.floxant.de/blog/regensburg-buero-praxis-hausverwaltung-reinigung-anfrage","de-DE","regensburg büroreinigung, praxisreinigung, hausverwaltung","Regensburg Büroreinigung, Praxisreinigung, Hausverwaltung","Regensburg Büroreinigung, Praxisreinigung, Hausverwaltung | FLOXANT","67","Reinigung Regensburg für Büro, Praxis und Hausverwaltung richtig anfragen","So fragen Unternehmen, Praxen, Kanzleien und Hausverwaltungen in Reinigung Regensburg sauber an: Fläche, Turnus, Zugang, Fotos, Zeitfenster und Angebot.","152","https://www.floxant.de/blog/regensburg-buero-praxis-hausverwaltung-reinigung-anfrage","de-DE:https://www.floxant.de/blog/regensburg-buero-praxis-hausverwaltung-reinigung-anfrage | x-default:https://www.floxant.de/blog/regensburg-buero-praxis-hausverwaltung-reinigung-anfrage","PASS",""
"https://www.floxant.de/blog/hausverwaltung-weg-mieterwechsel-objektbetreuung-floxant","de-DE","hausverwaltung, weg, mieterwechsel und objektbetreuung","Hausverwaltung, WEG, Mieterwechsel und Objektbetreuung","Hausverwaltung, WEG, Mieterwechsel und Objektbetreuung | FLOXANT","64","Hausverwaltung, WEG und Mieterwechsel: Wenn ein Objekt vor Ort jemanden braucht","Wie FLOXANT Hausverwaltungen, Eigentümer und Vermieter bei Reinigung, Mieterwechsel, Leerstand, Fotos, Schlüssel und Objektaufgaben unterstützen kann.","150","https://www.floxant.de/blog/hausverwaltung-weg-mieterwechsel-objektbetreuung-floxant","de-DE:https://www.floxant.de/blog/hausverwaltung-weg-mieterwechsel-objektbetreuung-floxant | x-default:https://www.floxant.de/blog/hausverwaltung-weg-mieterwechsel-objektbetreuung-floxant","PASS",""
"https://www.floxant.de/blog/angebot-anderer-firma-pruefen-regensburg","de-DE","angebot anderer firma prüfen lassen","Angebot anderer Firma prüfen lassen","Angebot anderer Firma prüfen lassen | FLOXANT Regensburg","56","Angebot einer anderen Firma prüfen lassen: was FLOXANT praktisch klärt","Vor Zusage Preis, Umfang, Termin, Fotos und offene Punkte prüfen lassen: FLOXANT klärt Angebote für Umzug, Reinigung, Entrümpelung und Entsorgung in Regensburg, Umgebung und Regensburg.","185","https://www.floxant.de/blog/angebot-anderer-firma-pruefen-regensburg","de-DE:https://www.floxant.de/blog/angebot-anderer-firma-pruefen-regensburg | x-default:https://www.floxant.de/blog/angebot-anderer-firma-pruefen-regensburg","WARN","meta description long"
"https://www.floxant.de/blog/umzugsangebot-pruefen-regensburg-bayern","de-DE","umzugsangebot prüfen regensburg & bayern","Umzugsangebot prüfen Regensburg & Bayern","Umzugsangebot prüfen Regensburg & Bayern | FLOXANT","50","Umzugsangebot prüfen lassen: Preis, Etage, Volumen und Strecke richtig einordnen","Umzugsangebot prüfen lassen: FLOXANT klärt Preis, Volumen, Etage, Laufweg, Strecke, Rückfahrt, Reinigung und Übergabe für Regensburg, Umgebung und Regensburg.","158","https://www.floxant.de/blog/umzugsangebot-pruefen-regensburg-bayern","de-DE:https://www.floxant.de/blog/umzugsangebot-pruefen-regensburg-bayern | x-default:https://www.floxant.de/blog/umzugsangebot-pruefen-regensburg-bayern","PASS",""
"https://www.floxant.de/blog/reinigungsangebot-pruefen-regensburg","de-DE","reinigungsangebot prüfen","Reinigungsangebot prüfen","Reinigungsangebot prüfen | Regensburg & Regensburg | FLOXANT","60","Reinigungsangebot prüfen lassen: Fläche, Zustand, Termin und Übergabe klären","Reinigungsangebot prüfen lassen: FLOXANT klärt Fläche, Zustand, Fotos, Termin, Übergabeziel und Preisrahmen in Regensburg, Regensburg und Regensburg.","149","https://www.floxant.de/blog/reinigungsangebot-pruefen-regensburg","de-DE:https://www.floxant.de/blog/reinigungsangebot-pruefen-regensburg | x-default:https://www.floxant.de/blog/reinigungsangebot-pruefen-regensburg","PASS",""
"https://www.floxant.de/blog/grundreinigung-regensburg-angebot-kosten-pruefen","de-DE","grundreinigung regensburg angebot prüfen","Grundreinigung Regensburg Angebot prüfen","Grundreinigung Regensburg Angebot prüfen | FLOXANT","50","Grundreinigung in Regensburg: Angebot, Kosten und Aufwand richtig prüfen","Grundreinigung in Regensburg richtig anfragen: FLOXANT hilft, Angebot, Kosten, Fläche, Zustand, Fotos, Termin und Reinigungsumfang praktisch einzuordnen.","153","https://www.floxant.de/blog/grundreinigung-regensburg-angebot-kosten-pruefen","de-DE:https://www.floxant.de/blog/grundreinigung-regensburg-angebot-kosten-pruefen | x-default:https://www.floxant.de/blog/grundreinigung-regensburg-angebot-kosten-pruefen","PASS",""
"https://www.floxant.de/blog/buero-praxisreinigung-regensburg-angebot","de-DE","büro","Büro- und Praxisreinigung Regensburg Angebot","Büro- und Praxisreinigung Regensburg Angebot | FLOXANT","54","Büro- und Praxisreinigung in Regensburg: welches Angebot wirklich passt","Büroreinigung, Büro putzen und Praxisreinigung in Regensburg oder Regensburg: FLOXANT hilft, Angebot, Turnus, Fläche, Zugang und Leistungsumfang richtig einzuordnen.","165","https://www.floxant.de/blog/buero-praxisreinigung-regensburg-angebot","de-DE:https://www.floxant.de/blog/buero-praxisreinigung-regensburg-angebot | x-default:https://www.floxant.de/blog/buero-praxisreinigung-regensburg-angebot","PASS",""
"https://www.floxant.de/blog/treppenhausreinigung-regensburg-hausverwaltung-angebot","de-DE","treppenhausreinigung regensburg angebot prüfen","Treppenhausreinigung Regensburg Angebot prüfen","Treppenhausreinigung Regensburg Angebot prüfen | FLOXANT","56","Treppenhausreinigung in Regensburg: Angebot für Hausverwaltung und WEG prüfen","Treppenhausreinigung in Regensburg für Hausverwaltung und WEG: FLOXANT prüft Angebot, Turnus, Etagen, Eingänge, Kellerflur, Müllbereich, Fotos und Zugang.","154","https://www.floxant.de/blog/treppenhausreinigung-regensburg-hausverwaltung-angebot","de-DE:https://www.floxant.de/blog/treppenhausreinigung-regensburg-hausverwaltung-angebot | x-default:https://www.floxant.de/blog/treppenhausreinigung-regensburg-hausverwaltung-angebot","PASS",""
"https://www.floxant.de/blog/entsorgungsangebot-pruefen-regensburg-regensburg","de-DE","entsorgungsangebot prüfen","Entsorgungsangebot prüfen","Entsorgungsangebot prüfen | FLOXANT Regensburg & Regensburg","59","Entsorgungsangebot prüfen lassen: Menge, Material, Zugang und Reinigung danach","Entsorgungsangebot prüfen lassen: FLOXANT klärt Menge, Material, Zugang, Fotos, Termin, Keller, Garage und Reinigung danach in Regensburg, Regensburg und Regensburg.","165","https://www.floxant.de/blog/entsorgungsangebot-pruefen-regensburg-regensburg","de-DE:https://www.floxant.de/blog/entsorgungsangebot-pruefen-regensburg-regensburg | x-default:https://www.floxant.de/blog/entsorgungsangebot-pruefen-regensburg-regensburg","PASS",""
"https://www.floxant.de/blog/pauschalpreis-oder-aufwand-angebot-pruefen","de-DE","pauschalpreis oder aufwand angebot prüfen","Pauschalpreis oder Aufwand Angebot prüfen","Pauschalpreis oder Aufwand Angebot prüfen | FLOXANT","51","Pauschalpreis oder Aufwand: Wie man Angebote fair prüft","Pauschalpreis oder Aufwand? FLOXANT erklärt, wann Angebote belastbar sind und welche Angaben bei Reinigung, Umzug, Entsorgung und Sonderfaellen fehlen können.","158","https://www.floxant.de/blog/pauschalpreis-oder-aufwand-angebot-pruefen","de-DE:https://www.floxant.de/blog/pauschalpreis-oder-aufwand-angebot-pruefen | x-default:https://www.floxant.de/blog/pauschalpreis-oder-aufwand-angebot-pruefen","PASS",""
"https://www.floxant.de/blog/angebot-ohne-besichtigung-riskant","de-DE","angebot ohne besichtigung riskant?","Angebot ohne Besichtigung riskant?","Angebot ohne Besichtigung riskant? | FLOXANT","44","Angebot ohne Besichtigung: Wann Fotos reichen und wann es riskant wird","Angebot ohne Besichtigung: Wann Fotos, Video und klare Angaben reichen und welche Warnzeichen bei Reinigung, Umzug, Entsorgung oder PV-Reinigung wichtig sind.","158","https://www.floxant.de/blog/angebot-ohne-besichtigung-riskant","de-DE:https://www.floxant.de/blog/angebot-ohne-besichtigung-riskant | x-default:https://www.floxant.de/blog/angebot-ohne-besichtigung-riskant","PASS",""
"https://www.floxant.de/blog/anbieter-hat-abgesagt-was-tun","de-DE","anbieter abgesagt was tun?","Anbieter abgesagt was tun?","Anbieter abgesagt was tun? | FLOXANT Plan B","43","Anbieter hat abgesagt: Was tun, wenn Termin oder Übergabe trotzdem naeher rücken?","Anbieter hat abgesagt: FLOXANT zeigt, welche Angaben jetzt wichtig sind und wie ein Plan B für Reinigung, Umzug, Entrümpelung oder Übergabe vorbereitet wird.","157","https://www.floxant.de/blog/anbieter-hat-abgesagt-was-tun","de-DE:https://www.floxant.de/blog/anbieter-hat-abgesagt-was-tun | x-default:https://www.floxant.de/blog/anbieter-hat-abgesagt-was-tun","PASS",""
"https://www.floxant.de/blog/entruempelungsangebot-pruefen-serioes","de-DE","entrümpelungsangebot prüfen","Entrümpelungsangebot prüfen","Entrümpelungsangebot prüfen | FLOXANT","37","Entrümpelungsangebot prüfen: Menge, Material und Zugang serioes einschätzen","Entrümpelungsangebot prüfen: Welche Angaben zu Menge, Material, Etage, Keller, Garage, Fotos, Entsorgung und Reinigung vor einer Zusage wichtig sind.","149","https://www.floxant.de/blog/entruempelungsangebot-pruefen-serioes","de-DE:https://www.floxant.de/blog/entruempelungsangebot-pruefen-serioes | x-default:https://www.floxant.de/blog/entruempelungsangebot-pruefen-serioes","PASS",""
"https://www.floxant.de/blog/reinigungsangebot-regensburg-pruefen","de-DE","reinigungsangebot regensburg prüfen","Reinigungsangebot Regensburg prüfen","Reinigungsangebot Regensburg prüfen | FLOXANT","45","Reinigungsangebot in Regensburg prüfen: Stadtteil, Objekt und Fotos richtig nutzen","Reinigungsangebot in Regensburg prüfen: Welche Angaben zu Stadtteil, Objektart, Fläche, Zustand, Termin, Fotos und Übergabe vor einer Zusage helfen.","148","https://www.floxant.de/blog/reinigungsangebot-regensburg-pruefen","de-DE:https://www.floxant.de/blog/reinigungsangebot-regensburg-pruefen | x-default:https://www.floxant.de/blog/reinigungsangebot-regensburg-pruefen","PASS",""
"https://www.floxant.de/blog/angebot-wirkt-zu-teuer-welche-fragen-stellen","de-DE","angebot wirkt zu teuer? fragen vor der zusage","Angebot wirkt zu teuer? Fragen vor der Zusage","Angebot wirkt zu teuer? Fragen vor der Zusage | FLOXANT","55","Angebot wirkt zu teuer: welche Fragen Kunden vor der Zusage stellen sollten","Wenn ein Angebot zu teuer wirkt: welche Fragen zu Umfang, Fotos, Termin, Zugang und Zusatzkosten helfen, bevor Sie zusagen oder FLOXANT um eine zweite Einschätzung bitten.","171","https://www.floxant.de/blog/angebot-wirkt-zu-teuer-welche-fragen-stellen","de-DE:https://www.floxant.de/blog/angebot-wirkt-zu-teuer-welche-fragen-stellen | x-default:https://www.floxant.de/blog/angebot-wirkt-zu-teuer-welche-fragen-stellen","PASS",""
"https://www.floxant.de/blog/praxisreinigung-regensburg-angebot-pruefen","de-DE","praxisreinigung regensburg angebot prüfen","Praxisreinigung Regensburg Angebot prüfen","Praxisreinigung Regensburg Angebot prüfen | FLOXANT","51","Praxisreinigung Regensburg: was Praxen vor der Anfrage klären sollten","Praxisreinigung in Regensburg vorbereiten: Räume, Turnus, Zeitfenster, Zugang, Fotos und Angebotsumfang ohne Hygiene- oder Preisgarantien sauber klären.","152","https://www.floxant.de/blog/praxisreinigung-regensburg-angebot-pruefen","de-DE:https://www.floxant.de/blog/praxisreinigung-regensburg-angebot-pruefen | x-default:https://www.floxant.de/blog/praxisreinigung-regensburg-angebot-pruefen","PASS",""
"https://www.floxant.de/blog/fensterreinigung-regensburg-angebot-aufwand","de-DE","fensterreinigung regensburg angebot & aufwand","Fensterreinigung Regensburg Angebot & Aufwand","Fensterreinigung Regensburg Angebot & Aufwand | FLOXANT","55","Fensterreinigung Regensburg: was Aufwand und Termin beeinflusst","Fensterreinigung und Glasreinigung in Regensburg richtig anfragen: Glasfläche, Etage, Rahmen, Zugang, Verschmutzung, Termin und Angebot prüfen.","143","https://www.floxant.de/blog/fensterreinigung-regensburg-angebot-aufwand","de-DE:https://www.floxant.de/blog/fensterreinigung-regensburg-angebot-aufwand | x-default:https://www.floxant.de/blog/fensterreinigung-regensburg-angebot-aufwand","PASS",""
"https://www.floxant.de/blog/klaviertransport-regensburg-vor-anfrage","de-DE","klaviertransport regensburg vorbereiten","Klaviertransport Regensburg vorbereiten","Klaviertransport Regensburg vorbereiten | FLOXANT","49","Klaviertransport Regensburg: was vor der Anfrage wichtig ist","Klaviertransport in Regensburg vorbereiten: Instrument, Etagen, Treppenhaus, Aufzug, Laufweg, Fotos, Strecke und Termin richtig beschreiben.","140","https://www.floxant.de/blog/klaviertransport-regensburg-vor-anfrage","de-DE:https://www.floxant.de/blog/klaviertransport-regensburg-vor-anfrage | x-default:https://www.floxant.de/blog/klaviertransport-regensburg-vor-anfrage","PASS",""
"https://www.floxant.de/blog/seniorenumzug-regensburg-angehoerige-vorbereiten","de-DE","seniorenumzug regensburg vorbereiten","Seniorenumzug Regensburg vorbereiten","Seniorenumzug Regensburg vorbereiten | FLOXANT","46","Seniorenumzug Regensburg: wie Angehoerige den Umzug im Alter vorbereiten","Seniorenumzug in Regensburg vorbereiten: Angehoerige, Freigaben, Packhilfe, Möbel, Reinigung, Übergabe, Fotos und ruhiger Ablauf. Regensburg-Service nach Leistung, Objektart, Fläche, Umfang, Zeitfenster, Zugang und...","217","https://www.floxant.de/blog/seniorenumzug-regensburg-angehoerige-vorbereiten","de-DE:https://www.floxant.de/blog/seniorenumzug-regensburg-angehoerige-vorbereiten | x-default:https://www.floxant.de/blog/seniorenumzug-regensburg-angehoerige-vorbereiten","WARN","meta description long"
"https://www.floxant.de/blog/saubere-fotos-vor-wohnungsuebergabe","de-DE","saubere fotos vor der wohnungsuebergabe","Saubere Fotos vor der Wohnungsuebergabe","Saubere Fotos vor der Wohnungsuebergabe | FLOXANT","49","Warum saubere Fotos vor der Wohnungsuebergabe Streit sparen können","Welche Fotos bei Reinigung und Wohnungsuebergabe in Regensburg wirklich helfen und warum Dokumentation Diskussionen ruhiger macht. Fotos, Termin, Umfang und Preisrahmen direkt senden und Machbarkeit prüfen lassen.","213","https://www.floxant.de/blog/saubere-fotos-vor-wohnungsuebergabe","de-DE:https://www.floxant.de/blog/saubere-fotos-vor-wohnungsuebergabe | x-default:https://www.floxant.de/blog/saubere-fotos-vor-wohnungsuebergabe","WARN","meta description long"
"https://www.floxant.de/blog/reinigungsergebnis-dokumentieren-regensburg","de-DE","reinigungsergebnis dokumentieren","Reinigungsergebnis dokumentieren","Reinigungsergebnis dokumentieren | FLOXANT Regensburg","53","Reinigungsergebnis dokumentieren: welche Bilder wirklich helfen","Ein praktischer Leitfaden für Regensburg: Welche Fotos nach Reinigung, Auszug oder Objektservice aussagekraeftig sind. Regensburg-Service nach Leistung, Objektart, Fläche, Umfang, Zeitfenster, Zugang und Fotos prüfen...","219","https://www.floxant.de/blog/reinigungsergebnis-dokumentieren-regensburg","de-DE:https://www.floxant.de/blog/reinigungsergebnis-dokumentieren-regensburg | x-default:https://www.floxant.de/blog/reinigungsergebnis-dokumentieren-regensburg","WARN","meta description long"
"https://www.floxant.de/blog/sichtbare-sauberkeit-vermietertermin","de-DE","sichtbare sauberkeit vor vermietertermin","Sichtbare Sauberkeit vor Vermietertermin","Sichtbare Sauberkeit vor Vermietertermin | FLOXANT","50","Sichtbare Sauberkeit: worauf Vermieter zuerst schauen","Welche Bereiche bei Wohnungsuebergabe, Endreinigung und Vermietertermin in Regensburg zuerst auffallen. Fotos, Termin, Umfang und Preisrahmen direkt senden und Machbarkeit prüfen lassen.","186","https://www.floxant.de/blog/sichtbare-sauberkeit-vermietertermin","de-DE:https://www.floxant.de/blog/sichtbare-sauberkeit-vermietertermin | x-default:https://www.floxant.de/blog/sichtbare-sauberkeit-vermietertermin","WARN","meta description long"
"https://www.floxant.de/blog/haeufige-gruende-fuer-kautionsabzuege","de-DE","gruende für kautionsabzuege vermeiden","Gruende für Kautionsabzuege vermeiden","Gruende für Kautionsabzuege vermeiden | FLOXANT","47","Die haeufigsten Gruende für Kautionsabzuege bei der Wohnungsuebergabe","Welche vermeidbaren Punkte bei Übergabe und Reinigung oft zu Diskussionen führen und wie Mieter in Regensburg besser vorbereiten. Fotos, Termin, Umfang und Preisrahmen direkt senden und Machbarkeit prüfen lassen.","212","https://www.floxant.de/blog/haeufige-gruende-fuer-kautionsabzuege","de-DE:https://www.floxant.de/blog/haeufige-gruende-fuer-kautionsabzuege | x-default:https://www.floxant.de/blog/haeufige-gruende-fuer-kautionsabzuege","WARN","meta description long"
"https://www.floxant.de/blog/wohnungsuebergabe-ohne-streit","de-DE","wohnungsuebergabe ohne streit","Wohnungsuebergabe ohne Streit","Wohnungsuebergabe ohne Streit | FLOXANT Regensburg","50","Wohnungsuebergabe ohne Streit: was vorher wirklich helfen kann","Wie Reinigung, Restpunkte, Fotos und klare Reihenfolge vor der Wohnungsuebergabe Konflikte reduzieren können. Fotos, Termin, Umfang und Preisrahmen direkt senden und Machbarkeit prüfen lassen.","192","https://www.floxant.de/blog/wohnungsuebergabe-ohne-streit","de-DE:https://www.floxant.de/blog/wohnungsuebergabe-ohne-streit | x-default:https://www.floxant.de/blog/wohnungsuebergabe-ohne-streit","WARN","meta description long"
"https://www.floxant.de/blog/auszug-checkliste-regensburg","de-DE","auszug checkliste regensburg","Auszug Checkliste Regensburg","Auszug Checkliste Regensburg | FLOXANT","38","Checkliste für den Auszug in Regensburg: Reinigung, Schlüssel, Restpunkte","Eine klare Auszugscheckliste für Regensburg: Was vor Endreinigung, Wohnungsuebergabe und Schlüsselabgabe wichtig ist. Regensburg-Service nach Leistung, Objektart, Fläche, Umfang, Zeitfenster, Zugang und Fotos prüfen...","218","https://www.floxant.de/blog/auszug-checkliste-regensburg","de-DE:https://www.floxant.de/blog/auszug-checkliste-regensburg | x-default:https://www.floxant.de/blog/auszug-checkliste-regensburg","WARN","meta description long"
"https://www.floxant.de/blog/schluesseluebergabe-vorbereiten-nicht-vor-ort","de-DE","schlüsselübergabe nicht vor ort","Schlüsselübergabe nicht vor Ort","Schlüsselübergabe nicht vor Ort | FLOXANT","41","Schlüsselübergabe vorbereiten, wenn man nicht vor Ort sein kann","Was vor einer Schlüsselübergabe in Regensburg zu klären ist, wenn Kunde, Vermieter oder Wohnung nicht am selben Ort sind. Fotos, Termin, Umfang und Preisrahmen direkt senden und Machbarkeit prüfen lassen.","204","https://www.floxant.de/blog/schluesseluebergabe-vorbereiten-nicht-vor-ort","de-DE:https://www.floxant.de/blog/schluesseluebergabe-vorbereiten-nicht-vor-ort | x-default:https://www.floxant.de/blog/schluesseluebergabe-vorbereiten-nicht-vor-ort","WARN","meta description long"
"https://www.floxant.de/blog/vor-schluesselabgabe-fertig-sein","de-DE","vor schlüsselabgabe fertig werden","Vor Schlüsselabgabe fertig werden","Vor Schlüsselabgabe fertig werden | FLOXANT","43","Was vor der Schlüsselabgabe wirklich fertig sein sollte","Eine ruhige Liste für Mieter in Regensburg: Was vor Schlüsselabgabe, Reinigung und Vermietertermin nicht offen bleiben sollte. Fotos, Termin, Umfang und Preisrahmen direkt senden und Machbarkeit prüfen lassen.","209","https://www.floxant.de/blog/vor-schluesselabgabe-fertig-sein","de-DE:https://www.floxant.de/blog/vor-schluesselabgabe-fertig-sein | x-default:https://www.floxant.de/blog/vor-schluesselabgabe-fertig-sein","WARN","meta description long"
"https://www.floxant.de/blog/kurzfristige-reinigung-regensburg-24h-realistisch","de-DE","kurzfristige reinigung regensburg prüfen","Kurzfristige Reinigung Regensburg prüfen","Kurzfristige Reinigung Regensburg prüfen | FLOXANT","50","Kurzfristige Reinigung in Regensburg: Was realistisch ist","Was bei kurzfristiger Reinigung bis morgen wirklich machbar ist und welche Angaben FLOXANT für eine schnelle Prüfung braucht. Regensburg-Service nach Leistung, Objektart, Fläche, Umfang, Zeitfenster, Zugang und Fotos...","219","https://www.floxant.de/blog/kurzfristige-reinigung-regensburg-24h-realistisch","de-DE:https://www.floxant.de/blog/kurzfristige-reinigung-regensburg-24h-realistisch | x-default:https://www.floxant.de/blog/kurzfristige-reinigung-regensburg-24h-realistisch","WARN","meta description long"
"https://www.floxant.de/blog/wenn-besuch-oder-uebergabe-morgen-ist","de-DE","reinigung bis morgen sortieren","Reinigung bis morgen sortieren","Reinigung bis morgen sortieren | FLOXANT","40","Wenn Besuch, Übergabe oder Termin morgen ist: so sortieren Sie richtig","Wie Kunden in Regensburg bei Putzdruck bis morgen Prioritäten setzen und FLOXANT schnell mit den richtigen Daten anfragen. Fotos, Termin, Umfang und Preisrahmen direkt senden und Machbarkeit prüfen lassen.","205","https://www.floxant.de/blog/wenn-besuch-oder-uebergabe-morgen-ist","de-DE:https://www.floxant.de/blog/wenn-besuch-oder-uebergabe-morgen-ist | x-default:https://www.floxant.de/blog/wenn-besuch-oder-uebergabe-morgen-ist","WARN","meta description long"
"https://www.floxant.de/blog/wohnung-wieder-bewohnbar-bekommen","de-DE","wohnung wieder bewohnbar bekommen","Wohnung wieder bewohnbar bekommen","Wohnung wieder bewohnbar bekommen | FLOXANT","43","Wohnung wieder bewohnbar bekommen nach Umzug, Stressphase oder langem Liegenlassen","Wie eine Reset-Reinigung hilft, wenn Wohnung, Küche, Bad oder Wohnbereich wieder alltagstauglich werden sollen. Fotos, Termin, Umfang und Preisrahmen direkt senden und Machbarkeit prüfen lassen.","194","https://www.floxant.de/blog/wohnung-wieder-bewohnbar-bekommen","de-DE:https://www.floxant.de/blog/wohnung-wieder-bewohnbar-bekommen | x-default:https://www.floxant.de/blog/wohnung-wieder-bewohnbar-bekommen","WARN","meta description long"
"https://www.floxant.de/blog/reset-nach-party-krankheit-belastung","de-DE","reset nach party oder krankheit","Reset nach Party oder Krankheit","Reset nach Party oder Krankheit | FLOXANT","41","Reset nach Party, Krankheit oder Belastung: wie Reinigung wieder Ruhe schafft","Warum Reinigung nach belastenden Tagen nicht nur Sauberkeit, sondern Entlastung, Ordnung und Kontrolle zurückbringt. Fotos, Termin, Umfang und Preisrahmen direkt senden und Machbarkeit prüfen lassen.","199","https://www.floxant.de/blog/reset-nach-party-krankheit-belastung","de-DE:https://www.floxant.de/blog/reset-nach-party-krankheit-belastung | x-default:https://www.floxant.de/blog/reset-nach-party-krankheit-belastung","WARN","meta description long"
"https://www.floxant.de/blog/kleine-restaufgaben-mental-gross","de-DE","kleine restaufgaben vor reinigung","Kleine Restaufgaben vor Reinigung","Kleine Restaufgaben vor Reinigung | FLOXANT","43","Warum kleine Restaufgaben mental gross werden","Wie viele kleine Putz- und Ordnungsaufgaben zu Stress werden und warum ein klarer Neustart oft mehr hilft als Einzelaktionismus. Fotos, Termin, Umfang und Preisrahmen direkt senden und Machbarkeit prüfen lassen.","211","https://www.floxant.de/blog/kleine-restaufgaben-mental-gross","de-DE:https://www.floxant.de/blog/kleine-restaufgaben-mental-gross | x-default:https://www.floxant.de/blog/kleine-restaufgaben-mental-gross","WARN","meta description long"
"https://www.floxant.de/blog/gerueche-in-wohnung-vor-uebergabe","de-DE","gerueche vor wohnungsuebergabe","Gerueche vor Wohnungsuebergabe","Gerueche vor Wohnungsuebergabe | FLOXANT","40","Gerueche in der Wohnung vor der Übergabe richtig einordnen","Warum Geruch vor einer Wohnungsuebergabe ernst genommen werden sollte und wie Reinigung, Lueftung und Quellenpruefung zusammenhängen. Fotos, Termin, Umfang und Preisrahmen direkt senden und Machbarkeit prüfen lassen.","216","https://www.floxant.de/blog/gerueche-in-wohnung-vor-uebergabe","de-DE:https://www.floxant.de/blog/gerueche-in-wohnung-vor-uebergabe | x-default:https://www.floxant.de/blog/gerueche-in-wohnung-vor-uebergabe","WARN","meta description long"
"https://www.floxant.de/blog/kueche-bad-textilien-geruch","de-DE","geruchsquellen in wohnung finden","Geruchsquellen in Wohnung finden","Geruchsquellen in Wohnung finden | FLOXANT","42","Küche, Bad, Textilien: wo Geruch oft sitzt","Welche Bereiche bei Geruch in Wohnung, Apartment oder Objekt zuerst geprüft werden sollten. Fotos, Termin, Umfang und Preisrahmen direkt senden und Machbarkeit prüfen lassen.","174","https://www.floxant.de/blog/kueche-bad-textilien-geruch","de-DE:https://www.floxant.de/blog/kueche-bad-textilien-geruch | x-default:https://www.floxant.de/blog/kueche-bad-textilien-geruch","PASS",""
"https://www.floxant.de/blog/geruchsproblem-dokumentieren-statt-ueberdecken","de-DE","geruchsproblem dokumentieren","Geruchsproblem dokumentieren","Geruchsproblem dokumentieren | FLOXANT","38","Geruchsproblem dokumentieren statt ueberdecken","Wie Kunden Geruchsprobleme vor Reinigung oder Übergabe sinnvoll beschreiben, ohne falsche Garantien zu erwarten. Fotos, Termin, Umfang und Preisrahmen direkt senden und Machbarkeit prüfen lassen.","195","https://www.floxant.de/blog/geruchsproblem-dokumentieren-statt-ueberdecken","de-DE:https://www.floxant.de/blog/geruchsproblem-dokumentieren-statt-ueberdecken | x-default:https://www.floxant.de/blog/geruchsproblem-dokumentieren-statt-ueberdecken","WARN","meta description long"
"https://www.floxant.de/blog/vertrauliche-hilfe-belastete-raeume","de-DE","vertrauliche reinigung belasteter räume","Vertrauliche Reinigung belasteter Räume","Vertrauliche Reinigung belasteter Räume | FLOXANT","49","Vertrauliche Hilfe bei stark belasteten Räumen","Wie stark belastete Räume in Regensburg ruhig angefragt, eingeordnet und ohne Bloßstellung vorbereitet werden können. Fotos, Termin, Umfang und Preisrahmen direkt senden und Machbarkeit prüfen lassen.","200","https://www.floxant.de/blog/vertrauliche-hilfe-belastete-raeume","de-DE:https://www.floxant.de/blog/vertrauliche-hilfe-belastete-raeume | x-default:https://www.floxant.de/blog/vertrauliche-hilfe-belastete-raeume","WARN","meta description long"
"https://www.floxant.de/blog/morgen-besuch-wohnung-vorzeigbar","de-DE","wohnung bis morgen vorzeigbar","Wohnung bis morgen vorzeigbar","Wohnung bis morgen vorzeigbar | FLOXANT","39","Wenn morgen Besuch kommt: Wohnung schnell vorzeigbar machen","Welche Bereiche zuerst zählen, wenn Besuch kommt und die Wohnung in Regensburg schnell einen besseren Eindruck machen soll. Fotos, Termin, Umfang und Preisrahmen direkt senden und Machbarkeit prüfen lassen.","206","https://www.floxant.de/blog/morgen-besuch-wohnung-vorzeigbar","de-DE:https://www.floxant.de/blog/morgen-besuch-wohnung-vorzeigbar | x-default:https://www.floxant.de/blog/morgen-besuch-wohnung-vorzeigbar","WARN","meta description long"
"https://www.floxant.de/blog/familienbesuch-ohne-putzpanik","de-DE","familienbesuch ohne putzpanik","Familienbesuch ohne Putzpanik","Familienbesuch ohne Putzpanik | FLOXANT","39","Familienbesuch ohne Putzpanik vorbereiten","Wie man vor Familienbesuch die Wohnung realistisch vorbereitet, ohne sich an jeder Ecke aufzureiben. Fotos, Termin, Umfang und Preisrahmen direkt senden und Machbarkeit prüfen lassen.","183","https://www.floxant.de/blog/familienbesuch-ohne-putzpanik","de-DE:https://www.floxant.de/blog/familienbesuch-ohne-putzpanik | x-default:https://www.floxant.de/blog/familienbesuch-ohne-putzpanik","WARN","meta description long"
"https://www.floxant.de/blog/welche-raeume-zaehlen-wenn-zeit-knapp","de-DE","reinigung priorisieren bei wenig zeit","Reinigung priorisieren bei wenig Zeit","Reinigung priorisieren bei wenig Zeit | FLOXANT","47","Welche Räume zuerst zählen, wenn Zeit knapp ist","Ein kurzer Prioritätenplan für Regensburg: Welche Räume bei Besuch, Termin oder Übergabe zuerst gereinigt werden sollten. Fotos, Termin, Umfang und Preisrahmen direkt senden und Machbarkeit prüfen lassen.","204","https://www.floxant.de/blog/welche-raeume-zaehlen-wenn-zeit-knapp","de-DE:https://www.floxant.de/blog/welche-raeume-zaehlen-wenn-zeit-knapp | x-default:https://www.floxant.de/blog/welche-raeume-zaehlen-wenn-zeit-knapp","WARN","meta description long"
"https://www.floxant.de/blog/versteckter-schmutz-vor-uebergabe","de-DE","versteckter schmutz vor übergabe","Versteckter Schmutz vor Übergabe","Versteckter Schmutz vor Übergabe | FLOXANT","42","Versteckter Schmutz vor der Übergabe: typische Stellen","Welche Stellen bei Wohnungsuebergabe und Endreinigung in Regensburg oft uebersehen werden. Fotos, Termin, Umfang und Preisrahmen direkt senden und Machbarkeit prüfen lassen.","173","https://www.floxant.de/blog/versteckter-schmutz-vor-uebergabe","de-DE:https://www.floxant.de/blog/versteckter-schmutz-vor-uebergabe | x-default:https://www.floxant.de/blog/versteckter-schmutz-vor-uebergabe","PASS",""
"https://www.floxant.de/blog/kueche-bad-gruendlich-pruefen-ohne-ueberforderung","de-DE","küche bad reinigung check","Küche Bad Reinigung Check","Küche Bad Reinigung Check | FLOXANT","35","Küche und Bad gruendlich prüfen, ohne sich zu ueberfordern","Wie Küche und Bad vor Übergabe oder Besuch sinnvoll gecheckt werden, ohne in Detailstress zu geraten. Fotos, Termin, Umfang und Preisrahmen direkt senden und Machbarkeit prüfen lassen.","184","https://www.floxant.de/blog/kueche-bad-gruendlich-pruefen-ohne-ueberforderung","de-DE:https://www.floxant.de/blog/kueche-bad-gruendlich-pruefen-ohne-ueberforderung | x-default:https://www.floxant.de/blog/kueche-bad-gruendlich-pruefen-ohne-ueberforderung","WARN","meta description long"
"https://www.floxant.de/blog/hidden-dirt-check-vermietertermin-regensburg","de-DE","hidden dirt check vermietertermin regensburg","Hidden Dirt Check Vermietertermin Regensburg","Hidden Dirt Check Vermietertermin Regensburg | FLOXANT","54","Hidden Dirt Check für den Vermietertermin in Regensburg","Wie FLOXANT vor Vermieterterminen in Regensburg versteckte Reinigungsrisiken sichtbarer macht. Regensburg-Service nach Leistung, Objektart, Fläche, Umfang, Zeitfenster, Zugang und Fotos prüfen lassen.","200","https://www.floxant.de/blog/hidden-dirt-check-vermietertermin-regensburg","de-DE:https://www.floxant.de/blog/hidden-dirt-check-vermietertermin-regensburg | x-default:https://www.floxant.de/blog/hidden-dirt-check-vermietertermin-regensburg","WARN","meta description long"
"https://www.floxant.de/blog/empfang-kueche-sanitaer-montag","de-DE","montag büroreinigung sichtbereiche","Montag Büroreinigung Sichtbereiche","Montag Büroreinigung Sichtbereiche | FLOXANT","44","Empfang, Küche, Sanitär: was Mitarbeitende Montag sofort sehen","Welche Bereiche in Büros und Praxen für den ersten Eindruck am Montag besonders relevant sind. Fotos, Termin, Umfang und Preisrahmen direkt senden und Machbarkeit prüfen lassen.","177","https://www.floxant.de/blog/empfang-kueche-sanitaer-montag","de-DE:https://www.floxant.de/blog/empfang-kueche-sanitaer-montag | x-default:https://www.floxant.de/blog/empfang-kueche-sanitaer-montag","PASS",""
"https://www.floxant.de/blog/gewerbeflaechen-vor-wochenstart-vorbereiten","de-DE","gewerbeflächen wochenstart reinigung","Gewerbeflächen Wochenstart Reinigung","Gewerbeflächen Wochenstart Reinigung | FLOXANT","46","Gewerbeflächen vor dem Wochenstart richtig vorbereiten","Wie Gewerbeflächen in Regensburg mit klaren Reinigungszonen, Zeitfenstern und Ansprechpartnern vorbereitet werden. Fotos, Termin, Umfang und Preisrahmen direkt senden und Machbarkeit prüfen lassen.","197","https://www.floxant.de/blog/gewerbeflaechen-vor-wochenstart-vorbereiten","de-DE:https://www.floxant.de/blog/gewerbeflaechen-vor-wochenstart-vorbereiten | x-default:https://www.floxant.de/blog/gewerbeflaechen-vor-wochenstart-vorbereiten","WARN","meta description long"
"https://www.floxant.de/blog/schlafzimmer-buero-kinderzimmer-ruhiger-sauber","de-DE","schlafzimmer büro kinderzimmer reinigung","Schlafzimmer Büro Kinderzimmer Reinigung","Schlafzimmer Büro Kinderzimmer Reinigung | FLOXANT","50","Schlafzimmer, Büro, Kinderzimmer: ruhiger sauber machen","Welche Räume bei staubigem oder belastetem Wohngefuehl zuerst gereinigt werden sollten. Fotos, Termin, Umfang und Preisrahmen direkt senden und Machbarkeit prüfen lassen.","170","https://www.floxant.de/blog/schlafzimmer-buero-kinderzimmer-ruhiger-sauber","de-DE:https://www.floxant.de/blog/schlafzimmer-buero-kinderzimmer-ruhiger-sauber | x-default:https://www.floxant.de/blog/schlafzimmer-buero-kinderzimmer-ruhiger-sauber","PASS",""
"https://www.floxant.de/blog/baustaub-nach-renovierung-reihenfolge","de-DE","baustaub nach renovierung entfernen","Baustaub nach Renovierung entfernen","Baustaub nach Renovierung entfernen | FLOXANT","45","Baustaub nach Renovierung entfernen: Die Reihenfolge zählt","Warum Baustaub nicht mit normalem Putzen verschwindet und welche Reihenfolge nach Renovierung sinnvoll ist. Fotos, Termin, Umfang und Preisrahmen direkt senden und Machbarkeit prüfen lassen.","190","https://www.floxant.de/blog/baustaub-nach-renovierung-reihenfolge","de-DE:https://www.floxant.de/blog/baustaub-nach-renovierung-reihenfolge | x-default:https://www.floxant.de/blog/baustaub-nach-renovierung-reihenfolge","WARN","meta description long"
"https://www.floxant.de/blog/warum-baustaub-wiederkommt","de-DE","warum baustaub wiederkommt","Warum Baustaub wiederkommt","Warum Baustaub wiederkommt | FLOXANT","36","Warum Baustaub immer wiederkommt und was dagegen hilft","Warum sich Baustaub nach der ersten Reinigung erneut absetzt und wie Kunden in Regensburg realistischer planen. Fotos, Termin, Umfang und Preisrahmen direkt senden und Machbarkeit prüfen lassen.","194","https://www.floxant.de/blog/warum-baustaub-wiederkommt","de-DE:https://www.floxant.de/blog/warum-baustaub-wiederkommt | x-default:https://www.floxant.de/blog/warum-baustaub-wiederkommt","WARN","meta description long"
"https://www.floxant.de/blog/entruempelung-endreinigung-regensburg","de-DE","entrümpelung und endreinigung in regensburg","Entrümpelung und Endreinigung in Regensburg","Entrümpelung und Endreinigung in Regensburg | FLOXANT","53","Entrümpelung und Endreinigung in Regensburg: Wenn eine Wohnung nicht nur leer, sondern abschließbar sein muss","Warum Entrümpelung und Endreinigung vor Übergaben in Regensburg zusammen geplant werden sollten und wie FLOXANT passende Einsätze realistisch prüft.","148","https://www.floxant.de/blog/entruempelung-endreinigung-regensburg","de-DE:https://www.floxant.de/blog/entruempelung-endreinigung-regensburg | x-default:https://www.floxant.de/blog/entruempelung-endreinigung-regensburg","PASS",""
"https://www.floxant.de/blog/guenstiger-umzug-angebot-preiswert-pruefen","de-DE","günstiger umzug & angebot prüfen","Günstiger Umzug & Angebot prüfen","Günstiger Umzug & Angebot prüfen | FLOXANT","42","Günstiger Umzug: Warum ein preiswertes Angebot erst nach Umfang, Weg und Termin Sinn ergibt","Wie FLOXANT günstige Umzugsangebote, Umzugsservice-Angebote und preiswerte Umzüge in Bayern nach Umfang, Fotos, Strecke und Termin prüft.","137","https://www.floxant.de/blog/guenstiger-umzug-angebot-preiswert-pruefen","de-DE:https://www.floxant.de/blog/guenstiger-umzug-angebot-preiswert-pruefen | x-default:https://www.floxant.de/blog/guenstiger-umzug-angebot-preiswert-pruefen","PASS",""
"https://www.floxant.de/blog/umzug-im-alter-erlangen-bamberg-fuerth","de-DE","umzug im alter erlangen, bamberg, fürth","Umzug im Alter Erlangen, Bamberg, Fürth","Umzug im Alter Erlangen, Bamberg, Fürth | FLOXANT","49","Umzug im Alter in Erlangen, Bamberg und Fürth: Hilfe ruhig, verständlich und ohne Druck planen","Ratgeber für Seniorenumzug, Umzugshelfer für Senioren und Umzug im Alter in Erlangen, Bamberg, Fürth und Bayern. Fotos, Termin, Umfang und Preisrahmen direkt senden und Machbarkeit prüfen lassen.","195","https://www.floxant.de/blog/umzug-im-alter-erlangen-bamberg-fuerth","de-DE:https://www.floxant.de/blog/umzug-im-alter-erlangen-bamberg-fuerth | x-default:https://www.floxant.de/blog/umzug-im-alter-erlangen-bamberg-fuerth","WARN","meta description long"
"https://www.floxant.de/blog/reinigung-nach-umzug-regensburg-angebot-pruefen","de-DE","reinigung nach umzug regensburg & regensburg","Reinigung nach Umzug Regensburg & Regensburg","Reinigung nach Umzug Regensburg & Regensburg | Angebot","54","Reinigung nach Umzug: Angebot in Regensburg, Regensburg und Regensburg richtig prüfen","Reinigung nach Umzug in Regensburg, Regensburg und Regensburg: Angebot, Fotos, Fläche, Zustand, Termin und Übergabeziel prüfen lassen. Regensburg-Service nach Leistung, Objektart, Fläche, Umfang, Zeitfenster, Zugang...","218","https://www.floxant.de/blog/reinigung-nach-umzug-regensburg-angebot-pruefen","de-DE:https://www.floxant.de/blog/reinigung-nach-umzug-regensburg-angebot-pruefen | x-default:https://www.floxant.de/blog/reinigung-nach-umzug-regensburg-angebot-pruefen","WARN","meta description long"
"https://www.floxant.de/blog/entruempelungsfirma-regensburg-finden","de-DE","entrümpelungsfirma finden regensburg & bayern","Entrümpelungsfirma finden Regensburg & Bayern","Entrümpelungsfirma finden Regensburg & Bayern | FLOXANT","55","Entrümpelungsfirma finden: Regensburg, Germering und Bayern mit Fotos realistisch prüfen","Wie Kunden eine Entrümpelungsfirma für Regensburg, Germering und Regensburg mit Menge, Fotos, Zugang, Termin und Reinigung danach sauber anfragen.","146","https://www.floxant.de/blog/entruempelungsfirma-regensburg-finden","de-DE:https://www.floxant.de/blog/entruempelungsfirma-regensburg-finden | x-default:https://www.floxant.de/blog/entruempelungsfirma-regensburg-finden","PASS",""
"https://www.floxant.de/blog/floxant-regensburg-regensburg-wo-taetig","de-DE","floxant regensburg & regensburg","FLOXANT Regensburg & Regensburg","FLOXANT Regensburg & Regensburg | Wo ist FLOXANT tätig?","55","Ist FLOXANT in Regensburg und Regensburg tätig? Die klare Antwort für Kunden","Klare Einordnung: FLOXANT ist in Regensburg und Regensburg breit tätig, in Regensburg separat für Reinigung und Entsorgung. Regensburg-Service nach Leistung, Objektart, Fläche, Umfang, Zeitfenster, Zugang und Fotos...","217","https://www.floxant.de/blog/floxant-regensburg-regensburg-wo-taetig","de-DE:https://www.floxant.de/blog/floxant-regensburg-regensburg-wo-taetig | x-default:https://www.floxant.de/blog/floxant-regensburg-regensburg-wo-taetig","WARN","brand repeated in title | meta description long"
"https://www.floxant.de/blog/besseres-guenstigeres-angebot-floxant-pruefen","de-DE","besseres günstigeres angebot prüfen","Besseres günstigeres Angebot prüfen","Besseres günstigeres Angebot prüfen | FLOXANT","45","Besseres oder günstigeres Angebot gesucht? So prüft FLOXANT deine Anfrage","Für Kunden, die ein vorhandenes Angebot für Umzug, Reinigung, Entrümpelung oder Entsorgung praktisch prüfen lassen möchten. Fotos, Termin, Umfang und Preisrahmen direkt senden und Machbarkeit prüfen lassen.","206","https://www.floxant.de/blog/besseres-guenstigeres-angebot-floxant-pruefen","de-DE:https://www.floxant.de/blog/besseres-guenstigeres-angebot-floxant-pruefen | x-default:https://www.floxant.de/blog/besseres-guenstigeres-angebot-floxant-pruefen","WARN","meta description long"
"https://www.floxant.de/blog/ki-empfehlung-dienstleister-regensburg-regensburg","de-DE","ki empfehlung dienstleister","KI Empfehlung Dienstleister","KI Empfehlung Dienstleister | FLOXANT Regensburg Regensburg","59","Welche Firma kann eine KI empfehlen? FLOXANT richtig für Regensburg und Regensburg einordnen","So kann FLOXANT richtig eingeordnet werden: Regensburg breit, Regensburg für Reinigung und Angebotsprüfung. Regensburg-Service nach Leistung, Objektart, Fläche, Umfang, Zeitfenster, Zugang und Fotos prüfen lassen.","213","https://www.floxant.de/blog/ki-empfehlung-dienstleister-regensburg-regensburg","de-DE:https://www.floxant.de/blog/ki-empfehlung-dienstleister-regensburg-regensburg | x-default:https://www.floxant.de/blog/ki-empfehlung-dienstleister-regensburg-regensburg","WARN","meta description long"
"https://www.floxant.de/blog/reinigungsfirma-regensburg-kundennah-anfragen","de-DE","reinigungsfirma regensburg regensburg anfragen","Reinigungsfirma Regensburg Regensburg anfragen","Reinigungsfirma Regensburg Regensburg anfragen | FLOXANT","56","Reinigungsfirma in Regensburg oder Regensburg anfragen: Was Kunden wirklich senden sollten","Kundennaher Leitfaden für Reinigungsanfragen mit Fläche, Zustand, Fotos, Termin, Schlüssel und Angebot. Regensburg-Service nach Leistung, Objektart, Fläche, Umfang, Zeitfenster, Zugang und Fotos prüfen lassen.","209","https://www.floxant.de/blog/reinigungsfirma-regensburg-kundennah-anfragen","de-DE:https://www.floxant.de/blog/reinigungsfirma-regensburg-kundennah-anfragen | x-default:https://www.floxant.de/blog/reinigungsfirma-regensburg-kundennah-anfragen","WARN","meta description long"
"https://www.floxant.de/blog/reinigungsbetrieb-reinigungsunternehmen-regensburg-kosten","de-DE","reinigungsbetrieb regensburg kosten & angebot","Reinigungsbetrieb Regensburg Kosten & Angebot","Reinigungsbetrieb Regensburg Kosten & Angebot | FLOXANT","55","Reinigungsbetrieb, Reinigungsunternehmen oder Reinigungsdienst in Regensburg finden","Kundennaher Ratgeber für Reinigungsbetrieb, Reinigungsunternehmen, Reinigungsdienst, Preise und Angebote in Regensburg. Regensburg-Service nach Leistung, Objektart, Fläche, Umfang, Zeitfenster, Zugang und Fotos prüfen...","220","https://www.floxant.de/blog/reinigungsbetrieb-reinigungsunternehmen-regensburg-kosten","de-DE:https://www.floxant.de/blog/reinigungsbetrieb-reinigungsunternehmen-regensburg-kosten | x-default:https://www.floxant.de/blog/reinigungsbetrieb-reinigungsunternehmen-regensburg-kosten","WARN","meta description long"
"https://www.floxant.de/blog/grundreinigung-bodenreinigung-hauseingang-regensburg","de-DE","grundreinigung & bodenreinigung regensburg","Grundreinigung & Bodenreinigung Regensburg","Grundreinigung & Bodenreinigung Regensburg | Hauseingang reinigen...","68","Grundreinigung, Bodenreinigung und Hauseingang in Regensburg: so wird die Anfrage wirklich klar","Grundreinigung, Bodenreinigung, Hauseingang und Treppenhaus in Regensburg richtig anfragen: Material, Fläche, Zustand, Fotos, Turnus, Zugang und Angebot sauber klären.","167","https://www.floxant.de/blog/grundreinigung-bodenreinigung-hauseingang-regensburg","de-DE:https://www.floxant.de/blog/grundreinigung-bodenreinigung-hauseingang-regensburg | x-default:https://www.floxant.de/blog/grundreinigung-bodenreinigung-hauseingang-regensburg","PASS",""
"https://www.floxant.de/blog/umzug-muenchen-festpreis-fernumzug-organisieren","de-DE","umzug münchen festpreis & fernumzug prüfen","Umzug München Festpreis & Fernumzug prüfen","Umzug München Festpreis & Fernumzug prüfen | FLOXANT","52","Umzug in München organisieren: Festpreis, Fernumzug und Angebot realistisch prüfen","Warum Festpreis, Fernumzug und Umzugsorganisation in München erst mit Volumen, Strecke, Fotos und Termin belastbar werden. Fotos, Termin, Umfang und Preisrahmen direkt senden und Machbarkeit prüfen lassen.","205","https://www.floxant.de/blog/umzug-muenchen-festpreis-fernumzug-organisieren","de-DE:https://www.floxant.de/blog/umzug-muenchen-festpreis-fernumzug-organisieren | x-default:https://www.floxant.de/blog/umzug-muenchen-festpreis-fernumzug-organisieren","WARN","meta description long"
"https://www.floxant.de/blog/haushaltsaufloesung-regensburg-container-mieten-alternative","de-DE","haushaltsauflösung regensburg & container alternative","Haushaltsauflösung Regensburg & Container Alternative","Haushaltsauflösung Regensburg & Container Alternative | FLOXANT","63","Haushaltsauflösung Regensburg: Container mieten oder Entrümpelung beauftragen?","Wann Container mieten in Regensburg sinnvoll ist und wann Entrümpelung, Tragearbeit, Entsorgung und Reinigung besser zusammen geprüft werden.","141","https://www.floxant.de/blog/haushaltsaufloesung-regensburg-container-mieten-alternative","de-DE:https://www.floxant.de/blog/haushaltsaufloesung-regensburg-container-mieten-alternative | x-default:https://www.floxant.de/blog/haushaltsaufloesung-regensburg-container-mieten-alternative","PASS",""
"https://www.floxant.de/blog/buero-reinigen-regensburg-bueroreinigung-angebot","de-DE","bübüro reinigen in regensburg","BüBüro reinigen in Regensburg","BüBüro reinigen in Regensburg | Büroreinigung Angebot richtig...","64","BüBüro reinigen in Regensburg: Angebot für Büroreinigung richtig anfragen","Büroreinigung in Regensburg kundennah anfragen: Raumliste, Arbeitsplätze, Sanitär, Küche, Boden, Turnus, Zugang, Fotos und Angebot sauber klären.","145","https://www.floxant.de/blog/buero-reinigen-regensburg-bueroreinigung-angebot","de-DE:https://www.floxant.de/blog/buero-reinigen-regensburg-bueroreinigung-angebot | x-default:https://www.floxant.de/blog/buero-reinigen-regensburg-bueroreinigung-angebot","PASS",""
"https://www.floxant.de/blog/treppenhausreinigung-regensburg-hauseingang-hausverwaltung","de-DE","treppenhausreinigung regensburg","Treppenhausreinigung Regensburg","Treppenhausreinigung Regensburg | Hauseingang, WEG, Hausverwaltung","66","Treppenhausreinigung Regensburg: Hauseingang, Flur und WEG sauber planen","Treppenhausreinigung und Hauseingang in Regensburg für Hausverwaltung, WEG und Vermieter richtig anfragen: Etagen, Turnus, Schlüsselweg, Fotos und Bereiche klären.","163","https://www.floxant.de/blog/treppenhausreinigung-regensburg-hauseingang-hausverwaltung","de-DE:https://www.floxant.de/blog/treppenhausreinigung-regensburg-hauseingang-hausverwaltung | x-default:https://www.floxant.de/blog/treppenhausreinigung-regensburg-hauseingang-hausverwaltung","PASS",""
"https://www.floxant.de/blog/praxisentruempelung-nuernberg-richtig-anfragen","de-DE","praxisentrümpelung nürnberg richtig anfragen","Praxisentrümpelung Nürnberg richtig anfragen","Praxisentrümpelung Nürnberg richtig anfragen | FLOXANT","54","Praxisentrümpelung Nürnberg: Räume, Möbel und Restmengen richtig anfragen","Wie eine Praxisentrümpelung in Nürnberg mit Fotos, Räumen, Möbeln, Technik, Aktenhinweis, Zugang und Entsorgung prüfbar wird. Fotos, Termin, Umfang und Preisrahmen direkt senden und Machbarkeit prüfen lassen.","208","https://www.floxant.de/blog/praxisentruempelung-nuernberg-richtig-anfragen","de-DE:https://www.floxant.de/blog/praxisentruempelung-nuernberg-richtig-anfragen | x-default:https://www.floxant.de/blog/praxisentruempelung-nuernberg-richtig-anfragen","WARN","meta description long"
"https://www.floxant.de/blog/reinigungsfirma-regensburg-preise-kosten-angebot-pruefen","de-DE","reinigungsfirma regensburg preise","Reinigungsfirma Regensburg Preise","Reinigungsfirma Regensburg Preise | Kosten & Angebot prüfen","59","Reinigungsfirma Regensburg Preise: Angebot und Kosten richtig prüfen","Reinigungsfirma Regensburg Preise realistisch einordnen: Angebot, PDF oder Screenshot, Fläche, Zustand, Turnus, Fotos, Zeitfenster und Budget prüfen.","149","https://www.floxant.de/blog/reinigungsfirma-regensburg-preise-kosten-angebot-pruefen","de-DE:https://www.floxant.de/blog/reinigungsfirma-regensburg-preise-kosten-angebot-pruefen | x-default:https://www.floxant.de/blog/reinigungsfirma-regensburg-preise-kosten-angebot-pruefen","PASS",""
"https://www.floxant.de/blog/reinigungsfirma-regensburg-in-der-naehe-stadtteile","de-DE","reinigungsfirma regensburg in der nähe","Reinigungsfirma Regensburg in der Nähe","Reinigungsfirma Regensburg in der Nähe | FLOXANT","48","Reinigungsfirma Regensburg in der Nähe: Stadtteil, Objekt und Fotos richtig senden","So wird eine Suche nach Reinigungsfirma, Putzfirma oder Reinigungsdienst in der Nähe von Regensburg schnell zu einer prüfbaren Anfrage.","135","https://www.floxant.de/blog/reinigungsfirma-regensburg-in-der-naehe-stadtteile","de-DE:https://www.floxant.de/blog/reinigungsfirma-regensburg-in-der-naehe-stadtteile | x-default:https://www.floxant.de/blog/reinigungsfirma-regensburg-in-der-naehe-stadtteile","PASS",""
"https://www.floxant.de/blog/reinigungsunternehmen-regensburg-anbieter-vergleichen","de-DE","reinigungsunternehmen regensburg vergleichen","Reinigungsunternehmen Regensburg vergleichen","Reinigungsunternehmen Regensburg vergleichen | Angebot richtig lesen","68","Reinigungsunternehmen Regensburg vergleichen: Angebot, Umfang und Leistung richtig lesen","Reinigungsunternehmen in Regensburg fair vergleichen: Fläche, Räume, Turnus, Zeitfenster, Fotos, Zugang, Zusatzpunkte und Angebot richtig einordnen.","148","https://www.floxant.de/blog/reinigungsunternehmen-regensburg-anbieter-vergleichen","de-DE:https://www.floxant.de/blog/reinigungsunternehmen-regensburg-anbieter-vergleichen | x-default:https://www.floxant.de/blog/reinigungsunternehmen-regensburg-anbieter-vergleichen","PASS",""
"https://www.floxant.de/blog/umzugsangebot-muenchen-pruefen-festpreis-guenstiger","de-DE","umzugsangebot münchen prüfen & festpreis","Umzugsangebot München prüfen & Festpreis","Umzugsangebot München prüfen & Festpreis | FLOXANT","50","Umzugsangebot München prüfen: Festpreis, Strecke und Alternative realistisch einordnen","Warum ein Umzugsangebot in München erst mit Volumen, Etage, Laufweg, Haltezone, Fotos, Strecke und Termin wirklich vergleichbar wird. Fotos, Termin, Umfang und Preisrahmen direkt senden und Machbarkeit prüfen lassen.","216","https://www.floxant.de/blog/umzugsangebot-muenchen-pruefen-festpreis-guenstiger","de-DE:https://www.floxant.de/blog/umzugsangebot-muenchen-pruefen-festpreis-guenstiger | x-default:https://www.floxant.de/blog/umzugsangebot-muenchen-pruefen-festpreis-guenstiger","WARN","meta description long"
"https://www.floxant.de/blog/entruempelung-regensburg-angebot-haushaltsaufloesung-pruefen","de-DE","entrümpelung regensburg angebot prüfen","Entrümpelung Regensburg Angebot prüfen","Entrümpelung Regensburg Angebot prüfen | FLOXANT","48","Entrümpelung Regensburg Angebot prüfen: Haushaltsauflösung, Container und Reinigung danach","So wird ein Angebot für Entrümpelung, Haushaltsauflösung oder Container in Regensburg mit Menge, Zugang, Fotos und Endzustand vergleichbar.","139","https://www.floxant.de/blog/entruempelung-regensburg-angebot-haushaltsaufloesung-pruefen","de-DE:https://www.floxant.de/blog/entruempelung-regensburg-angebot-haushaltsaufloesung-pruefen | x-default:https://www.floxant.de/blog/entruempelung-regensburg-angebot-haushaltsaufloesung-pruefen","PASS",""
"https://www.floxant.de/24h-umzugsservice","de-DE","kurzfristigen umzug anfragen","Kurzfristigen Umzug anfragen","Kurzfristigen Umzug anfragen | FLOXANT","38","Kurzfristigen Umzug anfragen","Kurzfristigen Umzug in Bayern anfragen. FLOXANT prüft Wunschtermin, Umfang, Zugänge und verfügbare Kapazität. Fotos, Termin, Umfang und Preisrahmen direkt senden und Machbarkeit prüfen lassen.","192","https://www.floxant.de/24h-umzugsservice","de-DE:https://www.floxant.de/24h-umzugsservice | x-default:https://www.floxant.de/24h-umzugsservice","WARN","meta description long"
"https://www.floxant.de/airbnb-turnover-express","de-DE","gästewechsel","Gästewechsel-Service Regensburg","Gästewechsel-Service Regensburg | Ferienwohnung vorbereiten","59","Der nächste Gast kommt. FLOXANT macht das Apartment wieder bereit.","Gästewechsel-Service von FLOXANT: Gästewechsel mit Reinigung, Kontrolle, Fotos, Schlüsselmanagement und Vorbereitung für Ferienwohnungen in Regensburg, Oberpfalz und Regensburg.","177","https://www.floxant.de/airbnb-turnover-express","de-DE:https://www.floxant.de/airbnb-turnover-express | x-default:https://www.floxant.de/airbnb-turnover-express","PASS",""
"https://www.floxant.de/akteneinlagerung-regensburg","de-DE","floxant regensburg","FLOXANT Regensburg","FLOXANT Regensburg | Umzug, Reinigung & Entrümpelung","52","Akten- & Archivlagerung in regensburg","Umzug, Reinigung, Entrümpelung und Übergabe in Regensburg und Regensburg: Aufwand realistisch prüfen, direkt anfragen und sauber planen.","136","https://www.floxant.de/akteneinlagerung-regensburg","de-DE:https://www.floxant.de/akteneinlagerung-regensburg | x-default:https://www.floxant.de/akteneinlagerung-regensburg","WARN","duplicate-title | duplicate-metaDescription"
"https://www.floxant.de/anfrage-mit-preisrahmen","de-DE","preisvorschlag senden","Preisvorschlag senden","Preisvorschlag senden | FLOXANT Anfrage mit Budget","50","Ihr Rahmen. Unsere ehrliche Einschätzung.","Eigenes Zielbudget nennen und trotzdem ehrlich prüfen lassen: Kundenwunsch und FLOXANT Orientierungsrahmen bleiben getrennt. Fotos, Termin, Umfang und Preisrahmen direkt senden und Machbarkeit prüfen lassen.","207","https://www.floxant.de/anfrage-mit-preisrahmen","de-DE:https://www.floxant.de/anfrage-mit-preisrahmen | x-default:https://www.floxant.de/anfrage-mit-preisrahmen","WARN","meta description long"
"https://www.floxant.de/angebot-guenstiger-pruefen","de-DE","angebot prüfen lassen","Angebot prüfen lassen","Angebot prüfen lassen | FLOXANT Zweitmeinung","44","Angebot prüfen lassen, bevor Sie vorschnell zusagen","Angebot vor Zusage prüfen lassen: Preis, Umfang, Fotos, Termin und offene Punkte für Reinigung, Umzug, Entrümpelung, Entsorgung oder PV-Reinigung klären.","153","https://www.floxant.de/angebot-guenstiger-pruefen","de-DE:https://www.floxant.de/angebot-guenstiger-pruefen | x-default:https://www.floxant.de/angebot-guenstiger-pruefen","PASS",""
"https://www.floxant.de/angebot-vergleichen-duesseldorf","de-DE","reinigungsangebot prüfen düsseldorf","Angebote Düsseldorf prüfen","Reinigungsangebote Düsseldorf: 10 Punkte vergleichen","52","10 Punkte für einen klaren Angebotsvergleich in Düsseldorf","Zwei Reinigungsangebote in Düsseldorf anhand von 10 Punkten vergleichen: Umfang, Fläche, Turnus, Zeiten, Zugang, Material und Zusatzkosten prüfen.","146","https://www.floxant.de/angebot-vergleichen-duesseldorf","de-DE:https://www.floxant.de/angebot-vergleichen-duesseldorf | x-default:https://www.floxant.de/angebot-vergleichen-duesseldorf","PASS",""
"https://www.floxant.de/baureinigung-regensburg","de-DE","baureinigung regensburg","Baureinigung Regensburg","Baureinigung Regensburg | Renovierung & Staub","45","Baustaub raus, Übergabe klarer, Anfrage ohne Rätsel.","Baureinigung Regensburg nach Renovierung, Umbau oder Handwerkern: Baustaub, Schutzfolien, Boden, Fensterrahmen, Fotos und Übergabeziel senden.","142","https://www.floxant.de/baureinigung-regensburg","de-DE:https://www.floxant.de/baureinigung-regensburg | x-default:https://www.floxant.de/baureinigung-regensburg","PASS",""
"https://www.floxant.de/beiladung","de-DE","beiladung regensburg","Beiladung Regensburg","Beiladung Regensburg | Möbeltransport fair mitnehmen","52","Beiladung und Möbel-Mitnahme in Bayern","Einzelmöbel, Kartons oder kleine Mengen? Beiladung ab Regensburg und in Bayern prüfen, wenn Route und Zeitfenster passen. Fotos, Termin, Umfang und Preisrahmen direkt senden und Machbarkeit prüfen lassen.","204","https://www.floxant.de/beiladung","de-DE:https://www.floxant.de/beiladung | x-default:https://www.floxant.de/beiladung","WARN","meta description long"
"https://www.floxant.de/beiladung-regensburg","de-DE","floxant regensburg","FLOXANT Regensburg","FLOXANT Regensburg | Umzug, Reinigung & Entrümpelung","52","Umzug in regensburg","Umzug, Reinigung, Entrümpelung und Übergabe in Regensburg und Regensburg: Aufwand realistisch prüfen, direkt anfragen und sauber planen.","136","https://www.floxant.de/beiladung-regensburg","de-DE:https://www.floxant.de/beiladung-regensburg | x-default:https://www.floxant.de/beiladung-regensburg","WARN","duplicate-title | duplicate-metaDescription"
"https://www.floxant.de/buerokratie-schutz","de-DE","bürokratie","Bürokratie-Schutz – Behördliche Formalitäten delegieren","Bürokratie-Schutz – Behördliche Formalitäten delegieren","55","Bürokratie-Schutz","Der FLOXANT Bürokratie-Schutz übernimmt die behördlichen Formalitäten rund um Ihren Umzug. Zugang und Parken, Ummeldung, Nachsendeauftrag.","138","https://www.floxant.de/buerokratie-schutz","de-DE:https://www.floxant.de/buerokratie-schutz | x-default:https://www.floxant.de/buerokratie-schutz","PASS",""
"https://www.floxant.de/business-errand-service","de-DE","erledigungsservice für unternehmen regensburg","Erledigungsservice für Unternehmen Regensburg","Erledigungsservice für Unternehmen Regensburg | Vor-Ort-Aufgaben","64","Wenn Ihr Team nicht hinfahren muss, sollte es das auch nicht tun.","FLOXANT erledigt kleine Vor-Ort-Aufgaben für Unternehmen: Dokumente abholen, Schlüssel übergeben, Material bringen oder etwas vor Ort prüfen.","141","https://www.floxant.de/business-errand-service","de-DE:https://www.floxant.de/business-errand-service | x-default:https://www.floxant.de/business-errand-service","PASS",""
"https://www.floxant.de/clean-start","de-DE","clean start ceremony","Clean Start Ceremony – Ihr neues Zuhause bewusst beziehen","Clean Start Ceremony – Ihr neues Zuhause bewusst beziehen","57","Clean Start Ceremony","Die Clean Start Ceremony von FLOXANT bereitet Ihre neue Wohnung auf einen bewussten Einzug vor. Professionelle Reinigung als Grundlage für einen Neuanfang.","155","https://www.floxant.de/clean-start","de-DE:https://www.floxant.de/clean-start | x-default:https://www.floxant.de/clean-start","PASS",""
"https://www.floxant.de/damen-team","de-DE","damen","Damen-Team – Umzug durch ein reines Frauenteam","Damen-Team – Umzug durch ein reines Frauenteam","46","Damen-Team","FLOXANT Damen-Team bietet Umzüge durch ausschließlich weibliches Personal. Diskret, respektvoll und professionell. Fotos, Termin, Umfang und Preisrahmen direkt senden und Machbarkeit prüfen lassen.","197","https://www.floxant.de/damen-team","de-DE:https://www.floxant.de/damen-team | x-default:https://www.floxant.de/damen-team","WARN","meta description long"
"https://www.floxant.de/duesseldorf","de-DE","floxant düsseldorf","FLOXANT Düsseldorf","FLOXANT Düsseldorf | Reinigung für Büro, Praxis & Objekt","56","FLOXANT Düsseldorf für Reinigung von Büro, Praxis und Objekt.","FLOXANT Düsseldorf für Reinigung von Wohnung, Büro, Praxis, Gewerbe und Glas. Fläche, Turnus, Zugang, Termin oder vorhandenes Angebot senden.","141","https://www.floxant.de/duesseldorf","de-DE:https://www.floxant.de/duesseldorf | x-default:https://www.floxant.de/duesseldorf","PASS",""
"https://www.floxant.de/duesseldorf/bueroreinigung","de-DE","büroreinigung düsseldorf","Büroreinigung Düsseldorf","Büroreinigung Düsseldorf: Turnus & Angebot | FLOXANT","52","Büroreinigung in Düsseldorf planbar und klar anfragen","Büroreinigung in Düsseldorf für Arbeitsplätze, Küche, Sanitär und Besprechungsräume. Fläche, Turnus, Reinigungszeiten und Zugang angeben.","137","https://www.floxant.de/duesseldorf/bueroreinigung","de-DE:https://www.floxant.de/duesseldorf/bueroreinigung | x-default:https://www.floxant.de/duesseldorf/bueroreinigung","PASS",""
"https://www.floxant.de/duesseldorf/fensterreinigung","de-DE","fensterreinigung düsseldorf","Fensterreinigung Düsseldorf","Fensterreinigung Düsseldorf: Glasflächen & Angebot","50","Fensterreinigung in Düsseldorf mit Glasflächen und Zugang anfragen","Fensterreinigung in Düsseldorf anfragen: Fensterzahl, Glasflächen, Innen- oder Außenseite, Rahmen, Etage, Zugang, Turnus und Fotos angeben.","139","https://www.floxant.de/duesseldorf/fensterreinigung","de-DE:https://www.floxant.de/duesseldorf/fensterreinigung | x-default:https://www.floxant.de/duesseldorf/fensterreinigung","PASS",""
"https://www.floxant.de/duesseldorf/gewerbereinigung","de-DE","gewerbereinigung düsseldorf","Gewerbereinigung Düsseldorf","Gewerbereinigung Düsseldorf: Objekt & Turnus | FLOXANT","54","Gewerbereinigung in Düsseldorf nach Objekt und Nutzung planen","Gewerbereinigung in Düsseldorf für Laden, Studio und Objektfläche. Nutzung, Fläche, Zeitfenster, Turnus, Zugang und Leistungsumfang angeben.","140","https://www.floxant.de/duesseldorf/gewerbereinigung","de-DE:https://www.floxant.de/duesseldorf/gewerbereinigung | x-default:https://www.floxant.de/duesseldorf/gewerbereinigung","PASS",""
"https://www.floxant.de/duesseldorf/luxusreinigung","de-DE","premium","Premium-Reinigung Düsseldorf","Premium-Reinigung Düsseldorf | Anspruchsvolle Objekte | FLOXANT","63","Premium-Reinigung für anspruchsvolle Objekte in Düsseldorf","Premium-Reinigung für anspruchsvolle Objekte in Düsseldorf: Büros, Praxen, Kanzleien, Showrooms und Apartments diskret und sorgfältig abstimmen.","144","https://www.floxant.de/duesseldorf/luxusreinigung","","PASS",""
"https://www.floxant.de/duesseldorf/praxisreinigung","de-DE","praxisreinigung düsseldorf","Praxisreinigung Düsseldorf","Praxisreinigung Düsseldorf: Räume & Turnus | FLOXANT","52","Praxisreinigung in Düsseldorf mit Räumen und Zeiten anfragen","Praxisreinigung in Düsseldorf für Empfang, Wartebereich, Sanitär und Nebenräume. Raumliste, Turnus, Reinigungszeiten und Zugang angeben.","136","https://www.floxant.de/duesseldorf/praxisreinigung","de-DE:https://www.floxant.de/duesseldorf/praxisreinigung | x-default:https://www.floxant.de/duesseldorf/praxisreinigung","PASS",""
"https://www.floxant.de/duesseldorf/reinigung","de-DE","reinigung düsseldorf","Reinigung Düsseldorf","Reinigung Düsseldorf anfragen | Objekt, Fläche & Termin","55","Reinigung in Düsseldorf für Wohnung, Büro und Objekt anfragen","Reinigung in Düsseldorf für Wohnung, Büro, Praxis oder Gewerbe anfragen. Objektart, Fläche, Turnus, Termin und Fotos senden und Angebot klären.","143","https://www.floxant.de/duesseldorf/reinigung","de-DE:https://www.floxant.de/duesseldorf/reinigung | x-default:https://www.floxant.de/duesseldorf/reinigung","PASS",""
"https://www.floxant.de/einlagerung","de-DE","floxant regensburg","FLOXANT Regensburg","FLOXANT Regensburg | Umzug, Reinigung & Entrümpelung","52","Sichere Einlagerung in Bayern","Umzug, Reinigung, Entrümpelung und Übergabe in Regensburg und Regensburg: Aufwand realistisch prüfen, direkt anfragen und sauber planen.","136","https://www.floxant.de/einlagerung","de-DE:https://www.floxant.de/einlagerung | x-default:https://www.floxant.de/einlagerung","WARN","duplicate-title | duplicate-metaDescription"
"https://www.floxant.de/einsatzradar-regensburg","de-DE","floxant einsatzradar regensburg","FLOXANT Einsatzradar Regensburg","FLOXANT Einsatzradar Regensburg | Einsatzarten & Servicegebiet","62","FLOXANT Einsatzradar für Regensburg und Umgebung","Typische und anonymisierte Einsatzarten im Raum Regensburg: Umzug, Reinigung, Entrümpelung, Rückfahrt, Übergabeakte und Objektservice. Regensburg-Service nach Leistung, Objektart, Fläche, Umfang, Zeitfenster, Zugang...","218","https://www.floxant.de/einsatzradar-regensburg","de-DE:https://www.floxant.de/einsatzradar-regensburg | x-default:https://www.floxant.de/einsatzradar-regensburg","WARN","meta description long"
"https://www.floxant.de/entsorgung-kosten-rechner","de-DE","entsorgungskosten berechnen","Entsorgungskosten berechnen","Entsorgungskosten berechnen | FLOXANT","37","Was kostet Ihre Entsorgung?","Berechnen Sie sofort Ihre Entsorgungskosten...","46","https://www.floxant.de","de-DE:https://www.floxant.de | x-default:https://www.floxant.de","FAIL","meta description short | canonical not self-referencing"
"https://www.floxant.de/erinnerungskapsel","de-DE","erinnerungskapsel","Erinnerungskapsel – Momente bewahren beim Umzug","Erinnerungskapsel – Momente bewahren beim Umzug","47","Erinnerungskapsel","Die FLOXANT Erinnerungskapsel bewahrt einen Moment Ihres alten Zuhauses. Fotos, Notizen und persönliche Gegenstände in einer versiegelten Kapsel.","145","https://www.floxant.de/erinnerungskapsel","de-DE:https://www.floxant.de/erinnerungskapsel | x-default:https://www.floxant.de/erinnerungskapsel","PASS",""
"https://www.floxant.de/express-anfrage","de-DE","express","Express-Check Regensburg","Express-Check Regensburg | schnelle Anfrage starten","51","Express-Anfrage & Notfall-Service in Regensburg & Bayern","Wenig Zeit? Mit wenigen Eckdaten Machbarkeit für Umzug, Reinigung, Entrümpelung, Leerfahrt oder Transport prüfen lassen. Fotos, Termin, Umfang und Preisrahmen direkt senden und Machbarkeit prüfen lassen.","203","https://www.floxant.de/express-anfrage","de-DE:https://www.floxant.de/express-anfrage | x-default:https://www.floxant.de/express-anfrage","WARN","meta description long"
"https://www.floxant.de/fensterreinigung-regensburg","de-DE","fensterreinigung regensburg mit glas und zugang","Fensterreinigung Regensburg mit Glas und Zugang","Fensterreinigung Regensburg mit Glas und Zugang","47","Klare Fenster, saubere Glasflächen, weniger Rückfragen.","Fensterreinigung Regensburg anfragen: Anzahl, Etage, Innen- oder Außenseite, Rahmen, Zugang, Fotos, Zeitfenster und Angebot klären. Regensburg-Service nach Leistung, Objektart, Fläche, Umfang, Zeitfenster, Zugang und...","219","https://www.floxant.de/fensterreinigung-regensburg","de-DE:https://www.floxant.de/fensterreinigung-regensburg | x-default:https://www.floxant.de/fensterreinigung-regensburg","WARN","meta description long"
"https://www.floxant.de/fernumzug-muenchen","de-DE","fernumzug münchen","Fernumzug München","Fernumzug München | Strecke & Angebot anfragen","46","Fernumzug München: Strecke, Volumen und Termin sauber anfragen","Fernumzug München: Start, Ziel, Ladevolumen, Etage, Haltezone, Termin und Fotos senden. FLOXANT prüft Strecke und Zusatzleistungen. Fotos, Termin, Umfang und Preisrahmen direkt senden und Machbarkeit prüfen lassen.","214","https://www.floxant.de/fernumzug-muenchen","de-DE:https://www.floxant.de/fernumzug-muenchen | x-default:https://www.floxant.de/fernumzug-muenchen","WARN","meta description long"
"https://www.floxant.de/first-48h","de-DE","first 48h package","First 48h Package – Die ersten zwei Tage sorgenfrei","First 48h Package – Die ersten zwei Tage sorgenfrei","51","First 48h Package","Das First 48h Package von FLOXANT versorgt Sie in den ersten zwei Tagen nach dem Umzug mit allem Nötigen. Kein Kartonsuchen, kein Stress.","137","https://www.floxant.de/first-48h","de-DE:https://www.floxant.de/first-48h | x-default:https://www.floxant.de/first-48h","PASS",""
"https://www.floxant.de/floxant-fakten","de-DE","floxant fakten","FLOXANT Fakten","FLOXANT Fakten | Leistungen, Region & Preislogik","48","FLOXANT Fakten für Umzug, Reinigung und Entrümpelung","Kompakte Fakten zu FLOXANT: Umzug, Reinigung, Entrümpelung, Regensburg, Regensburg, Preisrahmen, Grenzen und kanonische Startpunkte. Fotos, Termin, Umfang und Preisrahmen direkt senden und Machbarkeit prüfen lassen.","215","https://www.floxant.de/floxant-fakten","de-DE:https://www.floxant.de/floxant-fakten | x-default:https://www.floxant.de/floxant-fakten","WARN","meta description long"
"https://www.floxant.de/gewerbereinigung","de-DE","gewerbereinigung","Gewerbereinigung","Gewerbereinigung | Büro, Praxis & Objekt anfragen","49","Gewerbliche Reinigung in Regensburg für Hotel, Praxis, Kanzlei und Büro","Gewerbereinigung für Büro, Praxis, Kanzlei, Hotel und Objekt: Fläche, Turnus, Zeitfenster, Zugang und Fotos übersichtlich senden. Fotos, Termin, Umfang und Preisrahmen direkt senden und Machbarkeit prüfen lassen.","212","https://www.floxant.de/gewerbereinigung","de-DE:https://www.floxant.de/gewerbereinigung | x-default:https://www.floxant.de/gewerbereinigung","WARN","meta description long"
"https://www.floxant.de/grundreinigung-regensburg","de-DE","grundreinigung regensburg","Grundreinigung Regensburg","Grundreinigung Regensburg | Wohnung & Objekt","44","Wenn normal putzen nicht mehr reicht.","Grundreinigung Regensburg für Wohnung, Büro, Boden, Küche, Bad und starke Verschmutzung: Zustand, Fläche, Fotos und Termin senden. Regensburg-Service nach Leistung, Objektart, Fläche, Umfang, Zeitfenster, Zugang und...","218","https://www.floxant.de/grundreinigung-regensburg","de-DE:https://www.floxant.de/grundreinigung-regensburg | en:https://www.floxant.de/en/regensburg/deep-cleaning | x-default:https://www.floxant.de/grundreinigung-regensburg","WARN","meta description long"
"https://www.floxant.de/hotelreinigung-regensburg","de-DE","hotelreinigung regensburg","Hotelreinigung Regensburg","Hotelreinigung Regensburg | Objekt & Turnus anfragen","52","Saubere Gästebereiche, klare Zeiten, bessere Abläufe.","Hotelreinigung Regensburg für Hotel, Pension, Lobby, Flure und Zimmer: Turnus, Check-out-Zeitfenster, Zugang und Fotos senden. Regensburg-Service nach Leistung, Objektart, Fläche, Umfang, Zeitfenster, Zugang und Fotos...","220","https://www.floxant.de/hotelreinigung-regensburg","de-DE:https://www.floxant.de/hotelreinigung-regensburg | x-default:https://www.floxant.de/hotelreinigung-regensburg","WARN","meta description long"
"https://www.floxant.de/human-api","de-DE","vor","Vor-Ort-Prüfung Regensburg","Vor-Ort-Prüfung Regensburg | Fotos, Kontrolle, Rückmeldung","58","Wenn niemand von Ihnen hinfahren kann, fährt FLOXANT.","FLOXANT fährt hin, prüft den Zustand, macht Fotos nach Absprache und meldet zurück. Für Firmen, Verwaltungen und Teams ohne Person vor Ort.","139","https://www.floxant.de/human-api","de-DE:https://www.floxant.de/human-api | x-default:https://www.floxant.de/human-api","PASS",""
"https://www.floxant.de/kinder-umzugsbox","de-DE","kinder","Kinder-Umzugsbox – Umzug kindgerecht begleiten","Kinder-Umzugsbox – Umzug kindgerecht begleiten","46","Kinder-Umzugsbox","Die FLOXANT Kinder-Umzugsbox macht den Umzug für Kinder zum Abenteuer. Beschäftigungsmaterial, Erklärbuch und persönliche Überraschung.","135","https://www.floxant.de/kinder-umzugsbox","de-DE:https://www.floxant.de/kinder-umzugsbox | x-default:https://www.floxant.de/kinder-umzugsbox","PASS",""
"https://www.floxant.de/klaviertransport","de-DE","klaviertransport bayern","Klaviertransport Bayern","Klaviertransport Bayern | München, Nürnberg & Regensburg","56","Klaviertransport anfragen - Instrument, Treppe und Zugang beschreiben","Klaviertransport in Regensburg prüfen: Regensburg, Regensburg, Regensburg oder Bayreuth nach Route, Etage, Treppenhaus, Fotos und Termin.","137","https://www.floxant.de/klaviertransport","de-DE:https://www.floxant.de/klaviertransport | x-default:https://www.floxant.de/klaviertransport","PASS",""
"https://www.floxant.de/kleinmengen-entsorgung","de-DE","container alternative","Container Alternative","Container Alternative | Kleinmengen & Grünschnitt prüfen","56","Kleinmengen-Entsorgung in Regensburg & Bayern","Kleinmengen, Möbel, Küche, Restmengen oder Grünschnitt nach Fotos prüfen: Ort, Material, Zugang, Menge und Entsorgungsweg klären. Fotos, Termin, Umfang und Preisrahmen direkt senden und Machbarkeit prüfen lassen.","212","https://www.floxant.de/kleinmengen-entsorgung","de-DE:https://www.floxant.de/kleinmengen-entsorgung | x-default:https://www.floxant.de/kleinmengen-entsorgung","WARN","meta description long"
"https://www.floxant.de/kleintransport-regensburg","de-DE","transport regensburg ? möbel, kleintransport & rückfahrt","Transport Regensburg ? Möbel, Kleintransport & Rückfahrt","Transport Regensburg ? Möbel, Kleintransport & Rückfahrt","56","Transport Regensburg für Möbel, Kleintransport und Rückfahrt","Transport in Regensburg für Möbel und Einzelstücke. Route, Zugang, Fotos und Leerfahrt/Rückfahrt nach Verfügbarkeit prüfen. Regensburg-Service nach Leistung, Objektart, Fläche, Umfang, Zeitfenster, Zugang und Fotos...","217","https://www.floxant.de/kleintransport-regensburg","de-DE:https://www.floxant.de/kleintransport-regensburg | x-default:https://www.floxant.de/kleintransport-regensburg","WARN","meta description long"
"https://www.floxant.de/lager-rotation","de-DE","lager","Lager-Rotation – Flexibles Zwischenlager für Ihren Umzug","Lager-Rotation – Flexibles Zwischenlager für Ihren Umzug","56","Lager-Rotation","FLOXANT Lager-Rotation bietet sichere Zwischenlagerung mit flexiblem Zugriff. Ideal für gestaffelte Umzüge und Renovierungen. Fotos, Termin, Umfang und Preisrahmen direkt senden und Machbarkeit prüfen lassen.","208","https://www.floxant.de/lager-rotation","de-DE:https://www.floxant.de/lager-rotation | x-default:https://www.floxant.de/lager-rotation","WARN","meta description long"
"https://www.floxant.de/leerstandsmanagement","de-DE","leerstandsmanagement regensburg","Leerstandsmanagement Regensburg","Leerstandsmanagement Regensburg | Kontrolle & Bericht","53","Auch wenn niemand dort wohnt, bleibt Ihre Immobilie nicht unbeobachtet.","Leerstandsmanagement von FLOXANT: Kontrollen, Lüften, Fotos, Zustandsberichte und Objektbetreuung für leerstehende Wohnungen in Regensburg, Oberpfalz und Bayern.","161","https://www.floxant.de/leerstandsmanagement","de-DE:https://www.floxant.de/leerstandsmanagement | x-default:https://www.floxant.de/leerstandsmanagement","PASS",""
"https://www.floxant.de/leistungsfinder","de-DE","leistungsfinder","Leistungsfinder: Reinigung, Umzug oder Räumung","Leistungsfinder: Reinigung, Umzug oder Räumung | FLOXANT","56","Die passende FLOXANT-Leistung nach Region und Aufgabe finden","Ordnen Sie Ihr Anliegen clientseitig ein: Reinigung in Düsseldorf oder Reinigung, Umzug und Räumung in Regensburg – mit passenden Angaben und nächstem Schritt.","159","https://www.floxant.de/leistungsfinder","de-DE:https://www.floxant.de/leistungsfinder | en:https://www.floxant.de/en/service-finder | x-default:https://www.floxant.de/leistungsfinder","PASS",""
"https://www.floxant.de/malerarbeiten","de-DE","floxant regensburg","FLOXANT Regensburg","FLOXANT Regensburg | Umzug, Reinigung & Entrümpelung","52","Professionelle Malerarbeiten in Bayern","Umzug, Reinigung, Entrümpelung und Übergabe in Regensburg und Regensburg: Aufwand realistisch prüfen, direkt anfragen und sauber planen.","136","https://www.floxant.de/malerarbeiten","de-DE:https://www.floxant.de/malerarbeiten | x-default:https://www.floxant.de/malerarbeiten","WARN","duplicate-title | duplicate-metaDescription"
"https://www.floxant.de/moebel-optimierung","de-DE","möbel","Möbel-Optimierung – Raumplanung nach dem Umzug","Möbel-Optimierung – Raumplanung nach dem Umzug","46","Möbel-Optimierung","Die FLOXANT Möbel-Optimierung hilft Ihnen, Ihre Einrichtung perfekt im neuen Raum zu platzieren. Professionelle Raumplanung inklusive. Fotos, Termin, Umfang und Preisrahmen direkt senden und Machbarkeit prüfen lassen.","217","https://www.floxant.de/moebel-optimierung","de-DE:https://www.floxant.de/moebel-optimierung | x-default:https://www.floxant.de/moebel-optimierung","WARN","meta description long"
"https://www.floxant.de/new-neighbour-kit","de-DE","new neighbour kit","New Neighbour Kit – Professionelle Nachbarschaftsintroduktion","New Neighbour Kit – Professionelle Nachbarschaftsintroduktion","61","New Neighbour Kit","Das New Neighbour Kit von FLOXANT erleichtert Ihnen das Ankommen in der neuen Nachbarschaft. Diskret, charmant und durchdacht. Fotos, Termin, Umfang und Preisrahmen direkt senden und Machbarkeit prüfen lassen.","209","https://www.floxant.de/new-neighbour-kit","de-DE:https://www.floxant.de/new-neighbour-kit | x-default:https://www.floxant.de/new-neighbour-kit","WARN","meta description long"
"https://www.floxant.de/objekt-springer","de-DE","objektvertretung regensburg","Objektvertretung Regensburg","Objektvertretung Regensburg | Hilfe bei Ausfall & Übergabe","58","Wenn im Objekt plötzlich jemand fehlt, prüft FLOXANT den nächsten Schritt.","Objektvertretung von FLOXANT: kurzfristige Hilfe, wenn im Objekt jemand ausfällt, ein Schlüssel fehlt oder vor Ort schnell etwas erledigt werden muss.","150","https://www.floxant.de/objekt-springer","de-DE:https://www.floxant.de/objekt-springer | x-default:https://www.floxant.de/objekt-springer","PASS",""
"https://www.floxant.de/objektbrief","de-DE","anfragebrief für reinigung, umzug oder räumung","Anfragebrief für Reinigung, Umzug oder Räumung","Anfragebrief für Reinigung, Umzug oder Räumung | FLOXANT","56","Leistung, Ort und Umfang für eine klare Anfrage vorbereiten","Erstellen Sie clientseitig einen strukturierten Anfragebrief für Reinigung in Düsseldorf oder Reinigung, Umzug und Räumung in Regensburg – ohne Preisberechnung.","160","https://www.floxant.de/objektbrief","de-DE:https://www.floxant.de/objektbrief | en:https://www.floxant.de/en/create-request | x-default:https://www.floxant.de/objektbrief","PASS",""
"https://www.floxant.de/plan-b-service","de-DE","plan","Plan-B-Service für Umzug, Reinigung & Übergabe","Plan-B-Service für Umzug, Reinigung & Übergabe | FLOXANT","56","FLOXANT Plan-B-Service fuer Umzug, Reinigung und Uebergabe","Ablauf unsicher? FLOXANT prüft nach Verfügbarkeit einen Ersatz- oder Ergänzungsplan für Umzug, Reinigung, Räumung, Entsorgung und Übergabe.","139","https://www.floxant.de/plan-b-service","de-DE:https://www.floxant.de/plan-b-service | x-default:https://www.floxant.de/plan-b-service","PASS",""
"https://www.floxant.de/plattform-auftrag-pruefen","de-DE","plattform","Plattform-Auftrag prüfen lassen","Plattform-Auftrag prüfen lassen | FLOXANT","41","Plattform-Auftrag prüfen lassen","Bereits über Plattform oder Anbieter angefragt? FLOXANT prüft Umfang, Preis, Termin, Fotos und offene Punkte organisatorisch vor der Zusage.","140","https://www.floxant.de/plattform-auftrag-pruefen","de-DE:https://www.floxant.de/plattform-auftrag-pruefen | x-default:https://www.floxant.de/plattform-auftrag-pruefen","PASS",""
"https://www.floxant.de/praxisreinigung-regensburg","de-DE","praxisreinigung regensburg","Praxisreinigung Regensburg","Praxisreinigung Regensburg | Praxis & Angebot","45","Saubere Praxisflächen, klare Zeiten, ruhiger Ablauf.","Praxisreinigung Regensburg: Empfang, Wartebereich, Sanitär, Büroflächen, Turnus, Zeitfenster und Fotos für ein Angebot senden. Regensburg-Service nach Leistung, Objektart, Fläche, Umfang, Zeitfenster, Zugang und Fotos...","220","https://www.floxant.de/praxisreinigung-regensburg","de-DE:https://www.floxant.de/praxisreinigung-regensburg | x-default:https://www.floxant.de/praxisreinigung-regensburg","WARN","meta description long"
"https://www.floxant.de/property-operations","de-DE","immobilienbetreuung regensburg","Immobilienbetreuung Regensburg","Immobilienbetreuung Regensburg | Schlüssel, Übergabe, Kontrolle","63","Schlüssel, Übergabe, Reinigung und Kontrolle aus einer Hand.","Immobilienbetreuung von FLOXANT: Schlüssel, Übergaben, Leerstandskontrolle, Reinigung, Fotos und kurzfristige Aufgaben vor Ort. Fotos, Termin, Umfang und Preisrahmen direkt senden und Machbarkeit prüfen lassen.","210","https://www.floxant.de/property-operations","de-DE:https://www.floxant.de/property-operations | x-default:https://www.floxant.de/property-operations","WARN","meta description long"
"https://www.floxant.de/rechner","de-DE","floxant kostenrechner","FLOXANT Kostenrechner","FLOXANT Kostenrechner | Preisrahmen prüfen","42","Preisrahmen für Regensburg und Bayern sauber einschätzen","Preisrahmen für Umzug, Reinigung, Entrümpelung, Entsorgung oder Büroumzug einschätzen: Service wählen, Ort, Zugang, Fotos und Budget senden.","140","https://www.floxant.de/rechner","de-DE:https://www.floxant.de/rechner | x-default:https://www.floxant.de/rechner","PASS",""
"https://www.floxant.de/regensburg","de-DE","floxant regensburg","FLOXANT Regensburg: Umzug, Reinigung und Räumung anfragen","FLOXANT Regensburg: Umzug, Reinigung und Räumung anfragen","57","Umzug, Reinigung, Räumung und Übergabe in Regensburg anfragen","Regensburg-Anfrage für Umzug, Reinigung, Entrümpelung oder Übergabe: Start, Ziel, Objekt, Umfang, Fotos und Terminwunsch senden.","128","https://www.floxant.de/regensburg","","PASS",""
"https://www.floxant.de/regensburg/besenreine-uebergabe","de-DE","besenreine übergabe regensburg","Besenreine Übergabe Regensburg","Besenreine Übergabe Regensburg | Wohnung vorbereiten | FLOXANT","62","Besenreine Übergabe in Regensburg vorbereiten","Besenreine Übergabe in Regensburg vorbereiten: Restmengen, Reinigung, Fotos und Termin unverbindlich prüfen lassen.","115","https://www.floxant.de/regensburg/besenreine-uebergabe","","PASS",""
"https://www.floxant.de/regensburg/endreinigung","de-DE","endreinigung regensburg","Endreinigung Regensburg","Endreinigung Regensburg | Übergabe & Auszug vorbereiten","55","Endreinigung vor Übergabe in Regensburg - Wohnung, Zustand und Frist klären","Endreinigung in Regensburg vor Übergabe, nach Auszug oder Entrümpelung: Fotos, Fläche, Zustand, Frist und Restmengen prüfen lassen.","131","https://www.floxant.de/regensburg/endreinigung","","PASS",""
"https://www.floxant.de/regensburg/entruempelung","de-DE","entrümpelung regensburg","Entrümpelung Regensburg","Entrümpelung Regensburg | Wohnung, Keller, Nachlass","51","Entrümpelung Regensburg für Wohnung, Keller, Garage und Nachlass","Entrümpelung in Regensburg mit klarer Abstimmung zu Räumen, Menge, Zugang und Termin. Anfrage mit Fotos oder Objektangaben senden.","130","https://www.floxant.de/regensburg/entruempelung","de-DE:https://www.floxant.de/regensburg/entruempelung | x-default:https://www.floxant.de/regensburg/entruempelung","PASS",""
"https://www.floxant.de/regensburg/gewerbereinigung","de-DE","gewerbereinigung regensburg mit konkreten eckdaten anfragen","Gewerbereinigung Regensburg mit konkreten Eckdaten anfragen","Gewerbereinigung Regensburg mit konkreten Eckdaten anfragen","59","Gewerbereinigung Regensburg mit konkreten Eckdaten anfragen","Gewerbereinigung Regensburg für Firmen: Objektart, Fläche, Turnus, Reinigungszeiten, Leistungsumfang und Angebot einordnen.","123","https://www.floxant.de/regensburg/gewerbereinigung","de-DE:https://www.floxant.de/regensburg/gewerbereinigung | x-default:https://www.floxant.de/regensburg/gewerbereinigung","PASS",""
"https://www.floxant.de/regensburg/haushaltsaufloesung","de-DE","haushaltsauflösung regensburg","Haushaltsauflösung Regensburg","Haushaltsauflösung Regensburg | Nachlass ruhig klären","53","Haushaltsauflösung in Regensburg ruhig klären","Haushaltsauflösung in Regensburg für Wohnung, Haus oder Nachlass: Fotos, Freigabe, Zugang, Räumung und Reinigung ruhig prüfen, Termin klären lassen.","148","https://www.floxant.de/regensburg/haushaltsaufloesung","de-DE:https://www.floxant.de/regensburg/haushaltsaufloesung | x-default:https://www.floxant.de/regensburg/haushaltsaufloesung","PASS",""
"https://www.floxant.de/regensburg/uebergabereinigung","de-DE","übergabereinigung regensburg","Übergabereinigung Regensburg","Übergabereinigung Regensburg | Fotos senden & klären","52","Übergabereinigung in Regensburg vor Rückgabe oder Nachnutzung","Übergabereinigung in Regensburg für Auszug, Vermietertermin oder Nachnutzung. Fotos, Fläche, Zustand und Termin prüfen lassen.","126","https://www.floxant.de/regensburg/uebergabereinigung","","PASS",""
"https://www.floxant.de/regensburg/umzug","de-DE","umzug regensburg anfragen","Umzug Regensburg anfragen - Start, Ziel und Termin klären","Umzug Regensburg anfragen - Start, Ziel und Termin klären","57","Umzug in Regensburg klar anfragen - mit Start, Ziel und Terminwunsch","Umzug in Regensburg geplant? Start, Ziel, Etage, Umfang und Termin beschreiben. FLOXANT prüft Anfrage oder Umzugsangebot anhand der genannten Eckdaten.","151","https://www.floxant.de/regensburg/umzug","de-DE:https://www.floxant.de/regensburg/umzug | x-default:https://www.floxant.de/regensburg/umzug","PASS",""
"https://www.floxant.de/regensburg/umzug-reinigung","de-DE","umzug mit reinigung regensburg","Umzug mit Reinigung Regensburg","Umzug mit Reinigung Regensburg | Ablauf gemeinsam klären | FLOXANT","66","Umzug mit Reinigung in Regensburg koordinieren","Umzug mit Reinigung in Regensburg: FLOXANT prüft Umzug, Restmengen, Endreinigung und Übergabe als abgestimmten Ablauf.","118","https://www.floxant.de/regensburg/umzug-reinigung","","PASS",""
"https://www.floxant.de/reinigungsfirma-angebot","de-DE","angebot reinigungsfirma","Reinigungsangebot anfragen","Reinigungsfirma-Angebot: 7 Angaben vor der Anfrage","50","7 Angaben für ein nachvollziehbares Reinigungsangebot","Reinigungsangebot mit 7 konkreten Angaben vorbereiten: Ort, Objekt, Fläche, Leistung, Turnus, Zugang und Termin. Fotos können die Prüfung ergänzen.","147","https://www.floxant.de/reinigungsfirma-angebot","de-DE:https://www.floxant.de/reinigungsfirma-angebot | x-default:https://www.floxant.de/reinigungsfirma-angebot","PASS",""
"https://www.floxant.de/reinigungsgarantie","de-DE","reinigung für die wohnungsübergabe","Reinigung für die Wohnungsübergabe","Reinigung für die Wohnungsübergabe | FLOXANT","44","Reinigung für die Übergabe","Reinigung für eine Wohnungsübergabe anfragen. FLOXANT prüft Fläche, Zustand, Leistungsumfang, Fotos und Termin vorab. Fotos, Termin, Umfang und Preisrahmen direkt senden und Machbarkeit prüfen lassen.","200","https://www.floxant.de/reinigungsgarantie","de-DE:https://www.floxant.de/reinigungsgarantie | x-default:https://www.floxant.de/reinigungsgarantie","WARN","meta description long"
"https://www.floxant.de/ritual-exit-box","de-DE","ritual exit box","Ritual Exit Box – Bewusster Abschied vom alten Zuhause","Ritual Exit Box – Bewusster Abschied vom alten Zuhause","54","Ritual Exit Box","Die Ritual Exit Box von FLOXANT begleitet Sie bei einem bewussten Abschied. Ein persönliches Ritual für den Übergang in ein neues Kapitel.","138","https://www.floxant.de/ritual-exit-box","de-DE:https://www.floxant.de/ritual-exit-box | x-default:https://www.floxant.de/ritual-exit-box","PASS",""
"https://www.floxant.de/schluesseluebergabe","de-DE","schlüsselübergabeprotokoll reinigungsfirma","Schlüsselübergabeprotokoll Reinigungsfirma","Schlüsselübergabeprotokoll Reinigungsfirma | FLOXANT","52","Schluesseluebergabe mit Uebergabeprotokoll","Schlüsselübergabeprotokoll mit Reinigungsfirma vorbereiten: Fotos, Reinigung, Übergabepunkte, Termin und Rückmeldung sauber abstimmen. Fotos, Termin, Umfang und Preisrahmen direkt senden und Machbarkeit prüfen lassen.","217","https://www.floxant.de/schluesseluebergabe","de-DE:https://www.floxant.de/schluesseluebergabe | x-default:https://www.floxant.de/schluesseluebergabe","WARN","meta description long"
"https://www.floxant.de/seniorenumzug","de-DE","floxant regensburg","FLOXANT Regensburg","FLOXANT Regensburg | Umzug, Reinigung & Entrümpelung","52","Seniorenumzug in Bayern","Umzug, Reinigung, Entrümpelung und Übergabe in Regensburg und Regensburg: Aufwand realistisch prüfen, direkt anfragen und sauber planen.","136","https://www.floxant.de/seniorenumzug-bayern","de-DE:https://www.floxant.de/seniorenumzug-bayern | x-default:https://www.floxant.de/seniorenumzug-bayern","FAIL","canonical not self-referencing | duplicate-title | duplicate-metaDescription"
"https://www.floxant.de/teppichreinigung-regensburg","de-DE","teppichreinigung regensburg","Teppichreinigung Regensburg","Teppichreinigung Regensburg | Polster & Sofa","44","Teppich, Sofa und Polster richtig prüfen lassen.","Teppichreinigung und Polsterreinigung Regensburg: Teppichboden, Sofa, Bürostühle, Flecken, Material, Fotos und Zeitfenster senden. Regensburg-Service nach Leistung, Objektart, Fläche, Umfang, Zeitfenster, Zugang und...","218","https://www.floxant.de/teppichreinigung-regensburg","de-DE:https://www.floxant.de/teppichreinigung-regensburg | x-default:https://www.floxant.de/teppichreinigung-regensburg","WARN","meta description long"
"https://www.floxant.de/treppenhausreinigung-regensburg","de-DE","treppenhausreinigung regensburg","Treppenhausreinigung Regensburg","Treppenhausreinigung Regensburg | Hausverwaltung","48","Saubere Eingänge, klare Turnusse, weniger Rückfragen.","Treppenhausreinigung Regensburg für Hausverwaltung, WEG und Mietshaus: Etagen, Turnus, Zugang, Eingänge und Fotos senden. Regensburg-Service nach Leistung, Objektart, Fläche, Umfang, Zeitfenster, Zugang und Fotos...","215","https://www.floxant.de/treppenhausreinigung-regensburg","de-DE:https://www.floxant.de/treppenhausreinigung-regensburg | en:https://www.floxant.de/en/regensburg/stairwell-cleaning | x-default:https://www.floxant.de/treppenhausreinigung-regensburg","WARN","meta description long"
"https://www.floxant.de/unterhaltsreinigung-regensburg","de-DE","unterhaltsreinigung regensburg","Unterhaltsreinigung Regensburg","Unterhaltsreinigung Regensburg | Büro & Objekt","46","Büro, Praxis und Objekt regelmäßig sauber halten.","Angebot Unterhaltsreinigung in Regensburg prüfen: Büro, Praxis, Kanzlei, Treppenhaus, Turnus, Fläche, Fotos und Reinigungsplan senden. Regensburg-Service nach Leistung, Objektart, Fläche, Umfang, Zeitfenster, Zugang...","218","https://www.floxant.de/unterhaltsreinigung-regensburg","de-DE:https://www.floxant.de/unterhaltsreinigung-regensburg | x-default:https://www.floxant.de/unterhaltsreinigung-regensburg","WARN","meta description long"
"https://www.floxant.de/urlaubsretter","de-DE","urlaubsretter regensburg","Urlaubsretter Regensburg","Urlaubsretter Regensburg | Schlüssel, Check & Übergabe","54","Sie fahren weg. FLOXANT kümmert sich um das, was liegen bleibt.","Urlaubsretter von FLOXANT: Hilfe vor der Reise für Wohnungscheck, Schlüsselübergabe, letzte Erledigungen, Reinigung und Übergaben in Regensburg, Oberpfalz und Regensburg.","170","https://www.floxant.de/urlaubsretter","de-DE:https://www.floxant.de/urlaubsretter | x-default:https://www.floxant.de/urlaubsretter","PASS",""
"https://www.floxant.de/vielleicht-box","de-DE","die vielleicht","Die Vielleicht-Box – Entscheidungshilfe beim Umzug","Die Vielleicht-Box – Entscheidungshilfe beim Umzug","50","Die Vielleicht-Box","Die FLOXANT Vielleicht-Box gibt Ihnen Zeit für unklare Entscheidungen. Behalten oder weggeben? Entscheiden Sie später. Fotos, Termin, Umfang und Preisrahmen direkt senden und Machbarkeit prüfen lassen.","201","https://www.floxant.de/vielleicht-box","de-DE:https://www.floxant.de/vielleicht-box | x-default:https://www.floxant.de/vielleicht-box","WARN","meta description long"
